param,side,entry_time,exit_time,entry_price,exit_price,range_pct,exit_reason,price_pnl,pnl,swap,net,year,date
h00_r30_t1,1,1704156400000000000,1704157505000000000,2065.121,2067.884,0.13389783977666828,tp,2.76299999999992,5.38599999999984,0.0,5.38599999999984,2024,2024-01-02
h01_r60_t3,-1,1704161225000000000,1704165355000000000,2064.968,2069.9995,0.24345315915735408,sl,-5.031500000000051,-10.203000000000102,0.0,-10.203000000000102,2024,2024-01-02
h02_r15_t3,1,1704162400000000000,1704176495000000000,2066.942,2075.5369999999994,0.1387548291765703,tp,8.594999999999345,17.04999999999869,0.0,17.04999999999869,2024,2024-01-02
h04_r30_t3,-1,1704171365000000000,1704172365000000000,2069.0164999999997,2070.852,0.08869191386327037,sl,-1.8355000000001382,-3.8110000000002766,0.0,-3.8110000000002766,2024,2024-01-02
h05_r60_t2,1,1704175200000000000,1704195635000000000,2074.987,2069.5545,0.26187089824971377,sl,-5.432499999999891,-11.004999999999782,0.0,-11.004999999999782,2024,2024-01-02
h06_r60_t3,-1,1704182835000000000,1704188120000000000,2073.0215,2076.839,0.18403537142966483,sl,-3.817500000000109,-7.775000000000218,0.0,-7.775000000000218,2024,2024-01-02
h13_r30_t3,1,1704202280000000000,1704203540000000000,2068.8355,2064.9004999999997,0.19035640427154932,sl,-3.9350000000004,-8.010000000000801,0.0,-8.010000000000801,2024,2024-01-02
h14_r15_t2,-1,1704205280000000000,1704205585000000000,2064.9375,2067.364,0.11748508801214082,sl,-2.4265000000000327,-4.993000000000065,0.0,-4.993000000000065,2024,2024-01-02
h00_r30_t1,1,1704244440000000000,1704249740000000000,2062.2219999999998,2065.1169999999993,0.14038711929993272,tp,2.894999999999527,5.6499999999990544,0.0,5.6499999999990544,2024,2024-01-03
h01_r60_t3,1,1704247465000000000,1704270485000000000,2062.6549999999997,2059.543,0.1508864213614651,sl,-3.1119999999996253,-6.36399999999925,0.0,-6.36399999999925,2024,2024-01-03
h02_r15_t3,1,1704248100000000000,1704266135000000000,2064.113,2061.6965,0.1157413295137301,sl,-2.4164999999998145,-4.972999999999629,0.0,-4.972999999999629,2024,2024-01-03
h05_r60_t2,-1,1704262875000000000,1704273225000000000,2063.5525,2058.4924999999994,0.12256792891448658,tp,5.0600000000004,9.9800000000008,0.0,9.9800000000008,2024,2024-01-03
h06_r60_t3,-1,1704265395000000000,1704274295000000000,2063.468,2057.5355,0.09579054446812457,tp,5.932499999999891,11.724999999999781,0.0,11.724999999999781,2024,2024-01-03
h13_r30_t3,-1,1704289530000000000,1704294240000000000,2041.48,2048.0785,0.32300905316273554,sl,-6.598500000000058,-13.337000000000117,0.0,-13.337000000000117,2024,2024-01-03
h14_r15_t2,-1,1704291430000000000,1704294005000000000,2036.466,2042.394,0.29095692335631723,sl,-5.928000000000111,-11.996000000000222,0.0,-11.996000000000222,2024,2024-01-03
h00_r30_t1,-1,1704328910000000000,1704331140000000000,2042.224,2043.2875,0.05024396344353681,sl,-1.0634999999999764,-2.266999999999953,0.0,-2.266999999999953,2024,2024-01-04
h01_r60_t3,1,1704333685000000000,1704375600000000000,2043.387,2040.1444999999999,0.15876730955390247,sl,-3.2425000000000637,-6.625000000000127,0.0,-6.625000000000127,2024,2024-01-04
h02_r15_t3,1,1704334600000000000,1704360925000000000,2044.1955,2049.8595000000005,0.09236878727561967,tp,5.664000000000442,11.188000000000883,0.0,11.188000000000883,2024,2024-01-04
h04_r30_t3,-1,1704344480000000000,1704348220000000000,2042.4679999999998,2044.7820000000002,0.1132487312129118,sl,-2.3140000000003056,-4.768000000000611,0.0,-4.768000000000611,2024,2024-01-04
h05_r60_t2,1,1704348055000000000,1704349570000000000,2044.374,2048.299,0.09601863911375474,tp,3.9249999999999545,7.709999999999909,0.0,7.709999999999909,2024,2024-01-04
h06_r60_t3,1,1704353330000000000,1704370055000000000,2048.69,2043.671,0.24515173251059286,sl,-5.0190000000000055,-10.178000000000011,0.0,-10.178000000000011,2024,2024-01-04
h13_r30_t3,-1,1704375000000000000,1704382200000000000,2042.518,2047.3055,0.23410156951960445,sl,-4.787499999999909,-9.714999999999819,0.0,-9.714999999999819,2024,2024-01-04
h14_r15_t2,1,1704377710000000000,1704379565000000000,2040.6934999999999,2037.411,0.16087184946020572,sl,-3.2824999999998,-6.7049999999995995,0.0,-6.7049999999995995,2024,2024-01-04
h01_r60_t3,-1,1704431210000000000,1704461405000000000,2044.095,2031.2924999999996,0.20855345272642548,tp,12.802500000000464,25.465000000000927,0.0,25.465000000000927,2024,2024-01-05
h02_r15_t3,1,1704421410000000000,1704424200000000000,2047.5035,2045.74,0.08616458633058921,sl,-1.7635000000000218,-3.667000000000044,0.0,-3.667000000000044,2024,2024-01-05
h04_r30_t3,-1,1704430800000000000,1704439110000000000,2044.5375,2046.4765,0.0947632665518696,sl,-1.9390000000000782,-4.018000000000156,0.0,-4.018000000000156,2024,2024-01-05
h05_r60_t2,-1,1704435840000000000,1704438820000000000,2043.1970000000001,2045.35,0.10530421693743705,sl,-2.1529999999997926,-4.445999999999585,0.0,-4.445999999999585,2024,2024-01-05
h06_r60_t3,1,1704438815000000000,1704448260000000000,2045.1599999999999,2040.9485,0.20619132096837642,sl,-4.211499999999887,-8.562999999999775,0.0,-8.562999999999775,2024,2024-01-05
h13_r30_t3,-1,1704461400000000000,1704461405000000000,2039.344,2031.9429999999998,0.12096674346200242,tp,7.401000000000295,14.662000000000589,0.0,14.662000000000589,2024,2024-01-05
h14_r15_t2,1,1704464855000000000,1704467415000000000,2046.324,2061.351,0.36833635847777946,tp,15.027000000000044,29.914000000000087,0.0,29.914000000000087,2024,2024-01-05
h00_r30_t1,1,1704674005000000000,1704678100000000000,2046.067,2043.807,0.10963350004826405,sl,-2.259999999999991,-4.6599999999999815,0.0,-4.6599999999999815,2024,2024-01-08
h01_r60_t3,-1,1704679285000000000,1704692075000000000,2042.8905,2031.4919999999997,0.18589934280827536,tp,11.39850000000024,22.65700000000048,0.0,22.65700000000048,2024,2024-01-08
h02_r15_t3,-1,1704682445000000000,1704685990000000000,2041.7635,2035.3375000000005,0.10484337735661188,tp,6.425999999999476,12.711999999998952,0.0,12.711999999998952,2024,2024-01-08
h04_r30_t3,-1,1704689905000000000,1704692265000000000,2035.6925,2029.8410000000003,0.09575304207978848,tp,5.85149999999976,11.56299999999952,0.0,11.56299999999952,2024,2024-01-08
h05_r60_t2,-1,1704705580000000000,1704729660000000000,2027.0435,2036.1905000000002,0.45041906404721554,sl,-9.147000000000162,-18.434000000000324,0.0,-18.434000000000324,2024,2024-01-08
h06_r60_t3,-1,1704698485000000000,1704712710000000000,2030.421,2021.6100000000004,0.1444654887589125,tp,8.810999999999694,17.48199999999939,0.0,17.48199999999939,2024,2024-01-08
h13_r30_t3,-1,1704721045000000000,1704725865000000000,2020.4325,2025.549,0.2530227727913403,sl,-5.116500000000087,-10.373000000000175,0.0,-10.373000000000175,2024,2024-01-08
h14_r15_t2,-1,1704723600000000000,1704724485000000000,2018.9434999999999,2021.9715,0.14985106447209653,sl,-3.0280000000002474,-6.1960000000004944,0.0,-6.1960000000004944,2024,2024-01-08
h00_r30_t1,1,1704761655000000000,1704778920000000000,2035.016,2030.7115,0.21092275015732986,sl,-4.304500000000189,-8.749000000000379,0.0,-8.749000000000379,2024,2024-01-09
h01_r60_t3,1,1704767070000000000,1704778880000000000,2035.7035,2031.2385,0.21970586968957728,sl,-4.4650000000001455,-9.070000000000292,0.0,-9.070000000000292,2024,2024-01-09
h02_r15_t3,1,1704766535000000000,1704778030000000000,2035.366,2032.1689999999999,0.1571008914996534,sl,-3.1970000000001164,-6.5340000000002325,0.0,-6.5340000000002325,2024,2024-01-09
h04_r30_t3,-1,1704774600000000000,1704782570000000000,2032.9455,2035.0735,0.10467302591370274,sl,-2.127999999999929,-4.395999999999858,0.0,-4.395999999999858,2024,2024-01-09
h05_r60_t2,1,1704782435000000000,1704807490000000000,2033.6095,2040.0445,0.1582734980804252,tp,6.434999999999945,12.72999999999989,0.0,12.72999999999989,2024,2024-01-09
h06_r60_t3,1,1704784195000000000,1704815815000000000,2035.2065,2031.2694999999999,0.19363226738860922,sl,-3.9370000000001255,-8.014000000000252,0.0,-8.014000000000252,2024,2024-01-09
h13_r30_t3,1,1704807400000000000,1704815725000000000,2036.5230000000001,2031.733,0.23558753884551734,sl,-4.790000000000191,-9.720000000000383,0.0,-9.720000000000383,2024,2024-01-09
h14_r15_t2,-1,1704809880000000000,1704815705000000000,2037.4335,2031.9515000000001,0.13440194566552427,tp,5.481999999999971,10.823999999999941,0.0,10.823999999999941,2024,2024-01-09
h00_r30_t1,-1,1704847490000000000,1704848920000000000,2030.1985,2029.1574999999998,0.05125811340599909,tp,1.0410000000001673,1.9420000000003346,0.0,1.9420000000003346,2024,2024-01-10
h01_r60_t3,1,1704853230000000000,1704865395000000000,2032.5625,2027.3425,0.2569082227364775,sl,-5.220000000000027,-10.580000000000055,0.0,-10.580000000000055,2024,2024-01-10
h02_r15_t3,1,1704853100000000000,1704854430000000000,2032.1934999999999,2030.9615,0.06065136712956677,sl,-1.231999999999971,-2.603999999999942,0.0,-2.603999999999942,2024,2024-01-10
h04_r30_t3,1,1704861160000000000,1704863965000000000,2029.8785,2028.4455,0.07060788063769768,sl,-1.4329999999999927,-3.0059999999999856,0.0,-3.0059999999999856,2024,2024-01-10
h05_r60_t2,-1,1704866875000000000,1704872340000000000,2025.4650000000001,2030.291,0.23811843999362492,sl,-4.8259999999997945,-9.79199999999959,0.0,-9.79199999999959,2024,2024-01-10
h06_r60_t3,1,1704871040000000000,1704881040000000000,2027.138,2036.9779999999998,0.16200570971342637,tp,9.839999999999918,19.539999999999836,0.0,19.539999999999836,2024,2024-01-10
h13_r30_t3,-1,1704895005000000000,1704923580000000000,2030.2745,2024.059,0.1878745619909775,forced_close,6.21550000000002,12.29100000000004,0.0,12.29100000000004,2024,2024-01-10
h14_r15_t2,-1,1704896195000000000,1704897065000000000,2028.8029999999999,2031.4344999999998,0.1296421330281481,sl,-2.63149999999996,-5.40299999999992,0.0,-5.40299999999992,2024,2024-01-10
h00_r30_t1,1,1704933790000000000,1704937965000000000,2027.9389999999999,2029.2904999999996,0.06666551570202316,tp,1.35149999999976,2.5629999999995197,0.0,2.5629999999995197,2024,2024-01-11
h01_r60_t3,1,1704939230000000000,1704979800000000000,2030.451,2040.4110000000005,0.16356972196350492,tp,9.960000000000491,19.78000000000098,0.0,19.78000000000098,2024,2024-01-11
h02_r15_t3,1,1704939300000000000,1704942805000000000,2030.6505,2028.9605000000001,0.08322870237833783,sl,-1.6899999999998272,-3.5199999999996545,0.0,-3.5199999999996545,2024,2024-01-11
h04_r30_t3,1,1704947935000000000,1704963555000000000,2032.179,2030.88,0.06393706112486298,sl,-1.2989999999999782,-2.7379999999999565,0.0,-2.7379999999999565,2024,2024-01-11
h05_r60_t2,1,1704953580000000000,1704963295000000000,2034.69,2031.1705,0.17311573397972918,sl,-3.5195000000001073,-7.179000000000214,0.0,-7.179000000000214,2024,2024-01-11
h06_r60_t3,1,1704957500000000000,1704960350000000000,2035.1495,2032.23,0.14353201336649415,sl,-2.919499999999971,-5.9789999999999415,0.0,-5.9789999999999415,2024,2024-01-11
h13_r30_t3,1,1704979800000000000,1704979805000000000,2039.6625,2032.1795,0.3672085646993445,sl,-7.482999999999947,-15.105999999999895,0.0,-15.105999999999895,2024,2024-01-11
h14_r15_t2,1,1704982535000000000,1704989720000000000,2030.8835,2024.9485,0.29231110964449086,sl,-5.934999999999945,-12.009999999999891,0.0,-12.009999999999891,2024,2024-01-11
h00_r30_t1,-1,1705019405000000000,1705029285000000000,2031.1635,2035.4805000000001,0.2125207037846854,sl,-4.317000000000007,-8.774000000000015,0.0,-8.774000000000015,2024,2024-01-12
h01_r60_t3,1,1705024935000000000,1705061010000000000,2034.8195,2048.9495,0.23156604032395825,tp,14.13000000000011,28.120000000000218,0.0,28.120000000000218,2024,2024-01-12
h02_r15_t3,-1,1705026110000000000,1705029015000000000,2033.297,2035.3495,0.1009248452874986,sl,-2.052500000000009,-4.245000000000018,0.0,-4.245000000000018,2024,2024-01-12
h04_r30_t3,1,1705034530000000000,1705044600000000000,2034.2885,2038.5020000000004,0.06906724307121294,tp,4.213500000000295,8.287000000000589,0.0,8.287000000000589,2024,2024-01-12
h05_r60_t2,1,1705044510000000000,1705056610000000000,2037.2060000000001,2044.0200000000004,0.16732982220654613,tp,6.814000000000306,13.48800000000061,0.0,13.48800000000061,2024,2024-01-12
h06_r60_t3,-1,1705042805000000000,1705044495000000000,2034.9825,2036.867,0.0925904089209048,sl,-1.884499999999889,-3.908999999999778,0.0,-3.908999999999778,2024,2024-01-12
h13_r30_t3,1,1705066200000000000,1705079715000000000,2049.2,2044.4285,0.23290885168344963,sl,-4.771499999999833,-9.682999999999666,0.0,-9.682999999999666,2024,2024-01-12
h14_r15_t2,1,1705069925000000000,1705074125000000000,2059.2960000000003,2053.3695,0.288522486400301,sl,-5.9265000000004875,-11.993000000000976,0.0,-11.993000000000976,2024,2024-01-12
h00_r30_t1,1,1705278865000000000,1705283085000000000,2048.3015,2050.7395,0.1190398881279001,tp,2.438000000000102,4.736000000000204,0.0,4.736000000000204,2024,2024-01-15
h01_r60_t3,1,1705285050000000000,1705346095000000000,2051.4865,2054.005,0.19214665748432347,forced_close,2.518500000000131,4.897000000000262,0.0,4.897000000000262,2024,2024-01-15
h02_r15_t3,1,1705285050000000000,1705287375000000000,2051.434,2055.971500000001,0.07374489240438689,tp,4.5375000000008185,8.935000000001637,0.0,8.935000000001637,2024,2024-01-15
h04_r30_t3,-1,1705293060000000000,1705308130000000000,2053.68,2057.6515,0.19336422097321898,sl,-3.9715000000001055,-8.083000000000212,0.0,-8.083000000000212,2024,2024-01-15
h05_r60_t2,1,1705299615000000000,1705303940000000000,2055.632,2053.1,0.12320196656030777,sl,-2.532000000000153,-5.204000000000305,0.0,-5.204000000000305,2024,2024-01-15
h06_r60_t3,-1,1705303355000000000,1705306455000000000,2053.9215,2057.0765,0.15349231504602703,sl,-3.1550000000002,-6.4500000000004,0.0,-6.4500000000004,2024,2024-01-15
h13_r30_t3,-1,1705325400000000000,1705327185000000000,2052.4795,2054.2709999999997,0.08728056841743323,sl,-1.7914999999998145,-3.722999999999629,0.0,-3.722999999999629,2024,2024-01-15
h14_r15_t2,-1,1705328545000000000,1705331945000000000,2053.0355,2050.0684999999994,0.07223535432453011,tp,2.967000000000553,5.794000000001106,0.0,5.794000000001106,2024,2024-01-15
h00_r30_t1,-1,1705365085000000000,1705373460000000000,2052.295,2049.9815,0.11270810014872029,tp,2.3135000000002037,4.487000000000408,0.0,4.487000000000408,2024,2024-01-16
h01_r60_t3,-1,1705372185000000000,1705396345000000000,2050.01,2039.6405000000009,0.1685330940925544,tp,10.369499999999334,20.598999999998668,0.0,20.598999999998668,2024,2024-01-16
h02_r15_t3,-1,1705371830000000000,1705374475000000000,2050.3450000000003,2051.576,0.06001100282967075,sl,-1.2309999999997672,-2.6019999999995345,0.0,-2.6019999999995345,2024,2024-01-16
h05_r60_t2,-1,1705385115000000000,1705385580000000000,2047.585,2049.5295,0.09491523769079753,sl,-1.9445000000000618,-4.029000000000123,0.0,-4.029000000000123,2024,2024-01-16
h06_r60_t3,1,1705388470000000000,1705392750000000000,2050.6155,2047.4535,0.15420106463106015,sl,-3.161999999999807,-6.463999999999614,0.0,-6.463999999999614,2024,2024-01-16
h13_r30_t3,1,1705412045000000000,1705424800000000000,2039.2075,2031.351,0.38661880168593005,sl,-7.856499999999869,-15.852999999999739,0.0,-15.852999999999739,2024,2024-01-16
h14_r15_t2,1,1705415050000000000,1705416645000000000,2041.5774999999999,2037.2075,0.2141318179791293,sl,-4.369999999999891,-8.879999999999782,0.0,-8.879999999999782,2024,2024-01-16
h00_r30_t1,1,1705452360000000000,1705456475000000000,2028.258,2030.785,0.12464946961083635,tp,2.5270000000000437,4.914000000000088,0.0,4.914000000000088,2024,2024-01-17
h01_r60_t3,1,1705457065000000000,1705461625000000000,2030.837,2026.7725,0.20018592738981106,sl,-4.064499999999953,-8.268999999999906,0.0,-8.268999999999906,2024,2024-01-17
h02_r15_t3,-1,1705458325000000000,1705468620000000000,2029.87,2020.3794999999996,0.15571302141835996,tp,9.490500000000338,18.841000000000676,0.0,18.841000000000676,2024,2024-01-17
h04_r30_t3,1,1705466330000000000,1705468125000000000,2024.886,2023.4270000000001,0.07206164209169573,sl,-1.4589999999998327,-3.0579999999996654,0.0,-3.0579999999996654,2024,2024-01-17
h05_r60_t2,-1,1705471310000000000,1705477925000000000,2019.386,2025.5014999999999,0.3026379308680982,sl,-6.115499999999884,-12.370999999999768,0.0,-12.370999999999768,2024,2024-01-17
h06_r60_t3,1,1705476405000000000,1705500685000000000,2020.8780000000002,2017.6525000000001,0.15973234494560215,sl,-3.225500000000011,-6.5910000000000215,0.0,-6.5910000000000215,2024,2024-01-17
h13_r30_t3,-1,1705498200000000000,1705505515000000000,2023.5535,2007.877,0.25800141356434275,tp,15.676500000000033,31.213000000000065,0.0,31.213000000000065,2024,2024-01-17
h14_r15_t2,-1,1705503340000000000,1705528380000000000,2015.8505,2006.185,0.36216736038139724,forced_close,9.665500000000065,19.19100000000013,0.0,19.19100000000013,2024,2024-01-17
h00_r30_t1,-1,1705537800000000000,1705538900000000000,2008.3935000000001,2009.6975,0.06491012759767369,sl,-1.30399999999986,-2.74799999999972,0.0,-2.74799999999972,2024,2024-01-18
h01_r60_t3,-1,1705545130000000000,1705558945000000000,2009.4155,2012.1365,0.13526024921986768,sl,-2.7210000000000036,-5.582000000000007,0.0,-5.582000000000007,2024,2024-01-18
h02_r15_t3,-1,1705544270000000000,1705546800000000000,2010.854,2007.593,0.054045668838768345,tp,3.2609999999999673,6.381999999999935,0.0,6.381999999999935,2024,2024-01-18
h04_r30_t3,-1,1705552560000000000,1705553405000000000,2007.9924999999998,2009.02,0.051153607188097194,sl,-1.0275000000001455,-2.195000000000291,0.0,-2.195000000000291,2024,2024-01-18
h05_r60_t2,1,1705557725000000000,1705580950000000000,2009.4855,2016.8225,0.18257947445380415,tp,7.336999999999989,14.533999999999978,0.0,14.533999999999978,2024,2024-01-18
h06_r60_t3,1,1705561560000000000,1705568510000000000,2013.1335,2008.877,0.21147893656873798,sl,-4.25649999999996,-8.65299999999992,0.0,-8.65299999999992,2024,2024-01-18
h13_r30_t3,-1,1705584600000000000,1705592140000000000,2011.2075,2015.087,0.1928698077839464,sl,-3.8795000000000073,-7.899000000000014,0.0,-7.899000000000014,2024,2024-01-18
h14_r15_t2,1,1705589230000000000,1705609820000000000,2013.3115,2021.7855000000002,0.2106664757393006,tp,8.47400000000016,16.80800000000032,0.0,16.80800000000032,2024,2024-01-18
h00_r30_t1,1,1705624270000000000,1705624985000000000,2024.3465,2022.7345,0.07964623632007115,sl,-1.61200000000008,-3.36400000000016,0.0,-3.36400000000016,2024,2024-01-19
h01_r60_t3,-1,1705635130000000000,1705648820000000000,2022.1435000000001,2025.6075,0.17113829693679944,sl,-3.463999999999942,-7.067999999999883,0.0,-7.067999999999883,2024,2024-01-19
h02_r15_t3,1,1705631780000000000,1705634470000000000,2024.243,2022.6444999999999,0.07900266365252559,sl,-1.5985000000000582,-3.3370000000001165,0.0,-3.3370000000001165,2024,2024-01-19
h04_r30_t3,-1,1705638610000000000,1705645305000000000,2020.844,2022.876,0.10054525513729227,sl,-2.0319999999999254,-4.2039999999998505,0.0,-4.2039999999998505,2024,2024-01-19
h05_r60_t2,1,1705644010000000000,1705648200000000000,2021.982,2025.1189999999997,0.07758448844443018,tp,3.1369999999997162,6.133999999999433,0.0,6.133999999999433,2024,2024-01-19
h06_r60_t3,1,1705647670000000000,1705668240000000000,2024.3735000000001,2034.6620000000007,0.16945007164386525,tp,10.288500000000568,20.437000000001134,0.0,20.437000000001134,2024,2024-01-19
h13_r30_t3,1,1705671100000000000,1705674075000000000,2038.117,2032.7035,0.26581431935624594,sl,-5.413499999999885,-10.966999999999771,0.0,-10.966999999999771,2024,2024-01-19
h14_r15_t2,-1,1705673775000000000,1705675235000000000,2033.1354999999999,2027.8754999999996,0.12933083097026443,tp,5.260000000000218,10.380000000000436,0.0,10.380000000000436,2024,2024-01-19
h00_r30_t1,1,1705884545000000000,1705885840000000000,2028.649,2031.7844999999998,0.15475116427362282,tp,3.1354999999998654,6.130999999999731,0.0,6.130999999999731,2024,2024-01-22
h01_r60_t3,-1,1705888975000000000,1705934645000000000,2028.7835,2018.6135000000004,0.1670663445588055,tp,10.169999999999618,20.199999999999235,0.0,20.199999999999235,2024,2024-01-22
h02_r15_t3,-1,1705893120000000000,1705900550000000000,2028.4155,2023.2930000000001,0.08412838558243851,tp,5.122499999999945,10.10499999999989,0.0,10.10499999999989,2024,2024-01-22
h04_r30_t3,-1,1705897900000000000,1705901260000000000,2026.0059999999999,2022.1899999999994,0.06276155272674334,tp,3.8160000000004857,7.492000000000972,0.0,7.492000000000972,2024,2024-01-22
h05_r60_t2,-1,1705903935000000000,1705912075000000000,2021.925,2025.6385,0.1831625389609668,sl,-3.7135000000000673,-7.567000000000134,0.0,-7.567000000000134,2024,2024-01-22
h06_r60_t3,-1,1705906840000000000,1705911860000000000,2020.113,2024.536,0.21885340705966772,sl,-4.423000000000002,-8.986000000000004,0.0,-8.986000000000004,2024,2024-01-22
h13_r30_t3,-1,1705930220000000000,1705960375000000000,2024.3200000000002,2021.371,0.26977846714580367,forced_close,2.949000000000069,5.758000000000139,0.0,5.758000000000139,2024,2024-01-22
h14_r15_t2,1,1705932910000000000,1705933655000000000,2023.641,2020.9299999999998,0.1331756017552817,sl,-2.71100000000024,-5.56200000000048,0.0,-5.56200000000048,2024,2024-01-22
h00_r30_t1,1,1705969855000000000,1705972600000000000,2022.154,2020.8545,0.0642716909538191,sl,-1.29950000000008,-2.73900000000016,0.0,-2.73900000000016,2024,2024-01-23
h01_r60_t3,1,1705976425000000000,1705992950000000000,2022.9865,2032.9689999999996,0.1645852587500311,tp,9.982499999999618,19.824999999999235,0.0,19.824999999999235,2024,2024-01-23
h02_r15_t3,1,1705976360000000000,1705981850000000000,2022.364,2026.81,0.07331543322025033,tp,4.445999999999913,8.751999999999825,0.0,8.751999999999825,2024,2024-01-23
h04_r30_t3,1,1705986000000000000,1705992655000000000,2028.004,2031.7615,0.061783843857800703,tp,3.7575000000001637,7.375000000000328,0.0,7.375000000000328,2024,2024-01-23
h05_r60_t2,1,1705992655000000000,1706003410000000000,2031.7705,2027.288,0.22071153064493176,sl,-4.482500000000073,-9.105000000000146,0.0,-9.105000000000146,2024,2024-01-23
h06_r60_t3,1,1705993330000000000,1705994605000000000,2036.0365000000002,2029.23,0.334441669373228,sl,-6.806500000000142,-13.753000000000284,0.0,-13.753000000000284,2024,2024-01-23
h13_r30_t3,-1,1706017855000000000,1706038365000000000,2025.2984999999999,2030.4985000000001,0.25636285203674236,sl,-5.200000000000273,-10.540000000000546,0.0,-10.540000000000546,2024,2024-01-23
h14_r15_t2,-1,1706019660000000000,1706022450000000000,2023.1950000000002,2026.2055,0.14874044927470764,sl,-3.0104999999998654,-6.1609999999997305,0.0,-6.1609999999997305,2024,2024-01-23
h00_r30_t1,-1,1706056555000000000,1706062385000000000,2027.4479999999999,2025.5184999999997,0.09514625871055193,tp,1.9295000000001892,3.7190000000003782,0.0,3.7190000000003782,2024,2024-01-24
h01_r60_t3,-1,1706062080000000000,1706081920000000000,2026.501,2029.022,0.1243519737977891,sl,-2.520999999999958,-5.181999999999916,0.0,-5.181999999999916,2024,2024-01-24
h02_r15_t3,-1,1706062530000000000,1706078380000000000,2025.2145,2027.6535,0.12041798222118352,sl,-2.438999999999851,-5.017999999999701,0.0,-5.017999999999701,2024,2024-01-24
h04_r30_t3,1,1706071270000000000,1706072425000000000,2025.143,2024.0819999999999,0.05241400842181713,sl,-1.0610000000001492,-2.2620000000002984,0.0,-2.2620000000002984,2024,2024-01-24
h05_r60_t2,1,1706077505000000000,1706082300000000000,2025.7845,2031.6225000000002,0.14417417069599953,tp,5.838000000000193,11.536000000000385,0.0,11.536000000000385,2024,2024-01-24
h06_r60_t3,1,1706080050000000000,1706107500000000000,2028.051,2023.8255,0.2085510109702131,sl,-4.225500000000011,-8.591000000000022,0.0,-8.591000000000022,2024,2024-01-24
h13_r30_t3,1,1706103000000000000,1706103450000000000,2036.3980000000001,2032.0394999999999,0.21411077708925164,sl,-4.3585000000002765,-8.857000000000554,0.0,-8.857000000000554,2024,2024-01-24
h14_r15_t2,-1,1706106690000000000,1706107500000000000,2031.6045,2025.2714999999998,0.15576887175669268,tp,6.333000000000084,12.526000000000167,0.0,12.526000000000167,2024,2024-01-24
h00_r30_t1,1,1706143385000000000,1706144135000000000,2016.8200000000002,2015.2175,0.07948979703192742,sl,-1.602500000000191,-3.345000000000382,0.0,-3.345000000000382,2024,2024-01-25
h05_r60_t2,-1,1706163085000000000,1706164550000000000,2014.8985,2016.6435000000001,0.08657499639684878,sl,-1.7450000000001182,-3.6300000000002366,0.0,-3.6300000000002366,2024,2024-01-25
h06_r60_t3,-1,1706166515000000000,1706167085000000000,2014.5915,2016.663,0.1027609279289476,sl,-2.0715000000000146,-4.283000000000029,0.0,-4.283000000000029,2024,2024-01-25
h14_r15_t2,1,1706194480000000000,1706196810000000000,2024.714,2018.4355,0.3103770796030522,sl,-6.2784999999998945,-12.69699999999979,0.0,-12.69699999999979,2024,2024-01-25
h00_r30_t1,-1,1706229000000000000,1706229620000000000,2019.594,2020.9650000000001,0.06657183048520207,sl,-1.3710000000000946,-2.8820000000001893,0.0,-2.8820000000001893,2024,2024-01-26
h01_r60_t3,-1,1706244950000000000,1706266900000000000,2021.125,2024.272,0.15564310102186518,sl,-3.1469999999999345,-6.433999999999869,0.0,-6.433999999999869,2024,2024-01-26
h02_r15_t3,1,1706235565000000000,1706237830000000000,2023.203,2021.8345,0.06765142289208671,sl,-1.36850000000004,-2.87700000000008,0.0,-2.87700000000008,2024,2024-01-26
h04_r30_t3,1,1706243460000000000,1706244935000000000,2022.272,2021.1895,0.05353534829009492,sl,-1.0824999999999818,-2.3049999999999637,0.0,-2.3049999999999637,2024,2024-01-26
h05_r60_t2,-1,1706253255000000000,1706266105000000000,2021.113,2023.5675,0.12132467065134481,sl,-2.4545000000000528,-5.049000000000105,0.0,-5.049000000000105,2024,2024-01-26
h06_r60_t3,-1,1706252400000000000,1706266105000000000,2021.642,2023.4915,0.09145797817523577,sl,-1.8495000000000346,-3.8390000000000692,0.0,-3.8390000000000692,2024,2024-01-26
h13_r30_t3,1,1706275805000000000,1706275860000000000,2024.3049999999998,2021.288,0.14918018885113332,sl,-3.0169999999998254,-6.17399999999965,0.0,-6.17399999999965,2024,2024-01-26
h14_r15_t2,-1,1706278500000000000,1706281580000000000,2023.1309999999999,2017.0609999999997,0.1500094404623198,tp,6.070000000000164,12.000000000000327,0.0,12.000000000000327,2024,2024-01-26
h00_r30_t1,-1,1706488690000000000,1706489850000000000,2019.4180000000001,2022.1444999999999,0.1349697685539379,sl,-2.72649999999976,-5.5929999999995195,0.0,-5.5929999999995195,2024,2024-01-29
h01_r60_t3,1,1706497145000000000,1706541925000000000,2025.549,2021.1455,0.21764186631792046,sl,-4.4034999999998945,-8.94699999999979,0.0,-8.94699999999979,2024,2024-01-29
h02_r15_t3,1,1706495105000000000,1706511175000000000,2023.3645000000001,2028.7540000000006,0.08880248380028911,tp,5.389500000000453,10.639000000000905,0.0,10.639000000000905,2024,2024-01-29
h04_r30_t3,1,1706502635000000000,1706504940000000000,2026.924,2025.476,0.07144067673265796,sl,-1.4479999999998654,-3.035999999999731,0.0,-3.035999999999731,2024,2024-01-29
h05_r60_t2,1,1706508980000000000,1706512215000000000,2026.9165,2031.2344999999998,0.10658709743190647,tp,4.317999999999756,8.495999999999512,0.0,8.495999999999512,2024,2024-01-29
h06_r60_t3,1,1706511615000000000,1706539220000000000,2029.084,2024.951,0.20297462817147552,sl,-4.133000000000038,-8.406000000000077,0.0,-8.406000000000077,2024,2024-01-29
h13_r30_t3,1,1706535000000000000,1706539000000000000,2031.421,2027.8405,0.17625979231324324,sl,-3.580500000000029,-7.301000000000058,0.0,-7.301000000000058,2024,2024-01-29
h14_r15_t2,-1,1706537820000000000,1706538615000000000,2035.412,2031.6250000000002,0.09301959994448317,tp,3.786999999999807,7.433999999999615,0.0,7.433999999999615,2024,2024-01-29
h00_r30_t1,1,1706574990000000000,1706577610000000000,2033.1705,2030.9265,0.11039542124658837,sl,-2.2439999999999145,-4.627999999999829,0.0,-4.627999999999829,2024,2024-01-30
h01_r60_t3,-1,1706580105000000000,1706595190000000000,2030.662,2034.0455,0.16658013952163228,sl,-3.3834999999999127,-6.906999999999825,0.0,-6.906999999999825,2024,2024-01-30
h02_r15_t3,-1,1706581655000000000,1706581955000000000,2030.133,2031.1715,0.0511436654371939,sl,-1.0384999999998854,-2.216999999999771,0.0,-2.216999999999771,2024,2024-01-30
h04_r30_t3,-1,1706589700000000000,1706592530000000000,2031.8895,2033.0835,0.05873299067502898,sl,-1.19399999999996,-2.52799999999992,0.0,-2.52799999999992,2024,2024-01-30
h05_r60_t2,1,1706595020000000000,1706600070000000000,2033.392,2037.0829999999999,0.09080978413300898,tp,3.6909999999998035,7.241999999999607,0.0,7.241999999999607,2024,2024-01-30
h06_r60_t3,1,1706599420000000000,1706614060000000000,2036.0895,2032.171,0.19259664114603453,sl,-3.9184999999999945,-7.976999999999989,0.0,-7.976999999999989,2024,2024-01-30
h13_r30_t3,1,1706622285000000000,1706624700000000000,2036.734,2047.1394999999998,0.17040441140345974,tp,10.405499999999847,20.670999999999694,0.0,20.670999999999694,2024,2024-01-30
h14_r15_t2,1,1706624155000000000,1706627370000000000,2043.6285,2037.3715,0.3062851604423714,sl,-6.257000000000062,-12.654000000000124,0.0,-12.654000000000124,2024,2024-01-30
h00_r30_t1,-1,1706661760000000000,1706666785000000000,2036.489,2034.2375000000002,0.1105040437166979,tp,2.251499999999851,4.362999999999702,0.0,4.362999999999702,2024,2024-01-31
h01_r60_t3,-1,1706666410000000000,1706685490000000000,2034.5059999999999,2037.2575000000002,0.13522755113300958,sl,-2.7515000000003056,-5.643000000000611,0.0,-5.643000000000611,2024,2024-01-31
h02_r15_t3,-1,1706667940000000000,1706680560000000000,2033.649,2034.9299999999998,0.06297871629120498,sl,-1.280999999999949,-2.7019999999998983,0.0,-2.7019999999998983,2024,2024-01-31
h05_r60_t2,1,1706680800000000000,1706689430000000000,2035.2150000000001,2039.0370000000003,0.09390520340968066,tp,3.8220000000001164,7.504000000000233,0.0,7.504000000000233,2024,2024-01-31
h06_r60_t3,1,1706685085000000000,1706709300000000000,2035.88,2042.3930000000003,0.10671597918178431,tp,6.513000000000147,12.886000000000294,0.0,12.886000000000294,2024,2024-01-31
h13_r30_t3,1,1706707800000000000,1706712325000000000,2039.885,2051.2955,0.18660350226833447,tp,11.410500000000184,22.681000000000367,0.0,22.681000000000367,2024,2024-01-31
h14_r15_t2,1,1706711145000000000,1706712360000000000,2044.5665,2052.2145,0.18705564196063415,tp,7.648000000000138,15.156000000000276,0.0,15.156000000000276,2024,2024-01-31
h00_r30_t1,1,1706747405000000000,1706753185000000000,2041.346,2043.4765,0.1043768462221134,tp,2.1304999999999836,4.120999999999968,0.0,4.120999999999968,2024,2024-02-01
h01_r60_t3,1,1706753000000000000,1706753735000000000,2041.9969999999998,2047.6804999999995,0.09280500368133275,tp,5.68349999999964,11.226999999999279,0.0,11.226999999999279,2024,2024-02-01
h02_r15_t3,1,1706753700000000000,1706773730000000000,2046.134,2041.277,0.23739078349955517,sl,-4.856999999999971,-9.853999999999942,0.0,-9.853999999999942,2024,2024-02-01
h04_r30_t3,-1,1706761805000000000,1706762305000000000,2045.352,2046.6865,0.06492231932052411,sl,-1.3344999999999345,-2.808999999999869,0.0,-2.808999999999869,2024,2024-02-01
h05_r60_t2,-1,1706767230000000000,1706774695000000000,2044.362,2040.281,0.0998000575177036,tp,4.081000000000131,8.022000000000261,0.0,8.022000000000261,2024,2024-02-01
h06_r60_t3,-1,1706771310000000000,1706784070000000000,2042.464,2034.9715,0.12221002704523534,tp,7.492499999999836,14.844999999999672,0.0,14.844999999999672,2024,2024-02-01
h13_r30_t3,1,1706794205000000000,1706797345000000000,2035.001,2047.2875000000004,0.20156105853145773,tp,12.286500000000387,24.433000000000774,0.0,24.433000000000774,2024,2024-02-01
h14_r15_t2,1,1706797000000000000,1706804105000000000,2046.828,2060.47,0.3334051043094559,tp,13.641999999999825,27.14399999999965,0.0,27.14399999999965,2024,2024-02-01
h00_r30_t1,1,1706833800000000000,1706835505000000000,2056.2765,2054.7435,0.07455420669557576,sl,-1.5329999999999018,-3.2059999999998037,0.0,-3.2059999999998037,2024,2024-02-02
h01_r60_t3,-1,1706839910000000000,1706851650000000000,2052.9595,2056.107,0.1531763594006503,sl,-3.1475000000000364,-6.435000000000072,0.0,-6.435000000000072,2024,2024-02-02
h02_r15_t3,-1,1706840310000000000,1706847060000000000,2052.9375,2055.4915,0.12438749871546224,sl,-2.5540000000000873,-5.248000000000174,0.0,-5.248000000000174,2024,2024-02-02
h04_r30_t3,-1,1706849040000000000,1706851650000000000,2054.613,2056.0025,0.06762420990516917,sl,-1.3895000000002256,-2.9190000000004512,0.0,-2.9190000000004512,2024,2024-02-02
h05_r60_t2,1,1706854050000000000,1706855015000000000,2056.564,2054.5325000000003,0.0988272083003956,sl,-2.031499999999596,-4.202999999999192,0.0,-4.202999999999192,2024,2024-02-02
h06_r60_t3,-1,1706864100000000000,1706879805000000000,2054.1755,2057.031,0.13891834880060366,sl,-2.85550000000012,-5.85100000000024,0.0,-5.85100000000024,2024,2024-02-02
h13_r30_t3,-1,1706880600000000000,1706881240000000000,2051.6710000000003,2033.5165000000015,0.2948043982682259,tp,18.154499999998734,36.16899999999747,0.0,36.16899999999747,2024,2024-02-02
h14_r15_t2,1,1706883300000000000,1706910780000000000,2032.0900000000001,2039.224,0.20911512578901886,forced_close,7.133999999999787,14.127999999999574,0.0,14.127999999999574,2024,2024-02-02
h00_r30_t1,-1,1707093010000000000,1707109510000000000,2034.8885,2029.8555000000001,0.24730369931053722,tp,5.032999999999902,9.925999999999803,0.0,9.925999999999803,2024,2024-02-05
h01_r60_t3,1,1707098410000000000,1707101440000000000,2038.3110000000001,2034.5995,0.18211003783757956,sl,-3.7115000000001146,-7.563000000000229,0.0,-7.563000000000229,2024,2024-02-05
h02_r15_t3,-1,1707099300000000000,1707101675000000000,2037.466,2033.4024999999995,0.06646741980052627,tp,4.063500000000431,7.9870000000008625,0.0,7.9870000000008625,2024,2024-02-05
h04_r30_t3,-1,1707108240000000000,1707120070000000000,2031.632,2026.2830000000004,0.08771606168165424,tp,5.348999999999705,10.55799999999941,0.0,10.55799999999941,2024,2024-02-05
h05_r60_t2,-1,1707114965000000000,1707121915000000000,2028.9745,2022.7605,0.15306745806532837,tp,6.213999999999942,12.287999999999883,0.0,12.287999999999883,2024,2024-02-05
h06_r60_t3,1,1707116400000000000,1707118140000000000,2031.3274999999999,2026.8885,0.21856481352688478,sl,-4.438999999999851,-9.017999999999702,0.0,-9.017999999999702,2024,2024-02-05
h13_r30_t3,-1,1707141065000000000,1707144460000000000,2016.4470000000001,2022.801,0.3149559463176978,sl,-6.3539999999998145,-12.84799999999963,0.0,-12.84799999999963,2024,2024-02-05
h14_r15_t2,1,1707143070000000000,1707144395000000000,2017.2285,2021.8614999999998,0.11488763181204083,tp,4.632999999999811,9.125999999999621,0.0,9.125999999999621,2024,2024-02-05
h00_r30_t1,1,1707179530000000000,1707181295000000000,2026.5610000000001,2028.0675000000003,0.07434742430468316,tp,1.5065000000001874,2.8730000000003746,0.0,2.8730000000003746,2024,2024-02-06
h01_r60_t3,-1,1707185015000000000,1707197750000000000,2026.5325,2028.6525000000001,0.10457552449312285,sl,-2.1200000000001182,-4.380000000000236,0.0,-4.380000000000236,2024,2024-02-06
h02_r15_t3,-1,1707185705000000000,1707197400000000000,2025.296,2027.441,0.10486825185266127,sl,-2.144999999999982,-4.429999999999963,0.0,-4.429999999999963,2024,2024-02-06
h04_r30_t3,1,1707193815000000000,1707209825000000000,2025.4305,2023.6225,0.08926631776439185,sl,-1.8079999999999927,-3.7559999999999856,0.0,-3.7559999999999856,2024,2024-02-06
h05_r60_t2,-1,1707206600000000000,1707224800000000000,2025.8885,2029.904,0.19785505509687895,sl,-4.0154999999999745,-8.17099999999995,0.0,-8.17099999999995,2024,2024-02-06
h06_r60_t3,-1,1707206375000000000,1707224800000000000,2026.1985,2029.7035,0.17293112333443322,sl,-3.505000000000109,-7.150000000000218,0.0,-7.150000000000218,2024,2024-02-06
h13_r30_t3,1,1707229605000000000,1707256380000000000,2030.933,2036.047,0.22686318605888642,forced_close,5.114000000000033,10.088000000000065,0.0,10.088000000000065,2024,2024-02-06
h14_r15_t2,-1,1707229030000000000,1707229550000000000,2028.6860000000001,2030.5194999999999,0.09034525338799534,sl,-1.8334999999997308,-3.8069999999994617,0.0,-3.8069999999994617,2024,2024-02-06
h01_r60_t3,-1,1707274050000000000,1707290895000000000,2034.3115,2035.8615,0.07616204236132572,sl,-1.5499999999999545,-3.239999999999909,0.0,-3.239999999999909,2024,2024-02-07
h04_r30_t3,1,1707281545000000000,1707284220000000000,2035.411,2034.2105000000001,0.05898880269190991,sl,-1.20049999999992,-2.54099999999984,0.0,-2.54099999999984,2024,2024-02-07
h05_r60_t2,-1,1707285600000000000,1707290340000000000,2033.3685,2035.5430000000001,0.10693467297144778,sl,-2.17450000000008,-4.48900000000016,0.0,-4.48900000000016,2024,2024-02-07
h06_r60_t3,1,1707290090000000000,1707294565000000000,2034.3335,2032.509,0.08971996993434109,sl,-1.8244999999999436,-3.7889999999998873,0.0,-3.7889999999998873,2024,2024-02-07
h13_r30_t3,1,1707312720000000000,1707317320000000000,2035.1985,2043.5114999999998,0.13618819035580004,tp,8.312999999999874,16.48599999999975,0.0,16.48599999999975,2024,2024-02-07
h14_r15_t2,-1,1707315780000000000,1707316815000000000,2035.524,2038.101,0.1265558275963024,sl,-2.5770000000002256,-5.294000000000451,0.0,-5.294000000000451,2024,2024-02-07
h00_r30_t1,1,1707353200000000000,1707359795000000000,2037.819,2036.3895,0.07017059874001987,sl,-1.4294999999999618,-2.9989999999999237,0.0,-2.9989999999999237,2024,2024-02-08
h01_r60_t3,1,1707358095000000000,1707359220000000000,2038.1825,2036.6889999999999,0.07330899680798049,sl,-1.49350000000004,-3.12700000000008,0.0,-3.12700000000008,2024,2024-02-08
h02_r15_t3,-1,1707358900000000000,1707364625000000000,2037.135,2032.062,0.08295366049583483,tp,5.073000000000093,10.006000000000185,0.0,10.006000000000185,2024,2024-02-08
h04_r30_t3,-1,1707367265000000000,1707374920000000000,2032.5565000000001,2034.0355,0.07273050936681008,sl,-1.4789999999998145,-3.097999999999629,0.0,-3.097999999999629,2024,2024-02-08
h05_r60_t2,1,1707374870000000000,1707380255000000000,2033.783,2031.1934999999999,0.12734280392675362,sl,-2.5895000000000437,-5.319000000000087,0.0,-5.319000000000087,2024,2024-02-08
h06_r60_t3,1,1707376765000000000,1707378305000000000,2034.2945,2032.3490000000002,0.09567829666565986,sl,-1.9454999999998108,-4.030999999999621,0.0,-4.030999999999621,2024,2024-02-08
h13_r30_t3,-1,1707399065000000000,1707402375000000000,2023.2404999999999,2026.4955,0.16069872100110658,sl,-3.255000000000109,-6.650000000000218,0.0,-6.650000000000218,2024,2024-02-08
h14_r15_t2,1,1707401725000000000,1707402670000000000,2023.4895000000001,2030.0405000000005,0.161916722257837,tp,6.551000000000386,12.96200000000077,0.0,12.96200000000077,2024,2024-02-08
h01_r60_t3,1,1707445720000000000,1707466390000000000,2035.1425,2032.1055000000001,0.1492907827565856,sl,-3.036999999999807,-6.213999999999614,0.0,-6.213999999999614,2024,2024-02-09
h04_r30_t3,1,1707453790000000000,1707456200000000000,2033.748,2032.4225000000001,0.0651886955769025,sl,-1.32549999999992,-2.79099999999984,0.0,-2.79099999999984,2024,2024-02-09
h05_r60_t2,1,1707461625000000000,1707466385000000000,2034.0865,2032.2145,0.09208402076611956,sl,-1.8719999999998436,-3.8839999999996873,0.0,-3.8839999999996873,2024,2024-02-09
h06_r60_t3,1,1707462060000000000,1707466315000000000,2034.4015,2032.3625,0.10025116875703485,sl,-2.0389999999999873,-4.217999999999974,0.0,-4.217999999999974,2024,2024-02-09
h13_r30_t3,1,1707485460000000000,1707487425000000000,2028.9695000000002,2025.6205,0.1652138715520193,sl,-3.34900000000016,-6.83800000000032,0.0,-6.83800000000032,2024,2024-02-09
h14_r15_t2,-1,1707488575000000000,1707515580000000000,2025.3654999999999,2024.578,0.2618979285403782,forced_close,0.787499999999909,1.434999999999818,0.0,1.434999999999818,2024,2024-02-09
h01_r60_t3,-1,1707703205000000000,1707726030000000000,2023.542,2026.659,0.1540298295047518,sl,-3.117000000000189,-6.374000000000378,0.0,-6.374000000000378,2024,2024-02-12
h04_r30_t3,1,1707718355000000000,1707729400000000000,2024.24,2022.596,0.08080868968869584,sl,-1.6440000000000055,-3.428000000000011,0.0,-3.428000000000011,2024,2024-02-12
h05_r60_t2,1,1707718230000000000,1707724650000000000,2024.106,2026.425,0.05729137071889578,tp,2.31899999999996,4.49799999999992,0.0,4.49799999999992,2024,2024-02-12
h06_r60_t3,-1,1707722040000000000,1707722675000000000,2023.612,2024.7855,0.05797088562321426,sl,-1.1734999999998763,-2.4869999999997527,0.0,-2.4869999999997527,2024,2024-02-12
h13_r30_t3,-1,1707745635000000000,1707774780000000000,2021.013,2020.144,0.3275961793375984,forced_close,0.8689999999999145,1.597999999999829,0.0,1.597999999999829,2024,2024-02-12
h14_r15_t2,-1,1707747340000000000,1707748460000000000,2018.2335,2013.8194999999998,0.10931118844838326,tp,4.414000000000215,8.688000000000429,0.0,8.688000000000429,2024,2024-02-12
h00_r30_t1,1,1707785970000000000,1707786200000000000,2019.6075,2020.8775,0.06290795748511728,tp,1.2699999999999818,2.3999999999999635,0.0,2.3999999999999635,2024,2024-02-13
h01_r60_t3,-1,1707789940000000000,1707803330000000000,2019.516,2021.2855,0.08758372610719564,sl,-1.76949999999988,-3.67899999999976,0.0,-3.67899999999976,2024,2024-02-13
h04_r30_t3,1,1707800605000000000,1707806760000000000,2019.661,2023.3720000000003,0.061258336358287487,tp,3.71100000000024,7.2820000000004805,0.0,7.2820000000004805,2024,2024-02-13
h05_r60_t2,1,1707805415000000000,1707818455000000000,2021.7440000000001,2027.0260000000003,0.13069369352205532,tp,5.282000000000153,10.424000000000305,0.0,10.424000000000305,2024,2024-02-13
h06_r60_t3,1,1707807680000000000,1707831000000000000,2024.1365,2020.7355,0.16805518495459235,sl,-3.4010000000000673,-6.942000000000134,0.0,-6.942000000000134,2024,2024-02-13
h14_r15_t2,1,1707833820000000000,1707834640000000000,2004.4045,2000.1680000000001,0.2116556754596312,sl,-4.236499999999978,-8.612999999999957,0.0,-8.612999999999957,2024,2024-02-13
h00_r30_t1,1,1707871150000000000,1707873165000000000,1992.953,1990.8615,0.10497200411958005,sl,-2.0914999999999964,-4.322999999999992,0.0,-4.322999999999992,2024,2024-02-14
h01_r60_t3,1,1707876015000000000,1707897965000000000,1992.975,1988.9065,0.20392664160569401,sl,-4.068499999999858,-8.276999999999717,0.0,-8.276999999999717,2024,2024-02-14
h02_r15_t3,-1,1707876960000000000,1707897980000000000,1992.355,1988.4385000000002,0.06552216599065516,tp,3.9164999999998145,7.692999999999629,0.0,7.692999999999629,2024,2024-02-14
h05_r60_t2,-1,1707891120000000000,1707894385000000000,1992.176,1989.784,0.06000979424066098,tp,2.3919999999998254,4.643999999999651,0.0,4.643999999999651,2024,2024-02-14
h06_r60_t3,1,1707894045000000000,1707894300000000000,1993.038,1990.99,0.10279191989257049,sl,-2.048000000000002,-4.236000000000003,0.0,-4.236000000000003,2024,2024-02-14
h13_r30_t3,1,1707917640000000000,1707918875000000000,1992.804,1989.261,0.17571205325411626,sl,-3.54300000000012,-7.22600000000024,0.0,-7.22600000000024,2024,2024-02-14
h14_r15_t2,-1,1707921005000000000,1707921075000000000,1988.9144999999999,1991.461,0.127947914421368,sl,-2.546500000000151,-5.233000000000302,0.0,-5.233000000000302,2024,2024-02-14
h00_r30_t1,-1,1707957000000000000,1707957615000000000,1993.012,1994.1015,0.05195512843026555,sl,-1.0895000000000437,-2.3190000000000874,0.0,-2.3190000000000874,2024,2024-02-15
h01_r60_t3,-1,1707962600000000000,1707982290000000000,1992.3665,1994.393,0.10169774766964326,sl,-2.026499999999942,-4.192999999999883,0.0,-4.192999999999883,2024,2024-02-15
h02_r15_t3,1,1707963920000000000,1707967230000000000,1993.2565,1992.181,0.05396892383556815,sl,-1.07549999999992,-2.29099999999984,0.0,-2.29099999999984,2024,2024-02-15
h04_r30_t3,1,1707971870000000000,1707984745000000000,1991.726,1995.3755,0.06108533040686126,tp,3.649499999999989,7.1589999999999785,0.0,7.1589999999999785,2024,2024-02-15
h05_r60_t2,-1,1707976925000000000,1707977275000000000,1991.8135,1992.9755,0.05833434364199754,sl,-1.1620000000000346,-2.4640000000000692,0.0,-2.4640000000000692,2024,2024-02-15
h06_r60_t3,1,1707981395000000000,1708001290000000000,1993.4275,1998.7329999999997,0.08872170757053795,tp,5.305499999999711,10.470999999999421,0.0,10.470999999999421,2024,2024-02-15
h13_r30_t3,1,1708003800000000000,1708004080000000000,2000.3975,1997.5355,0.1431779245854596,sl,-2.86200000000008,-5.86400000000016,0.0,-5.86400000000016,2024,2024-02-15
h14_r15_t2,1,1708006520000000000,1708011505000000000,2003.9465,2001.589,0.11770753160940635,sl,-2.3575000000000728,-4.855000000000145,0.0,-4.855000000000145,2024,2024-02-15
h00_r30_t1,-1,1708043400000000000,1708046965000000000,2002.6905000000002,2003.762,0.05350013992919344,sl,-1.0714999999997872,-2.2829999999995745,0.0,-2.2829999999995745,2024,2024-02-16
h01_r60_t3,1,1708048840000000000,1708090200000000000,2005.7015000000001,2002.462,0.1615245484156127,sl,-3.2395000000001346,-6.619000000000269,0.0,-6.619000000000269,2024,2024-02-16
h02_r15_t3,-1,1708049700000000000,1708069085000000000,2004.188,2005.7155,0.07569053895705487,sl,-1.5274999999999181,-3.1949999999998364,0.0,-3.1949999999998364,2024,2024-02-16
h04_r30_t3,-1,1708058920000000000,1708061915000000000,2003.342,2004.434,0.054496538321989245,sl,-1.0919999999998709,-2.323999999999742,0.0,-2.323999999999742,2024,2024-02-16
h05_r60_t2,-1,1708064210000000000,1708068050000000000,2003.433,2004.8035,0.068369783499011,sl,-1.3704999999999927,-2.8809999999999856,0.0,-2.8809999999999856,2024,2024-02-16
h06_r60_t3,1,1708067600000000000,1708090200000000000,2004.774,2002.8225,0.0969166579123946,sl,-1.9514999999998963,-4.042999999999792,0.0,-4.042999999999792,2024,2024-02-16
h13_r30_t3,-1,1708090200000000000,1708090205000000000,2005.603,2001.2559999999999,0.07220718528767732,tp,4.347000000000207,8.554000000000414,0.0,8.554000000000414,2024,2024-02-16
h14_r15_t2,-1,1708092925000000000,1708096350000000000,1998.978,2003.442,0.2232904326252103,sl,-4.463999999999942,-9.067999999999884,0.0,-9.067999999999884,2024,2024-02-16
h00_r30_t1,1,1708304285000000000,1708370035000000000,2018.7135,2017.947,0.46047894470063727,forced_close,-0.7665000000001783,-1.6730000000003566,0.0,-1.6730000000003566,2024,2024-02-19
h01_r60_t3,1,1708310175000000000,1708346920000000000,2020.863,2016.4785,0.21680294622282542,sl,-4.384500000000116,-8.909000000000233,0.0,-8.909000000000233,2024,2024-02-19
h02_r15_t3,1,1708308910000000000,1708316590000000000,2020.547,2018.6190000000001,0.09511086120001166,sl,-1.9279999999998836,-3.9959999999997673,0.0,-3.9959999999997673,2024,2024-02-19
h04_r30_t3,-1,1708318285000000000,1708320135000000000,2018.3890000000001,2020.0320000000002,0.08138973845311095,sl,-1.643000000000029,-3.4260000000000583,0.0,-3.4260000000000583,2024,2024-02-19
h05_r60_t2,1,1708323155000000000,1708339200000000000,2021.504,2018.5855000000001,0.14442278638738004,sl,-2.918499999999767,-5.976999999999534,0.0,-5.976999999999534,2024,2024-02-19
h06_r60_t3,1,1708327035000000000,1708328270000000000,2022.6135,2020.451,0.10697605047389322,sl,-2.162499999999909,-4.464999999999818,0.0,-4.464999999999818,2024,2024-02-19
h13_r30_t3,-1,1708350595000000000,1708370035000000000,2016.791,2018.01,0.12922230026099374,forced_close,-1.219000000000051,-2.578000000000102,0.0,-2.578000000000102,2024,2024-02-19
h14_r15_t2,1,1708352590000000000,1708354045000000000,2017.2514999999999,2016.0995,0.05711217634573372,sl,-1.1519999999998163,-2.4439999999996327,0.0,-2.4439999999996327,2024,2024-02-19
h00_r30_t1,1,1708389300000000000,1708392555000000000,2016.528,2017.9975,0.0729003809720791,tp,1.4694999999999254,2.7989999999998507,0.0,2.7989999999998507,2024,2024-02-20
h01_r60_t3,1,1708403180000000000,1708465980000000000,2019.274,2024.073,0.19528674281148983,forced_close,4.7990000000002055,9.45800000000041,0.0,9.45800000000041,2024,2024-02-20
h02_r15_t3,1,1708396020000000000,1708413685000000000,2018.0695,2021.7505000000003,0.06080367894468645,tp,3.6810000000002674,7.222000000000535,0.0,7.222000000000535,2024,2024-02-20
h04_r30_t3,1,1708403400000000000,1708407180000000000,2019.3995,2018.241,0.05737132369782341,sl,-1.1585000000000036,-2.4570000000000074,0.0,-2.4570000000000074,2024,2024-02-20
h05_r60_t2,-1,1708409125000000000,1708409980000000000,2017.83,2019.598,0.08758437054926146,sl,-1.768000000000029,-3.6760000000000583,0.0,-3.6760000000000583,2024,2024-02-20
h06_r60_t3,1,1708413440000000000,1708435905000000000,2020.88,2030.0405,0.15119925744749732,tp,9.160499999999956,18.180999999999912,0.0,18.180999999999912,2024,2024-02-20
h13_r30_t3,1,1708435800000000000,1708440285000000000,2028.467,2026.1309999999999,0.11050731559415676,sl,-2.33600000000024,-4.81200000000048,0.0,-4.81200000000048,2024,2024-02-20
h14_r15_t2,-1,1708439525000000000,1708465980000000000,2028.0955,2024.135,0.1388744228031883,forced_close,3.960499999999911,7.780999999999822,0.0,7.780999999999822,2024,2024-02-20
h00_r30_t1,1,1708477820000000000,1708479805000000000,2024.3474999999999,2025.7279999999996,0.06821659919127164,tp,1.3804999999997563,2.6209999999995124,0.0,2.6209999999995124,2024,2024-02-21
h01_r60_t3,1,1708481040000000000,1708531460000000000,2026.1515,2023.3965,0.1360188540399146,sl,-2.7549999999998818,-5.649999999999763,0.0,-5.649999999999763,2024,2024-02-21
h02_r15_t3,1,1708481975000000000,1708530965000000000,2027.267,2025.3865,0.0927794589583481,sl,-1.8804999999999836,-3.9009999999999674,0.0,-3.9009999999999674,2024,2024-02-21
h04_r30_t3,-1,1708490640000000000,1708491800000000000,2030.3075,2031.388,0.05319959498392709,sl,-1.080500000000029,-2.3010000000000583,0.0,-2.3010000000000583,2024,2024-02-21
h05_r60_t2,-1,1708498110000000000,1708531205000000000,2029.4904999999999,2023.7714999999998,0.14079042536482791,tp,5.719000000000051,11.298000000000101,0.0,11.298000000000101,2024,2024-02-21
h06_r60_t3,-1,1708500515000000000,1708521130000000000,2029.2795,2031.348,0.1018963258455761,sl,-2.068499999999858,-4.276999999999716,0.0,-4.276999999999716,2024,2024-02-21
h13_r30_t3,-1,1708525865000000000,1708552380000000000,2027.683,2025.74,0.19491707337029845,forced_close,1.9429999999999836,3.745999999999967,0.0,3.745999999999967,2024,2024-02-21
h14_r15_t2,-1,1708525625000000000,1708528860000000000,2028.6625,2030.3885,0.08504758920142545,sl,-1.7260000000001128,-3.5920000000002257,0.0,-3.5920000000002257,2024,2024-02-21
h00_r30_t1,1,1708562195000000000,1708563695000000000,2026.267,2027.415,0.056671082370772084,tp,1.1479999999999109,2.1559999999998216,0.0,2.1559999999998216,2024,2024-02-22
h01_r60_t3,-1,1708574245000000000,1708577070000000000,2026.295,2028.6280000000002,0.11508813886743424,sl,-2.3330000000000837,-4.806000000000167,0.0,-4.806000000000167,2024,2024-02-22
h02_r15_t3,1,1708570515000000000,1708572870000000000,2028.3925,2026.5905,0.0888848551453039,sl,-1.8019999999999072,-3.7439999999998146,0.0,-3.7439999999998146,2024,2024-02-22
h04_r30_t3,1,1708576200000000000,1708589220000000000,2027.5845,2033.6294999999996,0.09938609970718698,tp,6.044999999999618,11.949999999999235,0.0,11.949999999999235,2024,2024-02-22
h05_r60_t2,1,1708582060000000000,1708589220000000000,2030.048,2033.5620000000001,0.08661655855208181,tp,3.5140000000001237,6.888000000000248,0.0,6.888000000000248,2024,2024-02-22
h06_r60_t3,1,1708585670000000000,1708599925000000000,2030.626,2028.366,0.1113662021316275,sl,-2.259999999999991,-4.6599999999999815,0.0,-4.6599999999999815,2024,2024-02-22
h13_r30_t3,-1,1708608600000000000,1708638780000000000,2024.989,2024.457,0.18118717567828746,forced_close,0.5319999999999254,0.9239999999998508,0.0,0.9239999999998508,2024,2024-02-22
h14_r15_t2,-1,1708611655000000000,1708620470000000000,2024.5030000000002,2019.8970000000004,0.1136796671846282,tp,4.605999999999767,9.071999999999534,0.0,9.071999999999534,2024,2024-02-22
h00_r30_t1,-1,1708648505000000000,1708650275000000000,2024.45,2026.142,0.08351870421618941,sl,-1.6920000000000073,-3.5240000000000147,0.0,-3.5240000000000147,2024,2024-02-23
h01_r60_t3,1,1708654260000000000,1708656905000000000,2027.315,2024.4335,0.14216396095486228,sl,-2.88149999999996,-5.90299999999992,0.0,-5.90299999999992,2024,2024-02-23
h05_r60_t2,-1,1708668065000000000,1708691685000000000,2022.216,2026.234,0.19866325046303812,sl,-4.018000000000029,-8.176000000000059,0.0,-8.176000000000059,2024,2024-02-23
h06_r60_t3,-1,1708679765000000000,1708685560000000000,2018.248,2022.759,0.22321456184307473,sl,-4.510999999999967,-9.161999999999935,0.0,-9.161999999999935,2024,2024-02-23
h13_r30_t3,-1,1708696525000000000,1708703700000000000,2025.1100000000001,2029.309,0.20723557660867747,sl,-4.198999999999842,-8.537999999999684,0.0,-8.537999999999684,2024,2024-02-23
h14_r15_t2,-1,1708697745000000000,1708698135000000000,2024.813,2026.315,0.07416458068496336,sl,-1.5019999999999527,-3.1439999999999055,0.0,-3.1439999999999055,2024,2024-02-23
h00_r30_t1,-1,1708907445000000000,1708909260000000000,2032.107,2030.0085,0.1032594254672167,tp,2.098500000000058,4.057000000000117,0.0,4.057000000000117,2024,2024-02-26
h01_r60_t3,1,1708926540000000000,1708956790000000000,2034.0884999999998,2029.9755,0.20247957481749906,sl,-4.112999999999829,-8.365999999999659,0.0,-8.365999999999659,2024,2024-02-26
h02_r15_t3,-1,1708914060000000000,1708919230000000000,2030.873,2031.992,0.05507788303061816,sl,-1.1189999999999145,-2.377999999999829,0.0,-2.377999999999829,2024,2024-02-26
h05_r60_t2,-1,1708927970000000000,1708931540000000000,2032.205,2034.3625,0.10611573377861908,sl,-2.1575000000000273,-4.455000000000054,0.0,-4.455000000000054,2024,2024-02-26
h06_r60_t3,1,1708931500000000000,1708944850000000000,2033.9805000000001,2031.9115000000002,0.10178076992798653,sl,-2.06899999999996,-4.27799999999992,0.0,-4.27799999999992,2024,2024-02-26
h13_r30_t3,1,1708954300000000000,1708956360000000000,2033.7245,2031.7265,0.09831457909747646,sl,-1.9980000000000473,-4.136000000000094,0.0,-4.136000000000094,2024,2024-02-26
h14_r15_t2,-1,1708957750000000000,1708979180000000000,2027.7825,2032.982,0.2563265756849849,sl,-5.199499999999944,-10.538999999999888,0.0,-10.538999999999888,2024,2024-02-26
h00_r30_t1,-1,1708994660000000000,1708996415000000000,2031.283,2032.569,0.06314080473275036,sl,-1.2860000000000582,-2.7120000000001165,0.0,-2.7120000000001165,2024,2024-02-27
h01_r60_t3,1,1708999205000000000,1709054035000000000,2033.833,2031.3005,0.12452984757940172,sl,-2.5325000000000273,-5.205000000000054,0.0,-5.205000000000054,2024,2024-02-27
h05_r60_t2,1,1709015460000000000,1709022185000000000,2034.0565000000001,2036.4225000000001,0.05817036738545306,tp,2.3659999999999854,4.591999999999971,0.0,4.591999999999971,2024,2024-02-27
h06_r60_t3,-1,1709017205000000000,1709018525000000000,2033.3049999999998,2035.046,0.08561319652925836,sl,-1.7410000000002128,-3.6220000000004258,0.0,-3.6220000000004258,2024,2024-02-27
h13_r30_t3,-1,1709041040000000000,1709070780000000000,2036.0929999999998,2030.571,0.12959486078680088,forced_close,5.5219999999999345,10.903999999999868,0.0,10.903999999999868,2024,2024-02-27
h14_r15_t2,1,1709043690000000000,1709046340000000000,2035.737,2033.67,0.10120549336632614,sl,-2.0670000000000073,-4.274000000000014,0.0,-4.274000000000014,2024,2024-02-27
h00_r30_t1,1,1709080920000000000,1709084365000000000,2030.8325,2032.465,0.08041038109102167,tp,1.6324999999999363,3.1249999999998725,0.0,3.1249999999998725,2024,2024-02-28
h02_r15_t3,-1,1709086670000000000,1709106295000000000,2032.337,2028.3049999999998,0.06611323071353349,tp,4.032000000000153,7.924000000000306,0.0,7.924000000000306,2024,2024-02-28
h04_r30_t3,1,1709100020000000000,1709102880000000000,2031.25,2029.8835,0.0672899129145956,sl,-1.3665000000000873,-2.8730000000001747,0.0,-2.8730000000001747,2024,2024-02-28
h05_r60_t2,1,1709100020000000000,1709102835000000000,2031.2045,2030.0925,0.05475111139340496,sl,-1.11200000000008,-2.36400000000016,0.0,-2.36400000000016,2024,2024-02-28
h06_r60_t3,-1,1709103800000000000,1709126060000000000,2028.725,2032.1195,0.16726367323247124,sl,-3.3945000000001073,-6.929000000000214,0.0,-6.929000000000214,2024,2024-02-28
h13_r30_t3,1,1709127100000000000,1709157180000000000,2034.226,2034.877,0.247794635124434,forced_close,0.6509999999998399,1.1619999999996797,0.0,1.1619999999996797,2024,2024-02-28
h14_r15_t2,-1,1709129700000000000,1709157180000000000,2034.656,2034.939,0.16466946677662705,forced_close,-0.28300000000012915,-0.7060000000002583,0.0,-0.7060000000002583,2024,2024-02-28
h00_r30_t1,-1,1709166670000000000,1709170650000000000,2034.5695,2035.6125,0.05125826004990641,sl,-1.0429999999998927,-2.2259999999997855,0.0,-2.2259999999997855,2024,2024-02-29
h01_r60_t3,1,1709172085000000000,1709200110000000000,2036.6444999999999,2034.2525,0.11745768920655295,sl,-2.3919999999998254,-4.92399999999965,0.0,-4.92399999999965,2024,2024-02-29
h02_r15_t3,1,1709173260000000000,1709177270000000000,2036.6245,2035.5484999999999,0.05284235127837099,sl,-1.0760000000000218,-2.292000000000044,0.0,-2.292000000000044,2024,2024-02-29
h05_r60_t2,1,1709187185000000000,1709200065000000000,2036.039,2034.475,0.07515908673359592,sl,-1.5640000000000782,-3.2680000000001566,0.0,-3.2680000000001566,2024,2024-02-29
h06_r60_t3,1,1709190100000000000,1709198370000000000,2037.085,2035.5,0.077815013339017,sl,-1.5850000000000364,-3.310000000000073,0.0,-3.310000000000073,2024,2024-02-29
h13_r30_t3,1,1709213405000000000,1709214295000000000,2033.6770000000001,2043.9730000000009,0.16887490783106918,tp,10.296000000000731,20.452000000001462,0.0,20.452000000001462,2024,2024-02-29
h14_r15_t2,-1,1709217330000000000,1709217900000000000,2046.6680000000001,2050.3955,0.18185725656802126,sl,-3.7274999999999636,-7.594999999999927,0.0,-7.594999999999927,2024,2024-02-29
h00_r30_t1,-1,1709253550000000000,1709256725000000000,2042.9189999999999,2044.3525,0.0701476403527834,sl,-1.4335000000000946,-3.0070000000001893,0.0,-3.0070000000001893,2024,2024-03-01
h01_r60_t3,1,1709259125000000000,1709281020000000000,2044.7939999999999,2043.1109999999999,0.08232288473475413,sl,-1.6829999999999927,-3.5059999999999856,0.0,-3.5059999999999856,2024,2024-03-01
h02_r15_t3,1,1709260290000000000,1709270245000000000,2045.219,2044.15,0.052270426356028105,sl,-1.06899999999996,-2.27799999999992,0.0,-2.27799999999992,2024,2024-03-01
h05_r60_t2,1,1709272935000000000,1709280850000000000,2045.738,2043.509,0.10899243849677677,sl,-2.229000000000042,-4.598000000000083,0.0,-4.598000000000083,2024,2024-03-01
h06_r60_t3,1,1709276830000000000,1709280030000000000,2048.2025,2044.9035,0.1611756294045114,sl,-3.298999999999978,-6.737999999999956,0.0,-6.737999999999956,2024,2024-03-01
h13_r30_t3,1,1709299900000000000,1709304300000000000,2052.624,2050.1710000000003,0.11901408382059345,sl,-2.45299999999952,-5.045999999999039,0.0,-5.045999999999039,2024,2024-03-01
h14_r15_t2,1,1709302515000000000,1709303730000000000,2054.4745000000003,2051.496,0.14499166608252173,sl,-2.9785000000001673,-6.097000000000334,0.0,-6.097000000000334,2024,2024-03-01
h00_r30_t1,1,1709512900000000000,1709514010000000000,2084.285,2082.2695,0.09672790447669387,sl,-2.0154999999999745,-4.170999999999949,0.0,-4.170999999999949,2024,2024-03-04
h01_r60_t3,1,1709520035000000000,1709561805000000000,2083.0365,2093.6130000000007,0.1694658616777958,tp,10.576500000000578,21.013000000001156,0.0,21.013000000001156,2024,2024-03-04
h02_r15_t3,1,1709518825000000000,1709538405000000000,2081.781,2087.3639999999996,0.08941004981450784,tp,5.582999999999629,11.025999999999257,0.0,11.025999999999257,2024,2024-03-04
h04_r30_t3,1,1709530220000000000,1709536880000000000,2081.6335,2085.5019999999995,0.061976941886096606,tp,3.8684999999995853,7.596999999999171,0.0,7.596999999999171,2024,2024-03-04
h05_r60_t2,1,1709532675000000000,1709538205000000000,2082.3565,2086.0154999999995,0.08788838487377366,tp,3.6589999999996508,7.177999999999302,0.0,7.177999999999302,2024,2024-03-04
h06_r60_t3,1,1709535605000000000,1709560715000000000,2083.991,2092.5155,0.13637742398092476,tp,8.524499999999989,16.908999999999978,0.0,16.908999999999978,2024,2024-03-04
h13_r30_t3,1,1709559100000000000,1709561810000000000,2084.4030000000002,2093.968500000001,0.15307943639306748,tp,9.565500000000611,18.991000000001222,0.0,18.991000000001222,2024,2024-03-04
h14_r15_t2,1,1709561790000000000,1709562670000000000,2092.893,2097.6940000000004,0.11473412201392881,tp,4.801000000000386,9.46200000000077,0.0,9.46200000000077,2024,2024-03-04
h00_r30_t1,1,1709599940000000000,1709601200000000000,2115.8765,2114.249,0.07697561280155543,sl,-1.6275000000000546,-3.3950000000001093,0.0,-3.3950000000001093,2024,2024-03-05
h01_r60_t3,1,1709616740000000000,1709645515000000000,2116.9435,2136.245499999999,0.3045300621673813,tp,19.301999999999225,38.46399999999845,0.0,38.46399999999845,2024,2024-03-05
h02_r15_t3,1,1709605105000000000,1709607220000000000,2113.1005,2111.501,0.07572343217698155,sl,-1.5994999999998072,-3.3389999999996145,0.0,-3.3389999999996145,2024,2024-03-05
h04_r30_t3,1,1709613250000000000,1709627570000000000,2115.3095,2123.139499999999,0.12344946175323647,tp,7.829999999999018,15.519999999998035,0.0,15.519999999998035,2024,2024-03-05
h05_r60_t2,-1,1709621145000000000,1709627240000000000,2115.3985000000002,2119.7325,0.20450003892766447,sl,-4.333999999999833,-8.807999999999666,0.0,-8.807999999999666,2024,2024-03-05
h06_r60_t3,-1,1709622345000000000,1709627240000000000,2115.377,2119.648,0.20171788447956268,sl,-4.2710000000001855,-8.682000000000372,0.0,-8.682000000000372,2024,2024-03-05
h13_r30_t3,1,1709645405000000000,1709646690000000000,2132.047,2124.247,0.36588746708772724,sl,-7.800000000000182,-15.740000000000364,0.0,-15.740000000000364,2024,2024-03-05
h14_r15_t2,1,1709648100000000000,1709654050000000000,2130.8145,2124.2815,0.3066564588665822,sl,-6.532999999999902,-13.205999999999804,0.0,-13.205999999999804,2024,2024-03-05
h00_r30_t1,-1,1709685515000000000,1709692200000000000,2126.3175,2124.4300000000003,0.08874779100282268,tp,1.887499999999818,3.634999999999636,0.0,3.634999999999636,2024,2024-03-06
h01_r60_t3,-1,1709691615000000000,1709708645000000000,2125.159,2128.1005,0.1383845863611043,sl,-2.9414999999999054,-6.0229999999998105,0.0,-6.0229999999998105,2024,2024-03-06
h02_r15_t3,-1,1709691400000000000,1709693800000000000,2125.322,2126.55,0.057769531558726654,sl,-1.2280000000000655,-2.596000000000131,0.0,-2.596000000000131,2024,2024-03-06
h04_r30_t3,1,1709700760000000000,1709710750000000000,2126.3305,2130.8740000000007,0.0712490458767279,tp,4.543500000000677,8.947000000001353,0.0,8.947000000001353,2024,2024-03-06
h05_r60_t2,-1,1709704800000000000,1709708645000000000,2125.279,2128.0655,0.1311081568188197,sl,-2.78650000000016,-5.71300000000032,0.0,-5.71300000000032,2024,2024-03-06
h06_r60_t3,1,1709708500000000000,1709714470000000000,2127.6325,2124.942,0.12647065321470286,sl,-2.6905000000001564,-5.5210000000003125,0.0,-5.5210000000003125,2024,2024-03-06
h13_r30_t3,-1,1709731840000000000,1709733365000000000,2133.0305,2138.023,0.23383603983621365,sl,-4.992500000000291,-10.125000000000583,0.0,-10.125000000000583,2024,2024-03-06
h14_r15_t2,1,1709734915000000000,1709736530000000000,2139.986,2148.541,0.20015015355763777,tp,8.555000000000291,16.97000000000058,0.0,16.97000000000058,2024,2024-03-06
h00_r30_t1,-1,1709773315000000000,1709774555000000000,2147.2505,2144.808,0.11369237937553253,tp,2.442500000000109,4.745000000000219,0.0,4.745000000000219,2024,2024-03-07
h01_r60_t3,1,1709778720000000000,1709816755000000000,2149.068,2163.4170000000013,0.22285236112614087,tp,14.34900000000107,28.55800000000214,0.0,28.55800000000214,2024,2024-03-07
h02_r15_t3,1,1709777930000000000,1709778825000000000,2146.9955,2150.856500000001,0.05996340694654226,tp,3.861000000000786,7.582000000001572,0.0,7.582000000001572,2024,2024-03-07
h04_r30_t3,-1,1709791415000000000,1709816755000000000,2151.7575,2161.738,0.46234636902562676,sl,-9.980499999999665,-20.10099999999933,0.0,-20.10099999999933,2024,2024-03-07
h05_r60_t2,-1,1709791200000000000,1709800290000000000,2154.445,2158.8635,0.20507310530155945,sl,-4.418499999999767,-8.976999999999535,0.0,-8.976999999999535,2024,2024-03-07
h06_r60_t3,1,1709794960000000000,1709822315000000000,2156.6125,2151.6035,0.2323683713663165,sl,-5.0090000000000146,-10.15800000000003,0.0,-10.15800000000003,2024,2024-03-07
h13_r30_t3,-1,1709820055000000000,1709848380000000000,2157.418,2159.715,0.3462931663488835,forced_close,-2.2970000000000255,-4.734000000000051,0.0,-4.734000000000051,2024,2024-03-07
h14_r15_t2,-1,1709821860000000000,1709839975000000000,2154.0965,2159.8540000000003,0.2670458880615142,sl,-5.757500000000164,-11.655000000000328,0.0,-11.655000000000328,2024,2024-03-07
h00_r30_t1,1,1709857800000000000,1709858880000000000,2162.2785,2160.2174999999997,0.09531825938961855,sl,-2.061000000000149,-4.262000000000298,0.0,-4.262000000000298,2024,2024-03-08
h01_r60_t3,-1,1709863250000000000,1709879810000000000,2157.7435,2161.8424999999997,0.1899504224299847,sl,-4.098999999999705,-8.337999999999411,0.0,-8.337999999999411,2024,2024-03-08
h02_r15_t3,1,1709864190000000000,1709865890000000000,2158.1645,2156.3815,0.08266441839229537,sl,-1.7829999999999018,-3.7059999999998037,0.0,-3.7059999999998037,2024,2024-03-08
h04_r30_t3,-1,1709872710000000000,1709879475000000000,2156.867,2159.3565,0.11533894400788722,sl,-2.48949999999968,-5.118999999999359,0.0,-5.118999999999359,2024,2024-03-08
h05_r60_t2,-1,1709878050000000000,1709879155000000000,2156.4705,2158.438,0.09118163520766011,sl,-1.9675000000002,-4.0750000000004,0.0,-4.0750000000004,2024,2024-03-08
h06_r60_t3,1,1709885255000000000,1709904605000000000,2162.1325,2156.5005,0.26058770578482315,sl,-5.632000000000062,-11.404000000000124,0.0,-11.404000000000124,2024,2024-03-08
h13_r30_t3,-1,1709904600000000000,1709904645000000000,2163.538,2167.678,0.19122914147353012,sl,-4.139999999999873,-8.419999999999746,0.0,-8.419999999999746,2024,2024-03-08
h14_r15_t2,-1,1709907330000000000,1709912125000000000,2165.091,2174.8065,0.4482326057560092,sl,-9.715500000000247,-19.571000000000495,0.0,-19.571000000000495,2024,2024-03-08
h00_r30_t1,1,1710117080000000000,1710118025000000000,2183.493,2187.4424999999997,0.18088458262925056,tp,3.9494999999997162,7.758999999999433,0.0,7.758999999999433,2024,2024-03-11
h01_r60_t3,-1,1710123395000000000,1710190380000000000,2178.9915,2182.608,0.3620968318935065,forced_close,-3.6165000000000873,-7.373000000000174,0.0,-7.373000000000174,2024,2024-03-11
h02_r15_t3,-1,1710123395000000000,1710129735000000000,2179.0344999999998,2180.482,0.06642390012232635,sl,-1.4475000000002183,-3.0350000000004367,0.0,-3.0350000000004367,2024,2024-03-11
h04_r30_t3,1,1710131475000000000,1710132905000000000,2181.31,2179.5685,0.0798445564260122,sl,-1.7415000000000873,-3.6230000000001747,0.0,-3.6230000000001747,2024,2024-03-11
h05_r60_t2,1,1710143520000000000,1710147515000000000,2181.705,2176.9030000000002,0.2204596367649582,sl,-4.80199999999968,-9.74399999999936,0.0,-9.74399999999936,2024,2024-03-11
h06_r60_t3,1,1710141760000000000,1710147490000000000,2180.0325000000003,2177.3195,0.12447560693329557,sl,-2.713000000000193,-5.566000000000385,0.0,-5.566000000000385,2024,2024-03-11
h13_r30_t3,1,1710163885000000000,1710190380000000000,2179.368,2182.546,0.20926173717083882,forced_close,3.1779999999998836,6.2159999999997675,0.0,6.2159999999997675,2024,2024-03-11
h14_r15_t2,1,1710168235000000000,1710190380000000000,2182.6575000000003,2182.546,0.3266656310170069,forced_close,-0.11150000000043292,-0.36300000000086585,0.0,-0.36300000000086585,2024,2024-03-11
h00_r30_t1,-1,1710203555000000000,1710210070000000000,2182.19,2179.7965000000004,0.10964867072459179,tp,2.393499999999676,4.646999999999353,0.0,4.646999999999353,2024,2024-03-12
h01_r60_t3,-1,1710209820000000000,1710242385000000000,2180.057,2170.804999999999,0.14128363789792886,tp,9.252000000000862,18.364000000001724,0.0,18.364000000001724,2024,2024-03-12
h02_r15_t3,-1,1710209700000000000,1710242235000000000,2180.549,2173.2725000000005,0.11123159353301346,tp,7.276499999999487,14.412999999998974,0.0,14.412999999998974,2024,2024-03-12
h04_r30_t3,1,1710217845000000000,1710221890000000000,2179.221,2177.2575,0.09011185848651272,sl,-1.96349999999984,-4.0669999999996795,0.0,-4.0669999999996795,2024,2024-03-12
h05_r60_t2,-1,1710226205000000000,1710246600000000000,2174.2305,2164.1755000000007,0.23101639171004698,tp,10.054999999999382,19.969999999998763,0.0,19.969999999998763,2024,2024-03-12
h06_r60_t3,1,1710227500000000000,1710242040000000000,2177.225,2173.6385,0.164868656705435,sl,-3.5864999999998872,-7.312999999999774,0.0,-7.312999999999774,2024,2024-03-12
h13_r30_t3,-1,1710250565000000000,1710276780000000000,2158.791,2158.763,0.5180737975093487,forced_close,0.028000000000247383,-0.08399999999950525,0.0,-0.08399999999950525,2024,2024-03-12
h14_r15_t2,1,1710253500000000000,1710270090000000000,2162.92,2152.65,0.476794012915685,sl,-10.269999999999982,-20.679999999999964,0.0,-20.679999999999964,2024,2024-03-12
h00_r30_t1,1,1710289810000000000,1710326425000000000,2159.7754999999997,2162.9204999999993,0.14562996652592314,tp,3.144999999999527,6.1499999999990544,0.0,6.1499999999990544,2024,2024-03-13
h01_r60_t3,1,1710296045000000000,1710304265000000000,2159.6445,2157.392,0.10434851895749944,sl,-2.2525000000000546,-4.645000000000109,0.0,-4.645000000000109,2024,2024-03-13
h02_r15_t3,1,1710296110000000000,1710304220000000000,2159.967,2157.466,0.1158030939938294,sl,-2.5010000000002037,-5.142000000000407,0.0,-5.142000000000407,2024,2024-03-13
h04_r30_t3,-1,1710304200000000000,1710306190000000000,2157.763,2159.7695,0.0915054488493952,sl,-2.00649999999996,-4.15299999999992,0.0,-4.15299999999992,2024,2024-03-13
h05_r60_t2,1,1710309660000000000,1710312000000000000,2160.6715,2158.7435,0.08925463124133765,sl,-1.9279999999998836,-3.9959999999997673,0.0,-3.9959999999997673,2024,2024-03-13
h06_r60_t3,-1,1710317730000000000,1710326205000000000,2158.457,2161.5985,0.14547129992256091,sl,-3.1415000000001783,-6.423000000000356,0.0,-6.423000000000356,2024,2024-03-13
h13_r30_t3,1,1710336660000000000,1710349310000000000,2164.8045,2174.8155000000015,0.15416111430261006,tp,10.011000000001332,19.882000000002662,0.0,19.882000000002662,2024,2024-03-13
h14_r15_t2,1,1710339610000000000,1710348960000000000,2167.2385,2174.6064999999994,0.1701634705587977,tp,7.367999999999483,14.595999999998966,0.0,14.595999999998966,2024,2024-03-13
h00_r30_t1,-1,1710376885000000000,1710377690000000000,2174.1475,2175.99,0.08473535664960978,sl,-1.8424999999997453,-3.824999999999491,0.0,-3.824999999999491,2024,2024-03-14
h01_r60_t3,-1,1710384720000000000,1710421080000000000,2173.2915000000003,2161.9530000000013,0.17378321859669615,tp,11.33849999999893,22.53699999999786,0.0,22.53699999999786,2024,2024-03-14
h02_r15_t3,-1,1710383745000000000,1710392715000000000,2174.334,2170.760999999999,0.054760219436303464,tp,3.573000000000775,7.00600000000155,0.0,7.00600000000155,2024,2024-03-14
h04_r30_t3,-1,1710390630000000000,1710417695000000000,2171.2275,2167.0710000000004,0.06380023779460078,tp,4.156499999999596,8.172999999999192,0.0,8.172999999999192,2024,2024-03-14
h05_r60_t2,-1,1710396000000000000,1710419525000000000,2168.7435,2162.0475,0.15436239754126502,tp,6.695999999999913,13.251999999999825,0.0,13.251999999999825,2024,2024-03-14
h06_r60_t3,1,1710408765000000000,1710416875000000000,2170.193,2167.5185,0.12331698482249318,sl,-2.67450000000008,-5.48900000000016,0.0,-5.48900000000016,2024,2024-03-14
h13_r30_t3,-1,1710423250000000000,1710449580000000000,2161.433,2161.924,0.2730412020467878,forced_close,-0.49099999999998545,-1.121999999999971,0.0,-1.121999999999971,2024,2024-03-14
h14_r15_t2,-1,1710425705000000000,1710430895000000000,2160.365,2153.258,0.16446192348945232,tp,7.106999999999971,14.073999999999941,0.0,14.073999999999941,2024,2024-03-14
h00_r30_t1,1,1710463235000000000,1710464495000000000,2162.161,2163.634,0.06815246441948404,tp,1.4729999999999563,2.8059999999999126,0.0,2.8059999999999126,2024,2024-03-15
h01_r60_t3,-1,1710468055000000000,1710481275000000000,2162.4155,2166.0055,0.16599881812541303,sl,-3.5900000000001455,-7.320000000000291,0.0,-7.320000000000291,2024,2024-03-15
h04_r30_t3,1,1710477400000000000,1710479790000000000,2165.315,2163.913,0.06478478121389415,sl,-1.4020000000000437,-2.9440000000000874,0.0,-2.9440000000000874,2024,2024-03-15
h05_r60_t2,1,1710482400000000000,1710504225000000000,2169.2735000000002,2163.5765,0.2626378018640561,sl,-5.697000000000116,-11.534000000000233,0.0,-11.534000000000233,2024,2024-03-15
h06_r60_t3,-1,1710487340000000000,1710496495000000000,2167.237,2170.239,0.13841149525449378,sl,-3.0019999999999527,-6.143999999999905,0.0,-6.143999999999905,2024,2024-03-15
h13_r30_t3,-1,1710509405000000000,1710511855000000000,2158.3405000000002,2163.387,0.23374902353678387,sl,-5.046499999999924,-10.232999999999848,0.0,-10.232999999999848,2024,2024-03-15
h14_r15_t2,1,1710512165000000000,1710517695000000000,2163.9700000000003,2159.244,0.21851889869434785,sl,-4.726000000000113,-9.592000000000226,0.0,-9.592000000000226,2024,2024-03-15
h00_r30_t1,1,1710723220000000000,1710723855000000000,2156.8555,2155.0355,0.08441164964249875,sl,-1.8200000000001637,-3.7800000000003275,0.0,-3.7800000000003275,2024,2024-03-18
h01_r60_t3,-1,1710729875000000000,1710757980000000000,2150.166,2156.65,0.30124939049730654,sl,-6.483999999999924,-13.107999999999848,0.0,-13.107999999999848,2024,2024-03-18
h02_r15_t3,1,1710728360000000000,1710729270000000000,2153.1545,2151.4915,0.07727630530971447,sl,-1.663000000000011,-3.466000000000022,0.0,-3.466000000000022,2024,2024-03-18
h04_r30_t3,1,1710738720000000000,1710739380000000000,2148.3625,2146.168,0.10221374620017368,sl,-2.194500000000062,-4.529000000000123,0.0,-4.529000000000123,2024,2024-03-18
h05_r60_t2,1,1710744615000000000,1710749625000000000,2148.383,2152.758999999999,0.1019049898979761,tp,4.375999999999294,8.611999999998588,0.0,8.611999999998588,2024,2024-03-18
h06_r60_t3,1,1710746135000000000,1710756775000000000,2149.1865,2156.433,0.11244485988965768,tp,7.2465000000001965,14.353000000000392,0.0,14.353000000000392,2024,2024-03-18
h13_r30_t3,-1,1710768600000000000,1710775545000000000,2155.9955,2161.1530000000002,0.23916067702296567,sl,-5.157500000000255,-10.45500000000051,0.0,-10.45500000000051,2024,2024-03-18
h14_r15_t2,1,1710771565000000000,1710777750000000000,2160.8105,2156.7335000000003,0.18888265508691848,sl,-4.076999999999771,-8.293999999999542,0.0,-8.293999999999542,2024,2024-03-18
h00_r30_t1,-1,1710809300000000000,1710810005000000000,2161.6414999999997,2160.3434999999995,0.06002943662282294,tp,1.2980000000002292,2.4560000000004583,0.0,2.4560000000004583,2024,2024-03-19
h01_r60_t3,1,1710814390000000000,1710824860000000000,2162.2385,2158.6885,0.16430917710722942,sl,-3.549999999999727,-7.239999999999454,0.0,-7.239999999999454,2024,2024-03-19
h02_r15_t3,-1,1710820125000000000,1710836190000000000,2160.04,2151.5635,0.13065424692195704,tp,8.47649999999976,16.81299999999952,0.0,16.81299999999952,2024,2024-03-19
h04_r30_t3,-1,1710823085000000000,1710828330000000000,2160.5055,2155.534500000001,0.07666526013442089,tp,4.970999999999094,9.801999999998188,0.0,9.801999999998188,2024,2024-03-19
h05_r60_t2,-1,1710828000000000000,1710836190000000000,2157.1675,2150.5155,0.15414247473287015,tp,6.652000000000044,13.164000000000087,0.0,13.164000000000087,2024,2024-03-19
h06_r60_t3,-1,1710835625000000000,1710852180000000000,2154.0395,2157.89,0.17852282964132746,sl,-3.850500000000011,-7.8410000000000215,0.0,-7.8410000000000215,2024,2024-03-19
h13_r30_t3,-1,1710855005000000000,1710881580000000000,2155.1055,2157.707,0.17094211344842247,forced_close,-2.60149999999976,-5.3429999999995195,0.0,-5.3429999999995195,2024,2024-03-19
h14_r15_t2,1,1710858390000000000,1710881580000000000,2152.8495000000003,2157.645,0.20393259745350398,forced_close,4.79549999999972,9.45099999999944,0.0,9.45099999999944,2024,2024-03-19
h00_r30_t1,-1,1710894600000000000,1710896000000000000,2155.431,2157.2725,0.0854340014799589,sl,-1.8414999999999964,-3.822999999999993,0.0,-3.822999999999993,2024,2024-03-20
h01_r60_t3,1,1710907215000000000,1710912070000000000,2160.1045,2156.6475,0.16014074968290926,sl,-3.45699999999988,-7.05399999999976,0.0,-7.05399999999976,2024,2024-03-20
h02_r15_t3,1,1710901960000000000,1710910630000000000,2158.797,2157.251,0.07150311314265521,sl,-1.5459999999998217,-3.2319999999996436,0.0,-3.2319999999996436,2024,2024-03-20
h04_r30_t3,-1,1710910000000000000,1710938280000000000,2158.286,2152.317500000001,0.09214690240277529,tp,5.96849999999904,11.796999999998079,0.0,11.796999999998079,2024,2024-03-20
h05_r60_t2,1,1710915510000000000,1710915845000000000,2158.2915000000003,2156.5935,0.07870198275232237,sl,-1.6980000000003201,-3.5360000000006404,0.0,-3.5360000000006404,2024,2024-03-20
h06_r60_t3,1,1710918640000000000,1710921905000000000,2158.322,2156.428,0.08780361844553906,sl,-1.8940000000002328,-3.928000000000466,0.0,-3.928000000000466,2024,2024-03-20
h13_r30_t3,-1,1710941400000000000,1710942480000000000,2151.174,2155.964,0.22091986802914398,sl,-4.789999999999964,-9.719999999999928,0.0,-9.719999999999928,2024,2024-03-20
h14_r15_t2,-1,1710945745000000000,1710957600000000000,2157.434,2164.9465,0.3472914846901579,sl,-7.512499999999818,-15.164999999999637,0.0,-15.164999999999637,2024,2024-03-20
h00_r30_t1,-1,1710981375000000000,1710983260000000000,2196.1345,2204.071,0.36125115387345524,sl,-7.936499999999796,-16.012999999999593,0.0,-16.012999999999593,2024,2024-03-21
h02_r15_t3,-1,1710987425000000000,1711001055000000000,2204.5254999999997,2206.4245,0.08609753731121526,sl,-1.899000000000342,-3.938000000000684,0.0,-3.938000000000684,2024,2024-03-21
h04_r30_t3,1,1710997920000000000,1711010000000000000,2204.205,2201.875,0.10573045450027961,sl,-2.3299999999999272,-4.799999999999854,0.0,-4.799999999999854,2024,2024-03-21
h05_r60_t2,1,1711000925000000000,1711009985000000000,2205.25,2201.91,0.15120548276342702,sl,-3.3400000000001455,-6.820000000000291,0.0,-6.820000000000291,2024,2024-03-21
h06_r60_t3,1,1711006190000000000,1711008875000000000,2209.6305,2204.3725,0.23822128709721224,sl,-5.258000000000266,-10.656000000000532,0.0,-10.656000000000532,2024,2024-03-21
h13_r30_t3,-1,1711027815000000000,1711031295000000000,2200.363,2176.9134999999987,0.3549543756590422,tp,23.44950000000108,46.75900000000216,0.0,46.75900000000216,2024,2024-03-21
h14_r15_t2,-1,1711030985000000000,1711054380000000000,2181.8775,2181.087,0.4678174637509014,forced_close,0.7905000000000655,1.4410000000001308,0.0,1.4410000000001308,2024,2024-03-21
h00_r30_t1,1,1711067680000000000,1711071415000000000,2184.637,2181.101,0.16189816440630664,sl,-3.536000000000058,-7.212000000000116,0.0,-7.212000000000116,2024,2024-03-22
h01_r60_t3,-1,1711075170000000000,1711140775000000000,2172.746,2165.365,0.6103972493362889,forced_close,7.381000000000313,14.622000000000625,0.0,14.622000000000625,2024,2024-03-22
h02_r15_t3,1,1711073785000000000,1711075165000000000,2177.183,2173.242,0.18038639782222116,sl,-3.9409999999998035,-8.021999999999608,0.0,-8.021999999999608,2024,2024-03-22
h04_r30_t3,1,1711082020000000000,1711083965000000000,2174.5905000000002,2173.263,0.061078754324701445,sl,-1.3275000000003274,-2.795000000000655,0.0,-2.795000000000655,2024,2024-03-22
h05_r60_t2,-1,1711087465000000000,1711088300000000000,2173.0955,2175.899,0.1289352026446542,sl,-2.8034999999999854,-5.746999999999971,0.0,-5.746999999999971,2024,2024-03-22
h06_r60_t3,-1,1711090820000000000,1711114845000000000,2169.948,2176.395,0.2969289008723305,sl,-6.447000000000116,-13.034000000000233,0.0,-13.034000000000233,2024,2024-03-22
h13_r30_t3,1,1711114840000000000,1711117455000000000,2176.2084999999997,2172.614,0.16529541295455713,sl,-3.594499999999698,-7.328999999999396,0.0,-7.328999999999396,2024,2024-03-22
h14_r15_t2,-1,1711116940000000000,1711126095000000000,2174.016,2162.07,0.2746739827221629,tp,11.945999999999913,23.751999999999825,0.0,23.751999999999825,2024,2024-03-22
h00_r30_t1,-1,1711328830000000000,1711329335000000000,2164.108,2169.532,0.2505337236683226,sl,-5.423999999999978,-10.987999999999957,0.0,-10.987999999999957,2024,2024-03-25
h01_r60_t3,1,1711333525000000000,1711350360000000000,2177.012,2164.018,0.597363216511762,sl,-12.994000000000142,-26.128000000000284,0.0,-26.128000000000284,2024,2024-03-25
h02_r15_t3,1,1711333365000000000,1711335760000000000,2176.626,2173.822,0.12886109357756068,sl,-2.8040000000000873,-5.748000000000174,0.0,-5.748000000000174,2024,2024-03-25
h04_r30_t3,-1,1711341090000000000,1711348880000000000,2170.1095,2165.1700000000005,0.07585192911057141,tp,4.939499999999498,9.738999999998995,0.0,9.738999999998995,2024,2024-03-25
h05_r60_t2,-1,1711347180000000000,1711362375000000000,2167.8145,2171.0895,0.15092732745492937,sl,-3.275000000000091,-6.690000000000182,0.0,-6.690000000000182,2024,2024-03-25
h06_r60_t3,-1,1711350245000000000,1711361915000000000,2164.3565,2170.615,0.28900466212521575,sl,-6.258499999999913,-12.656999999999826,0.0,-12.656999999999826,2024,2024-03-25
h13_r30_t3,-1,1711373400000000000,1711373565000000000,2173.072,2176.1715,0.142619350816216,sl,-3.099499999999807,-6.338999999999614,0.0,-6.338999999999614,2024,2024-03-25
h14_r15_t2,1,1711376100000000000,1711376925000000000,2180.057,2177.1535,0.12988621481341536,sl,-2.9034999999998945,-5.946999999999789,0.0,-5.946999999999789,2024,2024-03-25
h02_r15_t3,1,1711419425000000000,1711433390000000000,2170.478,2173.9550000000004,0.05341127046933279,tp,3.4770000000003165,6.814000000000633,0.0,6.814000000000633,2024,2024-03-26
h04_r30_t3,1,1711429060000000000,1711437245000000000,2172.1365,2170.189,0.08967986246172344,sl,-1.9475000000002183,-4.035000000000436,0.0,-4.035000000000436,2024,2024-03-26
h05_r60_t2,1,1711433115000000000,1711435690000000000,2173.4405,2171.416,0.0931652294202398,sl,-2.024499999999989,-4.188999999999978,0.0,-4.188999999999978,2024,2024-03-26
h06_r60_t3,-1,1711437130000000000,1711439680000000000,2170.612,2174.173,0.1638441767279099,sl,-3.5609999999996944,-7.2619999999993885,0.0,-7.2619999999993885,2024,2024-03-26
h13_r30_t3,-1,1711460420000000000,1711486380000000000,2185.832,2177.848,0.32733541978923475,forced_close,7.983999999999924,15.827999999999847,0.0,15.827999999999847,2024,2024-03-26
h14_r15_t2,-1,1711462510000000000,1711467625000000000,2181.678,2172.173,0.21779189039694968,tp,9.50500000000011,18.870000000000218,0.0,18.870000000000218,2024,2024-03-26
h00_r30_t1,-1,1711499585000000000,1711501650000000000,2177.3245,2180.247,0.13419431980353091,sl,-2.9224999999996726,-5.984999999999345,0.0,-5.984999999999345,2024,2024-03-27
h01_r60_t3,1,1711509265000000000,1711572780000000000,2180.418,2194.975,0.3292960888101856,forced_close,14.556999999999789,28.973999999999577,0.0,28.973999999999577,2024,2024-03-27
h02_r15_t3,-1,1711507750000000000,1711509140000000000,2174.9535,2177.693,0.1258592957852014,sl,-2.7395000000001346,-5.619000000000269,0.0,-5.619000000000269,2024,2024-03-27
h04_r30_t3,-1,1711516035000000000,1711523590000000000,2177.362,2180.1710000000003,0.12887848419817172,sl,-2.8090000000001965,-5.758000000000393,0.0,-5.758000000000393,2024,2024-03-27
h05_r60_t2,1,1711519670000000000,1711532575000000000,2178.5595,2184.1935,0.1293940344618989,tp,5.6340000000000146,11.128000000000029,0.0,11.128000000000029,2024,2024-03-27
h06_r60_t3,1,1711523590000000000,1711529365000000000,2180.1165,2176.5965,0.16163022448463638,sl,-3.519999999999982,-7.179999999999963,0.0,-7.179999999999963,2024,2024-03-27
h13_r30_t3,1,1711546340000000000,1711572780000000000,2187.2645,2194.975,0.17167293617907306,forced_close,7.7104999999996835,15.280999999999366,0.0,15.280999999999366,2024,2024-03-27
h14_r15_t2,-1,1711549440000000000,1711551265000000000,2189.9555,2194.1695,0.1922484284010301,sl,-4.213999999999942,-8.567999999999884,0.0,-8.567999999999884,2024,2024-03-27
h00_r30_t1,1,1711592000000000000,1711593005000000000,2190.9809999999998,2194.557,0.16334458078316882,tp,3.576000000000022,7.012000000000044,0.0,7.012000000000044,2024,2024-03-28
h01_r60_t3,1,1711591980000000000,1711604950000000000,2190.6059999999998,2199.5474999999988,0.13612936331603298,tp,8.941499999998996,17.74299999999799,0.0,17.74299999999799,2024,2024-03-28
h02_r15_t3,1,1711592110000000000,1711604705000000000,2191.492,2198.3365000000003,0.10411566033697837,tp,6.844500000000153,13.549000000000305,0.0,13.549000000000305,2024,2024-03-28
h04_r30_t3,1,1711603995000000000,1711610875000000000,2197.019,2194.3925,0.11937850317163369,sl,-2.626499999999851,-5.392999999999701,0.0,-5.392999999999701,2024,2024-03-28
h05_r60_t2,-1,1711610650000000000,1711621055000000000,2194.4985,2200.784,0.2860551580607757,sl,-6.285499999999956,-12.710999999999913,0.0,-12.710999999999913,2024,2024-03-28
h06_r60_t3,-1,1711610015000000000,1711620995000000000,2195.2110000000002,2199.0275,0.17357463231648596,sl,-3.8164999999999054,-7.7729999999998105,0.0,-7.7729999999998105,2024,2024-03-28
h13_r30_t3,-1,1711632600000000000,1711643020000000000,2208.8464999999997,2217.2799999999997,0.3816496805745854,sl,-8.433500000000095,-17.00700000000019,0.0,-17.00700000000019,2024,2024-03-28
h14_r15_t2,1,1711636450000000000,1711643400000000000,2209.434,2219.5200000000004,0.22848904539334366,tp,10.08600000000024,20.03200000000048,0.0,20.03200000000048,2024,2024-03-28
h00_r30_t1,1,1711931440000000000,1711933430000000000,2250.7574999999997,2257.5529999999994,0.3020024242855066,tp,6.79549999999972,13.45099999999944,0.0,13.45099999999944,2024,2024-04-01
h01_r60_t3,1,1711942620000000000,1711964450000000000,2259.743,2250.16,0.42344396808997986,sl,-9.583000000000084,-19.306000000000168,0.0,-19.306000000000168,2024,2024-04-01
h02_r15_t3,1,1711937710000000000,1711943725000000000,2257.495,2264.9214999999986,0.10967715352451358,tp,7.4264999999986685,14.712999999997336,0.0,14.712999999997336,2024,2024-04-01
h04_r30_t3,-1,1711945830000000000,1711979350000000000,2260.191,2243.2799999999993,0.24935295187095094,tp,16.911000000000513,33.682000000001025,0.0,33.682000000001025,2024,2024-04-01
h05_r60_t2,-1,1711957940000000000,1711968690000000000,2257.9984999999997,2246.9624999999996,0.24397625586645194,tp,11.036000000000058,21.932000000000116,0.0,21.932000000000116,2024,2024-04-01
h06_r60_t3,1,1711956755000000000,1711957685000000000,2262.8105,2259.0654999999997,0.16567823782061875,sl,-3.7450000000003456,-7.630000000000691,0.0,-7.630000000000691,2024,2024-04-01
h13_r30_t3,-1,1711978260000000000,1711980255000000000,2252.5315,2236.1200000000003,0.2426839904425806,tp,16.411499999999705,32.68299999999941,0.0,32.68299999999941,2024,2024-04-01
h14_r15_t2,-1,1711981005000000000,1712001765000000000,2234.4145,2244.563,0.538289209025783,forced_close,-10.14850000000024,-20.43700000000048,0.0,-20.43700000000048,2024,2024-04-01
h00_r30_t1,1,1712017920000000000,1712019960000000000,2252.102,2247.9165000000003,0.1859259951904711,sl,-4.1854999999995925,-8.510999999999186,0.0,-8.510999999999186,2024,2024-04-02
h01_r60_t3,1,1712025635000000000,1712045315000000000,2250.4210000000003,2261.4295000000016,0.16315454953095238,tp,11.008500000001277,21.877000000002553,0.0,21.877000000002553,2024,2024-04-02
h02_r15_t3,-1,1712024295000000000,1712025280000000000,2248.057,2249.8485,0.07968774325557766,sl,-1.7915000000002692,-3.7230000000005385,0.0,-3.7230000000005385,2024,2024-04-02
h04_r30_t3,1,1712032235000000000,1712033175000000000,2252.5005,2258.4495000000006,0.0880453662296592,tp,5.949000000000524,11.758000000001047,0.0,11.758000000001047,2024,2024-04-02
h05_r60_t2,1,1712044190000000000,1712066600000000000,2257.196,2266.9300000000003,0.2159575645826128,tp,9.734000000000378,19.328000000000756,0.0,19.328000000000756,2024,2024-04-02
h06_r60_t3,1,1712044030000000000,1712066605000000000,2256.221,2267.7829999999994,0.17085131967571118,tp,11.561999999999443,22.983999999998886,0.0,22.983999999998886,2024,2024-04-02
h13_r30_t3,1,1712064650000000000,1712067855000000000,2259.9785,2276.054000000001,0.23725173190223453,tp,16.07550000000083,32.01100000000166,0.0,32.01100000000166,2024,2024-04-02
h14_r15_t2,1,1712067580000000000,1712069210000000000,2274.258,2263.4030000000002,0.47791813873935873,sl,-10.854999999999563,-21.849999999999127,0.0,-21.849999999999127,2024,2024-04-02
h00_r30_t1,1,1712104835000000000,1712106515000000000,2285.617,2279.594,0.2638357148489236,sl,-6.023000000000138,-12.186000000000277,0.0,-12.186000000000277,2024,2024-04-03
h01_r60_t3,1,1712109915000000000,1712128325000000000,2283.538,2276.835,0.29365603516161815,sl,-6.7029999999999745,-13.54599999999995,0.0,-13.54599999999995,2024,2024-04-03
h02_r15_t3,1,1712110550000000000,1712120795000000000,2284.553,2281.5905000000002,0.12970426988643977,sl,-2.962499999999636,-6.064999999999272,0.0,-6.064999999999272,2024,2024-04-03
h04_r30_t3,-1,1712118650000000000,1712127825000000000,2285.1235,2279.0755,0.0882174560291151,tp,6.048000000000229,11.956000000000458,0.0,11.956000000000458,2024,2024-04-03
h05_r60_t2,1,1712124000000000000,1712127600000000000,2286.097,2280.942,0.22400957453928846,sl,-5.1550000000002,-10.4500000000004,0.0,-10.4500000000004,2024,2024-04-03
h06_r60_t3,-1,1712127600000000000,1712147190000000000,2281.0495,2266.000000000001,0.21982004246975467,tp,15.04949999999917,29.95899999999834,0.0,29.95899999999834,2024,2024-04-03
h13_r30_t3,-1,1712151050000000000,1712152800000000000,2273.4245,2278.956,0.24318764642806961,sl,-5.531500000000051,-11.203000000000102,0.0,-11.203000000000102,2024,2024-04-03
h14_r15_t2,-1,1712154635000000000,1712157840000000000,2275.2385,2285.3845,0.4451086416487264,sl,-10.146000000000186,-20.43200000000037,0.0,-20.43200000000037,2024,2024-04-03
h00_r30_t1,1,1712191185000000000,1712192425000000000,2301.0,2304.6735,0.15974083153505683,tp,3.6734999999998763,7.206999999999753,0.0,7.206999999999753,2024,2024-04-04
h01_r60_t3,-1,1712209430000000000,1712256990000000000,2297.5795,2304.9685,0.32110631969743797,sl,-7.389000000000124,-14.918000000000248,0.0,-14.918000000000248,2024,2024-04-04
h02_r15_t3,-1,1712197250000000000,1712198065000000000,2300.184,2301.3514999999998,0.05048880465634599,sl,-1.1674999999995634,-2.474999999999127,0.0,-2.474999999999127,2024,2024-04-04
h04_r30_t3,-1,1712206325000000000,1712207735000000000,2298.449,2300.2785,0.07926953751681391,sl,-1.8294999999998254,-3.798999999999651,0.0,-3.798999999999651,2024,2024-04-04
h05_r60_t2,-1,1712213370000000000,1712234465000000000,2295.011,2283.5009999999997,0.25072510965139666,tp,11.510000000000218,22.880000000000436,0.0,22.880000000000436,2024,2024-04-04
h06_r60_t3,1,1712214140000000000,1712214600000000000,2297.401,2294.8540000000003,0.11093722573306207,sl,-2.5469999999995707,-5.233999999999141,0.0,-5.233999999999141,2024,2024-04-04
h13_r30_t3,-1,1712237865000000000,1712239260000000000,2285.218,2291.152,0.2591113058594217,sl,-5.9340000000001965,-12.008000000000393,0.0,-12.008000000000393,2024,2024-04-04
h14_r15_t2,1,1712240270000000000,1712249845000000000,2294.0995000000003,2287.161,0.30269729310923377,sl,-6.938500000000204,-14.017000000000408,0.0,-14.017000000000408,2024,2024-04-04
h00_r30_t1,-1,1712277000000000000,1712279720000000000,2283.951,2277.527,0.281251710210916,tp,6.423999999999978,12.707999999999956,0.0,12.707999999999956,2024,2024-04-05
h02_r15_t3,1,1712286390000000000,1712302210000000000,2274.8145,2286.594,0.1726650151392471,tp,11.779500000000098,23.419000000000196,0.0,23.419000000000196,2024,2024-04-05
h04_r30_t3,1,1712291460000000000,1712303140000000000,2279.3985000000002,2287.666500000001,0.12094567581908497,tp,8.268000000000939,16.396000000001877,0.0,16.396000000001877,2024,2024-04-05
h05_r60_t2,1,1712297085000000000,1712298370000000000,2282.398,2277.4539999999997,0.21685775135971058,sl,-4.944000000000415,-10.02800000000083,0.0,-10.02800000000083,2024,2024-04-05
h06_r60_t3,1,1712300795000000000,1712325065000000000,2283.1845,2302.699499999999,0.2854108545192057,tp,19.514999999998963,38.889999999997926,0.0,38.889999999997926,2024,2024-04-05
h13_r30_t3,1,1712324865000000000,1712347255000000000,2299.3959999999997,2323.585,0.5368048718864562,forced_close,24.189000000000306,48.23800000000061,0.0,48.23800000000061,2024,2024-04-05
h14_r15_t2,1,1712326505000000000,1712327925000000000,2304.572,2321.848,0.37492067983995864,tp,17.27599999999984,34.41199999999968,0.0,34.41199999999968,2024,2024-04-05
h00_r30_t1,-1,1712537860000000000,1712539625000000000,2306.42,2311.9595,0.23865562459198159,sl,-5.539499999999862,-11.218999999999724,0.0,-11.218999999999724,2024,2024-04-08
h01_r60_t3,1,1712541635000000000,1712609580000000000,2325.2309999999998,2338.534,0.9580751247231387,forced_close,13.303000000000338,26.466000000000676,0.0,26.466000000000676,2024,2024-04-08
h02_r15_t3,1,1712542550000000000,1712584965000000000,2329.9745000000003,2321.765,0.3525170542121543,sl,-8.20950000000039,-16.55900000000078,0.0,-16.55900000000078,2024,2024-04-08
h04_r30_t3,-1,1712550610000000000,1712579015000000000,2341.386,2328.522,0.18313019818249307,tp,12.864000000000033,25.588000000000065,0.0,25.588000000000065,2024,2024-04-08
h05_r60_t2,-1,1712556320000000000,1712609580000000000,2331.982,2338.596,0.5055589857723409,forced_close,-6.614000000000033,-13.368000000000066,0.0,-13.368000000000066,2024,2024-04-08
h06_r60_t3,1,1712564140000000000,1712578005000000000,2341.4335,2331.8595,0.40981097928729826,sl,-9.57400000000007,-19.28800000000014,0.0,-19.28800000000014,2024,2024-04-08
h13_r30_t3,1,1712583285000000000,1712584830000000000,2335.1255,2325.5915,0.40868798468470735,sl,-9.534000000000106,-19.20800000000021,0.0,-19.20800000000021,2024,2024-04-08
h14_r15_t2,1,1712586695000000000,1712609580000000000,2327.922,2338.534,0.39519882666526324,forced_close,10.61200000000008,21.08400000000016,0.0,21.08400000000016,2024,2024-04-08
h00_r30_t1,-1,1712624635000000000,1712625050000000000,2338.627,2341.7725,0.13445801302219054,sl,-3.1455000000000837,-6.431000000000167,0.0,-6.431000000000167,2024,2024-04-09
h02_r15_t3,1,1712629285000000000,1712646905000000000,2342.8935,2356.009500000001,0.18666155467899714,tp,13.116000000000895,26.09200000000179,0.0,26.09200000000179,2024,2024-04-09
h04_r30_t3,-1,1712638375000000000,1712639330000000000,2343.3725,2346.3005,0.12485272878686401,sl,-2.9279999999998836,-5.995999999999767,0.0,-5.995999999999767,2024,2024-04-09
h05_r60_t2,-1,1712643770000000000,1712646790000000000,2343.9665,2348.0370000000003,0.17357217114247056,sl,-4.070500000000266,-8.281000000000532,0.0,-8.281000000000532,2024,2024-04-09
h06_r60_t3,1,1712646690000000000,1712651625000000000,2346.8735,2357.9105000000004,0.15691539897094753,tp,11.037000000000262,21.934000000000523,0.0,21.934000000000523,2024,2024-04-09
h13_r30_t3,1,1712669415000000000,1712673670000000000,2353.923,2348.1715,0.24443492459342375,sl,-5.751499999999851,-11.642999999999702,0.0,-11.642999999999702,2024,2024-04-09
h14_r15_t2,1,1712672230000000000,1712673485000000000,2362.3195,2355.2595,0.2989651191128251,sl,-7.059999999999945,-14.259999999999891,0.0,-14.259999999999891,2024,2024-04-09
h00_r30_t1,-1,1712709000000000000,1712710980000000000,2352.14,2348.62,0.14964589826757163,tp,3.519999999999982,6.899999999999964,0.0,6.899999999999964,2024,2024-04-10
h01_r60_t3,1,1712716395000000000,1712752200000000000,2352.035,2344.7975,0.3080548194990178,sl,-7.237499999999727,-14.614999999999455,0.0,-14.614999999999455,2024,2024-04-10
h02_r15_t3,1,1712716240000000000,1712724945000000000,2350.7955,2356.3290000000006,0.07850157120182534,tp,5.533500000000458,10.927000000000916,0.0,10.927000000000916,2024,2024-04-10
h04_r30_t3,1,1712723420000000000,1712741110000000000,2354.299,2350.9315,0.1430400958273,sl,-3.3674999999998363,-6.874999999999672,0.0,-6.874999999999672,2024,2024-04-10
h05_r60_t2,-1,1712731055000000000,1712741480000000000,2355.825,2347.1169999999993,0.18468971470445594,tp,8.708000000000538,17.276000000001076,0.0,17.276000000001076,2024,2024-04-10
h06_r60_t3,-1,1712735010000000000,1712752215000000000,2353.9415,2335.7584999999995,0.2572369374586658,tp,18.183000000000447,36.226000000000894,0.0,36.226000000000894,2024,2024-04-10
h13_r30_t3,-1,1712755885000000000,1712758075000000000,2322.011,2339.7065000000002,0.7605880798004031,sl,-17.695500000000266,-35.53100000000053,0.0,-35.53100000000053,2024,2024-04-10
h14_r15_t2,1,1712758635000000000,1712761830000000000,2344.3005,2332.2745,0.5134826557633727,sl,-12.02599999999984,-24.19199999999968,0.0,-24.19199999999968,2024,2024-04-10
h00_r30_t1,1,1712795695000000000,1712797660000000000,2336.016,2338.6085000000003,0.11105987101633812,tp,2.5925000000002,5.0450000000004005,0.0,5.0450000000004005,2024,2024-04-11
h01_r60_t3,1,1712803000000000000,1712816680000000000,2342.3525,2334.132,0.3511904075312475,sl,-8.220499999999902,-16.580999999999804,0.0,-16.580999999999804,2024,2024-04-11
h02_r15_t3,1,1712801960000000000,1712804990000000000,2341.381,2346.7915,0.07704861303952124,tp,5.410499999999956,10.680999999999912,0.0,10.680999999999912,2024,2024-04-11
h04_r30_t3,-1,1712809815000000000,1712823365000000000,2342.441,2331.2164999999995,0.15968332213011055,tp,11.224500000000262,22.309000000000523,0.0,22.309000000000523,2024,2024-04-11
h05_r60_t2,-1,1712815540000000000,1712825245000000000,2338.975,2327.605,0.24274321610636235,tp,11.36999999999989,22.59999999999978,0.0,22.59999999999978,2024,2024-04-11
h06_r60_t3,-1,1712822860000000000,1712838865000000000,2333.9805,2342.263,0.3545454915147643,sl,-8.2824999999998,-16.7049999999996,0.0,-16.7049999999996,2024,2024-04-11
h13_r30_t3,1,1712842520000000000,1712845025000000000,2345.198,2336.983,0.350659647782326,sl,-8.21499999999969,-16.569999999999382,0.0,-16.569999999999382,2024,2024-04-11
h14_r15_t2,-1,1712844950000000000,1712853770000000000,2341.6635,2346.925,0.22464613377236722,sl,-5.261500000000069,-10.663000000000139,0.0,-10.663000000000139,2024,2024-04-11
h00_r30_t1,1,1712883060000000000,1712883600000000000,2377.134,2379.5815000000002,0.10300262651437925,tp,2.4475000000002183,4.755000000000437,0.0,4.755000000000437,2024,2024-04-12
h01_r60_t3,1,1712887365000000000,1712934060000000000,2391.5205,2429.7975,0.5336798899429016,tp,38.277000000000044,76.41400000000009,0.0,76.41400000000009,2024,2024-04-12
h02_r15_t3,-1,1712888845000000000,1712905735000000000,2389.377,2395.556,0.25813356772424234,sl,-6.179000000000087,-12.498000000000175,0.0,-12.498000000000175,2024,2024-04-12
h04_r30_t3,1,1712897630000000000,1712908690000000000,2387.123,2400.0890000000004,0.18118767219536897,tp,12.96600000000035,25.792000000000698,0.0,25.792000000000698,2024,2024-04-12
h05_r60_t2,1,1712903655000000000,1712929365000000000,2390.188,2403.6800000000003,0.2825416011723883,tp,13.49200000000019,26.844000000000378,0.0,26.844000000000378,2024,2024-04-12
h06_r60_t3,1,1712905300000000000,1712933780000000000,2395.293,2426.739,0.4376381318838906,tp,31.445999999999913,62.751999999999825,0.0,62.751999999999825,2024,2024-04-12
h13_r30_t3,-1,1712928615000000000,1712929350000000000,2394.4045,2399.986,0.23289306259070544,sl,-5.581499999999778,-11.302999999999557,0.0,-11.302999999999557,2024,2024-04-12
h14_r15_t2,1,1712931345000000000,1712935505000000000,2415.7174999999997,2400.416,0.6338305584908018,sl,-15.301499999999578,-30.742999999999157,0.0,-30.742999999999157,2024,2024-04-12
h00_r30_t1,-1,1713141005000000000,1713142300000000000,2360.1085000000003,2354.1655000000005,0.25167556085472104,tp,5.942999999999756,11.745999999999512,0.0,11.745999999999512,2024,2024-04-15
h01_r60_t3,1,1713146810000000000,1713169945000000000,2359.888,2348.4985,0.4834800887876415,sl,-11.38949999999977,-22.918999999999542,0.0,-22.918999999999542,2024,2024-04-15
h02_r15_t3,1,1713147310000000000,1713157660000000000,2363.4075000000003,2353.6504999999997,0.4129211260131217,sl,-9.757000000000517,-19.654000000001034,0.0,-19.654000000001034,2024,2024-04-15
h04_r30_t3,-1,1713156165000000000,1713160190000000000,2356.0115,2358.781,0.11745830325659475,sl,-2.76949999999988,-5.67899999999976,0.0,-5.67899999999976,2024,2024-04-15
h05_r60_t2,-1,1713164560000000000,1713190045000000000,2352.172,2331.382,0.44024374129676797,tp,20.789999999999964,41.43999999999993,0.0,41.43999999999993,2024,2024-04-15
h06_r60_t3,-1,1713164530000000000,1713190110000000000,2353.161,2327.8845000000006,0.35777700541219004,tp,25.276499999999487,50.41299999999897,0.0,50.41299999999897,2024,2024-04-15
h13_r30_t3,-1,1713188230000000000,1713201965000000000,2351.6225,2361.236,0.4083448726988493,sl,-9.61349999999993,-19.366999999999862,0.0,-19.366999999999862,2024,2024-04-15
h14_r15_t2,1,1713192130000000000,1713214380000000000,2349.251,2381.743,1.0747605551557662,forced_close,32.491999999999734,64.84399999999947,0.0,64.84399999999947,2024,2024-04-15
h00_r30_t1,1,1713227400000000000,1713230115000000000,2385.119,2380.2425,0.20446317985633303,sl,-4.876500000000306,-9.893000000000612,0.0,-9.893000000000612,2024,2024-04-16
h01_r60_t3,1,1713236180000000000,1713249100000000000,2387.044,2379.3055,0.32463180812806275,sl,-7.738499999999931,-15.616999999999862,0.0,-15.616999999999862,2024,2024-04-16
h02_r15_t3,-1,1713234695000000000,1713235380000000000,2381.0865,2384.8334999999997,0.1573440888886957,sl,-3.7469999999998436,-7.633999999999687,0.0,-7.633999999999687,2024,2024-04-16
h04_r30_t3,-1,1713242610000000000,1713244015000000000,2384.3815,2388.343,0.16597140088408677,sl,-3.9614999999998872,-8.062999999999775,0.0,-8.062999999999775,2024,2024-04-16
h05_r60_t2,-1,1713247955000000000,1713249115000000000,2385.0055,2376.7755000000006,0.17242206491239392,tp,8.229999999999563,16.319999999999126,0.0,16.319999999999126,2024,2024-04-16
h06_r60_t3,-1,1713254040000000000,1713279780000000000,2368.7165,2388.217,0.8217198154759627,sl,-19.500500000000102,-39.141000000000204,0.0,-39.141000000000204,2024,2024-04-16
h13_r30_t3,-1,1713274705000000000,1713279180000000000,2370.5834999999997,2379.362,0.3690614777341954,sl,-8.77850000000035,-17.6970000000007,0.0,-17.6970000000007,2024,2024-04-16
h14_r15_t2,1,1713276945000000000,1713277360000000000,2371.524,2365.4695,0.25545658988973885,sl,-6.054499999999734,-12.24899999999947,0.0,-12.24899999999947,2024,2024-04-16
h00_r30_t1,-1,1713314025000000000,1713315600000000000,2381.0975,2384.7945,0.15520277744543517,sl,-3.6970000000001164,-7.5340000000002325,0.0,-7.5340000000002325,2024,2024-04-17
h01_r60_t3,1,1713320245000000000,1713324205000000000,2385.642,2381.372,0.17905842525453372,sl,-4.269999999999982,-8.679999999999964,0.0,-8.679999999999964,2024,2024-04-17
h02_r15_t3,1,1713320175000000000,1713322075000000000,2385.0515,2383.4435,0.06742770234444086,sl,-1.6080000000001746,-3.3560000000003494,0.0,-3.3560000000003494,2024,2024-04-17
h04_r30_t3,-1,1713328495000000000,1713332200000000000,2381.2165,2375.5195000000003,0.07971840386879363,tp,5.696999999999662,11.253999999999323,0.0,11.253999999999323,2024,2024-04-17
h05_r60_t2,-1,1713334625000000000,1713340180000000000,2374.2445,2382.1515,0.3325617580896122,sl,-7.907000000000153,-15.954000000000306,0.0,-15.954000000000306,2024,2024-04-17
h06_r60_t3,1,1713340140000000000,1713371865000000000,2381.633,2372.725,0.3741158688250944,sl,-8.907999999999902,-17.955999999999804,0.0,-17.955999999999804,2024,2024-04-17
h13_r30_t3,1,1713360600000000000,1713367865000000000,2388.823,2383.014,0.2432656476366712,sl,-5.808999999999742,-11.757999999999484,0.0,-11.757999999999484,2024,2024-04-17
h14_r15_t2,-1,1713363420000000000,1713364355000000000,2387.764,2393.4915,0.23969013328277827,sl,-5.727499999999964,-11.594999999999928,0.0,-11.594999999999928,2024,2024-04-17
h00_r30_t1,1,1713401035000000000,1713403695000000000,2369.8914999999997,2366.9425,0.12450894646810315,sl,-2.9489999999996144,-6.037999999999228,0.0,-6.037999999999228,2024,2024-04-18
h01_r60_t3,1,1713407620000000000,1713473580000000000,2372.094,2377.444,0.33687527588923066,forced_close,5.349999999999909,10.559999999999818,0.0,10.559999999999818,2024,2024-04-18
h02_r15_t3,1,1713407400000000000,1713442055000000000,2371.596,2386.1265,0.20429679154704145,tp,14.530499999999847,28.920999999999694,0.0,28.920999999999694,2024,2024-04-18
h04_r30_t3,1,1713414640000000000,1713435905000000000,2375.3295,2381.6279999999992,0.08839631526937644,tp,6.298499999999422,12.456999999998843,0.0,12.456999999998843,2024,2024-04-18
h05_r60_t2,1,1713420100000000000,1713437155000000000,2377.2365,2384.0145,0.14258367166628622,tp,6.778000000000247,13.416000000000494,0.0,13.416000000000494,2024,2024-04-18
h06_r60_t3,1,1713423890000000000,1713425495000000000,2380.9795,2376.3575,0.19414588412405187,sl,-4.621999999999844,-9.383999999999688,0.0,-9.383999999999688,2024,2024-04-18
h13_r30_t3,1,1713447070000000000,1713447350000000000,2391.6355,2382.66,0.37540555134279,sl,-8.975500000000011,-18.091000000000022,0.0,-18.091000000000022,2024,2024-04-18
h14_r15_t2,-1,1713450535000000000,1713454755000000000,2376.8535,2385.0965,0.3460238841695201,sl,-8.242999999999938,-16.625999999999877,0.0,-16.625999999999877,2024,2024-04-18
h00_r30_t1,1,1713488485000000000,1713488860000000000,2379.967,2386.1215,0.25912533148527916,tp,6.154500000000098,12.169000000000196,0.0,12.169000000000196,2024,2024-04-19
h02_r15_t3,-1,1713493485000000000,1713496750000000000,2407.1095,2383.5954999999994,0.32490472660105396,tp,23.51400000000058,46.888000000001156,0.0,46.888000000001156,2024,2024-04-19
h04_r30_t3,-1,1713501715000000000,1713509960000000000,2384.887,2391.524,0.27800874196540143,sl,-6.636999999999716,-13.413999999999433,0.0,-13.413999999999433,2024,2024-04-19
h05_r60_t2,-1,1713506435000000000,1713506900000000000,2380.3675,2384.5045,0.17371700001617374,sl,-4.137000000000171,-8.414000000000343,0.0,-8.414000000000343,2024,2024-04-19
h06_r60_t3,1,1713510820000000000,1713515260000000000,2391.977,2378.7,0.5555070911147544,sl,-13.277000000000044,-26.694000000000088,0.0,-26.694000000000088,2024,2024-04-19
h13_r30_t3,1,1713533460000000000,1713559980000000000,2382.752,2390.227,0.4020948562672505,forced_close,7.474999999999909,14.809999999999818,0.0,14.809999999999818,2024,2024-04-19
h14_r15_t2,1,1713536100000000000,1713546030000000000,2385.996,2400.5380000000005,0.3047438146456912,tp,14.542000000000371,28.94400000000074,0.0,28.94400000000074,2024,2024-04-19
h00_r30_t1,-1,1713746425000000000,1713749030000000000,2382.799,2378.9925,0.15967073390441786,tp,3.806500000000142,7.473000000000284,0.0,7.473000000000284,2024,2024-04-22
h01_r60_t3,-1,1713751380000000000,1713768470000000000,2376.156,2351.64,0.3436320630749025,tp,24.516000000000076,48.89200000000015,0.0,48.89200000000015,2024,2024-04-22
h02_r15_t3,-1,1713752460000000000,1713755885000000000,2374.7709999999997,2364.4524999999985,0.14480782176956494,tp,10.318500000001222,20.497000000002444,0.0,20.497000000002444,2024,2024-04-22
h04_r30_t3,-1,1713760755000000000,1713768325000000000,2369.485,2358.9400000000005,0.14818181128339666,tp,10.544999999999618,20.949999999999235,0.0,20.949999999999235,2024,2024-04-22
h05_r60_t2,-1,1713768230000000000,1713785205000000000,2360.9075000000003,2341.5425000000005,0.4093056641436144,tp,19.36499999999978,38.58999999999956,0.0,38.58999999999956,2024,2024-04-22
h13_r30_t3,-1,1713792600000000000,1713797420000000000,2334.409,2343.8375,0.40336907403941225,sl,-9.428499999999985,-18.99699999999997,0.0,-18.99699999999997,2024,2024-04-22
h14_r15_t2,1,1713795790000000000,1713799670000000000,2338.9094999999998,2333.0245,0.25201494189523643,sl,-5.8849999999997635,-11.909999999999528,0.0,-11.909999999999528,2024,2024-04-22
h00_r30_t1,-1,1713832210000000000,1713834405000000000,2331.2605,2333.9345,0.11468398963898255,sl,-2.673999999999978,-5.487999999999956,0.0,-5.487999999999956,2024,2024-04-23
h02_r15_t3,1,1713839165000000000,1713863485000000000,2314.306,2298.3914999999997,0.6881350802092929,sl,-15.914500000000317,-31.969000000000634,0.0,-31.969000000000634,2024,2024-04-23
h04_r30_t3,1,1713846665000000000,1713853305000000000,2307.208,2301.809,0.23424644904466743,sl,-5.398999999999887,-10.937999999999775,0.0,-10.937999999999775,2024,2024-04-23
h05_r60_t2,-1,1713853230000000000,1713878250000000000,2304.375,2314.8925,0.455632624292288,sl,-10.517499999999927,-21.174999999999855,0.0,-21.174999999999855,2024,2024-04-23
h06_r60_t3,1,1713857265000000000,1713863480000000000,2310.0865,2298.9565000000002,0.4834751831276133,sl,-11.129999999999654,-22.39999999999931,0.0,-22.39999999999931,2024,2024-04-23
h13_r30_t3,1,1713879595000000000,1713905580000000000,2316.934,2322.508,0.3172925865433919,forced_close,5.573999999999614,11.007999999999228,0.0,11.007999999999228,2024,2024-04-23
h14_r15_t2,-1,1713881745000000000,1713905580000000000,2324.6765,2322.57,0.3268737067521317,forced_close,2.106499999999869,4.072999999999738,0.0,4.072999999999738,2024,2024-04-23
h00_r30_t1,-1,1713919055000000000,1713920475000000000,2321.815,2319.9320000000002,0.0810698638818391,tp,1.8829999999998108,3.6259999999996215,0.0,3.6259999999996215,2024,2024-04-24
h01_r60_t3,-1,1713924135000000000,1713928475000000000,2316.1075,2323.2754999999997,0.30919007986402475,sl,-7.167999999999665,-14.475999999999331,0.0,-14.475999999999331,2024,2024-04-24
h02_r15_t3,1,1713926855000000000,1713950345000000000,2321.024,2315.8445,0.22329030628212196,sl,-5.179499999999734,-10.49899999999947,0.0,-10.49899999999947,2024,2024-04-24
h04_r30_t3,-1,1713934155000000000,1713938555000000000,2326.6549999999997,2330.176,0.15127179365342372,sl,-3.5210000000001855,-7.182000000000371,0.0,-7.182000000000371,2024,2024-04-24
h05_r60_t2,1,1713938525000000000,1713940805000000000,2329.99,2324.52,0.23480866110542556,sl,-5.4699999999998,-11.0799999999996,0.0,-11.0799999999996,2024,2024-04-24
h06_r60_t3,-1,1713942165000000000,1713970800000000000,2324.283,2331.388,0.30533439165399356,sl,-7.105000000000018,-14.350000000000037,0.0,-14.350000000000037,2024,2024-04-24
h13_r30_t3,1,1713965810000000000,1713966420000000000,2325.8145,2317.4055,0.36241526566022075,sl,-8.409000000000106,-16.95800000000021,0.0,-16.95800000000021,2024,2024-04-24
h14_r15_t2,-1,1713968105000000000,1713968470000000000,2317.3940000000002,2321.6175,0.18222811024464575,sl,-4.2234999999996035,-8.586999999999207,0.0,-8.586999999999207,2024,2024-04-24
h00_r30_t1,1,1714005715000000000,1714012470000000000,2318.678,2321.8534999999997,0.13704219738779702,tp,3.175499999999829,6.210999999999658,0.0,6.210999999999658,2024,2024-04-25
h01_r60_t3,1,1714010675000000000,1714014610000000000,2320.7945,2316.0885,0.20291020490438755,sl,-4.706000000000131,-9.552000000000263,0.0,-9.552000000000263,2024,2024-04-25
h02_r15_t3,1,1714012255000000000,1714014425000000000,2320.8985000000002,2318.9505,0.08398928403663881,sl,-1.9480000000003201,-4.03600000000064,0.0,-4.03600000000064,2024,2024-04-25
h04_r30_t3,-1,1714019410000000000,1714020390000000000,2312.467,2314.908,0.10554504981392565,sl,-2.4409999999998035,-5.021999999999607,0.0,-5.021999999999607,2024,2024-04-25
h05_r60_t2,1,1714027080000000000,1714049515000000000,2320.8965,2333.571499999999,0.27321727078039415,tp,12.674999999999272,25.209999999998544,0.0,25.209999999998544,2024,2024-04-25
h06_r60_t3,1,1714031370000000000,1714050920000000000,2323.6915,2317.8445,0.2517286161448476,sl,-5.846999999999753,-11.833999999999506,0.0,-11.833999999999506,2024,2024-04-25
h13_r30_t3,1,1714055555000000000,1714078380000000000,2331.31,2331.308,0.7988513288362632,forced_close,-0.0019999999999527063,-0.14399999999990543,0.0,-0.14399999999990543,2024,2024-04-25
h14_r15_t2,1,1714054640000000000,1714055690000000000,2322.633,2333.852999999999,0.2416946543475493,tp,11.219999999999345,22.29999999999869,0.0,22.29999999999869,2024,2024-04-25
h00_r30_t1,-1,1714091510000000000,1714093415000000000,2329.34,2327.1760000000004,0.09288622038928769,tp,2.16399999999976,4.18799999999952,0.0,4.18799999999952,2024,2024-04-26
h01_r60_t3,1,1714097325000000000,1714164780000000000,2333.33,2337.337,0.3006625767923272,forced_close,4.007000000000062,7.874000000000124,0.0,7.874000000000124,2024,2024-04-26
h02_r15_t3,1,1714097720000000000,1714118510000000000,2335.4365,2348.1459999999997,0.18142956130576088,tp,12.709499999999935,25.27899999999987,0.0,25.27899999999987,2024,2024-04-26
h04_r30_t3,-1,1714106495000000000,1714110715000000000,2334.224,2338.4455,0.18060171194078928,sl,-4.221499999999651,-8.582999999999302,0.0,-8.582999999999302,2024,2024-04-26
h05_r60_t2,1,1714111320000000000,1714118510000000000,2338.651,2347.8589999999995,0.19692912048733602,tp,9.207999999999629,18.275999999999257,0.0,18.275999999999257,2024,2024-04-26
h06_r60_t3,1,1714116040000000000,1714139125000000000,2343.193,2337.419,0.24663308885733756,sl,-5.774000000000342,-11.688000000000685,0.0,-11.688000000000685,2024,2024-04-26
h13_r30_t3,-1,1714138285000000000,1714164780000000000,2341.6935,2337.4,0.3751970339453416,forced_close,4.293499999999767,8.446999999999534,0.0,8.446999999999534,2024,2024-04-26
h14_r15_t2,-1,1714141895000000000,1714164780000000000,2338.5434999999998,2337.4,0.2909378009696875,forced_close,1.1434999999996762,2.1469999999993523,0.0,2.1469999999993523,2024,2024-04-26
h00_r30_t1,-1,1714351050000000000,1714351390000000000,2334.111,2331.7915,0.09936552999269213,tp,2.319500000000062,4.499000000000124,0.0,4.499000000000124,2024,2024-04-29
h01_r60_t3,1,1714364375000000000,1714423980000000000,2332.1215,2336.282,0.5242397333436442,forced_close,4.160499999999956,8.180999999999912,0.0,8.180999999999912,2024,2024-04-29
h02_r15_t3,-1,1714356910000000000,1714364365000000000,2327.828,2331.6235,0.1630428946074137,sl,-3.7955000000001746,-7.731000000000349,0.0,-7.731000000000349,2024,2024-04-29
h04_r30_t3,1,1714365605000000000,1714398125000000000,2333.2690000000002,2327.4575,0.24924928209216932,sl,-5.811500000000251,-11.763000000000503,0.0,-11.763000000000503,2024,2024-04-29
h05_r60_t2,-1,1714372930000000000,1714376040000000000,2329.4225,2336.6025,0.30806750711600916,sl,-7.179999999999836,-14.499999999999673,0.0,-14.499999999999673,2024,2024-04-29
h06_r60_t3,1,1714375515000000000,1714398120000000000,2333.6165,2327.562,0.2599282658948824,sl,-6.054500000000189,-12.249000000000379,0.0,-12.249000000000379,2024,2024-04-29
h13_r30_t3,1,1714397400000000000,1714397965000000000,2334.6005,2331.0924999999997,0.1502977570801904,sl,-3.5080000000002656,-7.156000000000531,0.0,-7.156000000000531,2024,2024-04-29
h14_r15_t2,-1,1714400625000000000,1714400875000000000,2333.983,2338.476,0.1924454969766799,sl,-4.492999999999938,-9.125999999999877,0.0,-9.125999999999877,2024,2024-04-29
h00_r30_t1,1,1714437075000000000,1714443045000000000,2334.0190000000002,2331.7785,0.09603327496186156,sl,-2.2405000000003383,-4.621000000000676,0.0,-4.621000000000676,2024,2024-04-30
h01_r60_t3,-1,1714443045000000000,1714457055000000000,2332.515,2321.422499999999,0.15841393271425377,tp,11.092500000000655,22.04500000000131,0.0,22.04500000000131,2024,2024-04-30
h02_r15_t3,-1,1714444320000000000,1714465245000000000,2329.679,2315.1065,0.20849898969738448,tp,14.572500000000218,29.005000000000436,0.0,29.005000000000436,2024,2024-04-30
h04_r30_t3,-1,1714451420000000000,1714462800000000000,2326.1855,2316.0425000000005,0.14532009964806225,tp,10.142999999999574,20.145999999999148,0.0,20.145999999999148,2024,2024-04-30
h05_r60_t2,-1,1714457020000000000,1714467370000000000,2321.8415,2311.2615,0.22771679262834524,tp,10.579999999999927,21.019999999999854,0.0,21.019999999999854,2024,2024-04-30
h06_r60_t3,-1,1714461900000000000,1714482475000000000,2318.887,2304.5440000000003,0.2058584622962734,tp,14.342999999999847,28.545999999999694,0.0,28.545999999999694,2024,2024-04-30
h13_r30_t3,1,1714484205000000000,1714486160000000000,2308.008,2302.8965,0.22172785492235525,sl,-5.111499999999978,-10.362999999999957,0.0,-10.362999999999957,2024,2024-04-30
h14_r15_t2,-1,1714487565000000000,1714510380000000000,2298.764,2286.38,0.5209253487376981,forced_close,12.384000000000015,24.62800000000003,0.0,24.62800000000003,2024,2024-04-30
h00_r30_t1,-1,1714524155000000000,1714535815000000000,2288.2754999999997,2283.5819999999994,0.20496604315096648,tp,4.693500000000313,9.247000000000625,0.0,9.247000000000625,2024,2024-05-01
h01_r60_t3,-1,1714533705000000000,1714545115000000000,2286.111,2289.6215,0.1534276582363542,sl,-3.51050000000032,-7.16100000000064,0.0,-7.16100000000064,2024,2024-05-01
h02_r15_t3,-1,1714530730000000000,1714532270000000000,2286.849,2288.753,0.08324006715165065,sl,-1.9039999999999964,-3.947999999999993,0.0,-3.947999999999993,2024,2024-05-01
h04_r30_t3,1,1714537810000000000,1714560715000000000,2284.599,2293.468500000001,0.12947434249019177,tp,8.869500000000698,17.599000000001396,0.0,17.599000000001396,2024,2024-05-01
h05_r60_t2,1,1714544285000000000,1714569810000000000,2288.542,2300.3379999999993,0.2578280066874274,tp,11.795999999999367,23.451999999998733,0.0,23.451999999998733,2024,2024-05-01
h06_r60_t3,-1,1714547600000000000,1714556165000000000,2286.484,2289.8445,0.1454328255354865,sl,-3.360500000000229,-6.861000000000458,0.0,-6.861000000000458,2024,2024-05-01
h13_r30_t3,1,1714570210000000000,1714589020000000000,2302.3735,2323.7545,0.30971477515910867,tp,21.380999999999858,42.621999999999716,0.0,42.621999999999716,2024,2024-05-01
h14_r15_t2,-1,1714574040000000000,1714577700000000000,2302.699,2310.5365,0.3392995947236842,sl,-7.837500000000091,-15.815000000000182,0.0,-15.815000000000182,2024,2024-05-01
h00_r30_t1,-1,1714609800000000000,1714611080000000000,2323.01,2325.663,0.11383895565187621,sl,-2.6529999999997926,-5.445999999999585,0.0,-5.445999999999585,2024,2024-05-02
h01_r60_t3,-1,1714616915000000000,1714637590000000000,2321.8405000000002,2307.6505000000016,0.20350952826876695,tp,14.18999999999869,28.23999999999738,0.0,28.23999999999738,2024,2024-05-02
h02_r15_t3,-1,1714616305000000000,1714618050000000000,2324.1895,2319.744999999999,0.06373257356134197,tp,4.444500000000971,8.749000000001942,0.0,8.749000000001942,2024,2024-05-02
h04_r30_t3,-1,1714624840000000000,1714627495000000000,2319.3375,2314.0919999999996,0.07537065139684207,tp,5.2455000000004475,10.351000000000894,0.0,10.351000000000894,2024,2024-05-02
h05_r60_t2,-1,1714629825000000000,1714631675000000000,2313.1245,2318.5705,0.23524700827878162,sl,-5.445999999999913,-11.031999999999826,0.0,-11.031999999999826,2024,2024-05-02
h06_r60_t3,-1,1714633730000000000,1714654915000000000,2312.5695,2292.8370000000004,0.28427686383948036,tp,19.732499999999618,39.324999999999235,0.0,39.324999999999235,2024,2024-05-02
h13_r30_t3,1,1714656960000000000,1714657975000000000,2295.2535,2286.1225,0.39867391041428546,sl,-9.130999999999858,-18.401999999999717,0.0,-18.401999999999717,2024,2024-05-02
h14_r15_t2,1,1714659550000000000,1714672525000000000,2294.502,2307.9999999999995,0.2949204121282162,tp,13.497999999999593,26.855999999999185,0.0,26.855999999999185,2024,2024-05-02
h00_r30_t1,1,1714698320000000000,1714702790000000000,2304.918,2300.288,0.2011796601714941,sl,-4.630000000000109,-9.400000000000219,0.0,-9.400000000000219,2024,2024-05-03
h01_r60_t3,-1,1714701975000000000,1714711255000000000,2301.932,2306.4885,0.1978783394548365,sl,-4.556500000000142,-9.253000000000284,0.0,-9.253000000000284,2024,2024-05-03
h02_r15_t3,-1,1714702780000000000,1714708885000000000,2300.3995,2303.1465,0.11936744380071865,sl,-2.7469999999998436,-5.633999999999687,0.0,-5.633999999999687,2024,2024-05-03
h04_r30_t3,1,1714710690000000000,1714717030000000000,2303.886,2302.196,0.07339924498670364,sl,-1.6900000000000546,-3.5200000000001093,0.0,-3.5200000000001093,2024,2024-05-03
h05_r60_t2,-1,1714716000000000000,1714719260000000000,2305.881,2299.863,0.13047188415449598,tp,6.018000000000029,11.896000000000058,0.0,11.896000000000058,2024,2024-05-03
h06_r60_t3,-1,1714719880000000000,1714739400000000000,2298.335,2306.545,0.35637335781229024,sl,-8.210000000000036,-16.560000000000073,0.0,-16.560000000000073,2024,2024-05-03
h13_r30_t3,-1,1714743100000000000,1714769580000000000,2300.275,2302.41,0.3810170711292676,forced_close,-2.1349999999997635,-4.409999999999527,0.0,-4.409999999999527,2024,2024-05-03
h14_r15_t2,-1,1714745935000000000,1714759075000000000,2287.493,2302.938,0.6744043780175246,sl,-15.445000000000164,-31.030000000000328,0.0,-31.030000000000328,2024,2024-05-03
h00_r30_t1,1,1714956775000000000,1714957280000000000,2295.323,2298.7805,0.15082354234444487,tp,3.457499999999982,6.774999999999964,0.0,6.774999999999964,2024,2024-05-06
h01_r60_t3,1,1714960905000000000,1715028780000000000,2309.245,2323.974,0.5806675901147016,forced_close,14.72900000000027,29.318000000000538,0.0,29.318000000000538,2024,2024-05-06
h04_r30_t3,1,1714970040000000000,1714980835000000000,2310.5875,2317.6540000000005,0.10198870395543931,tp,7.06650000000036,13.99300000000072,0.0,13.99300000000072,2024,2024-05-06
h05_r60_t2,1,1714975225000000000,1714999440000000000,2314.05,2324.6010000000006,0.22802747481454555,tp,10.551000000000386,20.96200000000077,0.0,20.96200000000077,2024,2024-05-06
h06_r60_t3,1,1714980275000000000,1714981225000000000,2314.8940000000002,2324.071000000001,0.13218130919991836,tp,9.17700000000059,18.214000000001178,0.0,18.214000000001178,2024,2024-05-06
h13_r30_t3,1,1715002500000000000,1715006325000000000,2326.661,2321.708,0.21306598205651367,sl,-4.9529999999999745,-10.04599999999995,0.0,-10.04599999999995,2024,2024-05-06
h14_r15_t2,-1,1715005300000000000,1715028780000000000,2325.721,2324.036,0.21208060609184584,forced_close,1.6849999999999454,3.2299999999998907,0.0,3.2299999999998907,2024,2024-05-06
h00_r30_t1,1,1715043160000000000,1715045050000000000,2328.515,2325.5755,0.12361013770663587,sl,-2.9394999999999527,-6.018999999999905,0.0,-6.018999999999905,2024,2024-05-07
h01_r60_t3,-1,1715047485000000000,1715115180000000000,2322.538,2313.447,0.3223602556668044,forced_close,9.090999999999894,18.04199999999979,0.0,18.04199999999979,2024,2024-05-07
h02_r15_t3,-1,1715048110000000000,1715049010000000000,2320.265,2323.8235,0.15334875367777775,sl,-3.5585000000000946,-7.257000000000189,0.0,-7.257000000000189,2024,2024-05-07
h04_r30_t3,-1,1715056205000000000,1715069620000000000,2323.0145,2316.5330000000004,0.0930010320295019,tp,6.481499999999869,12.822999999999737,0.0,12.822999999999737,2024,2024-05-07
h05_r60_t2,-1,1715061700000000000,1715069660000000000,2320.3525,2314.3374999999996,0.1295442798070367,tp,6.015000000000327,11.890000000000654,0.0,11.890000000000654,2024,2024-05-07
h06_r60_t3,-1,1715066150000000000,1715067535000000000,2318.433,2321.599,0.13643678906403403,sl,-3.1660000000001673,-6.472000000000334,0.0,-6.472000000000334,2024,2024-05-07
h13_r30_t3,-1,1715093850000000000,1715115180000000000,2315.388,2313.447,0.36373361284638067,forced_close,1.9409999999998035,3.741999999999607,0.0,3.741999999999607,2024,2024-05-07
h14_r15_t2,1,1715091390000000000,1715093775000000000,2321.0375,2317.688,0.14439121289264623,sl,-3.349499999999807,-6.838999999999614,0.0,-6.838999999999614,2024,2024-05-07
h00_r30_t1,-1,1715128635000000000,1715130245000000000,2314.491,2312.6065,0.08139799820099913,tp,1.8845000000001164,3.6290000000002327,0.0,3.6290000000002327,2024,2024-05-08
h01_r60_t3,1,1715136775000000000,1715155155000000000,2314.563,2306.885,0.33267351785779936,sl,-7.677999999999884,-15.495999999999768,0.0,-15.495999999999768,2024,2024-05-08
h02_r15_t3,1,1715135335000000000,1715136850000000000,2309.428,2315.450499999999,0.08694527991073368,tp,6.022499999999127,11.904999999998253,0.0,11.904999999998253,2024,2024-05-08
h04_r30_t3,1,1715144330000000000,1715149230000000000,2319.314,2316.8940000000002,0.10438307553515708,sl,-2.419999999999618,-4.979999999999236,0.0,-4.979999999999236,2024,2024-05-08
h05_r60_t2,-1,1715148000000000000,1715153985000000000,2317.7485,2310.3745000000004,0.15907246987081988,tp,7.373999999999796,14.607999999999592,0.0,14.607999999999592,2024,2024-05-08
h06_r60_t3,-1,1715151695000000000,1715169780000000000,2313.6725,2319.049,0.23226698888409678,sl,-5.376499999999851,-10.892999999999702,0.0,-10.892999999999702,2024,2024-05-08
h13_r30_t3,1,1715178230000000000,1715201580000000000,2316.3145,2308.544,0.41125880541749843,forced_close,-7.770500000000084,-15.681000000000168,0.0,-15.681000000000168,2024,2024-05-08
h14_r15_t2,1,1715177700000000000,1715184600000000000,2313.1045,2321.0925,0.1726850251515325,tp,7.988000000000284,15.836000000000567,0.0,15.836000000000567,2024,2024-05-08
h00_r30_t1,1,1715215415000000000,1715216780000000000,2309.29,2310.72,0.061951641328582684,tp,1.4299999999998363,2.7199999999996725,0.0,2.7199999999996725,2024,2024-05-09
h01_r60_t3,-1,1715220395000000000,1715224205000000000,2308.8725,2312.3165,0.14908806931815846,sl,-3.44399999999996,-7.02799999999992,0.0,-7.02799999999992,2024,2024-05-09
h02_r15_t3,1,1715223085000000000,1715231820000000000,2310.494,2318.1065,0.10988411393997052,tp,7.612499999999727,15.084999999999454,0.0,15.084999999999454,2024,2024-05-09
h04_r30_t3,1,1715229370000000000,1715239510000000000,2314.355,2311.945,0.10416421293671352,sl,-2.4099999999998545,-4.959999999999709,0.0,-4.959999999999709,2024,2024-05-09
h05_r60_t2,-1,1715236985000000000,1715257800000000000,2314.541,2319.8345,0.22850238668119513,sl,-5.293499999999767,-10.726999999999535,0.0,-10.726999999999535,2024,2024-05-09
h06_r60_t3,-1,1715238335000000000,1715256065000000000,2313.791,2317.152,0.14522621218624976,sl,-3.3609999999998763,-6.861999999999752,0.0,-6.861999999999752,2024,2024-05-09
h13_r30_t3,1,1715263645000000000,1715287980000000000,2326.793,2344.911,0.6312415712023193,forced_close,18.117999999999938,36.095999999999876,0.0,36.095999999999876,2024,2024-05-09
h14_r15_t2,1,1715264160000000000,1715287980000000000,2335.2275,2344.911,0.508457360041896,forced_close,9.683500000000095,19.22700000000019,0.0,19.22700000000019,2024,2024-05-09
h00_r30_t1,1,1715301005000000000,1715302930000000000,2348.6835,2351.342,0.1131928297441039,tp,2.6585000000000036,5.177000000000008,0.0,5.177000000000008,2024,2024-05-10
h01_r60_t3,-1,1715308580000000000,1715317950000000000,2347.453,2355.9145,0.3599942053760193,sl,-8.461499999999887,-17.062999999999775,0.0,-17.062999999999775,2024,2024-05-10
h02_r15_t3,-1,1715307375000000000,1715311585000000000,2349.747,2351.9145,0.0921798329663159,sl,-2.167500000000018,-4.475000000000036,0.0,-4.475000000000036,2024,2024-05-10
h04_r30_t3,1,1715315565000000000,1715321545000000000,2353.581,2360.5140000000006,0.09825389938520734,tp,6.9330000000004475,13.726000000000894,0.0,13.726000000000894,2024,2024-05-10
h05_r60_t2,1,1715321415000000000,1715324400000000000,2358.8925,2369.1184999999996,0.2169069484887287,tp,10.225999999999658,20.311999999999315,0.0,20.311999999999315,2024,2024-05-10
h06_r60_t3,1,1715324400000000000,1715374380000000000,2369.1455,2360.712,0.5506233382133532,forced_close,-8.433500000000095,-17.00700000000019,0.0,-17.00700000000019,2024,2024-05-10
h13_r30_t3,1,1715349900000000000,1715351400000000000,2372.167,2360.215,0.5045508570757863,sl,-11.95199999999977,-24.043999999999542,0.0,-24.043999999999542,2024,2024-05-10
h14_r15_t2,-1,1715350610000000000,1715374380000000000,2365.948,2360.774,0.30222517295804385,forced_close,5.173999999999978,10.207999999999956,0.0,10.207999999999956,2024,2024-05-10
h00_r30_t1,1,1715560300000000000,1715562815000000000,2363.0875,2359.9674999999997,0.13207883836663117,sl,-3.1200000000003456,-6.380000000000691,0.0,-6.380000000000691,2024,2024-05-13
h01_r60_t3,-1,1715574760000000000,1715633580000000000,2354.8775,2336.444,0.3963784030886368,forced_close,18.433500000000095,36.72700000000019,0.0,36.72700000000019,2024,2024-05-13
h02_r15_t3,1,1715567640000000000,1715568085000000000,2359.868,2357.7084999999997,0.09151649119120218,sl,-2.1595000000002074,-4.459000000000414,0.0,-4.459000000000414,2024,2024-05-13
h04_r30_t3,-1,1715574760000000000,1715582815000000000,2355.043,2348.7430000000004,0.08914782322240977,tp,6.299999999999727,12.459999999999454,0.0,12.459999999999454,2024,2024-05-13
h05_r60_t2,-1,1715580665000000000,1715588995000000000,2351.26,2343.4720000000007,0.16551629160195153,tp,7.787999999999556,15.435999999999112,0.0,15.435999999999112,2024,2024-05-13
h06_r60_t3,-1,1715586225000000000,1715633580000000000,2347.464,2336.444,0.299955802482859,forced_close,11.019999999999982,21.899999999999963,0.0,21.899999999999963,2024,2024-05-13
h13_r30_t3,-1,1715607000000000000,1715614330000000000,2345.2895,2332.814,0.17727420186111284,tp,12.475500000000011,24.81100000000002,0.0,24.81100000000002,2024,2024-05-13
h14_r15_t2,-1,1715610025000000000,1715633580000000000,2341.209,2336.444,0.2069445715886809,forced_close,4.764999999999873,9.389999999999745,0.0,9.389999999999745,2024,2024-05-13
h00_r30_t1,-1,1715646940000000000,1715647440000000000,2337.7690000000002,2335.8275000000003,0.08302527599008253,tp,1.9414999999999054,3.7429999999998107,0.0,3.7429999999998107,2024,2024-05-14
h01_r60_t3,1,1715652000000000000,1715671475000000000,2342.172,2336.448,0.24440236810694954,sl,-5.72400000000016,-11.58800000000032,0.0,-11.58800000000032,2024,2024-05-14
h02_r15_t3,1,1715653080000000000,1715655090000000000,2344.001,2341.453,0.10872644971445349,sl,-2.548000000000229,-5.236000000000458,0.0,-5.236000000000458,2024,2024-05-14
h04_r30_t3,-1,1715661020000000000,1715661945000000000,2342.941,2344.861,0.0819334239721867,sl,-1.9200000000000728,-3.9800000000001456,0.0,-3.9800000000001456,2024,2024-05-14
h05_r60_t2,-1,1715667240000000000,1715677485000000000,2342.7225,2346.0275,0.14094802365710396,sl,-3.305000000000291,-6.750000000000582,0.0,-6.750000000000582,2024,2024-05-14
h06_r60_t3,-1,1715671415000000000,1715677395000000000,2336.9315,2345.307,0.3581929336495071,sl,-8.375499999999647,-16.890999999999295,0.0,-16.890999999999295,2024,2024-05-14
h13_r30_t3,-1,1715693630000000000,1715695125000000000,2345.931,2352.63,0.2852372176022773,sl,-6.699000000000069,-13.538000000000139,0.0,-13.538000000000139,2024,2024-05-14
h14_r15_t2,-1,1715696240000000000,1715709730000000000,2348.8295,2357.1655,0.3546245620901511,sl,-8.33600000000024,-16.81200000000048,0.0,-16.81200000000048,2024,2024-05-14
h01_r60_t3,1,1715741950000000000,1715762580000000000,2359.0945,2371.466500000001,0.1749272126341328,tp,12.372000000000753,24.604000000001506,0.0,24.604000000001506,2024,2024-05-15
h02_r15_t3,-1,1715739305000000000,1715740710000000000,2356.768,2358.2200000000003,0.06160753665532707,sl,-1.4520000000002256,-3.0440000000004512,0.0,-3.0440000000004512,2024,2024-05-15
h04_r30_t3,-1,1715747485000000000,1715756725000000000,2359.507,2360.9555,0.06138708103899773,sl,-1.4484999999999673,-3.0369999999999346,0.0,-3.0369999999999346,2024,2024-05-15
h05_r60_t2,1,1715752840000000000,1715761440000000000,2359.1355,2365.895499999999,0.14330383168157948,tp,6.759999999999309,13.379999999998617,0.0,13.379999999998617,2024,2024-05-15
h06_r60_t3,1,1715756525000000000,1715761685000000000,2359.7785,2368.4125000000004,0.12201010589613016,tp,8.63400000000047,17.128000000000938,0.0,17.128000000000938,2024,2024-05-15
h13_r30_t3,-1,1715780640000000000,1715785260000000000,2364.5105,2375.55,0.4663682169183711,sl,-11.039500000000317,-22.219000000000634,0.0,-22.219000000000634,2024,2024-05-15
h14_r15_t2,1,1715782880000000000,1715786470000000000,2364.096,2384.511,0.4321371154238969,tp,20.414999999999964,40.68999999999993,0.0,40.68999999999993,2024,2024-05-15
h00_r30_t1,1,1715819400000000000,1715824540000000000,2394.4195,2390.315,0.17144440817427545,sl,-4.104499999999916,-8.348999999999833,0.0,-8.348999999999833,2024,2024-05-16
h01_r60_t3,-1,1715824905000000000,1715892780000000000,2389.6225,2376.555,0.3272010232270672,forced_close,13.06750000000011,25.995000000000218,0.0,25.995000000000218,2024,2024-05-16
h02_r15_t3,-1,1715825830000000000,1715826375000000000,2387.225,2391.618,0.1838919370104198,sl,-4.393000000000029,-8.926000000000059,0.0,-8.926000000000059,2024,2024-05-16
h04_r30_t3,1,1715833800000000000,1715841525000000000,2390.126,2387.1335,0.12520593080726095,sl,-2.992500000000291,-6.125000000000582,0.0,-6.125000000000582,2024,2024-05-16
h05_r60_t2,-1,1715839200000000000,1715855575000000000,2390.212,2381.4639999999995,0.18299264515158398,tp,8.748000000000502,17.356000000001004,0.0,17.356000000001004,2024,2024-05-16
h06_r60_t3,-1,1715843395000000000,1715845250000000000,2386.4885,2390.512,0.16854495041675402,sl,-4.02350000000024,-8.18700000000048,0.0,-8.18700000000048,2024,2024-05-16
h13_r30_t3,-1,1715866485000000000,1715873690000000000,2373.384,2382.2625,0.37316310634275585,sl,-8.878499999999804,-17.896999999999608,0.0,-17.896999999999608,2024,2024-05-16
h14_r15_t2,-1,1715869460000000000,1715872820000000000,2374.408,2379.126,0.19855193439791494,sl,-4.718000000000302,-9.576000000000604,0.0,-9.576000000000604,2024,2024-05-16
h00_r30_t1,-1,1715906640000000000,1715912690000000000,2377.8205,2379.7835,0.08254313593694734,sl,-1.9630000000001928,-4.066000000000385,0.0,-4.066000000000385,2024,2024-05-17
h01_r60_t3,1,1715912475000000000,1715914295000000000,2378.9225,2376.167,0.11586223599609927,sl,-2.755500000000211,-5.651000000000422,0.0,-5.651000000000422,2024,2024-05-17
h02_r15_t3,1,1715912410000000000,1715914170000000000,2378.7235,2377.0305,0.07118830863433497,sl,-1.693000000000211,-3.526000000000422,0.0,-3.526000000000422,2024,2024-05-17
h04_r30_t3,1,1715921455000000000,1715926795000000000,2378.737,2384.9035,0.0864191042768076,tp,6.1664999999998145,12.192999999999628,0.0,12.192999999999628,2024,2024-05-17
h05_r60_t2,1,1715925885000000000,1715947015000000000,2382.4665,2390.1845,0.1620459359706463,tp,7.717999999999847,15.295999999999694,0.0,15.295999999999694,2024,2024-05-17
h06_r60_t3,1,1715929485000000000,1715951970000000000,2386.7975,2404.3160000000003,0.2447345094727508,tp,17.51850000000013,34.89700000000026,0.0,34.89700000000026,2024,2024-05-17
h13_r30_t3,1,1715955960000000000,1715979180000000000,2405.246,2415.512,0.4952547457227879,forced_close,10.266000000000076,20.392000000000152,0.0,20.392000000000152,2024,2024-05-17
h14_r15_t2,1,1715955940000000000,1715957485000000000,2403.686,2413.323000000001,0.20066443937538586,tp,9.637000000000626,19.13400000000125,0.0,19.13400000000125,2024,2024-05-17
h00_r30_t1,1,1716165055000000000,1716166800000000000,2421.9465,2427.3285,0.22224199725439306,tp,5.382000000000062,10.624000000000123,0.0,10.624000000000123,2024,2024-05-20
h01_r60_t3,1,1716182860000000000,1716206605000000000,2440.746,2425.42,0.6295028853584728,sl,-15.326000000000022,-30.792000000000044,0.0,-30.792000000000044,2024,2024-05-20
h02_r15_t3,-1,1716172225000000000,1716176550000000000,2431.6815,2437.1915,0.2265608231517926,sl,-5.5099999999997635,-11.159999999999528,0.0,-11.159999999999528,2024,2024-05-20
h04_r30_t3,-1,1716179440000000000,1716182190000000000,2436.7015,2439.747,0.12496768607689361,sl,-3.04549999999972,-6.230999999999439,0.0,-6.230999999999439,2024,2024-05-20
h05_r60_t2,-1,1716186810000000000,1716208950000000000,2437.032,2410.8460000000005,0.5344899729550379,tp,26.185999999999694,52.23199999999939,0.0,52.23199999999939,2024,2024-05-20
h13_r30_t3,-1,1716212045000000000,1716217030000000000,2413.224,2422.816,0.39657798512583015,sl,-9.591999999999643,-19.323999999999288,0.0,-19.323999999999288,2024,2024-05-20
h14_r15_t2,1,1716216335000000000,1716226830000000000,2421.8505,2435.8475000000003,0.28933744886932244,tp,13.997000000000298,27.854000000000596,0.0,27.854000000000596,2024,2024-05-20
h00_r30_t1,-1,1716251750000000000,1716252545000000000,2425.001,2427.7039999999997,0.1107812063960019,sl,-2.70299999999952,-5.545999999999039,0.0,-5.545999999999039,2024,2024-05-21
h01_r60_t3,-1,1716256815000000000,1716303860000000000,2419.663,2433.181,0.5584644252625225,sl,-13.518000000000029,-27.17600000000006,0.0,-27.17600000000006,2024,2024-05-21
h02_r15_t3,-1,1716258650000000000,1716289550000000000,2416.1805,2422.764,0.2722639407326121,sl,-6.5835000000001855,-13.307000000000372,0.0,-13.307000000000372,2024,2024-05-21
h04_r30_t3,1,1716266635000000000,1716267325000000000,2415.3375,2412.5190000000002,0.11673345137141028,sl,-2.818499999999858,-5.776999999999716,0.0,-5.776999999999716,2024,2024-05-21
h05_r60_t2,-1,1716274260000000000,1716276800000000000,2412.1795,2418.1155,0.24563278684588816,sl,-5.935999999999694,-12.01199999999939,0.0,-12.01199999999939,2024,2024-05-21
h06_r60_t3,-1,1716274825000000000,1716276695000000000,2409.7095,2417.4809999999998,0.32237109822704535,sl,-7.771499999999833,-15.682999999999666,0.0,-15.682999999999666,2024,2024-05-21
h13_r30_t3,1,1716303360000000000,1716306820000000000,2431.6185,2420.527,0.45663594980401057,sl,-11.091499999999996,-22.322999999999993,0.0,-22.322999999999993,2024,2024-05-21
h14_r15_t2,-1,1716301235000000000,1716303360000000000,2426.094,2431.0885,0.20560554527767094,sl,-4.994499999999789,-10.128999999999579,0.0,-10.128999999999579,2024,2024-05-21
h00_r30_t1,-1,1716338290000000000,1716339605000000000,2421.6530000000002,2420.0575000000003,0.06586432320950188,tp,1.5954999999999018,3.0509999999998034,0.0,3.0509999999998034,2024,2024-05-22
h01_r60_t3,1,1716343320000000000,1716346095000000000,2423.4575,2419.3815,0.16829056464250836,sl,-4.076000000000022,-8.292000000000044,0.0,-8.292000000000044,2024,2024-05-22
h02_r15_t3,-1,1716345595000000000,1716378180000000000,2422.044,2408.3219999999997,0.18857870243917807,tp,13.722000000000207,27.304000000000414,0.0,27.304000000000414,2024,2024-05-22
h04_r30_t3,1,1716352265000000000,1716353420000000000,2416.112,2412.371,0.15479965873286905,sl,-3.7409999999999854,-7.621999999999971,0.0,-7.621999999999971,2024,2024-05-22
h05_r60_t2,1,1716357715000000000,1716366440000000000,2417.4535,2411.468,0.24762136829061532,sl,-5.985500000000229,-12.111000000000459,0.0,-12.111000000000459,2024,2024-05-22
h06_r60_t3,1,1716362165000000000,1716362885000000000,2418.148,2413.82,0.17905425182482781,sl,-4.3279999999999745,-8.79599999999995,0.0,-8.79599999999995,2024,2024-05-22
h13_r30_t3,-1,1716384670000000000,1716387410000000000,2408.239,2392.7185000000004,0.2145906279871174,tp,15.520499999999629,30.900999999999257,0.0,30.900999999999257,2024,2024-05-22
h14_r15_t2,-1,1716387385000000000,1716411180000000000,2393.3845,2377.802,0.7608786007018606,forced_close,15.582499999999982,31.024999999999963,0.0,31.024999999999963,2024,2024-05-22
h00_r30_t1,-1,1716424650000000000,1716425840000000000,2381.452,2379.1220000000003,0.09778120594861942,tp,2.3299999999999272,4.519999999999855,0.0,4.519999999999855,2024,2024-05-23
h01_r60_t3,-1,1716442710000000000,1716497580000000000,2366.85,2328.196,0.6362947372679533,forced_close,38.653999999999996,77.16799999999999,0.0,77.16799999999999,2024,2024-05-23
h02_r15_t3,-1,1716431745000000000,1716472150000000000,2370.594,2355.0164999999997,0.21890924804621056,tp,15.577500000000327,31.015000000000654,0.0,31.015000000000654,2024,2024-05-23
h04_r30_t3,-1,1716438600000000000,1716439095000000000,2371.794,2373.6095,0.07654107690407919,sl,-1.8155000000001564,-3.771000000000313,0.0,-3.771000000000313,2024,2024-05-23
h05_r60_t2,-1,1716444045000000000,1716496535000000000,2358.378,2328.716000000001,0.628402114644497,tp,29.661999999999352,59.183999999998704,0.0,59.183999999998704,2024,2024-05-23
h06_r60_t3,1,1716459205000000000,1716472150000000000,2367.3295,2355.013,0.5209197946772797,sl,-12.316499999999905,-24.77299999999981,0.0,-24.77299999999981,2024,2024-05-23
h13_r30_t3,-1,1716471900000000000,1716487010000000000,2360.5395,2332.2719999999995,0.3985293010500333,tp,28.267500000000382,56.39500000000076,0.0,56.39500000000076,2024,2024-05-23
h14_r15_t2,-1,1716473725000000000,1716496535000000000,2352.0135,2328.0905000000002,0.5083898240430959,tp,23.922999999999774,47.70599999999955,0.0,47.70599999999955,2024,2024-05-23
h00_r30_t1,-1,1716510940000000000,1716513570000000000,2328.0895,2332.447,0.1870920041836508,sl,-4.357500000000073,-8.855000000000146,0.0,-8.855000000000146,2024,2024-05-24
h01_r60_t3,-1,1716517790000000000,1716528600000000000,2326.669,2335.2870000000003,0.3692557127946544,sl,-8.618000000000393,-17.376000000000786,0.0,-17.376000000000786,2024,2024-05-24
h02_r15_t3,-1,1716517000000000000,1716526330000000000,2332.262,2334.5705,0.09892799083612858,sl,-2.30849999999964,-4.756999999999279,0.0,-4.756999999999279,2024,2024-05-24
h04_r30_t3,1,1716526175000000000,1716557385000000000,2334.115,2344.9164999999985,0.15437881873725184,tp,10.801499999998668,21.462999999997336,0.0,21.462999999997336,2024,2024-05-24
h05_r60_t2,1,1716531260000000000,1716564920000000000,2339.3450000000003,2333.2795,0.25937100980013,sl,-6.065500000000156,-12.271000000000313,0.0,-12.271000000000313,2024,2024-05-24
h06_r60_t3,1,1716534730000000000,1716564115000000000,2339.633,2335.3565,0.18284658331501696,sl,-4.276499999999942,-8.692999999999884,0.0,-8.692999999999884,2024,2024-05-24
h13_r30_t3,1,1716557400000000000,1716558610000000000,2344.9674999999997,2338.89,0.2591949156427649,sl,-6.077499999999873,-12.294999999999746,0.0,-12.294999999999746,2024,2024-05-24
h14_r15_t2,-1,1716560120000000000,1716583980000000000,2337.328,2334.82,0.2551667961533325,forced_close,2.507999999999811,4.875999999999622,0.0,4.875999999999622,2024,2024-05-24
h00_r30_t1,-1,1716770190000000000,1716772155000000000,2335.607,2337.543,0.08284695693627799,sl,-1.9360000000001492,-4.012000000000298,0.0,-4.012000000000298,2024,2024-05-27
h01_r60_t3,1,1716776680000000000,1716820005000000000,2340.4004999999997,2357.7179999999985,0.2467113874240481,tp,17.317499999998745,34.49499999999749,0.0,34.49499999999749,2024,2024-05-27
h02_r15_t3,1,1716776390000000000,1716778110000000000,2340.012,2343.5895000000005,0.05097893447828711,tp,3.5775000000003274,7.015000000000655,0.0,7.015000000000655,2024,2024-05-27
h04_r30_t3,-1,1716788240000000000,1716800265000000000,2341.0845,2346.1165,0.21475135233177856,sl,-5.032000000000153,-10.204000000000306,0.0,-10.204000000000306,2024,2024-05-27
h05_r60_t2,1,1716790090000000000,1716793280000000000,2344.325,2340.4075000000003,0.1664845874823639,sl,-3.9174999999995634,-7.974999999999127,0.0,-7.974999999999127,2024,2024-05-27
h06_r60_t3,-1,1716793205000000000,1716799275000000000,2341.337,2344.677,0.1426431171706501,sl,-3.3400000000001455,-6.820000000000291,0.0,-6.820000000000291,2024,2024-05-27
h13_r30_t3,1,1716816950000000000,1716830095000000000,2351.784,2353.968,0.30059913485480716,forced_close,2.1839999999997417,4.227999999999484,0.0,4.227999999999484,2024,2024-05-27
h14_r15_t2,1,1716819375000000000,1716821175000000000,2357.1620000000003,2354.738,0.10285719377656408,sl,-2.424000000000433,-4.9880000000008655,0.0,-4.9880000000008655,2024,2024-05-27
h00_r30_t1,-1,1716856500000000000,1716860040000000000,2351.415,2353.6435,0.09476049110470354,sl,-2.2285000000001673,-4.597000000000334,0.0,-4.597000000000334,2024,2024-05-28
h02_r15_t3,-1,1716863295000000000,1716877330000000000,2353.0605,2344.4895,0.12138232245126739,tp,8.570999999999913,17.001999999999825,0.0,17.001999999999825,2024,2024-05-28
h04_r30_t3,1,1716870605000000000,1716875705000000000,2351.818,2350.5025,0.055938459615139,sl,-1.3155000000001564,-2.771000000000313,0.0,-2.771000000000313,2024,2024-05-28
h05_r60_t2,-1,1716876070000000000,1716879480000000000,2349.679,2341.51,0.17377142707630414,tp,8.168999999999869,16.197999999999737,0.0,16.197999999999737,2024,2024-05-28
h06_r60_t3,-1,1716884085000000000,1716898290000000000,2341.4075000000003,2350.4674999999997,0.38686676987381746,sl,-9.05999999999949,-18.259999999998982,0.0,-18.259999999998982,2024,2024-05-28
h13_r30_t3,-1,1716904810000000000,1716929580000000000,2352.3289999999997,2360.795,0.5023648484804942,forced_close,-8.46600000000035,-17.0720000000007,0.0,-17.0720000000007,2024,2024-05-28
h14_r15_t2,-1,1716905865000000000,1716906935000000000,2348.102,2354.9809999999998,0.2926354890828502,sl,-6.878999999999905,-13.897999999999811,0.0,-13.897999999999811,2024,2024-05-28
h00_r30_t1,-1,1716942845000000000,1716944410000000000,2358.986,2356.8394999999996,0.09098810796239358,tp,2.1465000000002874,4.153000000000575,0.0,4.153000000000575,2024,2024-05-29
h01_r60_t3,1,1716949460000000000,1716951195000000000,2359.5825,2355.669,0.16606816072139452,sl,-3.9135000000001128,-7.967000000000225,0.0,-7.967000000000225,2024,2024-05-29
h02_r15_t3,1,1716949065000000000,1716951180000000000,2358.685,2356.1594999999998,0.10707841082156308,sl,-2.525500000000193,-5.191000000000385,0.0,-5.191000000000385,2024,2024-05-29
h04_r30_t3,1,1716958390000000000,1716962075000000000,2358.985,2356.9645,0.08566640556185412,sl,-2.0205000000000837,-4.181000000000167,0.0,-4.181000000000167,2024,2024-05-29
h05_r60_t2,-1,1716962400000000000,1716971405000000000,2356.5465,2346.7174999999993,0.20851533433098451,tp,9.829000000000633,19.518000000001265,0.0,19.518000000001265,2024,2024-05-29
h06_r60_t3,-1,1716969095000000000,1717015980000000000,2351.169,2337.917,0.24160982093834374,forced_close,13.251999999999953,26.363999999999905,0.0,26.363999999999905,2024,2024-05-29
h13_r30_t3,1,1716989515000000000,1717012940000000000,2346.5185,2335.9295,0.4516349856105034,sl,-10.588999999999942,-21.317999999999884,0.0,-21.317999999999884,2024,2024-05-29
h14_r15_t2,-1,1716992425000000000,1716993730000000000,2342.719,2346.5005,0.161336909780607,sl,-3.781500000000051,-7.7030000000001015,0.0,-7.7030000000001015,2024,2024-05-29
h00_r30_t1,-1,1717029410000000000,1717031605000000000,2335.7075,2338.478,0.11856388134625247,sl,-2.7705000000000837,-5.681000000000167,0.0,-5.681000000000167,2024,2024-05-30
h01_r60_t3,-1,1717036320000000000,1717066750000000000,2332.9015,2339.9700000000003,0.3028261561085356,sl,-7.068500000000313,-14.277000000000626,0.0,-14.277000000000626,2024,2024-05-30
h02_r15_t3,-1,1717036260000000000,1717044605000000000,2333.3695,2336.6485000000002,0.14035643428739686,sl,-3.279000000000451,-6.698000000000902,0.0,-6.698000000000902,2024,2024-05-30
h04_r30_t3,-1,1717044050000000000,1717044605000000000,2334.1585,2336.6055,0.10478147367628247,sl,-2.4470000000001164,-5.0340000000002325,0.0,-5.0340000000002325,2024,2024-05-30
h05_r60_t2,1,1717052630000000000,1717102380000000000,2335.8855,2342.149,0.5702212306120722,forced_close,6.263500000000022,12.387000000000043,0.0,12.387000000000043,2024,2024-05-30
h06_r60_t3,1,1717052425000000000,1717102380000000000,2333.158,2342.149,0.39157527017107135,forced_close,8.990999999999985,17.84199999999997,0.0,17.84199999999997,2024,2024-05-30
h13_r30_t3,1,1717075830000000000,1717102380000000000,2344.784,2342.149,0.21006672883594887,forced_close,-2.6350000000002183,-5.410000000000436,0.0,-5.410000000000436,2024,2024-05-30
h14_r15_t2,1,1717078790000000000,1717080155000000000,2350.9505,2346.8395,0.17508734136835066,sl,-4.110999999999876,-8.361999999999753,0.0,-8.361999999999753,2024,2024-05-30
h00_r30_t1,1,1717115760000000000,1717116345000000000,2344.2005,2345.7889999999998,0.06779371675797259,tp,1.58849999999984,3.0369999999996797,0.0,3.0369999999996797,2024,2024-05-31
h01_r60_t3,1,1717121350000000000,1717123440000000000,2347.742,2343.179,0.1944476109002354,sl,-4.563000000000102,-9.266000000000204,0.0,-9.266000000000204,2024,2024-05-31
h02_r15_t3,-1,1717122850000000000,1717124475000000000,2346.1105,2341.0869999999995,0.07134644525763778,tp,5.02350000000024,9.90700000000048,0.0,9.90700000000048,2024,2024-05-31
h04_r30_t3,-1,1717129850000000000,1717138055000000000,2342.237,2345.6485000000002,0.14563341999906343,sl,-3.41150000000016,-6.96300000000032,0.0,-6.96300000000032,2024,2024-05-31
h05_r60_t2,1,1717135675000000000,1717141130000000000,2344.944,2341.785,0.13485819718198472,sl,-3.1590000000001055,-6.458000000000211,0.0,-6.458000000000211,2024,2024-05-31
h06_r60_t3,-1,1717141120000000000,1717158710000000000,2342.0235000000002,2347.1305,0.21768884944601538,sl,-5.106999999999971,-10.353999999999942,0.0,-10.353999999999942,2024,2024-05-31
h13_r30_t3,-1,1717162245000000000,1717168440000000000,2352.728,2331.5389999999998,0.3000262942483605,tp,21.189000000000306,42.23800000000061,0.0,42.23800000000061,2024,2024-05-31
h14_r15_t2,-1,1717164950000000000,1717188780000000000,2337.7185,2328.787,0.48770369103118977,forced_close,8.931500000000142,17.723000000000283,0.0,17.723000000000283,2024,2024-05-31
h00_r30_t1,-1,1717374985000000000,1717375725000000000,2324.332,2326.393,0.08862888407161992,sl,-2.061000000000149,-4.262000000000298,0.0,-4.262000000000298,2024,2024-06-03
h01_r60_t3,-1,1717383160000000000,1717411355000000000,2326.2145,2331.21,0.2143247718549161,sl,-4.995499999999993,-10.130999999999986,0.0,-10.130999999999986,2024,2024-06-03
h02_r15_t3,-1,1717381330000000000,1717386135000000000,2328.9825,2322.789,0.08860416149862503,tp,6.193499999999858,12.246999999999716,0.0,12.246999999999716,2024,2024-06-03
h04_r30_t3,-1,1717390010000000000,1717391435000000000,2320.29,2322.5995000000003,0.09948767830351424,sl,-2.3095000000002983,-4.759000000000596,0.0,-4.759000000000596,2024,2024-06-03
h05_r60_t2,-1,1717395660000000000,1717398035000000000,2315.4139999999998,2323.788,0.36090985140807214,sl,-8.374000000000251,-16.888000000000503,0.0,-16.888000000000503,2024,2024-06-03
h06_r60_t3,1,1717398000000000000,1717432925000000000,2322.8935,2347.232500000001,0.349330199279263,tp,24.33900000000085,48.5380000000017,0.0,48.5380000000017,2024,2024-06-03
h13_r30_t3,1,1717421515000000000,1717422425000000000,2336.587,2330.8945,0.2439271042542562,sl,-5.692500000000109,-11.525000000000219,0.0,-11.525000000000219,2024,2024-06-03
h14_r15_t2,1,1717425545000000000,1717447980000000000,2342.757,2350.442,0.3935127353612529,forced_close,7.684999999999945,15.22999999999989,0.0,15.22999999999989,2024,2024-06-03
h00_r30_t1,1,1717461135000000000,1717462670000000000,2352.1055,2350.3195,0.07593774720426247,sl,-1.7860000000000582,-3.7120000000001165,0.0,-3.7120000000001165,2024,2024-06-04
h02_r15_t3,-1,1717468465000000000,1717477030000000000,2346.2695,2349.68,0.14522437282700845,sl,-3.4104999999999563,-6.960999999999912,0.0,-6.960999999999912,2024,2024-06-04
h04_r30_t3,1,1717476140000000000,1717484160000000000,2348.801,2345.191,0.15356927745794724,sl,-3.6100000000001273,-7.360000000000254,0.0,-7.360000000000254,2024,2024-06-04
h05_r60_t2,-1,1717480800000000000,1717481040000000000,2347.3445,2349.7264999999998,0.10145558091943406,sl,-2.381999999999607,-4.903999999999214,0.0,-4.903999999999214,2024,2024-06-04
h06_r60_t3,-1,1717484400000000000,1717510435000000000,2344.381,2321.850999999999,0.32030797334407357,tp,22.530000000000655,44.92000000000131,0.0,44.92000000000131,2024,2024-06-04
h13_r30_t3,-1,1717508230000000000,1717534380000000000,2331.91,2326.797,0.26159771623418804,forced_close,5.112999999999829,10.085999999999657,0.0,10.085999999999657,2024,2024-06-04
h14_r15_t2,-1,1717510500000000000,1717534380000000000,2320.939,2326.797,0.502847985732619,forced_close,-5.858000000000175,-11.85600000000035,0.0,-11.85600000000035,2024,2024-06-04
h00_r30_t1,1,1717547450000000000,1717549285000000000,2329.343,2327.8165,0.06554075956866932,sl,-1.5264999999999418,-3.1929999999998837,0.0,-3.1929999999998837,2024,2024-06-05
h01_r60_t3,1,1717552915000000000,1717597385000000000,2331.0135,2346.2729999999997,0.21825455994984358,tp,15.259499999999662,30.378999999999323,0.0,30.378999999999323,2024,2024-06-05
h02_r15_t3,1,1717553970000000000,1717563080000000000,2332.042,2338.237,0.08856149963567793,tp,6.195000000000164,12.250000000000327,0.0,12.250000000000327,2024,2024-06-05
h04_r30_t3,-1,1717561850000000000,1717562900000000000,2335.9605,2337.945,0.08494123881093503,sl,-1.9845000000000255,-4.109000000000051,0.0,-4.109000000000051,2024,2024-06-05
h05_r60_t2,-1,1717567200000000000,1717568355000000000,2337.398,2328.7780000000002,0.18438999639348336,tp,8.61999999999989,17.09999999999978,0.0,17.09999999999978,2024,2024-06-05
h13_r30_t3,-1,1717594690000000000,1717595900000000000,2339.7754999999997,2345.3450000000003,0.237762407925521,sl,-5.569500000000517,-11.279000000001034,0.0,-11.279000000001034,2024,2024-06-05
h14_r15_t2,-1,1717596910000000000,1717597380000000000,2335.857,2345.8545,0.42790309081068517,sl,-9.997499999999945,-20.13499999999989,0.0,-20.13499999999989,2024,2024-06-05
h00_r30_t1,-1,1717634300000000000,1717635060000000000,2354.6695,2355.8735,0.05112657883568466,sl,-1.2040000000001783,-2.5480000000003566,0.0,-2.5480000000003566,2024,2024-06-06
h01_r60_t3,1,1717642605000000000,1717678325000000000,2373.4275,2355.6445,0.7511140208232097,sl,-17.7829999999999,-35.705999999999804,0.0,-35.705999999999804,2024,2024-06-06
h02_r15_t3,1,1717640100000000000,1717655290000000000,2369.163,2365.201,0.1649377225551335,sl,-3.961999999999989,-8.063999999999979,0.0,-8.063999999999979,2024,2024-06-06
h04_r30_t3,1,1717648725000000000,1717653055000000000,2369.243,2366.9355,0.09740507806546934,sl,-2.307499999999891,-4.754999999999781,0.0,-4.754999999999781,2024,2024-06-06
h05_r60_t2,-1,1717653795000000000,1717678315000000000,2366.407,2356.2429999999995,0.21462965931027247,tp,10.16400000000067,20.188000000001338,0.0,20.188000000001338,2024,2024-06-06
h06_r60_t3,1,1717657765000000000,1717659880000000000,2368.0565,2363.2309999999998,0.20385338018308463,sl,-4.825500000000375,-9.79100000000075,0.0,-9.79100000000075,2024,2024-06-06
h13_r30_t3,1,1717680615000000000,1717707180000000000,2361.1925,2375.018,0.3285305010487207,forced_close,13.82549999999992,27.51099999999984,0.0,27.51099999999984,2024,2024-06-06
h14_r15_t2,-1,1717683360000000000,1717683825000000000,2359.306,2365.0075,0.2415349958854588,sl,-5.701500000000124,-11.543000000000248,0.0,-11.543000000000248,2024,2024-06-06
h00_r30_t1,1,1717721210000000000,1717722650000000000,2378.341,2376.107,0.09399563934285197,sl,-2.2339999999999236,-4.607999999999847,0.0,-4.607999999999847,2024,2024-06-07
h01_r60_t3,-1,1717725705000000000,1717731670000000000,2370.244,2380.067,0.41429295948696776,sl,-9.822999999999865,-19.78599999999973,0.0,-19.78599999999973,2024,2024-06-07
h02_r15_t3,1,1717727265000000000,1717731670000000000,2372.0995000000003,2379.9745000000003,0.1106682973903783,tp,7.875,15.61,0.0,15.61,2024,2024-06-07
h04_r30_t3,1,1717734605000000000,1717739120000000000,2384.526,2379.3235,0.21819885391601923,sl,-5.202499999999873,-10.544999999999746,0.0,-10.544999999999746,2024,2024-06-07
h05_r60_t2,-1,1717740000000000000,1717749335000000000,2375.1065,2349.7235,0.534143699238142,tp,25.38299999999981,50.62599999999962,0.0,50.62599999999962,2024,2024-06-07
h06_r60_t3,1,1717744300000000000,1717745925000000000,2377.8535,2372.948,0.2065035461948413,sl,-4.905500000000302,-9.951000000000604,0.0,-9.951000000000604,2024,2024-06-07
h13_r30_t3,-1,1717767830000000000,1717793580000000000,2317.611,2293.513,0.4527633464881479,forced_close,24.097999999999956,48.05599999999991,0.0,48.05599999999991,2024,2024-06-07
h14_r15_t2,1,1717769990000000000,1717774260000000000,2315.1955,2307.62,0.32753926158282554,sl,-7.57549999999992,-15.29099999999984,0.0,-15.29099999999984,2024,2024-06-07
h00_r30_t1,-1,1717981780000000000,1717985110000000000,2294.2315,2299.9615,0.24958076529390066,sl,-5.730000000000018,-11.600000000000037,0.0,-11.600000000000037,2024,2024-06-10
h01_r60_t3,1,1717985090000000000,1717992135000000000,2298.07,2294.0045,0.17693553571036785,sl,-4.065500000000156,-8.271000000000313,0.0,-8.271000000000313,2024,2024-06-10
h02_r15_t3,-1,1717986970000000000,1718020470000000000,2296.8755,2301.494,0.20081377734259004,sl,-4.61850000000004,-9.37700000000008,0.0,-9.37700000000008,2024,2024-06-10
h04_r30_t3,1,1717994650000000000,1717996550000000000,2295.8334999999997,2292.801,0.13213225512831314,sl,-3.0324999999998,-6.2049999999995995,0.0,-6.2049999999995995,2024,2024-06-10
h05_r60_t2,-1,1718000865000000000,1718006860000000000,2292.2285,2297.4004999999997,0.22528585429596298,sl,-5.171999999999571,-10.483999999999142,0.0,-10.483999999999142,2024,2024-06-10
h06_r60_t3,1,1718004500000000000,1718052780000000000,2296.645,2310.386,0.38567591701137555,forced_close,13.740999999999985,27.34199999999997,0.0,27.34199999999997,2024,2024-06-10
h13_r30_t3,-1,1718026200000000000,1718034220000000000,2303.8555,2307.8815,0.174738256111329,sl,-4.02599999999984,-8.19199999999968,0.0,-8.19199999999968,2024,2024-06-10
h14_r15_t2,1,1718030750000000000,1718031755000000000,2306.629,2301.7995,0.20962463322741748,sl,-4.829499999999825,-9.798999999999651,0.0,-9.798999999999651,2024,2024-06-10
h01_r60_t3,-1,1718071585000000000,1718108005000000000,2301.7205,2310.9125,0.39914239965261794,sl,-9.192000000000007,-18.524000000000015,0.0,-18.524000000000015,2024,2024-06-11
h02_r15_t3,-1,1718072100000000000,1718073000000000000,2299.6585,2303.503,0.16716816391133732,sl,-3.844500000000153,-7.829000000000305,0.0,-7.829000000000305,2024,2024-06-11
h04_r30_t3,-1,1718080295000000000,1718082255000000000,2302.132,2304.0325000000003,0.0825469905421777,sl,-1.9005000000001928,-3.9410000000003858,0.0,-3.9410000000003858,2024,2024-06-11
h05_r60_t2,1,1718087760000000000,1718109645000000000,2304.4955,2318.0365,0.2944086063586729,tp,13.541000000000167,26.942000000000334,0.0,26.942000000000334,2024,2024-06-11
h06_r60_t3,1,1718090650000000000,1718139175000000000,2304.725,2315.932,0.2591899607870434,forced_close,11.20699999999988,22.27399999999976,0.0,22.27399999999976,2024,2024-06-11
h13_r30_t3,-1,1718112930000000000,1718139175000000000,2310.75,2315.994,0.3871173301203535,forced_close,-5.244000000000142,-10.628000000000284,0.0,-10.628000000000284,2024,2024-06-11
h14_r15_t2,-1,1718115325000000000,1718117320000000000,2313.547,2317.2705,0.16090645192306907,sl,-3.723500000000058,-7.587000000000116,0.0,-7.587000000000116,2024,2024-06-11
h00_r30_t1,-1,1718152935000000000,1718154000000000000,2314.5185,2313.3085,0.05227239099748623,tp,1.2100000000000364,2.2800000000000726,0.0,2.2800000000000726,2024,2024-06-12
h01_r60_t3,1,1718159085000000000,1718159830000000000,2315.248,2310.89,0.188290109346961,sl,-4.358000000000175,-8.85600000000035,0.0,-8.85600000000035,2024,2024-06-12
h02_r15_t3,1,1718158640000000000,1718159825000000000,2314.533,2311.8,0.11813658023776533,sl,-2.73299999999972,-5.605999999999439,0.0,-5.605999999999439,2024,2024-06-12
h04_r30_t3,-1,1718167075000000000,1718171680000000000,2313.2309999999998,2314.4755,0.05378328340355673,sl,-1.2445000000002437,-2.6290000000004876,0.0,-2.6290000000004876,2024,2024-06-12
h05_r60_t2,1,1718172785000000000,1718177000000000000,2315.4425,2312.474,0.12822625530307244,sl,-2.968499999999949,-6.076999999999898,0.0,-6.076999999999898,2024,2024-06-12
h06_r60_t3,-1,1718175920000000000,1718195400000000000,2313.86,2317.88,0.1723772619250954,sl,-4.019999999999982,-8.179999999999964,0.0,-8.179999999999964,2024,2024-06-12
h13_r30_t3,-1,1718199115000000000,1718220240000000000,2335.897,2318.4294999999993,0.24879799269481315,tp,17.467500000000655,34.79500000000131,0.0,34.79500000000131,2024,2024-06-12
h14_r15_t2,1,1718206180000000000,1718218375000000000,2330.034,2320.1525,0.42474923504087525,sl,-9.88149999999996,-19.90299999999992,0.0,-19.90299999999992,2024,2024-06-12
h00_r30_t1,1,1718238600000000000,1718240925000000000,2321.8075,2317.6655,0.17840583062299584,sl,-4.141999999999825,-8.423999999999651,0.0,-8.423999999999651,2024,2024-06-13
h02_r15_t3,1,1718245030000000000,1718246175000000000,2315.2465,2312.12,0.13507873580302854,sl,-3.1265000000003056,-6.393000000000611,0.0,-6.393000000000611,2024,2024-06-13
h04_r30_t3,-1,1718253095000000000,1718261770000000000,2311.948,2314.94,0.12916203803599674,sl,-2.992000000000189,-6.124000000000378,0.0,-6.124000000000378,2024,2024-06-13
h05_r60_t2,1,1718258630000000000,1718274150000000000,2312.326,2318.8469999999998,0.14104253380824208,tp,6.520999999999731,12.901999999999461,0.0,12.901999999999461,2024,2024-06-13
h06_r60_t3,1,1718263075000000000,1718277730000000000,2316.2095,2311.2455,0.21435981919327649,sl,-4.963999999999942,-10.067999999999884,0.0,-10.067999999999884,2024,2024-06-13
h13_r30_t3,1,1718285940000000000,1718286605000000000,2324.055,2315.2405,0.3797442973135087,sl,-8.814499999999953,-17.768999999999906,0.0,-17.768999999999906,2024,2024-06-13
h14_r15_t2,1,1718290850000000000,1718291880000000000,2314.5385,2305.7275,0.3820165627224132,sl,-8.81100000000015,-17.7620000000003,0.0,-17.7620000000003,2024,2024-06-13
h00_r30_t1,1,1718325005000000000,1718327410000000000,2303.8845,2306.1695,0.0991964652196943,tp,2.2849999999998545,4.429999999999709,0.0,4.429999999999709,2024,2024-06-14
h01_r60_t3,1,1718334035000000000,1718352575000000000,2307.2785,2319.7329999999997,0.18002512502888865,tp,12.454499999999825,24.76899999999965,0.0,24.76899999999965,2024,2024-06-14
h02_r15_t3,-1,1718331770000000000,1718333725000000000,2305.571,2306.7655,0.05179858610891848,sl,-1.1945000000000618,-2.529000000000124,0.0,-2.529000000000124,2024,2024-06-14
h04_r30_t3,1,1718339510000000000,1718347350000000000,2305.8005,2312.5609999999992,0.09779232789135281,tp,6.760499999999411,13.38099999999882,0.0,13.38099999999882,2024,2024-06-14
h05_r60_t2,1,1718346065000000000,1718359385000000000,2311.7200000000003,2323.969000000001,0.26513222303489503,tp,12.249000000000706,24.35800000000141,0.0,24.35800000000141,2024,2024-06-14
h06_r60_t3,1,1718348400000000000,1718360655000000000,2312.8695,2328.8579999999993,0.23044363913723087,tp,15.988499999999476,31.83699999999895,0.0,31.83699999999895,2024,2024-06-14
h13_r30_t3,-1,1718371800000000000,1718372460000000000,2327.1465,2331.7895,0.19946938480041695,sl,-4.643000000000029,-9.426000000000059,0.0,-9.426000000000059,2024,2024-06-14
h14_r15_t2,1,1718374835000000000,1718376890000000000,2334.522,2328.0389999999998,0.27825831668526974,sl,-6.483000000000175,-13.10600000000035,0.0,-13.10600000000035,2024,2024-06-14
h00_r30_t1,-1,1718586045000000000,1718587245000000000,2325.324,2329.018,0.1588102387463002,sl,-3.69399999999996,-7.52799999999992,0.0,-7.52799999999992,2024,2024-06-17
h01_r60_t3,-1,1718592250000000000,1718657580000000000,2322.84,2318.869,0.2669194223157848,forced_close,3.9710000000000036,7.802000000000008,0.0,7.802000000000008,2024,2024-06-17
h02_r15_t3,-1,1718591785000000000,1718599195000000000,2323.5295,2326.312,0.11970728181653056,sl,-2.7824999999998,-5.7049999999995995,0.0,-5.7049999999995995,2024,2024-06-17
h04_r30_t3,1,1718598610000000000,1718599790000000000,2324.943,2323.6615,0.05512585492931398,sl,-1.281500000000051,-2.703000000000102,0.0,-2.703000000000102,2024,2024-06-17
h05_r60_t2,-1,1718604065000000000,1718629875000000000,2317.872,2323.776,0.2546306529331151,sl,-5.903999999999996,-11.947999999999993,0.0,-11.947999999999993,2024,2024-06-17
h06_r60_t3,1,1718607965000000000,1718638430000000000,2319.3334999999997,2315.542,0.1636054560466947,sl,-3.7914999999998145,-7.722999999999629,0.0,-7.722999999999629,2024,2024-06-17
h13_r30_t3,-1,1718633310000000000,1718634545000000000,2318.8275,2326.3765,0.3248716371869352,sl,-7.548999999999978,-15.237999999999957,0.0,-15.237999999999957,2024,2024-06-17
h14_r15_t2,1,1718633860000000000,1718634715000000000,2321.469,2327.581,0.13172973076658814,tp,6.11200000000008,12.08400000000016,0.0,12.08400000000016,2024,2024-06-17
h00_r30_t1,1,1718670655000000000,1718673480000000000,2323.307,2320.734,0.11080017492044135,sl,-2.5729999999998654,-5.2859999999997305,0.0,-5.2859999999997305,2024,2024-06-18
h01_r60_t3,1,1718678620000000000,1718693555000000000,2325.543,2319.2995,0.26881002857088904,sl,-6.24350000000004,-12.62700000000008,0.0,-12.62700000000008,2024,2024-06-18
h02_r15_t3,1,1718678295000000000,1718687040000000000,2323.9695,2321.5905000000002,0.10238647861525216,sl,-2.3789999999999054,-4.8979999999998105,0.0,-4.8979999999998105,2024,2024-06-18
h04_r30_t3,-1,1718685590000000000,1718694345000000000,2323.1625,2317.9080000000004,0.07534271471651419,tp,5.2544999999995525,10.368999999999104,0.0,10.368999999999104,2024,2024-06-18
h05_r60_t2,-1,1718693520000000000,1718706290000000000,2319.4700000000003,2310.652000000001,0.1898608533963153,tp,8.817999999999302,17.495999999998602,0.0,17.495999999998602,2024,2024-06-18
h06_r60_t3,-1,1718694260000000000,1718707440000000000,2318.828,2306.9134999999997,0.17117165847300164,tp,11.914500000000317,23.689000000000632,0.0,23.689000000000632,2024,2024-06-18
h13_r30_t3,1,1718717465000000000,1718743980000000000,2320.375,2329.293,0.28481085029879183,forced_close,8.91800000000012,17.69600000000024,0.0,17.69600000000024,2024,2024-06-18
h14_r15_t2,-1,1718721910000000000,1718724095000000000,2322.892,2327.2455,0.1873574296462918,sl,-4.353500000000167,-8.847000000000335,0.0,-8.847000000000335,2024,2024-06-18
h00_r30_t1,-1,1718757000000000000,1718758540000000000,2328.2045,2329.892,0.07247964127409545,sl,-1.6875,-3.515,0.0,-3.515,2024,2024-06-19
h01_r60_t3,1,1718763775000000000,1718795125000000000,2331.0245,2326.5915,0.1902440793343128,sl,-4.432999999999993,-9.005999999999986,0.0,-9.005999999999986,2024,2024-06-19
h02_r15_t3,1,1718763645000000000,1718768000000000000,2330.5370000000003,2329.011,0.06549589534735764,sl,-1.5260000000002947,-3.1920000000005895,0.0,-3.1920000000005895,2024,2024-06-19
h04_r30_t3,1,1718772410000000000,1718773320000000000,2328.5305,2327.3495000000003,0.05073318255137584,sl,-1.1809999999995853,-2.5019999999991707,0.0,-2.5019999999991707,2024,2024-06-19
h05_r60_t2,1,1718776920000000000,1718795060000000000,2330.1255,2326.8955,0.1386623164763466,sl,-3.230000000000018,-6.600000000000036,0.0,-6.600000000000036,2024,2024-06-19
h06_r60_t3,1,1718780430000000000,1718789510000000000,2330.8185,2328.487,0.10004994987846293,sl,-2.331499999999778,-4.802999999999556,0.0,-4.802999999999556,2024,2024-06-19
h13_r30_t3,-1,1718805630000000000,1718817295000000000,2326.8225,2330.102,0.2002299317780338,forced_close,-3.2794999999996435,-6.698999999999287,0.0,-6.698999999999287,2024,2024-06-19
h14_r15_t2,1,1718811970000000000,1718817295000000000,2328.5225,2330.04,0.20291399279163208,forced_close,1.5174999999999272,2.8949999999998544,0.0,2.8949999999998544,2024,2024-06-19
h00_r30_t1,1,1718845065000000000,1718845305000000000,2329.518,2331.1935,0.07196115514940278,tp,1.675499999999829,3.210999999999658,0.0,3.210999999999658,2024,2024-06-20
h01_r60_t3,1,1718857860000000000,1718916780000000000,2339.08,2359.298,0.39862592080726744,forced_close,20.217999999999847,40.295999999999694,0.0,40.295999999999694,2024,2024-06-20
h02_r15_t3,-1,1718850510000000000,1718857460000000000,2335.3025,2337.4395,0.09147713093130615,sl,-2.137000000000171,-4.414000000000342,0.0,-4.414000000000342,2024,2024-06-20
h04_r30_t3,1,1718857815000000000,1718871325000000000,2338.545,2333.7945,0.20315763544270457,sl,-4.750500000000102,-9.641000000000204,0.0,-9.641000000000204,2024,2024-06-20
h05_r60_t2,1,1718864870000000000,1718869705000000000,2344.967,2339.846,0.21881655750408524,sl,-5.121000000000095,-10.38200000000019,0.0,-10.38200000000019,2024,2024-06-20
h06_r60_t3,-1,1718869685000000000,1718891285000000000,2340.294,2345.7675,0.23349430725649878,sl,-5.473500000000058,-11.087000000000117,0.0,-11.087000000000117,2024,2024-06-20
h13_r30_t3,1,1718890565000000000,1718892425000000000,2340.786,2352.966,0.17354168879572307,tp,12.179999999999836,24.219999999999672,0.0,24.219999999999672,2024,2024-06-20
h14_r15_t2,1,1718893190000000000,1718895490000000000,2353.975,2364.0039999999995,0.21335015911381167,tp,10.028999999999542,19.917999999999083,0.0,19.917999999999083,2024,2024-06-20
h00_r30_t1,1,1718929800000000000,1718932500000000000,2363.183,2360.8645,0.09777131752192966,sl,-2.318499999999858,-4.776999999999716,0.0,-4.776999999999716,2024,2024-06-21
h01_r60_t3,1,1718948355000000000,1718953475000000000,2364.277,2357.168,0.3012656420075049,sl,-7.108999999999924,-14.357999999999848,0.0,-14.357999999999848,2024,2024-06-21
h02_r15_t3,-1,1718937780000000000,1718942260000000000,2359.193,2361.736,0.10767801858894646,sl,-2.5429999999996653,-5.22599999999933,0.0,-5.22599999999933,2024,2024-06-21
h05_r60_t2,-1,1718950200000000000,1718954710000000000,2362.2799999999997,2355.435999999999,0.14471877952421608,tp,6.84400000000096,13.54800000000192,0.0,13.54800000000192,2024,2024-06-21
h06_r60_t3,-1,1718953200000000000,1718956880000000000,2358.007,2364.544,0.2771596415367969,sl,-6.536999999999807,-13.213999999999615,0.0,-13.213999999999615,2024,2024-06-21
h13_r30_t3,-1,1718976760000000000,1718989440000000000,2353.6555,2323.0464999999986,0.43318292436474276,tp,30.609000000001288,61.078000000002575,0.0,61.078000000002575,2024,2024-06-21
h14_r15_t2,-1,1718979880000000000,1719003180000000000,2330.8875,2321.624,0.41720013873843925,forced_close,9.263500000000022,18.387000000000043,0.0,18.387000000000043,2024,2024-06-21
h00_r30_t1,1,1719189640000000000,1719192385000000000,2321.005,2324.0475,0.1312279920844836,tp,3.042500000000018,5.945000000000037,0.0,5.945000000000037,2024,2024-06-24
h01_r60_t3,1,1719199040000000000,1719262380000000000,2326.35,2333.696,0.3102969262508352,forced_close,7.346000000000004,14.552000000000007,0.0,14.552000000000007,2024,2024-06-24
h02_r15_t3,1,1719196865000000000,1719262380000000000,2323.7625,2333.696,0.1775152263636845,forced_close,9.933500000000095,19.72700000000019,0.0,19.72700000000019,2024,2024-06-24
h04_r30_t3,-1,1719203580000000000,1719207010000000000,2324.9635,2326.7095,0.0750658599737998,sl,-1.7460000000000946,-3.6320000000001893,0.0,-3.6320000000001893,2024,2024-06-24
h05_r60_t2,-1,1719209045000000000,1719214050000000000,2323.6985,2327.3535,0.15718993425332953,sl,-3.6550000000002,-7.4500000000004,0.0,-7.4500000000004,2024,2024-06-24
h06_r60_t3,1,1719213585000000000,1719221605000000000,2325.4035,2321.419,0.17148100281419176,sl,-3.9845000000000255,-8.109000000000052,0.0,-8.109000000000052,2024,2024-06-24
h13_r30_t3,1,1719235800000000000,1719262380000000000,2331.3360000000002,2333.696,0.23304107555439843,forced_close,2.3599999999996726,4.5799999999993455,0.0,4.5799999999993455,2024,2024-06-24
h14_r15_t2,1,1719239610000000000,1719244810000000000,2331.733,2327.0175,0.20240959925003701,sl,-4.715500000000247,-9.571000000000495,0.0,-9.571000000000495,2024,2024-06-24
h00_r30_t1,-1,1719275695000000000,1719277405000000000,2329.033,2331.0235000000002,0.08545839811765431,sl,-1.9905000000003383,-4.121000000000676,0.0,-4.121000000000676,2024,2024-06-25
h01_r60_t3,-1,1719288270000000000,1719306465000000000,2323.242,2331.0085,0.33391490232563353,sl,-7.7664999999997235,-15.672999999999448,0.0,-15.672999999999448,2024,2024-06-25
h02_r15_t3,1,1719282765000000000,1719287810000000000,2327.096,2324.6035,0.10719182993977847,sl,-2.4924999999998363,-5.124999999999672,0.0,-5.124999999999672,2024,2024-06-25
h04_r30_t3,1,1719289890000000000,1719320470000000000,2326.8940000000002,2322.7905,0.1763893211278672,sl,-4.103500000000167,-8.347000000000335,0.0,-8.347000000000335,2024,2024-06-25
h05_r60_t2,-1,1719295200000000000,1719305900000000000,2324.6014999999998,2330.1725,0.23960775037097556,sl,-5.571000000000367,-11.282000000000735,0.0,-11.282000000000735,2024,2024-06-25
h06_r60_t3,-1,1719302615000000000,1719305125000000000,2323.5155,2328.25,0.20342595168606903,sl,-4.7345000000000255,-9.609000000000052,0.0,-9.609000000000052,2024,2024-06-25
h13_r30_t3,-1,1719322505000000000,1719325390000000000,2321.7055,2327.493,0.2489965385716573,sl,-5.787499999999909,-11.714999999999819,0.0,-11.714999999999819,2024,2024-06-25
h14_r15_t2,1,1719325295000000000,1719329510000000000,2326.376,2319.5795,0.29248429615601995,sl,-6.796500000000378,-13.733000000000757,0.0,-13.733000000000757,2024,2024-06-25
h00_r30_t1,-1,1719362160000000000,1719365950000000000,2318.819,2313.667,0.22203073220796865,tp,5.152000000000044,10.164000000000087,0.0,10.164000000000087,2024,2024-06-26
h01_r60_t3,1,1719368695000000000,1719381855000000000,2320.813,2310.666,0.43869196556438567,sl,-10.146999999999935,-20.43399999999987,0.0,-20.43399999999987,2024,2024-06-26
h02_r15_t3,1,1719368100000000000,1719381390000000000,2315.7035,2312.495,0.1385721988797262,sl,-3.2085000000001855,-6.557000000000371,0.0,-6.557000000000371,2024,2024-06-26
h04_r30_t3,-1,1719376365000000000,1719379870000000000,2316.314,2317.8045,0.06431396780290188,sl,-1.4905000000003383,-3.121000000000677,0.0,-3.121000000000677,2024,2024-06-26
h05_r60_t2,-1,1719381600000000000,1719395000000000000,2311.935,2318.2335000000003,0.27240055012067754,sl,-6.298500000000331,-12.737000000000663,0.0,-12.737000000000663,2024,2024-06-26
h06_r60_t3,1,1719390600000000000,1719397365000000000,2317.4885,2309.781,0.3326224154062323,sl,-7.707499999999982,-15.554999999999964,0.0,-15.554999999999964,2024,2024-06-26
h13_r30_t3,-1,1719408600000000000,1719435180000000000,2296.7925,2298.086,0.6483143760915658,forced_close,-1.2934999999997672,-2.7269999999995345,0.0,-2.7269999999995345,2024,2024-06-26
h14_r15_t2,-1,1719412050000000000,1719414605000000000,2295.7615,2301.376,0.24424350744900866,sl,-5.614500000000135,-11.36900000000027,0.0,-11.36900000000027,2024,2024-06-26
h00_r30_t1,1,1719448305000000000,1719449355000000000,2300.1785,2298.21,0.08560981061900651,sl,-1.968499999999949,-4.076999999999898,0.0,-4.076999999999898,2024,2024-06-27
h01_r60_t3,1,1719456430000000000,1719467980000000000,2299.832,2296.8655,0.12898857119481286,sl,-2.9664999999999964,-6.072999999999992,0.0,-6.072999999999992,2024,2024-06-27
h02_r15_t3,1,1719454585000000000,1719467360000000000,2299.21,2297.8575,0.05884027877023006,sl,-1.3524999999999636,-2.8449999999999274,0.0,-2.8449999999999274,2024,2024-06-27
h04_r30_t3,-1,1719465760000000000,1719469715000000000,2298.803,2301.238,0.10586282221588693,sl,-2.4349999999999454,-5.0099999999998905,0.0,-5.0099999999998905,2024,2024-06-27
h05_r60_t2,-1,1719468065000000000,1719469455000000000,2296.882,2300.683,0.16543201977872024,sl,-3.800999999999931,-7.741999999999861,0.0,-7.741999999999861,2024,2024-06-27
h06_r60_t3,1,1719475355000000000,1719492000000000000,2303.4825,2324.3415,0.3021322637975751,tp,20.858999999999924,41.57799999999985,0.0,41.57799999999985,2024,2024-06-27
h13_r30_t3,1,1719495125000000000,1719495670000000000,2324.147,2320.107,0.17398239677116076,sl,-4.039999999999964,-8.219999999999928,0.0,-8.219999999999928,2024,2024-06-27
h14_r15_t2,-1,1719498225000000000,1719521580000000000,2323.195,2328.421,0.3368748658740904,forced_close,-5.225999999999658,-10.591999999999317,0.0,-10.591999999999317,2024,2024-06-27
h00_r30_t1,-1,1719535155000000000,1719537050000000000,2324.2045,2320.0509999999995,0.1786245330378126,tp,4.153500000000349,8.167000000000698,0.0,8.167000000000698,2024,2024-06-28
h01_r60_t3,1,1719544380000000000,1719607980000000000,2324.5585,2326.153,0.23605909945877557,forced_close,1.594499999999698,3.048999999999396,0.0,3.048999999999396,2024,2024-06-28
h02_r15_t3,1,1719541335000000000,1719548350000000000,2322.033,2319.892,0.09221601634131885,sl,-2.1410000000000764,-4.4220000000001525,0.0,-4.4220000000001525,2024,2024-06-28
h04_r30_t3,1,1719551120000000000,1719558630000000000,2321.92,2328.2440000000006,0.09083926126307401,tp,6.324000000000524,12.508000000001047,0.0,12.508000000001047,2024,2024-06-28
h05_r60_t2,1,1719555115000000000,1719578240000000000,2327.0935,2339.2725,0.2618214682425132,tp,12.179000000000087,24.218000000000174,0.0,24.218000000000174,2024,2024-06-28
h06_r60_t3,1,1719558630000000000,1719559970000000000,2328.2219999999998,2325.1695,0.13115149942361146,sl,-3.0524999999997817,-6.244999999999563,0.0,-6.244999999999563,2024,2024-06-28
h13_r30_t3,-1,1719581400000000000,1719607980000000000,2331.302,2326.216,0.3691657497388441,forced_close,5.08600000000024,10.03200000000048,0.0,10.03200000000048,2024,2024-06-28
h14_r15_t2,-1,1719584565000000000,1719607980000000000,2328.7395,2326.216,0.21562663986857464,forced_close,2.52350000000024,4.9070000000004805,0.0,4.9070000000004805,2024,2024-06-28
h00_r30_t1,1,1719794300000000000,1719797350000000000,2325.0505,2327.8989999999994,0.1226281557861721,tp,2.8484999999996035,5.556999999999207,0.0,5.556999999999207,2024,2024-07-01
h01_r60_t3,-1,1719808380000000000,1719815700000000000,2323.567,2328.6025,0.21630740007139182,sl,-5.035499999999956,-10.210999999999913,0.0,-10.210999999999913,2024,2024-07-01
h02_r15_t3,-1,1719800275000000000,1719808950000000000,2326.303,2321.5555,0.068019944780269,tp,4.747499999999945,9.35499999999989,0.0,9.35499999999989,2024,2024-07-01
h04_r30_t3,-1,1719808250000000000,1719814815000000000,2324.1815,2326.1495,0.0846652988861371,sl,-1.9679999999998472,-4.075999999999694,0.0,-4.075999999999694,2024,2024-07-01
h05_r60_t2,1,1719814420000000000,1719832980000000000,2324.081,2335.1550000000007,0.2384691118543853,tp,11.074000000000524,22.008000000001047,0.0,22.008000000001047,2024,2024-07-01
h06_r60_t3,1,1719825125000000000,1719843750000000000,2329.0745,2321.392,0.3302104643083792,sl,-7.682500000000346,-15.505000000000692,0.0,-15.505000000000692,2024,2024-07-01
h13_r30_t3,1,1719841030000000000,1719842395000000000,2329.635,2325.5535,0.1753341400894749,sl,-4.081500000000233,-8.303000000000466,0.0,-8.303000000000466,2024,2024-07-01
h14_r15_t2,-1,1719843405000000000,1719867180000000000,2327.1315,2331.659,0.31103758159581846,forced_close,-4.5275000000001455,-9.195000000000292,0.0,-9.195000000000292,2024,2024-07-01
h00_r30_t1,-1,1719880980000000000,1719882275000000000,2331.934,2333.9895,0.0881129783708439,sl,-2.055499999999938,-4.250999999999876,0.0,-4.250999999999876,2024,2024-07-02
h01_r60_t3,1,1719885600000000000,1719889600000000000,2334.2965,2331.186,0.1332635847025904,sl,-3.1104999999997744,-6.360999999999549,0.0,-6.360999999999549,2024,2024-07-02
h02_r15_t3,-1,1719886505000000000,1719889890000000000,2333.1440000000002,2329.3625000000006,0.05402013980523031,tp,3.781499999999596,7.422999999999193,0.0,7.422999999999193,2024,2024-07-02
h04_r30_t3,1,1719894835000000000,1719900455000000000,2326.5985,2331.5005,0.07023600846270892,tp,4.902000000000044,9.664000000000087,0.0,9.664000000000087,2024,2024-07-02
h05_r60_t2,1,1719900075000000000,1719904505000000000,2330.901,2326.4015,0.19311527623595806,sl,-4.499499999999898,-9.138999999999797,0.0,-9.138999999999797,2024,2024-07-02
h06_r60_t3,-1,1719904185000000000,1719907905000000000,2327.6765,2331.8795,0.1803421093676409,sl,-4.2029999999999745,-8.54599999999995,0.0,-8.54599999999995,2024,2024-07-02
h13_r30_t3,1,1719927200000000000,1719929390000000000,2329.5355,2326.1895,0.14367519958228578,sl,-3.3460000000000036,-6.832000000000007,0.0,-6.832000000000007,2024,2024-07-02
h14_r15_t2,-1,1719931490000000000,1719953580000000000,2323.759,2329.864,0.5216416725451726,forced_close,-6.105000000000018,-12.350000000000037,0.0,-12.350000000000037,2024,2024-07-02
h00_r30_t1,1,1719966640000000000,1719968400000000000,2332.2219999999998,2330.277,0.0834215263994694,sl,-1.944999999999709,-4.029999999999418,0.0,-4.029999999999418,2024,2024-07-03
h01_r60_t3,-1,1719973215000000000,1719978450000000000,2328.5315,2331.645,0.13367239080165355,sl,-3.113499999999931,-6.366999999999861,0.0,-6.366999999999861,2024,2024-07-03
h02_r15_t3,-1,1719973200000000000,1719978385000000000,2329.093,2331.1495,0.08826765551621951,sl,-2.056500000000142,-4.253000000000283,0.0,-4.253000000000283,2024,2024-07-03
h04_r30_t3,1,1719981035000000000,1719989175000000000,2333.3,2337.803000000001,0.06433991363621261,tp,4.503000000000611,8.866000000001222,0.0,8.866000000001222,2024,2024-07-03
h05_r60_t2,1,1719987845000000000,1719990965000000000,2335.9030000000002,2343.6680000000006,0.1663864631487803,tp,7.765000000000327,15.390000000000654,0.0,15.390000000000654,2024,2024-07-03
h06_r60_t3,1,1719990030000000000,1720039980000000000,2341.3435,2355.889,0.35742465377623367,forced_close,14.545500000000175,28.95100000000035,0.0,28.95100000000035,2024,2024-07-03
h13_r30_t3,1,1720013785000000000,1720039980000000000,2353.2375,2355.889,0.24116964832635573,forced_close,2.651499999999942,5.162999999999884,0.0,5.162999999999884,2024,2024-07-03
h14_r15_t2,1,1720016200000000000,1720025755000000000,2363.342,2355.6625,0.3250043431956224,sl,-7.679500000000189,-15.499000000000379,0.0,-15.499000000000379,2024,2024-07-03
h00_r30_t1,1,1720054445000000000,1720056495000000000,2358.9985,2361.454,0.10413090766911218,tp,2.455500000000029,4.7710000000000585,0.0,4.7710000000000585,2024,2024-07-04
h01_r60_t3,-1,1720060830000000000,1720113295000000000,2358.352,2357.362,0.181538223152305,forced_close,0.9899999999997817,1.8399999999995633,0.0,1.8399999999995633,2024,2024-07-04
h02_r15_t3,-1,1720059300000000000,1720074645000000000,2359.788,2352.2849999999994,0.10598310880961619,tp,7.503000000000611,14.866000000001222,0.0,14.866000000001222,2024,2024-07-04
h04_r30_t3,1,1720067835000000000,1720069705000000000,2359.4745000000003,2357.689,0.07571019384440342,sl,-1.785500000000411,-3.7110000000008223,0.0,-3.7110000000008223,2024,2024-07-04
h05_r60_t2,-1,1720073260000000000,1720080495000000000,2355.584,2358.688,0.13169442227028494,sl,-3.104000000000269,-6.348000000000538,0.0,-6.348000000000538,2024,2024-07-04
h06_r60_t3,1,1720079025000000000,1720113295000000000,2357.2985,2357.299,0.2914818425930167,forced_close,0.0005000000001018634,-0.1389999999997963,0.0,-0.1389999999997963,2024,2024-07-04
h13_r30_t3,1,1720100880000000000,1720106470000000000,2358.728,2357.3424999999997,0.05876820069840291,sl,-1.3855000000003201,-2.9110000000006404,0.0,-2.9110000000006404,2024,2024-07-04
h14_r15_t2,1,1720102790000000000,1720105530000000000,2360.085,2358.0735,0.0852402023559633,sl,-2.011500000000069,-4.163000000000138,0.0,-4.163000000000138,2024,2024-07-04
h00_r30_t1,1,1720139450000000000,1720140510000000000,2357.5865,2359.0429999999997,0.061792242305339716,tp,1.456499999999778,2.772999999999556,0.0,2.772999999999556,2024,2024-07-05
h01_r60_t3,1,1720145265000000000,1720182600000000000,2360.3265,2356.9375,0.1436910756351885,sl,-3.3890000000001237,-6.918000000000247,0.0,-6.918000000000247,2024,2024-07-05
h02_r15_t3,1,1720146310000000000,1720182600000000000,2361.068,2358.1895,0.12195873739977946,sl,-2.8785000000002583,-5.897000000000516,0.0,-5.897000000000516,2024,2024-07-05
h04_r30_t3,1,1720153810000000000,1720167305000000000,2363.017,2367.8859999999986,0.0686868849312525,tp,4.868999999998778,9.597999999997555,0.0,9.597999999997555,2024,2024-07-05
h05_r60_t2,1,1720159270000000000,1720164205000000000,2365.1059999999998,2362.756,0.09937619238215556,sl,-2.349999999999909,-4.839999999999818,0.0,-4.839999999999818,2024,2024-07-05
h06_r60_t3,-1,1720162805000000000,1720165360000000000,2363.667,2366.395,0.11539379931758043,sl,-2.7280000000000655,-5.596000000000131,0.0,-5.596000000000131,2024,2024-07-05
h13_r30_t3,1,1720186510000000000,1720212780000000000,2380.2125,2391.063,0.39950988288441286,forced_close,10.850500000000011,21.56100000000002,0.0,21.56100000000002,2024,2024-07-05
h14_r15_t2,1,1720190615000000000,1720212780000000000,2383.6435,2391.063,0.38388240730361745,forced_close,7.419499999999971,14.698999999999941,0.0,14.698999999999941,2024,2024-07-05
h00_r30_t1,1,1720399000000000000,1720400760000000000,2387.0225,2384.6175,0.100766305758499,sl,-2.4050000000002,-4.9500000000004,0.0,-4.9500000000004,2024,2024-07-08
h01_r60_t3,-1,1720406260000000000,1720453500000000000,2384.3085,2363.6684999999998,0.2882859327149897,tp,20.640000000000327,41.140000000000654,0.0,41.140000000000654,2024,2024-07-08
h02_r15_t3,1,1720405065000000000,1720406250000000000,2386.5955,2385.2985,0.05436331628803862,sl,-1.2970000000000255,-2.734000000000051,0.0,-2.734000000000051,2024,2024-07-08
h04_r30_t3,1,1720413060000000000,1720418045000000000,2383.9764999999998,2382.102,0.07864819919958405,sl,-1.8744999999998981,-3.8889999999997964,0.0,-3.8889999999997964,2024,2024-07-08
h05_r60_t2,-1,1720418550000000000,1720429555000000000,2381.624,2371.1479999999992,0.2198185426886848,tp,10.476000000000568,20.812000000001134,0.0,20.812000000001134,2024,2024-07-08
h06_r60_t3,-1,1720422035000000000,1720453715000000000,2376.737,2354.2009999999996,0.31602535018045336,tp,22.536000000000513,44.932000000001025,0.0,44.932000000001025,2024,2024-07-08
h13_r30_t3,1,1720445670000000000,1720446590000000000,2376.2955,2371.148,0.21673583827611898,sl,-5.147500000000036,-10.435000000000073,0.0,-10.435000000000073,2024,2024-07-08
h14_r15_t2,-1,1720448405000000000,1720453130000000000,2374.936,2365.573000000001,0.1968681500638539,tp,9.362999999999374,18.585999999998748,0.0,18.585999999998748,2024,2024-07-08
h00_r30_t1,-1,1720485185000000000,1720487400000000000,2361.4915,2363.7625,0.09615335761934833,sl,-2.270999999999731,-4.681999999999461,0.0,-4.681999999999461,2024,2024-07-09
h01_r60_t3,-1,1720490535000000000,1720492720000000000,2361.4210000000003,2365.3555,0.16646833896583343,sl,-3.9344999999998436,-8.008999999999688,0.0,-8.008999999999688,2024,2024-07-09
h02_r15_t3,1,1720492165000000000,1720509755000000000,2363.4795,2360.536,0.12467959124069676,sl,-2.943499999999858,-6.026999999999716,0.0,-6.026999999999716,2024,2024-07-09
h04_r30_t3,-1,1720499455000000000,1720509700000000000,2366.929,2361.043,0.08286640031440191,tp,5.885999999999967,11.631999999999934,0.0,11.631999999999934,2024,2024-07-09
h05_r60_t2,-1,1720505615000000000,1720533460000000000,2364.178,2368.3895,0.17776031726632993,sl,-4.211500000000342,-8.563000000000685,0.0,-8.563000000000685,2024,2024-07-09
h06_r60_t3,-1,1720508905000000000,1720519255000000000,2362.7905,2365.582,0.1180754151462149,sl,-2.7914999999998145,-5.722999999999629,0.0,-5.722999999999629,2024,2024-07-09
h13_r30_t3,1,1720532160000000000,1720533905000000000,2365.4945,2359.5969999999998,0.24946970502930654,sl,-5.897500000000036,-11.935000000000073,0.0,-11.935000000000073,2024,2024-07-09
h14_r15_t2,-1,1720537020000000000,1720558380000000000,2356.701,2364.114,0.6342265454255038,forced_close,-7.413000000000011,-14.966000000000022,0.0,-14.966000000000022,2024,2024-07-09
h00_r30_t1,-1,1720572935000000000,1720574260000000000,2364.944,2366.6335,0.07140141818134746,sl,-1.6894999999999527,-3.5189999999999055,0.0,-3.5189999999999055,2024,2024-07-10
h01_r60_t3,1,1720580110000000000,1720644780000000000,2369.9674999999997,2371.446,0.27715656115589365,forced_close,1.4785000000001673,2.8170000000003346,0.0,2.8170000000003346,2024,2024-07-10
h02_r15_t3,1,1720578040000000000,1720581400000000000,2368.434,2366.9875,0.06108171859844437,sl,-1.4465000000000146,-3.0330000000000292,0.0,-3.0330000000000292,2024,2024-07-10
h04_r30_t3,-1,1720585805000000000,1720588755000000000,2366.989,2368.9915,0.08459883044493512,sl,-2.0025000000000546,-4.145000000000109,0.0,-4.145000000000109,2024,2024-07-10
h05_r60_t2,-1,1720591955000000000,1720593940000000000,2367.3905,2370.437,0.12863000285844126,sl,-3.0464999999999236,-6.232999999999847,0.0,-6.232999999999847,2024,2024-07-10
h06_r60_t3,1,1720594845000000000,1720644780000000000,2372.878,2371.446,0.23893505161397696,forced_close,-1.4320000000002437,-3.0040000000004876,0.0,-3.0040000000004876,2024,2024-07-10
h13_r30_t3,1,1720618200000000000,1720622410000000000,2380.6735,2376.288,0.18422143706582633,sl,-4.385499999999865,-8.910999999999731,0.0,-8.910999999999731,2024,2024-07-10
h14_r15_t2,-1,1720621090000000000,1720622410000000000,2381.9515,2375.4625000000005,0.1361191219571865,tp,6.488999999999578,12.837999999999155,0.0,12.837999999999155,2024,2024-07-10
h00_r30_t1,1,1720657810000000000,1720659600000000000,2373.0805,2374.643,0.06585495430509114,tp,1.5625,2.985,0.0,2.985,2024,2024-07-11
h01_r60_t3,1,1720665050000000000,1720701000000000000,2376.393,2386.0485,0.1354617188591648,tp,9.655499999999847,19.170999999999694,0.0,19.170999999999694,2024,2024-07-11
h02_r15_t3,1,1720665040000000000,1720672395000000000,2376.2955,2381.830500000001,0.07767596869722684,tp,5.535000000000764,10.930000000001527,0.0,10.930000000001527,2024,2024-07-11
h04_r30_t3,1,1720672365000000000,1720680150000000000,2381.685,2378.7325,0.12326647983183384,sl,-2.9524999999998727,-6.044999999999745,0.0,-6.044999999999745,2024,2024-07-11
h05_r60_t2,1,1720678100000000000,1720678405000000000,2383.1040000000003,2381.2690000000002,0.07701596098081973,sl,-1.8350000000000364,-3.810000000000073,0.0,-3.810000000000073,2024,2024-07-11
h06_r60_t3,1,1720685400000000000,1720700995000000000,2383.297,2378.5605,0.19885594332196183,sl,-4.736499999999978,-9.612999999999957,0.0,-9.612999999999957,2024,2024-07-11
h13_r30_t3,-1,1720705230000000000,1720709420000000000,2402.95,2413.0815000000002,0.42018786798877805,sl,-10.131500000000415,-20.40300000000083,0.0,-20.40300000000083,2024,2024-07-11
h14_r15_t2,1,1720707485000000000,1720708440000000000,2411.9545,2406.7065000000002,0.2176938021354813,sl,-5.2479999999995925,-10.635999999999186,0.0,-10.635999999999186,2024,2024-07-11
h00_r30_t1,-1,1720745940000000000,1720762650000000000,2411.3195,2406.2920000000004,0.208442469360188,tp,5.027499999999691,9.914999999999381,0.0,9.914999999999381,2024,2024-07-12
h01_r60_t3,-1,1720751040000000000,1720800810000000000,2407.1195,2414.3289999999997,0.29939815136850995,sl,-7.2094999999999345,-14.55899999999987,0.0,-14.55899999999987,2024,2024-07-12
h02_r15_t3,-1,1720751010000000000,1720752660000000000,2407.253,2410.2185,0.12317851663656784,sl,-2.9654999999997926,-6.070999999999585,0.0,-6.070999999999585,2024,2024-07-12
h04_r30_t3,1,1720759680000000000,1720760930000000000,2410.0205,2408.1935,0.07582898260914893,sl,-1.8270000000002256,-3.7940000000004512,0.0,-3.7940000000004512,2024,2024-07-12
h05_r60_t2,-1,1720765715000000000,1720787425000000000,2405.467,2396.0270000000005,0.19600413186675456,tp,9.4399999999996,18.7399999999992,0.0,18.7399999999992,2024,2024-07-12
h06_r60_t3,-1,1720768710000000000,1720775745000000000,2402.2664999999997,2408.3555,0.25326569876107763,sl,-6.0890000000003965,-12.318000000000794,0.0,-12.318000000000794,2024,2024-07-12
h13_r30_t3,1,1720792800000000000,1720817580000000000,2405.802,2411.44,0.3722810522061735,forced_close,5.63799999999992,11.13599999999984,0.0,11.13599999999984,2024,2024-07-12
h14_r15_t2,1,1720796725000000000,1720817580000000000,2411.003,2411.44,0.2999947285603042,forced_close,0.43699999999989814,0.7339999999997963,0.0,0.7339999999997963,2024,2024-07-12
h00_r30_t1,1,1721005160000000000,1721005645000000000,2408.906,2406.3465,0.10633191051999788,sl,-2.5594999999998436,-5.258999999999687,0.0,-5.258999999999687,2024,2024-07-15
h01_r60_t3,1,1721008820000000000,1721024720000000000,2410.4195,2404.971,0.22607503898793266,sl,-5.448499999999967,-11.036999999999935,0.0,-11.036999999999935,2024,2024-07-15
h02_r15_t3,1,1721009725000000000,1721022870000000000,2410.9359999999997,2408.246,0.11158198154249853,sl,-2.6899999999996,-5.519999999999199,0.0,-5.519999999999199,2024,2024-07-15
h04_r30_t3,-1,1721017820000000000,1721020915000000000,2411.6865,2413.4570000000003,0.07340684244646654,sl,-1.7705000000005384,-3.681000000001077,0.0,-3.681000000001077,2024,2024-07-15
h05_r60_t2,-1,1721023205000000000,1721038925000000000,2408.0115,2414.057,0.25103780702871475,sl,-6.04549999999972,-12.23099999999944,0.0,-12.23099999999944,2024,2024-07-15
h06_r60_t3,-1,1721026845000000000,1721031640000000000,2402.094,2408.373,0.2612670641221525,sl,-6.278999999999996,-12.697999999999993,0.0,-12.697999999999993,2024,2024-07-15
h13_r30_t3,1,1721050200000000000,1721055310000000000,2416.3555,2430.6234999999997,0.19685076034433396,tp,14.267999999999574,28.395999999999148,0.0,28.395999999999148,2024,2024-07-15
h14_r15_t2,1,1721053740000000000,1721055805000000000,2423.4205,2433.8965000000007,0.21633123210921643,tp,10.476000000000568,20.812000000001134,0.0,20.812000000001134,2024,2024-07-15
h00_r30_t1,-1,1721090440000000000,1721091860000000000,2420.5575,2422.9635,0.09937165805493604,sl,-2.405999999999949,-4.951999999999898,0.0,-4.951999999999898,2024,2024-07-16
h01_r60_t3,1,1721095320000000000,1721137865000000000,2427.7555,2447.2375000000006,0.2675388526645388,tp,19.482000000000426,38.82400000000085,0.0,38.82400000000085,2024,2024-07-16
h02_r15_t3,1,1721096890000000000,1721103785000000000,2428.446,2426.1185,0.09592220389866052,sl,-2.3274999999998727,-4.794999999999745,0.0,-4.794999999999745,2024,2024-07-16
h04_r30_t3,1,1721105405000000000,1721121725000000000,2428.7259999999997,2439.563499999999,0.14894551727591646,tp,10.837499999999181,21.534999999998362,0.0,21.534999999998362,2024,2024-07-16
h05_r60_t2,-1,1721110250000000000,1721112205000000000,2428.2315,2432.8875,0.191450556639613,sl,-4.655999999999949,-9.451999999999899,0.0,-9.451999999999899,2024,2024-07-16
h06_r60_t3,1,1721113200000000000,1721141770000000000,2434.052,2451.362,0.23706549889653533,tp,17.309999999999945,34.47999999999989,0.0,34.47999999999989,2024,2024-07-16
h13_r30_t3,1,1721136600000000000,1721143340000000000,2438.3375,2460.2285,0.29928312729335493,tp,21.891000000000076,43.64200000000015,0.0,43.64200000000015,2024,2024-07-16
h14_r15_t2,1,1721139660000000000,1721142375000000000,2445.3795,2454.8645000000006,0.19412953116440226,tp,9.485000000000582,18.830000000001164,0.0,18.830000000001164,2024,2024-07-16
h00_r30_t1,1,1721176380000000000,1721176825000000000,2468.4750000000004,2470.7520000000004,0.09227621346564226,tp,2.2770000000000437,4.414000000000088,0.0,4.414000000000088,2024,2024-07-17
h01_r60_t3,1,1721182040000000000,1721186385000000000,2481.3715,2468.632,0.5137945539672882,sl,-12.739500000000135,-25.61900000000027,0.0,-25.61900000000027,2024,2024-07-17
h02_r15_t3,-1,1721183040000000000,1721184045000000000,2479.41,2470.2749999999996,0.12270000453325433,tp,9.135000000000218,18.130000000000436,0.0,18.130000000000436,2024,2024-07-17
h04_r30_t3,-1,1721190600000000000,1721202820000000000,2469.758,2472.834,0.12453786673841043,sl,-3.076000000000022,-6.292000000000043,0.0,-6.292000000000043,2024,2024-07-17
h05_r60_t2,-1,1721196000000000000,1721202295000000000,2465.467,2471.0905000000002,0.22735619685060135,sl,-5.623500000000149,-11.387000000000299,0.0,-11.387000000000299,2024,2024-07-17
h06_r60_t3,1,1721201020000000000,1721228235000000000,2467.63,2461.879,0.23316033817371942,sl,-5.751000000000204,-11.642000000000408,0.0,-11.642000000000408,2024,2024-07-17
h13_r30_t3,-1,1721223105000000000,1721223415000000000,2472.8465,2479.514,0.2694888321281622,sl,-6.667500000000018,-13.475000000000037,0.0,-13.475000000000037,2024,2024-07-17
h14_r15_t2,-1,1721225865000000000,1721249580000000000,2463.9629999999997,2459.541,0.8057914538448951,forced_close,4.421999999999571,8.70399999999914,0.0,8.70399999999914,2024,2024-07-17
h00_r30_t1,-1,1721262835000000000,1721265210000000000,2457.7200000000003,2461.5305,0.1549536785893336,sl,-3.8104999999995925,-7.760999999999185,0.0,-7.760999999999185,2024,2024-07-18
h01_r60_t3,1,1721270080000000000,1721309820000000000,2464.194,2457.666,0.26509741558445465,sl,-6.527999999999793,-13.195999999999586,0.0,-13.195999999999586,2024,2024-07-18
h02_r15_t3,-1,1721269320000000000,1721269990000000000,2460.9525,2462.8540000000003,0.07724401165953554,sl,-1.9015000000003965,-3.943000000000793,0.0,-3.943000000000793,2024,2024-07-18
h04_r30_t3,-1,1721278150000000000,1721279630000000000,2465.9719999999998,2468.2754999999997,0.09337957652655887,sl,-2.3034999999999854,-4.746999999999971,0.0,-4.746999999999971,2024,2024-07-18
h05_r60_t2,-1,1721282620000000000,1721284220000000000,2464.9764999999998,2469.992,0.20330080574489165,sl,-5.015500000000429,-10.17100000000086,0.0,-10.17100000000086,2024,2024-07-18
h06_r60_t3,1,1721286155000000000,1721294555000000000,2472.2625,2464.6409999999996,0.30837535570490143,sl,-7.6215000000001965,-15.383000000000393,0.0,-15.383000000000393,2024,2024-07-18
h13_r30_t3,-1,1721309605000000000,1721311325000000000,2460.3230000000003,2466.255,0.24083936497495645,sl,-5.931999999999789,-12.003999999999579,0.0,-12.003999999999579,2024,2024-07-18
h14_r15_t2,-1,1721312320000000000,1721313805000000000,2462.8845,2466.6684999999998,0.15361432088179047,sl,-3.7839999999996508,-7.707999999999301,0.0,-7.707999999999301,2024,2024-07-18
h00_r30_t1,-1,1721351640000000000,1721383740000000000,2426.1755000000003,2410.9175000000005,0.6273406295567484,tp,15.25799999999981,30.37599999999962,0.0,30.37599999999962,2024,2024-07-19
h02_r15_t3,-1,1721355305000000000,1721357865000000000,2425.7525,2428.5775,0.1164188490564641,sl,-2.824999999999818,-5.789999999999636,0.0,-5.789999999999636,2024,2024-07-19
h04_r30_t3,-1,1721364730000000000,1721390010000000000,2424.6075,2410.197,0.1979756898134938,tp,14.410499999999956,28.680999999999912,0.0,28.680999999999912,2024,2024-07-19
h05_r60_t2,-1,1721369045000000000,1721383735000000000,2421.181,2411.1929999999998,0.20606892374171243,tp,9.988000000000284,19.836000000000567,0.0,19.836000000000567,2024,2024-07-19
h06_r60_t3,-1,1721374890000000000,1721422380000000000,2414.357,2399.475,0.4048912566256806,forced_close,14.882000000000062,29.624000000000123,0.0,29.624000000000123,2024,2024-07-19
h13_r30_t3,1,1721396520000000000,1721422380000000000,2404.4120000000003,2399.422,0.4421236205937153,forced_close,-4.9900000000002365,-10.120000000000474,0.0,-10.120000000000474,2024,2024-07-19
h14_r15_t2,-1,1721400685000000000,1721401645000000000,2398.8825,2404.8379999999997,0.24795960533805653,sl,-5.955499999999574,-12.05099999999915,0.0,-12.05099999999915,2024,2024-07-19
h00_r30_t1,-1,1721610235000000000,1721611590000000000,2406.941,2411.7655,0.20027277280342531,sl,-4.824500000000171,-9.789000000000343,0.0,-9.789000000000343,2024,2024-07-22
h01_r60_t3,-1,1721613600000000000,1721658605000000000,2405.8355,2386.5320000000006,0.2673812902076965,tp,19.30349999999953,38.46699999999906,0.0,38.46699999999906,2024,2024-07-22
h02_r15_t3,-1,1721614655000000000,1721616030000000000,2404.3725,2407.06,0.11167134924544449,sl,-2.6875,-5.515,0.0,-5.515,2024,2024-07-22
h04_r30_t3,-1,1721622635000000000,1721624690000000000,2404.6800000000003,2407.257,0.1071588739461004,sl,-2.576999999999771,-5.293999999999541,0.0,-5.293999999999541,2024,2024-07-22
h05_r60_t2,-1,1721628000000000000,1721645120000000000,2402.9565000000002,2407.4425,0.1866807100275496,sl,-4.485999999999876,-9.111999999999753,0.0,-9.111999999999753,2024,2024-07-22
h06_r60_t3,1,1721641720000000000,1721649065000000000,2405.307,2398.971,0.2637126081971829,sl,-6.335999999999785,-12.811999999999571,0.0,-12.811999999999571,2024,2024-07-22
h13_r30_t3,-1,1721655435000000000,1721681580000000000,2394.2039999999997,2396.156,0.252137220231502,forced_close,-1.9520000000002256,-4.044000000000451,0.0,-4.044000000000451,2024,2024-07-22
h14_r15_t2,-1,1721658130000000000,1721658765000000000,2391.3990000000003,2384.4080000000013,0.14600098071891282,tp,6.990999999999076,13.841999999998151,0.0,13.841999999998151,2024,2024-07-22
h00_r30_t1,1,1721694600000000000,1721696120000000000,2397.5795,2399.6179999999995,0.08503138882514684,tp,2.038499999999658,3.936999999999316,0.0,3.936999999999316,2024,2024-07-23
h01_r60_t3,-1,1721703070000000000,1721724225000000000,2397.9485,2404.071,0.2549783773338464,sl,-6.122499999999945,-12.384999999999891,0.0,-12.384999999999891,2024,2024-07-23
h02_r15_t3,-1,1721702775000000000,1721713315000000000,2399.916,2392.113000000001,0.10831689250036317,tp,7.802999999998974,15.465999999997948,0.0,15.465999999997948,2024,2024-07-23
h04_r30_t3,-1,1721709590000000000,1721713575000000000,2397.5924999999997,2391.1709999999985,0.08925842325549632,tp,6.421500000001288,12.703000000002575,0.0,12.703000000002575,2024,2024-07-23
h05_r60_t2,-1,1721715245000000000,1721720755000000000,2390.8265,2396.9719999999998,0.25684255223466723,sl,-6.145499999999629,-12.430999999999258,0.0,-12.430999999999258,2024,2024-07-23
h06_r60_t3,1,1721718990000000000,1721733845000000000,2393.8109999999997,2410.4294999999993,0.23173751892972203,tp,16.618499999999585,33.09699999999917,0.0,33.09699999999917,2024,2024-07-23
h13_r30_t3,-1,1721741550000000000,1721755465000000000,2403.1620000000003,2407.7465,0.190660128203286,sl,-4.5844999999999345,-9.30899999999987,0.0,-9.30899999999987,2024,2024-07-23
h14_r15_t2,-1,1721744180000000000,1721744935000000000,2401.621,2404.4579999999996,0.11807707098939739,sl,-2.8369999999995343,-5.813999999999068,0.0,-5.813999999999068,2024,2024-07-23
h00_r30_t1,-1,1721782480000000000,1721783445000000000,2408.5275,2410.3379999999997,0.07513579846257311,sl,-1.8104999999995925,-3.760999999999185,0.0,-3.760999999999185,2024,2024-07-24
h01_r60_t3,1,1721787470000000000,1721849470000000000,2412.2470000000003,2404.956,0.3027509602408457,sl,-7.291000000000167,-14.722000000000335,0.0,-14.722000000000335,2024,2024-07-24
h02_r15_t3,1,1721787345000000000,1721828360000000000,2411.3450000000003,2423.643500000001,0.1700177731715422,tp,12.298500000000786,24.45700000000157,0.0,24.45700000000157,2024,2024-07-24
h04_r30_t3,-1,1721795610000000000,1721796385000000000,2414.9849999999997,2417.428,0.10111010033202071,sl,-2.443000000000211,-5.026000000000422,0.0,-5.026000000000422,2024,2024-07-24
h05_r60_t2,1,1721800915000000000,1721807100000000000,2418.0159999999996,2413.068,0.2047853468386018,sl,-4.947999999999411,-10.035999999998822,0.0,-10.035999999998822,2024,2024-07-24
h06_r60_t3,-1,1721806615000000000,1721823545000000000,2414.273,2419.2955,0.20774842689251313,sl,-5.022500000000036,-10.185000000000073,0.0,-10.185000000000073,2024,2024-07-24
h13_r30_t3,1,1721828360000000000,1721842625000000000,2423.0919999999996,2413.6675,0.38994972795165705,sl,-9.424499999999625,-18.98899999999925,0.0,-18.98899999999925,2024,2024-07-24
h14_r15_t2,1,1721832635000000000,1721839535000000000,2428.499,2419.2345,0.38288112831424526,sl,-9.26449999999977,-18.668999999999542,0.0,-18.668999999999542,2024,2024-07-24
h00_r30_t1,1,1721867415000000000,1721868345000000000,2399.0915,2396.0879999999997,0.12522736156352868,sl,-3.0035000000002583,-6.147000000000516,0.0,-6.147000000000516,2024,2024-07-25
h01_r60_t3,-1,1721875305000000000,1721940780000000000,2370.5465,2364.056,1.2425516228998745,forced_close,6.490499999999884,12.840999999999767,0.0,12.840999999999767,2024,2024-07-25
h02_r15_t3,-1,1721874970000000000,1721904955000000000,2374.6465,2380.7635,0.2574480863530708,sl,-6.117000000000189,-12.374000000000379,0.0,-12.374000000000379,2024,2024-07-25
h04_r30_t3,1,1721881925000000000,1721885220000000000,2376.1009999999997,2373.2005,0.12208514096928731,sl,-2.900499999999738,-5.940999999999476,0.0,-5.940999999999476,2024,2024-07-25
h05_r60_t2,1,1721887520000000000,1721891335000000000,2377.933,2369.112,0.37120030971933415,sl,-8.820999999999913,-17.781999999999826,0.0,-17.781999999999826,2024,2024-07-25
h06_r60_t3,-1,1721891305000000000,1721904705000000000,2369.9260000000004,2378.8065,0.3743753647899034,sl,-8.880499999999756,-17.900999999999513,0.0,-17.900999999999513,2024,2024-07-25
h13_r30_t3,-1,1721914205000000000,1721940780000000000,2368.306,2364.056,0.3426916016085596,forced_close,4.25,8.36,0.0,8.36,2024,2024-07-25
h14_r15_t2,-1,1721916900000000000,1721917595000000000,2361.0085,2366.4115,0.22882849382740103,sl,-5.403000000000247,-10.946000000000495,0.0,-10.946000000000495,2024,2024-07-25
h00_r30_t1,-1,1721954675000000000,1721955670000000000,2363.3735,2361.2520000000004,0.08975230858885984,tp,2.1214999999997417,4.102999999999484,0.0,4.102999999999484,2024,2024-07-26
h01_r60_t3,1,1721959200000000000,1722027180000000000,2374.0405,2388.472,0.7629247675330411,forced_close,14.431500000000142,28.723000000000283,0.0,28.723000000000283,2024,2024-07-26
h02_r15_t3,1,1721961170000000000,1721967385000000000,2374.239,2370.625,0.15240096888895022,sl,-3.6140000000000327,-7.368000000000065,0.0,-7.368000000000065,2024,2024-07-26
h04_r30_t3,-1,1721969940000000000,1721971825000000000,2370.0609999999997,2372.9575,0.12208033488746556,sl,-2.8965000000002874,-5.9330000000005745,0.0,-5.9330000000005745,2024,2024-07-26
h05_r60_t2,-1,1721974705000000000,1721990505000000000,2368.2385,2375.3424999999997,0.2991937688180546,sl,-7.1039999999998145,-14.34799999999963,0.0,-14.34799999999963,2024,2024-07-26
h06_r60_t3,1,1721985045000000000,1722027180000000000,2374.5159999999996,2388.472,0.38771941226166257,forced_close,13.956000000000586,27.77200000000117,0.0,27.77200000000117,2024,2024-07-26
h13_r30_t3,1,1722000995000000000,1722027180000000000,2380.065,2388.472,0.25348497175223256,forced_close,8.407000000000153,16.674000000000305,0.0,16.674000000000305,2024,2024-07-26
h14_r15_t2,1,1722003310000000000,1722006060000000000,2389.615,2380.1865,0.3946632867287269,sl,-9.428499999999985,-18.99699999999997,0.0,-18.99699999999997,2024,2024-07-26
h00_r30_t1,1,1722213050000000000,1722214530000000000,2399.26,2401.428000000001,0.09037675183121621,tp,2.168000000000575,4.19600000000115,0.0,4.19600000000115,2024,2024-07-29
h02_r15_t3,1,1722220565000000000,1722231635000000000,2394.3050000000003,2390.9835000000003,0.13880974664661583,sl,-3.3215000000000146,-6.783000000000029,0.0,-6.783000000000029,2024,2024-07-29
h04_r30_t3,-1,1722227700000000000,1722230165000000000,2393.928,2396.121,0.08987226820357337,sl,-2.193000000000211,-4.526000000000422,0.0,-4.526000000000422,2024,2024-07-29
h05_r60_t2,-1,1722236620000000000,1722259540000000000,2390.3085,2396.3525,0.25258245078528185,sl,-6.043999999999869,-12.227999999999739,0.0,-12.227999999999739,2024,2024-07-29
h06_r60_t3,-1,1722236560000000000,1722258670000000000,2390.759,2395.5299999999997,0.19946969741311224,sl,-4.770999999999731,-9.681999999999462,0.0,-9.681999999999462,2024,2024-07-29
h13_r30_t3,-1,1722260450000000000,1722266025000000000,2391.965,2377.230500000001,0.2051902715204219,tp,14.734499999999116,29.32899999999823,0.0,29.32899999999823,2024,2024-07-29
h14_r15_t2,-1,1722262500000000000,1722264140000000000,2390.7485,2384.0035000000003,0.14105894381671186,tp,6.744999999999891,13.349999999999781,0.0,13.349999999999781,2024,2024-07-29
h00_r30_t1,1,1722300620000000000,1722301250000000000,2383.3135,2380.26,0.12824564700842345,sl,-3.0534999999999854,-6.246999999999971,0.0,-6.246999999999971,2024,2024-07-30
h01_r60_t3,1,1722307520000000000,1722358805000000000,2382.5150000000003,2400.377000000002,0.25018068137891963,tp,17.8620000000019,35.5840000000038,0.0,35.5840000000038,2024,2024-07-30
h02_r15_t3,1,1722305930000000000,1722306605000000000,2380.882,2378.8109999999997,0.08701656907241083,sl,-2.0710000000003674,-4.2820000000007346,0.0,-4.2820000000007346,2024,2024-07-30
h04_r30_t3,1,1722313815000000000,1722323400000000000,2387.161,2391.424000000001,0.05953534361132665,tp,4.2630000000008295,8.386000000001658,0.0,8.386000000001658,2024,2024-07-30
h05_r60_t2,1,1722319275000000000,1722341525000000000,2389.9300000000003,2386.096,0.16049949922399234,sl,-3.8340000000002874,-7.8080000000005745,0.0,-7.8080000000005745,2024,2024-07-30
h06_r60_t3,1,1722323380000000000,1722340625000000000,2391.1265,2387.8239999999996,0.13815702502849891,sl,-3.3025000000002365,-6.745000000000473,0.0,-6.745000000000473,2024,2024-07-30
h13_r30_t3,1,1722346360000000000,1722353230000000000,2395.246,2385.855,0.39217364886239264,sl,-9.391000000000076,-18.922000000000153,0.0,-18.922000000000153,2024,2024-07-30
h14_r15_t2,1,1722349825000000000,1722352985000000000,2394.2315,2387.6575000000003,0.27496968599330246,sl,-6.573999999999614,-13.28799999999923,0.0,-13.28799999999923,2024,2024-07-30
h00_r30_t1,-1,1722387630000000000,1722387845000000000,2407.9080000000004,2405.7120000000004,0.09116998365291938,tp,2.1959999999999127,4.251999999999826,0.0,4.251999999999826,2024,2024-07-31
h01_r60_t3,1,1722395520000000000,1722453525000000000,2412.325,2437.3975,0.34689621794919995,tp,25.07250000000022,50.005000000000436,0.0,50.005000000000436,2024,2024-07-31
h02_r15_t3,-1,1722393605000000000,1722395025000000000,2404.411,2409.4845,0.21091731467566158,sl,-5.073499999999967,-10.286999999999935,0.0,-10.286999999999935,2024,2024-07-31
h04_r30_t3,1,1722400595000000000,1722433565000000000,2417.4120000000003,2426.1795000000006,0.12092318698490508,tp,8.767500000000382,17.395000000000763,0.0,17.395000000000763,2024,2024-07-31
h05_r60_t2,-1,1722405600000000000,1722407170000000000,2417.386,2422.2745,0.20218099883245064,sl,-4.888500000000022,-9.917000000000044,0.0,-9.917000000000044,2024,2024-07-31
h06_r60_t3,-1,1722411105000000000,1722433565000000000,2416.508,2425.6005,0.37551079069543525,sl,-9.0925000000002,-18.3250000000004,0.0,-18.3250000000004,2024,2024-07-31
h13_r30_t3,1,1722432770000000000,1722451760000000000,2421.7215,2433.184500000001,0.15789820586563805,tp,11.463000000001102,22.786000000002204,0.0,22.786000000002204,2024,2024-07-31
h14_r15_t2,1,1722435300000000000,1722435620000000000,2428.576,2425.0060000000003,0.14700701742320207,sl,-3.569999999999709,-7.279999999999418,0.0,-7.279999999999418,2024,2024-07-31
h00_r30_t1,1,1722472700000000000,1722473120000000000,2447.0765,2448.8635000000004,0.073074769146919,tp,1.787000000000262,3.4340000000005237,0.0,3.4340000000005237,2024,2024-08-01
h01_r60_t3,-1,1722479905000000000,1722520850000000000,2446.1435,2458.4405,0.5016222055019363,sl,-12.297000000000025,-24.73400000000005,0.0,-24.73400000000005,2024,2024-08-01
h02_r15_t3,-1,1722479720000000000,1722480890000000000,2448.05,2437.5515000000005,0.1428985310177972,tp,10.498499999999694,20.85699999999939,0.0,20.85699999999939,2024,2024-08-01
h04_r30_t3,1,1722486600000000000,1722495805000000000,2445.877,2442.5085,0.1370070521221727,sl,-3.36850000000004,-6.87700000000008,0.0,-6.87700000000008,2024,2024-08-01
h05_r60_t2,1,1722492030000000000,1722495745000000000,2448.0505000000003,2443.6305,0.18062963731857645,sl,-4.420000000000073,-8.980000000000146,0.0,-8.980000000000146,2024,2024-08-01
h06_r60_t3,-1,1722495605000000000,1722515430000000000,2444.1130000000003,2448.9089999999997,0.19616468589822408,sl,-4.795999999999367,-9.731999999998735,0.0,-9.731999999998735,2024,2024-08-01
h13_r30_t3,1,1722519180000000000,1722521370000000000,2455.2439999999997,2448.5105,0.27444209815843673,sl,-6.733499999999822,-13.606999999999644,0.0,-13.606999999999644,2024,2024-08-01
h14_r15_t2,-1,1722522165000000000,1722545580000000000,2446.8985000000002,2445.411,0.6321715266369946,forced_close,1.487500000000182,2.8350000000003637,0.0,2.8350000000003637,2024,2024-08-01
h00_r30_t1,1,1722558600000000000,1722561195000000000,2449.5805,2443.991,0.22818192747697183,sl,-5.589500000000044,-11.319000000000088,0.0,-11.319000000000088,2024,2024-08-02
h01_r60_t3,1,1722564820000000000,1722609830000000000,2451.0625,2434.9625,0.6578760532912256,sl,-16.09999999999991,-32.33999999999982,0.0,-32.33999999999982,2024,2024-08-02
h02_r15_t3,1,1722564980000000000,1722578400000000000,2451.815,2466.9710000000005,0.20614093519516302,tp,15.156000000000404,30.172000000000807,0.0,30.172000000000807,2024,2024-08-02
h04_r30_t3,1,1722573505000000000,1722601800000000000,2457.9089999999997,2468.7929999999988,0.1476215655250627,tp,10.883999999999105,21.62799999999821,0.0,21.62799999999821,2024,2024-08-02
h05_r60_t2,1,1722578400000000000,1722598685000000000,2466.9790000000003,2457.7169999999996,0.37547106172938133,sl,-9.262000000000626,-18.664000000001252,0.0,-18.664000000001252,2024,2024-08-02
h06_r60_t3,-1,1722583015000000000,1722601800000000000,2462.468,2468.5699999999997,0.24747746969495465,sl,-6.101999999999862,-12.343999999999724,0.0,-12.343999999999724,2024,2024-08-02
h13_r30_t3,1,1722607600000000000,1722609175000000000,2474.3455,2455.8244999999997,0.751029365609099,sl,-18.521000000000186,-37.18200000000037,0.0,-37.18200000000037,2024,2024-08-02
h14_r15_t2,-1,1722608840000000000,1722609205000000000,2467.0095,2452.111500000001,0.30134641042173993,tp,14.897999999999229,29.655999999998457,0.0,29.655999999998457,2024,2024-08-02
h00_r30_t1,1,1722822130000000000,1722855355000000000,2441.0735,2413.835,1.1229178342900001,sl,-27.23849999999993,-54.61699999999986,0.0,-54.61699999999986,2024,2024-08-05
h01_r60_t3,1,1722826330000000000,1722849380000000000,2442.0164999999997,2420.219,0.8935175857665045,sl,-21.797499999999673,-43.734999999999346,0.0,-43.734999999999346,2024,2024-08-05
h02_r15_t3,-1,1722824430000000000,1722825965000000000,2433.4255000000003,2439.8565,0.26419086156783306,sl,-6.430999999999585,-13.001999999999171,0.0,-13.001999999999171,2024,2024-08-05
h04_r30_t3,-1,1722834125000000000,1722838715000000000,2450.932,2426.948499999999,0.32574139323765205,tp,23.98350000000073,47.82700000000146,0.0,47.82700000000146,2024,2024-08-05
h05_r60_t2,-1,1722837780000000000,1722857970000000000,2432.4849999999997,2392.0149999999985,0.8299827420193614,tp,40.470000000001164,80.80000000000233,0.0,80.80000000000233,2024,2024-08-05
h06_r60_t3,1,1722842620000000000,1722849355000000000,2438.8155,2422.154,0.6860388631144291,sl,-16.66150000000016,-33.46300000000032,0.0,-33.46300000000032,2024,2024-08-05
h13_r30_t3,1,1722865135000000000,1722891180000000000,2394.3025,2410.3,0.8252887379016749,forced_close,15.9975000000004,31.8550000000008,0.0,31.8550000000008,2024,2024-08-05
h14_r15_t2,-1,1722867345000000000,1722868900000000000,2388.7625,2397.1245,0.34976347464622964,sl,-8.36200000000008,-16.86400000000016,0.0,-16.86400000000016,2024,2024-08-05
h00_r30_t1,1,1722904235000000000,1722923190000000000,2413.0505000000003,2404.6055,0.35015900204063144,sl,-8.445000000000164,-17.030000000000328,0.0,-17.030000000000328,2024,2024-08-06
h01_r60_t3,-1,1722910185000000000,1722949680000000000,2410.8085,2389.8520000000008,0.2895568646282704,tp,20.956499999999323,41.772999999998646,0.0,41.772999999998646,2024,2024-08-06
h02_r15_t3,-1,1722910585000000000,1722924270000000000,2409.406,2397.7254999999996,0.16157237496244975,tp,11.680500000000393,23.221000000000785,0.0,23.221000000000785,2024,2024-08-06
h04_r30_t3,-1,1722918925000000000,1722924915000000000,2408.402,2395.3954999999996,0.17986488249664895,tp,13.006500000000415,25.87300000000083,0.0,25.87300000000083,2024,2024-08-06
h05_r60_t2,-1,1722924000000000000,1722931680000000000,2398.197,2411.9365,0.5727508653584078,sl,-13.73949999999968,-27.61899999999936,0.0,-27.61899999999936,2024,2024-08-06
h06_r60_t3,1,1722930155000000000,1722947885000000000,2408.4094999999998,2394.87,0.5637625922211572,sl,-13.539499999999862,-27.218999999999724,0.0,-27.218999999999724,2024,2024-08-06
h13_r30_t3,1,1722953065000000000,1722954620000000000,2399.55,2388.9065,0.444236219223599,sl,-10.643500000000131,-21.427000000000263,0.0,-21.427000000000263,2024,2024-08-06
h14_r15_t2,-1,1722953890000000000,1722977580000000000,2394.6735,2387.449,0.3597291122558848,forced_close,7.224499999999807,14.308999999999614,0.0,14.308999999999614,2024,2024-08-06
h00_r30_t1,1,1722990690000000000,1722993615000000000,2385.567,2381.1735,0.18430131198540067,sl,-4.393500000000131,-8.927000000000263,0.0,-8.927000000000263,2024,2024-08-07
h01_r60_t3,1,1722997960000000000,1723063980000000000,2387.6585,2382.204,0.3622949808880337,forced_close,-5.454499999999825,-11.048999999999651,0.0,-11.048999999999651,2024,2024-08-07
h02_r15_t3,1,1722997305000000000,1723032335000000000,2386.6765,2403.7885000000006,0.23905537920705106,tp,17.112000000000535,34.08400000000107,0.0,34.08400000000107,2024,2024-08-07
h04_r30_t3,1,1723005930000000000,1723055800000000000,2393.763,2385.7775,0.33384267107580806,sl,-7.9854999999997744,-16.11099999999955,0.0,-16.11099999999955,2024,2024-08-07
h05_r60_t2,1,1723012150000000000,1723016910000000000,2396.3185,2388.7215,0.31767052210322194,sl,-7.596999999999753,-15.333999999999506,0.0,-15.333999999999506,2024,2024-08-07
h06_r60_t3,-1,1723016400000000000,1723027210000000000,2389.666,2397.6725,0.3343179354588696,sl,-8.00649999999996,-16.15299999999992,0.0,-16.15299999999992,2024,2024-08-07
h13_r30_t3,1,1723037655000000000,1723038075000000000,2404.397,2400.2619999999997,0.17222736844912145,sl,-4.135000000000218,-8.410000000000437,0.0,-8.410000000000437,2024,2024-08-07
h14_r15_t2,-1,1723040105000000000,1723040720000000000,2398.385,2401.6115,0.13450520095113538,sl,-3.22649999999976,-6.5929999999995195,0.0,-6.5929999999995195,2024,2024-08-07
h00_r30_t1,1,1723077005000000000,1723079300000000000,2387.1075,2390.8425,0.15650330961551,tp,3.7350000000001273,7.330000000000255,0.0,7.330000000000255,2024,2024-08-08
h01_r60_t3,1,1723088410000000000,1723115600000000000,2391.4359999999997,2410.598499999999,0.2676042205846327,tp,19.162499999999454,38.18499999999891,0.0,38.18499999999891,2024,2024-08-08
h02_r15_t3,1,1723083390000000000,1723090010000000000,2388.5965,2395.3104999999996,0.09371510023285687,tp,6.713999999999487,13.287999999998974,0.0,13.287999999998974,2024,2024-08-08
h04_r30_t3,-1,1723091470000000000,1723092050000000000,2393.1589999999997,2396.2965,0.1310682785314869,sl,-3.137500000000273,-6.415000000000545,0.0,-6.415000000000545,2024,2024-08-08
h05_r60_t2,1,1723096800000000000,1723113825000000000,2395.6095,2401.8344999999995,0.129939691284156,tp,6.224999999999454,12.309999999998908,0.0,12.309999999998908,2024,2024-08-08
h06_r60_t3,1,1723113770000000000,1723138215000000000,2400.7225,2424.650499999999,0.332635962760272,tp,23.927999999998974,47.71599999999795,0.0,47.71599999999795,2024,2024-08-08
h13_r30_t3,1,1723124130000000000,1723150380000000000,2411.615,2426.957,0.38299549783188713,forced_close,15.342000000000098,30.544000000000196,0.0,30.544000000000196,2024,2024-08-08
h14_r15_t2,1,1723126865000000000,1723150380000000000,2420.8500000000004,2426.957,0.4768806444143147,forced_close,6.106999999999516,12.073999999999032,0.0,12.073999999999032,2024,2024-08-08
h00_r30_t1,-1,1723163515000000000,1723165890000000000,2423.2565,2421.062,0.09053807962730501,tp,2.194500000000062,4.249000000000124,0.0,4.249000000000124,2024,2024-08-09
h01_r60_t3,1,1723168815000000000,1723174745000000000,2427.7659999999996,2420.1555,0.3135390319119238,sl,-7.6104999999997744,-15.36099999999955,0.0,-15.36099999999955,2024,2024-08-09
h02_r15_t3,-1,1723170665000000000,1723200225000000000,2424.3405000000002,2429.09,0.19583095906248107,sl,-4.749499999999898,-9.638999999999797,0.0,-9.638999999999797,2024,2024-08-09
h04_r30_t3,1,1723177815000000000,1723181835000000000,2421.9759999999997,2420.273,0.07032372036016314,sl,-1.7029999999995198,-3.5459999999990397,0.0,-3.5459999999990397,2024,2024-08-09
h05_r60_t2,-1,1723183200000000000,1723188260000000000,2417.192,2424.0510000000004,0.2832337922963453,sl,-6.859000000000378,-13.858000000000757,0.0,-13.858000000000757,2024,2024-08-09
h06_r60_t3,1,1723187225000000000,1723222975000000000,2421.8725,2436.7315,0.20460406655229443,tp,14.858999999999924,29.577999999999847,0.0,29.577999999999847,2024,2024-08-09
h13_r30_t3,1,1723210200000000000,1723210700000000000,2432.0645,2427.898,0.17132444507676353,sl,-4.1664999999998145,-8.47299999999963,0.0,-8.47299999999963,2024,2024-08-09
h14_r15_t2,1,1723212900000000000,1723236780000000000,2430.2560000000003,2430.977,0.19914424965064037,forced_close,0.7209999999995489,1.3019999999990977,0.0,1.3019999999990977,2024,2024-08-09
h00_r30_t1,-1,1723422600000000000,1723423410000000000,2426.971,2429.032,0.08446704590310855,sl,-2.061000000000149,-4.262000000000298,0.0,-4.262000000000298,2024,2024-08-12
h01_r60_t3,-1,1723428200000000000,1723436575000000000,2424.741,2430.4049999999997,0.23280401471511325,sl,-5.66399999999976,-11.46799999999952,0.0,-11.46799999999952,2024,2024-08-12
h02_r15_t3,1,1723428905000000000,1723438495000000000,2426.1859999999997,2432.998999999999,0.09360841263873214,tp,6.812999999999192,13.485999999998384,0.0,13.485999999998384,2024,2024-08-12
h04_r30_t3,1,1723437005000000000,1723447000000000000,2430.934,2438.8840000000005,0.10903761345055454,tp,7.950000000000273,15.760000000000545,0.0,15.760000000000545,2024,2024-08-12
h05_r60_t2,1,1723442400000000000,1723469410000000000,2435.13,2446.9840000000004,0.24344011648324668,tp,11.85400000000027,23.568000000000538,0.0,23.568000000000538,2024,2024-08-12
h06_r60_t3,1,1723446095000000000,1723469500000000000,2437.2889999999998,2448.1699999999983,0.14883956842678578,tp,10.880999999998494,21.621999999996987,0.0,21.621999999996987,2024,2024-08-12
h13_r30_t3,1,1723469410000000000,1723476250000000000,2446.667,2460.194,0.18433929550419045,tp,13.527000000000044,26.914000000000087,0.0,26.914000000000087,2024,2024-08-12
h14_r15_t2,-1,1723472115000000000,1723474175000000000,2448.26,2454.792,0.266731675366468,sl,-6.531999999999698,-13.203999999999397,0.0,-13.203999999999397,2024,2024-08-12
h00_r30_t1,-1,1723509010000000000,1723509560000000000,2474.182,2471.316,0.11582800147997897,tp,2.8659999999999854,5.591999999999971,0.0,5.591999999999971,2024,2024-08-13
h01_r60_t3,-1,1723524575000000000,1723556700000000000,2460.9049999999997,2473.7965,0.5226759842720882,sl,-12.891500000000178,-25.923000000000357,0.0,-25.923000000000357,2024,2024-08-13
h02_r15_t3,1,1723515580000000000,1723517350000000000,2467.4,2464.33,0.12450893493557126,sl,-3.0700000000001637,-6.280000000000327,0.0,-6.280000000000327,2024,2024-08-13
h04_r30_t3,-1,1723523700000000000,1723534065000000000,2462.449,2465.0924999999997,0.10530495804245854,sl,-2.643499999999676,-5.426999999999352,0.0,-5.426999999999352,2024,2024-08-13
h05_r60_t2,1,1723531835000000000,1723582380000000000,2464.4635,2465.401,0.23899422653940205,forced_close,0.9375,1.7349999999999999,0.0,1.7349999999999999,2024,2024-08-13
h06_r60_t3,1,1723532945000000000,1723533335000000000,2464.7,2461.1935,0.1419599402607361,sl,-3.50649999999996,-7.15299999999992,0.0,-7.15299999999992,2024,2024-08-13
h13_r30_t3,1,1723556390000000000,1723582380000000000,2471.569,2465.401,0.5093664167523415,forced_close,-6.16800000000012,-12.47600000000024,0.0,-12.47600000000024,2024,2024-08-13
h14_r15_t2,-1,1723559025000000000,1723582380000000000,2469.5995000000003,2465.446,0.14963077725885696,forced_close,4.153500000000349,8.167000000000698,0.0,8.167000000000698,2024,2024-08-13
h00_r30_t1,1,1723596485000000000,1723598270000000000,2466.7195,2469.4265000000005,0.10975951434964082,tp,2.7070000000003347,5.27400000000067,0.0,5.27400000000067,2024,2024-08-14
h01_r60_t3,-1,1723600840000000000,1723622650000000000,2464.6445,2472.574,0.3216168328559891,sl,-7.929500000000189,-15.999000000000379,0.0,-15.999000000000379,2024,2024-08-14
h02_r15_t3,-1,1723602595000000000,1723616945000000000,2460.5325000000003,2465.8255,0.21506202079066947,sl,-5.292999999999665,-10.725999999999331,0.0,-10.725999999999331,2024,2024-08-14
h04_r30_t3,-1,1723610285000000000,1723615250000000000,2460.4415,2463.015,0.1045560602902692,sl,-2.5734999999999673,-5.286999999999934,0.0,-5.286999999999934,2024,2024-08-14
h05_r60_t2,1,1723615200000000000,1723619620000000000,2462.6225,2469.1805,0.13317701922700048,tp,6.557999999999993,12.975999999999985,0.0,12.975999999999985,2024,2024-08-14
h06_r60_t3,1,1723619405000000000,1723641590000000000,2467.8065,2460.3825,0.30086510876573486,sl,-7.423999999999978,-14.987999999999957,0.0,-14.987999999999957,2024,2024-08-14
h13_r30_t3,-1,1723642230000000000,1723668780000000000,2449.513,2447.969,0.8221670751696463,forced_close,1.543999999999869,2.947999999999738,0.0,2.947999999999738,2024,2024-08-14
h14_r15_t2,1,1723645385000000000,1723646080000000000,2457.7039999999997,2451.9184999999998,0.23579686134019492,sl,-5.785499999999956,-11.710999999999913,0.0,-11.710999999999913,2024,2024-08-14
h00_r30_t1,1,1723681875000000000,1723682265000000000,2450.612,2452.7215,0.08609671687648807,tp,2.1095000000000255,4.079000000000051,0.0,4.079000000000051,2024,2024-08-15
h01_r60_t3,1,1723694020000000000,1723724800000000000,2453.648,2469.656000000001,0.21773024381626277,tp,16.00800000000072,31.87600000000144,0.0,31.87600000000144,2024,2024-08-15
h02_r15_t3,1,1723688750000000000,1723716715000000000,2452.3245,2459.7765,0.10130685434264122,tp,7.451999999999771,14.763999999999541,0.0,14.763999999999541,2024,2024-08-15
h04_r30_t3,-1,1723696735000000000,1723702240000000000,2453.7795,2455.567,0.07283217328148806,sl,-1.787499999999909,-3.7149999999998182,0.0,-3.7149999999998182,2024,2024-08-15
h05_r60_t2,1,1723702215000000000,1723723530000000000,2455.1225,2464.6384999999996,0.19389578733078938,tp,9.515999999999622,18.891999999999243,0.0,18.891999999999243,2024,2024-08-15
h06_r60_t3,1,1723716265000000000,1723725600000000000,2458.845,2452.7960000000003,0.24626144509073633,sl,-6.048999999999523,-12.237999999999047,0.0,-12.237999999999047,2024,2024-08-15
h13_r30_t3,1,1723728915000000000,1723755180000000000,2451.294,2455.532,0.7799045697581148,forced_close,4.238000000000284,8.336000000000567,0.0,8.336000000000567,2024,2024-08-15
h14_r15_t2,1,1723732060000000000,1723748765000000000,2449.9935,2460.8915,0.2228321355100764,tp,10.898000000000138,21.656000000000276,0.0,21.656000000000276,2024,2024-08-15
h00_r30_t1,1,1723768245000000000,1723768865000000000,2459.098,2457.3155,0.07239315502383056,sl,-1.7824999999998,-3.7049999999996,0.0,-3.7049999999996,2024,2024-08-16
h01_r60_t3,-1,1723774370000000000,1723794710000000000,2455.761,2460.1415,0.17825268421767748,sl,-4.380500000000211,-8.901000000000423,0.0,-8.901000000000423,2024,2024-08-16
h02_r15_t3,-1,1723774800000000000,1723789885000000000,2455.6175,2457.813,0.08938065778954227,sl,-2.1955000000002656,-4.531000000000531,0.0,-4.531000000000531,2024,2024-08-16
h04_r30_t3,1,1723782715000000000,1723788270000000000,2453.436,2457.7560000000003,0.05870946804329721,tp,4.320000000000164,8.500000000000327,0.0,8.500000000000327,2024,2024-08-16
h05_r60_t2,1,1723788080000000000,1723792805000000000,2456.4015,2452.7200000000003,0.1499124916624665,sl,-3.681499999999687,-7.502999999999374,0.0,-7.502999999999374,2024,2024-08-16
h06_r60_t3,-1,1723791740000000000,1723794515000000000,2454.6975,2457.9,0.13044384102428752,sl,-3.2024999999998727,-6.544999999999745,0.0,-6.544999999999745,2024,2024-08-16
h13_r30_t3,1,1723815520000000000,1723818140000000000,2492.7415,2483.6945,0.36363351352894024,sl,-9.047000000000025,-18.23400000000005,0.0,-18.23400000000005,2024,2024-08-16
h14_r15_t2,-1,1723818140000000000,1723825040000000000,2483.9055,2495.169,0.45235820858358167,sl,-11.263500000000022,-22.667000000000044,0.0,-22.667000000000044,2024,2024-08-16
h00_r30_t1,-1,1724027400000000000,1724029665000000000,2502.685,2498.589,0.1636589931535723,tp,4.096000000000004,8.052000000000007,0.0,8.052000000000007,2024,2024-08-19
h02_r15_t3,1,1724034965000000000,1724062295000000000,2500.246,2496.2380000000003,0.16036997128304423,sl,-4.007999999999811,-8.155999999999622,0.0,-8.155999999999622,2024,2024-08-19
h04_r30_t3,-1,1724042745000000000,1724049540000000000,2499.603,2504.827,0.20893626484032052,sl,-5.22400000000016,-10.58800000000032,0.0,-10.58800000000032,2024,2024-08-19
h05_r60_t2,1,1724047655000000000,1724061810000000000,2502.568,2499.178,0.13553613537302533,sl,-3.3900000000003274,-6.9200000000006545,0.0,-6.9200000000006545,2024,2024-08-19
h06_r60_t3,1,1724055275000000000,1724061635000000000,2505.2870000000003,2499.7219999999998,0.2224002845444994,sl,-5.565000000000509,-11.27000000000102,0.0,-11.27000000000102,2024,2024-08-19
h13_r30_t3,1,1724074430000000000,1724074605000000000,2492.499,2487.484,0.20140246799346812,sl,-5.014999999999873,-10.169999999999746,0.0,-10.169999999999746,2024,2024-08-19
h14_r15_t2,-1,1724077315000000000,1724077920000000000,2494.401,2499.772,0.21505367733380265,sl,-5.371000000000095,-10.88200000000019,0.0,-10.88200000000019,2024,2024-08-19
h00_r30_t1,1,1724113875000000000,1724114330000000000,2504.8869999999997,2506.3669999999993,0.059097713677150124,tp,1.4799999999995634,2.8199999999991268,0.0,2.8199999999991268,2024,2024-08-20
h01_r60_t3,-1,1724119295000000000,1724139455000000000,2501.258,2508.406,0.2856811705414329,sl,-7.148000000000138,-14.436000000000277,0.0,-14.436000000000277,2024,2024-08-20
h02_r15_t3,1,1724126030000000000,1724134115000000000,2502.411,2498.7219999999998,0.14754229492462126,sl,-3.6890000000003056,-7.518000000000611,0.0,-7.518000000000611,2024,2024-08-20
h04_r30_t3,1,1724128915000000000,1724133590000000000,2502.5370000000003,2499.545,0.11967837237414328,sl,-2.992000000000189,-6.124000000000378,0.0,-6.124000000000378,2024,2024-08-20
h05_r60_t2,-1,1724133600000000000,1724135260000000000,2499.464,2503.799,0.17343246655774106,sl,-4.335000000000036,-8.810000000000073,0.0,-8.810000000000073,2024,2024-08-20
h06_r60_t3,1,1724138665000000000,1724160700000000000,2505.9359999999997,2531.6249999999986,0.3421826079485486,tp,25.68899999999894,51.23799999999788,0.0,51.23799999999788,2024,2024-08-20
h13_r30_t3,1,1724160630000000000,1724161000000000000,2529.076,2522.266,0.2693010984004838,sl,-6.809999999999945,-13.759999999999891,0.0,-13.759999999999891,2024,2024-08-20
h14_r15_t2,-1,1724163375000000000,1724166120000000000,2526.682,2519.343999999999,0.1451349529587247,tp,7.338000000000648,14.536000000001295,0.0,14.536000000001295,2024,2024-08-20
h00_r30_t1,1,1724200200000000000,1724201720000000000,2515.077,2512.569,0.09972595244647744,sl,-2.5080000000002656,-5.156000000000531,0.0,-5.156000000000531,2024,2024-08-21
h01_r60_t3,1,1724205655000000000,1724226145000000000,2517.208,2510.861,0.25216477519910396,sl,-6.347000000000207,-12.834000000000415,0.0,-12.834000000000415,2024,2024-08-21
h02_r15_t3,1,1724206500000000000,1724207460000000000,2519.739,2516.524,0.1256509261695703,sl,-3.2150000000001455,-6.570000000000291,0.0,-6.570000000000291,2024,2024-08-21
h04_r30_t3,-1,1724214600000000000,1724217720000000000,2516.08,2517.773,0.06728354509965599,sl,-1.693000000000211,-3.526000000000422,0.0,-3.526000000000422,2024,2024-08-21
h05_r60_t2,-1,1724220325000000000,1724221510000000000,2514.98,2518.502,0.14002411658975417,sl,-3.5219999999999345,-7.183999999999869,0.0,-7.183999999999869,2024,2024-08-21
h06_r60_t3,-1,1724225690000000000,1724273580000000000,2511.782,2511.494,0.31555601685987544,forced_close,0.2880000000000109,0.4360000000000218,0.0,0.4360000000000218,2024,2024-08-21
h13_r30_t3,-1,1724247010000000000,1724263330000000000,2505.875,2512.977,0.28333539458303025,sl,-7.101999999999862,-14.343999999999724,0.0,-14.343999999999724,2024,2024-08-21
h14_r15_t2,1,1724249730000000000,1724273580000000000,2506.437,2511.444,0.5049731050837437,forced_close,5.007000000000062,9.874000000000123,0.0,9.874000000000123,2024,2024-08-21
h00_r30_t1,1,1724287235000000000,1724288940000000000,2513.644,2511.2619999999997,0.09390931043736414,sl,-2.382000000000062,-4.904000000000123,0.0,-4.904000000000123,2024,2024-08-22
h01_r60_t3,-1,1724292040000000000,1724333570000000000,2507.1220000000003,2486.0020000000004,0.2807314169958135,tp,21.11999999999989,42.09999999999978,0.0,42.09999999999978,2024,2024-08-22
h02_r15_t3,-1,1724293095000000000,1724308020000000000,2506.219,2508.763,0.10147420804046958,sl,-2.543999999999869,-5.227999999999738,0.0,-5.227999999999738,2024,2024-08-22
h04_r30_t3,-1,1724301020000000000,1724302960000000000,2500.294,2502.4790000000003,0.08737294933490193,sl,-2.1850000000004,-4.5100000000008,0.0,-4.5100000000008,2024,2024-08-22
h05_r60_t2,1,1724306955000000000,1724326665000000000,2506.376,2500.732,0.22525677636161748,sl,-5.644000000000233,-11.428000000000466,0.0,-11.428000000000466,2024,2024-08-22
h06_r60_t3,-1,1724314765000000000,1724335420000000000,2503.609,2482.329999999999,0.2828569468836806,tp,21.279000000000906,42.41800000000181,0.0,42.41800000000181,2024,2024-08-22
h13_r30_t3,-1,1724333430000000000,1724359980000000000,2491.2709999999997,2484.156,0.41526646766392916,forced_close,7.114999999999782,14.089999999999563,0.0,14.089999999999563,2024,2024-08-22
h14_r15_t2,-1,1724336260000000000,1724359980000000000,2475.044,2484.156,0.5223939075452048,forced_close,-9.11200000000008,-18.36400000000016,0.0,-18.36400000000016,2024,2024-08-22
h00_r30_t1,1,1724373350000000000,1724373580000000000,2488.596,2490.66,0.08295676561859464,tp,2.063999999999851,3.9879999999997016,0.0,3.9879999999997016,2024,2024-08-23
h01_r60_t3,1,1724378405000000000,1724380230000000000,2491.5609999999997,2487.925,0.14597186308029989,sl,-3.6359999999995125,-7.411999999999025,0.0,-7.411999999999025,2024,2024-08-23
h02_r15_t3,-1,1724379585000000000,1724382360000000000,2488.309,2491.674,0.13455781345361814,sl,-3.3649999999997817,-6.869999999999563,0.0,-6.869999999999563,2024,2024-08-23
h04_r30_t3,-1,1724387405000000000,1724389695000000000,2492.767,2494.5969999999998,0.07340509383216416,sl,-1.8299999999999272,-3.7999999999998546,0.0,-3.7999999999998546,2024,2024-08-23
h05_r60_t2,-1,1724392860000000000,1724400595000000000,2491.197,2495.844,0.18648495720115793,sl,-4.6469999999999345,-9.43399999999987,0.0,-9.43399999999987,2024,2024-08-23
h06_r60_t3,1,1724400530000000000,1724421630000000000,2494.728,2507.022,0.16438079223679644,tp,12.293999999999869,24.447999999999737,0.0,24.447999999999737,2024,2024-08-23
h13_r30_t3,-1,1724419830000000000,1724421630000000000,2499.027,2503.993,0.19862275954446734,sl,-4.9659999999998945,-10.07199999999979,0.0,-10.07199999999979,2024,2024-08-23
h14_r15_t2,1,1724426650000000000,1724446380000000000,2517.977,2511.677,0.7959190970525349,forced_close,-6.299999999999727,-12.739999999999455,0.0,-12.739999999999455,2024,2024-08-23
h00_r30_t1,1,1724632215000000000,1724633305000000000,2516.452,2514.114,0.09292040322209617,sl,-2.338000000000193,-4.816000000000385,0.0,-4.816000000000385,2024,2024-08-26
h01_r60_t3,-1,1724641990000000000,1724655805000000000,2510.638,2515.618,0.19813608845940908,sl,-4.980000000000018,-10.100000000000037,0.0,-10.100000000000037,2024,2024-08-26
h02_r15_t3,1,1724638570000000000,1724639825000000000,2515.088,2512.962,0.08454076984591406,sl,-2.1260000000002037,-4.392000000000407,0.0,-4.392000000000407,2024,2024-08-26
h05_r60_t2,1,1724652070000000000,1724656100000000000,2511.333,2516.547,0.10383670035882693,tp,5.213999999999942,10.287999999999883,0.0,10.287999999999883,2024,2024-08-26
h06_r60_t3,1,1724655805000000000,1724705580000000000,2515.464,2518.097,0.2230441591652712,forced_close,2.6330000000002656,5.1260000000005315,0.0,5.1260000000005315,2024,2024-08-26
h13_r30_t3,-1,1724680075000000000,1724705580000000000,2520.991,2518.137,0.21966561571899013,forced_close,2.8539999999998145,5.567999999999629,0.0,5.567999999999629,2024,2024-08-26
h14_r15_t2,1,1724682070000000000,1724705580000000000,2517.982,2518.097,0.2912108710242825,forced_close,0.11500000000023647,0.09000000000047292,0.0,0.09000000000047292,2024,2024-08-26
h00_r30_t1,-1,1724719285000000000,1724720400000000000,2514.692,2512.5950000000003,0.08333836728334221,tp,2.0969999999997526,4.0539999999995056,0.0,4.0539999999995056,2024,2024-08-27
h01_r60_t3,-1,1724724240000000000,1724738480000000000,2508.309,2514.177,0.2337994846689589,sl,-5.867999999999938,-11.875999999999877,0.0,-11.875999999999877,2024,2024-08-27
h02_r15_t3,-1,1724730625000000000,1724736225000000000,2505.896,2510.431,0.1809017964525638,sl,-4.5349999999998545,-9.20999999999971,0.0,-9.20999999999971,2024,2024-08-27
h04_r30_t3,-1,1724733755000000000,1724736100000000000,2506.792,2509.575,0.1110049679010928,sl,-2.7829999999999018,-5.705999999999803,0.0,-5.705999999999803,2024,2024-08-27
h05_r60_t2,1,1724738480000000000,1724745520000000000,2513.897,2506.698,0.2864045939312807,sl,-7.199000000000069,-14.538000000000139,0.0,-14.538000000000139,2024,2024-08-27
h06_r60_t3,1,1724742625000000000,1724743400000000000,2517.56,2512.858,0.18696345425120267,sl,-4.701999999999771,-9.543999999999542,0.0,-9.543999999999542,2024,2024-08-27
h13_r30_t3,1,1724765755000000000,1724791980000000000,2511.717,2524.376,0.32716516036119503,forced_close,12.659000000000106,25.17800000000021,0.0,25.17800000000021,2024,2024-08-27
h14_r15_t2,1,1724768500000000000,1724791980000000000,2517.779,2524.376,0.3958851479858312,forced_close,6.597000000000207,13.054000000000414,0.0,13.054000000000414,2024,2024-08-27
h00_r30_t1,1,1724805475000000000,1724806220000000000,2525.713,2524.052,0.06579262686866541,sl,-1.6610000000000582,-3.4620000000001165,0.0,-3.4620000000001165,2024,2024-08-28
h01_r60_t3,-1,1724810965000000000,1724848240000000000,2516.882,2494.1570000000006,0.30093426681884144,tp,22.724999999999454,45.30999999999891,0.0,45.30999999999891,2024,2024-08-28
h02_r15_t3,-1,1724811300000000000,1724821645000000000,2516.45,2510.0599999999995,0.08463823907958534,tp,6.390000000000327,12.640000000000654,0.0,12.640000000000654,2024,2024-08-28
h04_r30_t3,-1,1724819765000000000,1724842135000000000,2512.908,2502.978,0.13166604082203945,tp,9.929999999999836,19.719999999999672,0.0,19.719999999999672,2024,2024-08-28
h05_r60_t2,-1,1724824800000000000,1724878380000000000,2505.495,2504.751,0.2524957248926075,forced_close,0.7439999999996871,1.3479999999993741,0.0,1.3479999999993741,2024,2024-08-28
h06_r60_t3,1,1724828455000000000,1724842120000000000,2508.972,2503.299,0.22614820141820907,sl,-5.673000000000229,-11.486000000000459,0.0,-11.486000000000459,2024,2024-08-28
h13_r30_t3,-1,1724852450000000000,1724878380000000000,2500.055,2504.751,0.4265529723256613,forced_close,-4.696000000000367,-9.532000000000735,0.0,-9.532000000000735,2024,2024-08-28
h14_r15_t2,1,1724854605000000000,1724861720000000000,2508.12,2504.037,0.1628767797070645,sl,-4.083000000000084,-8.306000000000168,0.0,-8.306000000000168,2024,2024-08-28
h00_r30_t1,1,1724902220000000000,1724925105000000000,2515.415,2522.774,0.29269654698417646,tp,7.358999999999924,14.577999999999847,0.0,14.577999999999847,2024,2024-08-29
h01_r60_t3,-1,1724897140000000000,1724898735000000000,2511.756,2514.83,0.12231101773987499,sl,-3.074000000000069,-6.288000000000138,0.0,-6.288000000000138,2024,2024-08-29
h02_r15_t3,1,1724898720000000000,1724925105000000000,2514.335,2522.1679999999997,0.10386653210294826,tp,7.832999999999629,15.525999999999257,0.0,15.525999999999257,2024,2024-08-29
h04_r30_t3,1,1724906135000000000,1724906900000000000,2518.126,2516.291,0.07289536000178114,sl,-1.8350000000000364,-3.810000000000073,0.0,-3.810000000000073,2024,2024-08-29
h05_r60_t2,1,1724911665000000000,1724934610000000000,2520.01,2513.886,0.24313087778029333,sl,-6.124000000000251,-12.388000000000503,0.0,-12.388000000000503,2024,2024-08-29
h06_r60_t3,-1,1724914820000000000,1724925105000000000,2516.367,2521.244,0.19356722706604998,sl,-4.876999999999953,-9.893999999999906,0.0,-9.893999999999906,2024,2024-08-29
h13_r30_t3,1,1724939100000000000,1724964780000000000,2514.668,2521.369,0.2560606802873936,forced_close,6.701000000000022,13.262000000000043,0.0,13.262000000000043,2024,2024-08-29
h14_r15_t2,-1,1724941060000000000,1724942420000000000,2516.941,2521.042,0.16273409146283357,sl,-4.101000000000113,-8.342000000000226,0.0,-8.342000000000226,2024,2024-08-29
h00_r30_t1,-1,1724978220000000000,1724979960000000000,2518.221,2516.6905,0.06075814091600677,tp,1.5304999999998472,2.9209999999996943,0.0,2.9209999999996943,2024,2024-08-30
h01_r60_t3,-1,1724983950000000000,1724999150000000000,2514.464,2520.188,0.22748706674027647,sl,-5.72400000000016,-11.58800000000032,0.0,-11.58800000000032,2024,2024-08-30
h02_r15_t3,1,1724985420000000000,1724987760000000000,2516.706,2514.214,0.09909557394312062,sl,-2.492000000000189,-5.124000000000378,0.0,-5.124000000000378,2024,2024-08-30
h04_r30_t3,1,1724992200000000000,1724999280000000000,2514.666,2522.0040000000013,0.09727266689760113,tp,7.338000000001102,14.536000000002204,0.0,14.536000000002204,2024,2024-08-30
h05_r60_t2,1,1724998535000000000,1724999285000000000,2516.3940000000002,2524.116000000001,0.15358667244789276,tp,7.722000000000662,15.304000000001324,0.0,15.304000000001324,2024,2024-08-30
h06_r60_t3,1,1725005965000000000,1725023715000000000,2524.183,2513.187,0.4367221532038509,sl,-10.996000000000095,-22.13200000000019,0.0,-22.13200000000019,2024,2024-08-30
h13_r30_t3,-1,1725026700000000000,1725051180000000000,2512.938,2503.177,0.27772940902393484,forced_close,9.760999999999967,19.381999999999934,0.0,19.381999999999934,2024,2024-08-30
h14_r15_t2,-1,1725028140000000000,1725036225000000000,2511.429,2497.285,0.28093826707330083,tp,14.144000000000233,28.148000000000465,0.0,28.148000000000465,2024,2024-08-30
h00_r30_t1,1,1725237285000000000,1725238625000000000,2503.803,2502.51,0.05165815485699182,sl,-1.2929999999996653,-2.7259999999993307,0.0,-2.7259999999993307,2024,2024-09-02
h01_r60_t3,-1,1725242500000000000,1725266580000000000,2496.722,2504.77,0.3221660059621437,sl,-8.047999999999774,-16.23599999999955,0.0,-16.23599999999955,2024,2024-09-02
h02_r15_t3,-1,1725244080000000000,1725249920000000000,2493.311,2498.349,0.2019891804683924,sl,-5.038000000000011,-10.216000000000022,0.0,-10.216000000000022,2024,2024-09-02
h04_r30_t3,-1,1725253860000000000,1725257600000000000,2496.209,2499.612,0.13630499313669503,sl,-3.4030000000002474,-6.9460000000004944,0.0,-6.9460000000004944,2024,2024-09-02
h05_r60_t2,1,1725256925000000000,1725266665000000000,2498.588,2505.204,0.1325035439090225,tp,6.6159999999999854,13.09199999999997,0.0,13.09199999999997,2024,2024-09-02
h06_r60_t3,1,1725266320000000000,1725298195000000000,2501.537,2500.145,0.22413077257853112,forced_close,-1.3919999999998254,-2.923999999999651,0.0,-2.923999999999651,2024,2024-09-02
h13_r30_t3,-1,1725285675000000000,1725288840000000000,2498.637,2502.331,0.14702398483820073,sl,-3.69399999999996,-7.52799999999992,0.0,-7.52799999999992,2024,2024-09-02
h14_r15_t2,-1,1725286510000000000,1725287280000000000,2498.29,2500.365,0.08304544246611018,sl,-2.074999999999818,-4.289999999999636,0.0,-4.289999999999636,2024,2024-09-02
h00_r30_t1,-1,1725323470000000000,1725325825000000000,2496.041,2494.3900000000003,0.06613112869533577,tp,1.65099999999984,3.1619999999996797,0.0,3.1619999999996797,2024,2024-09-03
h01_r60_t3,1,1725331390000000000,1725363935000000000,2495.928,2489.74,0.2481374652685784,sl,-6.188000000000102,-12.516000000000204,0.0,-12.516000000000204,2024,2024-09-03
h02_r15_t3,1,1725329890000000000,1725330710000000000,2495.528,2492.624,0.11638457567722663,sl,-2.9039999999999964,-5.947999999999992,0.0,-5.947999999999992,2024,2024-09-03
h04_r30_t3,1,1725338020000000000,1725340605000000000,2496.967,2493.97,0.11788919457205826,sl,-2.9970000000002983,-6.134000000000596,0.0,-6.134000000000596,2024,2024-09-03
h05_r60_t2,1,1725344340000000000,1725350645000000000,2496.036,2502.482,0.129175509157111,tp,6.445999999999913,12.751999999999825,0.0,12.751999999999825,2024,2024-09-03
h06_r60_t3,1,1725347035000000000,1725360060000000000,2498.993,2492.898,0.2440047688019706,sl,-6.0949999999998,-12.3299999999996,0.0,-12.3299999999996,2024,2024-09-03
h13_r30_t3,-1,1725370210000000000,1725396780000000000,2490.988,2492.597,0.27071464414202034,forced_close,-1.6090000000003783,-3.358000000000757,0.0,-3.358000000000757,2024,2024-09-03
h14_r15_t2,-1,1725373120000000000,1725378435000000000,2476.091,2485.734,0.3886460382931023,sl,-9.643000000000029,-19.42600000000006,0.0,-19.42600000000006,2024,2024-09-03
h00_r30_t1,-1,1725409870000000000,1725417155000000000,2492.869,2495.07,0.08827077511446012,sl,-2.201000000000022,-4.542000000000043,0.0,-4.542000000000043,2024,2024-09-04
h01_r60_t3,1,1725417125000000000,1725430860000000000,2494.588,2491.371,0.12901926906995026,sl,-3.2170000000000982,-6.574000000000196,0.0,-6.574000000000196,2024,2024-09-04
h02_r15_t3,1,1725417030000000000,1725429905000000000,2493.929,2492.5190000000002,0.056550446808684,sl,-1.4099999999998545,-2.959999999999709,0.0,-2.959999999999709,2024,2024-09-04
h04_r30_t3,1,1725424945000000000,1725426710000000000,2495.806,2494.549,0.050381124994090615,sl,-1.2570000000000618,-2.654000000000124,0.0,-2.654000000000124,2024,2024-09-04
h05_r60_t2,-1,1725429680000000000,1725432580000000000,2492.861,2485.325,0.15112974295911188,tp,7.536000000000058,14.932000000000116,0.0,14.932000000000116,2024,2024-09-04
h06_r60_t3,-1,1725434920000000000,1725458410000000000,2483.771,2493.51,0.3920075382659184,sl,-9.739000000000033,-19.618000000000066,0.0,-19.618000000000066,2024,2024-09-04
h13_r30_t3,1,1725456885000000000,1725457625000000000,2490.026,2485.238,0.19257569998733098,sl,-4.788000000000011,-9.716000000000022,0.0,-9.716000000000022,2024,2024-09-04
h14_r15_t2,1,1725461050000000000,1725483180000000000,2499.504,2496.066,0.5773684104910387,forced_close,-3.438000000000102,-7.016000000000203,0.0,-7.016000000000203,2024,2024-09-04
h00_r30_t1,-1,1725496460000000000,1725498465000000000,2494.817,2496.636,0.07289964656295439,sl,-1.81899999999996,-3.77799999999992,0.0,-3.77799999999992,2024,2024-09-05
h01_r60_t3,-1,1725508830000000000,1725515360000000000,2494.613,2499.415,0.1923526791579797,sl,-4.802000000000135,-9.74400000000027,0.0,-9.74400000000027,2024,2024-09-05
h05_r60_t2,1,1725516365000000000,1725538905000000000,2502.4375,2519.3244999999997,0.33747083326338345,tp,16.886999999999716,33.63399999999943,0.0,33.63399999999943,2024,2024-09-05
h06_r60_t3,1,1725522395000000000,1725569580000000000,2506.968,2516.269,0.24519394317855445,forced_close,9.30099999999993,18.46199999999986,0.0,18.46199999999986,2024,2024-09-05
h13_r30_t3,1,1725543000000000000,1725544805000000000,2519.182,2512.464,0.2667268039395147,sl,-6.717999999999847,-13.575999999999695,0.0,-13.575999999999695,2024,2024-09-05
h14_r15_t2,1,1725545765000000000,1725548470000000000,2515.3360000000002,2507.679,0.3046028566711746,sl,-7.657000000000153,-15.454000000000306,0.0,-15.454000000000306,2024,2024-09-05
h00_r30_t1,-1,1725582715000000000,1725585135000000000,2516.175,2514.6180000000004,0.06187543366451947,tp,1.556999999999789,2.973999999999578,0.0,2.973999999999578,2024,2024-09-06
h01_r60_t3,-1,1725588055000000000,1725589600000000000,2513.534,2516.722,0.12681294176191635,sl,-3.188000000000102,-6.516000000000203,0.0,-6.516000000000203,2024,2024-09-06
h02_r15_t3,1,1725588970000000000,1725624620000000000,2515.548,2513.127,0.09626081791078725,sl,-2.4209999999998217,-4.981999999999643,0.0,-4.981999999999643,2024,2024-09-06
h04_r30_t3,1,1725597135000000000,1725604510000000000,2519.416,2517.774,0.06518542514237101,sl,-1.6420000000002801,-3.4240000000005604,0.0,-3.4240000000005604,2024,2024-09-06
h05_r60_t2,-1,1725604280000000000,1725625800000000000,2518.464,2511.5019999999995,0.13812302670762963,tp,6.962000000000444,13.784000000000887,0.0,13.784000000000887,2024,2024-09-06
h06_r60_t3,-1,1725609545000000000,1725625840000000000,2516.7110000000002,2521.482,0.1893811590555525,sl,-4.770999999999731,-9.681999999999462,0.0,-9.681999999999462,2024,2024-09-06
h13_r30_t3,-1,1725629775000000000,1725655980000000000,2506.693,2497.537,0.6550454202826104,forced_close,9.156000000000404,18.172000000000807,0.0,18.172000000000807,2024,2024-09-06
h14_r15_t2,1,1725632165000000000,1725633025000000000,2509.928,2502.551,0.29410146560364164,sl,-7.376999999999953,-14.893999999999906,0.0,-14.893999999999906,2024,2024-09-06
h00_r30_t1,-1,1725843545000000000,1725844200000000000,2495.7465,2498.3824999999997,0.10561144962730547,sl,-2.6359999999995125,-5.411999999999025,0.0,-5.411999999999025,2024,2024-09-09
h01_r60_t3,1,1725847470000000000,1725860365000000000,2498.7745,2494.7915000000003,0.159457484242903,sl,-3.98299999999972,-8.10599999999944,0.0,-8.10599999999944,2024,2024-09-09
h02_r15_t3,1,1725850060000000000,1725850680000000000,2499.1695,2497.0505000000003,0.08480048375093019,sl,-2.118999999999687,-4.377999999999374,0.0,-4.377999999999374,2024,2024-09-09
h05_r60_t2,-1,1725861750000000000,1725876515000000000,2487.4855,2498.3685,0.4374371081158699,sl,-10.883000000000266,-21.90600000000053,0.0,-21.90600000000053,2024,2024-09-09
h06_r60_t3,1,1725866790000000000,1725915180000000000,2493.6555,2505.845,0.32424128322915347,forced_close,12.189499999999953,24.238999999999905,0.0,24.238999999999905,2024,2024-09-09
h13_r30_t3,-1,1725889960000000000,1725903320000000000,2499.4635,2505.3725,0.23607769828839098,sl,-5.9090000000001055,-11.958000000000212,0.0,-11.958000000000212,2024,2024-09-09
h14_r15_t2,1,1725891370000000000,1725891720000000000,2500.3595,2496.6445000000003,0.14868376843512396,sl,-3.7149999999996908,-7.569999999999381,0.0,-7.569999999999381,2024,2024-09-09
h00_r30_t1,-1,1725928220000000000,1725934125000000000,2504.8845,2502.2285,0.10602157435251691,tp,2.655999999999949,5.1719999999998985,0.0,5.1719999999998985,2024,2024-09-10
h01_r60_t3,-1,1725933715000000000,1725953860000000000,2502.9475,2506.9065,0.15811236441484677,sl,-3.9589999999998327,-8.057999999999666,0.0,-8.057999999999666,2024,2024-09-10
h02_r15_t3,-1,1725935120000000000,1725937840000000000,2502.137,2504.1175000000003,0.07873904080190214,sl,-1.98050000000012,-4.10100000000024,0.0,-4.10100000000024,2024,2024-09-10
h04_r30_t3,-1,1725942710000000000,1725945445000000000,2501.1665000000003,2502.9755,0.07231162352385222,sl,-1.8089999999997417,-3.7579999999994835,0.0,-3.7579999999994835,2024,2024-09-10
h05_r60_t2,1,1725948205000000000,1725957155000000000,2505.0434999999998,2500.7525,0.17136824423827543,sl,-4.290999999999713,-8.721999999999426,0.0,-8.721999999999426,2024,2024-09-10
h06_r60_t3,-1,1725951880000000000,1725953835000000000,2503.4145,2506.6504999999997,0.12917372129092594,sl,-3.2359999999998763,-6.611999999999752,0.0,-6.611999999999752,2024,2024-09-10
h13_r30_t3,-1,1725975315000000000,1725982530000000000,2511.6855,2515.4395,0.1492715061411429,sl,-3.7539999999999054,-7.6479999999998105,0.0,-7.6479999999998105,2024,2024-09-10
h14_r15_t2,-1,1725978405000000000,1725979925000000000,2502.7335000000003,2507.5685000000003,0.193109061887362,sl,-4.835000000000036,-9.810000000000073,0.0,-9.810000000000073,2024,2024-09-10
h00_r30_t1,1,1726015465000000000,1726015845000000000,2519.0155,2517.3644999999997,0.0655550109182365,sl,-1.6510000000002947,-3.4420000000005895,0.0,-3.4420000000005895,2024,2024-09-11
h02_r15_t3,-1,1726020920000000000,1726031125000000000,2517.9015,2520.4055,0.0994355720831417,sl,-2.5039999999999054,-5.1479999999998105,0.0,-5.1479999999998105,2024,2024-09-11
h04_r30_t3,1,1726031105000000000,1726035115000000000,2520.2855,2525.3554999999988,0.06707929030109273,tp,5.0699999999987995,9.999999999997598,0.0,9.999999999997598,2024,2024-09-11
h05_r60_t2,1,1726034530000000000,1726036800000000000,2522.5654999999997,2528.893499999999,0.12549134083966795,tp,6.32799999999952,12.515999999999039,0.0,12.515999999999039,2024,2024-09-11
h06_r60_t3,-1,1726041495000000000,1726087975000000000,2520.9134999999997,2512.524,0.3255718136974295,forced_close,8.38949999999977,16.63899999999954,0.0,16.63899999999954,2024,2024-09-11
h13_r30_t3,-1,1726061470000000000,1726067565000000000,2505.0145,2512.9314999999997,0.3157056691638051,sl,-7.916999999999462,-15.973999999998924,0.0,-15.973999999998924,2024,2024-09-11
h14_r15_t2,1,1726066515000000000,1726087975000000000,2510.1125,2512.487,0.36687862279163974,forced_close,2.374499999999898,4.608999999999797,0.0,4.608999999999797,2024,2024-09-11
h00_r30_t1,1,1726102555000000000,1726103200000000000,2512.4545,2513.7654999999995,0.05220454705187441,tp,1.3109999999996944,2.4819999999993887,0.0,2.4819999999993887,2024,2024-09-12
h01_r60_t3,-1,1726109280000000000,1726112490000000000,2511.7715,2515.2685,0.13913891829339767,sl,-3.4970000000002983,-7.134000000000596,0.0,-7.134000000000596,2024,2024-09-12
h02_r15_t3,1,1726108325000000000,1726109275000000000,2513.8785,2511.9235,0.0778193853860738,sl,-1.9549999999999272,-4.049999999999854,0.0,-4.049999999999854,2024,2024-09-12
h04_r30_t3,1,1726116050000000000,1726121505000000000,2517.15,2521.878,0.06261933582579038,tp,4.7280000000000655,9.31600000000013,0.0,9.31600000000013,2024,2024-09-12
h05_r60_t2,1,1726120800000000000,1726124110000000000,2519.8415,2517.0265,0.11173009185086967,sl,-2.8150000000000546,-5.770000000000109,0.0,-5.770000000000109,2024,2024-09-12
h06_r60_t3,-1,1726124465000000000,1726143600000000000,2516.8255,2522.3405000000002,0.21911383847914445,sl,-5.515000000000327,-11.170000000000655,0.0,-11.170000000000655,2024,2024-09-12
h13_r30_t3,1,1726148240000000000,1726174380000000000,2542.5105000000003,2559.387,0.8009388715625492,forced_close,16.87649999999985,33.6129999999997,0.0,33.6129999999997,2024,2024-09-12
h14_r15_t2,-1,1726150605000000000,1726152185000000000,2542.9494999999997,2550.6795,0.30392597259753396,sl,-7.730000000000473,-15.600000000000946,0.0,-15.600000000000946,2024,2024-09-12
h00_r30_t1,1,1726187400000000000,1726188205000000000,2559.2655,2561.6705,0.09398531132684007,tp,2.4050000000002,4.6700000000004005,0.0,4.6700000000004005,2024,2024-09-13
h01_r60_t3,1,1726198285000000000,1726260780000000000,2568.1065,2579.857,0.3177586099611386,forced_close,11.750500000000102,23.361000000000203,0.0,23.361000000000203,2024,2024-09-13
h02_r15_t3,1,1726193805000000000,1726213865000000000,2563.9905,2571.0254999999993,0.09147348175961433,tp,7.0349999999994,13.929999999998799,0.0,13.929999999998799,2024,2024-09-13
h04_r30_t3,1,1726201815000000000,1726206540000000000,2568.5985,2566.6735,0.07495205501987716,sl,-1.925000000000182,-3.990000000000364,0.0,-3.990000000000364,2024,2024-09-13
h05_r60_t2,-1,1726207200000000000,1726213850000000000,2566.0225,2570.5755,0.1773939761244728,sl,-4.552999999999884,-9.245999999999768,0.0,-9.245999999999768,2024,2024-09-13
h06_r60_t3,1,1726211065000000000,1726247115000000000,2568.8514999999998,2585.963499999999,0.22219101610513733,tp,17.11199999999917,34.08399999999834,0.0,34.08399999999834,2024,2024-09-13
h13_r30_t3,1,1726234530000000000,1726236160000000000,2581.2394999999997,2573.5575,0.29808023061056543,sl,-7.681999999999789,-15.503999999999579,0.0,-15.503999999999579,2024,2024-09-13
h14_r15_t2,1,1726237690000000000,1726260780000000000,2578.4975,2579.857,0.2051658566295331,forced_close,1.3595000000000255,2.579000000000051,0.0,2.579000000000051,2024,2024-09-13
h00_r30_t1,1,1726447900000000000,1726455430000000000,2582.4215,2585.8765,0.13379661945704624,tp,3.4549999999999272,6.769999999999855,0.0,6.769999999999855,2024,2024-09-16
h01_r60_t3,1,1726452720000000000,1726471225000000000,2583.0155,2579.9075000000003,0.12038269146337287,sl,-3.10799999999972,-6.355999999999439,0.0,-6.355999999999439,2024,2024-09-16
h02_r15_t3,1,1726453060000000000,1726456015000000000,2583.4125,2588.9024999999997,0.07084454635391292,tp,5.489999999999782,10.839999999999563,0.0,10.839999999999563,2024,2024-09-16
h04_r30_t3,-1,1726461365000000000,1726464030000000000,2585.207,2586.8585000000003,0.0627291067502938,sl,-1.6515000000003965,-3.443000000000793,0.0,-3.443000000000793,2024,2024-09-16
h05_r60_t2,1,1726466590000000000,1726469820000000000,2589.5235000000002,2585.4835000000003,0.1560555642789572,sl,-4.039999999999964,-8.219999999999928,0.0,-8.219999999999928,2024,2024-09-16
h06_r60_t3,-1,1726470000000000000,1726519980000000000,2585.2165,2583.28,0.17463323635998865,forced_close,1.9364999999997963,3.7329999999995924,0.0,3.7329999999995924,2024,2024-09-16
h13_r30_t3,1,1726493720000000000,1726493835000000000,2585.8064999999997,2582.7705,0.11751388461768424,sl,-3.0359999999996035,-6.211999999999207,0.0,-6.211999999999207,2024,2024-09-16
h14_r15_t2,-1,1726496105000000000,1726519980000000000,2580.7895,2583.28,0.3011775752667975,forced_close,-2.4905000000003383,-5.121000000000676,0.0,-5.121000000000676,2024,2024-09-16
h00_r30_t1,-1,1726533945000000000,1726535745000000000,2581.9195,2579.3005000000003,0.10141679534155319,tp,2.618999999999687,5.097999999999375,0.0,5.097999999999375,2024,2024-09-17
h01_r60_t3,1,1726538405000000000,1726543310000000000,2582.8464999999997,2578.5125,0.16781255330051678,sl,-4.333999999999833,-8.807999999999666,0.0,-8.807999999999666,2024,2024-09-17
h02_r15_t3,1,1726539710000000000,1726541305000000000,2585.4224999999997,2582.6445000000003,0.10746226393742965,sl,-2.777999999999338,-5.6959999999986755,0.0,-5.6959999999986755,2024,2024-09-17
h04_r30_t3,1,1726547400000000000,1726547700000000000,2579.0545,2576.8655,0.08487912673377658,sl,-2.1890000000003056,-4.518000000000611,0.0,-4.518000000000611,2024,2024-09-17
h05_r60_t2,1,1726552820000000000,1726564980000000000,2579.6955,2574.6035,0.19741105404979137,sl,-5.0919999999996435,-10.323999999999288,0.0,-10.323999999999288,2024,2024-09-17
h06_r60_t3,-1,1726562895000000000,1726606380000000000,2579.3415,2569.98,0.2977546513281488,forced_close,9.361499999999978,18.582999999999956,0.0,18.582999999999956,2024,2024-09-17
h13_r30_t3,-1,1726579805000000000,1726581160000000000,2575.5015000000003,2579.2025000000003,0.14363569857460767,sl,-3.701000000000022,-7.542000000000043,0.0,-7.542000000000043,2024,2024-09-17
h14_r15_t2,1,1726582500000000000,1726584070000000000,2581.0765,2573.7765,0.28286279623824184,sl,-7.300000000000182,-14.740000000000364,0.0,-14.740000000000364,2024,2024-09-17
h00_r30_t1,-1,1726620310000000000,1726621245000000000,2571.6465,2574.8505,0.12452513617994185,sl,-3.2040000000001783,-6.548000000000356,0.0,-6.548000000000356,2024,2024-09-18
h01_r60_t3,-1,1726625045000000000,1726630920000000000,2571.7155000000002,2576.5545,0.18811303653664974,sl,-4.838999999999942,-9.817999999999884,0.0,-9.817999999999884,2024,2024-09-18
h02_r15_t3,1,1726626580000000000,1726634775000000000,2572.9785,2570.0955000000004,0.11211488217145141,sl,-2.882999999999811,-5.905999999999621,0.0,-5.905999999999621,2024,2024-09-18
h04_r30_t3,-1,1726634005000000000,1726655545000000000,2572.7735000000002,2576.5905000000002,0.14832295390000605,sl,-3.8170000000000073,-7.774000000000014,0.0,-7.774000000000014,2024,2024-09-18
h05_r60_t2,1,1726641255000000000,1726655545000000000,2569.3545,2576.5404999999996,0.1399271078297394,tp,7.185999999999694,14.231999999999388,0.0,14.231999999999388,2024,2024-09-18
h06_r60_t3,1,1726643410000000000,1726659920000000000,2570.0964999999997,2580.272499999999,0.13202473673383275,tp,10.175999999999476,20.21199999999895,0.0,20.21199999999895,2024,2024-09-18
h13_r30_t3,1,1726666225000000000,1726666290000000000,2578.635,2575.9965,0.10094644077475275,sl,-2.638500000000022,-5.417000000000043,0.0,-5.417000000000043,2024,2024-09-18
h14_r15_t2,-1,1726668985000000000,1726678705000000000,2569.9835000000003,2574.8554999999997,0.1894606302404516,sl,-4.871999999999389,-9.883999999998778,0.0,-9.883999999998778,2024,2024-09-18
h00_r30_t1,-1,1726707605000000000,1726707840000000000,2557.0305,2554.4254999999994,0.101846391011576,tp,2.605000000000473,5.070000000000946,0.0,5.070000000000946,2024,2024-09-19
h01_r60_t3,1,1726711650000000000,1726732140000000000,2558.8334999999997,2582.4134999999987,0.3076026579843797,tp,23.579999999999018,47.019999999998035,0.0,47.019999999998035,2024,2024-09-19
h02_r15_t3,1,1726712225000000000,1726725530000000000,2560.0135,2574.1975,0.18473343079246327,tp,14.184000000000196,28.228000000000392,0.0,28.228000000000392,2024,2024-09-19
h04_r30_t3,1,1726722000000000000,1726726870000000000,2564.2365,2578.0154999999995,0.17923402332383104,tp,13.778999999999542,27.417999999999083,0.0,27.417999999999083,2024,2024-09-19
h05_r60_t2,1,1726725600000000000,1726779180000000000,2574.649,2587.101,0.4148219615602136,forced_close,12.452000000000226,24.76400000000045,0.0,24.76400000000045,2024,2024-09-19
h06_r60_t3,1,1726730190000000000,1726738320000000000,2578.8435,2593.450499999999,0.18901944175014715,tp,14.606999999999061,29.073999999998122,0.0,29.073999999998122,2024,2024-09-19
h13_r30_t3,-1,1726753425000000000,1726756470000000000,2574.6965,2582.6555,0.30866944620419123,sl,-7.958999999999833,-16.057999999999666,0.0,-16.057999999999666,2024,2024-09-19
h14_r15_t2,1,1726755860000000000,1726762640000000000,2578.3285,2591.3765,0.2534708981491025,tp,13.047999999999774,25.95599999999955,0.0,25.95599999999955,2024,2024-09-19
h00_r30_t1,1,1726792235000000000,1726795140000000000,2587.6085000000003,2586.1724999999997,0.055498431763522725,sl,-1.436000000000604,-3.012000000001208,0.0,-3.012000000001208,2024,2024-09-20
h01_r60_t3,1,1726797940000000000,1726814980000000000,2589.573,2603.8650000000002,0.18405551491404554,tp,14.292000000000371,28.44400000000074,0.0,28.44400000000074,2024,2024-09-20
h02_r15_t3,1,1726798735000000000,1726812335000000000,2590.0395,2597.6984999999995,0.09858644492374935,tp,7.658999999999651,15.177999999999301,0.0,15.177999999999301,2024,2024-09-20
h04_r30_t3,1,1726807525000000000,1726814980000000000,2594.2555,2603.0065000000013,0.1124733396349907,tp,8.751000000001113,17.362000000002226,0.0,17.362000000002226,2024,2024-09-20
h05_r60_t2,1,1726812065000000000,1726814955000000000,2595.3165,2601.0325000000003,0.11015077127701761,tp,5.716000000000349,11.292000000000698,0.0,11.292000000000698,2024,2024-09-20
h06_r60_t3,1,1726816000000000000,1726865580000000000,2607.2664999999997,2621.996,0.496676382579359,forced_close,14.729500000000371,29.31900000000074,0.0,29.31900000000074,2024,2024-09-20
h13_r30_t3,-1,1726839005000000000,1726843575000000000,2609.2365,2616.6735,0.2849975081399764,sl,-7.436999999999898,-15.013999999999797,0.0,-15.013999999999797,2024,2024-09-20
h14_r15_t2,1,1726841795000000000,1726850855000000000,2611.6565,2625.3684999999996,0.2628691733174664,tp,13.711999999999534,27.283999999999068,0.0,27.283999999999068,2024,2024-09-20
h00_r30_t1,1,1727051470000000000,1727052255000000000,2620.3525,2618.8175,0.05858612035649577,sl,-1.5349999999998545,-3.209999999999709,0.0,-3.209999999999709,2024,2024-09-23
h01_r60_t3,1,1727058680000000000,1727077020000000000,2621.5855,2616.1085000000003,0.20902996471450017,sl,-5.476999999999862,-11.093999999999724,0.0,-11.093999999999724,2024,2024-09-23
h02_r15_t3,1,1727058545000000000,1727060260000000000,2620.7355,2626.168499999999,0.06911690087600975,tp,5.432999999999083,10.725999999998166,0.0,10.725999999998166,2024,2024-09-23
h04_r30_t3,-1,1727068200000000000,1727070300000000000,2628.0845,2631.1085000000003,0.11500134339368212,sl,-3.024000000000342,-6.188000000000684,0.0,-6.188000000000684,2024,2024-09-23
h05_r60_t2,-1,1727072775000000000,1727076890000000000,2626.9025,2617.7585,0.17383425633671362,tp,9.144000000000233,18.148000000000465,0.0,18.148000000000465,2024,2024-09-23
h06_r60_t3,-1,1727074800000000000,1727097970000000000,2624.478,2630.2425000000003,0.21798259225540573,sl,-5.7645000000002256,-11.669000000000452,0.0,-11.669000000000452,2024,2024-09-23
h13_r30_t3,1,1727098885000000000,1727124780000000000,2630.8015,2628.445,0.19648707575551852,forced_close,-2.356499999999869,-4.852999999999738,0.0,-4.852999999999738,2024,2024-09-23
h14_r15_t2,1,1727101510000000000,1727103825000000000,2633.6345,2627.9815,0.21485020440795416,sl,-5.653000000000247,-11.446000000000495,0.0,-11.446000000000495,2024,2024-09-23
h00_r30_t1,-1,1727138765000000000,1727139730000000000,2624.7185,2626.6935000000003,0.07521215062767354,sl,-1.9750000000003638,-4.090000000000727,0.0,-4.090000000000727,2024,2024-09-24
h01_r60_t3,1,1727147750000000000,1727157605000000000,2630.3015,2624.9155,0.2048561091222002,sl,-5.385999999999967,-10.911999999999935,0.0,-10.911999999999935,2024,2024-09-24
h02_r15_t3,1,1727145935000000000,1727153080000000000,2629.3045,2636.7805000000008,0.09483988443387835,tp,7.4760000000005675,14.812000000001134,0.0,14.812000000001134,2024,2024-09-24
h04_r30_t3,1,1727152840000000000,1727156750000000000,2636.4255000000003,2632.1014999999998,0.1640432954416535,sl,-4.324000000000524,-8.788000000001048,0.0,-8.788000000001048,2024,2024-09-24
h05_r60_t2,-1,1727157605000000000,1727188915000000000,2625.2484999999997,2640.1715,0.568392061402958,sl,-14.92300000000023,-29.98600000000046,0.0,-29.98600000000046,2024,2024-09-24
h06_r60_t3,1,1727162640000000000,1727163550000000000,2630.0525,2624.4885,0.21165715876892113,sl,-5.563999999999851,-11.267999999999702,0.0,-11.267999999999702,2024,2024-09-24
h13_r30_t3,1,1727186400000000000,1727202315000000000,2637.4224999999997,2656.583499999999,0.24248682828024812,tp,19.16099999999915,38.1819999999983,0.0,38.1819999999983,2024,2024-09-24
h14_r15_t2,1,1727188020000000000,1727194030000000000,2639.2974999999997,2648.6274999999996,0.17695331903166,tp,9.329999999999927,18.519999999999854,0.0,18.519999999999854,2024,2024-09-24
h00_r30_t1,1,1727224205000000000,1727225945000000000,2658.6295,2660.5834999999997,0.07350809877546279,tp,1.9539999999997235,3.767999999999447,0.0,3.767999999999447,2024,2024-09-25
h01_r60_t3,1,1727229945000000000,1727243170000000000,2663.0205,2655.5074999999997,0.28243208876631815,sl,-7.513000000000375,-15.16600000000075,0.0,-15.16600000000075,2024,2024-09-25
h02_r15_t3,1,1727231280000000000,1727238010000000000,2663.8305,2659.6795,0.1559450822355725,sl,-4.15099999999984,-8.44199999999968,0.0,-8.44199999999968,2024,2024-09-25
h04_r30_t3,-1,1727242065000000000,1727269430000000000,2657.639,2661.8035,0.1550202472163128,sl,-4.164499999999862,-8.468999999999724,0.0,-8.468999999999724,2024,2024-09-25
h05_r60_t2,-1,1727244775000000000,1727265970000000000,2654.4494999999997,2659.9494999999997,0.2069760331161653,sl,-5.5,-11.14,0.0,-11.14,2024,2024-09-25
h06_r60_t3,-1,1727247740000000000,1727265940000000000,2653.5665,2659.8975,0.2384717767277435,sl,-6.331000000000131,-12.802000000000263,0.0,-12.802000000000263,2024,2024-09-25
h13_r30_t3,1,1727272125000000000,1727275910000000000,2665.8925,2658.4044999999996,0.281033978351612,sl,-7.488000000000284,-15.116000000000568,0.0,-15.116000000000568,2024,2024-09-25
h14_r15_t2,1,1727274950000000000,1727275440000000000,2667.4224999999997,2661.4035000000003,0.22598997331408432,sl,-6.018999999999323,-12.177999999998647,0.0,-12.177999999998647,2024,2024-09-25
h00_r30_t1,1,1727310660000000000,1727313190000000000,2657.961,2660.539,0.09699618467879528,tp,2.5780000000004293,5.016000000000859,0.0,5.016000000000859,2024,2024-09-26
h01_r60_t3,1,1727317745000000000,1727318925000000000,2661.5465,2657.7645,0.14213110598631257,sl,-3.781999999999698,-7.703999999999396,0.0,-7.703999999999396,2024,2024-09-26
h02_r15_t3,-1,1727317040000000000,1727317595000000000,2658.8644999999997,2660.9714999999997,0.07922707166853721,sl,-2.106999999999971,-4.3539999999999415,0.0,-4.3539999999999415,2024,2024-09-26
h04_r30_t3,-1,1727325720000000000,1727328565000000000,2660.8365000000003,2663.0254999999997,0.08223086437258192,sl,-2.188999999999396,-4.517999999998792,0.0,-4.517999999998792,2024,2024-09-26
h05_r60_t2,-1,1727331070000000000,1727334060000000000,2659.8565,2663.5294999999996,0.1380065178302796,sl,-3.6729999999997744,-7.485999999999549,0.0,-7.485999999999549,2024,2024-09-26
h06_r60_t3,1,1727334015000000000,1727348695000000000,2662.6994999999997,2676.766499999998,0.17616100868235943,tp,14.066999999998188,27.993999999996376,0.0,27.993999999996376,2024,2024-09-26
h13_r30_t3,-1,1727358550000000000,1727383980000000000,2659.5405,2672.176,0.7593711152230131,forced_close,-12.635499999999865,-25.41099999999973,0.0,-25.41099999999973,2024,2024-09-26
h14_r15_t2,1,1727360235000000000,1727383980000000000,2667.1945,2672.139,0.2823712963145275,forced_close,4.944500000000062,9.749000000000123,0.0,9.749000000000123,2024,2024-09-26
h00_r30_t1,-1,1727397220000000000,1727400545000000000,2669.9764999999998,2672.7875,0.10523842906093696,sl,-2.811000000000149,-5.762000000000298,0.0,-5.762000000000298,2024,2024-09-27
h01_r60_t3,1,1727408115000000000,1727415000000000000,2672.8575,2666.2695000000003,0.24678580037657455,sl,-6.587999999999738,-13.315999999999477,0.0,-13.315999999999477,2024,2024-09-27
h02_r15_t3,1,1727404920000000000,1727414535000000000,2670.3075,2667.2555,0.11431595739519479,sl,-3.05199999999968,-6.243999999999359,0.0,-6.243999999999359,2024,2024-09-27
h04_r30_t3,-1,1727411910000000000,1727441215000000000,2669.909,2674.0235000000002,0.15326273062662668,sl,-4.114500000000135,-8.36900000000027,0.0,-8.36900000000027,2024,2024-09-27
h05_r60_t2,-1,1727422125000000000,1727440600000000000,2662.4314999999997,2671.4785,0.33949065894099256,sl,-9.04700000000048,-18.23400000000096,0.0,-18.23400000000096,2024,2024-09-27
h06_r60_t3,-1,1727422010000000000,1727440235000000000,2664.0964999999997,2669.5975,0.20635112062988684,sl,-5.501000000000204,-11.142000000000408,0.0,-11.142000000000408,2024,2024-09-27
h13_r30_t3,-1,1727443835000000000,1727449395000000000,2665.2675,2647.3485,0.2240294355099579,tp,17.91899999999987,35.69799999999974,0.0,35.69799999999974,2024,2024-09-27
h14_r15_t2,-1,1727446535000000000,1727449070000000000,2662.2505,2652.8025,0.17741233740567355,tp,9.44800000000032,18.75600000000064,0.0,18.75600000000064,2024,2024-09-27
h00_r30_t1,-1,1727656525000000000,1727659205000000000,2662.8125,2659.4764999999998,0.12524988497173112,tp,3.33600000000024,6.5320000000004805,0.0,6.5320000000004805,2024,2024-09-30
h02_r15_t3,-1,1727662505000000000,1727663315000000000,2651.0395,2654.1705,0.11810203132854649,sl,-3.131000000000313,-6.402000000000625,0.0,-6.402000000000625,2024,2024-09-30
h04_r30_t3,1,1727672250000000000,1727682665000000000,2655.6594999999998,2652.1895,0.13068781524433068,sl,-3.4699999999998,-7.0799999999995995,0.0,-7.0799999999995995,2024,2024-09-30
h05_r60_t2,1,1727677750000000000,1727682470000000000,2659.3995,2654.4635,0.1857062962372898,sl,-4.936000000000149,-10.012000000000299,0.0,-10.012000000000299,2024,2024-09-30
h06_r60_t3,1,1727681000000000000,1727681900000000000,2660.1365,2655.6395,0.16919369254040337,sl,-4.496999999999844,-9.133999999999688,0.0,-9.133999999999688,2024,2024-09-30
h13_r30_t3,-1,1727703550000000000,1727729580000000000,2637.4865,2634.199,0.17701986768759542,forced_close,3.287499999999909,6.434999999999818,0.0,6.434999999999818,2024,2024-09-30
h14_r15_t2,-1,1727705735000000000,1727707705000000000,2629.2484999999997,2635.8815,0.2521380703968225,sl,-6.633000000000266,-13.406000000000532,0.0,-13.406000000000532,2024,2024-09-30
h00_r30_t1,1,1727742620000000000,1727743035000000000,2636.7505,2635.3045,0.05484688483159002,sl,-1.4459999999999127,-3.0319999999998255,0.0,-3.0319999999998255,2024,2024-10-01
h01_r60_t3,1,1727748000000000000,1727750025000000000,2639.887,2635.5675,0.1630399063278192,sl,-4.319500000000062,-8.779000000000124,0.0,-8.779000000000124,2024,2024-10-01
h02_r15_t3,-1,1727749305000000000,1727757620000000000,2638.1245,2640.0875,0.0744035633356142,sl,-1.9630000000001928,-4.066000000000385,0.0,-4.066000000000385,2024,2024-10-01
h04_r30_t3,1,1727757195000000000,1727761920000000000,2639.1375,2644.0935,0.0626108220077056,tp,4.956000000000131,9.772000000000261,0.0,9.772000000000261,2024,2024-10-01
h05_r60_t2,1,1727763055000000000,1727784695000000000,2644.4535,2654.1614999999997,0.18364607836738162,tp,9.707999999999629,19.275999999999257,0.0,19.275999999999257,2024,2024-10-01
h06_r60_t3,1,1727766000000000000,1727767100000000000,2645.6705,2642.6155,0.11548302238916384,sl,-3.055000000000291,-6.250000000000582,0.0,-6.250000000000582,2024,2024-10-01
h13_r30_t3,1,1727789400000000000,1727801320000000000,2654.1735,2672.4224999999988,0.22919736274201993,tp,18.248999999998887,36.35799999999777,0.0,36.35799999999777,2024,2024-10-01
h14_r15_t2,-1,1727792230000000000,1727800370000000000,2661.5035,2670.0294999999996,0.3198189268210648,sl,-8.52599999999984,-17.19199999999968,0.0,-17.19199999999968,2024,2024-10-01
h00_r30_t1,-1,1727829335000000000,1727833730000000000,2658.1465,2660.7435,0.09763394638705365,sl,-2.5970000000002074,-5.334000000000414,0.0,-5.334000000000414,2024,2024-10-02
h01_r60_t3,-1,1727840655000000000,1727877915000000000,2656.3475,2662.1615,0.21851092733159808,sl,-5.814000000000306,-11.768000000000612,0.0,-11.768000000000612,2024,2024-10-02
h02_r15_t3,-1,1727836385000000000,1727839180000000000,2659.732,2661.2355,0.055291034376460116,sl,-1.5034999999998035,-3.1469999999996072,0.0,-3.1469999999996072,2024,2024-10-02
h04_r30_t3,-1,1727846895000000000,1727875355000000000,2652.6594999999998,2656.6555,0.15048503745273928,sl,-3.9960000000000946,-8.13200000000019,0.0,-8.13200000000019,2024,2024-10-02
h06_r60_t3,1,1727852470000000000,1727871390000000000,2650.9395,2647.2275,0.14008395602827978,sl,-3.711999999999989,-7.563999999999978,0.0,-7.563999999999978,2024,2024-10-02
h13_r30_t3,1,1727875820000000000,1727881000000000000,2658.2075,2649.2455,0.33717251761812894,sl,-8.961999999999989,-18.06399999999998,0.0,-18.06399999999998,2024,2024-10-02
h14_r15_t2,-1,1727878530000000000,1727881220000000000,2657.8244999999997,2646.5904999999993,0.21115735621367043,tp,11.234000000000378,22.328000000000756,0.0,22.328000000000756,2024,2024-10-02
h00_r30_t1,-1,1727916440000000000,1727932920000000000,2658.1395,2653.231500000001,0.18460750312143706,tp,4.907999999999447,9.675999999998893,0.0,9.675999999998893,2024,2024-10-03
h01_r60_t3,-1,1727924565000000000,1727943405000000000,2655.0744999999997,2643.2634999999987,0.14810448269046644,tp,11.811000000001059,23.482000000002117,0.0,23.482000000002117,2024,2024-10-03
h02_r15_t3,-1,1727921830000000000,1727941315000000000,2655.8595,2647.1594999999998,0.10918824750415776,tp,8.700000000000273,17.260000000000545,0.0,17.260000000000545,2024,2024-10-03
h04_r30_t3,1,1727930195000000000,1727931465000000000,2656.5015000000003,2654.7415,0.06626996312039721,sl,-1.7600000000002183,-3.6600000000004367,0.0,-3.6600000000004367,2024,2024-10-03
h05_r60_t2,-1,1727935470000000000,1727936650000000000,2651.8815,2656.7605000000003,0.18388092777144194,sl,-4.87900000000036,-9.898000000000721,0.0,-9.898000000000721,2024,2024-10-03
h06_r60_t3,-1,1727939865000000000,1727973435000000000,2651.3495000000003,2657.5715,0.2342631507113551,sl,-6.221999999999753,-12.583999999999506,0.0,-12.583999999999506,2024,2024-10-03
h13_r30_t3,1,1727962210000000000,1727964000000000000,2649.6385,2641.6575000000003,0.3012292046261864,sl,-7.980999999999767,-16.101999999999535,0.0,-16.101999999999535,2024,2024-10-03
h14_r15_t2,1,1727969475000000000,1727988780000000000,2654.5945,2656.397,0.6191755452816499,forced_close,1.8024999999997817,3.4649999999995633,0.0,3.4649999999995633,2024,2024-10-03
h00_r30_t1,1,1728001830000000000,1728002890000000000,2657.287,2655.5615,0.06465947546411323,sl,-1.725500000000011,-3.591000000000022,0.0,-3.591000000000022,2024,2024-10-04
h01_r60_t3,1,1728008420000000000,1728019490000000000,2659.2844999999998,2666.808499999999,0.09434191156347872,tp,7.5239999999994325,14.907999999998864,0.0,14.907999999998864,2024,2024-10-04
h04_r30_t3,1,1728016420000000000,1728025095000000000,2663.7775,2660.7095,0.11520700554725526,sl,-3.068000000000211,-6.276000000000422,0.0,-6.276000000000422,2024,2024-10-04
h05_r60_t2,-1,1728023400000000000,1728043635000000000,2664.1605,2656.5985,0.14174461339540761,tp,7.561999999999898,14.983999999999796,0.0,14.983999999999796,2024,2024-10-04
h06_r60_t3,-1,1728025200000000000,1728046500000000000,2659.7405,2635.9835000000003,0.29767224365143624,tp,23.756999999999607,47.373999999999214,0.0,47.373999999999214,2024,2024-10-04
h13_r30_t3,1,1728050050000000000,1728075180000000000,2654.2884999999997,2652.686,0.6325534593851587,forced_close,-1.6024999999995089,-3.344999999999018,0.0,-3.344999999999018,2024,2024-10-04
h14_r15_t2,-1,1728051765000000000,1728052980000000000,2648.7875,2653.5325000000003,0.1790942811553882,sl,-4.745000000000346,-9.630000000000692,0.0,-9.630000000000692,2024,2024-10-04
h00_r30_t1,1,1728261010000000000,1728262005000000000,2651.2005,2648.5455,0.100151094240284,sl,-2.6549999999997453,-5.44999999999949,0.0,-5.44999999999949,2024,2024-10-07
h01_r60_t3,-1,1728278540000000000,1728287900000000000,2643.8725,2651.9984999999997,0.3070822593862455,sl,-8.125999999999749,-16.3919999999995,0.0,-16.3919999999995,2024,2024-10-07
h02_r15_t3,1,1728267410000000000,1728269855000000000,2648.7005,2645.7835,0.11015530311684059,sl,-2.9169999999999163,-5.973999999999832,0.0,-5.973999999999832,2024,2024-10-07
h04_r30_t3,-1,1728276665000000000,1728279660000000000,2647.1265000000003,2642.2845000000016,0.06095952329197961,tp,4.841999999998734,9.543999999997467,0.0,9.543999999997467,2024,2024-10-07
h05_r60_t2,-1,1728280805000000000,1728286450000000000,2639.9975,2646.8745,0.26041346175146335,sl,-6.876999999999953,-13.893999999999906,0.0,-13.893999999999906,2024,2024-10-07
h06_r60_t3,1,1728284625000000000,1728295020000000000,2643.9714999999997,2656.8834999999985,0.1628266155689571,tp,12.911999999998898,25.683999999997795,0.0,25.683999999997795,2024,2024-10-07
h13_r30_t3,-1,1728313280000000000,1728334380000000000,2639.7205000000004,2643.078,0.5336177078274682,forced_close,-3.357499999999618,-6.854999999999236,0.0,-6.854999999999236,2024,2024-10-07
h14_r15_t2,-1,1728311205000000000,1728312080000000000,2640.8255,2646.2115000000003,0.20356549538398122,sl,-5.386000000000422,-10.912000000000845,0.0,-10.912000000000845,2024,2024-10-07
h00_r30_t1,-1,1728347580000000000,1728347880000000000,2642.4565000000002,2644.1845000000003,0.06538362650965762,sl,-1.7280000000000655,-3.596000000000131,0.0,-3.596000000000131,2024,2024-10-08
h01_r60_t3,1,1728352910000000000,1728354575000000000,2647.9775,2637.9404999999997,0.37913005573632086,sl,-10.037000000000262,-20.214000000000524,0.0,-20.214000000000524,2024,2024-10-08
h02_r15_t3,-1,1728353700000000000,1728385740000000000,2641.137,2648.3635,0.27294561476277557,sl,-7.22649999999976,-14.59299999999952,0.0,-14.59299999999952,2024,2024-10-08
h04_r30_t3,1,1728364840000000000,1728368985000000000,2643.9224999999997,2641.3475,0.09744171046339752,sl,-2.574999999999818,-5.289999999999636,0.0,-5.289999999999636,2024,2024-10-08
h05_r60_t2,1,1728367795000000000,1728368880000000000,2646.4745000000003,2641.6095,0.18392544535761163,sl,-4.8650000000002365,-9.870000000000474,0.0,-9.870000000000474,2024,2024-10-08
h06_r60_t3,-1,1728370820000000000,1728384945000000000,2635.6355000000003,2646.5085,0.4124042927520351,sl,-10.872999999999593,-21.885999999999186,0.0,-21.885999999999186,2024,2024-10-08
h13_r30_t3,-1,1728394250000000000,1728420780000000000,2636.678,2621.649,0.42080399479620756,forced_close,15.028999999999996,29.917999999999992,0.0,29.917999999999992,2024,2024-10-08
h14_r15_t2,-1,1728396945000000000,1728398270000000000,2633.5254999999997,2619.6894999999986,0.2626192876366627,tp,13.83600000000115,27.5320000000023,0.0,27.5320000000023,2024,2024-10-08
h00_r30_t1,-1,1728434880000000000,1728436760000000000,2621.5015000000003,2623.3165,0.06920216009870553,sl,-1.8149999999995998,-3.7699999999991998,0.0,-3.7699999999991998,2024,2024-10-09
h01_r60_t3,-1,1728439300000000000,1728452120000000000,2618.3675000000003,2624.3475,0.22823804617544077,sl,-5.979999999999563,-12.099999999999127,0.0,-12.099999999999127,2024,2024-10-09
h02_r15_t3,1,1728441920000000000,1728443145000000000,2620.1085000000003,2616.9265,0.12145902752238827,sl,-3.1820000000002437,-6.504000000000487,0.0,-6.504000000000487,2024,2024-10-09
h04_r30_t3,-1,1728449740000000000,1728450185000000000,2615.9925000000003,2618.7255,0.1044254337256599,sl,-2.73299999999972,-5.605999999999439,0.0,-5.605999999999439,2024,2024-10-09
h05_r60_t2,-1,1728454610000000000,1728507180000000000,2615.7304999999997,2608.169,0.330984833519907,forced_close,7.561499999999796,14.982999999999592,0.0,14.982999999999592,2024,2024-10-09
h06_r60_t3,-1,1728457760000000000,1728470615000000000,2610.6625,2619.7245000000003,0.34682428252210956,sl,-9.062000000000353,-18.264000000000706,0.0,-18.264000000000706,2024,2024-10-09
h13_r30_t3,-1,1728480600000000000,1728507180000000000,2609.9295,2608.169,0.4159450586267212,forced_close,1.7605000000003201,3.38100000000064,0.0,3.38100000000064,2024,2024-10-09
h14_r15_t2,-1,1728483300000000000,1728485680000000000,2608.1175000000003,2611.5665,0.13223342016621442,sl,-3.4489999999996144,-7.037999999999228,0.0,-7.037999999999228,2024,2024-10-09
h00_r30_t1,1,1728520200000000000,1728524645000000000,2609.094,2612.149,0.11709451520474529,tp,3.0549999999998363,5.969999999999673,0.0,5.969999999999673,2024,2024-10-10
h01_r60_t3,1,1728527640000000000,1728563400000000000,2612.5744999999997,2606.8485,0.21945705649676467,sl,-5.725999999999658,-11.591999999999317,0.0,-11.591999999999317,2024,2024-10-10
h02_r15_t3,-1,1728526535000000000,1728527295000000000,2608.2705,2610.7155000000002,0.09372971226129022,sl,-2.4450000000001637,-5.030000000000327,0.0,-5.030000000000327,2024,2024-10-10
h04_r30_t3,1,1728535335000000000,1728542610000000000,2613.4755,2611.5625,0.07321553401699768,sl,-1.913000000000011,-3.966000000000022,0.0,-3.966000000000022,2024,2024-10-10
h05_r60_t2,1,1728541290000000000,1728542590000000000,2615.6105,2612.5405,0.11747389793124291,sl,-3.069999999999709,-6.279999999999418,0.0,-6.279999999999418,2024,2024-10-10
h06_r60_t3,-1,1728543930000000000,1728546065000000000,2610.618,2616.5025,0.2250007703539535,sl,-5.884500000000116,-11.909000000000233,0.0,-11.909000000000233,2024,2024-10-10
h13_r30_t3,-1,1728567000000000000,1728568460000000000,2617.4425,2627.8615,0.3980121168503015,sl,-10.418999999999869,-20.97799999999974,0.0,-20.97799999999974,2024,2024-10-10
h14_r15_t2,-1,1728570325000000000,1728587235000000000,2624.0635,2629.8625,0.22077563861323574,sl,-5.798999999999978,-11.737999999999957,0.0,-11.737999999999957,2024,2024-10-10
h00_r30_t1,-1,1728606685000000000,1728608130000000000,2632.2355,2634.4655000000002,0.08469695108069218,sl,-2.230000000000473,-4.6000000000009456,0.0,-4.6000000000009456,2024,2024-10-11
h01_r60_t3,1,1728613435000000000,1728654010000000000,2638.0445,2653.2304999999997,0.19190048773127327,tp,15.185999999999694,30.23199999999939,0.0,30.23199999999939,2024,2024-10-11
h02_r15_t3,1,1728613435000000000,1728618625000000000,2637.7915000000003,2645.1505000000016,0.09304575002253805,tp,7.359000000001288,14.578000000002575,0.0,14.578000000002575,2024,2024-10-11
h04_r30_t3,1,1728621395000000000,1728624730000000000,2645.9065,2643.9645,0.07340871397723488,sl,-1.9420000000000073,-4.024000000000014,0.0,-4.024000000000014,2024,2024-10-11
h05_r60_t2,1,1728627600000000000,1728627975000000000,2646.0384999999997,2643.2465,0.10556717496074643,sl,-2.7919999999994616,-5.723999999998923,0.0,-5.723999999998923,2024,2024-10-11
h06_r60_t3,-1,1728638435000000000,1728649200000000000,2638.1165,2647.2895,0.347510759555164,sl,-9.172999999999774,-18.48599999999955,0.0,-18.48599999999955,2024,2024-10-11
h13_r30_t3,1,1728653680000000000,1728679980000000000,2649.9785,2656.997,0.2746510147070683,forced_close,7.018499999999676,13.896999999999352,0.0,13.896999999999352,2024,2024-10-11
h14_r15_t2,1,1728656145000000000,1728679980000000000,2651.9224999999997,2656.997,0.20277240447454992,forced_close,5.074500000000171,10.009000000000341,0.0,10.009000000000341,2024,2024-10-11
h00_r30_t1,1,1728865960000000000,1728867605000000000,2648.2115000000003,2645.1915,0.1140758018594143,sl,-3.0200000000004366,-6.180000000000873,0.0,-6.180000000000873,2024,2024-10-14
h01_r60_t3,-1,1728871540000000000,1728873030000000000,2643.6365,2648.5185,0.18449490740014898,sl,-4.882000000000062,-9.904000000000124,0.0,-9.904000000000124,2024,2024-10-14
h02_r15_t3,1,1728872120000000000,1728874745000000000,2646.1324999999997,2655.0665,0.11255534459302778,tp,8.934000000000196,17.728000000000392,0.0,17.728000000000392,2024,2024-10-14
h04_r30_t3,1,1728880545000000000,1728886935000000000,2656.8865,2661.7254999999996,0.06071955114962774,tp,4.838999999999487,9.537999999998974,0.0,9.537999999998974,2024,2024-10-14
h05_r60_t2,1,1728886840000000000,1728898810000000000,2660.8025,2657.1745,0.13643721735015463,sl,-3.6279999999997017,-7.395999999999403,0.0,-7.395999999999403,2024,2024-10-14
h06_r60_t3,-1,1728898745000000000,1728939180000000000,2657.5175,2647.824,0.35283464160540107,forced_close,9.693499999999858,19.246999999999716,0.0,19.246999999999716,2024,2024-10-14
h13_r30_t3,1,1728912670000000000,1728915600000000000,2653.9385,2647.7195,0.23437318927491294,sl,-6.219000000000051,-12.578000000000102,0.0,-12.578000000000102,2024,2024-10-14
h14_r15_t2,-1,1728915305000000000,1728939180000000000,2649.4435000000003,2647.824,0.28956489243559264,forced_close,1.6195000000002437,3.0990000000004874,0.0,3.0990000000004874,2024,2024-10-14
h00_r30_t1,1,1728952220000000000,1728952990000000000,2650.2165,2648.0405,0.08213107493007181,sl,-2.175999999999931,-4.491999999999861,0.0,-4.491999999999861,2024,2024-10-15
h01_r60_t3,1,1728958905000000000,1728962175000000000,2651.3295,2647.3514999999998,0.15019774337141323,sl,-3.9780000000000655,-8.096000000000132,0.0,-8.096000000000132,2024,2024-10-15
h02_r15_t3,1,1728958835000000000,1728962155000000000,2650.683,2648.1615,0.0944652889126208,sl,-2.5214999999998327,-5.182999999999665,0.0,-5.182999999999665,2024,2024-10-15
h04_r30_t3,-1,1728966895000000000,1728973840000000000,2643.2875,2645.8235,0.09590136982779005,sl,-2.536000000000058,-5.212000000000116,0.0,-5.212000000000116,2024,2024-10-15
h05_r60_t2,1,1728973415000000000,1728995405000000000,2644.457,2657.2549999999997,0.24221172347891912,tp,12.797999999999774,25.45599999999955,0.0,25.45599999999955,2024,2024-10-15
h06_r60_t3,1,1728975645000000000,1729025580000000000,2649.2995,2662.711,0.29826070590758524,forced_close,13.411499999999705,26.68299999999941,0.0,26.68299999999941,2024,2024-10-15
h13_r30_t3,1,1728999180000000000,1729025580000000000,2652.4155,2662.711,0.23715175053550555,forced_close,10.29549999999972,20.45099999999944,0.0,20.45099999999944,2024,2024-10-15
h14_r15_t2,1,1729001740000000000,1729025580000000000,2655.5995000000003,2662.711,0.2913373472894638,forced_close,7.111499999999523,14.082999999999046,0.0,14.082999999999046,2024,2024-10-15
h00_r30_t1,1,1729038700000000000,1729039790000000000,2660.5785,2658.8475,0.0650763745128519,sl,-1.731000000000222,-3.602000000000444,0.0,-3.602000000000444,2024,2024-10-16
h01_r60_t3,1,1729044000000000000,1729111980000000000,2668.0995000000003,2673.606,0.29740270181079825,forced_close,5.50649999999996,10.87299999999992,0.0,10.87299999999992,2024,2024-10-16
h02_r15_t3,-1,1729045135000000000,1729057710000000000,2666.4685,2670.2605000000003,0.1420710793749236,sl,-3.792000000000371,-7.724000000000742,0.0,-7.724000000000742,2024,2024-10-16
h04_r30_t3,1,1729053680000000000,1729054310000000000,2668.2595,2666.4125,0.06925718018285497,sl,-1.8470000000002074,-3.834000000000415,0.0,-3.834000000000415,2024,2024-10-16
h05_r60_t2,1,1729058615000000000,1729069070000000000,2670.6455,2679.5715000000005,0.16718489739369471,tp,8.926000000000386,17.71200000000077,0.0,17.71200000000077,2024,2024-10-16
h06_r60_t3,1,1729068675000000000,1729094660000000000,2677.7844999999998,2667.1515,0.3971616370918195,sl,-10.63299999999981,-21.405999999999622,0.0,-21.405999999999622,2024,2024-10-16
h13_r30_t3,1,1729085750000000000,1729086600000000000,2684.4685,2679.9055,0.1702071151647192,sl,-4.563000000000102,-9.266000000000204,0.0,-9.266000000000204,2024,2024-10-16
h14_r15_t2,1,1729088220000000000,1729089730000000000,2679.2345,2673.4584999999997,0.21565463746145425,sl,-5.776000000000295,-11.69200000000059,0.0,-11.69200000000059,2024,2024-10-16
h00_r30_t1,1,1729125000000000000,1729126485000000000,2675.9385,2677.7285,0.06689334416830976,tp,1.7899999999999636,3.439999999999927,0.0,3.439999999999927,2024,2024-10-17
h01_r60_t3,1,1729130400000000000,1729136265000000000,2683.122,2676.5615,0.24374976589400218,sl,-6.560500000000047,-13.261000000000095,0.0,-13.261000000000095,2024,2024-10-17
h02_r15_t3,-1,1729131325000000000,1729147210000000000,2681.9255000000003,2685.0235000000002,0.1155076904147802,sl,-3.0979999999999563,-6.335999999999912,0.0,-6.335999999999912,2024,2024-10-17
h04_r30_t3,1,1729140440000000000,1729168200000000000,2679.7185,2676.4795,0.12094618828136483,sl,-3.2390000000000327,-6.618000000000065,0.0,-6.618000000000065,2024,2024-10-17
h05_r60_t2,1,1729147080000000000,1729156920000000000,2684.3745,2678.1285,0.23274814031590527,sl,-6.246000000000095,-12.63200000000019,0.0,-12.63200000000019,2024,2024-10-17
h06_r60_t3,-1,1729148750000000000,1729160630000000000,2680.0605,2685.8365000000003,0.21542580816847576,sl,-5.776000000000295,-11.69200000000059,0.0,-11.69200000000059,2024,2024-10-17
h13_r30_t3,1,1729172620000000000,1729198375000000000,2686.2995,2692.872,0.31450871290506155,forced_close,6.5724999999997635,13.004999999999526,0.0,13.004999999999526,2024,2024-10-17
h14_r15_t2,1,1729175145000000000,1729182690000000000,2690.9195,2684.7655,0.2287658779745557,sl,-6.153999999999996,-12.447999999999993,0.0,-12.447999999999993,2024,2024-10-17
h00_r30_t1,1,1729211525000000000,1729212770000000000,2695.1014999999998,2693.2075,0.07028837345317902,sl,-1.893999999999778,-3.9279999999995563,0.0,-3.9279999999995563,2024,2024-10-18
h01_r60_t3,1,1729216940000000000,1729284780000000000,2706.888,2722.255,0.5178089490178972,forced_close,15.36700000000019,30.594000000000378,0.0,30.594000000000378,2024,2024-10-18
h02_r15_t3,1,1729218300000000000,1729232735000000000,2708.2095,2704.0575,0.1533376136390721,sl,-4.152000000000044,-8.444000000000088,0.0,-8.444000000000088,2024,2024-10-18
h04_r30_t3,-1,1729226865000000000,1729227940000000000,2709.1565,2711.4935,0.0862555300701279,sl,-2.336999999999989,-4.813999999999978,0.0,-4.813999999999978,2024,2024-10-18
h05_r60_t2,-1,1729231270000000000,1729240630000000000,2710.1234999999997,2701.973499999999,0.15028318699931584,tp,8.150000000000546,16.16000000000109,0.0,16.16000000000109,2024,2024-10-18
h06_r60_t3,-1,1729238365000000000,1729243340000000000,2702.7225,2711.6785,0.330793714697813,sl,-8.956000000000131,-18.052000000000263,0.0,-18.052000000000263,2024,2024-10-18
h13_r30_t3,1,1729258900000000000,1729284780000000000,2712.0924999999997,2722.255,0.26198016140355157,forced_close,10.162500000000364,20.185000000000727,0.0,20.185000000000727,2024,2024-10-18
h14_r15_t2,1,1729260900000000000,1729284780000000000,2716.0225,2722.255,0.14182085679905473,forced_close,6.232500000000073,12.325000000000145,0.0,12.325000000000145,2024,2024-10-18
h00_r30_t1,1,1729470695000000000,1729472050000000000,2724.5665,2721.8745,0.09885601338889419,sl,-2.6920000000000073,-5.524000000000014,0.0,-5.524000000000014,2024,2024-10-21
h01_r60_t3,1,1729477680000000000,1729523280000000000,2729.4044999999996,2721.1195,0.3038683708969235,sl,-8.284999999999854,-16.70999999999971,0.0,-16.70999999999971,2024,2024-10-21
h02_r15_t3,1,1729477335000000000,1729490270000000000,2728.791,2724.8305,0.14483196941948245,sl,-3.9605000000001382,-8.061000000000277,0.0,-8.061000000000277,2024,2024-10-21
h04_r30_t3,-1,1729486960000000000,1729494305000000000,2729.6435,2732.0695,0.08887161440269396,sl,-2.425999999999931,-4.991999999999861,0.0,-4.991999999999861,2024,2024-10-21
h05_r60_t2,-1,1729490400000000000,1729493815000000000,2724.5155,2730.5015000000003,0.21967250594550025,sl,-5.986000000000331,-12.112000000000663,0.0,-12.112000000000663,2024,2024-10-21
h06_r60_t3,1,1729494150000000000,1729522240000000000,2730.683,2723.6345,0.2579550642497709,sl,-7.048499999999876,-14.236999999999753,0.0,-14.236999999999753,2024,2024-10-21
h13_r30_t3,-1,1729517430000000000,1729518235000000000,2735.4565000000002,2740.3215,0.1778040270693303,sl,-4.864999999999782,-9.869999999999564,0.0,-9.869999999999564,2024,2024-10-21
h14_r15_t2,-1,1729520665000000000,1729521680000000000,2735.6684999999998,2727.754499999999,0.14456661344214988,tp,7.914000000000669,15.688000000001338,0.0,15.688000000001338,2024,2024-10-21
h00_r30_t1,1,1729557080000000000,1729560510000000000,2724.5245,2728.3355,0.1399247138216556,tp,3.811000000000149,7.482000000000299,0.0,7.482000000000299,2024,2024-10-22
h01_r60_t3,1,1729562745000000000,1729630380000000000,2730.3705,2748.469,0.2334104220612412,forced_close,18.098500000000058,36.057000000000116,0.0,36.057000000000116,2024,2024-10-22
h02_r15_t3,1,1729566395000000000,1729603090000000000,2730.7574999999997,2739.7964999999995,0.11038722541726939,tp,9.03899999999976,17.93799999999952,0.0,17.93799999999952,2024,2024-10-22
h04_r30_t3,1,1729572245000000000,1729576100000000000,2735.9695,2731.0485,0.18000292262417547,sl,-4.9210000000002765,-9.982000000000554,0.0,-9.982000000000554,2024,2024-10-22
h05_r60_t2,1,1729578060000000000,1729616590000000000,2735.2015,2747.4134999999997,0.223620859731738,tp,12.211999999999534,24.283999999999068,0.0,24.283999999999068,2024,2024-10-22
h06_r60_t3,1,1729585285000000000,1729597970000000000,2737.2214999999997,2729.6544999999996,0.276657435611885,sl,-7.567000000000007,-15.274000000000015,0.0,-15.274000000000015,2024,2024-10-22
h13_r30_t3,1,1729604040000000000,1729605600000000000,2740.3935,2735.4875,0.17909034443497376,sl,-4.905999999999949,-9.951999999999899,0.0,-9.951999999999899,2024,2024-10-22
h14_r15_t2,1,1729606655000000000,1729616445000000000,2738.0015000000003,2746.4175000000014,0.1537947895802034,tp,8.416000000001077,16.692000000002153,0.0,16.692000000002153,2024,2024-10-22
h00_r30_t1,-1,1729643940000000000,1729645825000000000,2744.9395,2747.1165,0.0793033111227041,sl,-2.1770000000001346,-4.494000000000269,0.0,-4.494000000000269,2024,2024-10-23
h01_r60_t3,-1,1729649580000000000,1729656520000000000,2738.0005,2747.3285,0.34059911925478514,sl,-9.327999999999975,-18.79599999999995,0.0,-18.79599999999995,2024,2024-10-23
h02_r15_t3,-1,1729651370000000000,1729651455000000000,2737.9365,2740.2005,0.0826666418374678,sl,-2.2640000000001237,-4.668000000000247,0.0,-4.668000000000247,2024,2024-10-23
h04_r30_t3,1,1729658000000000000,1729686120000000000,2750.1095,2745.4265,0.17033962622400892,sl,-4.682999999999993,-9.505999999999986,0.0,-9.505999999999986,2024,2024-10-23
h05_r60_t2,-1,1729665590000000000,1729669000000000000,2748.9195,2753.3975,0.16274637968352645,sl,-4.4780000000000655,-9.096000000000132,0.0,-9.096000000000132,2024,2024-10-23
h06_r60_t3,1,1729669000000000000,1729685325000000000,2753.2675,2748.1765,0.18508732751676665,sl,-5.0909999999998945,-10.32199999999979,0.0,-10.32199999999979,2024,2024-10-23
h13_r30_t3,-1,1729692620000000000,1729716780000000000,2731.6675,2716.225,0.46007037766255066,forced_close,15.44250000000011,30.745000000000218,0.0,30.745000000000218,2024,2024-10-23
h14_r15_t2,-1,1729693165000000000,1729716780000000000,2725.8334999999997,2716.225,0.4737322526931473,forced_close,9.608499999999822,19.076999999999643,0.0,19.076999999999643,2024,2024-10-23
h00_r30_t1,1,1729731410000000000,1729732760000000000,2721.2985,2724.7654999999995,0.12750061828788561,tp,3.4669999999996435,6.793999999999287,0.0,6.793999999999287,2024,2024-10-24
h01_r60_t3,-1,1729737410000000000,1729745420000000000,2720.3715,2726.7785000000003,0.2352213391682869,sl,-6.407000000000153,-12.954000000000306,0.0,-12.954000000000306,2024,2024-10-24
h02_r15_t3,-1,1729736100000000000,1729743700000000000,2721.6805,2724.5675,0.10607046760470035,sl,-2.887000000000171,-5.914000000000342,0.0,-5.914000000000342,2024,2024-10-24
h04_r30_t3,1,1729744200000000000,1729752015000000000,2726.0445,2735.5275,0.11596240264853791,tp,9.483000000000175,18.82600000000035,0.0,18.82600000000035,2024,2024-10-24
h05_r60_t2,1,1729750055000000000,1729759200000000000,2729.8265,2737.7605000000003,0.14536398985493826,tp,7.9340000000001965,15.728000000000392,0.0,15.728000000000392,2024,2024-10-24
h06_r60_t3,1,1729754090000000000,1729779665000000000,2736.6724999999997,2728.3845,0.30300255128292797,sl,-8.287999999999556,-16.715999999999113,0.0,-16.715999999999113,2024,2024-10-24
h13_r30_t3,1,1729776600000000000,1729777500000000000,2742.7705,2737.6885,0.1853006148793579,sl,-5.08199999999988,-10.30399999999976,0.0,-10.30399999999976,2024,2024-10-24
h14_r15_t2,-1,1729779355000000000,1729780480000000000,2731.8755,2723.1515,0.15962495089483766,tp,8.72400000000016,17.30800000000032,0.0,17.30800000000032,2024,2024-10-24
h00_r30_t1,-1,1729816755000000000,1729818855000000000,2732.2825000000003,2735.0275,0.10044394761179935,sl,-2.744999999999891,-5.629999999999781,0.0,-5.629999999999781,2024,2024-10-25
h01_r60_t3,-1,1729821600000000000,1729865410000000000,2729.8675000000003,2735.2715,0.19794128608722716,sl,-5.403999999999542,-10.947999999999084,0.0,-10.947999999999084,2024,2024-10-25
h02_r15_t3,1,1729822525000000000,1729823875000000000,2730.0605,2727.5115,0.09339669945810415,sl,-2.548999999999978,-5.237999999999956,0.0,-5.237999999999956,2024,2024-10-25
h04_r30_t3,-1,1729830750000000000,1729832675000000000,2724.0834999999997,2727.8485,0.13818316481288945,sl,-3.7650000000003274,-7.6700000000006545,0.0,-7.6700000000006545,2024,2024-10-25
h05_r60_t2,-1,1729836690000000000,1729838500000000000,2726.0744999999997,2729.9275,0.14121086946204323,sl,-3.8530000000000655,-7.846000000000131,0.0,-7.846000000000131,2024,2024-10-25
h06_r60_t3,-1,1729843765000000000,1729865210000000000,2725.0405,2732.6475,0.2784146650999502,sl,-7.606999999999971,-15.353999999999942,0.0,-15.353999999999942,2024,2024-10-25
h13_r30_t3,1,1729865030000000000,1729889580000000000,2732.2135,2746.798,0.25666074584079673,forced_close,14.584499999999935,29.02899999999987,0.0,29.02899999999987,2024,2024-10-25
h14_r15_t2,1,1729867415000000000,1729889580000000000,2738.5995000000003,2746.798,0.39631568864052813,forced_close,8.198499999999513,16.256999999999024,0.0,16.256999999999024,2024,2024-10-25
h00_r30_t1,1,1730075560000000000,1730075940000000000,2736.3845,2733.1045,0.11996233621530167,sl,-3.2800000000002,-6.7000000000004,0.0,-6.7000000000004,2024,2024-10-28
h01_r60_t3,1,1730081230000000000,1730148780000000000,2733.0415000000003,2742.598,0.3049029871599328,forced_close,9.556499999999687,18.972999999999374,0.0,18.972999999999374,2024,2024-10-28
h02_r15_t3,1,1730081955000000000,1730087205000000000,2733.1544999999996,2730.7605000000003,0.08762649153078697,sl,-2.3939999999993233,-4.927999999998646,0.0,-4.927999999998646,2024,2024-10-28
h04_r30_t3,1,1730090040000000000,1730095800000000000,2731.8914999999997,2740.0454999999993,0.0995033435942287,tp,8.153999999999542,16.167999999999083,0.0,16.167999999999083,2024,2024-10-28
h05_r60_t2,1,1730095405000000000,1730106350000000000,2738.8455000000004,2731.1785,0.2799744163198161,sl,-7.667000000000371,-15.474000000000743,0.0,-15.474000000000743,2024,2024-10-28
h06_r60_t3,-1,1730100380000000000,1730126730000000000,2737.5605,2744.5905000000002,0.2565081649322032,sl,-7.0300000000002,-14.2000000000004,0.0,-14.2000000000004,2024,2024-10-28
h13_r30_t3,1,1730122215000000000,1730148780000000000,2739.5924999999997,2742.598,0.24464423175742153,forced_close,3.005500000000211,5.871000000000422,0.0,5.871000000000422,2024,2024-10-28
h14_r15_t2,1,1730124945000000000,1730148780000000000,2744.2735000000002,2742.598,0.19390966907602455,forced_close,-1.6755000000002838,-3.4910000000005676,0.0,-3.4910000000005676,2024,2024-10-28
h00_r30_t1,1,1730161825000000000,1730163845000000000,2745.3334999999997,2747.384499999999,0.0747293611149532,tp,2.050999999999476,3.961999999998952,0.0,3.961999999998952,2024,2024-10-29
h01_r60_t3,1,1730167205000000000,1730226720000000000,2752.5325000000003,2773.268500000001,0.25115343632732656,tp,20.736000000000786,41.33200000000157,0.0,41.33200000000157,2024,2024-10-29
h02_r15_t3,-1,1730170045000000000,1730209010000000000,2752.1504999999997,2757.8415,0.20639542948909634,sl,-5.691000000000258,-11.522000000000517,0.0,-11.522000000000517,2024,2024-10-29
h04_r30_t3,1,1730178020000000000,1730180740000000000,2755.3785,2751.3655,0.14573551129177553,sl,-4.01299999999992,-8.16599999999984,0.0,-8.16599999999984,2024,2024-10-29
h05_r60_t2,-1,1730181920000000000,1730207820000000000,2749.8115,2756.9455,0.25940983353808483,sl,-7.1340000000000146,-14.40800000000003,0.0,-14.40800000000003,2024,2024-10-29
h06_r60_t3,-1,1730190110000000000,1730193670000000000,2748.9785,2756.6315,0.2777013239346135,sl,-7.652999999999793,-15.445999999999586,0.0,-15.445999999999586,2024,2024-10-29
h13_r30_t3,1,1730208970000000000,1730235180000000000,2757.3955,2773.765,0.3329271402037824,forced_close,16.36949999999979,32.59899999999958,0.0,32.59899999999958,2024,2024-10-29
h14_r15_t2,1,1730211345000000000,1730215745000000000,2766.8205,2760.8914999999997,0.21434367327358128,sl,-5.929000000000087,-11.998000000000175,0.0,-11.998000000000175,2024,2024-10-29
h00_r30_t1,1,1730248350000000000,1730266440000000000,2779.0245,2783.1904999999997,0.14999183613804912,tp,4.165999999999713,8.191999999999425,0.0,8.191999999999425,2024,2024-10-30
h01_r60_t3,-1,1730255590000000000,1730266370000000000,2777.0355,2782.2304999999997,0.18675277545359298,sl,-5.194999999999709,-10.529999999999418,0.0,-10.529999999999418,2024,2024-10-30
h02_r15_t3,-1,1730254500000000000,1730266310000000000,2779.318,2781.9515,0.09462601585795696,sl,-2.6334999999999127,-5.406999999999825,0.0,-5.406999999999825,2024,2024-10-30
h04_r30_t3,1,1730262620000000000,1730267595000000000,2779.1814999999997,2784.266499999999,0.06099482011834827,tp,5.084999999999127,10.029999999998253,0.0,10.029999999998253,2024,2024-10-30
h05_r60_t2,1,1730268605000000000,1730289735000000000,2785.0545,2778.0215,0.25269514843640545,sl,-7.0330000000003565,-14.206000000000714,0.0,-14.206000000000714,2024,2024-10-30
h06_r60_t3,-1,1730274355000000000,1730311650000000000,2781.2875,2789.9015,0.30906350063748506,sl,-8.614000000000033,-17.368000000000066,0.0,-17.368000000000066,2024,2024-10-30
h13_r30_t3,-1,1730295000000000000,1730308970000000000,2779.4035000000003,2787.5885,0.2944590434811675,sl,-8.18499999999949,-16.509999999998982,0.0,-16.509999999998982,2024,2024-10-30
h14_r15_t2,1,1730297710000000000,1730298625000000000,2779.5225,2775.9505,0.1285328311964912,sl,-3.5720000000001164,-7.2840000000002325,0.0,-7.2840000000002325,2024,2024-10-30
h00_r30_t1,1,1730336405000000000,1730339470000000000,2788.3445,2784.7625,0.12856111507207998,sl,-3.5820000000003347,-7.304000000000669,0.0,-7.304000000000669,2024,2024-10-31
h01_r60_t3,-1,1730347625000000000,1730381850000000000,2783.6335,2764.0945,0.2338836043930444,tp,19.53899999999976,38.93799999999952,0.0,38.93799999999952,2024,2024-10-31
h02_r15_t3,1,1730341920000000000,1730346980000000000,2787.1735,2784.4205,0.09884451018917796,sl,-2.7529999999997017,-5.645999999999403,0.0,-5.645999999999403,2024,2024-10-31
h04_r30_t3,-1,1730349000000000000,1730352110000000000,2782.1634999999997,2785.5135,0.1204098896416535,sl,-3.350000000000364,-6.840000000000727,0.0,-6.840000000000727,2024,2024-10-31
h05_r60_t2,-1,1730356305000000000,1730369845000000000,2782.6985,2774.7305,0.14304376963418183,tp,7.967999999999847,15.795999999999694,0.0,15.795999999999694,2024,2024-10-31
h06_r60_t3,-1,1730358000000000000,1730382550000000000,2779.7685,2760.8175,0.2272348340892542,tp,18.951000000000022,37.76200000000004,0.0,37.76200000000004,2024,2024-10-31
h13_r30_t3,-1,1730381465000000000,1730385950000000000,2765.6445000000003,2740.4535000000005,0.30343606928691563,tp,25.190999999999804,50.24199999999961,0.0,50.24199999999961,2024,2024-10-31
h14_r15_t2,1,1730384220000000000,1730385245000000000,2755.4475,2748.1435,0.26533721966627183,sl,-7.304000000000087,-14.748000000000175,0.0,-14.748000000000175,2024,2024-10-31
h00_r30_t1,-1,1730421290000000000,1730423435000000000,2745.8375,2747.4205,0.05763469470269013,sl,-1.5830000000000837,-3.3060000000001675,0.0,-3.3060000000001675,2024,2024-11-01
h01_r60_t3,1,1730426565000000000,1730457480000000000,2750.0765,2744.9025,0.188164784200558,sl,-5.173999999999978,-10.487999999999957,0.0,-10.487999999999957,2024,2024-11-01
h02_r15_t3,-1,1730428390000000000,1730432555000000000,2746.6045,2751.0355,0.1612958709021499,sl,-4.43100000000004,-9.00200000000008,0.0,-9.00200000000008,2024,2024-11-01
h04_r30_t3,1,1730436180000000000,1730440985000000000,2752.1165,2756.2955,0.050621898931726354,tp,4.179000000000087,8.218000000000174,0.0,8.218000000000174,2024,2024-11-01
h05_r60_t2,1,1730440800000000000,1730443400000000000,2755.2695000000003,2751.6855,0.1300875568384545,sl,-3.5840000000002874,-7.3080000000005745,0.0,-7.3080000000005745,2024,2024-11-01
h06_r60_t3,-1,1730444500000000000,1730464200000000000,2751.3305,2757.7394999999997,0.23287387766616885,sl,-6.408999999999651,-12.957999999999302,0.0,-12.957999999999302,2024,2024-11-01
h13_r30_t3,-1,1730467915000000000,1730494380000000000,2753.3145,2735.354,0.328285877442964,forced_close,17.96050000000014,35.781000000000276,0.0,35.781000000000276,2024,2024-11-01
h14_r15_t2,-1,1730470850000000000,1730472205000000000,2753.1994999999997,2741.5834999999997,0.21068428318100596,tp,11.615999999999985,23.09199999999997,0.0,23.09199999999997,2024,2024-11-01
h00_r30_t1,1,1730681640000000000,1730682375000000000,2740.0805,2737.0605,0.11023553354819463,sl,-3.019999999999982,-6.179999999999963,0.0,-6.179999999999963,2024,2024-11-04
h01_r60_t3,1,1730689840000000000,1730706850000000000,2741.4535,2735.4235,0.22007166745164494,sl,-6.0300000000002,-12.2000000000004,0.0,-12.2000000000004,2024,2024-11-04
h02_r15_t3,-1,1730686500000000000,1730689355000000000,2738.0964999999997,2741.0705,0.10861068347126025,sl,-2.97400000000016,-6.08800000000032,0.0,-6.08800000000032,2024,2024-11-04
h04_r30_t3,-1,1730694650000000000,1730695610000000000,2739.8005000000003,2742.1185,0.08460040814768925,sl,-2.3179999999997563,-4.775999999999512,0.0,-4.775999999999512,2024,2024-11-04
h05_r60_t2,-1,1730700540000000000,1730704185000000000,2737.7275,2743.8115,0.22191449398187638,sl,-6.083999999999833,-12.307999999999666,0.0,-12.307999999999666,2024,2024-11-04
h06_r60_t3,1,1730703600000000000,1730706740000000000,2741.6925,2735.8075,0.21466644172591157,sl,-5.885000000000218,-11.910000000000437,0.0,-11.910000000000437,2024,2024-11-04
h13_r30_t3,-1,1730727000000000000,1730727725000000000,2739.8665,2744.8775,0.18283880320308946,sl,-5.010999999999967,-10.161999999999935,0.0,-10.161999999999935,2024,2024-11-04
h14_r15_t2,-1,1730729855000000000,1730731035000000000,2745.2465,2739.1485000000002,0.1110365162283921,tp,6.097999999999956,12.055999999999912,0.0,12.055999999999912,2024,2024-11-04
h00_r30_t1,1,1730766620000000000,1730768710000000000,2736.6665000000003,2734.1255,0.09285293662486216,sl,-2.5410000000001673,-5.222000000000334,0.0,-5.222000000000334,2024,2024-11-05
h01_r60_t3,-1,1730773990000000000,1730780820000000000,2732.9655000000002,2736.2174999999997,0.11893387411915507,sl,-3.251999999999498,-6.643999999998996,0.0,-6.643999999998996,2024,2024-11-05
h02_r15_t3,-1,1730773915000000000,1730774130000000000,2733.2855,2727.0814999999993,0.07561479527057285,tp,6.204000000000633,12.268000000001265,0.0,12.268000000001265,2024,2024-11-05
h04_r30_t3,-1,1730781065000000000,1730783950000000000,2734.7065000000002,2736.4465,0.06361149898485852,sl,-1.7399999999997817,-3.6199999999995636,0.0,-3.6199999999995636,2024,2024-11-05
h05_r60_t2,-1,1730786590000000000,1730788605000000000,2731.899,2737.3705,0.19929274131263922,sl,-5.4715000000001055,-11.083000000000212,0.0,-11.083000000000212,2024,2024-11-05
h06_r60_t3,1,1730790300000000000,1730843580000000000,2738.9335,2744.335,0.2630894104047033,forced_close,5.401499999999942,10.662999999999883,0.0,10.662999999999883,2024,2024-11-05
h13_r30_t3,1,1730813400000000000,1730819805000000000,2742.0785,2736.3535,0.20878886230857424,sl,-5.724999999999909,-11.589999999999819,0.0,-11.589999999999819,2024,2024-11-05
h14_r15_t2,1,1730816810000000000,1730818000000000000,2746.8605,2743.2974999999997,0.12983257864883027,sl,-3.563000000000102,-7.266000000000203,0.0,-7.266000000000203,2024,2024-11-05
h00_r30_t1,-1,1730854830000000000,1730857360000000000,2735.3785,2745.7615,0.3792931441385278,sl,-10.383000000000266,-20.90600000000053,0.0,-20.90600000000053,2024,2024-11-06
h01_r60_t3,-1,1730863740000000000,1730898855000000000,2732.6634999999997,2681.3724999999977,0.6223535096795922,tp,51.291000000001986,102.44200000000397,0.0,102.44200000000397,2024,2024-11-06
h02_r15_t3,-1,1730860390000000000,1730874390000000000,2742.775,2725.692999999999,0.20751602336032782,tp,17.082000000001244,34.02400000000249,0.0,34.02400000000249,2024,2024-11-06
h04_r30_t3,1,1730867930000000000,1730873515000000000,2739.2174999999997,2733.2365,0.21858418771268032,sl,-5.980999999999767,-12.101999999999535,0.0,-12.101999999999535,2024,2024-11-06
h05_r60_t2,-1,1730872960000000000,1730874450000000000,2736.4705000000004,2721.8345000000018,0.2671670237472823,tp,14.635999999998603,29.131999999997205,0.0,29.131999999997205,2024,2024-11-06
h13_r30_t3,-1,1730899800000000000,1730929980000000000,2675.8835,2659.564,0.7225370623439388,forced_close,16.319500000000062,32.49900000000012,0.0,32.49900000000012,2024,2024-11-06
h14_r15_t2,1,1730902590000000000,1730903440000000000,2670.4505,2657.0995000000003,0.5001066627010613,sl,-13.350999999999658,-26.841999999999317,0.0,-26.841999999999317,2024,2024-11-06
h00_r30_t1,1,1730939430000000000,1730941200000000000,2664.2105,2660.9855,0.12110258553082694,sl,-3.225000000000364,-6.590000000000727,0.0,-6.590000000000727,2024,2024-11-07
h02_r15_t3,1,1730945730000000000,1730985145000000000,2656.7025000000003,2678.2575000000015,0.2706236604176041,tp,21.5550000000012,42.9700000000024,0.0,42.9700000000024,2024,2024-11-07
h04_r30_t3,-1,1730954550000000000,1730958625000000000,2656.4775,2659.7605000000003,0.1235289082290969,sl,-3.2830000000003565,-6.706000000000713,0.0,-6.706000000000713,2024,2024-11-07
h05_r60_t2,-1,1730959750000000000,1730963460000000000,2654.6875,2660.7805,0.22911307894247926,sl,-6.092999999999847,-12.325999999999695,0.0,-12.325999999999695,2024,2024-11-07
h06_r60_t3,1,1730963360000000000,1730985765000000000,2659.6065,2679.8055000000004,0.2533970846727572,tp,20.199000000000524,40.25800000000105,0.0,40.25800000000105,2024,2024-11-07
h13_r30_t3,1,1730986525000000000,1731016380000000000,2683.2535,2707.98,0.40353609645485705,forced_close,24.726500000000215,49.31300000000043,0.0,49.31300000000043,2024,2024-11-07
h14_r15_t2,1,1730989090000000000,1730992205000000000,2686.7915000000003,2695.5195000000012,0.16263037867650723,tp,8.728000000000975,17.31600000000195,0.0,17.31600000000195,2024,2024-11-07
h00_r30_t1,-1,1731026795000000000,1731027770000000000,2706.9494999999997,2703.4014999999995,0.13096235367550862,tp,3.548000000000229,6.956000000000459,0.0,6.956000000000459,2024,2024-11-08
h01_r60_t3,-1,1731031225000000000,1731102780000000000,2699.1205,2684.561,0.31592668649016176,forced_close,14.559499999999844,28.978999999999687,0.0,28.978999999999687,2024,2024-11-08
h02_r15_t3,1,1731032345000000000,1731036800000000000,2700.0535,2695.1765,0.18073127423700897,sl,-4.876999999999953,-9.893999999999906,0.0,-9.893999999999906,2024,2024-11-08
h04_r30_t3,-1,1731040210000000000,1731043315000000000,2693.8405000000002,2696.1895,0.08719468635802961,sl,-2.3489999999997053,-4.83799999999941,0.0,-4.83799999999941,2024,2024-11-08
h05_r60_t2,-1,1731045760000000000,1731046920000000000,2693.6594999999998,2688.1454999999987,0.10228994803694819,tp,5.514000000001033,10.888000000002066,0.0,10.888000000002066,2024,2024-11-08
h06_r60_t3,-1,1731049200000000000,1731072645000000000,2686.0465,2695.8424999999997,0.3646352224001202,sl,-9.795999999999822,-19.731999999999644,0.0,-19.731999999999644,2024,2024-11-08
h13_r30_t3,1,1731072645000000000,1731077125000000000,2695.6955,2687.9305,0.2881038702571572,sl,-7.764999999999873,-15.669999999999746,0.0,-15.669999999999746,2024,2024-11-08
h14_r15_t2,-1,1731076495000000000,1731102780000000000,2695.9545,2684.561,0.3031500837300716,forced_close,11.393499999999676,22.646999999999352,0.0,22.646999999999352,2024,2024-11-08
h00_r30_t1,-1,1731286910000000000,1731287105000000000,2682.6324999999997,2679.044499999999,0.13370246840918276,tp,3.5880000000006476,7.036000000001295,0.0,7.036000000001295,2024,2024-11-11
h01_r60_t3,-1,1731290520000000000,1731333625000000000,2671.9105,2632.7604999999994,0.4881943933960273,tp,39.150000000000546,78.16000000000109,0.0,78.16000000000109,2024,2024-11-11
h02_r15_t3,1,1731291360000000000,1731292260000000000,2674.3745,2671.3815,0.11195956737147096,sl,-2.992999999999938,-6.125999999999876,0.0,-6.125999999999876,2024,2024-11-11
h04_r30_t3,1,1731299510000000000,1731300605000000000,2670.9695,2669.5005,0.05500530488534543,sl,-1.469000000000051,-3.078000000000102,0.0,-3.078000000000102,2024,2024-11-11
h05_r60_t2,-1,1731316835000000000,1731320425000000000,2666.9764999999998,2674.3625,0.27670035760132417,sl,-7.386000000000422,-14.912000000000845,0.0,-14.912000000000845,2024,2024-11-11
h06_r60_t3,-1,1731313275000000000,1731320420000000000,2668.4525000000003,2674.1425,0.21284741776616073,sl,-5.6899999999996,-11.5199999999992,0.0,-11.5199999999992,2024,2024-11-11
h13_r30_t3,-1,1731331800000000000,1731333625000000000,2651.361,2632.686,0.2347810492280195,tp,18.674999999999727,37.209999999999454,0.0,37.209999999999454,2024,2024-11-11
h14_r15_t2,-1,1731335325000000000,1731349315000000000,2627.6165,2611.2605000000003,0.31063420770898853,tp,16.355999999999767,32.571999999999534,0.0,32.571999999999534,2024,2024-11-11
h00_r30_t1,1,1731371995000000000,1731374135000000000,2624.2105,2622.2754999999997,0.07374598946634392,sl,-1.9350000000004002,-4.0100000000008,0.0,-4.0100000000008,2024,2024-11-12
h01_r60_t3,-1,1731383490000000000,1731402495000000000,2619.2255,2595.183500000001,0.3053932547874763,tp,24.041999999999007,47.94399999999801,0.0,47.94399999999801,2024,2024-11-12
h02_r15_t3,1,1731378045000000000,1731379800000000000,2624.7385,2620.7415,0.15240691005379783,sl,-3.9969999999998436,-8.133999999999688,0.0,-8.133999999999688,2024,2024-11-12
h04_r30_t3,-1,1731386520000000000,1731391130000000000,2615.7875,2605.6565,0.12904120701866292,tp,10.130999999999858,20.121999999999716,0.0,20.121999999999716,2024,2024-11-12
h05_r60_t2,-1,1731391225000000000,1731448380000000000,2605.4205,2598.25,0.492147787799527,forced_close,7.170500000000175,14.201000000000349,0.0,14.201000000000349,2024,2024-11-12
h06_r60_t3,-1,1731396240000000000,1731417705000000000,2603.4515,2610.2065000000002,0.2590097927174003,sl,-6.755000000000109,-13.650000000000219,0.0,-13.650000000000219,2024,2024-11-12
h13_r30_t3,1,1731422310000000000,1731425260000000000,2616.4995,2604.4984999999997,0.4590186883448306,sl,-12.001000000000204,-24.142000000000408,0.0,-24.142000000000408,2024,2024-11-12
h14_r15_t2,1,1731421050000000000,1731423655000000000,2613.9055,2608.8914999999997,0.19184285261981326,sl,-5.014000000000124,-10.168000000000248,0.0,-10.168000000000248,2024,2024-11-12
h00_r30_t1,1,1731458255000000000,1731459665000000000,2599.7625,2601.4424999999997,0.06463851774644103,tp,1.6799999999998363,3.2199999999996725,0.0,3.2199999999996725,2024,2024-11-13
h01_r60_t3,1,1731466330000000000,1731510060000000000,2611.2675,2599.4695,0.452352063947344,sl,-11.797999999999774,-23.73599999999955,0.0,-23.73599999999955,2024,2024-11-13
h02_r15_t3,1,1731465720000000000,1731475900000000000,2608.5845,2605.2345,0.12850790620917246,sl,-3.349999999999909,-6.839999999999818,0.0,-6.839999999999818,2024,2024-11-13
h04_r30_t3,-1,1731472950000000000,1731499360000000000,2609.2715,2612.4845,0.12302513170256531,sl,-3.213000000000193,-6.566000000000385,0.0,-6.566000000000385,2024,2024-11-13
h05_r60_t2,-1,1731485400000000000,1731486810000000000,2603.5695,2608.0285000000003,0.17111252884095296,sl,-4.459000000000287,-9.058000000000575,0.0,-9.058000000000575,2024,2024-11-13
h06_r60_t3,1,1731482830000000000,1731485045000000000,2607.5405,2604.2805,0.1251192422840179,sl,-3.2600000000002183,-6.660000000000436,0.0,-6.660000000000436,2024,2024-11-13
h13_r30_t3,1,1731504600000000000,1731508650000000000,2611.0815000000002,2607.2264999999998,0.14776435973474755,sl,-3.855000000000473,-7.8500000000009456,0.0,-7.8500000000009456,2024,2024-11-13
h14_r15_t2,-1,1731508420000000000,1731510050000000000,2611.0335,2600.1694999999995,0.20766649494932082,tp,10.864000000000487,21.588000000000974,0.0,21.588000000000974,2024,2024-11-13
h00_r30_t1,-1,1731545300000000000,1731546170000000000,2571.0924999999997,2567.3224999999993,0.14647861713308075,tp,3.7700000000004366,7.400000000000873,0.0,7.400000000000873,2024,2024-11-14
h01_r60_t3,-1,1731549630000000000,1731598450000000000,2561.5795,2573.0245,0.44660809057189305,sl,-11.445000000000164,-23.030000000000328,0.0,-23.030000000000328,2024,2024-11-14
h02_r15_t3,1,1731550550000000000,1731551665000000000,2564.5585,2560.6025,0.1543273991795654,sl,-3.956000000000131,-8.052000000000263,0.0,-8.052000000000263,2024,2024-11-14
h04_r30_t3,1,1731559650000000000,1731561880000000000,2563.2025000000003,2559.3205,0.15146652724360835,sl,-3.8820000000005166,-7.904000000001033,0.0,-7.904000000001033,2024,2024-11-14
h05_r60_t2,-1,1731565905000000000,1731594925000000000,2555.3595,2565.2135,0.38512429091148553,sl,-9.853999999999814,-19.84799999999963,0.0,-19.84799999999963,2024,2024-11-14
h06_r60_t3,-1,1731568380000000000,1731593880000000000,2551.9725,2560.5945,0.3374458651238152,sl,-8.622000000000298,-17.384000000000597,0.0,-17.384000000000597,2024,2024-11-14
h13_r30_t3,1,1731591325000000000,1731601125000000000,2557.1555,2574.810499999999,0.2302614396602446,tp,17.65499999999929,35.16999999999858,0.0,35.16999999999858,2024,2024-11-14
h14_r15_t2,1,1731593755000000000,1731597065000000000,2558.7745,2567.6765,0.17401493025426165,tp,8.902000000000044,17.664000000000087,0.0,17.664000000000087,2024,2024-11-14
h00_r30_t1,1,1731630880000000000,1731632715000000000,2567.5434999999998,2569.1654999999996,0.06319700067501735,tp,1.6219999999998436,3.103999999999687,0.0,3.103999999999687,2024,2024-11-15
h01_r60_t3,-1,1731649815000000000,1731670640000000000,2563.1065,2571.7574999999997,0.33724945797801353,sl,-8.65099999999984,-17.44199999999968,0.0,-17.44199999999968,2024,2024-11-15
h02_r15_t3,1,1731636965000000000,1731648685000000000,2568.9485,2564.9235,0.1567178722034899,sl,-4.025000000000091,-8.190000000000182,0.0,-8.190000000000182,2024,2024-11-15
h04_r30_t3,1,1731645065000000000,1731646425000000000,2568.6575000000003,2567.3244999999997,0.05190168271642966,sl,-1.3330000000005384,-2.806000000001077,0.0,-2.806000000001077,2024,2024-11-15
h05_r60_t2,-1,1731650400000000000,1731660150000000000,2559.8395,2567.3075,0.29171083050674396,sl,-7.467999999999847,-15.075999999999695,0.0,-15.075999999999695,2024,2024-11-15
h06_r60_t3,1,1731655135000000000,1731707580000000000,2563.6525,2561.758,0.35837557486976346,forced_close,-1.8945000000003347,-3.9290000000006695,0.0,-3.9290000000006695,2024,2024-11-15
h13_r30_t3,-1,1731677400000000000,1731683200000000000,2568.6965,2575.8244999999997,0.27726944829485717,sl,-7.127999999999702,-14.395999999999404,0.0,-14.395999999999404,2024,2024-11-15
h14_r15_t2,1,1731680440000000000,1731688450000000000,2572.8415,2564.2664999999997,0.33342490367132016,sl,-8.575000000000273,-17.290000000000546,0.0,-17.290000000000546,2024,2024-11-15
h00_r30_t1,1,1731890835000000000,1731891210000000000,2573.4825,2577.0195000000003,0.13755717207812104,tp,3.537000000000262,6.934000000000524,0.0,6.934000000000524,2024,2024-11-18
h02_r15_t3,-1,1731907930000000000,1731923295000000000,2586.9015,2595.2155000000002,0.3207473250641545,sl,-8.314000000000306,-16.76800000000061,0.0,-16.76800000000061,2024,2024-11-18
h04_r30_t3,1,1731904210000000000,1731906905000000000,2591.9435000000003,2589.3355,0.10062844547765906,sl,-2.6080000000001746,-5.356000000000349,0.0,-5.356000000000349,2024,2024-11-18
h05_r60_t2,-1,1731909605000000000,1731922235000000000,2585.1575000000003,2592.4625,0.2825187055035393,sl,-7.304999999999836,-14.749999999999673,0.0,-14.749999999999673,2024,2024-11-18
h06_r60_t3,1,1731917890000000000,1731940795000000000,2587.8055,2609.7925000000005,0.28340415214731823,tp,21.987000000000535,43.83400000000107,0.0,43.83400000000107,2024,2024-11-18
h13_r30_t3,1,1731936605000000000,1731966780000000000,2599.7505,2612.124,0.2617416806216657,forced_close,12.373499999999694,24.60699999999939,0.0,24.60699999999939,2024,2024-11-18
h14_r15_t2,1,1731939300000000000,1731966780000000000,2607.7974999999997,2612.124,0.19343357441583536,forced_close,4.326500000000124,8.513000000000247,0.0,8.513000000000247,2024,2024-11-18
h00_r30_t1,1,1731976245000000000,1731978030000000000,2612.8955,2614.6545,0.0673315739339157,tp,1.7590000000000146,3.378000000000029,0.0,3.378000000000029,2024,2024-11-19
h01_r60_t3,1,1731981965000000000,1732019520000000000,2617.8935,2636.7335000000007,0.24008846571810818,tp,18.8400000000006,37.5400000000012,0.0,37.5400000000012,2024,2024-11-19
h02_r15_t3,1,1731983370000000000,1732008195000000000,2619.3145,2630.1175000000003,0.1375264450063259,tp,10.803000000000338,21.466000000000676,0.0,21.466000000000676,2024,2024-11-19
h04_r30_t3,-1,1731990640000000000,1731991635000000000,2621.8105,2624.5895,0.10598126774418724,sl,-2.7789999999999964,-5.697999999999992,0.0,-5.697999999999992,2024,2024-11-19
h05_r60_t2,1,1731996060000000000,1732000035000000000,2623.5455,2620.9055,0.10066363646244061,sl,-2.6400000000003274,-5.4200000000006545,0.0,-5.4200000000006545,2024,2024-11-19
h06_r60_t3,-1,1732000025000000000,1732005830000000000,2621.4505,2626.6835,0.19933791471514828,sl,-5.233000000000175,-10.60600000000035,0.0,-10.60600000000035,2024,2024-11-19
h13_r30_t3,-1,1732023010000000000,1732053180000000000,2629.623,2632.782,0.37749607135300123,forced_close,-3.1590000000001055,-6.458000000000211,0.0,-6.458000000000211,2024,2024-11-19
h14_r15_t2,-1,1732025765000000000,1732053180000000000,2629.9004999999997,2632.782,0.26936515935601146,forced_close,-2.8815000000004147,-5.903000000000829,0.0,-5.903000000000829,2024,2024-11-19
h00_r30_t1,1,1732062880000000000,1732064495000000000,2638.0645,2641.3635,0.12506228947389786,tp,3.298999999999978,6.457999999999957,0.0,6.457999999999957,2024,2024-11-20
h01_r60_t3,1,1732068850000000000,1732078875000000000,2641.5675,2635.8514999999998,0.21654094777579938,sl,-5.716000000000349,-11.572000000000699,0.0,-11.572000000000699,2024,2024-11-20
h02_r15_t3,1,1732069765000000000,1732074945000000000,2641.7185,2638.4535,0.12361821621374527,sl,-3.2649999999998727,-6.669999999999745,0.0,-6.669999999999745,2024,2024-11-20
h04_r30_t3,-1,1732077005000000000,1732083210000000000,2636.85,2630.897999999999,0.07523585625629861,tp,5.952000000001135,11.76400000000227,0.0,11.76400000000227,2024,2024-11-20
h05_r60_t2,-1,1732082555000000000,1732086455000000000,2634.9674999999997,2627.767499999999,0.1365222141552058,tp,7.200000000000728,14.260000000001455,0.0,14.260000000001455,2024,2024-11-20
h06_r60_t3,-1,1732086270000000000,1732108865000000000,2628.6005,2637.1655,0.3257152472954532,sl,-8.565000000000055,-17.27000000000011,0.0,-17.27000000000011,2024,2024-11-20
h13_r30_t3,1,1732112475000000000,1732139580000000000,2640.5545,2649.889,0.35296644411331396,forced_close,9.334499999999935,18.52899999999987,0.0,18.52899999999987,2024,2024-11-20
h14_r15_t2,1,1732112470000000000,1732120305000000000,2639.4845,2650.0425,0.20005665555977667,tp,10.557999999999993,20.975999999999985,0.0,20.975999999999985,2024,2024-11-20
h00_r30_t1,1,1732149120000000000,1732149785000000000,2654.9485,2658.0415000000003,0.11654293635072535,tp,3.093000000000302,6.046000000000604,0.0,6.046000000000604,2024,2024-11-21
h01_r60_t3,-1,1732158080000000000,1732169880000000000,2651.8865,2660.5455,0.3263350993015624,sl,-8.659000000000106,-17.45800000000021,0.0,-17.45800000000021,2024,2024-11-21
h02_r15_t3,-1,1732158055000000000,1732164160000000000,2652.5995000000003,2658.2865,0.2140786346548739,sl,-5.686999999999898,-11.513999999999797,0.0,-11.513999999999797,2024,2024-11-21
h05_r60_t2,1,1732169470000000000,1732177275000000000,2658.2425000000003,2665.344500000001,0.13365061711320259,tp,7.102000000000771,14.064000000001542,0.0,14.064000000001542,2024,2024-11-21
h06_r60_t3,1,1732173785000000000,1732225980000000000,2662.3125,2670.151,0.21397776397180712,forced_close,7.83849999999984,15.53699999999968,0.0,15.53699999999968,2024,2024-11-21
h13_r30_t3,1,1732197745000000000,1732225980000000000,2667.8015,2670.151,0.275385506880968,forced_close,2.349499999999807,4.558999999999615,0.0,4.558999999999615,2024,2024-11-21
h14_r15_t2,1,1732198545000000000,1732200190000000000,2669.5995000000003,2665.5005,0.15357486812288015,sl,-4.09900000000016,-8.33800000000032,0.0,-8.33800000000032,2024,2024-11-21
h00_r30_t1,1,1732235400000000000,1732237975000000000,2673.5455,2678.1675000000005,0.17291099703841464,tp,4.622000000000298,9.104000000000596,0.0,9.104000000000596,2024,2024-11-22
h01_r60_t3,1,1732241180000000000,1732261855000000000,2679.5205,2698.6815000000006,0.23850524761957503,tp,19.161000000000513,38.182000000001025,0.0,38.182000000001025,2024,2024-11-22
h02_r15_t3,1,1732242030000000000,1732245645000000000,2680.5425,2690.0615000000007,0.11840782708203929,tp,9.519000000000688,18.898000000001375,0.0,18.898000000001375,2024,2024-11-22
h04_r30_t3,-1,1732249800000000000,1732250845000000000,2684.1265000000003,2687.1885,0.11405598465197926,sl,-3.061999999999898,-6.263999999999796,0.0,-6.263999999999796,2024,2024-11-22
h05_r60_t2,1,1732255555000000000,1732268100000000000,2689.1935000000003,2701.2975000000015,0.22525804459121412,tp,12.104000000001179,24.068000000002357,0.0,24.068000000002357,2024,2024-11-22
h06_r60_t3,1,1732258810000000000,1732285880000000000,2693.3315000000002,2685.9314999999997,0.27479204462179224,sl,-7.400000000000546,-14.940000000001092,0.0,-14.940000000001092,2024,2024-11-22
h13_r30_t3,-1,1732282200000000000,1732290130000000000,2690.9935,2704.2435,0.49227088273457403,sl,-13.25,-26.64,0.0,-26.64,2024,2024-11-22
h14_r15_t2,-1,1732284900000000000,1732287035000000000,2689.5605,2693.7945,0.15740540572692927,sl,-4.233999999999924,-8.607999999999848,0.0,-8.607999999999848,2024,2024-11-22
h00_r30_t1,-1,1732494655000000000,1732495525000000000,2715.9815,2711.7405,0.15610463538009733,tp,4.2409999999999854,8.34199999999997,0.0,8.34199999999997,2024,2024-11-25
h01_r60_t3,-1,1732502975000000000,1732544425000000000,2694.9345000000003,2645.9505000000017,0.6044522826791556,tp,48.98399999999856,97.82799999999712,0.0,97.82799999999712,2024,2024-11-25
h02_r15_t3,-1,1732502280000000000,1732505185000000000,2699.5265,2684.427499999999,0.18626891302116508,tp,15.09900000000107,30.05800000000214,0.0,30.05800000000214,2024,2024-11-25
h04_r30_t3,-1,1732512760000000000,1732532125000000000,2663.9055,2676.4545,0.46976204001530975,sl,-12.548999999999978,-25.237999999999957,0.0,-25.237999999999957,2024,2024-11-25
h05_r60_t2,1,1732525385000000000,1732544115000000000,2674.1065,2658.2725,0.5942042011220167,sl,-15.833999999999833,-31.807999999999666,0.0,-31.807999999999666,2024,2024-11-25
h06_r60_t3,1,1732519110000000000,1732543855000000000,2670.1785,2661.7095,0.3175602493611036,sl,-8.469000000000051,-17.078000000000102,0.0,-17.078000000000102,2024,2024-11-25
h13_r30_t3,1,1732541415000000000,1732543250000000000,2687.1144999999997,2676.6885,0.38821799710268123,sl,-10.425999999999476,-20.991999999998953,0.0,-20.991999999998953,2024,2024-11-25
h14_r15_t2,-1,1732544115000000000,1732558665000000000,2659.7165,2621.5484999999994,0.7172388184651897,tp,38.168000000000575,76.19600000000115,0.0,76.19600000000115,2024,2024-11-25
h00_r30_t1,1,1732581015000000000,1732626345000000000,2624.1324999999997,2639.7334999999994,0.5949821430988939,tp,15.600999999999658,31.061999999999315,0.0,31.061999999999315,2024,2024-11-26
h01_r60_t3,-1,1732599265000000000,1732617315000000000,2618.1005,2632.2965,0.5401428776077527,sl,-14.195999999999913,-28.531999999999826,0.0,-28.531999999999826,2024,2024-11-26
h02_r15_t3,1,1732587505000000000,1732588930000000000,2629.5755,2627.1605,0.09187936676664195,sl,-2.4149999999999636,-4.969999999999927,0.0,-4.969999999999927,2024,2024-11-26
h04_r30_t3,-1,1732595450000000000,1732605925000000000,2628.0834999999997,2617.7514999999985,0.13103848570649074,tp,10.332000000001244,20.524000000002488,0.0,20.524000000002488,2024,2024-11-26
h05_r60_t2,-1,1732605925000000000,1732613980000000000,2617.8875,2626.6195,0.3327252549404374,sl,-8.731999999999971,-17.603999999999942,0.0,-17.603999999999942,2024,2024-11-26
h06_r60_t3,-1,1732604595000000000,1732613905000000000,2621.1485000000002,2626.0915,0.18850507996973379,sl,-4.942999999999756,-10.025999999999513,0.0,-10.025999999999513,2024,2024-11-26
h13_r30_t3,-1,1732627855000000000,1732657980000000000,2630.0834999999997,2632.725,0.4553714172970207,forced_close,-2.6415000000001783,-5.423000000000356,0.0,-5.423000000000356,2024,2024-11-26
h14_r15_t2,1,1732630870000000000,1732631460000000000,2632.6955,2626.7225,0.22693100792054777,sl,-5.972999999999956,-12.085999999999913,0.0,-12.085999999999913,2024,2024-11-26
h00_r30_t1,-1,1732667400000000000,1732672940000000000,2629.3845,2633.2264999999998,0.14611378963149788,sl,-3.8419999999996435,-7.823999999999287,0.0,-7.823999999999287,2024,2024-11-27
h01_r60_t3,1,1732672940000000000,1732697400000000000,2632.8205,2649.9925000000003,0.21752129468492798,tp,17.17200000000048,34.20400000000096,0.0,34.20400000000096,2024,2024-11-27
h02_r15_t3,1,1732674120000000000,1732695610000000000,2635.7394999999997,2649.377499999998,0.1725559710875512,tp,13.637999999998101,27.1359999999962,0.0,27.1359999999962,2024,2024-11-27
h04_r30_t3,1,1732681840000000000,1732697645000000000,2640.3595,2651.531499999999,0.14104925266431037,tp,11.171999999999116,22.20399999999823,0.0,22.20399999999823,2024,2024-11-27
h05_r60_t2,1,1732690500000000000,1732720505000000000,2645.8145,2638.2015,0.2881415174910693,sl,-7.612999999999829,-15.365999999999659,0.0,-15.365999999999659,2024,2024-11-27
h06_r60_t3,1,1732690810000000000,1732720500000000000,2648.0825,2639.0065,0.342782319064397,sl,-9.076000000000022,-18.292000000000044,0.0,-18.292000000000044,2024,2024-11-27
h13_r30_t3,1,1732715110000000000,1732719700000000000,2653.6295,2645.8545,0.29353795540148875,sl,-7.775000000000091,-15.690000000000182,0.0,-15.690000000000182,2024,2024-11-27
h14_r15_t2,-1,1732717600000000000,1732744380000000000,2649.2365,2635.792,0.2919211326343811,forced_close,13.444500000000062,26.749000000000123,0.0,26.749000000000123,2024,2024-11-27
h00_r30_t1,1,1732753800000000000,1732755600000000000,2637.3675000000003,2635.1515,0.08403085707114728,sl,-2.2160000000003492,-4.572000000000698,0.0,-4.572000000000698,2024,2024-11-28
h02_r15_t3,-1,1732760915000000000,1732764100000000000,2627.2275,2630.2574999999997,0.11528730604954901,sl,-3.0299999999997453,-6.19999999999949,0.0,-6.19999999999949,2024,2024-11-28
h04_r30_t3,1,1732773380000000000,1732790325000000000,2634.1375,2648.4145,0.18070668502718534,tp,14.277000000000044,28.414000000000087,0.0,28.414000000000087,2024,2024-11-28
h05_r60_t2,1,1732775005000000000,1732783920000000000,2634.1845000000003,2642.210500000001,0.15238649285317124,tp,8.02600000000075,15.912000000001498,0.0,15.912000000001498,2024,2024-11-28
h06_r60_t3,1,1732782815000000000,1732817695000000000,2639.6615,2640.658,0.29383984931797347,forced_close,0.9964999999997417,1.8529999999994833,0.0,1.8529999999994833,2024,2024-11-28
h13_r30_t3,1,1732801410000000000,1732805430000000000,2646.9905,2642.8244999999997,0.15749683616983903,sl,-4.166000000000167,-8.472000000000335,0.0,-8.472000000000335,2024,2024-11-28
h14_r15_t2,-1,1732803305000000000,1732805800000000000,2645.9785,2641.8245000000006,0.07848799694814221,tp,4.153999999999542,8.167999999999083,0.0,8.167999999999083,2024,2024-11-28
h00_r30_t1,1,1732840595000000000,1732841570000000000,2639.1125,2636.2995,0.10665485741216574,sl,-2.813000000000102,-5.766000000000203,0.0,-5.766000000000203,2024,2024-11-29
h01_r60_t3,1,1732845830000000000,1732904995000000000,2647.2915000000003,2655.291,0.5006416810853583,forced_close,7.999499999999898,15.858999999999796,0.0,15.858999999999796,2024,2024-11-29
h02_r15_t3,1,1732846510000000000,1732904995000000000,2656.7435,2655.291,0.44838044163836205,forced_close,-1.4524999999998727,-3.0449999999997455,0.0,-3.0449999999997455,2024,2024-11-29
h04_r30_t3,-1,1732854670000000000,1732855215000000000,2659.1035,2660.7934999999998,0.06354679478801974,sl,-1.6899999999995998,-3.5199999999991998,0.0,-3.5199999999991998,2024,2024-11-29
h05_r60_t2,1,1732860420000000000,1732865670000000000,2664.1375,2659.3985000000002,0.17799338468560463,sl,-4.738999999999578,-9.617999999999157,0.0,-9.617999999999157,2024,2024-11-29
h06_r60_t3,-1,1732864210000000000,1732904995000000000,2661.7195,2655.328,0.17795820814881771,forced_close,6.391500000000178,12.643000000000356,0.0,12.643000000000356,2024,2024-11-29
h13_r30_t3,-1,1732888515000000000,1732904995000000000,2656.3405000000002,2655.328,0.26395655741599955,forced_close,1.0125000000002728,1.8850000000005456,0.0,1.8850000000005456,2024,2024-11-29
h14_r15_t2,-1,1732890245000000000,1732904995000000000,2657.9745000000003,2655.328,0.1813093111656065,forced_close,2.6465000000002874,5.153000000000575,0.0,5.153000000000575,2024,2024-11-29
h00_r30_t1,-1,1733099645000000000,1733100050000000000,2643.1585,2638.5645,0.173745878310189,tp,4.594000000000051,9.048000000000101,0.0,9.048000000000101,2024,2024-12-02
h01_r60_t3,-1,1733116720000000000,1733137960000000000,2622.9775,2639.3125,0.6196960928417433,sl,-16.335000000000036,-32.81000000000007,0.0,-32.81000000000007,2024,2024-12-02
h02_r15_t3,-1,1733105760000000000,1733137330000000000,2630.4155,2638.1605,0.2942164715258625,sl,-7.744999999999891,-15.629999999999782,0.0,-15.629999999999782,2024,2024-12-02
h04_r30_t3,1,1733113875000000000,1733114855000000000,2629.9905,2626.9255000000003,0.11659638231666931,sl,-3.0649999999996,-6.269999999999199,0.0,-6.269999999999199,2024,2024-12-02
h05_r60_t2,-1,1733119550000000000,1733123390000000000,2621.8975,2628.8755,0.2660021061359102,sl,-6.9780000000000655,-14.096000000000132,0.0,-14.096000000000132,2024,2024-12-02
h06_r60_t3,1,1733123290000000000,1733139325000000000,2627.7765,2645.4045000000006,0.22375722113029015,tp,17.62800000000061,35.11600000000122,0.0,35.11600000000122,2024,2024-12-02
h13_r30_t3,1,1733146930000000000,1733162600000000000,2647.2505,2637.1285,0.3827162150946912,sl,-10.122000000000298,-20.384000000000597,0.0,-20.384000000000597,2024,2024-12-02
h14_r15_t2,-1,1733150730000000000,1733176380000000000,2644.6684999999998,2639.005,0.2718061224470521,forced_close,5.663499999999658,11.186999999999315,0.0,11.186999999999315,2024,2024-12-02
h00_r30_t1,1,1733186015000000000,1733187420000000000,2644.4044999999996,2640.7965,0.1364884303546683,sl,-3.60799999999972,-7.355999999999439,0.0,-7.355999999999439,2024,2024-12-03
h02_r15_t3,-1,1733192415000000000,1733195920000000000,2635.505,2639.1755000000003,0.1378053363183736,sl,-3.6705000000001746,-7.481000000000349,0.0,-7.481000000000349,2024,2024-12-03
h04_r30_t3,-1,1733200600000000000,1733205730000000000,2640.2574999999997,2643.0834999999997,0.10699278896618963,sl,-2.826000000000022,-5.792000000000043,0.0,-5.792000000000043,2024,2024-12-03
h05_r60_t2,1,1733205650000000000,1733234100000000000,2642.0645,2651.8745000000004,0.18570896622198868,tp,9.8100000000004,19.4800000000008,0.0,19.4800000000008,2024,2024-12-03
h06_r60_t3,-1,1733213175000000000,1733233760000000000,2641.2645,2650.1455,0.3355134846688871,sl,-8.880999999999858,-17.901999999999717,0.0,-17.901999999999717,2024,2024-12-03
h13_r30_t3,1,1733232635000000000,1733239195000000000,2646.8235,2637.7615,0.342428548459285,sl,-9.061999999999898,-18.263999999999797,0.0,-18.263999999999797,2024,2024-12-03
h14_r15_t2,1,1733236300000000000,1733236505000000000,2654.6935000000003,2649.9645,0.1782835953267858,sl,-4.729000000000269,-9.598000000000539,0.0,-9.598000000000539,2024,2024-12-03
h00_r30_t1,-1,1733272360000000000,1733272840000000000,2642.1315,2640.6195,0.05721534937974781,tp,1.512000000000171,2.884000000000342,0.0,2.884000000000342,2024,2024-12-04
h01_r60_t3,1,1733277670000000000,1733301310000000000,2643.4305,2637.6814999999997,0.21757382665206526,sl,-5.749000000000251,-11.638000000000503,0.0,-11.638000000000503,2024,2024-12-04
h02_r15_t3,1,1733288350000000000,1733298145000000000,2648.1735,2642.0595000000003,0.23114704547459253,sl,-6.113999999999578,-12.367999999999157,0.0,-12.367999999999157,2024,2024-12-04
h04_r30_t3,1,1733287355000000000,1733297590000000000,2646.6795,2643.7585,0.11040462482366448,sl,-2.9210000000002765,-5.982000000000553,0.0,-5.982000000000553,2024,2024-12-04
h05_r60_t2,-1,1733293260000000000,1733294890000000000,2647.6245,2651.2155000000002,0.13552076145233832,sl,-3.5910000000003492,-7.322000000000698,0.0,-7.322000000000698,2024,2024-12-04
h06_r60_t3,-1,1733296420000000000,1733317405000000000,2647.4205,2635.2345000000005,0.1533250530758677,tp,12.185999999999694,24.23199999999939,0.0,24.23199999999939,2024,2024-12-04
h13_r30_t3,1,1733319010000000000,1733349180000000000,2645.8535,2649.853,0.5082032503005994,forced_close,3.999499999999898,7.858999999999797,0.0,7.858999999999797,2024,2024-12-04
h14_r15_t2,-1,1733321835000000000,1733322290000000000,2647.5455,2650.321,0.10477912481210593,sl,-2.775499999999738,-5.690999999999476,0.0,-5.690999999999476,2024,2024-12-04
h00_r30_t1,-1,1733360030000000000,1733361240000000000,2648.2345,2650.5535,0.0875551112986288,sl,-2.31899999999996,-4.77799999999992,0.0,-4.77799999999992,2024,2024-12-05
h01_r60_t3,-1,1733364360000000000,1733376785000000000,2646.2465,2650.7965,0.17188267628503465,sl,-4.549999999999727,-9.239999999999455,0.0,-9.239999999999455,2024,2024-12-05
h02_r15_t3,1,1733366115000000000,1733367795000000000,2647.5905000000002,2645.3385,0.08506525037307298,sl,-2.2520000000004075,-4.644000000000815,0.0,-4.644000000000815,2024,2024-12-05
h04_r30_t3,-1,1733373365000000000,1733376750000000000,2647.3145,2649.7325,0.09131652713957475,sl,-2.41800000000012,-4.97600000000024,0.0,-4.97600000000024,2024,2024-12-05
h05_r60_t2,-1,1733382050000000000,1733419625000000000,2645.5805,2625.5465000000004,0.37753207392572585,tp,20.03399999999965,39.9279999999993,0.0,39.9279999999993,2024,2024-12-05
h06_r60_t3,-1,1733382005000000000,1733403605000000000,2646.6455,2654.2465,0.2871507681311423,sl,-7.601000000000113,-15.342000000000226,0.0,-15.342000000000226,2024,2024-12-05
h13_r30_t3,-1,1733406000000000000,1733435580000000000,2646.2055,2632.157,0.31699294868222705,forced_close,14.048499999999876,27.956999999999752,0.0,27.956999999999752,2024,2024-12-05
h14_r15_t2,-1,1733408500000000000,1733411350000000000,2646.2875,2638.1775000000002,0.153101109218474,tp,8.109999999999673,16.079999999999345,0.0,16.079999999999345,2024,2024-12-05
h00_r30_t1,-1,1733446270000000000,1733446770000000000,2631.3424999999997,2628.8194999999996,0.09586651186676334,tp,2.5230000000001382,4.906000000000277,0.0,4.906000000000277,2024,2024-12-06
h01_r60_t3,1,1733455225000000000,1733521980000000000,2630.5875,2633.041,0.6714715510870497,forced_close,2.4535000000000764,4.767000000000153,0.0,4.767000000000153,2024,2024-12-06
h02_r15_t3,1,1733452200000000000,1733456220000000000,2622.4705000000004,2639.045500000002,0.21082704683968523,tp,16.575000000001637,33.010000000003274,0.0,33.010000000003274,2024,2024-12-06
h04_r30_t3,-1,1733463145000000000,1733475520000000000,2640.1765,2644.6565,0.16956103184700666,sl,-4.480000000000018,-9.100000000000037,0.0,-9.100000000000037,2024,2024-12-06
h05_r60_t2,1,1733474740000000000,1733481660000000000,2642.7765,2635.3925,0.2799056796706186,sl,-7.3840000000000146,-14.90800000000003,0.0,-14.90800000000003,2024,2024-12-06
h06_r60_t3,-1,1733470075000000000,1733474720000000000,2636.4355,2642.3845,0.22538790759209712,sl,-5.949000000000069,-12.038000000000139,0.0,-12.038000000000139,2024,2024-12-06
h13_r30_t3,1,1733491800000000000,1733491895000000000,2639.7535,2634.0305,0.21716012760955786,sl,-5.722999999999956,-11.585999999999913,0.0,-11.585999999999913,2024,2024-12-06
h14_r15_t2,1,1733497630000000000,1733521980000000000,2639.0155,2633.041,0.5678224196639133,forced_close,-5.974499999999807,-12.088999999999615,0.0,-12.088999999999615,2024,2024-12-06
h00_r30_t1,-1,1733704205000000000,1733706665000000000,2630.8445,2640.1435,0.35341859998878733,sl,-9.298999999999978,-18.737999999999957,0.0,-18.737999999999957,2024,2024-12-09
h02_r15_t3,-1,1733710605000000000,1733718535000000000,2645.5505000000003,2636.0825000000004,0.11927340726445151,tp,9.467999999999847,18.795999999999694,0.0,18.795999999999694,2024,2024-12-09
h04_r30_t3,-1,1733718625000000000,1733722785000000000,2636.0155,2639.4435000000003,0.13002517625752186,sl,-3.4280000000003383,-6.996000000000676,0.0,-6.996000000000676,2024,2024-12-09
h05_r60_t2,1,1733724525000000000,1733729610000000000,2640.4725,2649.5324999999993,0.1716917454739894,tp,9.05999999999949,17.97999999999898,0.0,17.97999999999898,2024,2024-12-09
h06_r60_t3,1,1733727790000000000,1733752090000000000,2644.6465,2664.0174999999995,0.24422259620684827,tp,19.37099999999964,38.60199999999928,0.0,38.60199999999928,2024,2024-12-09
h13_r30_t3,1,1733751105000000000,1733754735000000000,2658.7484999999997,2670.6764999999987,0.14966433744639207,tp,11.927999999998974,23.715999999997948,0.0,23.715999999997948,2024,2024-12-09
h14_r15_t2,1,1733753725000000000,1733756105000000000,2666.7095,2674.7214999999997,0.1502419679522503,tp,8.011999999999716,15.883999999999432,0.0,15.883999999999432,2024,2024-12-09
h00_r30_t1,1,1733790605000000000,1733792215000000000,2660.8334999999997,2663.6285,0.10507062569275931,tp,2.7950000000000728,5.450000000000146,0.0,5.450000000000146,2024,2024-12-10
h01_r60_t3,1,1733796255000000000,1733850020000000000,2668.7425000000003,2693.0245000000004,0.3034278461964979,tp,24.282000000000153,48.424000000000305,0.0,48.424000000000305,2024,2024-12-10
h02_r15_t3,1,1733798125000000000,1733800685000000000,2670.958,2666.2505,0.17631492806594243,sl,-4.707499999999982,-9.554999999999964,0.0,-9.554999999999964,2024,2024-12-10
h04_r30_t3,-1,1733806830000000000,1733827185000000000,2669.649,2673.9404999999997,0.15967705259965065,sl,-4.2914999999998145,-8.72299999999963,0.0,-8.72299999999963,2024,2024-12-10
h05_r60_t2,-1,1733810460000000000,1733819025000000000,2668.3525,2661.5344999999998,0.12772475895183663,tp,6.818000000000211,13.496000000000421,0.0,13.496000000000421,2024,2024-12-10
h06_r60_t3,-1,1733817080000000000,1733827040000000000,2665.7655,2671.0654999999997,0.1984966314559757,sl,-5.299999999999727,-10.739999999999455,0.0,-10.739999999999455,2024,2024-12-10
h13_r30_t3,1,1733838315000000000,1733853225000000000,2677.9894999999997,2694.7924999999987,0.2093941756566899,tp,16.802999999998974,33.46599999999795,0.0,33.46599999999795,2024,2024-12-10
h14_r15_t2,1,1733840100000000000,1733841300000000000,2682.4984999999997,2688.348499999999,0.10904712755884591,tp,5.849999999999454,11.559999999998908,0.0,11.559999999998908,2024,2024-12-10
h00_r30_t1,1,1733877220000000000,1733880170000000000,2698.6295,2703.7635,0.19030430340155097,tp,5.1340000000000146,10.128000000000029,0.0,10.128000000000029,2024,2024-12-11
h01_r60_t3,1,1733884215000000000,1733888450000000000,2703.8895,2696.6915,0.266588593763698,sl,-7.19800000000032,-14.53600000000064,0.0,-14.53600000000064,2024,2024-12-11
h02_r15_t3,1,1733883635000000000,1733884995000000000,2701.0355,2699.6265000000003,0.05218103969146343,sl,-1.4089999999996508,-2.9579999999993016,0.0,-2.9579999999993016,2024,2024-12-11
h04_r30_t3,-1,1733891460000000000,1733891840000000000,2694.0924999999997,2687.339499999999,0.08354812674596762,tp,6.753000000000611,13.366000000001222,0.0,13.366000000001222,2024,2024-12-11
h05_r60_t2,1,1733896925000000000,1733953980000000000,2693.7765,2718.487,0.6743062001023216,forced_close,24.71050000000014,49.281000000000276,0.0,49.281000000000276,2024,2024-12-11
h06_r60_t3,-1,1733908260000000000,1733911950000000000,2686.7174999999997,2698.3215,0.43033218908138765,sl,-11.60400000000027,-23.34800000000054,0.0,-23.34800000000054,2024,2024-12-11
h13_r30_t3,1,1733923805000000000,1733941255000000000,2698.1745,2720.5215000000003,0.2764036651222497,tp,22.347000000000207,44.554000000000414,0.0,44.554000000000414,2024,2024-12-11
h14_r15_t2,-1,1733927450000000000,1733928770000000000,2698.7925,2704.4195,0.20824948488137063,sl,-5.626999999999953,-11.393999999999906,0.0,-11.393999999999906,2024,2024-12-11
h00_r30_t1,1,1733963485000000000,1733965200000000000,2721.7255,2724.5344999999998,0.10322737123909566,tp,2.8089999999997417,5.477999999999484,0.0,5.477999999999484,2024,2024-12-12
h02_r15_t3,-1,1733971345000000000,1733975900000000000,2705.2794999999996,2711.5315,0.23081826218438206,sl,-6.2520000000004075,-12.644000000000815,0.0,-12.644000000000815,2024,2024-12-12
h04_r30_t3,1,1733977810000000000,1734001255000000000,2713.2815,2709.7685,0.12949087380537186,sl,-3.51299999999992,-7.16599999999984,0.0,-7.16599999999984,2024,2024-12-12
h05_r60_t2,-1,1733983925000000000,1733986235000000000,2711.6575000000003,2716.3805,0.17403990167832453,sl,-4.722999999999956,-9.585999999999913,0.0,-9.585999999999913,2024,2024-12-12
h06_r60_t3,1,1733986800000000000,1733998235000000000,2718.5955000000004,2710.1555,0.31046333157688005,sl,-8.44000000000051,-17.02000000000102,0.0,-17.02000000000102,2024,2024-12-12
h13_r30_t3,1,1734010200000000000,1734011705000000000,2709.2105,2701.4425,0.28679895920923637,sl,-7.768000000000029,-15.676000000000059,0.0,-15.676000000000059,2024,2024-12-12
h14_r15_t2,-1,1734012965000000000,1734040380000000000,2689.8285,2681.262,0.36484339737325416,forced_close,8.566499999999905,16.99299999999981,0.0,16.99299999999981,2024,2024-12-12
h00_r30_t1,1,1734050325000000000,1734051445000000000,2681.702,2684.451,0.10254059333664428,tp,2.7489999999997963,5.357999999999593,0.0,5.357999999999593,2024,2024-12-13
h01_r60_t3,-1,1734056115000000000,1734096760000000000,2685.3135,2662.6785,0.28048019547741293,tp,22.63500000000022,45.130000000000436,0.0,45.130000000000436,2024,2024-12-13
h02_r15_t3,-1,1734056115000000000,1734057305000000000,2686.0025,2690.2425000000003,0.15782766596147613,sl,-4.2400000000002365,-8.620000000000474,0.0,-8.620000000000474,2024,2024-12-13
h04_r30_t3,-1,1734064425000000000,1734068535000000000,2685.901,2688.7304999999997,0.09726629252259156,sl,-2.8294999999998254,-5.79899999999965,0.0,-5.79899999999965,2024,2024-12-13
h05_r60_t2,-1,1734071255000000000,1734072710000000000,2685.116,2689.4935,0.16109777102208298,sl,-4.377500000000055,-8.89500000000011,0.0,-8.89500000000011,2024,2024-12-13
h06_r60_t3,-1,1734074855000000000,1734097635000000000,2683.4044999999996,2661.7954999999984,0.26780291742707796,tp,21.609000000001288,43.078000000002575,0.0,43.078000000002575,2024,2024-12-13
h13_r30_t3,-1,1734096600000000000,1734126780000000000,2665.2875,2648.788,0.287816367755189,forced_close,16.499499999999898,32.858999999999796,0.0,32.858999999999796,2024,2024-12-13
h14_r15_t2,-1,1734099445000000000,1734108155000000000,2660.291,2664.1395,0.14439259467975454,sl,-3.848500000000058,-7.837000000000116,0.0,-7.837000000000116,2024,2024-12-13
h00_r30_t1,-1,1734309575000000000,1734310135000000000,2649.5294999999996,2647.221499999999,0.0870389795471766,tp,2.3080000000004475,4.476000000000895,0.0,4.476000000000895,2024,2024-12-16
h02_r15_t3,1,1734315410000000000,1734316270000000000,2653.8554999999997,2651.6544999999996,0.08295863432222293,sl,-2.201000000000022,-4.542000000000043,0.0,-4.542000000000043,2024,2024-12-16
h04_r30_t3,-1,1734323640000000000,1734330575000000000,2653.002,2654.6045,0.05976503598430906,sl,-1.6024999999999636,-3.3449999999999274,0.0,-3.3449999999999274,2024,2024-12-16
h05_r60_t2,1,1734328805000000000,1734338155000000000,2653.5344999999998,2661.352499999999,0.14734976797781763,tp,7.8179999999993015,15.495999999998602,0.0,15.495999999998602,2024,2024-12-16
h06_r60_t3,-1,1734332715000000000,1734333785000000000,2652.1715,2654.9184999999998,0.10351215966420321,sl,-2.7469999999998436,-5.633999999999687,0.0,-5.633999999999687,2024,2024-12-16
h13_r30_t3,-1,1734356875000000000,1734385980000000000,2659.0705,2652.688,0.197139856791887,forced_close,6.382499999999709,12.624999999999417,0.0,12.624999999999417,2024,2024-12-16
h14_r15_t2,-1,1734358500000000000,1734366560000000000,2658.6305,2649.6625000000013,0.1686448144258063,tp,8.967999999998938,17.795999999997875,0.0,17.795999999997875,2024,2024-12-16
h00_r30_t1,-1,1734395950000000000,1734396790000000000,2651.2655,2653.3525,0.0786855775971939,sl,-2.086999999999989,-4.313999999999978,0.0,-4.313999999999978,2024,2024-12-17
h01_r60_t3,1,1734401920000000000,1734403995000000000,2658.7045,2654.3935,0.16218385012269856,sl,-4.310999999999694,-8.76199999999939,0.0,-8.76199999999939,2024,2024-12-17
h02_r15_t3,1,1734401920000000000,1734402360000000000,2658.6555,2657.0685000000003,0.059699010903609954,sl,-1.5869999999995343,-3.313999999999069,0.0,-3.313999999999069,2024,2024-12-17
h04_r30_t3,-1,1734410605000000000,1734420470000000000,2652.3605,2655.3695,0.11335491559692494,sl,-3.0090000000000146,-6.158000000000029,0.0,-6.158000000000029,2024,2024-12-17
h05_r60_t2,-1,1734416605000000000,1734420165000000000,2649.0805,2654.9035000000003,0.21941537840675798,sl,-5.82300000000032,-11.78600000000064,0.0,-11.78600000000064,2024,2024-12-17
h06_r60_t3,1,1734420165000000000,1734424625000000000,2654.7264999999998,2646.4975,0.31065672620510915,sl,-8.228999999999814,-16.59799999999963,0.0,-16.59799999999963,2024,2024-12-17
h13_r30_t3,-1,1734442295000000000,1734458320000000000,2642.4295,2647.0485,0.17476633657558577,sl,-4.618999999999687,-9.377999999999375,0.0,-9.377999999999375,2024,2024-12-17
h14_r15_t2,1,1734445540000000000,1734472380000000000,2640.1215,2645.734,0.26849784091684226,forced_close,5.612499999999727,11.084999999999454,0.0,11.084999999999454,2024,2024-12-17
h00_r30_t1,1,1734482130000000000,1734484615000000000,2648.9535,2651.2695000000003,0.08749007189788512,tp,2.3160000000002583,4.492000000000517,0.0,4.492000000000517,2024,2024-12-18
h01_r60_t3,-1,1734488610000000000,1734534010000000000,2648.0775000000003,2636.857500000001,0.14107412860792018,tp,11.219999999999345,22.29999999999869,0.0,22.29999999999869,2024,2024-12-18
h02_r15_t3,-1,1734488495000000000,1734527300000000000,2648.6355000000003,2641.117500000002,0.09456373609017454,tp,7.51799999999821,14.89599999999642,0.0,14.89599999999642,2024,2024-12-18
h04_r30_t3,1,1734497055000000000,1734508880000000000,2645.7345,2642.7664999999997,0.11225193145749951,sl,-2.968000000000302,-6.076000000000604,0.0,-6.076000000000604,2024,2024-12-18
h05_r60_t2,-1,1734507780000000000,1734512220000000000,2643.9605,2649.6315,0.2142026033302753,sl,-5.670999999999822,-11.481999999999644,0.0,-11.481999999999644,2024,2024-12-18
h06_r60_t3,-1,1734507130000000000,1734511320000000000,2644.6014999999998,2648.0245,0.1293282994915554,sl,-3.423000000000229,-6.986000000000458,0.0,-6.986000000000458,2024,2024-12-18
h13_r30_t3,-1,1734531265000000000,1734548815000000000,2641.0825,2621.5525000000007,0.24601691621384744,tp,19.52999999999929,38.91999999999858,0.0,38.91999999999858,2024,2024-12-18
h14_r15_t2,-1,1734531380000000000,1734548400000000000,2640.9705000000004,2632.768500000001,0.1552506696391684,tp,8.201999999999316,16.26399999999863,0.0,16.26399999999863,2024,2024-12-18
h00_r30_t1,1,1734568385000000000,1734570555000000000,2593.7375,2599.4375000000005,0.21978094009563065,tp,5.700000000000273,11.260000000000545,0.0,11.260000000000545,2024,2024-12-19
h02_r15_t3,-1,1734575240000000000,1734577025000000000,2609.8895,2613.5145,0.13882918170250533,sl,-3.625,-7.39,0.0,-7.39,2024,2024-12-19
h04_r30_t3,-1,1734583050000000000,1734590185000000000,2607.2174999999997,2611.6575000000003,0.17018513574662153,sl,-4.440000000000509,-9.02000000000102,0.0,-9.02000000000102,2024,2024-12-19
h05_r60_t2,-1,1734588185000000000,1734590105000000000,2606.6335,2610.7105,0.1563695868249217,sl,-4.0770000000002256,-8.294000000000452,0.0,-8.294000000000452,2024,2024-12-19
h06_r60_t3,1,1734592155000000000,1734613365000000000,2614.3435,2603.3755,0.41975087051040977,sl,-10.967999999999847,-22.075999999999695,0.0,-22.075999999999695,2024,2024-12-19
h13_r30_t3,-1,1734615005000000000,1734645180000000000,2600.5945,2593.941,0.2203338355356666,forced_close,6.653500000000349,13.167000000000698,0.0,13.167000000000698,2024,2024-12-19
h14_r15_t2,1,1734619120000000000,1734619430000000000,2600.1495,2594.8855000000003,0.2025158672374481,sl,-5.263999999999669,-10.667999999999338,0.0,-10.667999999999338,2024,2024-12-19
h00_r30_t1,1,1734654790000000000,1734655385000000000,2594.5995000000003,2592.3585000000003,0.0863985176929007,sl,-2.2409999999999854,-4.621999999999971,0.0,-4.621999999999971,2024,2024-12-20
h01_r60_t3,1,1734660000000000000,1734731580000000000,2603.9645,2621.639,0.5488796491502435,forced_close,17.67450000000008,35.20900000000016,0.0,35.20900000000016,2024,2024-12-20
h02_r15_t3,-1,1734661375000000000,1734676080000000000,2596.9355,2604.0885,0.2752260572472428,sl,-7.152999999999793,-14.445999999999586,0.0,-14.445999999999586,2024,2024-12-20
h04_r30_t3,-1,1734669030000000000,1734673935000000000,2598.3405000000002,2601.1275,0.10721954558070645,sl,-2.786999999999807,-5.713999999999614,0.0,-5.713999999999614,2024,2024-12-20
h05_r60_t2,1,1734674845000000000,1734702450000000000,2601.3905,2611.1665,0.18797429812961805,tp,9.77599999999984,19.41199999999968,0.0,19.41199999999968,2024,2024-12-20
h06_r60_t3,1,1734678180000000000,1734708055000000000,2605.4885,2625.0635,0.2504954723663219,tp,19.575000000000273,39.010000000000545,0.0,39.010000000000545,2024,2024-12-20
h13_r30_t3,-1,1734701400000000000,1734701425000000000,2600.8485,2605.2745,0.17016371818104484,sl,-4.425999999999931,-8.991999999999862,0.0,-8.991999999999862,2024,2024-12-20
h14_r15_t2,1,1734704215000000000,1734708915000000000,2615.0964999999997,2628.290499999999,0.252352680945986,tp,13.193999999999505,26.24799999999901,0.0,26.24799999999901,2024,2024-12-20
h00_r30_t1,-1,1734913985000000000,1734914390000000000,2621.9905,2618.7015,0.125406479614384,tp,3.28899999999976,6.43799999999952,0.0,6.43799999999952,2024,2024-12-23
h01_r60_t3,1,1734919925000000000,1734951760000000000,2624.274,2618.501,0.21874453305597616,sl,-5.7729999999996835,-11.685999999999368,0.0,-11.685999999999368,2024,2024-12-23
h02_r15_t3,1,1734921920000000000,1734950530000000000,2626.435,2620.6000000000004,0.2207878817655402,sl,-5.834999999999582,-11.809999999999164,0.0,-11.809999999999164,2024,2024-12-23
h04_r30_t3,1,1734929835000000000,1734949080000000000,2626.361,2623.9335,0.09246793000776814,sl,-2.4274999999997817,-4.994999999999563,0.0,-4.994999999999563,2024,2024-12-23
h05_r60_t2,-1,1734934115000000000,1734935410000000000,2625.059,2629.3715,0.16417638844685523,sl,-4.3125,-8.765,0.0,-8.765,2024,2024-12-23
h06_r60_t3,1,1734937660000000000,1734948980000000000,2633.0550000000003,2624.584,0.3218900428781574,sl,-8.471000000000458,-17.082000000000917,0.0,-17.082000000000917,2024,2024-12-23
h13_r30_t3,1,1734960925000000000,1734965180000000000,2618.1135000000004,2614.0249999999996,0.15631281449665152,sl,-4.088500000000749,-8.3170000000015,0.0,-8.3170000000015,2024,2024-12-23
h14_r15_t2,-1,1734964500000000000,1734966370000000000,2616.986,2611.0029999999997,0.114220674419345,tp,5.983000000000175,11.826000000000349,0.0,11.826000000000349,2024,2024-12-23
h00_r30_t1,-1,1735000475000000000,1735001765000000000,2614.3675000000003,2616.438,0.07919367414470205,sl,-2.070499999999811,-4.280999999999621,0.0,-4.280999999999621,2024,2024-12-24
h01_r60_t3,1,1735005660000000000,1735031905000000000,2618.0795,2614.596,0.13307559924130755,sl,-3.4834999999998217,-7.106999999999643,0.0,-7.106999999999643,2024,2024-12-24
h02_r15_t3,-1,1735006960000000000,1735007620000000000,2617.403,2619.0805,0.0634909359767088,sl,-1.6775000000002365,-3.495000000000473,0.0,-3.495000000000473,2024,2024-12-24
h04_r30_t3,-1,1735014685000000000,1735015500000000000,2618.3379999999997,2619.7525,0.05401704257743269,sl,-1.4145000000003165,-2.969000000000633,0.0,-2.969000000000633,2024,2024-12-24
h05_r60_t2,-1,1735020170000000000,1735024095000000000,2618.4269999999997,2621.4880000000003,0.1168608748569534,sl,-3.061000000000604,-6.2620000000012075,0.0,-6.2620000000012075,2024,2024-12-24
h06_r60_t3,1,1735023685000000000,1735031555000000000,2619.8909999999996,2616.5015000000003,0.12941656211266922,sl,-3.389499999999316,-6.918999999998632,0.0,-6.918999999998632,2024,2024-12-24
h13_r30_t3,-1,1735047055000000000,1735048800000000000,2612.589,2614.8,0.08252285354958482,sl,-2.21100000000024,-4.56200000000048,0.0,-4.56200000000048,2024,2024-12-24
h14_r15_t2,-1,1735049770000000000,1735050305000000000,2613.8015,2615.6115,0.06923238308381098,sl,-1.8099999999999454,-3.759999999999891,0.0,-3.759999999999891,2024,2024-12-24
h00_r30_t1,1,1735173075000000000,1735173410000000000,2620.5555000000004,2622.4175000000005,0.07106139273078894,tp,1.86200000000008,3.58400000000016,0.0,3.58400000000016,2024,2024-12-26
h01_r60_t3,1,1735181755000000000,1735249980000000000,2627.8665,2633.991,0.26595739618343434,forced_close,6.124499999999898,12.108999999999796,0.0,12.108999999999796,2024,2024-12-26
h04_r30_t3,1,1735187820000000000,1735189545000000000,2628.2375,2626.3785,0.07075369815575588,sl,-1.8590000000003783,-3.858000000000757,0.0,-3.858000000000757,2024,2024-12-26
h05_r60_t2,-1,1735192855000000000,1735196950000000000,2626.0254999999997,2628.4170000000004,0.09105262777162765,sl,-2.391500000000633,-4.923000000001266,0.0,-4.923000000001266,2024,2024-12-26
h06_r60_t3,1,1735196820000000000,1735197785000000000,2627.429,2624.7025000000003,0.10381780308733775,sl,-2.72649999999976,-5.5929999999995195,0.0,-5.5929999999995195,2024,2024-12-26
h13_r30_t3,-1,1735219880000000000,1735225560000000000,2626.691,2631.2430000000004,0.17318823872281242,sl,-4.552000000000589,-9.24400000000118,0.0,-9.24400000000118,2024,2024-12-26
h14_r15_t2,1,1735222500000000000,1735225560000000000,2625.479,2631.2719999999995,0.11032392345617763,tp,5.792999999999665,11.44599999999933,0.0,11.44599999999933,2024,2024-12-26
h00_r30_t1,-1,1735260125000000000,1735266815000000000,2631.7870000000003,2629.4545000000007,0.08860146434572717,tp,2.332499999999527,4.5249999999990544,0.0,4.5249999999990544,2024,2024-12-27
h01_r60_t3,-1,1735265245000000000,1735270330000000000,2630.7039999999997,2633.946,0.12316534168315539,sl,-3.242000000000189,-6.624000000000378,0.0,-6.624000000000378,2024,2024-12-27
h02_r15_t3,-1,1735266230000000000,1735267755000000000,2629.777,2632.349,0.09779480695126842,sl,-2.5720000000001164,-5.2840000000002325,0.0,-5.2840000000002325,2024,2024-12-27
h04_r30_t3,1,1735274585000000000,1735278415000000000,2633.9350000000004,2632.0545,0.07142592622486961,sl,-1.880500000000211,-3.901000000000422,0.0,-3.901000000000422,2024,2024-12-27
h05_r60_t2,-1,1735279200000000000,1735280120000000000,2631.37,2634.316,0.11013054726103993,sl,-2.9459999999999127,-6.031999999999825,0.0,-6.031999999999825,2024,2024-12-27
h06_r60_t3,1,1735283135000000000,1735286600000000000,2637.1095,2631.3365000000003,0.21910793504338547,sl,-5.7729999999996835,-11.685999999999368,0.0,-11.685999999999368,2024,2024-12-27
h13_r30_t3,-1,1735306260000000000,1735336380000000000,2619.9624999999996,2620.9,0.2830892790095089,forced_close,-0.9375000000004547,-2.0150000000009096,0.0,-2.0150000000009096,2024,2024-12-27
h14_r15_t2,-1,1735309560000000000,1735314595000000000,2615.056,2619.4945,0.169623533970748,sl,-4.438499999999749,-9.016999999999499,0.0,-9.016999999999499,2024,2024-12-27
h00_r30_t1,-1,1735518915000000000,1735521695000000000,2623.1205,2625.569,0.09330155072626282,sl,-2.4484999999999673,-5.036999999999934,0.0,-5.036999999999934,2024,2024-12-30
h01_r60_t3,1,1735528895000000000,1735533700000000000,2626.9125000000004,2622.183,0.18021086900734543,sl,-4.729500000000371,-9.599000000000743,0.0,-9.599000000000743,2024,2024-12-30
h02_r15_t3,1,1735525370000000000,1735533685000000000,2624.4390000000003,2622.4399999999996,0.07618857415315794,sl,-1.9990000000007058,-4.138000000001411,0.0,-4.138000000001411,2024,2024-12-30
h04_r30_t3,-1,1735533210000000000,1735548590000000000,2623.3410000000003,2613.4215000000013,0.12602633422495185,tp,9.919499999999061,19.698999999998122,0.0,19.698999999998122,2024,2024-12-30
h05_r60_t2,1,1735538455000000000,1735540805000000000,2624.272,2620.559,0.1415108002506162,sl,-3.712999999999738,-7.565999999999476,0.0,-7.565999999999476,2024,2024-12-30
h06_r60_t3,-1,1735542090000000000,1735575475000000000,2618.3990000000003,2599.3340000000017,0.24263031882500352,tp,19.06499999999869,37.98999999999738,0.0,37.98999999999738,2024,2024-12-30
h13_r30_t3,-1,1735565630000000000,1735571220000000000,2617.9750000000004,2603.7535000000007,0.18080499701454864,tp,14.22149999999965,28.3029999999993,0.0,28.3029999999993,2024,2024-12-30
h14_r15_t2,1,1735568105000000000,1735571200000000000,2612.2725,2605.4285,0.26202861219210444,sl,-6.844000000000051,-13.828000000000102,0.0,-13.828000000000102,2024,2024-12-30
h00_r30_t1,1,1735605495000000000,1735608365000000000,2607.2825000000003,2609.482000000001,0.08436994504352467,tp,2.1995000000006257,4.259000000001252,0.0,4.259000000001252,2024,2024-12-31
h01_r60_t3,-1,1735614045000000000,1735631100000000000,2606.737,2611.669,0.18903486623923485,sl,-4.931999999999789,-10.003999999999579,0.0,-10.003999999999579,2024,2024-12-31
h02_r15_t3,-1,1735613165000000000,1735624550000000000,2608.06,2603.1639999999984,0.06256860214000401,tp,4.89600000000155,9.652000000003099,0.0,9.652000000003099,2024,2024-12-31
h04_r30_t3,1,1735619820000000000,1735624435000000000,2605.7160000000003,2604.3734999999997,0.05152946554638811,sl,-1.3425000000006548,-2.82500000000131,0.0,-2.82500000000131,2024,2024-12-31
h05_r60_t2,1,1735626300000000000,1735658200000000000,2608.2285,2619.3435,0.21338605367114782,tp,11.114999999999782,22.089999999999563,0.0,22.089999999999563,2024,2024-12-31
h06_r60_t3,1,1735628585000000000,1735659555000000000,2608.7315,2624.0960000000005,0.19638056225463968,tp,15.36450000000059,30.589000000001178,0.0,30.589000000001178,2024,2024-12-31
h13_r30_t3,1,1735651910000000000,1735681980000000000,2615.096,2624.519,0.37170902559324887,forced_close,9.422999999999774,18.70599999999955,0.0,18.70599999999955,2024,2024-12-31
h14_r15_t2,1,1735654565000000000,1735655245000000000,2613.5879999999997,2611.371,0.08482757274909991,sl,-2.2169999999996435,-4.573999999999287,0.0,-4.573999999999287,2024,2024-12-31
h00_r30_t1,1,1735777975000000000,1735779995000000000,2626.5545,2630.3095000000003,0.14297150374229753,tp,3.755000000000109,7.370000000000219,0.0,7.370000000000219,2025,2025-01-02
h01_r60_t3,1,1735783270000000000,1735854780000000000,2634.4660000000003,2657.304,0.4015540327164305,forced_close,22.837999999999738,45.535999999999476,0.0,45.535999999999476,2025,2025-01-02
h02_r15_t3,1,1735784420000000000,1735786065000000000,2634.886,2632.611,0.08635055783409613,sl,-2.275000000000091,-4.690000000000182,0.0,-4.690000000000182,2025,2025-01-02
h04_r30_t3,-1,1735792745000000000,1735793660000000000,2632.1615,2633.776,0.06132760106707671,sl,-1.6144999999996799,-3.36899999999936,0.0,-3.36899999999936,2025,2025-01-02
h05_r60_t2,-1,1735797715000000000,1735805180000000000,2633.174,2636.5725,0.1290185912430312,sl,-3.39850000000024,-6.93700000000048,0.0,-6.93700000000048,2025,2025-01-02
h06_r60_t3,1,1735802690000000000,1735806740000000000,2635.5395,2631.2929999999997,0.16120576521775196,sl,-4.2465000000001965,-8.633000000000393,0.0,-8.633000000000393,2025,2025-01-02
h13_r30_t3,1,1735825810000000000,1735854780000000000,2643.429,2657.304,0.2756563451414242,forced_close,13.875,27.61,0.0,27.61,2025,2025-01-02
h14_r15_t2,1,1735827300000000000,1735836970000000000,2647.0389999999998,2660.29,0.2503083282535635,tp,13.251000000000204,26.362000000000407,0.0,26.362000000000407,2025,2025-01-02
h00_r30_t1,1,1735866005000000000,1735867440000000000,2661.239,2658.4075000000003,0.10645385170073435,sl,-2.831499999999778,-5.802999999999556,0.0,-5.802999999999556,2025,2025-01-03
h01_r60_t3,-1,1735869840000000000,1735870710000000000,2656.7525,2662.6549999999997,0.22194071503826263,sl,-5.902499999999691,-11.944999999999382,0.0,-11.944999999999382,2025,2025-01-03
h02_r15_t3,1,1735870560000000000,1735883625000000000,2660.4195,2656.1885,0.15909974587659664,sl,-4.230999999999767,-8.601999999999535,0.0,-8.601999999999535,2025,2025-01-03
h04_r30_t3,-1,1735880730000000000,1735888925000000000,2661.76,2653.573000000001,0.10243772891537868,tp,8.186999999999443,16.233999999998886,0.0,16.233999999998886,2025,2025-01-03
h05_r60_t2,-1,1735888085000000000,1735917570000000000,2655.9930000000004,2641.969000000001,0.2637448114734152,tp,14.023999999999432,27.907999999998864,0.0,27.907999999998864,2025,2025-01-03
h06_r60_t3,-1,1735888060000000000,1735911500000000000,2656.776,2646.124499999999,0.13349302615964323,tp,10.651500000000851,21.163000000001702,0.0,21.163000000001702,2025,2025-01-03
h13_r30_t3,-1,1735911480000000000,1735941180000000000,2648.0879999999997,2639.576,0.3176698724263295,forced_close,8.511999999999716,16.883999999999432,0.0,16.883999999999432,2025,2025-01-03
h14_r15_t2,-1,1735913840000000000,1735914685000000000,2646.9804999999997,2650.4065,0.12940996271627153,sl,-3.4260000000003856,-6.992000000000771,0.0,-6.992000000000771,2025,2025-01-03
h00_r30_t1,1,1736124845000000000,1736126100000000000,2641.7889999999998,2644.923,0.11873609330974834,tp,3.1340000000000146,6.128000000000029,0.0,6.128000000000029,2025,2025-01-06
h01_r60_t3,-1,1736128800000000000,1736163245000000000,2640.828,2647.514,0.25312310410852373,sl,-6.686000000000149,-13.512000000000299,0.0,-13.512000000000299,2025,2025-01-06
h02_r15_t3,1,1736130500000000000,1736135220000000000,2644.307,2639.8055000000004,0.17027330349875974,sl,-4.501499999999396,-9.142999999998793,0.0,-9.142999999998793,2025,2025-01-06
h04_r30_t3,-1,1736139165000000000,1736162500000000000,2635.0725,2640.9044999999996,0.2210769921853311,sl,-5.831999999999425,-11.803999999998851,0.0,-11.803999999998851,2025,2025-01-06
h05_r60_t2,-1,1736144560000000000,1736162070000000000,2631.5299999999997,2636.3194999999996,0.1818356459370055,sl,-4.789499999999862,-9.718999999999724,0.0,-9.718999999999724,2025,2025-01-06
h06_r60_t3,-1,1736148120000000000,1736155280000000000,2630.2525,2635.4260000000004,0.1965903440644643,sl,-5.173500000000331,-10.487000000000663,0.0,-10.487000000000663,2025,2025-01-06
h13_r30_t3,-1,1736170210000000000,1736172990000000000,2641.9080000000004,2620.848000000002,0.26566425714481795,tp,21.05999999999858,41.97999999999716,0.0,41.97999999999716,2025,2025-01-06
h14_r15_t2,-1,1736172985000000000,1736174955000000000,2622.6605,2630.0429999999997,0.28102574683090736,sl,-7.382499999999709,-14.904999999999418,0.0,-14.904999999999418,2025,2025-01-06
h00_r30_t1,-1,1736209840000000000,1736211580000000000,2633.007,2635.2655,0.08575484103738541,sl,-2.2584999999999127,-4.656999999999825,0.0,-4.656999999999825,2025,2025-01-07
h01_r60_t3,1,1736227280000000000,1736256020000000000,2641.2264999999998,2660.4534999999987,0.24284826265351236,tp,19.226999999998952,38.313999999997904,0.0,38.313999999997904,2025,2025-01-07
h02_r15_t3,-1,1736216160000000000,1736220810000000000,2637.8175,2640.1385,0.08797670076758488,sl,-2.3209999999999127,-4.781999999999825,0.0,-4.781999999999825,2025,2025-01-07
h04_r30_t3,-1,1736226155000000000,1736226960000000000,2637.3464999999997,2639.8185000000003,0.09370577334842767,sl,-2.472000000000662,-5.084000000001324,0.0,-5.084000000001324,2025,2025-01-07
h05_r60_t2,1,1736230020000000000,1736258060000000000,2645.7605000000003,2663.080500000001,0.3274696972361258,tp,17.32000000000062,34.500000000001236,0.0,34.500000000001236,2025,2025-01-07
h06_r60_t3,-1,1736234100000000000,1736248160000000000,2639.9575,2646.8365000000003,0.26053596023068964,sl,-6.87900000000036,-13.898000000000721,0.0,-13.898000000000721,2025,2025-01-07
h13_r30_t3,1,1736256600000000000,1736262070000000000,2661.1335,2650.0265,0.41746842441658333,sl,-11.106999999999971,-22.353999999999942,0.0,-22.353999999999942,2025,2025-01-07
h14_r15_t2,-1,1736259300000000000,1736260930000000000,2658.6335,2663.0474999999997,0.16602195559494778,sl,-4.41399999999976,-8.96799999999952,0.0,-8.96799999999952,2025,2025-01-07
h00_r30_t1,1,1736296210000000000,1736298125000000000,2651.3315000000002,2648.7925,0.0957769675442908,sl,-2.5390000000002146,-5.218000000000429,0.0,-5.218000000000429,2025,2025-01-08
h01_r60_t3,-1,1736301780000000000,1736316765000000000,2647.1625,2650.9785,0.1440619466370637,sl,-3.8160000000002583,-7.772000000000516,0.0,-7.772000000000516,2025,2025-01-08
h02_r15_t3,-1,1736303400000000000,1736304310000000000,2647.1335,2648.9415,0.06826326437724185,sl,-1.8079999999999927,-3.7559999999999856,0.0,-3.7559999999999856,2025,2025-01-08
h04_r30_t3,-1,1736310930000000000,1736313625000000000,2646.6385,2648.7325,0.07908874954984,sl,-2.094000000000051,-4.3280000000001015,0.0,-4.3280000000001015,2025,2025-01-08
h05_r60_t2,1,1736316765000000000,1736339005000000000,2650.8734999999997,2646.7125,0.15701125435991514,sl,-4.1609999999996035,-8.461999999999207,0.0,-8.461999999999207,2025,2025-01-08
h06_r60_t3,1,1736319940000000000,1736335705000000000,2653.1445000000003,2648.9655000000002,0.15756917405512083,sl,-4.179000000000087,-8.498000000000175,0.0,-8.498000000000175,2025,2025-01-08
h13_r30_t3,1,1736344555000000000,1736357945000000000,2659.4435000000003,2651.6544999999996,0.2933645341524742,sl,-7.789000000000669,-15.71800000000134,0.0,-15.71800000000134,2025,2025-01-08
h14_r15_t2,1,1736346705000000000,1736348465000000000,2664.5855,2660.0815000000002,0.16916701956744495,sl,-4.503999999999905,-9.147999999999811,0.0,-9.147999999999811,2025,2025-01-08
h00_r30_t1,-1,1736384725000000000,1736397245000000000,2659.5744999999997,2656.2204999999994,0.12607825760901528,tp,3.354000000000269,6.568000000000539,0.0,6.568000000000539,2025,2025-01-09
h01_r60_t3,-1,1736388905000000000,1736393700000000000,2657.4625,2661.4605,0.1503730270357406,sl,-3.9980000000000473,-8.136000000000095,0.0,-8.136000000000095,2025,2025-01-09
h02_r15_t3,-1,1736388905000000000,1736392020000000000,2657.7055,2660.2205000000004,0.09461871573247121,sl,-2.5150000000003274,-5.1700000000006545,0.0,-5.1700000000006545,2025,2025-01-09
h04_r30_t3,-1,1736397050000000000,1736398975000000000,2656.858,2659.8725,0.11336325867429992,sl,-3.014499999999771,-6.168999999999541,0.0,-6.168999999999541,2025,2025-01-09
h05_r60_t2,1,1736404175000000000,1736419085000000000,2661.0395,2667.847499999999,0.12804745128580824,tp,6.807999999999083,13.475999999998166,0.0,13.475999999998166,2025,2025-01-09
h06_r60_t3,1,1736411710000000000,1736459580000000000,2667.0535,2671.229,0.32657331447164634,forced_close,4.175499999999829,8.210999999999657,0.0,8.210999999999657,2025,2025-01-09
h13_r30_t3,1,1736429700000000000,1736431235000000000,2677.0125,2672.0645,0.18497248123125073,sl,-4.947999999999865,-10.035999999999731,0.0,-10.035999999999731,2025,2025-01-09
h14_r15_t2,-1,1736432580000000000,1736433380000000000,2670.2805,2673.7705,0.1305803698791958,sl,-3.4900000000002365,-7.120000000000473,0.0,-7.120000000000473,2025,2025-01-09
h00_r30_t1,1,1736469370000000000,1736475475000000000,2670.7375,2672.4415000000004,0.06381775088494428,tp,1.7040000000001783,3.2680000000003564,0.0,3.2680000000003564,2025,2025-01-10
h01_r60_t3,1,1736474530000000000,1736497400000000000,2671.9125,2679.736499999999,0.09764018133068517,tp,7.82399999999916,15.507999999998319,0.0,15.507999999998319,2025,2025-01-10
h02_r15_t3,1,1736475465000000000,1736491545000000000,2672.2574999999997,2677.228499999999,0.06202483576237854,tp,4.970999999999094,9.801999999998188,0.0,9.801999999998188,2025,2025-01-10
h04_r30_t3,-1,1736483470000000000,1736486850000000000,2672.8025,2674.1645,0.05095102024555175,sl,-1.36200000000008,-2.86400000000016,0.0,-2.86400000000016,2025,2025-01-10
h05_r60_t2,1,1736490130000000000,1736515800000000000,2675.9705000000004,2671.6365,0.1620192669843234,sl,-4.334000000000287,-8.808000000000575,0.0,-8.808000000000575,2025,2025-01-10
h06_r60_t3,1,1736492610000000000,1736495105000000000,2678.6315,2674.3135,0.16122507158142105,sl,-4.317999999999756,-8.775999999999513,0.0,-8.775999999999513,2025,2025-01-10
h13_r30_t3,-1,1736515800000000000,1736516980000000000,2675.1775,2681.0305,0.21859474539762694,sl,-5.8530000000000655,-11.846000000000132,0.0,-11.846000000000132,2025,2025-01-10
h14_r15_t2,1,1736518600000000000,1736523240000000000,2686.5605,2697.9405,0.21204912309861734,tp,11.38000000000011,22.620000000000218,0.0,22.620000000000218,2025,2025-01-10
h00_r30_t1,-1,1736728865000000000,1736730600000000000,2688.7105,2683.9855000000002,0.17563283111016526,tp,4.724999999999909,9.309999999999818,0.0,9.309999999999818,2025,2025-01-13
h01_r60_t3,1,1736734640000000000,1736762690000000000,2690.1315,2679.3745,0.40053953871116005,sl,-10.757000000000062,-21.654000000000124,0.0,-21.654000000000124,2025,2025-01-13
h02_r15_t3,1,1736734635000000000,1736743200000000000,2690.0605,2684.9295,0.19078409810265787,sl,-5.130999999999858,-10.401999999999717,0.0,-10.401999999999717,2025,2025-01-13
h04_r30_t3,-1,1736742830000000000,1736749430000000000,2686.291,2690.9345000000003,0.17251791478509118,sl,-4.643500000000131,-9.427000000000263,0.0,-9.427000000000263,2025,2025-01-13
h05_r60_t2,1,1736748000000000000,1736760450000000000,2687.098,2683.3535,0.13792253896563422,sl,-3.744499999999789,-7.628999999999578,0.0,-7.628999999999578,2025,2025-01-13
h06_r60_t3,-1,1736753795000000000,1736769655000000000,2686.9795,2673.7104999999992,0.16442137745561838,tp,13.269000000000688,26.398000000001375,0.0,26.398000000001375,2025,2025-01-13
h13_r30_t3,-1,1736775300000000000,1736779785000000000,2666.7655,2672.3615,0.20964498031206621,sl,-5.596000000000004,-11.332000000000008,0.0,-11.332000000000008,2025,2025-01-13
h14_r15_t2,-1,1736777790000000000,1736779720000000000,2668.2955,2671.0685000000003,0.10388073008711252,sl,-2.7730000000001382,-5.686000000000276,0.0,-5.686000000000276,2025,2025-01-13
h00_r30_t1,1,1736814945000000000,1736816410000000000,2669.0575,2671.6375,0.09671167195550541,tp,2.5799999999999272,5.019999999999855,0.0,5.019999999999855,2025,2025-01-14
h01_r60_t3,1,1736823000000000000,1736834030000000000,2672.3185000000003,2667.9275,0.16440585218938653,sl,-4.391000000000531,-8.922000000001063,0.0,-8.922000000001063,2025,2025-01-14
h02_r15_t3,-1,1736820990000000000,1736822240000000000,2669.3805,2671.2875,0.0714193022742272,sl,-1.906999999999698,-3.953999999999396,0.0,-3.953999999999396,2025,2025-01-14
h04_r30_t3,1,1736829150000000000,1736830975000000000,2670.1745,2675.2385000000004,0.0632223353124684,tp,5.064000000000306,9.98800000000061,0.0,9.98800000000061,2025,2025-01-14
h05_r60_t2,-1,1736839905000000000,1736883375000000000,2667.4455,2675.4134999999997,0.2985821283532115,sl,-7.967999999999847,-16.075999999999695,0.0,-16.075999999999695,2025,2025-01-14
h06_r60_t3,1,1736838185000000000,1736839905000000000,2669.7645,2667.4825,0.08549514219375037,sl,-2.282000000000153,-4.704000000000305,0.0,-4.704000000000305,2025,2025-01-14
h13_r30_t3,1,1736861400000000000,1736861880000000000,2670.8685,2664.9695,0.22120081783180406,sl,-5.898999999999887,-11.937999999999775,0.0,-11.937999999999775,2025,2025-01-14
h14_r15_t2,1,1736866400000000000,1736871575000000000,2664.3435,2673.2655000000004,0.16761511421669018,tp,8.92200000000048,17.70400000000096,0.0,17.70400000000096,2025,2025-01-14
h00_r30_t1,-1,1736901005000000000,1736905510000000000,2673.9015,2671.6045,0.08590164093824733,tp,2.2970000000000255,4.454000000000051,0.0,4.454000000000051,2025,2025-01-15
h01_r60_t3,-1,1736906400000000000,1736909170000000000,2669.9835000000003,2674.3745,0.1644554813843257,sl,-4.390999999999622,-8.921999999999244,0.0,-8.921999999999244,2025,2025-01-15
h02_r15_t3,1,1736909150000000000,1736934100000000000,2673.854,2687.0150000000003,0.1641118721491144,tp,13.161000000000513,26.182000000001025,0.0,26.182000000001025,2025,2025-01-15
h04_r30_t3,-1,1736915940000000000,1736919420000000000,2675.1585,2676.7955,0.06118474522646564,sl,-1.637000000000171,-3.414000000000342,0.0,-3.414000000000342,2025,2025-01-15
h05_r60_t2,1,1736920800000000000,1736947800000000000,2679.4735,2689.2294999999995,0.18205069018222056,tp,9.755999999999403,19.371999999998806,0.0,19.371999999998806,2025,2025-01-15
h06_r60_t3,1,1736926250000000000,1736951805000000000,2683.4055,2679.1255,0.15963713137295749,sl,-4.279999999999745,-8.699999999999491,0.0,-8.699999999999491,2025,2025-01-15
h13_r30_t3,1,1736947800000000000,1736951685000000000,2686.8865,2682.2065000000002,0.17436307645764404,sl,-4.679999999999836,-9.499999999999673,0.0,-9.499999999999673,2025,2025-01-15
h14_r15_t2,-1,1736950550000000000,1736974420000000000,2687.7155000000002,2696.1365,0.3131834384313315,sl,-8.420999999999822,-16.981999999999644,0.0,-16.981999999999644,2025,2025-01-15
h00_r30_t1,1,1736989350000000000,1737007965000000000,2698.2754999999997,2692.9415,0.19781135494287644,sl,-5.333999999999833,-10.807999999999666,0.0,-10.807999999999666,2025,2025-01-16
h01_r60_t3,-1,1737005385000000000,1737015535000000000,2694.5695,2702.2805,0.2859938843818367,sl,-7.710999999999785,-15.561999999999571,0.0,-15.561999999999571,2025,2025-01-16
h02_r15_t3,-1,1736993955000000000,1736998425000000000,2695.6855,2698.2075,0.09353938455016197,sl,-2.5219999999999345,-5.183999999999869,0.0,-5.183999999999869,2025,2025-01-16
h05_r60_t2,-1,1737007325000000000,1737011690000000000,2693.8154999999997,2697.5805,0.1397197181632601,sl,-3.7650000000003274,-7.6700000000006545,0.0,-7.6700000000006545,2025,2025-01-16
h06_r60_t3,1,1737011205000000000,1737034200000000000,2695.5695,2712.3185000000003,0.20724634641544498,tp,16.74900000000025,33.3580000000005,0.0,33.3580000000005,2025,2025-01-16
h13_r30_t3,1,1737034200000000000,1737064380000000000,2711.7555,2714.626,0.38037172674706893,forced_close,2.8704999999999927,5.600999999999986,0.0,5.600999999999986,2025,2025-01-16
h14_r15_t2,-1,1737037950000000000,1737039150000000000,2713.9435000000003,2718.3885,0.16365048453612302,sl,-4.444999999999709,-9.029999999999418,0.0,-9.029999999999418,2025,2025-01-16
h00_r30_t1,1,1737074040000000000,1737075630000000000,2715.6485000000002,2713.7915000000003,0.06842103808752589,sl,-1.856999999999971,-3.853999999999942,0.0,-3.853999999999942,2025,2025-01-17
h01_r60_t3,1,1737079200000000000,1737100115000000000,2714.9355,2709.9004999999997,0.18546974402782115,sl,-5.035000000000309,-10.210000000000619,0.0,-10.210000000000619,2025,2025-01-17
h02_r15_t3,1,1737080150000000000,1737090495000000000,2716.0805,2713.9764999999998,0.07746727661102276,sl,-2.104000000000269,-4.348000000000538,0.0,-4.348000000000538,2025,2025-01-17
h04_r30_t3,-1,1737088785000000000,1737100390000000000,2714.8145,2709.4714999999987,0.06558662931311368,tp,5.3430000000012114,10.546000000002422,0.0,10.546000000002422,2025,2025-01-17
h05_r60_t2,-1,1737093680000000000,1737129800000000000,2711.2605000000003,2715.6205,0.1607849551009736,sl,-4.359999999999673,-8.859999999999346,0.0,-8.859999999999346,2025,2025-01-17
h06_r60_t3,1,1737097475000000000,1737099650000000000,2713.408,2710.6465,0.10122895863381805,sl,-2.761500000000069,-5.663000000000138,0.0,-5.663000000000138,2025,2025-01-17
h13_r30_t3,-1,1737120635000000000,1737125495000000000,2705.9745000000003,2712.1775,0.2290670714515153,sl,-6.20299999999952,-12.54599999999904,0.0,-12.54599999999904,2025,2025-01-17
h14_r15_t2,1,1737123415000000000,1737124340000000000,2707.6835,2703.8035,0.14331058154732618,sl,-3.880000000000109,-7.900000000000218,0.0,-7.900000000000218,2025,2025-01-17
h00_r30_t1,-1,1737334240000000000,1737335090000000000,2693.6625,2690.7754999999997,0.10715589438148541,tp,2.887000000000171,5.634000000000342,0.0,5.634000000000342,2025,2025-01-20
h01_r60_t3,1,1737338705000000000,1737400495000000000,2695.9165000000003,2709.16,0.24014479220088306,forced_close,13.243499999999585,26.34699999999917,0.0,26.34699999999917,2025,2025-01-20
h02_r15_t3,1,1737340345000000000,1737348165000000000,2696.7115000000003,2705.5765000000015,0.10963026774829196,tp,8.865000000001146,17.59000000000229,0.0,17.59000000000229,2025,2025-01-20
h04_r30_t3,-1,1737347450000000000,1737347915000000000,2702.7205000000004,2704.5025,0.06592693098481398,sl,-1.781999999999698,-3.703999999999396,0.0,-3.703999999999396,2025,2025-01-20
h05_r60_t2,1,1737352935000000000,1737359895000000000,2707.5065,2703.7955,0.13707112868710292,sl,-3.7109999999997854,-7.56199999999957,0.0,-7.56199999999957,2025,2025-01-20
h06_r60_t3,-1,1737357325000000000,1737400495000000000,2706.7425000000003,2709.277,0.2621244062050511,forced_close,-2.5344999999997526,-5.208999999999505,0.0,-5.208999999999505,2025,2025-01-20
h13_r30_t3,-1,1737379800000000000,1737379805000000000,2707.9134999999997,2710.0885,0.08028003151407151,sl,-2.175000000000182,-4.4900000000003635,0.0,-4.4900000000003635,2025,2025-01-20
h14_r15_t2,1,1737382520000000000,1737390235000000000,2710.6295,2705.1665000000003,0.20155031037750704,sl,-5.462999999999738,-11.065999999999477,0.0,-11.065999999999477,2025,2025-01-20
h00_r30_t1,-1,1737420090000000000,1737420640000000000,2709.5285000000003,2707.3915000000006,0.07885776174216672,tp,2.1369999999997162,4.133999999999433,0.0,4.133999999999433,2025,2025-01-21
h01_r60_t3,1,1737425020000000000,1737496380000000000,2719.3615,2745.109,0.593373778206083,forced_close,25.747499999999945,51.35499999999989,0.0,51.35499999999989,2025,2025-01-21
h02_r15_t3,1,1737426670000000000,1737450840000000000,2722.5564999999997,2718.0175,0.16682571894661852,sl,-4.53899999999976,-9.21799999999952,0.0,-9.21799999999952,2025,2025-01-21
h04_r30_t3,1,1737433800000000000,1737443215000000000,2726.9905,2723.1755000000003,0.1398978104250675,sl,-3.8149999999996,-7.769999999999199,0.0,-7.769999999999199,2025,2025-01-21
h05_r60_t2,1,1737440420000000000,1737441030000000000,2729.2155000000002,2725.4764999999998,0.13714917880142796,sl,-3.7390000000004875,-7.618000000000975,0.0,-7.618000000000975,2025,2025-01-21
h06_r60_t3,-1,1737442810000000000,1737445090000000000,2723.8514999999998,2729.5135,0.20782103753057302,sl,-5.662000000000262,-11.464000000000524,0.0,-11.464000000000524,2025,2025-01-21
h13_r30_t3,-1,1737467915000000000,1737468990000000000,2725.6345,2730.1095,0.16406012702836184,sl,-4.474999999999909,-9.089999999999819,0.0,-9.089999999999819,2025,2025-01-21
h14_r15_t2,1,1737468940000000000,1737471370000000000,2729.184,2736.5880000000006,0.13566191526261506,tp,7.404000000000451,14.668000000000902,0.0,14.668000000000902,2025,2025-01-21
h00_r30_t1,1,1737506300000000000,1737507070000000000,2745.4355,2748.0785,0.096339868685443,tp,2.643000000000029,5.1460000000000585,0.0,5.1460000000000585,2025,2025-01-22
h01_r60_t3,-1,1737513855000000000,1737516945000000000,2746.8965,2750.0585,0.11506091733245206,sl,-3.162000000000262,-6.4640000000005235,0.0,-6.4640000000005235,2025,2025-01-22
h02_r15_t3,-1,1737513850000000000,1737514825000000000,2747.0705,2749.7735000000002,0.09832092378747727,sl,-2.7030000000004293,-5.546000000000858,0.0,-5.546000000000858,2025,2025-01-22
h04_r30_t3,1,1737520200000000000,1737526765000000000,2751.925,2749.3875,0.08979559056773666,sl,-2.537500000000364,-5.215000000000727,0.0,-5.215000000000727,2025,2025-01-22
h05_r60_t2,-1,1737526720000000000,1737537720000000000,2750.3105,2758.9105,0.31180404928316463,sl,-8.599999999999909,-17.33999999999982,0.0,-17.33999999999982,2025,2025-01-22
h06_r60_t3,1,1737537660000000000,1737582775000000000,2758.2974999999997,2755.901,0.4611755060762153,forced_close,-2.3964999999998327,-4.932999999999665,0.0,-4.932999999999665,2025,2025-01-22
h13_r30_t3,-1,1737552600000000000,1737582775000000000,2753.725,2755.938,0.28753335203498914,forced_close,-2.213000000000193,-4.566000000000385,0.0,-4.566000000000385,2025,2025-01-22
h14_r15_t2,-1,1737555605000000000,1737560865000000000,2753.7365,2758.3215,0.16648054855431657,sl,-4.585000000000036,-9.310000000000073,0.0,-9.310000000000073,2025,2025-01-22
h00_r30_t1,1,1737592345000000000,1737594995000000000,2755.7495,2753.2435,0.09098224702550892,sl,-2.505999999999858,-5.151999999999716,0.0,-5.151999999999716,2025,2025-01-23
h01_r60_t3,-1,1737602465000000000,1737650715000000000,2750.6605,2756.3795,0.20775123905142256,sl,-5.719000000000051,-11.578000000000102,0.0,-11.578000000000102,2025,2025-01-23
h02_r15_t3,1,1737599400000000000,1737600665000000000,2754.3154999999997,2752.3595,0.07102575754906221,sl,-1.9559999999996762,-4.051999999999352,0.0,-4.051999999999352,2025,2025-01-23
h04_r30_t3,1,1737606630000000000,1737624035000000000,2753.5205,2749.8365000000003,0.13381140764042587,sl,-3.6839999999997417,-7.507999999999483,0.0,-7.507999999999483,2025,2025-01-23
h05_r60_t2,-1,1737612090000000000,1737612555000000000,2751.4165000000003,2753.5305,0.07681430650105849,sl,-2.113999999999578,-4.367999999999156,0.0,-4.367999999999156,2025,2025-01-23
h06_r60_t3,-1,1737624020000000000,1737638760000000000,2751.2455,2738.0155000000004,0.16016686409078357,tp,13.229999999999563,26.319999999999126,0.0,26.319999999999126,2025,2025-01-23
h13_r30_t3,-1,1737639440000000000,1737642185000000000,2737.4525000000003,2745.9365,0.3095077881301526,sl,-8.483999999999469,-17.10799999999894,0.0,-17.10799999999894,2025,2025-01-23
h14_r15_t2,1,1737641855000000000,1737649830000000000,2744.2135,2751.897499999999,0.1401460152223539,tp,7.683999999999287,15.227999999998573,0.0,15.227999999998573,2025,2025-01-23
h00_r30_t1,1,1737678680000000000,1737679315000000000,2756.8785,2759.3394999999996,0.08927970577239135,tp,2.4609999999997854,4.781999999999571,0.0,4.781999999999571,2025,2025-01-24
h01_r60_t3,1,1737684000000000000,1737686960000000000,2762.6655,2774.830500000001,0.14679575280609913,tp,12.165000000000873,24.190000000001746,0.0,24.190000000001746,2025,2025-01-24
h02_r15_t3,1,1737684900000000000,1737755580000000000,2769.4875,2771.74,0.25772269709548834,forced_close,2.2524999999996,4.3649999999992,0.0,4.3649999999992,2025,2025-01-24
h04_r30_t3,1,1737693135000000000,1737706750000000000,2773.5074999999997,2770.6065,0.10464354372600779,sl,-2.90099999999984,-5.9419999999996795,0.0,-5.9419999999996795,2025,2025-01-24
h05_r60_t2,1,1737698775000000000,1737705675000000000,2776.8235,2772.0765,0.17104071990595257,sl,-4.746999999999844,-9.633999999999688,0.0,-9.633999999999688,2025,2025-01-24
h06_r60_t3,-1,1737702185000000000,1737718450000000000,2773.3475,2778.4545,0.18410911574450076,sl,-5.106999999999971,-10.353999999999942,0.0,-10.353999999999942,2025,2025-01-24
h13_r30_t3,1,1737726120000000000,1737728150000000000,2783.5455,2777.9305,0.2018340478402494,sl,-5.6150000000002365,-11.370000000000474,0.0,-11.370000000000474,2025,2025-01-24
h14_r15_t2,-1,1737728100000000000,1737732260000000000,2778.8855000000003,2784.4945,0.20183515620092438,sl,-5.608999999999469,-11.357999999998938,0.0,-11.357999999998938,2025,2025-01-24
h00_r30_t1,1,1737939080000000000,1737939745000000000,2768.9795,2771.6394999999998,0.09611884046711061,tp,2.6599999999998545,5.179999999999709,0.0,5.179999999999709,2025,2025-01-27
h01_r60_t3,-1,1737943200000000000,1737996950000000000,2762.9655000000002,2733.910500000002,0.3505226986519802,tp,29.054999999998472,57.96999999999694,0.0,57.96999999999694,2025,2025-01-27
h02_r15_t3,-1,1737944260000000000,1737968935000000000,2757.5135,2763.7355,0.2255328812405451,sl,-6.221999999999753,-12.583999999999506,0.0,-12.583999999999506,2025,2025-01-27
h04_r30_t3,-1,1737952240000000000,1737968700000000000,2757.4485,2761.1555,0.1343940079197073,sl,-3.70699999999988,-7.55399999999976,0.0,-7.55399999999976,2025,2025-01-27
h05_r60_t2,-1,1737957600000000000,1737965925000000000,2752.9345000000003,2758.2465,0.1929300506895342,sl,-5.311999999999898,-10.763999999999797,0.0,-10.763999999999797,2025,2025-01-27
h06_r60_t3,1,1737961220000000000,1737962750000000000,2755.1655,2750.9195,0.15413877681115676,sl,-4.246000000000095,-8.63200000000019,0.0,-8.63200000000019,2025,2025-01-27
h13_r30_t3,-1,1737984790000000000,1737992105000000000,2757.0955000000004,2740.8385000000007,0.19647701021379047,tp,16.256999999999607,32.373999999999214,0.0,32.373999999999214,2025,2025-01-27
h14_r15_t2,-1,1737987380000000000,1737990285000000000,2753.4224999999997,2744.156499999999,0.16816175033407368,tp,9.266000000000531,18.39200000000106,0.0,18.39200000000106,2025,2025-01-27
h00_r30_t1,1,1738024415000000000,1738029500000000000,2743.4325,2739.9335,0.12760532864388782,sl,-3.4989999999997963,-7.137999999999592,0.0,-7.137999999999592,2025,2025-01-28
h01_r60_t3,-1,1738029835000000000,1738069190000000000,2739.4894999999997,2745.4094999999998,0.21593462579204414,sl,-5.920000000000073,-11.980000000000146,0.0,-11.980000000000146,2025,2025-01-28
h02_r15_t3,-1,1738031555000000000,1738034460000000000,2738.5755,2741.7075,0.11431702058892837,sl,-3.132000000000062,-6.404000000000123,0.0,-6.404000000000123,2025,2025-01-28
h04_r30_t3,1,1738038600000000000,1738050850000000000,2741.2884999999997,2738.6375,0.09671114613287074,sl,-2.65099999999984,-5.4419999999996795,0.0,-5.4419999999996795,2025,2025-01-28
h05_r60_t2,-1,1738044000000000000,1738056640000000000,2741.2664999999997,2744.9735,0.13520154859935227,sl,-3.7070000000003347,-7.554000000000669,0.0,-7.554000000000669,2025,2025-01-28
h06_r60_t3,1,1738049585000000000,1738050810000000000,2743.0995000000003,2739.1855,0.14286019319706675,sl,-3.9140000000002146,-7.968000000000429,0.0,-7.968000000000429,2025,2025-01-28
h13_r30_t3,1,1738071000000000000,1738074350000000000,2747.2715,2753.5054999999984,0.07565842949774051,tp,6.233999999998559,12.327999999997118,0.0,12.327999999997118,2025,2025-01-28
h14_r15_t2,1,1738073745000000000,1738074960000000000,2751.3105,2756.0205,0.08560462766621675,tp,4.710000000000036,9.280000000000072,0.0,9.280000000000072,2025,2025-01-28
h00_r30_t1,1,1738110600000000000,1738112565000000000,2763.9375,2765.5355,0.05782180066422546,tp,1.5979999999999563,3.0559999999999126,0.0,3.0559999999999126,2025,2025-01-29
h01_r60_t3,-1,1738116000000000000,1738155435000000000,2763.6745,2755.643500000001,0.09685654034008621,tp,8.03099999999904,15.921999999998079,0.0,15.921999999998079,2025,2025-01-29
h02_r15_t3,-1,1738120185000000000,1738139640000000000,2763.4494999999997,2765.7304999999997,0.08249379352645955,sl,-2.280999999999949,-4.701999999999898,0.0,-4.701999999999898,2025,2025-01-29
h04_r30_t3,1,1738125000000000000,1738129110000000000,2763.7145,2761.5365,0.07880971993782368,sl,-2.1779999999998836,-4.495999999999767,0.0,-4.495999999999767,2025,2025-01-29
h05_r60_t2,-1,1738130580000000000,1738138560000000000,2760.1825,2763.1375,0.10703347576089943,sl,-2.9549999999999272,-6.049999999999854,0.0,-6.049999999999854,2025,2025-01-29
h06_r60_t3,-1,1738134000000000000,1738138075000000000,2759.269,2762.2105,0.10498965415204489,sl,-2.94150000000036,-6.02300000000072,0.0,-6.02300000000072,2025,2025-01-29
h13_r30_t3,1,1738158900000000000,1738164450000000000,2759.0915,2752.2844999999998,0.24707046190417187,sl,-6.807000000000244,-13.754000000000488,0.0,-13.754000000000488,2025,2025-01-29
h14_r15_t2,1,1738160480000000000,1738160645000000000,2760.6375,2758.3734999999997,0.08205617404752856,sl,-2.2640000000001237,-4.668000000000247,0.0,-4.668000000000247,2025,2025-01-29
h00_r30_t1,1,1738197025000000000,1738215540000000000,2761.3935,2759.0045,0.08651914711460541,sl,-2.3890000000001237,-4.918000000000247,0.0,-4.918000000000247,2025,2025-01-30
h01_r60_t3,1,1738208675000000000,1738215540000000000,2762.1945,2759.0975,0.11220252247357136,sl,-3.0970000000002074,-6.334000000000414,0.0,-6.334000000000414,2025,2025-01-30
h02_r15_t3,1,1738203305000000000,1738204605000000000,2761.1414999999997,2759.5455,0.05780553038836185,sl,-1.595999999999549,-3.331999999999098,0.0,-3.331999999999098,2025,2025-01-30
h04_r30_t3,-1,1738211490000000000,1738220180000000000,2761.5905000000002,2763.4775,0.06831213105067702,sl,-1.8869999999997162,-3.9139999999994326,0.0,-3.9139999999994326,2025,2025-01-30
h05_r60_t2,1,1738216815000000000,1738220280000000000,2761.2275,2766.2555,0.09106565837591692,tp,5.028000000000247,9.916000000000494,0.0,9.916000000000494,2025,2025-01-30
h06_r60_t3,1,1738220550000000000,1738245470000000000,2766.5535,2785.348500000001,0.22653004958170866,tp,18.795000000000982,37.450000000001964,0.0,37.450000000001964,2025,2025-01-30
h13_r30_t3,-1,1738243800000000000,1738244405000000000,2779.9275,2783.1045,0.11424928027808692,sl,-3.1770000000001346,-6.494000000000269,0.0,-6.494000000000269,2025,2025-01-30
h14_r15_t2,-1,1738246630000000000,1738247015000000000,2782.8505,2786.1535000000003,0.11864524586561327,sl,-3.3030000000003383,-6.746000000000676,0.0,-6.746000000000676,2025,2025-01-30
h00_r30_t1,-1,1738284895000000000,1738308305000000000,2795.3385,2799.7375,0.15722902342692227,sl,-4.399000000000342,-8.938000000000685,0.0,-8.938000000000685,2025,2025-01-31
h01_r60_t3,1,1738289550000000000,1738301550000000000,2796.7785000000003,2794.5455,0.07985196811142853,sl,-2.2330000000001746,-4.606000000000349,0.0,-4.606000000000349,2025,2025-01-31
h02_r15_t3,1,1738289705000000000,1738291195000000000,2797.565,2794.9615000000003,0.09134579890658118,sl,-2.6034999999997126,-5.346999999999425,0.0,-5.346999999999425,2025,2025-01-31
h04_r30_t3,1,1738298785000000000,1738299115000000000,2796.4915,2794.6655,0.06532981449159189,sl,-1.8260000000000218,-3.792000000000044,0.0,-3.792000000000044,2025,2025-01-31
h05_r60_t2,-1,1738304280000000000,1738307705000000000,2793.9494999999997,2796.5465,0.09289423488792714,sl,-2.5970000000002074,-5.334000000000414,0.0,-5.334000000000414,2025,2025-01-31
h06_r60_t3,1,1738307665000000000,1738313915000000000,2796.0675,2792.2125,0.1380299315489704,sl,-3.855000000000018,-7.850000000000036,0.0,-7.850000000000036,2025,2025-01-31
h13_r30_t3,-1,1738330430000000000,1738330635000000000,2803.9865,2806.6525,0.09504258110838569,sl,-2.6660000000001673,-5.472000000000334,0.0,-5.472000000000334,2025,2025-01-31
h14_r15_t2,-1,1738333020000000000,1738333470000000000,2804.5845,2807.4115,0.10075620615640113,sl,-2.8270000000002256,-5.794000000000451,0.0,-5.794000000000451,2025,2025-01-31
h00_r30_t1,-1,1738544485000000000,1738545095000000000,2790.3665,2784.1575000000003,0.2222184444171985,tp,6.208999999999833,12.277999999999665,0.0,12.277999999999665,2025,2025-02-03
h01_r60_t3,-1,1738548240000000000,1738570435000000000,2778.1305,2792.3215,0.5100429875917982,sl,-14.190999999999804,-28.521999999999608,0.0,-28.521999999999608,2025,2025-02-03
h02_r15_t3,-1,1738550320000000000,1738555855000000000,2776.0564999999997,2782.8095000000003,0.24302980758972811,sl,-6.753000000000611,-13.646000000001223,0.0,-13.646000000001223,2025,2025-02-03
h04_r30_t3,1,1738559905000000000,1738586910000000000,2783.1945,2809.9605,0.32100978842389577,tp,26.766000000000076,53.39200000000015,0.0,53.39200000000015,2025,2025-02-03
h05_r60_t2,1,1738563305000000000,1738570920000000000,2785.1645,2795.3224999999993,0.18248991481826818,tp,10.157999999999447,20.175999999998893,0.0,20.175999999998893,2025,2025-02-03
h06_r60_t3,1,1738566155000000000,1738581200000000000,2788.2605000000003,2804.1695000000013,0.19027938920424925,tp,15.909000000001015,31.67800000000203,0.0,31.67800000000203,2025,2025-02-03
h13_r30_t3,1,1738591225000000000,1738594165000000000,2811.9745000000003,2825.003500000001,0.15453489462326034,tp,13.029000000000906,25.91800000000181,0.0,25.91800000000181,2025,2025-02-03
h14_r15_t2,1,1738592100000000000,1738594095000000000,2814.8824999999997,2824.2884999999987,0.1670940539138405,tp,9.40599999999904,18.67199999999808,0.0,18.67199999999808,2025,2025-02-03
h00_r30_t1,1,1738629005000000000,1738629945000000000,2814.8895,2817.0405000000005,0.07641936717588498,tp,2.1510000000002947,4.16200000000059,0.0,4.16200000000059,2025,2025-02-04
h01_r60_t3,1,1738634685000000000,1738645545000000000,2824.4235,2816.0164999999997,0.29776488616346586,sl,-8.407000000000153,-16.954000000000306,0.0,-16.954000000000306,2025,2025-02-04
h02_r15_t3,-1,1738635310000000000,1738650205000000000,2821.6385,2812.125499999999,0.11237247133147475,tp,9.51300000000083,18.88600000000166,0.0,18.88600000000166,2025,2025-02-04
h04_r30_t3,1,1738643745000000000,1738644680000000000,2821.5384999999997,2818.6565,0.10219040995124706,sl,-2.881999999999607,-5.903999999999214,0.0,-5.903999999999214,2025,2025-02-04
h05_r60_t2,-1,1738649485000000000,1738662280000000000,2813.4584999999997,2819.4595,0.21310812032139886,sl,-6.001000000000204,-12.142000000000408,0.0,-12.142000000000408,2025,2025-02-04
h06_r60_t3,-1,1738653805000000000,1738656915000000000,2810.9445,2816.2015,0.1868444384102002,sl,-5.257000000000062,-10.654000000000124,0.0,-10.654000000000124,2025,2025-02-04
h13_r30_t3,1,1738675810000000000,1738705980000000000,2835.3734999999997,2842.16,0.49142284955769977,forced_close,6.78650000000016,13.43300000000032,0.0,13.43300000000032,2025,2025-02-04
h14_r15_t2,1,1738679000000000000,1738705980000000000,2834.6915,2842.16,0.20180772704382893,forced_close,7.468499999999949,14.796999999999898,0.0,14.796999999999898,2025,2025-02-04
h00_r30_t1,1,1738715400000000000,1738715575000000000,2843.0845,2845.4605,0.08357517430401784,tp,2.3760000000002037,4.612000000000408,0.0,4.612000000000408,2025,2025-02-05
h01_r60_t3,1,1738721200000000000,1738751690000000000,2849.0605,2876.9545000000007,0.3268807375734512,tp,27.894000000000688,55.648000000001375,0.0,55.648000000001375,2025,2025-02-05
h02_r15_t3,1,1738725660000000000,1738792380000000000,2853.8925,2866.257,0.34787547229011384,forced_close,12.364500000000135,24.58900000000027,0.0,24.58900000000027,2025,2025-02-05
h04_r30_t3,1,1738730560000000000,1738751670000000000,2857.9465,2876.045500000001,0.2111925764391754,tp,18.09900000000107,36.05800000000214,0.0,36.05800000000214,2025,2025-02-05
h05_r60_t2,1,1738736680000000000,1738751655000000000,2860.6904999999997,2874.740499999999,0.24567648725637192,tp,14.049999999999272,27.959999999998544,0.0,27.959999999998544,2025,2025-02-05
h06_r60_t3,-1,1738738865000000000,1738742215000000000,2857.1075,2861.8914999999997,0.1673127126710055,sl,-4.783999999999651,-9.707999999999302,0.0,-9.707999999999302,2025,2025-02-05
h13_r30_t3,-1,1738762265000000000,1738766950000000000,2864.688,2870.8334999999997,0.21126383398672935,sl,-6.145499999999629,-12.430999999999258,0.0,-12.430999999999258,2025,2025-02-05
h14_r15_t2,1,1738764900000000000,1738767600000000000,2865.3595,2874.6955000000003,0.1629548873637219,tp,9.33600000000024,18.53200000000048,0.0,18.53200000000048,2025,2025-02-05
h00_r30_t1,-1,1738802025000000000,1738803600000000000,2867.3755,2870.0865000000003,0.09452822448553824,sl,-2.71100000000024,-5.56200000000048,0.0,-5.56200000000048,2025,2025-02-06
h01_r60_t3,1,1738807225000000000,1738824525000000000,2871.9935,2863.7505,0.2870490656105412,sl,-8.242999999999938,-16.625999999999877,0.0,-16.625999999999877,2025,2025-02-06
h02_r15_t3,-1,1738808100000000000,1738824645000000000,2870.1515,2860.3745,0.11354524380783905,tp,9.777000000000044,19.414000000000087,0.0,19.414000000000087,2025,2025-02-06
h04_r30_t3,-1,1738816410000000000,1738824650000000000,2869.2875,2859.7985,0.11021007685262636,tp,9.489000000000033,18.838000000000065,0.0,18.838000000000065,2025,2025-02-06
h05_r60_t2,1,1738823090000000000,1738824485000000000,2870.0615,2865.4894999999997,0.15939146764086914,sl,-4.572000000000116,-9.284000000000233,0.0,-9.284000000000233,2025,2025-02-06
h06_r60_t3,-1,1738827900000000000,1738878780000000000,2858.1445000000003,2856.823,0.4666205595284706,forced_close,1.3215000000004693,2.5030000000009385,0.0,2.5030000000009385,2025,2025-02-06
h13_r30_t3,-1,1738849505000000000,1738853945000000000,2859.3415,2842.1545000000006,0.20022154029392322,tp,17.186999999999443,34.233999999998886,0.0,34.233999999998886,2025,2025-02-06
h14_r15_t2,1,1738851535000000000,1738852860000000000,2857.9455,2854.3795,0.12491034985230573,sl,-3.5659999999998035,-7.271999999999607,0.0,-7.271999999999607,2025,2025-02-06
h00_r30_t1,1,1738888275000000000,1738890000000000000,2860.3895,2858.0695,0.0811243697781708,sl,-2.3200000000001637,-4.780000000000327,0.0,-4.780000000000327,2025,2025-02-07
h01_r60_t3,1,1738893970000000000,1738935140000000000,2868.3595,2857.7884999999997,0.3687939155109351,sl,-10.571000000000367,-21.282000000000735,0.0,-21.282000000000735,2025,2025-02-07
h02_r15_t3,1,1738894745000000000,1738904520000000000,2868.5935,2865.4714999999997,0.10888935819280977,sl,-3.1220000000002983,-6.384000000000596,0.0,-6.384000000000596,2025,2025-02-07
h04_r30_t3,1,1738903720000000000,1738904155000000000,2869.3105,2866.9445,0.08247685741560494,sl,-2.3659999999999854,-4.871999999999971,0.0,-4.871999999999971,2025,2025-02-07
h05_r60_t2,-1,1738908000000000000,1738918860000000000,2862.0535,2867.1045,0.17647273590563095,sl,-5.050999999999931,-10.241999999999862,0.0,-10.241999999999862,2025,2025-02-07
h06_r60_t3,1,1738916265000000000,1738935110000000000,2866.3975,2859.0235000000002,0.25776083297226643,sl,-7.373999999999796,-14.887999999999593,0.0,-14.887999999999593,2025,2025-02-07
h13_r30_t3,1,1738935000000000000,1738935095000000000,2865.1385,2860.3595,0.16683152581725705,sl,-4.778999999999996,-9.697999999999993,0.0,-9.697999999999993,2025,2025-02-07
h14_r15_t2,1,1738937710000000000,1738941985000000000,2865.2165,2883.3465,0.31642482187795967,tp,18.13000000000011,36.12000000000022,0.0,36.12000000000022,2025,2025-02-07
h00_r30_t1,1,1739149220000000000,1739149395000000000,2869.2664999999997,2872.6224999999995,0.11704270471879034,tp,3.355999999999767,6.571999999999535,0.0,6.571999999999535,2025,2025-02-10
h01_r60_t3,1,1739160690000000000,1739193565000000000,2876.6575000000003,2908.5445,0.37009742347219576,tp,31.886999999999716,63.63399999999943,0.0,63.63399999999943,2025,2025-02-10
h02_r15_t3,1,1739154120000000000,1739157070000000000,2874.3424999999997,2871.3895,0.10280674959557119,sl,-2.95299999999952,-6.045999999999039,0.0,-6.045999999999039,2025,2025-02-10
h04_r30_t3,1,1739161845000000000,1739170000000000000,2877.6475,2887.3674999999994,0.11260954014816085,tp,9.719999999999345,19.29999999999869,0.0,19.29999999999869,2025,2025-02-10
h05_r60_t2,1,1739167240000000000,1739170010000000000,2880.1355000000003,2888.1955000000016,0.13996459902836278,tp,8.06000000000131,15.980000000002619,0.0,15.980000000002619,2025,2025-02-10
h06_r60_t3,1,1739172595000000000,1739224380000000000,2892.4175,2907.737,0.46439791926191937,forced_close,15.319500000000062,30.499000000000123,0.0,30.499000000000123,2025,2025-02-10
h13_r30_t3,-1,1739194810000000000,1739200770000000000,2901.3255,2911.1695,0.3390466225270047,sl,-9.844000000000051,-19.828000000000102,0.0,-19.828000000000102,2025,2025-02-10
h14_r15_t2,1,1739197030000000000,1739224380000000000,2901.7685,2907.737,0.18609471214185735,forced_close,5.968499999999949,11.796999999999898,0.0,11.796999999999898,2025,2025-02-10
h00_r30_t1,1,1739234180000000000,1739234975000000000,2919.1565,2921.8595,0.09261602229774336,tp,2.7029999999999745,5.265999999999949,0.0,5.265999999999949,2025,2025-02-11
h01_r60_t3,1,1739239340000000000,1739241545000000000,2936.3295,2919.7365,0.5655379708492101,sl,-16.592999999999847,-33.325999999999695,0.0,-33.325999999999695,2025,2025-02-11
h02_r15_t3,1,1739240160000000000,1739241230000000000,2942.6615,2933.7535,0.3029862409621669,sl,-8.908000000000357,-17.956000000000714,0.0,-17.956000000000714,2025,2025-02-11
h04_r30_t3,-1,1739249245000000000,1739251870000000000,2918.0654999999997,2920.8395,0.09501583054849179,sl,-2.774000000000342,-5.688000000000684,0.0,-5.688000000000684,2025,2025-02-11
h05_r60_t2,1,1739253625000000000,1739257300000000000,2923.8355,2915.3975,0.2886710304868185,sl,-8.438000000000102,-17.016000000000204,0.0,-17.016000000000204,2025,2025-02-11
h06_r60_t3,-1,1739257300000000000,1739310780000000000,2915.4885,2898.928,0.4810942271948472,forced_close,16.560500000000047,32.981000000000094,0.0,32.981000000000094,2025,2025-02-11
h13_r30_t3,1,1739280635000000000,1739310780000000000,2890.7685,2898.891,0.3099064346244013,forced_close,8.122499999999945,16.10499999999989,0.0,16.10499999999989,2025,2025-02-11
h14_r15_t2,1,1739284200000000000,1739286155000000000,2902.4085,2894.9295,0.258026766266349,sl,-7.4789999999998145,-15.09799999999963,0.0,-15.09799999999963,2025,2025-02-11
h00_r30_t1,-1,1739320440000000000,1739321420000000000,2895.1765,2891.4325,0.1292930855653332,tp,3.744000000000142,7.348000000000284,0.0,7.348000000000284,2025,2025-02-12
h01_r60_t3,1,1739327400000000000,1739337925000000000,2897.8115,2883.8405000000002,0.4828576212859492,sl,-13.970999999999549,-28.0819999999991,0.0,-28.0819999999991,2025,2025-02-12
h02_r15_t3,1,1739327335000000000,1739328970000000000,2895.8745,2892.7974999999997,0.10628881229938851,sl,-3.0770000000002256,-6.294000000000451,0.0,-6.294000000000451,2025,2025-02-12
h04_r30_t3,-1,1739334630000000000,1739340705000000000,2887.9224999999997,2890.6234999999997,0.09346598051125378,sl,-2.701000000000022,-5.542000000000043,0.0,-5.542000000000043,2025,2025-02-12
h05_r60_t2,1,1739340550000000000,1739356365000000000,2888.1385,2883.7475,0.15212977352204252,sl,-4.391000000000076,-8.922000000000153,0.0,-8.922000000000153,2025,2025-02-12
h06_r60_t3,1,1739344010000000000,1739356320000000000,2895.0015000000003,2885.6285,0.3240277482249603,sl,-9.373000000000502,-18.886000000001005,0.0,-18.886000000001005,2025,2025-02-12
h13_r30_t3,-1,1739367000000000000,1739368790000000000,2873.2925,2885.7125,0.43154361448353745,sl,-12.420000000000073,-24.980000000000146,0.0,-24.980000000000146,2025,2025-02-12
h14_r15_t2,1,1739369885000000000,1739397180000000000,2894.6054999999997,2904.228,0.43586753759546104,forced_close,9.6225000000004,19.1050000000008,0.0,19.1050000000008,2025,2025-02-12
h00_r30_t1,1,1739407360000000000,1739408450000000000,2908.5795,2904.6585,0.13490394415987622,sl,-3.9209999999998217,-7.981999999999643,0.0,-7.981999999999643,2025,2025-02-13
h01_r60_t3,1,1739413770000000000,1739473145000000000,2907.4695,2925.2745000000014,0.20422506737966165,tp,17.8050000000012,35.4700000000024,0.0,35.4700000000024,2025,2025-02-13
h02_r15_t3,1,1739413105000000000,1739416975000000000,2907.2925,2913.316500000001,0.06908696993255473,tp,6.024000000000797,11.908000000001593,0.0,11.908000000001593,2025,2025-02-13
h04_r30_t3,1,1739421535000000000,1739426515000000000,2918.7325,2916.2455,0.08524113352542283,sl,-2.48700000000008,-5.11400000000016,0.0,-5.11400000000016,2025,2025-02-13
h05_r60_t2,-1,1739426510000000000,1739472980000000000,2916.6605,2922.8815,0.21319195929442075,sl,-6.221000000000004,-12.582000000000008,0.0,-12.582000000000008,2025,2025-02-13
h06_r60_t3,1,1739431875000000000,1739434400000000000,2919.0065,2912.6115,0.21930565326764503,sl,-6.394999999999982,-12.929999999999964,0.0,-12.929999999999964,2025,2025-02-13
h13_r30_t3,-1,1739453430000000000,1739458910000000000,2911.1014999999998,2918.0785,0.23957079845888765,sl,-6.9770000000003165,-14.094000000000634,0.0,-14.094000000000634,2025,2025-02-13
h14_r15_t2,1,1739456255000000000,1739473485000000000,2913.1555,2926.3994999999995,0.2274205200140822,tp,13.243999999999687,26.347999999999374,0.0,26.347999999999374,2025,2025-02-13
h00_r30_t1,1,1739495320000000000,1739498670000000000,2931.6814999999997,2927.5315,0.14171292683121312,sl,-4.149999999999636,-8.439999999999273,0.0,-8.439999999999273,2025,2025-02-14
h01_r60_t3,-1,1739498660000000000,1739514985000000000,2927.9665,2933.9595,0.204542146245414,sl,-5.992999999999938,-12.125999999999877,0.0,-12.125999999999877,2025,2025-02-14
h02_r15_t3,-1,1739499360000000000,1739511955000000000,2926.6765,2930.6135,0.13445342565095753,sl,-3.936999999999898,-8.013999999999797,0.0,-8.013999999999797,2025,2025-02-14
h04_r30_t3,1,1739508255000000000,1739521220000000000,2927.2645,2937.7255000000005,0.11916448167124444,tp,10.46100000000024,20.78200000000048,0.0,20.78200000000048,2025,2025-02-14
h05_r60_t2,1,1739513370000000000,1739538315000000000,2932.5185,2926.8055,0.19490966109499086,sl,-5.713000000000193,-11.566000000000386,0.0,-11.566000000000386,2025,2025-02-14
h06_r60_t3,1,1739521130000000000,1739533700000000000,2936.9224999999997,2929.9235,0.23851590557577518,sl,-6.998999999999796,-14.137999999999593,0.0,-14.137999999999593,2025,2025-02-14
h13_r30_t3,1,1739540000000000000,1739540505000000000,2931.7415,2926.0294999999996,0.19509466035957748,sl,-5.712000000000444,-11.564000000000888,0.0,-11.564000000000888,2025,2025-02-14
h14_r15_t2,1,1739542520000000000,1739546100000000000,2923.6625,2914.1625,0.3250742238553495,sl,-9.5,-19.14,0.0,-19.14,2025,2025-02-14
h00_r30_t1,1,1739754445000000000,1739758410000000000,2888.2315,2897.1295,0.308701992772326,tp,8.898000000000138,17.656000000000276,0.0,17.656000000000276,2025,2025-02-17
h01_r60_t3,1,1739758405000000000,1739819695000000000,2896.7245000000003,2897.454,0.4941367879623745,forced_close,0.7294999999999163,1.3189999999998325,0.0,1.3189999999998325,2025,2025-02-17
h02_r15_t3,-1,1739759570000000000,1739759910000000000,2894.0344999999998,2897.8685,0.13231158238821328,sl,-3.8340000000002874,-7.8080000000005745,0.0,-7.8080000000005745,2025,2025-02-17
h04_r30_t3,-1,1739767035000000000,1739770085000000000,2902.5855,2905.0065,0.08336551508507162,sl,-2.4209999999998217,-4.981999999999643,0.0,-4.981999999999643,2025,2025-02-17
h05_r60_t2,-1,1739772000000000000,1739783870000000000,2895.9415,2905.4865,0.3295492425805267,sl,-9.545000000000073,-19.230000000000146,0.0,-19.230000000000146,2025,2025-02-17
h06_r60_t3,1,1739775930000000000,1739819695000000000,2897.9775,2897.454,0.33439475877815394,forced_close,-0.5234999999997854,-1.1869999999995708,0.0,-1.1869999999995708,2025,2025-02-17
h13_r30_t3,-1,1739800665000000000,1739802740000000000,2895.7645,2899.2905,0.1216823149456438,sl,-3.52599999999984,-7.1919999999996795,0.0,-7.1919999999996795,2025,2025-02-17
h14_r15_t2,1,1739802405000000000,1739804300000000000,2898.9555,2903.8315000000002,0.08414128349970111,tp,4.876000000000204,9.612000000000407,0.0,9.612000000000407,2025,2025-02-17
h00_r30_t1,1,1739838920000000000,1739840495000000000,2899.8244999999997,2898.3625,0.05043522807536425,sl,-1.4619999999995343,-3.063999999999069,0.0,-3.063999999999069,2025,2025-02-18
h01_r60_t3,1,1739846345000000000,1739889000000000000,2900.0074999999997,2923.782499999999,0.27367689308867343,tp,23.77499999999918,47.40999999999836,0.0,47.40999999999836,2025,2025-02-18
h02_r15_t3,1,1739845005000000000,1739847950000000000,2898.549,2907.99,0.10857765173830111,tp,9.440999999999804,18.741999999999607,0.0,18.741999999999607,2025,2025-02-18
h04_r30_t3,1,1739853010000000000,1739857110000000000,2909.3365000000003,2915.588500000001,0.07163637732365902,tp,6.252000000000862,12.364000000001724,0.0,12.364000000001724,2025,2025-02-18
h05_r60_t2,-1,1739864810000000000,1739882450000000000,2909.8644999999997,2915.7095,0.20079614210321522,sl,-5.845000000000255,-11.83000000000051,0.0,-11.83000000000051,2025,2025-02-18
h06_r60_t3,1,1739862205000000000,1739864795000000000,2914.4825,2910.1215,0.14966897622267133,sl,-4.360999999999876,-8.861999999999753,0.0,-8.861999999999753,2025,2025-02-18
h13_r30_t3,1,1739885920000000000,1739907340000000000,2918.7725,2935.080499999999,0.18630899634938192,tp,16.307999999999083,32.475999999998166,0.0,32.475999999998166,2025,2025-02-18
h14_r15_t2,-1,1739888190000000000,1739888695000000000,2918.7155000000002,2922.4995,0.12958222915335274,sl,-3.7839999999996508,-7.707999999999301,0.0,-7.707999999999301,2025,2025-02-18
h00_r30_t1,-1,1739925920000000000,1739926575000000000,2932.1014999999998,2929.7654999999995,0.07962704817658797,tp,2.33600000000024,4.5320000000004805,0.0,4.5320000000004805,2025,2025-02-19
h01_r60_t3,1,1739930635000000000,1739933355000000000,2939.7285,2927.9845,0.3996634305749039,sl,-11.744000000000142,-23.628000000000284,0.0,-23.628000000000284,2025,2025-02-19
h02_r15_t3,-1,1739931940000000000,1739933410000000000,2936.1965,2925.5854999999992,0.12043030083571757,tp,10.611000000000786,21.08200000000157,0.0,21.08200000000157,2025,2025-02-19
h04_r30_t3,-1,1739939440000000000,1739941200000000000,2927.5855,2929.6465,0.0703884668104272,sl,-2.0609999999996944,-4.2619999999993885,0.0,-4.2619999999993885,2025,2025-02-19
h05_r60_t2,1,1739945115000000000,1739980770000000000,2934.5715,2928.1014999999998,0.22060216207167777,sl,-6.470000000000255,-13.08000000000051,0.0,-13.08000000000051,2025,2025-02-19
h06_r60_t3,-1,1739948410000000000,1739949540000000000,2930.8355,2935.9525000000003,0.17453396923229747,sl,-5.117000000000189,-10.374000000000379,0.0,-10.374000000000379,2025,2025-02-19
h13_r30_t3,-1,1739973220000000000,1740001980000000000,2932.7415,2933.309,0.305998207753942,forced_close,-0.5675000000001091,-1.2750000000002184,0.0,-1.2750000000002184,2025,2025-02-19
h14_r15_t2,-1,1739974980000000000,1739976680000000000,2935.0675,2939.7875,0.16058865267650763,sl,-4.7199999999998,-9.5799999999996,0.0,-9.5799999999996,2025,2025-02-19
h00_r30_t1,1,1740011435000000000,1740015325000000000,2940.1985,2935.4665,0.16100350230251584,sl,-4.731999999999971,-9.603999999999942,0.0,-9.603999999999942,2025,2025-02-20
h01_r60_t3,-1,1740017255000000000,1740020565000000000,2934.6745,2942.5285000000003,0.26739410755855697,sl,-7.854000000000269,-15.848000000000539,0.0,-15.848000000000539,2025,2025-02-20
h02_r15_t3,1,1740017865000000000,1740034455000000000,2937.404,2947.7720000000004,0.11770124963921232,tp,10.368000000000393,20.596000000000785,0.0,20.596000000000785,2025,2025-02-20
h04_r30_t3,-1,1740025980000000000,1740027910000000000,2939.6565,2942.7245000000003,0.10432799661172765,sl,-3.068000000000211,-6.276000000000422,0.0,-6.276000000000422,2025,2025-02-20
h05_r60_t2,1,1740031200000000000,1740054275000000000,2946.9565000000002,2939.4345000000003,0.2552553953752329,sl,-7.5219999999999345,-15.18399999999987,0.0,-15.18399999999987,2025,2025-02-20
h06_r60_t3,1,1740035310000000000,1740054210000000000,2949.0344999999998,2944.0035,0.17067118623598282,sl,-5.030999999999949,-10.201999999999899,0.0,-10.201999999999899,2025,2025-02-20
h13_r30_t3,1,1740058365000000000,1740059005000000000,2947.2365,2940.6225,0.22464723946957685,sl,-6.614000000000033,-13.368000000000066,0.0,-13.368000000000066,2025,2025-02-20
h14_r15_t2,1,1740062075000000000,1740088380000000000,2934.5395,2939.59,0.3533301373995023,forced_close,5.050500000000284,9.961000000000567,0.0,9.961000000000567,2025,2025-02-20
h00_r30_t1,1,1740099675000000000,1740100710000000000,2942.8305,2948.2945,0.18594036942716793,tp,5.463999999999942,10.787999999999883,0.0,10.787999999999883,2025,2025-02-21
h01_r60_t3,-1,1740103200000000000,1740174780000000000,2926.9265,2936.873,0.7822730748279024,forced_close,-9.946500000000015,-20.03300000000003,0.0,-20.03300000000003,2025,2025-02-21
h02_r15_t3,1,1740104210000000000,1740114490000000000,2938.8655,2926.3665,0.4253611051697521,sl,-12.498999999999796,-25.137999999999593,0.0,-25.137999999999593,2025,2025-02-21
h04_r30_t3,-1,1740113165000000000,1740116865000000000,2930.0155,2932.3815,0.08073031247510183,sl,-2.3659999999999854,-4.871999999999971,0.0,-4.871999999999971,2025,2025-02-21
h05_r60_t2,-1,1740125545000000000,1740136470000000000,2924.2664999999997,2934.1285,0.33655584473998673,sl,-9.86200000000008,-19.86400000000016,0.0,-19.86400000000016,2025,2025-02-21
h06_r60_t3,1,1740121490000000000,1740125260000000000,2931.5775000000003,2925.6985,0.20066109964946124,sl,-5.87900000000036,-11.898000000000721,0.0,-11.898000000000721,2025,2025-02-21
h13_r30_t3,-1,1740144670000000000,1740147420000000000,2929.7915000000003,2934.6544999999996,0.16582840289650264,sl,-4.862999999999374,-9.865999999998749,0.0,-9.865999999998749,2025,2025-02-21
h14_r15_t2,1,1740147300000000000,1740148505000000000,2934.3445,2929.3055,0.17175533164987256,sl,-5.039000000000215,-10.21800000000043,0.0,-10.21800000000043,2025,2025-02-21
h00_r30_t1,-1,1740357150000000000,1740358700000000000,2934.2855,2930.4425,0.13089823335070516,tp,3.842999999999847,7.545999999999695,0.0,7.545999999999695,2025,2025-02-24
h01_r60_t3,1,1740363655000000000,1740433980000000000,2931.5285000000003,2951.524,0.3460233019304499,forced_close,19.995499999999538,39.850999999999075,0.0,39.850999999999075,2025,2025-02-24
h02_r15_t3,1,1740363360000000000,1740365990000000000,2929.0795,2941.0254999999997,0.13599181043793396,tp,11.945999999999913,23.751999999999825,0.0,23.751999999999825,2025,2025-02-24
h04_r30_t3,-1,1740375710000000000,1740382995000000000,2937.8615,2943.1165,0.17861528120860543,sl,-5.255000000000109,-10.650000000000219,0.0,-10.650000000000219,2025,2025-02-24
h05_r60_t2,-1,1740376800000000000,1740382400000000000,2935.6705,2942.1945,0.2221739778217615,sl,-6.523999999999887,-13.187999999999775,0.0,-13.187999999999775,2025,2025-02-24
h06_r60_t3,1,1740382400000000000,1740394225000000000,2942.0875,2935.2915000000003,0.23125458846908073,sl,-6.795999999999822,-13.731999999999644,0.0,-13.731999999999644,2025,2025-02-24
h13_r30_t3,1,1740403935000000000,1740407105000000000,2951.0845,2946.3355,0.16100256217490072,sl,-4.748999999999796,-9.637999999999593,0.0,-9.637999999999593,2025,2025-02-24
h14_r15_t2,-1,1740406500000000000,1740407740000000000,2950.2025000000003,2938.0485000000017,0.2059545852685473,tp,12.153999999998632,24.167999999997264,0.0,24.167999999997264,2025,2025-02-24
h00_r30_t1,-1,1740447400000000000,1740454545000000000,2948.3495000000003,2944.0675000000006,0.1452035605052317,tp,4.281999999999698,8.423999999999396,0.0,8.423999999999396,2025,2025-02-25
h01_r60_t3,-1,1740453835000000000,1740496660000000000,2945.3185000000003,2923.5475000000015,0.2460297320676077,tp,21.77099999999882,43.40199999999764,0.0,43.40199999999764,2025,2025-02-25
h02_r15_t3,1,1740449745000000000,1740451720000000000,2951.1814999999997,2948.8345,0.0795573937784136,sl,-2.3469999999997526,-4.833999999999505,0.0,-4.833999999999505,2025,2025-02-25
h04_r30_t3,1,1740461405000000000,1740465065000000000,2939.9605,2935.0815000000002,0.166106085580208,sl,-4.878999999999905,-9.897999999999811,0.0,-9.897999999999811,2025,2025-02-25
h05_r60_t2,-1,1740463435000000000,1740473070000000000,2936.6455,2941.0434999999998,0.149690790493637,sl,-4.3979999999996835,-8.935999999999368,0.0,-8.935999999999368,2025,2025-02-25
h06_r60_t3,1,1740467405000000000,1740469605000000000,2938.5545,2933.5695,0.16979192229831597,sl,-4.985000000000127,-10.110000000000255,0.0,-10.110000000000255,2025,2025-02-25
h13_r30_t3,1,1740490505000000000,1740496550000000000,2932.1445000000003,2926.2465,0.20138363326053654,sl,-5.898000000000138,-11.936000000000277,0.0,-11.936000000000277,2025,2025-02-25
h14_r15_t2,1,1740492985000000000,1740494865000000000,2940.5434999999998,2937.3045,0.11017679480769585,sl,-3.238999999999578,-6.617999999999156,0.0,-6.617999999999156,2025,2025-02-25
h00_r30_t1,1,1740532580000000000,1740535000000000000,2926.1745,2918.7165,0.25509292267637157,sl,-7.458000000000084,-15.056000000000168,0.0,-15.056000000000168,2025,2025-02-26
h01_r60_t3,-1,1740535835000000000,1740606780000000000,2915.2705,2916.205,0.5123629407713675,forced_close,-0.9344999999998436,-2.0089999999996873,0.0,-2.0089999999996873,2025,2025-02-26
h02_r15_t3,1,1740537275000000000,1740543315000000000,2920.1375,2914.8785,0.1802983201812245,sl,-5.2590000000000146,-10.65800000000003,0.0,-10.65800000000003,2025,2025-02-26
h04_r30_t3,1,1740547525000000000,1740550230000000000,2919.0305,2912.7455,0.21558499425534955,sl,-6.2849999999998545,-12.70999999999971,0.0,-12.70999999999971,2025,2025-02-26
h05_r60_t2,-1,1740549735000000000,1740578620000000000,2914.8925,2902.4884999999995,0.21272556429984238,tp,12.404000000000451,24.6680000000009,0.0,24.6680000000009,2025,2025-02-26
h06_r60_t3,-1,1740553200000000000,1740556255000000000,2906.7005,2916.3205,0.33095945041465025,sl,-9.61999999999989,-19.379999999999782,0.0,-19.379999999999782,2025,2025-02-26
h13_r30_t3,-1,1740577335000000000,1740579090000000000,2910.2084999999997,2895.5234999999984,0.16801747107106202,tp,14.68500000000131,29.23000000000262,0.0,29.23000000000262,2025,2025-02-26
h14_r15_t2,-1,1740580265000000000,1740582605000000000,2892.4625,2906.3244999999997,0.4786145245455544,sl,-13.861999999999625,-27.86399999999925,0.0,-27.86399999999925,2025,2025-02-26
h00_r30_t1,-1,1740616600000000000,1740618405000000000,2917.3925,2915.5294999999996,0.06384543852101626,tp,1.8630000000002838,3.5860000000005674,0.0,3.5860000000005674,2025,2025-02-27
h01_r60_t3,-1,1740621930000000000,1740634725000000000,2911.1014999999998,2889.2284999999993,0.25032088349436304,tp,21.873000000000502,43.606000000001,0.0,43.606000000001,2025,2025-02-27
h02_r15_t3,-1,1740624485000000000,1740632020000000000,2910.8305,2898.6355,0.13952025283197983,tp,12.195000000000164,24.250000000000327,0.0,24.250000000000327,2025,2025-02-27
h04_r30_t3,-1,1740630610000000000,1740632620000000000,2903.4925000000003,2894.0635,0.10823306508085642,tp,9.429000000000087,18.718000000000174,0.0,18.718000000000174,2025,2025-02-27
h05_r60_t2,-1,1740642250000000000,1740667675000000000,2888.649,2868.7410000000004,0.34430450852467465,tp,19.907999999999447,39.67599999999889,0.0,39.67599999999889,2025,2025-02-27
h06_r60_t3,-1,1740640150000000000,1740693180000000000,2890.6455,2877.136,0.27154003695279916,forced_close,13.509500000000116,26.879000000000232,0.0,26.879000000000232,2025,2025-02-27
h13_r30_t3,-1,1740663085000000000,1740666215000000000,2884.4305,2892.2565,0.27091597883282925,sl,-7.826000000000022,-15.792000000000044,0.0,-15.792000000000044,2025,2025-02-27
h14_r15_t2,1,1740666060000000000,1740667080000000000,2891.7174999999997,2885.4835000000003,0.21573535770661165,sl,-6.233999999999469,-12.607999999998938,0.0,-12.607999999998938,2025,2025-02-27
h00_r30_t1,1,1740702635000000000,1740705020000000000,2879.8475,2884.6955,0.16837797103502808,tp,4.847999999999956,9.555999999999912,0.0,9.555999999999912,2025,2025-02-28
h01_r60_t3,-1,1740708010000000000,1740753740000000000,2873.9145,2840.3174999999997,0.3895425614119142,tp,33.59700000000021,67.05400000000041,0.0,67.05400000000041,2025,2025-02-28
h02_r15_t3,1,1740709350000000000,1740712850000000000,2875.9645,2870.4184999999998,0.19293558661412055,sl,-5.5460000000002765,-11.232000000000554,0.0,-11.232000000000554,2025,2025-02-28
h04_r30_t3,1,1740721975000000000,1740729745000000000,2866.1345,2857.0225,0.3186123717897305,sl,-9.11200000000008,-18.36400000000016,0.0,-18.36400000000016,2025,2025-02-28
h05_r60_t2,-1,1740727125000000000,1740732475000000000,2861.8855000000003,2851.5475000000006,0.18046631112230976,tp,10.337999999999738,20.535999999999476,0.0,20.535999999999476,2025,2025-02-28
h06_r60_t3,-1,1740727115000000000,1740751260000000000,2861.9855,2847.6664999999994,0.16667670638028648,tp,14.319000000000415,28.49800000000083,0.0,28.49800000000083,2025,2025-02-28
h13_r30_t3,-1,1740749555000000000,1740779575000000000,2854.091,2859.059,0.2867519981914542,forced_close,-4.968000000000302,-10.076000000000604,0.0,-10.076000000000604,2025,2025-02-28
h14_r15_t2,1,1740752265000000000,1740753480000000000,2850.1575000000003,2842.2405,0.2781340182988214,sl,-7.917000000000371,-15.974000000000743,0.0,-15.974000000000743,2025,2025-02-28
h00_r30_t1,-1,1740963515000000000,1740965400000000000,2866.4085,2871.4984999999997,0.17737283648261967,sl,-5.089999999999691,-10.319999999999382,0.0,-10.319999999999382,2025,2025-03-03
h01_r60_t3,-1,1740971340000000000,1740998770000000000,2864.1655,2872.1355000000003,0.27761508094291787,sl,-7.970000000000255,-16.08000000000051,0.0,-16.08000000000051,2025,2025-03-03
h02_r15_t3,-1,1740968185000000000,1740968320000000000,2869.9115,2871.6125,0.059264276340855016,sl,-1.7010000000000218,-3.542000000000044,0.0,-3.542000000000044,2025,2025-03-03
h04_r30_t3,1,1740976325000000000,1740979985000000000,2865.2945,2863.1504999999997,0.07485070443974765,sl,-2.144000000000233,-4.428000000000465,0.0,-4.428000000000465,2025,2025-03-03
h05_r60_t2,-1,1740986805000000000,1740991935000000000,2861.3325,2867.5135,0.21582476328150849,sl,-6.18100000000004,-12.50200000000008,0.0,-12.50200000000008,2025,2025-03-03
h06_r60_t3,1,1740985370000000000,1740986240000000000,2866.1014999999998,2861.8824999999997,0.1472233190012491,sl,-4.219000000000051,-8.578000000000102,0.0,-8.578000000000102,2025,2025-03-03
h13_r30_t3,1,1741012230000000000,1741038780000000000,2876.3885,2893.598,0.2595130551506174,forced_close,17.209499999999935,34.27899999999987,0.0,34.27899999999987,2025,2025-03-03
h14_r15_t2,1,1741012225000000000,1741015255000000000,2875.5045,2883.9005000000006,0.14610421532240359,tp,8.39600000000064,16.65200000000128,0.0,16.65200000000128,2025,2025-03-03
h00_r30_t1,-1,1741048295000000000,1741050485000000000,2890.2565,2886.6994999999997,0.12303967138688553,tp,3.5570000000002437,6.974000000000488,0.0,6.974000000000488,2025,2025-03-04
h01_r60_t3,1,1741065335000000000,1741093500000000000,2893.1405,2926.491499999999,0.38488083390731026,tp,33.3509999999992,66.5619999999984,0.0,66.5619999999984,2025,2025-03-04
h02_r15_t3,-1,1741055105000000000,1741058240000000000,2885.9175,2889.5205,0.12479272648555265,sl,-3.6030000000000655,-7.346000000000131,0.0,-7.346000000000131,2025,2025-03-04
h04_r30_t3,1,1741062725000000000,1741069035000000000,2889.7495,2886.8125,0.10165139386488317,sl,-2.936999999999898,-6.013999999999796,0.0,-6.013999999999796,2025,2025-03-04
h05_r60_t2,-1,1741068145000000000,1741072945000000000,2888.5485,2894.5474999999997,0.20759268785121832,sl,-5.998999999999796,-12.137999999999593,0.0,-12.137999999999593,2025,2025-03-04
h06_r60_t3,1,1741072015000000000,1741076220000000000,2890.0355,2906.7304999999988,0.19273184489396894,tp,16.6949999999988,33.2499999999976,0.0,33.2499999999976,2025,2025-03-04
h13_r30_t3,-1,1741095865000000000,1741100400000000000,2921.2484999999997,2901.0795,0.23009233297642578,tp,20.16899999999987,40.19799999999974,0.0,40.19799999999974,2025,2025-03-04
h14_r15_t2,-1,1741097715000000000,1741099530000000000,2917.9965,2907.7165000000005,0.17612936530549184,tp,10.279999999999745,20.41999999999949,0.0,20.41999999999949,2025,2025-03-04
h00_r30_t1,1,1741134600000000000,1741137060000000000,2917.0185,2912.2725,0.16271867035601123,sl,-4.746000000000095,-9.63200000000019,0.0,-9.63200000000019,2025,2025-03-05
h01_r60_t3,-1,1741142135000000000,1741153630000000000,2903.5254999999997,2915.1895,0.401194985956979,sl,-11.664000000000215,-23.46800000000043,0.0,-23.46800000000043,2025,2025-03-05
h02_r15_t3,1,1741141010000000000,1741142010000000000,2911.4355,2905.8715,0.19111425207742638,sl,-5.563999999999851,-11.267999999999702,0.0,-11.267999999999702,2025,2025-03-05
h04_r30_t3,1,1741149430000000000,1741181660000000000,2912.5525,2908.6565,0.1337868671500781,sl,-3.895999999999731,-7.931999999999461,0.0,-7.931999999999461,2025,2025-03-05
h05_r60_t2,1,1741154400000000000,1741172215000000000,2918.7905,2910.0725,0.29869191238027437,sl,-8.717999999999847,-17.575999999999695,0.0,-17.575999999999695,2025,2025-03-05
h06_r60_t3,-1,1741161010000000000,1741162495000000000,2913.559,2921.7065000000002,0.27828869932943645,sl,-8.147500000000036,-16.435000000000073,0.0,-16.435000000000073,2025,2025-03-05
h13_r30_t3,-1,1741181610000000000,1741182585000000000,2911.3625,2895.6815000000006,0.17942219325867062,tp,15.680999999999585,31.22199999999917,0.0,31.22199999999917,2025,2025-03-05
h14_r15_t2,-1,1741184280000000000,1741185040000000000,2899.2545,2906.6775,0.2557594544946726,sl,-7.4229999999997744,-14.98599999999955,0.0,-14.98599999999955,2025,2025-03-05
h00_r30_t1,-1,1741221965000000000,1741224915000000000,2917.4965,2920.3945000000003,0.09928310948669769,sl,-2.8980000000001382,-5.936000000000276,0.0,-5.936000000000276,2025,2025-03-06
h01_r60_t3,1,1741226675000000000,1741237290000000000,2925.7605000000003,2915.9545,0.33528379879349446,sl,-9.806000000000495,-19.75200000000099,0.0,-19.75200000000099,2025,2025-03-06
h02_r15_t3,-1,1741227375000000000,1741236145000000000,2924.1634999999997,2916.6634999999997,0.08547869178623282,tp,7.5,14.86,0.0,14.86,2025,2025-03-06
h04_r30_t3,-1,1741235975000000000,1741240870000000000,2916.9285,2921.6414999999997,0.1615502517088571,sl,-4.712999999999738,-9.565999999999477,0.0,-9.565999999999477,2025,2025-03-06
h05_r60_t2,1,1741240820000000000,1741246425000000000,2920.8295,2914.5795,0.21404875619692554,sl,-6.25,-12.64,0.0,-12.64,2025,2025-03-06
h06_r60_t3,-1,1741244725000000000,1741247995000000000,2919.8615,2909.985499999999,0.11271399867120642,tp,9.876000000001113,19.612000000002226,0.0,19.612000000002226,2025,2025-03-06
h13_r30_t3,-1,1741267915000000000,1741270040000000000,2901.0245,2909.4875,0.2913150224475795,sl,-8.463000000000193,-17.066000000000386,0.0,-17.066000000000386,2025,2025-03-06
h14_r15_t2,1,1741270695000000000,1741297980000000000,2911.3665,2911.195,0.27298054639766245,forced_close,-0.1714999999999236,-0.4829999999998472,0.0,-0.4829999999998472,2025,2025-03-06
h01_r60_t3,-1,1741313390000000000,1741324800000000000,2901.52,2910.2985,0.30189992959910505,sl,-8.778499999999894,-17.69699999999979,0.0,-17.69699999999979,2025,2025-03-07
h02_r15_t3,1,1741315095000000000,1741359360000000000,2907.761,2927.2129999999997,0.2232918850928362,tp,19.45199999999977,38.76399999999954,0.0,38.76399999999954,2025,2025-03-07
h04_r30_t3,1,1741322875000000000,1741333950000000000,2907.8505,2916.9224999999997,0.10403716851698652,tp,9.071999999999662,18.003999999999323,0.0,18.003999999999323,2025,2025-03-07
h05_r60_t2,1,1741329060000000000,1741354610000000000,2912.6715,2924.9674999999993,0.21129409557070056,tp,12.295999999999367,24.451999999998733,0.0,24.451999999998733,2025,2025-03-07
h06_r60_t3,1,1741333340000000000,1741356070000000000,2914.9115,2907.8635,0.2419087312817277,sl,-7.048000000000229,-14.236000000000459,0.0,-14.236000000000459,2025,2025-03-07
h13_r30_t3,1,1741354200000000000,1741356060000000000,2920.5744999999997,2910.2915000000003,0.3530999604595157,sl,-10.282999999999447,-20.705999999998895,0.0,-20.705999999998895,2025,2025-03-07
h14_r15_t2,1,1741357065000000000,1741371855000000000,2915.1535000000003,2903.6504999999997,0.39480550860599506,sl,-11.503000000000611,-23.146000000001223,0.0,-23.146000000001223,2025,2025-03-07
h00_r30_t1,-1,1741567065000000000,1741568850000000000,2913.8565,2918.0285000000003,0.14312819150224326,sl,-4.17200000000048,-8.484000000000961,0.0,-8.484000000000961,2025,2025-03-10
h01_r60_t3,-1,1741572735000000000,1741628240000000000,2911.4075000000003,2890.455500000002,0.2398156880459217,tp,20.951999999998407,41.76399999999681,0.0,41.76399999999681,2025,2025-03-10
h02_r15_t3,-1,1741573525000000000,1741574485000000000,2909.9395,2914.2445,0.147896392822433,sl,-4.304999999999836,-8.749999999999673,0.0,-8.749999999999673,2025,2025-03-10
h04_r30_t3,1,1741581075000000000,1741582690000000000,2912.3725,2910.5495,0.06261010646636922,sl,-1.8229999999998654,-3.785999999999731,0.0,-3.785999999999731,2025,2025-03-10
h05_r60_t2,1,1741586835000000000,1741593260000000000,2912.0325000000003,2907.0425,0.1714819355465123,sl,-4.9900000000002365,-10.120000000000474,0.0,-10.120000000000474,2025,2025-03-10
h06_r60_t3,1,1741590000000000000,1741593170000000000,2914.6785,2909.3605,0.18247126412132905,sl,-5.318000000000211,-10.776000000000423,0.0,-10.776000000000423,2025,2025-03-10
h13_r30_t3,-1,1741613430000000000,1741615930000000000,2901.2135,2908.7045,0.2581609230657354,sl,-7.4909999999999854,-15.121999999999971,0.0,-15.121999999999971,2025,2025-03-10
h14_r15_t2,1,1741616160000000000,1741619930000000000,2908.8995,2900.9295,0.27406959476385395,sl,-7.9699999999998,-16.0799999999996,0.0,-16.0799999999996,2025,2025-03-10
h00_r30_t1,-1,1741655055000000000,1741655285000000000,2884.2145,2888.6955,0.15519450484691963,sl,-4.480999999999767,-9.101999999999535,0.0,-9.101999999999535,2025,2025-03-11
h01_r60_t3,1,1741658440000000000,1741726380000000000,2891.0595000000003,2915.589,0.37662255670572453,forced_close,24.529499999999643,48.918999999999286,0.0,48.918999999999286,2025,2025-03-11
h02_r15_t3,1,1741659300000000000,1741681590000000000,2894.128,2906.4999999999995,0.14249776397027644,tp,12.371999999999389,24.603999999998777,0.0,24.603999999998777,2025,2025-03-11
h04_r30_t3,1,1741667400000000000,1741671915000000000,2897.8115,2895.5525,0.07796173041910434,sl,-2.2590000000000146,-4.658000000000029,0.0,-4.658000000000029,2025,2025-03-11
h05_r60_t2,1,1741674785000000000,1741686365000000000,2899.1645,2911.830499999999,0.21869102045966654,tp,12.665999999999258,25.191999999998515,0.0,25.191999999998515,2025,2025-03-11
h06_r60_t3,1,1741676880000000000,1741726380000000000,2902.9075000000003,2915.589,0.3221146764770033,forced_close,12.681499999999687,25.222999999999374,0.0,25.222999999999374,2025,2025-03-11
h13_r30_t3,1,1741700055000000000,1741726380000000000,2913.9435000000003,2915.589,0.2405396358862814,forced_close,1.645499999999629,3.1509999999992577,0.0,3.1509999999992577,2025,2025-03-11
h14_r15_t2,1,1741702560000000000,1741703070000000000,2920.6525,2915.4285,0.17896034113459144,sl,-5.22400000000016,-10.58800000000032,0.0,-10.58800000000032,2025,2025-03-11
h00_r30_t1,-1,1741739875000000000,1741741920000000000,2913.5905000000002,2911.4745000000003,0.07260386238136844,tp,2.1159999999999854,4.091999999999971,0.0,4.091999999999971,2025,2025-03-12
h01_r60_t3,1,1741746680000000000,1741762805000000000,2917.3785,2910.9155,0.22171469541672667,sl,-6.462999999999738,-13.065999999999477,0.0,-13.065999999999477,2025,2025-03-12
h02_r15_t3,1,1741745800000000000,1741752380000000000,2915.8914999999997,2914.0095,0.06455599658146867,sl,-1.881999999999607,-3.9039999999992143,0.0,-3.9039999999992143,2025,2025-03-12
h04_r30_t3,1,1741754370000000000,1741757140000000000,2915.7555,2912.6775,0.10557284328968236,sl,-3.0780000000004293,-6.296000000000858,0.0,-6.296000000000858,2025,2025-03-12
h05_r60_t2,1,1741759250000000000,1741762080000000000,2916.5875,2912.1544999999996,0.15201682918546336,sl,-4.4330000000004475,-9.006000000000896,0.0,-9.006000000000896,2025,2025-03-12
h06_r60_t3,-1,1741762800000000000,1741769555000000000,2911.4145,2921.1994999999997,0.3360198322098568,sl,-9.784999999999854,-19.70999999999971,0.0,-19.70999999999971,2025,2025-03-12
h13_r30_t3,1,1741790150000000000,1741812780000000000,2918.8995,2932.642,0.4414450609597808,forced_close,13.742499999999836,27.344999999999672,0.0,27.344999999999672,2025,2025-03-12
h14_r15_t2,1,1741789325000000000,1741792235000000000,2918.1135,2925.6355,0.1289740493307724,tp,7.5219999999999345,14.903999999999868,0.0,14.903999999999868,2025,2025-03-12
h00_r30_t1,1,1741827625000000000,1741827830000000000,2939.4184999999998,2941.2184999999995,0.06125166761917753,tp,1.7999999999997272,3.459999999999454,0.0,3.459999999999454,2025,2025-03-13
h01_r60_t3,1,1741832105000000000,1741846140000000000,2941.5615,2936.5625,0.17015060149206987,sl,-4.998999999999796,-10.137999999999593,0.0,-10.137999999999593,2025,2025-03-13
h02_r15_t3,1,1741832100000000000,1741846010000000000,2941.303,2937.5935,0.12460652472402421,sl,-3.7094999999999345,-7.558999999999869,0.0,-7.558999999999869,2025,2025-03-13
h04_r30_t3,-1,1741840205000000000,1741846010000000000,2944.1105,2937.690499999999,0.07267556625389303,tp,6.420000000000982,12.700000000001964,0.0,12.700000000001964,2025,2025-03-13
h05_r60_t2,-1,1741845965000000000,1741857560000000000,2938.2535,2945.2455,0.23781354390988627,sl,-6.992000000000189,-14.124000000000379,0.0,-14.124000000000379,2025,2025-03-13
h06_r60_t3,-1,1741849950000000000,1741853555000000000,2935.4685,2940.4044999999996,0.1680626775727982,sl,-4.935999999999694,-10.01199999999939,0.0,-10.01199999999939,2025,2025-03-13
h13_r30_t3,1,1741872630000000000,1741877275000000000,2945.8325,2966.2835,0.23147303196565516,tp,20.451000000000022,40.76200000000004,0.0,40.76200000000004,2025,2025-03-13
h14_r15_t2,1,1741875420000000000,1741876915000000000,2953.723,2961.3410000000003,0.1289850024881067,tp,7.618000000000393,15.096000000000785,0.0,15.096000000000785,2025,2025-03-13
h00_r30_t1,1,1741913690000000000,1741914470000000000,2987.2955,2989.7515000000003,0.08227371587596738,tp,2.456000000000131,4.772000000000262,0.0,4.772000000000262,2025,2025-03-14
h01_r60_t3,1,1741924270000000000,1741933210000000000,2990.2545,2981.7725,0.283873606297562,sl,-8.481999999999971,-17.103999999999942,0.0,-17.103999999999942,2025,2025-03-14
h02_r15_t3,-1,1741919670000000000,1741923945000000000,2986.1605,2988.6385,0.08293626508679659,sl,-2.4780000000000655,-5.096000000000131,0.0,-5.096000000000131,2025,2025-03-14
h04_r30_t3,-1,1741926600000000000,1741929925000000000,2991.3635,2983.4315000000006,0.08838693016713046,tp,7.931999999999334,15.723999999998668,0.0,15.723999999998668,2025,2025-03-14
h05_r60_t2,-1,1741933200000000000,1741934825000000000,2981.9435000000003,2986.6735,0.1583807261705922,sl,-4.729999999999563,-9.599999999999127,0.0,-9.599999999999127,2025,2025-03-14
h06_r60_t3,-1,1741937040000000000,1741939545000000000,2981.2075,2987.7235,0.21823585649284583,sl,-6.516000000000076,-13.172000000000153,0.0,-13.172000000000153,2025,2025-03-14
h13_r30_t3,-1,1741959120000000000,1741965650000000000,2991.9255000000003,2979.2355000000016,0.1412069859068272,tp,12.68999999999869,25.23999999999738,0.0,25.23999999999738,2025,2025-03-14
h14_r15_t2,1,1741961835000000000,1741962560000000000,2993.3655,2984.1435,0.30832543880456365,sl,-9.221999999999753,-18.583999999999506,0.0,-18.583999999999506,2025,2025-03-14
h00_r30_t1,1,1742171460000000000,1742180785000000000,2990.7605000000003,2986.4404999999997,0.1445111600583403,sl,-4.3200000000006185,-8.780000000001237,0.0,-8.780000000001237,2025,2025-03-17
h01_r60_t3,-1,1742178040000000000,1742204005000000000,2988.7355,2993.1715,0.14831589078053076,sl,-4.436000000000149,-9.012000000000299,0.0,-9.012000000000299,2025,2025-03-17
h02_r15_t3,-1,1742177980000000000,1742203310000000000,2989.0935,2992.1035,0.10066928351062951,sl,-3.0100000000002183,-6.160000000000436,0.0,-6.160000000000436,2025,2025-03-17
h04_r30_t3,-1,1742185800000000000,1742192545000000000,2983.6565,2987.9735,0.1446638492346005,sl,-4.317000000000007,-8.774000000000015,0.0,-8.774000000000015,2025,2025-03-17
h05_r60_t2,1,1742191200000000000,1742204265000000000,2986.2195,2994.1815000000006,0.1333174151692253,tp,7.962000000000444,15.784000000000887,0.0,15.784000000000887,2025,2025-03-17
h06_r60_t3,-1,1742197565000000000,1742202720000000000,2985.4545,2990.8244999999997,0.17960343761648145,sl,-5.369999999999891,-10.879999999999782,0.0,-10.879999999999782,2025,2025-03-17
h13_r30_t3,1,1742218320000000000,1742244780000000000,2990.7725,3001.109,0.15839550574509978,forced_close,10.336499999999887,20.532999999999774,0.0,20.532999999999774,2025,2025-03-17
h14_r15_t2,1,1742220925000000000,1742244780000000000,2993.5465,3001.109,0.21211359386209294,forced_close,7.5625,14.985,0.0,14.985,2025,2025-03-17
h00_r30_t1,1,1742257880000000000,1742259690000000000,3003.0525,2999.6335,0.11387622996070186,sl,-3.418999999999869,-6.977999999999738,0.0,-6.977999999999738,2025,2025-03-18
h01_r60_t3,1,1742266035000000000,1742302370000000000,3008.5795,3035.7444999999993,0.30124775789993,tp,27.16499999999951,54.18999999999902,0.0,54.18999999999902,2025,2025-03-18
h02_r15_t3,1,1742264275000000000,1742280745000000000,3006.6065,3017.6555,0.12251822013593411,tp,11.048999999999978,21.957999999999956,0.0,21.957999999999956,2025,2025-03-18
h04_r30_t3,1,1742272200000000000,1742274965000000000,3013.7225,3011.2895,0.08073426034492717,sl,-2.4329999999999927,-5.005999999999985,0.0,-5.005999999999985,2025,2025-03-18
h05_r60_t2,1,1742277885000000000,1742301580000000000,3014.9755,3032.6335000000004,0.29311605539957114,tp,17.658000000000357,35.17600000000071,0.0,35.17600000000071,2025,2025-03-18
h06_r60_t3,1,1742281940000000000,1742331180000000000,3017.8445,3034.073,0.23668478166259688,forced_close,16.228499999999713,32.316999999999425,0.0,32.316999999999425,2025,2025-03-18
h13_r30_t3,1,1742304645000000000,1742304870000000000,3037.6955,3033.3355,0.14363179922381747,sl,-4.359999999999673,-8.859999999999346,0.0,-8.859999999999346,2025,2025-03-18
h14_r15_t2,-1,1742307615000000000,1742314330000000000,3025.2835,3033.2934999999998,0.26470566366021714,sl,-8.009999999999764,-16.159999999999528,0.0,-16.159999999999528,2025,2025-03-18
h00_r30_t1,1,1742344215000000000,1742346215000000000,3033.9525000000003,3030.5955000000004,0.11066288120717054,sl,-3.356999999999971,-6.8539999999999415,0.0,-6.8539999999999415,2025,2025-03-19
h01_r60_t3,1,1742351570000000000,1742373885000000000,3032.793,3027.3995,0.1777550673810461,sl,-5.393500000000131,-10.927000000000263,0.0,-10.927000000000263,2025,2025-03-19
h02_r15_t3,1,1742351550000000000,1742362675000000000,3032.4555,3042.6405,0.11199307259344723,tp,10.184999999999945,20.22999999999989,0.0,20.22999999999989,2025,2025-03-19
h04_r30_t3,1,1742360850000000000,1742371725000000000,3037.7425000000003,3034.3365000000003,0.11215027742046949,sl,-3.405999999999949,-6.951999999999898,0.0,-6.951999999999898,2025,2025-03-19
h05_r60_t2,-1,1742365240000000000,1742409425000000000,3036.4674999999997,3045.4325,0.29445193757750776,sl,-8.965000000000146,-18.07000000000029,0.0,-18.07000000000029,2025,2025-03-19
h06_r60_t3,-1,1742371625000000000,1742409390000000000,3034.5865000000003,3044.8135,0.33616572210792905,sl,-10.226999999999862,-20.593999999999724,0.0,-20.593999999999724,2025,2025-03-19
h13_r30_t3,-1,1742391120000000000,1742401660000000000,3033.0685000000003,3038.3675000000003,0.17464462587110072,sl,-5.298999999999978,-10.737999999999957,0.0,-10.737999999999957,2025,2025-03-19
h14_r15_t2,-1,1742394175000000000,1742400110000000000,3027.0744999999997,3033.4094999999998,0.2091893047633919,sl,-6.335000000000036,-12.810000000000073,0.0,-12.810000000000073,2025,2025-03-19
h00_r30_t1,1,1742433560000000000,1742435950000000000,3055.5525,3050.1035,0.17842732148302656,sl,-5.448999999999614,-11.03799999999923,0.0,-11.03799999999923,2025,2025-03-20
h01_r60_t3,-1,1742436035000000000,1742445565000000000,3049.4894999999997,3056.2525,0.22175700868388298,sl,-6.763000000000375,-13.66600000000075,0.0,-13.66600000000075,2025,2025-03-20
h02_r15_t3,1,1742436905000000000,1742438175000000000,3052.1195,3048.4465,0.12037123366749566,sl,-3.6729999999997744,-7.485999999999549,0.0,-7.485999999999549,2025,2025-03-20
h04_r30_t3,1,1742445025000000000,1742448430000000000,3053.6455,3048.2174999999997,0.17776575497310468,sl,-5.428000000000338,-10.996000000000677,0.0,-10.996000000000677,2025,2025-03-20
h05_r60_t2,-1,1742455260000000000,1742466670000000000,3044.9535,3027.4935,0.2865231239422568,tp,17.460000000000036,34.78000000000007,0.0,34.78000000000007,2025,2025-03-20
h06_r60_t3,-1,1742454110000000000,1742466670000000000,3045.6835,3028.0675000000006,0.19257418590918557,tp,17.61599999999953,35.09199999999906,0.0,35.09199999999906,2025,2025-03-20
h13_r30_t3,1,1742483460000000000,1742503980000000000,3041.1485000000002,3044.685,0.3690240822443791,forced_close,3.5364999999997053,6.932999999999411,0.0,6.932999999999411,2025,2025-03-20
h14_r15_t2,1,1742480190000000000,1742503980000000000,3036.1295,3044.685,0.17807772590295357,forced_close,8.555499999999938,16.970999999999876,0.0,16.970999999999876,2025,2025-03-20
h00_r30_t1,-1,1742518800000000000,1742521545000000000,3042.3495000000003,3037.1835000000005,0.16971918636634256,tp,5.165999999999713,10.191999999999425,0.0,10.191999999999425,2025,2025-03-21
h01_r60_t3,-1,1742522400000000000,1742565005000000000,3035.958,3009.8370000000004,0.28679414573667933,tp,26.12099999999964,52.10199999999928,0.0,52.10199999999928,2025,2025-03-21
h02_r15_t3,-1,1742523350000000000,1742533870000000000,3034.7785000000003,3027.7435000000023,0.07725013246995506,tp,7.0349999999980355,13.92999999999607,0.0,13.92999999999607,2025,2025-03-21
h04_r30_t3,-1,1742532710000000000,1742537400000000000,3029.2595,3032.1075,0.09397096105929677,sl,-2.8479999999999563,-5.835999999999912,0.0,-5.835999999999912,2025,2025-03-21
h05_r60_t2,1,1742537110000000000,1742564285000000000,3030.5055,3021.6324999999997,0.29302343015084953,sl,-8.873000000000502,-17.886000000001005,0.0,-17.886000000001005,2025,2025-03-21
h06_r60_t3,1,1742544145000000000,1742545005000000000,3034.0195000000003,3027.5305,0.21416233861710957,sl,-6.4890000000004875,-13.118000000000976,0.0,-13.118000000000976,2025,2025-03-21
h13_r30_t3,-1,1742563800000000000,1742565455000000000,3029.6065,3007.6165,0.24191487005821394,tp,21.98999999999978,43.83999999999956,0.0,43.83999999999956,2025,2025-03-21
h14_r15_t2,1,1742566930000000000,1742589000000000000,3007.4695,3023.4255000000003,0.2655890856135328,tp,15.956000000000131,31.77200000000026,0.0,31.77200000000026,2025,2025-03-21
h00_r30_t1,-1,1742776220000000000,1742777490000000000,3022.3905,3019.2394999999997,0.10423877328398597,tp,3.1510000000002947,6.16200000000059,0.0,6.16200000000059,2025,2025-03-24
h01_r60_t3,-1,1742784200000000000,1742799090000000000,3018.3905,3025.7285,0.2428963653759868,sl,-7.338000000000193,-14.816000000000386,0.0,-14.816000000000386,2025,2025-03-24
h02_r15_t3,-1,1742783965000000000,1742798590000000000,3020.7805,3024.5575,0.12493737832291976,sl,-3.7770000000000437,-7.694000000000087,0.0,-7.694000000000087,2025,2025-03-24
h04_r30_t3,1,1742792015000000000,1742800990000000000,3019.5645,3028.4445,0.0980760039329815,tp,8.88000000000011,17.620000000000218,0.0,17.620000000000218,2025,2025-03-24
h05_r60_t2,-1,1742796725000000000,1742797925000000000,3019.0775000000003,3023.2825000000003,0.13913887101627884,sl,-4.204999999999927,-8.549999999999855,0.0,-8.549999999999855,2025,2025-03-24
h06_r60_t3,1,1742800065000000000,1742826470000000000,3025.7715,3017.3644999999997,0.2779061013231746,sl,-8.407000000000153,-16.954000000000306,0.0,-16.954000000000306,2025,2025-03-24
h13_r30_t3,-1,1742823330000000000,1742827610000000000,3023.4255000000003,3008.6325000000015,0.1630335683505121,tp,14.792999999998756,29.44599999999751,0.0,29.44599999999751,2025,2025-03-24
h14_r15_t2,-1,1742826215000000000,1742826835000000000,3020.0625,3011.8904999999995,0.13514306858445374,tp,8.17200000000048,16.20400000000096,0.0,16.20400000000096,2025,2025-03-24
h00_r30_t1,1,1742862715000000000,1742863995000000000,3011.9584999999997,3014.8514999999998,0.0960989889343336,tp,2.893000000000029,5.6460000000000585,0.0,5.6460000000000585,2025,2025-03-25
h01_r60_t3,-1,1742868235000000000,1742872945000000000,3010.6005,3014.6684999999998,0.1350640433652447,sl,-4.067999999999756,-8.275999999999513,0.0,-8.275999999999513,2025,2025-03-25
h02_r15_t3,1,1742869015000000000,1742870925000000000,3011.9625,3008.7794999999996,0.1057009612544525,sl,-3.1830000000004475,-6.506000000000895,0.0,-6.506000000000895,2025,2025-03-25
h04_r30_t3,-1,1742878810000000000,1742879080000000000,3014.7625,3016.5775000000003,0.06018853436609484,sl,-1.8150000000005093,-3.7700000000010188,0.0,-3.7700000000010188,2025,2025-03-25
h05_r60_t2,-1,1742887320000000000,1742892465000000000,3014.4205,3021.0895,0.22094381006981875,sl,-6.668999999999869,-13.477999999999739,0.0,-13.477999999999739,2025,2025-03-25
h06_r60_t3,-1,1742887200000000000,1742891525000000000,3014.8755,3018.7415,0.12810416930029594,sl,-3.8659999999999854,-7.871999999999971,0.0,-7.871999999999971,2025,2025-03-25
h13_r30_t3,1,1742909470000000000,1742915900000000000,3025.1994999999997,3020.9015,0.14215776502061583,sl,-4.2979999999997744,-8.73599999999955,0.0,-8.73599999999955,2025,2025-03-25
h14_r15_t2,-1,1742912640000000000,1742935980000000000,3027.7225,3020.055,0.2737097347835173,forced_close,7.667500000000018,15.195000000000036,0.0,15.195000000000036,2025,2025-03-25
h00_r30_t1,-1,1742949000000000000,1742949450000000000,3020.591,3018.891,0.05627997632929805,tp,1.699999999999818,3.259999999999636,0.0,3.259999999999636,2025,2025-03-26
h01_r60_t3,1,1742954455000000000,1742961705000000000,3025.5955000000004,3016.4665,0.3018004384685425,sl,-9.12900000000036,-18.39800000000072,0.0,-18.39800000000072,2025,2025-03-26
h02_r15_t3,1,1742956195000000000,1742957015000000000,3026.3695,3023.9065,0.08141453036161168,sl,-2.462999999999738,-5.065999999999476,0.0,-5.065999999999476,2025,2025-03-26
h04_r30_t3,-1,1742963405000000000,1742967235000000000,3015.5254999999997,3017.7595,0.07407742682741462,sl,-2.2340000000003783,-4.608000000000756,0.0,-4.608000000000756,2025,2025-03-26
h05_r60_t2,1,1742968935000000000,1743001335000000000,3024.1615,3013.2974999999997,0.359387195871827,sl,-10.864000000000487,-21.868000000000976,0.0,-21.868000000000976,2025,2025-03-26
h06_r60_t3,1,1742972600000000000,1742980315000000000,3026.4485,3022.1665000000003,0.14149583434874818,sl,-4.281999999999698,-8.703999999999397,0.0,-8.703999999999397,2025,2025-03-26
h13_r30_t3,-1,1742996255000000000,1743022380000000000,3021.6525,3019.603,0.195485000666975,forced_close,2.04950000000008,3.95900000000016,0.0,3.95900000000016,2025,2025-03-26
h14_r15_t2,1,1743000050000000000,1743001245000000000,3019.6724999999997,3014.9825,0.15539235492805314,sl,-4.6899999999996,-9.5199999999992,0.0,-9.5199999999992,2025,2025-03-26
h00_r30_t1,1,1743037000000000000,1743042905000000000,3025.2285,3028.8545000000004,0.1199295570957865,tp,3.6260000000002037,7.112000000000408,0.0,7.112000000000408,2025,2025-03-27
h01_r60_t3,1,1743042775000000000,1743070055000000000,3028.4725,3044.6754999999994,0.1786254964827988,tp,16.20299999999952,32.26599999999904,0.0,32.26599999999904,2025,2025-03-27
h02_r15_t3,1,1743041885000000000,1743049745000000000,3026.6904999999997,3036.953499999998,0.11304683016983516,tp,10.262999999998101,20.3859999999962,0.0,20.3859999999962,2025,2025-03-27
h04_r30_t3,1,1743049805000000000,1743050865000000000,3037.5455,3033.1025,0.14628323535847249,sl,-4.443000000000211,-9.026000000000423,0.0,-9.026000000000423,2025,2025-03-27
h05_r60_t2,-1,1743055200000000000,1743061950000000000,3029.4515,3035.9865,0.21569219288327504,sl,-6.5349999999998545,-13.20999999999971,0.0,-13.20999999999971,2025,2025-03-27
h06_r60_t3,1,1743059280000000000,1743071180000000000,3033.3535,3053.0695000000005,0.21689643706678646,tp,19.71600000000035,39.2920000000007,0.0,39.2920000000007,2025,2025-03-27
h13_r30_t3,-1,1743082495000000000,1743086280000000000,3038.3635,3052.2285,0.4557312102909543,sl,-13.865000000000236,-27.870000000000474,0.0,-27.870000000000474,2025,2025-03-27
h14_r15_t2,1,1743084900000000000,1743108780000000000,3047.3865,3056.774,0.21967315168457247,forced_close,9.387499999999818,18.634999999999636,0.0,18.634999999999636,2025,2025-03-27
h00_r30_t1,1,1743123650000000000,1743126495000000000,3063.5715,3072.0654999999997,0.27738548990427153,tp,8.493999999999687,16.847999999999374,0.0,16.847999999999374,2025,2025-03-28
h01_r60_t3,1,1743127200000000000,1743195180000000000,3074.1385,3084.729,0.3994195761461557,forced_close,10.590499999999793,21.040999999999585,0.0,21.040999999999585,2025,2025-03-28
h02_r15_t3,1,1743128805000000000,1743129245000000000,3077.5095,3072.7505,0.15481681501244943,sl,-4.7590000000000146,-9.65800000000003,0.0,-9.65800000000003,2025,2025-03-28
h04_r30_t3,-1,1743138840000000000,1743139425000000000,3072.6065,3075.5015000000003,0.09417293957660682,sl,-2.8950000000004366,-5.930000000000873,0.0,-5.930000000000873,2025,2025-03-28
h05_r60_t2,1,1743142060000000000,1743149940000000000,3082.0645,3072.5254999999997,0.30991774135303723,sl,-9.539000000000215,-19.21800000000043,0.0,-19.21800000000043,2025,2025-03-28
h06_r60_t3,1,1743145610000000000,1743149170000000000,3085.0225,3076.7335000000003,0.2687064018676136,sl,-8.28899999999976,-16.71799999999952,0.0,-16.71799999999952,2025,2025-03-28
h13_r30_t3,1,1743169860000000000,1743172460000000000,3079.9325,3070.8095000000003,0.2965192385666642,sl,-9.122999999999593,-18.385999999999186,0.0,-18.385999999999186,2025,2025-03-28
h14_r15_t2,-1,1743171300000000000,1743195180000000000,3080.0885,3084.766,0.2205396274230629,forced_close,-4.6775000000002365,-9.495000000000474,0.0,-9.495000000000474,2025,2025-03-28
h00_r30_t1,-1,1743382320000000000,1743384385000000000,3082.7205000000004,3089.8095000000003,0.22983657416735928,sl,-7.088999999999942,-14.317999999999884,0.0,-14.317999999999884,2025,2025-03-31
h01_r60_t3,1,1743386500000000000,1743454380000000000,3095.5005,3124.04,0.6005484940647203,forced_close,28.53949999999986,56.93899999999972,0.0,56.93899999999972,2025,2025-03-31
h02_r15_t3,1,1743387325000000000,1743400425000000000,3099.7605000000003,3117.2565000000013,0.1881983924720751,tp,17.496000000001004,34.85200000000201,0.0,34.85200000000201,2025,2025-03-31
h04_r30_t3,1,1743395400000000000,1743401590000000000,3111.1504999999997,3126.621499999999,0.16578211498051162,tp,15.470999999999094,30.801999999998188,0.0,30.801999999998188,2025,2025-03-31
h05_r60_t2,1,1743401340000000000,1743428420000000000,3120.1684999999998,3107.6525,0.40158303802572404,sl,-12.515999999999622,-25.171999999999244,0.0,-25.171999999999244,2025,2025-03-31
h06_r60_t3,-1,1743414485000000000,1743454380000000000,3113.5145,3124.077,0.4722279171334439,forced_close,-10.5625,-21.265,0.0,-21.265,2025,2025-03-31
h13_r30_t3,-1,1743427870000000000,1743433955000000000,3113.8734999999997,3124.8445,0.3518481488685668,sl,-10.971000000000458,-22.082000000000917,0.0,-22.082000000000917,2025,2025-03-31
h14_r15_t2,-1,1743431115000000000,1743431605000000000,3111.3935,3116.7095,0.17065473667212683,sl,-5.3159999999998035,-10.771999999999608,0.0,-10.771999999999608,2025,2025-03-31
h00_r30_t1,1,1743467920000000000,1743469280000000000,3125.6225,3130.9375,0.17012254424586676,tp,5.315000000000055,10.490000000000109,0.0,10.490000000000109,2025,2025-04-01
h01_r60_t3,1,1743473505000000000,1743487405000000000,3138.3375,3126.5945,0.37451493331653457,sl,-11.742999999999938,-23.625999999999877,0.0,-23.625999999999877,2025,2025-04-01
h02_r15_t3,1,1743473990000000000,1743486905000000000,3140.028,3133.0315,0.22183144409753455,sl,-6.996499999999742,-14.132999999999484,0.0,-14.132999999999484,2025,2025-04-01
h04_r30_t3,-1,1743483745000000000,1743485695000000000,3142.8644999999997,3147.9915,0.16308167427339376,sl,-5.1270000000004075,-10.394000000000815,0.0,-10.394000000000815,2025,2025-04-01
h05_r60_t2,-1,1743487205000000000,1743540780000000000,3130.5744999999997,3113.626,0.591797871781706,forced_close,16.948499999999513,33.756999999999024,0.0,33.756999999999024,2025,2025-04-01
h06_r60_t3,-1,1743493385000000000,1743502980000000000,3126.6065,3138.1935000000003,0.3697419193744493,sl,-11.587000000000444,-23.31400000000089,0.0,-23.31400000000089,2025,2025-04-01
h13_r30_t3,-1,1743514265000000000,1743524310000000000,3128.3215,3101.8735000000006,0.28172142142133516,tp,26.44799999999941,52.75599999999882,0.0,52.75599999999882,2025,2025-04-01
h14_r15_t2,-1,1743517365000000000,1743524310000000000,3124.2285,3101.6685000000007,0.3608933069168736,tp,22.55999999999949,44.97999999999898,0.0,44.97999999999898,2025,2025-04-01
h00_r30_t1,1,1743553805000000000,1743556285000000000,3122.0305,3131.0114999999996,0.28770377883103615,tp,8.980999999999767,17.821999999999534,0.0,17.821999999999534,2025,2025-04-02
h01_r60_t3,1,1743559555000000000,1743568585000000000,3135.4635,3121.4555,0.44707679025800934,sl,-14.00799999999981,-28.155999999999622,0.0,-28.155999999999622,2025,2025-04-02
h02_r15_t3,-1,1743560250000000000,1743568645000000000,3132.1785,3121.3635,0.1150691603957172,tp,10.815000000000055,21.49000000000011,0.0,21.49000000000011,2025,2025-04-02
h04_r30_t3,-1,1743568240000000000,1743569600000000000,3124.1925,3116.1944999999996,0.08533161944594837,tp,7.998000000000502,15.856000000001004,0.0,15.856000000001004,2025,2025-04-02
h05_r60_t2,1,1743574840000000000,1743624845000000000,3119.3064999999997,3108.7425000000003,0.3388005709321809,sl,-10.563999999999396,-21.267999999998793,0.0,-21.267999999998793,2025,2025-04-02
h06_r60_t3,-1,1743577450000000000,1743579915000000000,3114.0625,3119.7725,0.1832112700279048,sl,-5.710000000000036,-11.560000000000073,0.0,-11.560000000000073,2025,2025-04-02
h13_r30_t3,1,1743600725000000000,1743601605000000000,3127.2264999999998,3120.7855,0.20605539246257637,sl,-6.4409999999998035,-13.021999999999608,0.0,-13.021999999999608,2025,2025-04-02
h14_r15_t2,1,1743603315000000000,1743618550000000000,3124.7765,3119.4635,0.17006609466884892,sl,-5.313000000000102,-10.766000000000204,0.0,-10.766000000000204,2025,2025-04-02
h01_r60_t3,-1,1743647330000000000,1743676495000000000,3147.9825,3102.6495000000004,0.47918543233158317,tp,45.33299999999963,90.52599999999926,0.0,90.52599999999926,2025,2025-04-03
h02_r15_t3,-1,1743647205000000000,1743657160000000000,3150.4145,3135.4054999999994,0.15872454375418782,tp,15.00900000000047,29.878000000000938,0.0,29.878000000000938,2025,2025-04-03
h04_r30_t3,-1,1743654645000000000,1743655955000000000,3147.1915,3139.4635,0.08182907031725194,tp,7.7280000000000655,15.31600000000013,0.0,15.31600000000013,2025,2025-04-03
h05_r60_t2,-1,1743661720000000000,1743677935000000000,3124.1324999999997,3090.196499999999,0.5417680739024368,tp,33.936000000000604,67.73200000000121,0.0,67.73200000000121,2025,2025-04-03
h06_r60_t3,-1,1743674920000000000,1743683965000000000,3116.4714999999997,3063.227499999998,0.5674414634158199,tp,53.244000000001506,106.34800000000301,0.0,106.34800000000301,2025,2025-04-03
h13_r30_t3,1,1743687425000000000,1743713580000000000,3076.5545,3114.579,0.7314822653147548,forced_close,38.02449999999999,75.90899999999998,0.0,75.90899999999998,2025,2025-04-03
h14_r15_t2,1,1743689730000000000,1743713580000000000,3116.6555,3114.579,0.9782778835124262,forced_close,-2.076499999999669,-4.292999999999338,0.0,-4.292999999999338,2025,2025-04-03
h00_r30_t1,-1,1743726600000000000,1743728905000000000,3109.1075,3115.1695,0.19496290092703533,sl,-6.061999999999898,-12.263999999999797,0.0,-12.263999999999797,2025,2025-04-04
h01_r60_t3,-1,1743732005000000000,1743735990000000000,3109.1825,3089.0734999999986,0.21553536325009287,tp,20.109000000001288,40.078000000002575,0.0,40.078000000002575,2025,2025-04-04
h02_r15_t3,-1,1743733400000000000,1743735985000000000,3107.5365,3090.8685000000014,0.17849120000795388,tp,16.667999999998756,33.19599999999751,0.0,33.19599999999751,2025,2025-04-04
h04_r30_t3,1,1743741305000000000,1743750145000000000,3101.8355,3096.0725,0.18596138372952187,sl,-5.76299999999992,-11.66599999999984,0.0,-11.66599999999984,2025,2025-04-04
h05_r60_t2,1,1743746400000000000,1743750130000000000,3108.9875,3098.9004999999997,0.32444646367991004,sl,-10.087000000000444,-20.31400000000089,0.0,-20.31400000000089,2025,2025-04-04
h06_r60_t3,-1,1743750080000000000,1743762735000000000,3100.5375,3110.0405,0.30643416623255937,sl,-9.503000000000156,-19.146000000000313,0.0,-19.146000000000313,2025,2025-04-04
h13_r30_t3,-1,1743773630000000000,1743781505000000000,3069.9584999999997,3017.3234999999995,0.5704181999331257,tp,52.63500000000022,105.13000000000044,0.0,105.13000000000044,2025,2025-04-04
h14_r15_t2,-1,1743776105000000000,1743781470000000000,3047.2815,3017.9695,0.4806865263625681,tp,29.311999999999898,58.483999999999796,0.0,58.483999999999796,2025,2025-04-04
h00_r30_t1,1,1743988505000000000,1743989995000000000,3009.7735000000002,3048.7375,1.3051475852810124,tp,38.96399999999994,77.78799999999988,0.0,77.78799999999988,2025,2025-04-07
h02_r15_t3,-1,1743993225000000000,1744042910000000000,3036.1785,2976.9404999999997,0.6467915669464187,tp,59.238000000000284,118.33600000000057,0.0,118.33600000000057,2025,2025-04-07
h04_r30_t3,1,1744000575000000000,1744007230000000000,3031.9004999999997,3019.0285000000003,0.4252935333212755,sl,-12.871999999999389,-25.883999999998778,0.0,-25.883999999998778,2025,2025-04-07
h05_r60_t2,-1,1744006125000000000,1744025780000000000,3024.9785,3044.7095,0.6507397956028567,sl,-19.730999999999767,-39.601999999999535,0.0,-39.601999999999535,2025,2025-04-07
h06_r60_t3,-1,1744009835000000000,1744015965000000000,3016.7725,3033.6305,0.5563809298439613,sl,-16.858000000000175,-33.85600000000035,0.0,-33.85600000000035,2025,2025-04-07
h13_r30_t3,-1,1744032625000000000,1744035335000000000,3021.4475,3034.2805,0.42427228937927836,sl,-12.832999999999629,-25.80599999999926,0.0,-25.80599999999926,2025,2025-04-07
h14_r15_t2,1,1744035320000000000,1744036045000000000,3032.5254999999997,3011.0485,0.7094833146550362,sl,-21.47699999999986,-43.093999999999724,0.0,-43.093999999999724,2025,2025-04-07
h00_r30_t1,1,1744072200000000000,1744074605000000000,2989.0535,2997.7295,0.29026473944172654,tp,8.67599999999993,17.21199999999986,0.0,17.21199999999986,2025,2025-04-08
h01_r60_t3,1,1744077975000000000,1744131680000000000,3003.2435,2983.6465,0.6532778651078117,sl,-19.597000000000207,-39.334000000000415,0.0,-39.334000000000415,2025,2025-04-08
h02_r15_t3,-1,1744078900000000000,1744079745000000000,2999.0735,3004.7865,0.19027100045811554,sl,-5.713000000000193,-11.566000000000386,0.0,-11.566000000000386,2025,2025-04-08
h04_r30_t3,-1,1744086760000000000,1744088000000000000,2994.2325,2999.9155,0.18968108844836137,sl,-5.682999999999993,-11.505999999999986,0.0,-11.505999999999986,2025,2025-04-08
h05_r60_t2,1,1744093170000000000,1744104130000000000,3008.4404999999997,2999.5015000000003,0.29740363202395315,sl,-8.938999999999396,-18.017999999998793,0.0,-18.017999999998793,2025,2025-04-08
h06_r60_t3,-1,1744098240000000000,1744113215000000000,3002.5355,3015.8585000000003,0.44213551820338004,sl,-13.32300000000032,-26.78600000000064,0.0,-26.78600000000064,2025,2025-04-08
h13_r30_t3,-1,1744125260000000000,1744145580000000000,3002.604,2982.614,0.6702859208600744,forced_close,19.98999999999978,39.83999999999956,0.0,39.83999999999956,2025,2025-04-08
h14_r15_t2,-1,1744121820000000000,1744123730000000000,3009.2475,3017.9735,0.28975521395846143,sl,-8.726000000000113,-17.592000000000226,0.0,-17.592000000000226,2025,2025-04-08
h00_r30_t1,1,1744158615000000000,1744160220000000000,2985.7794999999996,2975.1135,0.3573954230533355,sl,-10.665999999999713,-21.471999999999426,0.0,-21.471999999999426,2025,2025-04-09
h01_r60_t3,1,1744164010000000000,1744231980000000000,3009.9425,3079.99,1.2425343166767648,forced_close,70.04749999999967,139.95499999999936,0.0,139.95499999999936,2025,2025-04-09
h02_r15_t3,-1,1744165325000000000,1744172615000000000,3004.4615000000003,3011.3655,0.22953878961175866,sl,-6.903999999999542,-13.947999999999084,0.0,-13.947999999999084,2025,2025-04-09
h04_r30_t3,1,1744173555000000000,1744182680000000000,3012.1455,3049.8224999999993,0.4174336984562445,tp,37.676999999999225,75.21399999999845,0.0,75.21399999999845,2025,2025-04-09
h05_r60_t2,1,1744178760000000000,1744182685000000000,3020.6414999999997,3050.759499999999,0.4993814521192786,tp,30.117999999999483,60.095999999998966,0.0,60.095999999998966,2025,2025-04-09
h06_r60_t3,1,1744182240000000000,1744231980000000000,3040.9984999999997,3079.99,0.864355652951442,forced_close,38.99150000000009,77.84300000000017,0.0,77.84300000000017,2025,2025-04-09
h13_r30_t3,1,1744205400000000000,1744231980000000000,3061.7174999999997,3079.99,0.4691320550535752,forced_close,18.272500000000036,36.40500000000007,0.0,36.40500000000007,2025,2025-04-09
h14_r15_t2,1,1744208175000000000,1744210825000000000,3078.2675,3068.4395,0.319586527613358,sl,-9.827999999999975,-19.79599999999995,0.0,-19.79599999999995,2025,2025-04-09
h00_r30_t1,1,1744245005000000000,1744248955000000000,3096.7355,3081.3895,0.4956405369105262,sl,-15.345999999999549,-30.8319999999991,0.0,-30.8319999999991,2025,2025-04-10
h01_r60_t3,1,1744250775000000000,1744298730000000000,3100.6544999999996,3167.1254999999987,0.7160838998115888,tp,66.4709999999991,132.8019999999982,0.0,132.8019999999982,2025,2025-04-10
h02_r15_t3,1,1744251370000000000,1744298995000000000,3113.2174999999997,3170.838499999998,0.6185081321083207,tp,57.620999999998276,115.10199999999655,0.0,115.10199999999655,2025,2025-04-10
h04_r30_t3,-1,1744259465000000000,1744261345000000000,3124.4485,3129.4535,0.16005769112383714,sl,-5.005000000000109,-10.150000000000219,0.0,-10.150000000000219,2025,2025-04-10
h05_r60_t2,-1,1744270240000000000,1744288210000000000,3112.7775,3132.6495,0.6364122133370774,sl,-19.871999999999844,-39.88399999999969,0.0,-39.88399999999969,2025,2025-04-10
h06_r60_t3,-1,1744268565000000000,1744286930000000000,3118.9925000000003,3126.4255000000003,0.23806873822447716,sl,-7.432999999999993,-15.005999999999986,0.0,-15.005999999999986,2025,2025-04-10
h13_r30_t3,-1,1744292065000000000,1744293905000000000,3121.0285000000003,3136.7125,0.5006159548832716,sl,-15.683999999999742,-31.507999999999484,0.0,-31.507999999999484,2025,2025-04-10
h14_r15_t2,1,1744294580000000000,1744318380000000000,3145.0355,3173.843,0.8944713721596192,forced_close,28.80749999999989,57.47499999999978,0.0,57.47499999999978,2025,2025-04-10
h00_r30_t1,1,1744331520000000000,1744332190000000000,3200.0315,3215.1275,0.4724989847187457,tp,15.096000000000004,30.052000000000007,0.0,30.052000000000007,2025,2025-04-11
h01_r60_t3,1,1744337835000000000,1744350100000000000,3219.5445,3201.0735,0.575914214317974,sl,-18.471000000000004,-37.08200000000001,0.0,-37.08200000000001,2025,2025-04-11
h02_r15_t3,1,1744337710000000000,1744347915000000000,3217.5825,3206.0725,0.35783831459707555,sl,-11.509999999999764,-23.159999999999528,0.0,-23.159999999999528,2025,2025-04-11
h04_r30_t3,-1,1744347220000000000,1744349285000000000,3210.784,3218.2695000000003,0.23141631104118873,sl,-7.485500000000229,-15.111000000000459,0.0,-15.111000000000459,2025,2025-04-11
h05_r60_t2,1,1744359260000000000,1744404780000000000,3219.3195,3237.922,1.0039730561242024,forced_close,18.602499999999964,37.06499999999993,0.0,37.06499999999993,2025,2025-04-11
h06_r60_t3,1,1744355140000000000,1744404780000000000,3209.6535000000003,3237.922,0.6051728217383107,forced_close,28.268499999999676,56.39699999999935,0.0,56.39699999999935,2025,2025-04-11
h13_r30_t3,1,1744378335000000000,1744379310000000000,3236.9995,3227.6465,0.2895319182395068,sl,-9.353000000000065,-18.84600000000013,0.0,-18.84600000000013,2025,2025-04-11
h14_r15_t2,1,1744381160000000000,1744390425000000000,3234.9165000000003,3223.0295,0.3676881687585744,sl,-11.887000000000171,-23.914000000000343,0.0,-23.914000000000343,2025,2025-04-11
h00_r30_t1,-1,1744591280000000000,1744593830000000000,3220.9665,3227.3135,0.19686336823081207,sl,-6.347000000000207,-12.834000000000415,0.0,-12.834000000000415,2025,2025-04-14
h01_r60_t3,1,1744596190000000000,1744626025000000000,3243.6865,3215.4705000000004,0.8709226622465995,sl,-28.21599999999944,-56.57199999999888,0.0,-56.57199999999888,2025,2025-04-14
h02_r15_t3,-1,1744597095000000000,1744618180000000000,3239.2165,3219.3534999999997,0.20412765794111912,tp,19.863000000000284,39.58600000000057,0.0,39.58600000000057,2025,2025-04-14
h04_r30_t3,-1,1744605705000000000,1744610355000000000,3229.2505,3235.8805,0.2050966359356872,sl,-6.630000000000109,-13.400000000000219,0.0,-13.400000000000219,2025,2025-04-14
h05_r60_t2,1,1744612080000000000,1744617925000000000,3236.1414999999997,3221.4655000000002,0.4537348022724296,sl,-14.675999999999476,-29.491999999998953,0.0,-29.491999999998953,2025,2025-04-14
h06_r60_t3,-1,1744614405000000000,1744634475000000000,3228.9415,3201.146499999999,0.2867410357061552,tp,27.795000000000982,55.450000000001964,0.0,55.450000000001964,2025,2025-04-14
h13_r30_t3,1,1744642020000000000,1744663980000000000,3210.7645,3211.112,0.5345495385797374,forced_close,0.3474999999998545,0.554999999999709,0.0,0.554999999999709,2025,2025-04-14
h00_r30_t1,-1,1744678815000000000,1744679300000000000,3210.8514999999998,3215.2794999999996,0.13781025786981643,sl,-4.427999999999884,-8.995999999999768,0.0,-8.995999999999768,2025,2025-04-15
h01_r60_t3,1,1744686050000000000,1744750380000000000,3226.0595000000003,3231.024,0.49563527348579484,forced_close,4.964499999999589,9.788999999999177,0.0,9.788999999999177,2025,2025-04-15
h02_r15_t3,1,1744684900000000000,1744702260000000000,3224.4145,3218.7995,0.17441541714249714,sl,-5.614999999999782,-11.369999999999564,0.0,-11.369999999999564,2025,2025-04-15
h04_r30_t3,1,1744691435000000000,1744694250000000000,3230.2205000000004,3226.9025,0.10275721007671672,sl,-3.318000000000211,-6.776000000000422,0.0,-6.776000000000422,2025,2025-04-15
h05_r60_t2,-1,1744701655000000000,1744747325000000000,3220.838,3232.2765,0.35373575439879273,sl,-11.438499999999749,-23.0169999999995,0.0,-23.0169999999995,2025,2025-04-15
h06_r60_t3,-1,1744701085000000000,1744704625000000000,3223.2065000000002,3228.8235,0.17416030902989527,sl,-5.616999999999734,-11.37399999999947,0.0,-11.37399999999947,2025,2025-04-15
h13_r30_t3,-1,1744724195000000000,1744727320000000000,3219.0074999999997,3226.4435000000003,0.23086431769366064,sl,-7.436000000000604,-15.012000000001208,0.0,-15.012000000001208,2025,2025-04-15
h14_r15_t2,1,1744726665000000000,1744750380000000000,3221.8455000000004,3231.024,0.26761818418672134,forced_close,9.17849999999953,18.21699999999906,0.0,18.21699999999906,2025,2025-04-15
h00_r30_t1,1,1744763415000000000,1744765495000000000,3262.3655,3273.0604999999996,0.3278980539043463,tp,10.694999999999709,21.249999999999417,0.0,21.249999999999417,2025,2025-04-16
h01_r60_t3,1,1744769250000000000,1744820805000000000,3275.1835,3332.3305,0.5824886167951744,tp,57.146999999999935,114.15399999999987,0.0,114.15399999999987,2025,2025-04-16
h02_r15_t3,-1,1744771460000000000,1744774085000000000,3268.9035,3275.5045,0.201774768189039,sl,-6.601000000000113,-13.342000000000226,0.0,-13.342000000000226,2025,2025-04-16
h04_r30_t3,-1,1744777835000000000,1744779330000000000,3271.0035,3283.8165,0.39163108248109135,sl,-12.813000000000102,-25.766000000000204,0.0,-25.766000000000204,2025,2025-04-16
h05_r60_t2,1,1744784450000000000,1744791230000000000,3291.8655,3308.2315,0.24873909220718307,tp,16.365999999999985,32.59199999999997,0.0,32.59199999999997,2025,2025-04-16
h06_r60_t3,1,1744786905000000000,1744818075000000000,3295.1225,3322.2905,0.2751046261838192,tp,27.16800000000012,54.19600000000024,0.0,54.19600000000024,2025,2025-04-16
h13_r30_t3,-1,1744810715000000000,1744811775000000000,3299.1445000000003,3311.2555,0.3664251012237581,sl,-12.110999999999876,-24.361999999999753,0.0,-24.361999999999753,2025,2025-04-16
h14_r15_t2,-1,1744813005000000000,1744818035000000000,3307.4815,3319.6994999999997,0.36921784472331237,sl,-12.217999999999847,-24.575999999999695,0.0,-24.575999999999695,2025,2025-04-16
h00_r30_t1,1,1744849850000000000,1744850655000000000,3350.8815,3343.6775,0.21512218799929883,sl,-7.204000000000178,-14.548000000000357,0.0,-14.548000000000357,2025,2025-04-17
h02_r15_t3,1,1744856120000000000,1744874040000000000,3335.3445,3321.1665000000003,0.42510085951147836,sl,-14.177999999999884,-28.495999999999768,0.0,-28.495999999999768,2025,2025-04-17
h04_r30_t3,-1,1744864455000000000,1744866260000000000,3338.9365,3344.5705,0.16858524394365634,sl,-5.6340000000000146,-11.40800000000003,0.0,-11.40800000000003,2025,2025-04-17
h05_r60_t2,-1,1744869650000000000,1744900350000000000,3328.4525000000003,3294.4005000000006,0.5113667677977046,tp,34.05199999999968,67.96399999999936,0.0,67.96399999999936,2025,2025-04-17
h06_r60_t3,-1,1744873535000000000,1744885615000000000,3325.2835,3333.0735,0.23400339710451476,sl,-7.789999999999964,-15.719999999999928,0.0,-15.719999999999928,2025,2025-04-17
h13_r30_t3,-1,1744896605000000000,1744897305000000000,3321.6845000000003,3331.6025,0.298471574554912,sl,-9.917999999999665,-19.97599999999933,0.0,-19.97599999999933,2025,2025-04-17
h14_r15_t2,-1,1744900045000000000,1744900555000000000,3305.1994999999997,3285.329499999999,0.2999106305564527,tp,19.8700000000008,39.6000000000016,0.0,39.6000000000016,2025,2025-04-17
h00_r30_t1,1,1745195410000000000,1745196200000000000,3356.4085,3365.2495,0.2634695099082653,tp,8.840999999999894,17.54199999999979,0.0,17.54199999999979,2025,2025-04-21
h01_r60_t3,1,1745200860000000000,1745240150000000000,3378.6205,3412.3765,0.3331397518594392,tp,33.75599999999986,67.37199999999972,0.0,67.37199999999972,2025,2025-04-21
h02_r15_t3,1,1745203150000000000,1745208895000000000,3382.6675,3374.2965,0.24784020627790093,sl,-8.371000000000095,-16.88200000000019,0.0,-16.88200000000019,2025,2025-04-21
h04_r30_t3,1,1745211950000000000,1745240510000000000,3382.5445,3421.2805000000008,0.3826345210600939,tp,38.736000000000786,77.33200000000157,0.0,77.33200000000157,2025,2025-04-21
h05_r60_t2,1,1745215395000000000,1745236970000000000,3385.9465,3406.0164999999997,0.29641523654068364,tp,20.06999999999971,39.99999999999942,0.0,39.99999999999942,2025,2025-04-21
h06_r60_t3,1,1745218885000000000,1745221980000000000,3393.2495,3382.5384999999997,0.3157407105802097,sl,-10.71100000000024,-21.56200000000048,0.0,-21.56200000000048,2025,2025-04-21
h13_r30_t3,-1,1745242400000000000,1745243615000000000,3412.9795,3424.4885,0.3368466279556949,sl,-11.509000000000015,-23.15800000000003,0.0,-23.15800000000003,2025,2025-04-21
h14_r15_t2,-1,1745246270000000000,1745262580000000000,3419.3315000000002,3430.3195,0.3206681383898341,sl,-10.987999999999829,-22.11599999999966,0.0,-22.11599999999966,2025,2025-04-21
h00_r30_t1,1,1745284500000000000,1745289125000000000,3435.5365,3458.8135,0.6790533045320848,tp,23.277000000000044,46.41400000000009,0.0,46.41400000000009,2025,2025-04-22
h01_r60_t3,1,1745288470000000000,1745327110000000000,3455.1425,3421.6305,0.9705140333137722,sl,-33.511999999999716,-67.16399999999943,0.0,-67.16399999999943,2025,2025-04-22
h02_r15_t3,1,1745288425000000000,1745292465000000000,3453.6645,3487.1144999999988,0.32321468455622654,tp,33.44999999999891,66.75999999999782,0.0,66.75999999999782,2025,2025-04-22
h04_r30_t3,-1,1745298665000000000,1745300700000000000,3479.5964999999997,3488.6324999999997,0.2594095905471116,sl,-9.036000000000058,-18.212000000000117,0.0,-18.212000000000117,2025,2025-04-22
h05_r60_t2,1,1745302465000000000,1745305530000000000,3495.6825,3473.5474999999997,0.6334292992314634,sl,-22.13500000000022,-44.41000000000044,0.0,-44.41000000000044,2025,2025-04-22
h06_r60_t3,-1,1745305510000000000,1745338780000000000,3475.2574999999997,3400.509499999999,0.7160024213503027,tp,74.7480000000005,149.35600000000102,0.0,149.35600000000102,2025,2025-04-22
h13_r30_t3,-1,1745329245000000000,1745355180000000000,3420.6455,3381.718,0.8461675275225825,forced_close,38.92750000000024,77.71500000000047,0.0,77.71500000000047,2025,2025-04-22
h14_r15_t2,1,1745332230000000000,1745335630000000000,3435.2385,3418.1115,0.499208719057591,sl,-17.126999999999953,-34.393999999999906,0.0,-34.393999999999906,2025,2025-04-22
h00_r30_t1,1,1745368200000000000,1745369700000000000,3352.7605000000003,3370.8545000000004,0.5399639417248392,tp,18.09400000000005,36.0480000000001,0.0,36.0480000000001,2025,2025-04-23
h01_r60_t3,-1,1745376085000000000,1745416240000000000,3359.0535,3275.9925000000003,0.8193021151026672,tp,83.0609999999997,165.9819999999994,0.0,165.9819999999994,2025,2025-04-23
h02_r15_t3,-1,1745374835000000000,1745377500000000000,3371.194,3344.6529999999993,0.26234285782912564,tp,26.541000000000622,52.942000000001244,0.0,52.942000000001244,2025,2025-04-23
h04_r30_t3,1,1745383175000000000,1745386635000000000,3343.3064999999997,3335.7025000000003,0.22769354138165002,sl,-7.60399999999936,-15.34799999999872,0.0,-15.34799999999872,2025,2025-04-23
h05_r60_t2,-1,1745388120000000000,1745441580000000000,3316.0164999999997,3288.647,1.0076836366873765,forced_close,27.36949999999979,54.59899999999958,0.0,54.59899999999958,2025,2025-04-23
h06_r60_t3,1,1745399055000000000,1745415505000000000,3326.0315,3291.8685,1.0348766110403704,sl,-34.16300000000001,-68.46600000000002,0.0,-68.46600000000002,2025,2025-04-23
h13_r30_t3,-1,1745415000000000000,1745441580000000000,3298.3285,3288.647,0.46903023196510457,forced_close,9.681500000000142,19.223000000000283,0.0,19.223000000000283,2025,2025-04-23
h14_r15_t2,1,1745417960000000000,1745441580000000000,3278.3545,3288.61,0.5576216989555327,forced_close,10.255500000000211,20.37100000000042,0.0,20.37100000000042,2025,2025-04-23
h00_r30_t1,1,1745454615000000000,1745457505000000000,3335.3725,3357.3785,0.6599030057133476,tp,22.005999999999858,43.871999999999716,0.0,43.871999999999716,2025,2025-04-24
h01_r60_t3,-1,1745464930000000000,1745527980000000000,3330.8715,3347.07,1.094698493289223,forced_close,-16.198499999999967,-32.536999999999935,0.0,-32.536999999999935,2025,2025-04-24
h02_r15_t3,-1,1745461270000000000,1745465815000000000,3353.0625,3321.8205000000007,0.3102509579899456,tp,31.24199999999928,62.34399999999856,0.0,62.34399999999856,2025,2025-04-24
h04_r30_t3,-1,1745470815000000000,1745473060000000000,3325.82,3331.8685,0.18054312840385794,sl,-6.048499999999876,-12.236999999999753,0.0,-12.236999999999753,2025,2025-04-24
h05_r60_t2,-1,1745474425000000000,1745478275000000000,3320.5245,3335.6875,0.45618243326079305,sl,-15.163000000000011,-30.466000000000022,0.0,-30.466000000000022,2025,2025-04-24
h06_r60_t3,1,1745478120000000000,1745502605000000000,3328.1835,3314.8514999999998,0.401003229952894,sl,-13.332000000000335,-26.80400000000067,0.0,-26.80400000000067,2025,2025-04-24
h13_r30_t3,-1,1745501535000000000,1745515050000000000,3325.1135,3336.3625,0.33774375820321917,sl,-11.249000000000251,-22.638000000000503,0.0,-22.638000000000503,2025,2025-04-24
h14_r15_t2,1,1745504860000000000,1745523830000000000,3318.2825000000003,3341.2105,0.3459577429999293,tp,22.927999999999884,45.71599999999977,0.0,45.71599999999977,2025,2025-04-24
h00_r30_t1,1,1745541150000000000,1745545705000000000,3361.3625,3347.3605,0.4170158054708652,sl,-14.002000000000407,-28.144000000000815,0.0,-28.144000000000815,2025,2025-04-25
h01_r60_t3,-1,1745552470000000000,1745586115000000000,3342.9855,3282.232499999999,0.6052651281537114,tp,60.75300000000061,121.36600000000122,0.0,121.36600000000122,2025,2025-04-25
h02_r15_t3,-1,1745548920000000000,1745551325000000000,3345.0155,3353.4545,0.2517141482947955,sl,-8.43899999999985,-17.017999999999702,0.0,-17.017999999999702,2025,2025-04-25
h04_r30_t3,-1,1745555545000000000,1745586095000000000,3317.2974999999997,3285.4884999999995,0.318983008882519,tp,31.809000000000196,63.47800000000039,0.0,63.47800000000039,2025,2025-04-25
h06_r60_t3,1,1745564590000000000,1745586080000000000,3306.3835,3287.5735,0.5692188764599834,sl,-18.809999999999945,-37.75999999999989,0.0,-37.75999999999989,2025,2025-04-25
h13_r30_t3,-1,1745587840000000000,1745602700000000000,3268.3355,3292.9885,0.753116691235439,sl,-24.652999999999793,-49.445999999999586,0.0,-49.445999999999586,2025,2025-04-25
h14_r15_t2,1,1745591310000000000,1745592740000000000,3286.3075,3275.5434999999998,0.32787978837681153,sl,-10.764000000000124,-21.668000000000248,0.0,-21.668000000000248,2025,2025-04-25
h00_r30_t1,1,1745801415000000000,1745803180000000000,3313.8925,3301.6735,0.36901433248768334,sl,-12.219000000000051,-24.578000000000102,0.0,-24.578000000000102,2025,2025-04-28
h01_r60_t3,-1,1745805735000000000,1745850340000000000,3279.2275,3315.3375,1.100585632861888,sl,-36.11000000000013,-72.36000000000026,0.0,-72.36000000000026,2025,2025-04-28
h02_r15_t3,1,1745808435000000000,1745851250000000000,3283.4705000000004,3329.4125000000013,0.46813715862388666,tp,45.94200000000092,91.74400000000183,0.0,91.74400000000183,2025,2025-04-28
h04_r30_t3,1,1745815170000000000,1745818720000000000,3294.3165,3288.7375,0.16937541336298007,sl,-5.5789999999997235,-11.297999999999448,0.0,-11.297999999999448,2025,2025-04-28
h05_r60_t2,-1,1745822220000000000,1745843230000000000,3287.8965,3301.1345,0.40174067393683205,sl,-13.238000000000284,-26.616000000000568,0.0,-26.616000000000568,2025,2025-04-28
h06_r60_t3,-1,1745823880000000000,1745840845000000000,3281.9175,3296.5705,0.44626453317723236,sl,-14.652999999999793,-29.445999999999586,0.0,-29.445999999999586,2025,2025-04-28
h13_r30_t3,1,1745847115000000000,1745847825000000000,3301.0744999999997,3290.5715,0.3182563804677215,sl,-10.502999999999702,-21.145999999999404,0.0,-21.145999999999404,2025,2025-04-28
h14_r15_t2,1,1745849730000000000,1745850360000000000,3300.6045,3315.4024999999997,0.2242779433903522,tp,14.797999999999774,29.45599999999955,0.0,29.45599999999955,2025,2025-04-28
h00_r30_t1,-1,1745887950000000000,1745890625000000000,3330.7325,3339.1425,0.25240433133035106,sl,-8.409999999999854,-16.95999999999971,0.0,-16.95999999999971,2025,2025-04-29
h01_r60_t3,-1,1745895315000000000,1745959980000000000,3322.8475,3319.244,0.5190970633048617,forced_close,3.6034999999997126,7.0669999999994255,0.0,7.0669999999994255,2025,2025-04-29
h02_r15_t3,1,1745893115000000000,1745895205000000000,3332.3775,3325.2255,0.214683453720063,sl,-7.152000000000044,-14.444000000000088,0.0,-14.444000000000088,2025,2025-04-29
h04_r30_t3,1,1745901525000000000,1745901660000000000,3317.7295,3313.4584999999997,0.12879422401179036,sl,-4.2710000000001855,-8.682000000000372,0.0,-8.682000000000372,2025,2025-04-29
h05_r60_t2,1,1745908030000000000,1745929200000000000,3316.6805,3305.1634999999997,0.34790131709814837,sl,-11.51700000000028,-23.17400000000056,0.0,-23.17400000000056,2025,2025-04-29
h06_r60_t3,1,1745913630000000000,1745918255000000000,3323.9755,3308.8525,0.4556689932210099,sl,-15.123000000000047,-30.386000000000095,0.0,-30.386000000000095,2025,2025-04-29
h13_r30_t3,1,1745933425000000000,1745934320000000000,3317.7675,3309.4285,0.2513790957436609,sl,-8.338999999999942,-16.817999999999884,0.0,-16.817999999999884,2025,2025-04-29
h14_r15_t2,1,1745936665000000000,1745959980000000000,3310.8745,3319.207,0.3368154620840021,forced_close,8.332499999999982,16.524999999999963,0.0,16.524999999999963,2025,2025-04-29
h00_r30_t1,-1,1745973455000000000,1745984525000000000,3316.301,3304.553,0.3539114398980937,tp,11.748000000000047,23.356000000000094,0.0,23.356000000000094,2025,2025-04-30
h01_r60_t3,-1,1745978400000000000,1746046380000000000,3307.8665,3289.104,0.45143847461856157,forced_close,18.762500000000273,37.385000000000545,0.0,37.385000000000545,2025,2025-04-30
h02_r15_t3,1,1745980045000000000,1745981840000000000,3312.7895,3305.9894999999997,0.20529383359214493,sl,-6.800000000000182,-13.740000000000364,0.0,-13.740000000000364,2025,2025-04-30
h04_r30_t3,1,1745988335000000000,1746000520000000000,3306.4295,3301.3925,0.152503339132828,sl,-5.037000000000262,-10.214000000000524,0.0,-10.214000000000524,2025,2025-04-30
h05_r60_t2,-1,1745993420000000000,1745999030000000000,3307.7025000000003,3314.7385,0.2125949195071582,sl,-7.0359999999996035,-14.211999999999207,0.0,-14.211999999999207,2025,2025-04-30
h06_r60_t3,-1,1745996470000000000,1745997720000000000,3305.0145,3311.3355,0.19120028010039186,sl,-6.320999999999913,-12.781999999999826,0.0,-12.781999999999826,2025,2025-04-30
h13_r30_t3,1,1746020120000000000,1746023615000000000,3309.8514999999998,3296.3115,0.4097360425338683,sl,-13.539999999999964,-27.219999999999928,0.0,-27.219999999999928,2025,2025-04-30
h14_r15_t2,1,1746022675000000000,1746023580000000000,3310.7955,3298.7985,0.36265349179813644,sl,-11.997000000000298,-24.134000000000597,0.0,-24.134000000000597,2025,2025-04-30
h00_r30_t1,-1,1746060440000000000,1746100020000000000,3244.6515,3212.8975,0.9743478100110725,tp,31.753999999999905,63.36799999999981,0.0,63.36799999999981,2025,2025-05-01
h01_r60_t3,1,1746066430000000000,1746069210000000000,3251.4385,3234.5175,0.5224237609725362,sl,-16.921000000000276,-33.98200000000055,0.0,-33.98200000000055,2025,2025-05-01
h02_r15_t3,1,1746065715000000000,1746069210000000000,3242.8545,3235.2645,0.234218162646452,sl,-7.589999999999691,-15.319999999999382,0.0,-15.319999999999382,2025,2025-05-01
h04_r30_t3,-1,1746073880000000000,1746075085000000000,3223.7375,3231.3785,0.23682019377971575,sl,-7.640999999999622,-15.421999999999244,0.0,-15.421999999999244,2025,2025-05-01
h05_r60_t2,1,1746079415000000000,1746092090000000000,3238.9025,3223.4395,0.47772572525071305,sl,-15.463000000000193,-31.066000000000386,0.0,-31.066000000000386,2025,2025-05-01
h06_r60_t3,-1,1746082875000000000,1746100250000000000,3233.9195,3205.9924999999994,0.28769196655183593,tp,27.92700000000059,55.71400000000118,0.0,55.71400000000118,2025,2025-05-01
h13_r30_t3,-1,1746106535000000000,1746106810000000000,3221.0855,3230.3435,0.2868795373982186,sl,-9.25799999999981,-18.655999999999622,0.0,-18.655999999999622,2025,2025-05-01
h14_r15_t2,-1,1746109395000000000,1746110385000000000,3214.5474999999997,3228.3725,0.4287300952556176,sl,-13.825000000000273,-27.790000000000546,0.0,-27.790000000000546,2025,2025-05-01
h00_r30_t1,1,1746145805000000000,1746146770000000000,3244.3475,3237.1985,0.22041076439433174,sl,-7.148999999999887,-14.437999999999775,0.0,-14.437999999999775,2025,2025-05-02
h01_r60_t3,1,1746151395000000000,1746157040000000000,3237.5945,3256.4345000000008,0.19403985572457588,tp,18.8400000000006,37.5400000000012,0.0,37.5400000000012,2025,2025-05-02
h02_r15_t3,1,1746152270000000000,1746185995000000000,3243.9505,3267.9174999999987,0.24633598730114947,tp,23.966999999998734,47.79399999999747,0.0,47.79399999999747,2025,2025-05-02
h04_r30_t3,-1,1746160360000000000,1746166605000000000,3253.364,3257.5775000000003,0.12936680141352713,sl,-4.213500000000295,-8.56700000000059,0.0,-8.56700000000059,2025,2025-05-02
h05_r60_t2,1,1746166595000000000,1746168365000000000,3257.0455,3249.6275,0.2281054654137201,sl,-7.41800000000012,-14.97600000000024,0.0,-14.97600000000024,2025,2025-05-02
h06_r60_t3,1,1746171300000000000,1746190895000000000,3262.4695,3246.4314999999997,0.4930214471092619,sl,-16.038000000000466,-32.21600000000093,0.0,-32.21600000000093,2025,2025-05-02
h13_r30_t3,1,1746192615000000000,1746200175000000000,3259.6495,3239.5465,0.6171258170132794,sl,-20.103000000000065,-40.34600000000013,0.0,-40.34600000000013,2025,2025-05-02
h14_r15_t2,1,1746195300000000000,1746200100000000000,3252.5895,3242.2304999999997,0.3185163331479871,sl,-10.359000000000378,-20.858000000000757,0.0,-20.858000000000757,2025,2025-05-02
h00_r30_t1,-1,1746405330000000000,1746406930000000000,3244.2035,3248.8255,0.14241026758925773,sl,-4.621999999999844,-9.383999999999688,0.0,-9.383999999999688,2025,2025-05-05
h01_r60_t3,1,1746410670000000000,1746478380000000000,3271.1724999999997,3332.515,0.7511778790748992,forced_close,61.3425000000002,122.5450000000004,0.0,122.5450000000004,2025,2025-05-05
h02_r15_t3,-1,1746411480000000000,1746413345000000000,3260.5145,3271.2084999999997,0.32790358641096606,sl,-10.693999999999505,-21.52799999999901,0.0,-21.52799999999901,2025,2025-05-05
h04_r30_t3,-1,1746419455000000000,1746421705000000000,3253.8725,3259.5445,0.17417742851532095,sl,-5.6720000000000255,-11.484000000000052,0.0,-11.484000000000052,2025,2025-05-05
h05_r60_t2,1,1746424970000000000,1746434620000000000,3262.1345,3278.1605,0.24581160854754172,tp,16.02599999999984,31.91199999999968,0.0,31.91199999999968,2025,2025-05-05
h06_r60_t3,1,1746431035000000000,1746436605000000000,3265.7835,3292.5074999999997,0.2730595962991014,tp,26.723999999999705,53.30799999999941,0.0,53.30799999999941,2025,2025-05-05
h13_r30_t3,-1,1746451880000000000,1746453930000000000,3315.9255000000003,3321.1215,0.1565549003476511,sl,-5.195999999999913,-10.531999999999826,0.0,-10.531999999999826,2025,2025-05-05
h14_r15_t2,-1,1746457780000000000,1746472860000000000,3309.9705000000004,3328.9175,0.5713630039816183,sl,-18.94699999999966,-38.033999999999324,0.0,-38.033999999999324,2025,2025-05-05
h00_r30_t1,-1,1746492465000000000,1746493215000000000,3323.7355,3334.4875,0.32335913359482177,sl,-10.752000000000407,-21.644000000000815,0.0,-21.644000000000815,2025,2025-05-06
h01_r60_t3,1,1746497300000000000,1746564780000000000,3381.8914999999997,3430.992,1.5437348388204895,forced_close,49.100500000000466,98.06100000000093,0.0,98.06100000000093,2025,2025-05-06
h02_r15_t3,1,1746497905000000000,1746498840000000000,3384.0285000000003,3375.3365000000003,0.25698439807273554,sl,-8.692000000000007,-17.524000000000015,0.0,-17.524000000000015,2025,2025-05-06
h04_r30_t3,-1,1746505825000000000,1746506630000000000,3356.2715,3361.7585,0.16345162649560932,sl,-5.48700000000008,-11.11400000000016,0.0,-11.11400000000016,2025,2025-05-06
h05_r60_t2,1,1746511280000000000,1746535330000000000,3364.1014999999998,3391.8414999999995,0.41253751169091424,tp,27.73999999999978,55.33999999999956,0.0,55.33999999999956,2025,2025-05-06
h06_r60_t3,1,1746514855000000000,1746537190000000000,3368.0645,3395.790499999999,0.2746724890180706,tp,27.725999999999203,55.311999999998406,0.0,55.311999999998406,2025,2025-05-06
h13_r30_t3,-1,1746538770000000000,1746539370000000000,3389.4195,3397.6195,0.24138743610775762,sl,-8.199999999999818,-16.539999999999637,0.0,-16.539999999999637,2025,2025-05-06
h14_r15_t2,-1,1746541530000000000,1746545090000000000,3391.2435,3398.0915,0.2017373628761113,sl,-6.847999999999956,-13.835999999999913,0.0,-13.835999999999913,2025,2025-05-06
h00_r30_t1,-1,1746577995000000000,1746578780000000000,3382.8375,3363.9285,0.55847120243496,tp,18.909000000000106,37.67800000000021,0.0,37.67800000000021,2025,2025-05-07
h01_r60_t3,1,1746584415000000000,1746651180000000000,3385.2785000000003,3366.284,0.7446627098095648,forced_close,-18.994500000000244,-38.12900000000049,0.0,-38.12900000000049,2025,2025-05-07
h02_r15_t3,1,1746584185000000000,1746584540000000000,3377.2815,3393.0795000000003,0.1559897655784285,tp,15.79800000000023,31.456000000000458,0.0,31.456000000000458,2025,2025-05-07
h04_r30_t3,1,1746595275000000000,1746609800000000000,3387.5834999999997,3375.0425,0.37053281709088787,sl,-12.540999999999713,-25.221999999999426,0.0,-25.221999999999426,2025,2025-05-07
h05_r60_t2,1,1746597605000000000,1746607955000000000,3389.6544999999996,3378.6795,0.3239388126070627,sl,-10.974999999999454,-22.08999999999891,0.0,-22.08999999999891,2025,2025-05-07
h06_r60_t3,1,1746601985000000000,1746603175000000000,3395.8955,3387.4685,0.2484010673552489,sl,-8.427000000000135,-16.99400000000027,0.0,-16.99400000000027,2025,2025-05-07
h13_r30_t3,1,1746625105000000000,1746627475000000000,3392.0125,3381.3064999999997,0.3161488545510074,sl,-10.706000000000131,-21.552000000000263,0.0,-21.552000000000263,2025,2025-05-07
h14_r15_t2,-1,1746627350000000000,1746641260000000000,3384.8885,3394.7884999999997,0.29238138286646975,sl,-9.899999999999636,-19.939999999999273,0.0,-19.939999999999273,2025,2025-05-07
h00_r30_t1,1,1746666080000000000,1746669110000000000,3387.0235000000002,3400.1645000000008,0.388170904491984,tp,13.141000000000531,26.14200000000106,0.0,26.14200000000106,2025,2025-05-08
h01_r60_t3,1,1746669600000000000,1746681000000000000,3409.7595,3379.0585,0.9006631686674484,sl,-30.701000000000022,-61.542000000000044,0.0,-61.542000000000044,2025,2025-05-08
h02_r15_t3,-1,1746671265000000000,1746679640000000000,3408.0525,3387.4184999999993,0.20171001882637074,tp,20.63400000000047,41.12800000000094,0.0,41.12800000000094,2025,2025-05-08
h04_r30_t3,-1,1746678615000000000,1746683955000000000,3389.1465,3358.177499999999,0.3044960734519074,tp,30.96900000000096,61.79800000000192,0.0,61.79800000000192,2025,2025-05-08
h05_r60_t2,-1,1746684000000000000,1746732080000000000,3355.0045,3296.3085,0.8746277922010952,tp,58.69599999999991,117.25199999999982,0.0,117.25199999999982,2025,2025-05-08
h13_r30_t3,1,1746711165000000000,1746712845000000000,3364.7515000000003,3354.7255,0.2983098009467987,sl,-10.026000000000295,-20.19200000000059,0.0,-20.19200000000059,2025,2025-05-08
h14_r15_t2,-1,1746714300000000000,1746719430000000000,3351.6555,3328.8795,0.33891621510822656,tp,22.77599999999984,45.41199999999968,0.0,45.41199999999968,2025,2025-05-08
h00_r30_t1,1,1746751805000000000,1746753640000000000,3319.8275000000003,3308.8855000000003,0.33049828309736295,sl,-10.942000000000007,-22.024000000000015,0.0,-22.024000000000015,2025,2025-05-09
h01_r60_t3,-1,1746756565000000000,1746766545000000000,3286.7505,3322.6375,1.090319845282551,sl,-35.886999999999716,-71.91399999999943,0.0,-71.91399999999943,2025,2025-05-09
h02_r15_t3,1,1746758225000000000,1746801100000000000,3291.3385,3341.0634999999993,0.5057485223065556,tp,49.724999999999454,99.30999999999891,0.0,99.30999999999891,2025,2025-05-09
h04_r30_t3,1,1746766035000000000,1746805070000000000,3317.2264999999998,3344.370499999999,0.272970696831008,tp,27.143999999999323,54.147999999998646,0.0,54.147999999998646,2025,2025-05-09
h05_r60_t2,1,1746774695000000000,1746823980000000000,3330.4004999999997,3327.022,0.524436232555356,forced_close,-3.3784999999998035,-6.896999999999607,0.0,-6.896999999999607,2025,2025-05-09
h06_r60_t3,1,1746774180000000000,1746823980000000000,3326.8865,3327.022,0.34821040749188775,forced_close,0.1354999999998654,0.13099999999973078,0.0,0.13099999999973078,2025,2025-05-09
h13_r30_t3,-1,1746799225000000000,1746801095000000000,3328.7484999999997,3340.4764999999998,0.3511504984387925,sl,-11.728000000000065,-23.59600000000013,0.0,-23.59600000000013,2025,2025-05-09
h14_r15_t2,-1,1746800115000000000,1746800465000000000,3320.8845,3331.1054999999997,0.3076870743281947,sl,-10.220999999999549,-20.5819999999991,0.0,-20.5819999999991,2025,2025-05-09
h00_r30_t1,-1,1747010390000000000,1747011800000000000,3280.1445000000003,3270.2115000000003,0.3023730945479842,tp,9.932999999999993,19.725999999999985,0.0,19.725999999999985,2025,2025-05-12
h01_r60_t3,1,1747020650000000000,1747033255000000000,3282.3175,3258.8305,0.7178230039243888,sl,-23.48700000000008,-47.11400000000016,0.0,-47.11400000000016,2025,2025-05-12
h02_r15_t3,-1,1747016610000000000,1747020150000000000,3271.6395,3280.0305,0.25603951631690075,sl,-8.390999999999622,-16.921999999999244,0.0,-16.921999999999244,2025,2025-05-12
h04_r30_t3,-1,1747024205000000000,1747033235000000000,3278.2145,3261.6335,0.16856537809867111,tp,16.58100000000013,33.02200000000026,0.0,33.02200000000026,2025,2025-05-12
h05_r60_t2,1,1747029690000000000,1747033215000000000,3279.8105,3268.5395,0.3440292939219258,sl,-11.271000000000186,-22.68200000000037,0.0,-22.68200000000037,2025,2025-05-12
h06_r60_t3,-1,1747033205000000000,1747033645000000000,3273.0755,3247.1105000000007,0.26406569332041163,tp,25.964999999999236,51.78999999999847,0.0,51.78999999999847,2025,2025-05-12
h13_r30_t3,-1,1747056800000000000,1747057655000000000,3232.7155000000002,3247.5145,0.4569933272921725,sl,-14.798999999999978,-29.737999999999957,0.0,-29.737999999999957,2025,2025-05-12
h14_r15_t2,1,1747059580000000000,1747063285000000000,3241.1684999999998,3233.5245,0.23627570877689077,sl,-7.643999999999778,-15.427999999999557,0.0,-15.427999999999557,2025,2025-05-12
h00_r30_t1,-1,1747096475000000000,1747098300000000000,3235.6845000000003,3243.3655,0.2372571577543749,sl,-7.680999999999585,-15.501999999999171,0.0,-15.501999999999171,2025,2025-05-13
h01_r60_t3,1,1747111145000000000,1747169580000000000,3243.5035,3252.114,0.8543371314035587,forced_close,8.61050000000023,17.081000000000458,0.0,17.081000000000458,2025,2025-05-13
h02_r15_t3,1,1747102780000000000,1747111290000000000,3229.2264999999998,3247.202499999999,0.18560211422861472,tp,17.975999999999203,35.811999999998406,0.0,35.811999999998406,2025,2025-05-13
h04_r30_t3,1,1747110600000000000,1747111820000000000,3238.715,3249.509,0.11109730199985816,tp,10.793999999999869,21.447999999999737,0.0,21.447999999999737,2025,2025-05-13
h05_r60_t2,-1,1747116540000000000,1747118905000000000,3251.1955,3260.8265,0.2957396569806984,sl,-9.631000000000313,-19.402000000000626,0.0,-19.402000000000626,2025,2025-05-13
h13_r30_t3,-1,1747143605000000000,1747147450000000000,3236.3525,3247.0095,0.32846026353566043,sl,-10.657000000000153,-21.454000000000306,0.0,-21.454000000000306,2025,2025-05-13
h14_r15_t2,1,1747145770000000000,1747151580000000000,3235.0254999999997,3253.9635,0.29294399120642245,tp,18.938000000000102,37.7360000000002,0.0,37.7360000000002,2025,2025-05-13
h00_r30_t1,-1,1747183855000000000,1747192435000000000,3241.7835,3228.8415,0.3985861924162374,tp,12.942000000000007,25.744000000000014,0.0,25.744000000000014,2025,2025-05-14
h01_r60_t3,-1,1747188155000000000,1747226790000000000,3237.2825000000003,3193.470500000001,0.45087676914871117,tp,43.81199999999944,87.48399999999889,0.0,87.48399999999889,2025,2025-05-14
h02_r15_t3,-1,1747189395000000000,1747210015000000000,3235.4835000000003,3241.5305,0.1867084977684852,sl,-6.046999999999571,-12.233999999999142,0.0,-12.233999999999142,2025,2025-05-14
h04_r30_t3,1,1747197300000000000,1747198940000000000,3230.0675,3222.5875,0.23184391697198262,sl,-7.480000000000018,-15.100000000000037,0.0,-15.100000000000037,2025,2025-05-14
h05_r60_t2,1,1747202435000000000,1747223820000000000,3234.599,3221.6885,0.3944524938467253,sl,-12.910499999999956,-25.960999999999913,0.0,-25.960999999999913,2025,2025-05-14
h06_r60_t3,-1,1747206035000000000,1747208295000000000,3227.7405,3236.7905,0.28028967395807525,sl,-9.050000000000182,-18.240000000000364,0.0,-18.240000000000364,2025,2025-05-14
h13_r30_t3,1,1747229500000000000,1747240920000000000,3190.8395,3174.9555,0.49843188821871054,sl,-15.884000000000015,-31.90800000000003,0.0,-31.90800000000003,2025,2025-05-14
h14_r15_t2,-1,1747232180000000000,1747255980000000000,3185.4815,3181.14,0.27873147366949613,forced_close,4.341499999999996,8.542999999999992,0.0,8.542999999999992,2025,2025-05-14
h00_r30_t1,1,1747270410000000000,1747271035000000000,3186.282,3192.277,0.18844642659838456,tp,5.994999999999891,11.849999999999781,0.0,11.849999999999781,2025,2025-05-15
h01_r60_t3,-1,1747274455000000000,1747314580000000000,3171.3865,3192.8005000000003,0.6749746695377481,sl,-21.414000000000215,-42.96800000000043,0.0,-42.96800000000043,2025,2025-05-15
h02_r15_t3,-1,1747275690000000000,1747277225000000000,3169.6324999999997,3151.641499999999,0.18889596028177527,tp,17.991000000000895,35.84200000000179,0.0,35.84200000000179,2025,2025-05-15
h04_r30_t3,-1,1747283400000000000,1747288515000000000,3146.3585000000003,3127.455500000002,0.2002154039395654,tp,18.90299999999843,37.665999999996856,0.0,37.665999999996856,2025,2025-05-15
h05_r60_t2,-1,1747289025000000000,1747290770000000000,3123.4184999999998,3143.1814999999997,0.6316112767045737,sl,-19.76299999999992,-39.66599999999984,0.0,-39.66599999999984,2025,2025-05-15
h06_r60_t3,1,1747298225000000000,1747342380000000000,3153.9825,3239.191,1.05454788457878,forced_close,85.20849999999973,170.27699999999948,0.0,170.27699999999948,2025,2025-05-15
h13_r30_t3,1,1747318080000000000,1747342380000000000,3199.8875,3239.191,0.45940211938972864,forced_close,39.303499999999985,78.46699999999997,0.0,78.46699999999997,2025,2025-05-15
h14_r15_t2,1,1747318915000000000,1747340755000000000,3206.7574999999997,3239.235499999999,0.5069419264448642,tp,32.477999999999156,64.81599999999831,0.0,64.81599999999831,2025,2025-05-15
h00_r30_t1,-1,1747355405000000000,1747356900000000000,3233.4655000000002,3242.4645,0.2782243173123697,sl,-8.998999999999796,-18.137999999999593,0.0,-18.137999999999593,2025,2025-05-16
h01_r60_t3,-1,1747363815000000000,1747428780000000000,3214.9865,3201.541,0.9219400028333512,forced_close,13.44549999999981,26.75099999999962,0.0,26.75099999999962,2025,2025-05-16
h02_r15_t3,1,1747362695000000000,1747363420000000000,3225.9385,3220.2375,0.1768713075865264,sl,-5.701000000000022,-11.542000000000044,0.0,-11.542000000000044,2025,2025-05-16
h04_r30_t3,1,1747370995000000000,1747379110000000000,3219.4714999999997,3211.8064999999997,0.23843300522483907,sl,-7.664999999999964,-15.469999999999928,0.0,-15.469999999999928,2025,2025-05-16
h05_r60_t2,1,1747375465000000000,1747379090000000000,3222.3705,3212.0445,0.32082067457160673,sl,-10.326000000000022,-20.792000000000044,0.0,-20.792000000000044,2025,2025-05-16
h06_r60_t3,-1,1747379085000000000,1747396480000000000,3212.9145,3157.3875,0.5757154101462963,tp,55.527000000000044,110.91400000000009,0.0,110.91400000000009,2025,2025-05-16
h13_r30_t3,1,1747402630000000000,1747406465000000000,3185.8525,3169.4785,0.515755765359784,sl,-16.373999999999796,-32.88799999999959,0.0,-32.88799999999959,2025,2025-05-16
h14_r15_t2,-1,1747405070000000000,1747414645000000000,3180.7285,3188.6865,0.24987593336494082,sl,-7.957999999999629,-16.05599999999926,0.0,-16.05599999999926,2025,2025-05-16
h00_r30_t1,-1,1747617105000000000,1747619730000000000,3233.5615,3217.2315,0.5028036770251489,tp,16.329999999999927,32.519999999999854,0.0,32.519999999999854,2025,2025-05-19
h01_r60_t3,-1,1747626410000000000,1747645275000000000,3214.6234999999997,3246.9735,1.0051099041852298,sl,-32.350000000000364,-64.84000000000073,0.0,-64.84000000000073,2025,2025-05-19
h02_r15_t3,1,1747620900000000000,1747626230000000000,3225.2295,3217.1485000000002,0.2505859590308447,sl,-8.080999999999676,-16.301999999999353,0.0,-16.301999999999353,2025,2025-05-19
h04_r30_t3,1,1747629010000000000,1747645215000000000,3216.3415,3245.375500000001,0.3009778046751182,tp,29.034000000001015,57.92800000000203,0.0,57.92800000000203,2025,2025-05-19
h05_r60_t2,1,1747634460000000000,1747644910000000000,3224.3565,3243.084499999999,0.2904449834887603,tp,18.727999999999156,37.31599999999831,0.0,37.31599999999831,2025,2025-05-19
h06_r60_t3,1,1747640265000000000,1747663645000000000,3231.7735000000002,3220.3015,0.35579457143455917,sl,-11.472000000000207,-23.084000000000415,0.0,-23.084000000000415,2025,2025-05-19
h13_r30_t3,-1,1747661610000000000,1747687980000000000,3227.6395,3230.702,0.4359115769965275,forced_close,-3.0625,-6.265,0.0,-6.265,2025,2025-05-19
h14_r15_t2,1,1747664820000000000,1747687980000000000,3231.4404999999997,3230.665,0.438852263568879,forced_close,-0.7754999999997381,-1.6909999999994763,0.0,-1.6909999999994763,2025,2025-05-19
h00_r30_t1,-1,1747701245000000000,1747702800000000000,3217.1075,3224.3285,0.2243120251405912,sl,-7.221000000000004,-14.582000000000008,0.0,-14.582000000000008,2025,2025-05-20
h01_r60_t3,-1,1747706515000000000,1747731355000000000,3220.6195,3232.8585000000003,0.3799516298199006,sl,-12.239000000000487,-24.618000000000976,0.0,-24.618000000000976,2025,2025-05-20
h02_r15_t3,-1,1747707320000000000,1747727005000000000,3213.7525,3223.1365,0.2917802935432887,sl,-9.384000000000015,-18.90800000000003,0.0,-18.90800000000003,2025,2025-05-20
h04_r30_t3,-1,1747715435000000000,1747716665000000000,3211.2995,3215.1315,0.11926375793191539,sl,-3.83199999999988,-7.80399999999976,0.0,-7.80399999999976,2025,2025-05-20
h05_r60_t2,-1,1747720945000000000,1747726710000000000,3209.9545,3219.8755,0.3086962832762218,sl,-9.921000000000276,-19.982000000000554,0.0,-19.982000000000554,2025,2025-05-20
h06_r60_t3,-1,1747724505000000000,1747726700000000000,3208.6955,3219.3464999999997,0.33181992997542864,sl,-10.65099999999984,-21.44199999999968,0.0,-21.44199999999968,2025,2025-05-20
h13_r30_t3,1,1747748105000000000,1747749900000000000,3242.8285,3272.5644999999995,0.3061863260559963,tp,29.73599999999942,59.33199999999884,0.0,59.33199999999884,2025,2025-05-20
h14_r15_t2,1,1747750795000000000,1747774380000000000,3281.3325,3289.861,0.6275799981485329,forced_close,8.528499999999894,16.91699999999979,0.0,16.91699999999979,2025,2025-05-20
h00_r30_t1,1,1747787430000000000,1747789205000000000,3297.3464999999997,3305.6534999999994,0.25204572868658714,tp,8.306999999999789,16.473999999999577,0.0,16.473999999999577,2025,2025-05-21
h01_r60_t3,1,1747806365000000000,1747860780000000000,3314.7605000000003,3315.042,0.8881296843559731,forced_close,0.2814999999995962,0.42299999999919236,0.0,0.42299999999919236,2025,2025-05-21
h02_r15_t3,1,1747795185000000000,1747860780000000000,3298.4105,3315.042,0.27367231401994113,forced_close,16.63149999999996,33.12299999999992,0.0,33.12299999999992,2025,2025-05-21
h04_r30_t3,-1,1747801880000000000,1747806045000000000,3302.6385,3308.3745,0.17359984056415945,sl,-5.735999999999876,-11.611999999999753,0.0,-11.611999999999753,2025,2025-05-21
h05_r60_t2,1,1747809580000000000,1747830500000000000,3319.7235,3298.4835000000003,0.6404302340359356,sl,-21.23999999999978,-42.619999999999564,0.0,-42.619999999999564,2025,2025-05-21
h06_r60_t3,-1,1747811795000000000,1747854395000000000,3310.8175,3320.8355,0.30173749049164056,sl,-10.018000000000029,-20.17600000000006,0.0,-20.17600000000006,2025,2025-05-21
h13_r30_t3,1,1747834315000000000,1747835190000000000,3307.4714999999997,3299.9165000000003,0.22862461940656498,sl,-7.5549999999993815,-15.249999999998764,0.0,-15.249999999998764,2025,2025-05-21
h14_r15_t2,1,1747837385000000000,1747854425000000000,3304.0474999999997,3321.4434999999985,0.2636632058723541,tp,17.39599999999882,34.65199999999764,0.0,34.65199999999764,2025,2025-05-21
h00_r30_t1,1,1747875860000000000,1747876880000000000,3326.3514999999998,3333.2334999999994,0.20725784945435521,tp,6.881999999999607,13.623999999999214,0.0,13.623999999999214,2025,2025-05-22
h01_r60_t3,1,1747881855000000000,1747902355000000000,3343.0195000000003,3320.4555,0.6759275693463165,sl,-22.564000000000306,-45.26800000000061,0.0,-45.26800000000061,2025,2025-05-22
h02_r15_t3,1,1747881750000000000,1747886050000000000,3341.3305,3336.6025,0.14153796505946334,sl,-4.7280000000000655,-9.596000000000132,0.0,-9.596000000000132,2025,2025-05-22
h04_r30_t3,1,1747888205000000000,1747892845000000000,3337.3615,3332.8095000000003,0.1364098059831127,sl,-4.55199999999968,-9.24399999999936,0.0,-9.24399999999936,2025,2025-05-22
h05_r60_t2,-1,1747896890000000000,1747909735000000000,3326.2785000000003,3299.608500000001,0.40016342632317875,tp,26.669999999999163,53.199999999998326,0.0,53.199999999998326,2025,2025-05-22
h06_r60_t3,-1,1747897365000000000,1747909880000000000,3325.6175000000003,3295.143500000002,0.3053609973923303,tp,30.47399999999834,60.80799999999668,0.0,60.80799999999668,2025,2025-05-22
h13_r30_t3,-1,1747921510000000000,1747947180000000000,3304.2135,3295.133,0.35160982604796465,forced_close,9.080500000000029,18.021000000000058,0.0,18.021000000000058,2025,2025-05-22
h14_r15_t2,1,1747923615000000000,1747947180000000000,3295.5755,3295.096,0.4936812717968712,forced_close,-0.4794999999999163,-1.0989999999998328,0.0,-1.0989999999998328,2025,2025-05-22
h00_r30_t1,1,1747960235000000000,1747961400000000000,3305.8795,3293.5265,0.37395784566012474,sl,-12.353000000000065,-24.84600000000013,0.0,-24.84600000000013,2025,2025-05-23
h01_r60_t3,-1,1747966730000000000,1747973705000000000,3295.9875,3306.6125,0.3214587237165893,sl,-10.625,-21.39,0.0,-21.39,2025,2025-05-23
h02_r15_t3,-1,1747966690000000000,1747973595000000000,3297.2675,3305.4555,0.24817276437272356,sl,-8.188000000000102,-16.516000000000204,0.0,-16.516000000000204,2025,2025-05-23
h04_r30_t3,1,1747974720000000000,1748001025000000000,3313.7295,3349.0064999999986,0.3550444681194301,tp,35.27699999999868,70.41399999999736,0.0,70.41399999999736,2025,2025-05-23
h05_r60_t2,1,1747980030000000000,1748001670000000000,3325.7995,3352.2475000000004,0.3978331570651309,tp,26.44800000000032,52.75600000000064,0.0,52.75600000000064,2025,2025-05-23
h06_r60_t3,1,1747983640000000000,1747988890000000000,3332.1275,3323.1135,0.27059988127107865,sl,-9.014000000000124,-18.168000000000248,0.0,-18.168000000000248,2025,2025-05-23
h13_r30_t3,-1,1748007155000000000,1748021145000000000,3345.7275,3364.6475,0.5646135612597529,sl,-18.920000000000073,-37.980000000000146,0.0,-37.980000000000146,2025,2025-05-23
h14_r15_t2,1,1748009825000000000,1748033580000000000,3348.6305,3359.702,0.3586757347372588,forced_close,11.071500000000015,22.00300000000003,0.0,22.00300000000003,2025,2025-05-23
h00_r30_t1,1,1748224005000000000,1748248955000000000,3346.3015,3331.4705000000004,0.44462292117947766,sl,-14.830999999999676,-29.801999999999353,0.0,-29.801999999999353,2025,2025-05-26
h01_r60_t3,1,1748225085000000000,1748242885000000000,3347.7865,3335.6345,0.36328756713174404,sl,-12.152000000000044,-24.444000000000088,0.0,-24.444000000000088,2025,2025-05-26
h02_r15_t3,1,1748226810000000000,1748240265000000000,3350.6575000000003,3343.3095000000003,0.21951479999671258,sl,-7.347999999999956,-14.835999999999913,0.0,-14.835999999999913,2025,2025-05-26
h04_r30_t3,-1,1748234230000000000,1748235000000000000,3347.2235,3351.0205,0.11340602927619882,sl,-3.7970000000000255,-7.734000000000051,0.0,-7.734000000000051,2025,2025-05-26
h05_r60_t2,-1,1748240120000000000,1748251530000000000,3344.3695,3329.1375,0.22751534630742343,tp,15.231999999999971,30.32399999999994,0.0,30.32399999999994,2025,2025-05-26
h06_r60_t3,-1,1748242825000000000,1748283295000000000,3337.1225,3341.657,0.31390565181493146,forced_close,-4.534500000000207,-9.209000000000415,0.0,-9.209000000000415,2025,2025-05-26
h13_r30_t3,1,1748266300000000000,1748283295000000000,3338.6795,3341.62,0.21826882504956982,forced_close,2.9404999999997017,5.740999999999404,0.0,5.740999999999404,2025,2025-05-26
h14_r15_t2,-1,1748269700000000000,1748277635000000000,3337.2275,3341.7285,0.13480081838862268,sl,-4.501000000000204,-9.142000000000408,0.0,-9.142000000000408,2025,2025-05-26
h00_r30_t1,-1,1748306395000000000,1748309935000000000,3343.8095000000003,3337.5095000000006,0.18837068180767463,tp,6.299999999999727,12.459999999999454,0.0,12.459999999999454,2025,2025-05-27
h01_r60_t3,-1,1748321935000000000,1748379180000000000,3331.8095000000003,3300.67,0.46744821506215184,forced_close,31.139500000000226,62.13900000000045,0.0,62.13900000000045,2025,2025-05-27
h02_r15_t3,1,1748312115000000000,1748321230000000000,3340.0825,3335.1305,0.14827747950441938,sl,-4.951999999999771,-10.043999999999542,0.0,-10.043999999999542,2025,2025-05-27
h04_r30_t3,-1,1748320315000000000,1748321975000000000,3339.0455,3331.4855000000016,0.07545037812763979,tp,7.559999999998581,14.979999999997162,0.0,14.979999999997162,2025,2025-05-27
h05_r60_t2,-1,1748327915000000000,1748379180000000000,3316.0935,3300.67,0.5034745702916958,forced_close,15.423499999999876,30.706999999999752,0.0,30.706999999999752,2025,2025-05-27
h06_r60_t3,-1,1748329305000000000,1748379180000000000,3305.0855,3300.67,0.7059332331261595,forced_close,4.4155000000000655,8.69100000000013,0.0,8.69100000000013,2025,2025-05-27
h13_r30_t3,1,1748352700000000000,1748354190000000000,3299.5335,3293.1065,0.19496172431466144,sl,-6.427000000000135,-12.99400000000027,0.0,-12.99400000000027,2025,2025-05-27
h14_r15_t2,1,1748355500000000000,1748379180000000000,3298.4925000000003,3300.633,0.40398827754820965,forced_close,2.14049999999952,4.14099999999904,0.0,4.14099999999904,2025,2025-05-27
h00_r30_t1,1,1748392205000000000,1748393755000000000,3312.6515,3309.4145,0.09773301375614299,sl,-3.23700000000008,-6.61400000000016,0.0,-6.61400000000016,2025,2025-05-28
h01_r60_t3,1,1748397835000000000,1748402395000000000,3310.8995,3298.6175000000003,0.3719619661166846,sl,-12.281999999999698,-24.703999999999397,0.0,-24.703999999999397,2025,2025-05-28
h02_r15_t3,-1,1748402325000000000,1748417620000000000,3300.3415,3313.7045,0.4041410928140831,sl,-13.362999999999829,-26.86599999999966,0.0,-26.86599999999966,2025,2025-05-28
h04_r30_t3,1,1748406975000000000,1748416415000000000,3298.9894999999997,3312.567499999999,0.13735332047706578,tp,13.57799999999952,27.01599999999904,0.0,27.01599999999904,2025,2025-05-28
h05_r60_t2,1,1748415720000000000,1748444625000000000,3310.3725,3296.0155,0.43410472062048744,sl,-14.356999999999971,-28.853999999999942,0.0,-28.853999999999942,2025,2025-05-28
h06_r60_t3,1,1748415600000000000,1748439800000000000,3308.8064999999997,3298.4075000000003,0.3143254448699325,sl,-10.398999999999432,-20.937999999998866,0.0,-20.937999999998866,2025,2025-05-28
h13_r30_t3,-1,1748439020000000000,1748465580000000000,3304.7315,3284.199,0.3565761250094805,forced_close,20.5324999999998,40.9249999999996,0.0,40.9249999999996,2025,2025-05-28
h14_r15_t2,-1,1748443825000000000,1748465485000000000,3300.8154999999997,3284.249499999999,0.25069108021888653,tp,16.566000000000713,32.992000000001426,0.0,32.992000000001426,2025,2025-05-28
h00_r30_t1,1,1748479175000000000,1748480710000000000,3264.9085,3253.9055,0.3373483706760521,sl,-11.003000000000156,-22.146000000000313,0.0,-22.146000000000313,2025,2025-05-29
h01_r60_t3,1,1748484500000000000,1748534705000000000,3265.9535,3327.2795,0.6263630451318752,tp,61.32600000000002,122.51200000000004,0.0,122.51200000000004,2025,2025-05-29
h02_r15_t3,1,1748485810000000000,1748502940000000000,3266.3135,3282.0395000000008,0.16058654219218976,tp,15.726000000000568,31.312000000001134,0.0,31.312000000001134,2025,2025-05-29
h04_r30_t3,1,1748493000000000000,1748493390000000000,3275.5145,3272.3835,0.09560204632959785,sl,-3.131000000000313,-6.402000000000625,0.0,-6.402000000000625,2025,2025-05-29
h05_r60_t2,1,1748498400000000000,1748505460000000000,3272.6785,3285.9025,0.20204153004596442,tp,13.22400000000016,26.30800000000032,0.0,26.30800000000032,2025,2025-05-29
h06_r60_t3,1,1748502845000000000,1748518185000000000,3276.4915,3301.5715000000005,0.2555202381350851,tp,25.080000000000382,50.02000000000076,0.0,50.02000000000076,2025,2025-05-29
h13_r30_t3,1,1748525405000000000,1748527335000000000,3319.1425,3310.2884999999997,0.2667623162525489,sl,-8.85400000000027,-17.84800000000054,0.0,-17.84800000000054,2025,2025-05-29
h14_r15_t2,-1,1748529045000000000,1748533765000000000,3309.9545,3319.6125,0.2911200692442666,sl,-9.658000000000357,-19.456000000000714,0.0,-19.456000000000714,2025,2025-05-29
h00_r30_t1,-1,1748565155000000000,1748567915000000000,3312.1185,3318.9455,0.20603650440524185,sl,-6.826999999999771,-13.793999999999542,0.0,-13.793999999999542,2025,2025-05-30
h01_r60_t3,-1,1748570670000000000,1748638380000000000,3308.1575000000003,3292.081,0.4431126526381233,forced_close,16.076500000000124,32.01300000000025,0.0,32.01300000000025,2025,2025-05-30
h02_r15_t3,-1,1748571685000000000,1748613675000000000,3302.5935,3273.508500000001,0.293287113260698,tp,29.084999999999127,58.02999999999825,0.0,58.02999999999825,2025,2025-05-30
h04_r30_t3,-1,1748579800000000000,1748581185000000000,3292.1555,3295.6155,0.10501222436377802,sl,-3.4600000000000364,-7.060000000000072,0.0,-7.060000000000072,2025,2025-05-30
h05_r60_t2,-1,1748589190000000000,1748607245000000000,3290.2615,3305.0744999999997,0.44834993874648305,sl,-14.812999999999647,-29.765999999999295,0.0,-29.765999999999295,2025,2025-05-30
h06_r60_t3,-1,1748589190000000000,1748607240000000000,3290.5825,3304.3865,0.41805833949008603,sl,-13.804000000000087,-27.748000000000175,0.0,-27.748000000000175,2025,2025-05-30
h13_r30_t3,-1,1748611800000000000,1748638380000000000,3293.9075000000003,3292.081,0.4396096021493483,forced_close,1.8265000000001237,3.5130000000002473,0.0,3.5130000000002473,2025,2025-05-30
h14_r15_t2,1,1748614925000000000,1748638380000000000,3286.6904999999997,3292.044,0.4595875959181564,forced_close,5.353500000000167,10.567000000000334,0.0,10.567000000000334,2025,2025-05-30
h00_r30_t1,-1,1748824680000000000,1748824855000000000,3309.8175,3304.5965000000006,0.15759413729282337,tp,5.220999999999549,10.301999999999097,0.0,10.301999999999097,2025,2025-06-02
h01_r60_t3,1,1748838205000000000,1748848425000000000,3313.9085,3351.0395,0.3746456009108684,tp,37.13099999999986,74.12199999999972,0.0,74.12199999999972,2025,2025-06-02
h02_r15_t3,1,1748830540000000000,1748844130000000000,3309.0285000000003,3326.071500000002,0.17171086863908466,tp,17.043000000001484,33.94600000000297,0.0,33.94600000000297,2025,2025-06-02
h04_r30_t3,1,1748838610000000000,1748845015000000000,3314.0195000000003,3329.5535000000013,0.1562568605679215,tp,15.534000000001015,30.92800000000203,0.0,30.92800000000203,2025,2025-06-02
h05_r60_t2,1,1748844115000000000,1748848235000000000,3325.8005000000003,3349.6105000000007,0.35817615678037396,tp,23.8100000000004,47.4800000000008,0.0,47.4800000000008,2025,2025-06-02
h06_r60_t3,1,1748847600000000000,1748897580000000000,3345.5455,3382.509,0.6512109219254077,forced_close,36.96349999999984,73.78699999999968,0.0,73.78699999999968,2025,2025-06-02
h13_r30_t3,-1,1748871035000000000,1748871370000000000,3352.0115,3357.8395,0.17366794111560122,sl,-5.8279999999999745,-11.79599999999995,0.0,-11.79599999999995,2025,2025-06-02
h14_r15_t2,1,1748873870000000000,1748897580000000000,3376.4314999999997,3382.509,0.25863572322953904,forced_close,6.077500000000327,12.015000000000654,0.0,12.015000000000654,2025,2025-06-02
h00_r30_t1,-1,1748911255000000000,1748922130000000000,3375.677,3362.606,0.3867303356973732,tp,13.070999999999913,26.001999999999825,0.0,26.001999999999825,2025,2025-06-03
h01_r60_t3,1,1748916930000000000,1748922125000000000,3376.2315,3363.2765,0.3841121945614969,sl,-12.954999999999927,-26.049999999999855,0.0,-26.049999999999855,2025,2025-06-03
h02_r15_t3,1,1748916905000000000,1748917525000000000,3375.5564999999997,3371.7235,0.11358347874516567,sl,-3.832999999999629,-7.8059999999992575,0.0,-7.8059999999992575,2025,2025-06-03
h04_r30_t3,-1,1748925070000000000,1748929770000000000,3361.0915,3365.3165,0.12563686366972665,sl,-4.224999999999909,-8.589999999999819,0.0,-8.589999999999819,2025,2025-06-03
h05_r60_t2,-1,1748932945000000000,1748959515000000000,3356.3545,3333.3924999999995,0.34117780784121227,tp,22.962000000000444,45.78400000000089,0.0,45.78400000000089,2025,2025-06-03
h13_r30_t3,-1,1748957405000000000,1748959225000000000,3357.1605,3339.115499999999,0.17904319495215254,tp,18.045000000000982,35.950000000001964,0.0,35.950000000001964,2025,2025-06-03
h14_r15_t2,1,1748960940000000000,1748983980000000000,3346.0095,3354.037,0.38565017183850514,forced_close,8.02749999999969,15.914999999999381,0.0,15.914999999999381,2025,2025-06-03
h00_r30_t1,-1,1748997735000000000,1748999905000000000,3351.8685,3360.2605000000003,0.24995178629003967,sl,-8.39200000000028,-16.92400000000056,0.0,-16.92400000000056,2025,2025-06-04
h01_r60_t3,1,1749002670000000000,1749036465000000000,3372.4655000000002,3346.5445,0.76893811577383,sl,-25.921000000000276,-51.98200000000055,0.0,-51.98200000000055,2025,2025-06-04
h02_r15_t3,-1,1749003615000000000,1749008335000000000,3369.6795,3360.5685000000008,0.0900581790070087,tp,9.110999999999422,18.081999999998843,0.0,18.081999999998843,2025,2025-06-04
h04_r30_t3,-1,1749012040000000000,1749020835000000000,3356.9015,3361.6005,0.1398443855485029,sl,-4.699000000000069,-9.538000000000139,0.0,-9.538000000000139,2025,2025-06-04
h05_r60_t2,1,1749018635000000000,1749034310000000000,3356.5215,3348.0765,0.2520036077248195,sl,-8.444999999999709,-17.02999999999942,0.0,-17.02999999999942,2025,2025-06-04
h06_r60_t3,1,1749020670000000000,1749034300000000000,3358.5795,3349.0355,0.2844048603312545,sl,-9.543999999999869,-19.22799999999974,0.0,-19.22799999999974,2025,2025-06-04
h13_r30_t3,-1,1749043960000000000,1749046060000000000,3355.0955000000004,3362.8514999999998,0.23095503151286723,sl,-7.755999999999403,-15.651999999998807,0.0,-15.651999999998807,2025,2025-06-04
h14_r15_t2,1,1749046565000000000,1749070380000000000,3367.5474999999997,3372.116,0.48528514400470407,forced_close,4.568500000000313,8.997000000000625,0.0,8.997000000000625,2025,2025-06-04
h00_r30_t1,-1,1749084105000000000,1749085455000000000,3374.5275,3381.8075,0.21531877752763307,sl,-7.279999999999745,-14.699999999999491,0.0,-14.699999999999491,2025,2025-06-05
h01_r60_t3,-1,1749089660000000000,1749115430000000000,3370.6715,3384.2635,0.4028705415292067,sl,-13.592000000000098,-27.324000000000197,0.0,-27.324000000000197,2025,2025-06-05
h02_r15_t3,-1,1749089825000000000,1749094350000000000,3369.4785,3375.2394999999997,0.17091833820854122,sl,-5.7609999999995125,-11.661999999999026,0.0,-11.661999999999026,2025,2025-06-05
h04_r30_t3,-1,1749101630000000000,1749107480000000000,3363.9815,3372.5845,0.2554659938178021,sl,-8.603000000000065,-17.34600000000013,0.0,-17.34600000000013,2025,2025-06-05
h05_r60_t2,1,1749105095000000000,1749115745000000000,3369.8685,3387.1485,0.25680950159487537,tp,17.279999999999745,34.41999999999949,0.0,34.41999999999949,2025,2025-06-05
h06_r60_t3,1,1749107285000000000,1749115800000000000,3370.1455,3389.1835,0.18853022625855304,tp,19.03800000000001,37.93600000000002,0.0,37.93600000000002,2025,2025-06-05
h13_r30_t3,1,1749130550000000000,1749132300000000000,3385.5195000000003,3371.2125,0.42341837757691586,sl,-14.307000000000244,-28.754000000000488,0.0,-28.754000000000488,2025,2025-06-05
h14_r15_t2,1,1749133045000000000,1749134890000000000,3379.0805,3367.6324999999997,0.3391919096448313,sl,-11.44800000000032,-23.03600000000064,0.0,-23.03600000000064,2025,2025-06-05
h00_r30_t1,-1,1749170160000000000,1749170355000000000,3361.6014999999998,3364.1655,0.07624109969164,sl,-2.5640000000003056,-5.268000000000611,0.0,-5.268000000000611,2025,2025-06-06
h01_r60_t3,1,1749180925000000000,1749192365000000000,3368.6095,3356.2135,0.3685057220799225,sl,-12.396000000000186,-24.93200000000037,0.0,-24.93200000000037,2025,2025-06-06
h02_r15_t3,1,1749176330000000000,1749178970000000000,3365.3154999999997,3362.1275,0.0947469671980129,sl,-3.187999999999647,-6.515999999999294,0.0,-6.515999999999294,2025,2025-06-06
h04_r30_t3,1,1749185265000000000,1749187470000000000,3373.7765,3369.1355000000003,0.13762584008920092,sl,-4.640999999999622,-9.421999999999244,0.0,-9.421999999999244,2025,2025-06-06
h05_r60_t2,-1,1749190200000000000,1749219230000000000,3362.3025,3335.378499999999,0.39992567122053063,tp,26.924000000000888,53.708000000001775,0.0,53.708000000001775,2025,2025-06-06
h06_r60_t3,-1,1749196040000000000,1749199455000000000,3356.1965,3367.0805,0.323859895781029,sl,-10.884000000000015,-21.90800000000003,0.0,-21.90800000000003,2025,2025-06-06
h13_r30_t3,-1,1749217180000000000,1749243180000000000,3346.6904999999997,3311.043,0.4295403670593272,forced_close,35.64749999999958,71.15499999999916,0.0,71.15499999999916,2025,2025-06-06
h14_r15_t2,-1,1749219350000000000,1749240080000000000,3333.783,3311.152999999999,0.3393774919988497,tp,22.63000000000102,45.12000000000204,0.0,45.12000000000204,2025,2025-06-06
h00_r30_t1,-1,1749429740000000000,1749450135000000000,3304.6865,3318.7794999999996,0.42574215999875076,sl,-14.092999999999847,-28.325999999999695,0.0,-28.325999999999695,2025,2025-06-09
h01_r60_t3,-1,1749434400000000000,1749440635000000000,3295.1555,3309.5355,0.4362852826380791,sl,-14.38000000000011,-28.90000000000022,0.0,-28.90000000000022,2025,2025-06-09
h02_r15_t3,1,1749435450000000000,1749448110000000000,3299.2115000000003,3316.3205000000016,0.1729190250496215,tp,17.109000000001288,34.078000000002575,0.0,34.078000000002575,2025,2025-06-09
h04_r30_t3,1,1749444145000000000,1749452355000000000,3313.2245000000003,3324.912500000001,0.1176227819871151,tp,11.688000000000557,23.236000000001113,0.0,23.236000000001113,2025,2025-06-09
h05_r60_t2,1,1749449350000000000,1749482855000000000,3316.6855,3330.7494999999994,0.21214272752736515,tp,14.063999999999396,27.98799999999879,0.0,27.98799999999879,2025,2025-06-09
h06_r60_t3,1,1749452455000000000,1749466400000000000,3324.9905,3312.5195000000003,0.3751345164514142,sl,-12.470999999999549,-25.0819999999991,0.0,-25.0819999999991,2025,2025-06-09
h13_r30_t3,1,1749477315000000000,1749502380000000000,3320.6445000000003,3326.504,0.2977186920474915,forced_close,5.859499999999571,11.57899999999914,0.0,11.57899999999914,2025,2025-06-09
h14_r15_t2,1,1749478505000000000,1749479770000000000,3326.5975,3317.4475,0.2751204930038854,sl,-9.149999999999636,-18.439999999999273,0.0,-18.439999999999273,2025,2025-06-09
h00_r30_t1,-1,1749515700000000000,1749518680000000000,3319.2844999999998,3311.6384999999996,0.23024950270956282,tp,7.6460000000001855,15.15200000000037,0.0,15.15200000000037,2025,2025-06-10
h01_r60_t3,-1,1749522610000000000,1749535800000000000,3303.0365,3320.0434999999998,0.5143747120120001,sl,-17.006999999999607,-34.153999999999215,0.0,-34.153999999999215,2025,2025-06-10
h02_r15_t3,1,1749521700000000000,1749522555000000000,3308.4155,3303.1005,0.16067078465535223,sl,-5.315000000000055,-10.77000000000011,0.0,-10.77000000000011,2025,2025-06-10
h04_r30_t3,-1,1749529850000000000,1749531760000000000,3302.92,3308.8665,0.17910636608561392,sl,-5.9465000000000146,-12.03300000000003,0.0,-12.03300000000003,2025,2025-06-10
h05_r60_t2,1,1749535630000000000,1749561880000000000,3319.2865,3344.0745000000006,0.37357165882967636,tp,24.788000000000466,49.43600000000093,0.0,49.43600000000093,2025,2025-06-10
h06_r60_t3,1,1749540835000000000,1749588780000000000,3331.3514999999998,3323.351,0.47346925765162223,forced_close,-8.000499999999647,-16.140999999999295,0.0,-16.140999999999295,2025,2025-06-10
h13_r30_t3,1,1749562200000000000,1749564465000000000,3346.2075,3335.6135,0.3166309084548448,sl,-10.594000000000051,-21.328000000000102,0.0,-21.328000000000102,2025,2025-06-10
h14_r15_t2,-1,1749565165000000000,1749588780000000000,3333.6875,3323.388,0.30333026356312326,forced_close,10.29950000000008,20.45900000000016,0.0,20.45900000000016,2025,2025-06-10
h00_r30_t1,1,1749602345000000000,1749615225000000000,3333.9725,3342.8574999999996,0.266726826549654,tp,8.884999999999764,17.629999999999526,0.0,17.629999999999526,2025,2025-06-11
h01_r60_t3,-1,1749607350000000000,1749610080000000000,3327.6955,3337.5465,0.2959427365375154,sl,-9.851000000000113,-19.842000000000226,0.0,-19.842000000000226,2025,2025-06-11
h02_r15_t3,1,1749608100000000000,1749639860000000000,3332.5964999999997,3327.1994999999997,0.16195867668027428,sl,-5.3969999999999345,-10.93399999999987,0.0,-10.93399999999987,2025,2025-06-11
h04_r30_t3,1,1749618230000000000,1749620855000000000,3343.0564999999997,3336.8914999999997,0.18448624769485594,sl,-6.164999999999964,-12.469999999999928,0.0,-12.469999999999928,2025,2025-06-11
h05_r60_t2,-1,1749622945000000000,1749628205000000000,3335.6295,3343.2275,0.22749977655737133,sl,-7.597999999999956,-15.335999999999913,0.0,-15.335999999999913,2025,2025-06-11
h06_r60_t3,1,1749626505000000000,1749635495000000000,3340.3125,3332.5765,0.2318022429623666,sl,-7.735999999999876,-15.611999999999753,0.0,-15.611999999999753,2025,2025-06-11
h13_r30_t3,-1,1749649505000000000,1749666120000000000,3331.8115,3344.5415000000003,0.3813793980527024,sl,-12.730000000000473,-25.600000000000946,0.0,-25.600000000000946,2025,2025-06-11
h14_r15_t2,1,1749651440000000000,1749659835000000000,3333.9455,3328.5955000000004,0.160584828935869,sl,-5.349999999999454,-10.83999999999891,0.0,-10.83999999999891,2025,2025-06-11
h00_r30_t1,1,1749689215000000000,1749713595000000000,3370.2055,3362.1985,0.2377773122076708,sl,-8.007000000000062,-16.154000000000124,0.0,-16.154000000000124,2025,2025-06-12
h01_r60_t3,1,1749695515000000000,1749713585000000000,3376.9764999999998,3362.5074999999997,0.4291947977520756,sl,-14.469000000000051,-29.078000000000102,0.0,-29.078000000000102,2025,2025-06-12
h02_r15_t3,1,1749695240000000000,1749704415000000000,3374.5325000000003,3369.0265,0.1632755458692136,sl,-5.506000000000313,-11.152000000000626,0.0,-11.152000000000626,2025,2025-06-12
h04_r30_t3,-1,1749704400000000000,1749705665000000000,3369.5105000000003,3373.8505,0.12870801030908727,sl,-4.339999999999691,-8.819999999999382,0.0,-8.819999999999382,2025,2025-06-12
h05_r60_t2,-1,1749709070000000000,1749713860000000000,3367.8525,3351.8324999999995,0.23735601401912387,tp,16.020000000000437,31.900000000000873,0.0,31.900000000000873,2025,2025-06-12
h06_r60_t3,-1,1749713565000000000,1749723900000000000,3365.3345,3375.6814999999997,0.30656883050968003,sl,-10.346999999999753,-20.833999999999506,0.0,-20.833999999999506,2025,2025-06-12
h13_r30_t3,1,1749735670000000000,1749741180000000000,3393.9105,3379.4515,0.4274069575491344,sl,-14.458999999999833,-29.057999999999666,0.0,-29.057999999999666,2025,2025-06-12
h14_r15_t2,-1,1749740310000000000,1749761580000000000,3384.3765000000003,3386.396,0.2619456810329272,forced_close,-2.01949999999988,-4.17899999999976,0.0,-4.17899999999976,2025,2025-06-12
h00_r30_t1,1,1749774600000000000,1749781985000000000,3414.5895,3437.3395,0.666429095679152,tp,22.75,45.36,0.0,45.36,2025,2025-06-13
h01_r60_t3,1,1749781425000000000,1749797230000000000,3433.5035,3414.0535,0.5674381248110006,sl,-19.449999999999818,-39.03999999999964,0.0,-39.03999999999964,2025,2025-06-13
h02_r15_t3,1,1749781310000000000,1749784670000000000,3432.2055,3424.8685,0.21391627876057978,sl,-7.336999999999989,-14.813999999999979,0.0,-14.813999999999979,2025,2025-06-13
h04_r30_t3,-1,1749790970000000000,1749818100000000000,3422.6904999999997,3430.3905,0.22466137039643752,sl,-7.700000000000273,-15.540000000000546,0.0,-15.540000000000546,2025,2025-06-13
h05_r60_t2,-1,1749797125000000000,1749818045000000000,3418.0875,3428.9134999999997,0.31598845851132445,sl,-10.825999999999567,-21.791999999999135,0.0,-21.791999999999135,2025,2025-06-13
h06_r60_t3,-1,1749798610000000000,1749818045000000000,3408.4555,3428.7735000000002,0.5947416095344887,sl,-20.31800000000021,-40.77600000000042,0.0,-40.77600000000042,2025,2025-06-13
h13_r30_t3,1,1749821720000000000,1749822890000000000,3444.5964999999997,3435.5285000000003,0.263338518500106,sl,-9.067999999999302,-18.275999999998604,0.0,-18.275999999998604,2025,2025-06-13
h14_r15_t2,-1,1749824225000000000,1749825970000000000,3427.0964999999997,3438.3865,0.3291945885541584,sl,-11.290000000000418,-22.720000000000837,0.0,-22.720000000000837,2025,2025-06-13
h00_r30_t1,-1,1750034985000000000,1750050210000000000,3437.1575000000003,3423.0015000000003,0.4104387005770511,tp,14.155999999999949,28.171999999999898,0.0,28.171999999999898,2025,2025-06-16
h01_r60_t3,1,1750039320000000000,1750044875000000000,3443.2835,3433.2884999999997,0.29041813383032306,sl,-9.995000000000346,-20.130000000000692,0.0,-20.130000000000692,2025,2025-06-16
h02_r15_t3,-1,1750041205000000000,1750050210000000000,3440.5155,3422.6264999999994,0.17313262182397796,tp,17.88900000000058,35.638000000001156,0.0,35.638000000001156,2025,2025-06-16
h04_r30_t3,-1,1750049200000000000,1750053920000000000,3429.0035,3415.9234999999994,0.12709675021480743,tp,13.080000000000382,26.020000000000763,0.0,26.020000000000763,2025,2025-06-16
h05_r60_t2,-1,1750053900000000000,1750082060000000000,3417.8325,3392.4185,0.3713657078386127,tp,25.41399999999976,50.68799999999952,0.0,50.68799999999952,2025,2025-06-16
h06_r60_t3,-1,1750057915000000000,1750071600000000000,3413.0795,3421.7285,0.25301824969821796,sl,-8.649000000000342,-17.438000000000685,0.0,-17.438000000000685,2025,2025-06-16
h13_r30_t3,-1,1750081340000000000,1750107180000000000,3405.9945,3384.611,0.3555428578286736,forced_close,21.383499999999913,42.626999999999825,0.0,42.626999999999825,2025,2025-06-16
h14_r15_t2,1,1750086010000000000,1750099565000000000,3399.5675,3387.4565000000002,0.35656102762353964,sl,-12.110999999999876,-24.361999999999753,0.0,-24.361999999999753,2025,2025-06-16
h00_r30_t1,1,1750120510000000000,1750121385000000000,3403.0515,3397.1975,0.17221281255676202,sl,-5.8539999999998145,-11.84799999999963,0.0,-11.84799999999963,2025,2025-06-17
h01_r60_t3,-1,1750125930000000000,1750193580000000000,3393.3285,3389.112,0.27167431376820966,forced_close,4.216499999999996,8.292999999999992,0.0,8.292999999999992,2025,2025-06-17
h02_r15_t3,1,1750126715000000000,1750129140000000000,3397.3865,3390.1645,0.21268115040418714,sl,-7.222000000000207,-14.584000000000415,0.0,-14.584000000000415,2025,2025-06-17
h04_r30_t3,1,1750134630000000000,1750141620000000000,3390.6805,3387.1315,0.10471619741820956,sl,-3.548999999999978,-7.237999999999956,0.0,-7.237999999999956,2025,2025-06-17
h05_r60_t2,-1,1750140120000000000,1750142645000000000,3390.7695000000003,3381.227500000001,0.14062461083958228,tp,9.541999999999462,18.943999999998923,0.0,18.943999999998923,2025,2025-06-17
h06_r60_t3,-1,1750150470000000000,1750155305000000000,3381.1535000000003,3392.7315,0.34197288938882814,sl,-11.57799999999952,-23.29599999999904,0.0,-23.29599999999904,2025,2025-06-17
h13_r30_t3,1,1750167165000000000,1750169130000000000,3396.1845000000003,3385.9184999999998,0.30250227370269384,sl,-10.266000000000531,-20.672000000001063,0.0,-20.672000000001063,2025,2025-06-17
h14_r15_t2,-1,1750169760000000000,1750171030000000000,3384.5805,3369.4685,0.22314259848611032,tp,15.11200000000008,30.08400000000016,0.0,30.08400000000016,2025,2025-06-17
h00_r30_t1,-1,1750209205000000000,1750212065000000000,3382.9975,3377.0685,0.17516474689078398,tp,5.929000000000087,11.718000000000174,0.0,11.718000000000174,2025,2025-06-18
h01_r60_t3,-1,1750212000000000000,1750217805000000000,3378.7335000000003,3388.8015,0.29794902579871474,sl,-10.067999999999756,-20.275999999999513,0.0,-20.275999999999513,2025,2025-06-18
h02_r15_t3,-1,1750213025000000000,1750215240000000000,3374.3185000000003,3379.0434999999998,0.1399989422301981,sl,-4.724999999999454,-9.58999999999891,0.0,-9.58999999999891,2025,2025-06-18
h04_r30_t3,1,1750221000000000000,1750224675000000000,3395.2445,3389.4995,0.16921617565257258,sl,-5.744999999999891,-11.629999999999782,0.0,-11.629999999999782,2025,2025-06-18
h05_r60_t2,-1,1750226650000000000,1750253400000000000,3384.3175,3395.7865,0.33866959162542215,sl,-11.469000000000051,-23.078000000000102,0.0,-23.078000000000102,2025,2025-06-18
h06_r60_t3,-1,1750231575000000000,1750233710000000000,3379.4445,3386.9535,0.22199809221775366,sl,-7.5090000000000146,-15.15800000000003,0.0,-15.15800000000003,2025,2025-06-18
h13_r30_t3,1,1750253400000000000,1750255730000000000,3395.4295,3385.6985,0.28661713579323217,sl,-9.731000000000222,-19.602000000000444,0.0,-19.602000000000444,2025,2025-06-18
h14_r15_t2,-1,1750256105000000000,1750262245000000000,3383.8805,3392.5015000000003,0.2546794505647599,sl,-8.621000000000095,-17.38200000000019,0.0,-17.38200000000019,2025,2025-06-18
h00_r30_t1,1,1750293085000000000,1750295110000000000,3380.3565,3385.9124999999995,0.16441627561327507,tp,5.555999999999585,10.97199999999917,0.0,10.97199999999917,2025,2025-06-19
h01_r60_t3,-1,1750298400000000000,1750353295000000000,3374.5955000000004,3373.553,0.39778078323257626,forced_close,1.042500000000473,1.9450000000009458,0.0,1.9450000000009458,2025,2025-06-19
h02_r15_t3,1,1750300940000000000,1750303140000000000,3379.4804999999997,3374.0785,0.15992040096738488,sl,-5.401999999999589,-10.943999999999178,0.0,-10.943999999999178,2025,2025-06-19
h04_r30_t3,1,1750308875000000000,1750309810000000000,3374.7625,3372.0555,0.08025002908952028,sl,-2.70699999999988,-5.55399999999976,0.0,-5.55399999999976,2025,2025-06-19
h05_r60_t2,-1,1750312895000000000,1750328575000000000,3360.2675,3375.3945000000003,0.4495986320931275,sl,-15.127000000000407,-30.394000000000815,0.0,-30.394000000000815,2025,2025-06-19
h06_r60_t3,1,1750318795000000000,1750353295000000000,3364.899,3373.516,0.5157432595742515,forced_close,8.61700000000019,17.094000000000378,0.0,17.094000000000378,2025,2025-06-19
h13_r30_t3,1,1750340590000000000,1750353295000000000,3369.0175,3373.516,0.22126581232073234,forced_close,4.498500000000149,8.857000000000298,0.0,8.857000000000298,2025,2025-06-19
h14_r15_t2,-1,1750342865000000000,1750348460000000000,3366.7084999999997,3371.0845,0.12989802144475643,sl,-4.376000000000204,-8.892000000000408,0.0,-8.892000000000408,2025,2025-06-19
h00_r30_t1,-1,1750379400000000000,1750381915000000000,3365.6435,3360.8565000000003,0.14222128735072245,tp,4.786999999999807,9.433999999999614,0.0,9.433999999999614,2025,2025-06-20
h01_r60_t3,-1,1750384800000000000,1750427490000000000,3356.1605,3368.3685,0.36370174371569786,sl,-12.208000000000084,-24.556000000000168,0.0,-24.556000000000168,2025,2025-06-20
h02_r15_t3,-1,1750385780000000000,1750401780000000000,3355.9094999999998,3341.437499999998,0.14373220758996408,tp,14.472000000001572,28.804000000003143,0.0,28.804000000003143,2025,2025-06-20
h04_r30_t3,1,1750393890000000000,1750395270000000000,3357.3015,3354.0325000000003,0.09738555967873722,sl,-3.268999999999778,-6.677999999999556,0.0,-6.677999999999556,2025,2025-06-20
h05_r60_t2,-1,1750399220000000000,1750403820000000000,3342.8055,3355.2664999999997,0.37254615008487857,sl,-12.460999999999785,-25.06199999999957,0.0,-25.06199999999957,2025,2025-06-20
h06_r60_t3,1,1750403135000000000,1750427890000000000,3348.7905,3373.8885,0.25007685992422624,tp,25.097999999999956,50.05599999999991,0.0,50.05599999999991,2025,2025-06-20
h13_r30_t3,1,1750426200000000000,1750452780000000000,3357.5434999999998,3368.552,0.43120158718881074,forced_close,11.008500000000367,21.877000000000734,0.0,21.877000000000734,2025,2025-06-20
h14_r15_t2,-1,1750429305000000000,1750452780000000000,3366.3435,3368.589,0.24367882039752342,forced_close,-2.2454999999999927,-4.630999999999985,0.0,-4.630999999999985,2025,2025-06-20
h00_r30_t1,-1,1750638685000000000,1750656915000000000,3362.3355,3351.0395000000003,0.33589871416746564,tp,11.295999999999822,22.451999999999643,0.0,22.451999999999643,2025,2025-06-23
h01_r60_t3,-1,1750656830000000000,1750670100000000000,3351.9764999999998,3368.2155000000002,0.4839679470702114,sl,-16.239000000000487,-32.618000000000976,0.0,-32.618000000000976,2025,2025-06-23
h02_r15_t3,1,1750644960000000000,1750656280000000000,3363.8415,3354.8385,0.2677096728295246,sl,-9.003000000000156,-18.146000000000313,0.0,-18.146000000000313,2025,2025-06-23
h04_r30_t3,-1,1750653625000000000,1750669820000000000,3358.4425,3365.1405,0.19934710697436198,sl,-6.697999999999865,-13.535999999999731,0.0,-13.535999999999731,2025,2025-06-23
h05_r60_t2,1,1750665725000000000,1750690960000000000,3360.7525,3388.1545,0.4081497079187038,tp,27.402000000000044,54.66400000000009,0.0,54.66400000000009,2025,2025-06-23
h06_r60_t3,-1,1750662755000000000,1750665665000000000,3352.7235,3359.9184999999998,0.21428629930240675,sl,-7.194999999999709,-14.529999999999418,0.0,-14.529999999999418,2025,2025-06-23
h13_r30_t3,1,1750685405000000000,1750711980000000000,3369.2105,3367.86,0.2791671237073552,forced_close,-1.350500000000011,-2.841000000000022,0.0,-2.841000000000022,2025,2025-06-23
h14_r15_t2,1,1750690420000000000,1750711085000000000,3384.7535,3369.8914999999997,0.4403796296419784,sl,-14.86200000000008,-29.86400000000016,0.0,-29.86400000000016,2025,2025-06-23
h00_r30_t1,1,1750725000000000000,1750743740000000000,3349.3585000000003,3333.2235,0.4817766165904703,sl,-16.13500000000022,-32.41000000000044,0.0,-32.41000000000044,2025,2025-06-24
h01_r60_t3,1,1750734965000000000,1750742035000000000,3354.4345000000003,3342.2815,0.36300849902274007,sl,-12.153000000000247,-24.446000000000495,0.0,-24.446000000000495,2025,2025-06-24
h02_r15_t3,-1,1750731655000000000,1750734150000000000,3347.1455,3353.0275,0.1755390955737576,sl,-5.882000000000062,-11.904000000000124,0.0,-11.904000000000124,2025,2025-06-24
h04_r30_t3,-1,1750739585000000000,1750744035000000000,3347.8045,3330.6475,0.17076486925618897,tp,17.157000000000153,34.174000000000305,0.0,34.174000000000305,2025,2025-06-24
h05_r60_t2,-1,1750745410000000000,1750798380000000000,3326.6605,3323.115,0.6651614203375044,forced_close,3.5455000000001746,6.95100000000035,0.0,6.95100000000035,2025,2025-06-24
h13_r30_t3,-1,1750771905000000000,1750783985000000000,3310.2565,3318.0325000000003,0.23488249758389987,sl,-7.776000000000295,-15.69200000000059,0.0,-15.69200000000059,2025,2025-06-24
h14_r15_t2,1,1750774500000000000,1750798380000000000,3308.6195,3323.078,0.2984326242410104,forced_close,14.458500000000186,28.77700000000037,0.0,28.77700000000037,2025,2025-06-24
h00_r30_t1,1,1750811400000000000,1750816205000000000,3328.8235,3333.9395,0.1537090341463293,tp,5.1159999999999854,10.09199999999997,0.0,10.09199999999997,2025,2025-06-25
h01_r60_t3,1,1750816800000000000,1750826720000000000,3334.9395,3326.4285,0.25522906966440023,sl,-8.510999999999967,-17.161999999999935,0.0,-17.161999999999935,2025,2025-06-25
h02_r15_t3,-1,1750817700000000000,1750837480000000000,3331.3745,3335.2884999999997,0.11747969730817995,sl,-3.91399999999976,-7.9679999999995195,0.0,-7.9679999999995195,2025,2025-06-25
h04_r30_t3,-1,1750825870000000000,1750828285000000000,3326.7385,3329.3154999999997,0.07744814813422755,sl,-2.576999999999771,-5.293999999999541,0.0,-5.293999999999541,2025,2025-06-25
h05_r60_t2,1,1750834830000000000,1750839445000000000,3333.8215,3326.7435,0.21244374690379972,sl,-7.0779999999999745,-14.29599999999995,0.0,-14.29599999999995,2025,2025-06-25
h06_r60_t3,1,1750834830000000000,1750835235000000000,3333.5465,3329.1275,0.13263775799866967,sl,-4.418999999999869,-8.977999999999739,0.0,-8.977999999999739,2025,2025-06-25
h13_r30_t3,-1,1750858320000000000,1750860425000000000,3313.8514999999998,3321.7015,0.23685782299902625,sl,-7.850000000000364,-15.840000000000728,0.0,-15.840000000000728,2025,2025-06-25
h14_r15_t2,1,1750861010000000000,1750884780000000000,3322.1765,3332.657,0.2969302597928844,forced_close,10.48050000000012,20.82100000000024,0.0,20.82100000000024,2025,2025-06-25
h00_r30_t1,-1,1750898035000000000,1750905625000000000,3332.8315000000002,3339.4535,0.19864151640689365,sl,-6.621999999999844,-13.383999999999688,0.0,-13.383999999999688,2025,2025-06-26
h01_r60_t3,1,1750905120000000000,1750942140000000000,3336.8545,3329.2605000000003,0.22802733385329402,sl,-7.593999999999596,-15.327999999999193,0.0,-15.327999999999193,2025,2025-06-26
h02_r15_t3,1,1750904130000000000,1750907250000000000,3332.5505000000003,3342.216500000001,0.09669997093299136,tp,9.666000000000622,19.192000000001244,0.0,19.192000000001244,2025,2025-06-26
h04_r30_t3,-1,1750912200000000000,1750916125000000000,3335.6405,3338.2355,0.07779120929357038,sl,-2.5949999999998,-5.3299999999995995,0.0,-5.3299999999995995,2025,2025-06-26
h05_r60_t2,-1,1750917930000000000,1750920425000000000,3332.5015000000003,3338.3785,0.17625901707929478,sl,-5.876999999999498,-11.893999999998996,0.0,-11.893999999998996,2025,2025-06-26
h06_r60_t3,1,1750921210000000000,1750941415000000000,3340.4475,3331.0474999999997,0.2814485437957302,sl,-9.400000000000546,-18.940000000001092,0.0,-18.940000000001092,2025,2025-06-26
h13_r30_t3,-1,1750944790000000000,1750945625000000000,3316.2655,3325.5845,0.2807304413890466,sl,-9.31899999999996,-18.77799999999992,0.0,-18.77799999999992,2025,2025-06-26
h14_r15_t2,1,1750947315000000000,1750947835000000000,3323.0545,3317.1785,0.17685922279762947,sl,-5.876000000000204,-11.892000000000408,0.0,-11.892000000000408,2025,2025-06-26
h00_r30_t1,-1,1750984630000000000,1750986255000000000,3313.6375,3320.0625,0.19380929376648023,sl,-6.425000000000182,-12.990000000000364,0.0,-12.990000000000364,2025,2025-06-27
h01_r60_t3,-1,1750989670000000000,1750996655000000000,3314.9515,3293.3635000000004,0.2169752367513088,tp,21.587999999999738,43.035999999999476,0.0,43.035999999999476,2025,2025-06-27
h02_r15_t3,-1,1750991295000000000,1750995935000000000,3314.7095,3297.6005,0.17188160934592236,tp,17.108999999999924,34.07799999999985,0.0,34.07799999999985,2025,2025-06-27
h04_r30_t3,1,1750999070000000000,1751001100000000000,3295.4525000000003,3291.1285,0.13125919121694252,sl,-4.324000000000524,-8.788000000001048,0.0,-8.788000000001048,2025,2025-06-27
h05_r60_t2,-1,1751006330000000000,1751029320000000000,3289.3424999999997,3265.9844999999996,0.3542114049764014,tp,23.358000000000175,46.57600000000035,0.0,46.57600000000035,2025,2025-06-27
h06_r60_t3,-1,1751008245000000000,1751057580000000000,3286.9345000000003,3274.443,0.39654400337969253,forced_close,12.491500000000087,24.843000000000174,0.0,24.843000000000174,2025,2025-06-27
h13_r30_t3,-1,1751031000000000000,1751032115000000000,3256.3685,3270.8365000000003,0.4442346294526608,sl,-14.468000000000302,-29.076000000000604,0.0,-29.076000000000604,2025,2025-06-27
h14_r15_t2,-1,1751033700000000000,1751034655000000000,3270.4755,3277.3765000000003,0.2110038459815721,sl,-6.901000000000295,-13.94200000000059,0.0,-13.94200000000059,2025,2025-06-27
h00_r30_t1,-1,1751243970000000000,1751246180000000000,3263.1865,3269.8665,0.20437475170227773,sl,-6.680000000000291,-13.500000000000583,0.0,-13.500000000000583,2025,2025-06-30
h01_r60_t3,1,1751248840000000000,1751316780000000000,3276.0425,3302.961,0.5041627945512133,forced_close,26.918499999999767,53.696999999999534,0.0,53.696999999999534,2025,2025-06-30
h02_r15_t3,1,1751249770000000000,1751313455000000000,3282.5254999999997,3309.0694999999996,0.26975474056304155,tp,26.54399999999987,52.94799999999974,0.0,52.94799999999974,2025,2025-06-30
h04_r30_t3,1,1751258975000000000,1751265395000000000,3281.5325000000003,3294.9995000000017,0.13693208379122473,tp,13.467000000001462,26.794000000002924,0.0,26.794000000002924,2025,2025-06-30
h05_r60_t2,1,1751263420000000000,1751274405000000000,3291.4705000000004,3284.7625,0.20394782547625565,sl,-6.708000000000538,-13.556000000001077,0.0,-13.556000000001077,2025,2025-06-30
h06_r60_t3,1,1751267740000000000,1751274015000000000,3295.6315,3287.9044999999996,0.2347060259185168,sl,-7.7270000000003165,-15.594000000000634,0.0,-15.594000000000634,2025,2025-06-30
h13_r30_t3,-1,1751290720000000000,1751291405000000000,3278.8965,3285.1945,0.19183127132992797,sl,-6.298000000000229,-12.736000000000459,0.0,-12.736000000000459,2025,2025-06-30
h14_r15_t2,-1,1751292900000000000,1751294105000000000,3282.0545,3288.8765000000003,0.20783481184354127,sl,-6.822000000000116,-13.784000000000233,0.0,-13.784000000000233,2025,2025-06-30
h00_r30_t1,1,1751331020000000000,1751331920000000000,3313.4385,3316.9015000000004,0.10459307991283384,tp,3.463000000000193,6.786000000000386,0.0,6.786000000000386,2025,2025-07-01
h01_r60_t3,1,1751340320000000000,1751359120000000000,3321.0474999999997,3342.3354999999983,0.213868768785273,tp,21.287999999998647,42.43599999999729,0.0,42.43599999999729,2025,2025-07-01
h02_r15_t3,-1,1751336355000000000,1751337280000000000,3315.6425,3318.0305,0.07201294423625554,sl,-2.38799999999992,-4.91599999999984,0.0,-4.91599999999984,2025,2025-07-01
h04_r30_t3,1,1751346005000000000,1751353940000000000,3323.1875,3335.8325000000004,0.12684762290113138,tp,12.645000000000437,25.150000000000873,0.0,25.150000000000873,2025,2025-07-01
h05_r60_t2,1,1751352280000000000,1751367880000000000,3332.4485,3351.3745000000004,0.2842716204368612,tp,18.926000000000386,37.71200000000077,0.0,37.71200000000077,2025,2025-07-01
h06_r60_t3,1,1751353850000000000,1751403180000000000,3334.6475,3339.009,0.2854090906157296,forced_close,4.361499999999978,8.582999999999956,0.0,8.582999999999956,2025,2025-07-01
h13_r30_t3,-1,1751376845000000000,1751403180000000000,3346.1245,3339.046,0.2831222678320646,forced_close,7.078500000000076,14.017000000000152,0.0,14.017000000000152,2025,2025-07-01
h14_r15_t2,-1,1751379340000000000,1751403180000000000,3347.6855,3339.046,0.20304001664927324,forced_close,8.639500000000226,17.13900000000045,0.0,17.13900000000045,2025,2025-07-01
h00_r30_t1,-1,1751419495000000000,1751452760000000000,3334.6375,3345.0665,0.31232092419921414,sl,-10.429000000000087,-20.998000000000175,0.0,-20.998000000000175,2025,2025-07-02
h01_r60_t3,-1,1751421780000000000,1751433845000000000,3331.0545,3342.9575,0.3572035728759897,sl,-11.902999999999793,-23.945999999999586,0.0,-23.945999999999586,2025,2025-07-02
h02_r15_t3,1,1751424220000000000,1751440230000000000,3333.3955,3328.6144999999997,0.1435619549709236,sl,-4.781000000000404,-9.702000000000808,0.0,-9.702000000000808,2025,2025-07-02
h04_r30_t3,-1,1751432890000000000,1751433555000000000,3339.4815,3342.1135,0.07880040160660792,sl,-2.632000000000062,-5.404000000000123,0.0,-5.404000000000123,2025,2025-07-02
h05_r60_t2,-1,1751436985000000000,1751450895000000000,3336.6414999999997,3344.0305,0.221305498778241,sl,-7.389000000000124,-14.918000000000248,0.0,-14.918000000000248,2025,2025-07-02
h06_r60_t3,-1,1751440035000000000,1751448540000000000,3329.9645,3339.4465,0.2844399327627427,sl,-9.481999999999971,-19.103999999999942,0.0,-19.103999999999942,2025,2025-07-02
h13_r30_t3,-1,1751463420000000000,1751472505000000000,3341.4515,3346.7005,0.1569181737044362,sl,-5.248999999999796,-10.637999999999593,0.0,-10.637999999999593,2025,2025-07-02
h14_r15_t2,-1,1751465700000000000,1751466345000000000,3334.3895,3338.5434999999998,0.12456491116802218,sl,-4.153999999999542,-8.447999999999084,0.0,-8.447999999999084,2025,2025-07-02
h00_r30_t1,-1,1751502805000000000,1751511000000000000,3344.9224999999997,3349.9755,0.15099400401705423,sl,-5.053000000000338,-10.246000000000677,0.0,-10.246000000000677,2025,2025-07-03
h01_r60_t3,1,1751508335000000000,1751545800000000000,3348.2625,3341.9605,0.1883412239698929,sl,-6.30199999999968,-12.74399999999936,0.0,-12.74399999999936,2025,2025-07-03
h02_r15_t3,1,1751510895000000000,1751514670000000000,3349.2635,3345.8045,0.10332403795358161,sl,-3.4589999999998327,-7.057999999999665,0.0,-7.057999999999665,2025,2025-07-03
h04_r30_t3,1,1751518140000000000,1751522100000000000,3350.6875,3360.3565,0.09622491132484674,tp,9.668999999999869,19.197999999999737,0.0,19.197999999999737,2025,2025-07-03
h05_r60_t2,1,1751522590000000000,1751534765000000000,3360.5455,3350.2325,0.3069930443586077,sl,-10.313000000000102,-20.766000000000204,0.0,-20.766000000000204,2025,2025-07-03
h06_r60_t3,-1,1751526930000000000,1751545815000000000,3356.5675,3335.0005000000006,0.21383496455987672,tp,21.566999999999553,42.993999999999104,0.0,42.993999999999104,2025,2025-07-03
h13_r30_t3,1,1751549555000000000,1751575970000000000,3334.3185000000003,3325.955,0.365389160011565,forced_close,-8.363500000000386,-16.867000000000772,0.0,-16.867000000000772,2025,2025-07-03
h14_r15_t2,-1,1751552515000000000,1751561595000000000,3326.4295,3334.7615,0.25010712551658154,sl,-8.33199999999988,-16.80399999999976,0.0,-16.80399999999976,2025,2025-07-03
h00_r30_t1,1,1751591900000000000,1751600285000000000,3331.2005,3336.4515,0.15776356106398326,tp,5.251000000000204,10.362000000000407,0.0,10.362000000000407,2025,2025-07-04
h01_r60_t3,-1,1751598080000000000,1751600000000000000,3326.498,3334.3755,0.23623663361446368,sl,-7.877500000000055,-15.89500000000011,0.0,-15.89500000000011,2025,2025-07-04
h02_r15_t3,1,1751595985000000000,1751597375000000000,3331.3445,3328.8855000000003,0.07383241423136547,sl,-2.4589999999998327,-5.057999999999665,0.0,-5.057999999999665,2025,2025-07-04
h04_r30_t3,1,1751605830000000000,1751613155000000000,3342.3315000000002,3338.0525,0.1280832280565563,sl,-4.279000000000451,-8.698000000000903,0.0,-8.698000000000903,2025,2025-07-04
h05_r60_t2,1,1751609110000000000,1751613125000000000,3342.3455000000004,3338.4515,0.11660178558836763,sl,-3.894000000000233,-7.928000000000465,0.0,-7.928000000000465,2025,2025-07-04
h06_r60_t3,-1,1751613090000000000,1751647495000000000,3339.2884999999997,3335.168,0.1761757126119141,forced_close,4.120499999999538,8.100999999999075,0.0,8.100999999999075,2025,2025-07-04
h13_r30_t3,1,1751636160000000000,1751637685000000000,3335.7555,3332.3345,0.10260490796976428,sl,-3.4210000000002765,-6.982000000000553,0.0,-6.982000000000553,2025,2025-07-04
h14_r15_t2,-1,1751638500000000000,1751639355000000000,3331.6525,3334.1765,0.07575476765060987,sl,-2.5239999999998872,-5.187999999999774,0.0,-5.187999999999774,2025,2025-07-04
h00_r30_t1,-1,1751848315000000000,1751850660000000000,3322.4485,3315.0915,0.2213224989497175,tp,7.356999999999971,14.573999999999941,0.0,14.573999999999941,2025,2025-07-07
h01_r60_t3,-1,1751856555000000000,1751907015000000000,3306.6975,3327.7705,0.6353729963310658,sl,-21.072999999999865,-42.28599999999973,0.0,-42.28599999999973,2025,2025-07-07
h02_r15_t3,-1,1751855565000000000,1751885140000000000,3312.5815000000002,3296.7535000000007,0.1591506735473041,tp,15.82799999999952,31.51599999999904,0.0,31.51599999999904,2025,2025-07-07
h04_r30_t3,1,1751865485000000000,1751874320000000000,3312.4235,3305.2985,0.21541966396044138,sl,-7.125,-14.39,0.0,-14.39,2025,2025-07-07
h05_r60_t2,1,1751868640000000000,1751872035000000000,3315.1845000000003,3307.0895,0.24430017807205226,sl,-8.095000000000255,-16.33000000000051,0.0,-16.33000000000051,2025,2025-07-07
h06_r60_t3,-1,1751871735000000000,1751896410000000000,3308.3775,3315.3244999999997,0.20988184893611658,sl,-6.946999999999662,-14.033999999999324,0.0,-14.033999999999324,2025,2025-07-07
h13_r30_t3,-1,1751895390000000000,1751896370000000000,3306.7475,3312.6065,0.17691480686950997,sl,-5.858999999999924,-11.857999999999848,0.0,-11.857999999999848,2025,2025-07-07
h14_r15_t2,1,1751897735000000000,1751907810000000000,3318.8475,3329.8334999999997,0.16559313498432887,tp,10.985999999999876,21.831999999999752,0.0,21.831999999999752,2025,2025-07-07
h00_r30_t1,-1,1751935150000000000,1751942775000000000,3331.9035000000003,3337.3805,0.16433725533379295,sl,-5.476999999999862,-11.093999999999724,0.0,-11.093999999999724,2025,2025-07-08
h01_r60_t3,1,1751942770000000000,1751945095000000000,3337.0515,3329.7974999999997,0.21751623388063807,sl,-7.25400000000036,-14.648000000000721,0.0,-14.648000000000721,2025,2025-07-08
h02_r15_t3,1,1751942725000000000,1751943930000000000,3336.4335,3332.9184999999998,0.10542595761037679,sl,-3.5150000000003274,-7.1700000000006545,0.0,-7.1700000000006545,2025,2025-07-08
h04_r30_t3,-1,1751949000000000000,1751951545000000000,3329.4915,3332.9075000000003,0.10258423070761549,sl,-3.4160000000001673,-6.972000000000334,0.0,-6.972000000000334,2025,2025-07-08
h05_r60_t2,1,1751958005000000000,1751962000000000000,3336.6765,3329.5654999999997,0.21327829067843496,sl,-7.111000000000331,-14.362000000000663,0.0,-14.362000000000663,2025,2025-07-08
h06_r60_t3,1,1751958000000000000,1751960395000000000,3336.0735,3330.8644999999997,0.1561552181069391,sl,-5.209000000000287,-10.558000000000575,0.0,-10.558000000000575,2025,2025-07-08
h13_r30_t3,-1,1751982505000000000,1751987470000000000,3319.0344999999998,3290.0184999999983,0.29083163202944157,tp,29.01600000000144,57.89200000000288,0.0,57.89200000000288,2025,2025-07-08
h14_r15_t2,-1,1751984115000000000,1752007980000000000,3305.3105,3300.478,0.32330827636218,forced_close,4.832499999999982,9.524999999999963,0.0,9.524999999999963,2025,2025-07-08
h00_r30_t1,-1,1752023590000000000,1752028895000000000,3301.8945000000003,3295.705500000001,0.1872720090376944,tp,6.188999999999396,12.237999999998792,0.0,12.237999999998792,2025,2025-07-09
h01_r60_t3,-1,1752027375000000000,1752070565000000000,3299.3415,3307.3655,0.24300913389079118,sl,-8.023999999999887,-16.187999999999775,0.0,-16.187999999999775,2025,2025-07-09
h02_r15_t3,-1,1752027370000000000,1752028200000000000,3299.7235,3302.9355,0.09729723016414027,sl,-3.211999999999989,-6.563999999999978,0.0,-6.563999999999978,2025,2025-07-09
h04_r30_t3,1,1752036065000000000,1752039010000000000,3296.2115000000003,3291.2715,0.14988939588658318,sl,-4.940000000000509,-10.02000000000102,0.0,-10.02000000000102,2025,2025-07-09
h05_r60_t2,-1,1752040820000000000,1752066060000000000,3289.0434999999998,3297.9545,0.27089054468576984,sl,-8.911000000000058,-17.962000000000117,0.0,-17.962000000000117,2025,2025-07-09
h06_r60_t3,1,1752044430000000000,1752049225000000000,3292.8485,3285.5744999999997,0.22094147981890155,sl,-7.274000000000342,-14.688000000000685,0.0,-14.688000000000685,2025,2025-07-09
h13_r30_t3,-1,1752068320000000000,1752069020000000000,3294.6665000000003,3299.5935,0.149496129470253,sl,-4.92699999999968,-9.99399999999936,0.0,-9.99399999999936,2025,2025-07-09
h14_r15_t2,1,1752070510000000000,1752094380000000000,3306.6095,3313.992,0.21076291304714997,forced_close,7.382500000000164,14.625000000000327,0.0,14.625000000000327,2025,2025-07-09
h00_r30_t1,1,1752107480000000000,1752109205000000000,3319.9134999999997,3316.6975,0.09689065651401939,sl,-3.2159999999994398,-6.571999999998879,0.0,-6.571999999998879,2025,2025-07-10
h01_r60_t3,-1,1752119800000000000,1752128360000000000,3316.4815,3326.4955,0.3014212762665698,sl,-10.014000000000124,-20.168000000000248,0.0,-20.168000000000248,2025,2025-07-10
h02_r15_t3,-1,1752113740000000000,1752123915000000000,3321.257,3323.7595,0.07523173496753269,sl,-2.5025000000000546,-5.145000000000109,0.0,-5.145000000000109,2025,2025-07-10
h04_r30_t3,1,1752122420000000000,1752128360000000000,3317.6705,3326.1215,0.08494922572414564,tp,8.451000000000022,16.762000000000043,0.0,16.762000000000043,2025,2025-07-10
h05_r60_t2,1,1752127865000000000,1752133780000000000,3325.1324999999997,3320.7555,0.13178227472703796,sl,-4.376999999999498,-8.893999999998996,0.0,-8.893999999998996,2025,2025-07-10
h06_r60_t3,1,1752131185000000000,1752133775000000000,3328.6144999999997,3320.9815,0.22954102470685434,sl,-7.632999999999811,-15.405999999999622,0.0,-15.405999999999622,2025,2025-07-10
h13_r30_t3,-1,1752154270000000000,1752180780000000000,3322.4345000000003,3324.094,0.21412113546770062,forced_close,-1.6594999999997526,-3.4589999999995054,0.0,-3.4589999999995054,2025,2025-07-10
h14_r15_t2,1,1752156920000000000,1752180780000000000,3319.4955,3324.057,0.28173898424222077,forced_close,4.561499999999796,8.982999999999592,0.0,8.982999999999592,2025,2025-07-10
h00_r30_t1,1,1752193810000000000,1752193915000000000,3328.2174999999997,3332.7174999999997,0.13522900355607204,tp,4.5,8.86,0.0,8.86,2025,2025-07-11
h01_r60_t3,1,1752200195000000000,1752237065000000000,3331.6835,3350.745500000001,0.19083015170457274,tp,19.062000000000808,37.984000000001615,0.0,37.984000000001615,2025,2025-07-11
h02_r15_t3,1,1752200105000000000,1752214720000000000,3330.9785,3342.1535000000013,0.1118315867341128,tp,11.175000000001091,22.210000000002182,0.0,22.210000000002182,2025,2025-07-11
h04_r30_t3,-1,1752208200000000000,1752211290000000000,3331.6355000000003,3335.4695,0.11507485042745123,sl,-3.8339999999998327,-7.807999999999665,0.0,-7.807999999999665,2025,2025-07-11
h05_r60_t2,1,1752214690000000000,1752217205000000000,3341.7295,3332.0445,0.2904831453041066,sl,-9.684999999999945,-19.50999999999989,0.0,-19.50999999999989,2025,2025-07-11
h06_r60_t3,-1,1752217205000000000,1752229530000000000,3332.1825,3343.9065,0.35179238128245366,sl,-11.72400000000016,-23.58800000000032,0.0,-23.58800000000032,2025,2025-07-11
h13_r30_t3,1,1752241155000000000,1752253850000000000,3358.5675,3350.1385,0.2513687129304611,sl,-8.429000000000087,-16.998000000000175,0.0,-16.998000000000175,2025,2025-07-11
h14_r15_t2,-1,1752243570000000000,1752244150000000000,3351.1695,3355.4404999999997,0.12736070947458805,sl,-4.270999999999731,-8.681999999999462,0.0,-8.681999999999462,2025,2025-07-11
h00_r30_t1,1,1752453070000000000,1752455265000000000,3372.0735,3364.9975,0.20993204651555442,sl,-7.076000000000022,-14.292000000000044,0.0,-14.292000000000044,2025,2025-07-14
h01_r60_t3,-1,1752458465000000000,1752476635000000000,3357.0725,3370.2195,0.3914088918918618,sl,-13.146999999999935,-26.43399999999987,0.0,-26.43399999999987,2025,2025-07-14
h02_r15_t3,-1,1752459340000000000,1752460130000000000,3355.2125,3358.8385,0.10805351837721104,sl,-3.625999999999749,-7.391999999999498,0.0,-7.391999999999498,2025,2025-07-14
h04_r30_t3,1,1752467625000000000,1752470910000000000,3357.4584999999997,3353.8154999999997,0.10854144932182536,sl,-3.643000000000029,-7.426000000000058,0.0,-7.426000000000058,2025,2025-07-14
h05_r60_t2,1,1752473740000000000,1752478135000000000,3360.5265,3374.0085,0.20076066282289823,tp,13.481999999999971,26.82399999999994,0.0,26.82399999999994,2025,2025-07-14
h06_r60_t3,1,1752476615000000000,1752496225000000000,3369.7844999999998,3356.7455,0.38703309995287155,sl,-13.03899999999976,-26.21799999999952,0.0,-26.21799999999952,2025,2025-07-14
h13_r30_t3,1,1752499800000000000,1752502940000000000,3355.8385,3347.2185,0.2568877276954292,sl,-8.61999999999989,-17.379999999999782,0.0,-17.379999999999782,2025,2025-07-14
h14_r15_t2,-1,1752502500000000000,1752504165000000000,3351.4255000000003,3341.4935000000014,0.14815705423438558,tp,9.93199999999888,19.72399999999776,0.0,19.72399999999776,2025,2025-07-14
h00_r30_t1,1,1752539460000000000,1752546065000000000,3348.0675,3351.2965000000004,0.09645749470104434,tp,3.229000000000269,6.318000000000539,0.0,6.318000000000539,2025,2025-07-15
h01_r60_t3,-1,1752545250000000000,1752545950000000000,3346.0495,3350.7275,0.13978096698966638,sl,-4.677999999999884,-9.495999999999768,0.0,-9.495999999999768,2025,2025-07-15
h02_r15_t3,1,1752545770000000000,1752556090000000000,3350.0885,3362.6884999999993,0.12537966529897804,tp,12.599999999999454,25.059999999998908,0.0,25.059999999998908,2025,2025-07-15
h04_r30_t3,1,1752554270000000000,1752562945000000000,3361.1255,3357.6594999999998,0.10314562921885188,sl,-3.4660000000003492,-7.072000000000698,0.0,-7.072000000000698,2025,2025-07-15
h05_r60_t2,-1,1752559305000000000,1752565565000000000,3360.3125,3365.2455,0.14671432626880881,sl,-4.932999999999993,-10.005999999999986,0.0,-10.005999999999986,2025,2025-07-15
h06_r60_t3,-1,1752562825000000000,1752565510000000000,3357.7165,3364.2355,0.19412361407009915,sl,-6.518999999999778,-13.177999999999557,0.0,-13.177999999999557,2025,2025-07-15
h13_r30_t3,-1,1752586330000000000,1752612780000000000,3338.6435,3325.393,0.4142208336706836,forced_close,13.250500000000102,26.361000000000203,0.0,26.361000000000203,2025,2025-07-15
h14_r15_t2,1,1752589525000000000,1752592770000000000,3348.1634999999997,3342.4865,0.16960654836033848,sl,-5.67699999999968,-11.49399999999936,0.0,-11.49399999999936,2025,2025-07-15
h00_r30_t1,1,1752625835000000000,1752627900000000000,3331.8125,3328.9004999999997,0.08740853358828275,sl,-2.912000000000262,-5.9640000000005235,0.0,-5.9640000000005235,2025,2025-07-16
h01_r60_t3,-1,1752631515000000000,1752637605000000000,3328.9015,3335.0815000000002,0.1855272809911327,sl,-6.180000000000291,-12.500000000000583,0.0,-12.500000000000583,2025,2025-07-16
h02_r15_t3,-1,1752633740000000000,1752636165000000000,3327.8845,3331.6535000000003,0.11321832166230068,sl,-3.769000000000233,-7.678000000000465,0.0,-7.678000000000465,2025,2025-07-16
h04_r30_t3,1,1752640200000000000,1752653510000000000,3335.266,3342.391,0.07120885196489209,tp,7.125,14.11,0.0,14.11,2025,2025-07-16
h05_r60_t2,1,1752645910000000000,1752663535000000000,3339.9825,3335.6805,0.12887097849230048,sl,-4.302000000000135,-8.74400000000027,0.0,-8.74400000000027,2025,2025-07-16
h06_r60_t3,-1,1752649710000000000,1752653505000000000,3337.8115,3342.1315,0.12937116182041886,sl,-4.320000000000164,-8.780000000000328,0.0,-8.780000000000328,2025,2025-07-16
h13_r30_t3,-1,1752672720000000000,1752677790000000000,3332.8244999999997,3339.5325000000003,0.20114730126622762,sl,-6.708000000000538,-13.556000000001077,0.0,-13.556000000001077,2025,2025-07-16
h14_r15_t2,-1,1752675405000000000,1752675815000000000,3323.0465,3328.1935000000003,0.15474707782227806,sl,-5.147000000000389,-10.434000000000779,0.0,-10.434000000000779,2025,2025-07-16
h00_r30_t1,-1,1752712620000000000,1752714375000000000,3343.0595000000003,3338.633500000001,0.13234686180800215,tp,4.425999999999476,8.711999999998952,0.0,8.711999999998952,2025,2025-07-17
h01_r60_t3,1,1752717635000000000,1752722190000000000,3344.5715,3337.2685,0.21839216060959266,sl,-7.302999999999884,-14.745999999999768,0.0,-14.745999999999768,2025,2025-07-17
h02_r15_t3,-1,1752718620000000000,1752727205000000000,3340.3365000000003,3344.7635,0.13251664128534496,sl,-4.42699999999968,-8.99399999999936,0.0,-8.99399999999936,2025,2025-07-17
h04_r30_t3,1,1752726690000000000,1752730510000000000,3341.7664999999997,3338.4635,0.09885733432080579,sl,-3.3029999999998836,-6.745999999999767,0.0,-6.745999999999767,2025,2025-07-17
h05_r60_t2,-1,1752732405000000000,1752755430000000000,3335.9575,3321.8575000000005,0.2111154215922483,tp,14.099999999999454,28.059999999998908,0.0,28.059999999998908,2025,2025-07-17
h06_r60_t3,-1,1752737065000000000,1752771080000000000,3328.3195,3339.8175,0.3447096822258222,sl,-11.498000000000047,-23.136000000000095,0.0,-23.136000000000095,2025,2025-07-17
h13_r30_t3,1,1752759420000000000,1752785580000000000,3319.4094999999998,3337.92,0.24743727296333584,forced_close,18.51050000000032,36.88100000000064,0.0,36.88100000000064,2025,2025-07-17
h14_r15_t2,1,1752761720000000000,1752771080000000000,3325.5285000000003,3339.8685000000005,0.2156675399146646,tp,14.340000000000146,28.54000000000029,0.0,28.54000000000029,2025,2025-07-17
h00_r30_t1,-1,1752798655000000000,1752800515000000000,3338.7355,3341.5715,0.08493145064625438,sl,-2.83600000000024,-5.81200000000048,0.0,-5.81200000000048,2025,2025-07-18
h01_r60_t3,1,1752804700000000000,1752809025000000000,3343.1155,3335.4325,0.23018310837076444,sl,-7.682999999999993,-15.505999999999986,0.0,-15.505999999999986,2025,2025-07-18
h02_r15_t3,1,1752804945000000000,1752807985000000000,3343.9705000000004,3336.9145,0.2110477326501549,sl,-7.056000000000495,-14.25200000000099,0.0,-14.25200000000099,2025,2025-07-18
h04_r30_t3,-1,1752813065000000000,1752814150000000000,3334.5384999999997,3336.6035,0.06191650626595071,sl,-2.0650000000005093,-4.270000000001018,0.0,-4.270000000001018,2025,2025-07-18
h05_r60_t2,-1,1752818400000000000,1752820575000000000,3333.4525000000003,3340.4815,0.2108586030924891,sl,-7.028999999999542,-14.197999999999084,0.0,-14.197999999999084,2025,2025-07-18
h06_r60_t3,1,1752822300000000000,1752871980000000000,3342.7375,3350.167,0.32572115474523816,forced_close,7.429499999999734,14.718999999999468,0.0,14.718999999999468,2025,2025-07-18
h13_r30_t3,-1,1752845470000000000,1752871980000000000,3356.1445000000003,3350.204,0.1279847156829003,forced_close,5.940500000000156,11.741000000000312,0.0,11.741000000000312,2025,2025-07-18
h14_r15_t2,-1,1752848105000000000,1752871980000000000,3354.6205,3350.204,0.13710779161226286,forced_close,4.4164999999998145,8.692999999999628,0.0,8.692999999999628,2025,2025-07-18
h00_r30_t1,1,1753057805000000000,1753060000000000000,3351.9475,3356.1185000000005,0.12443853859452703,tp,4.1710000000002765,8.202000000000552,0.0,8.202000000000552,2025,2025-07-21
h01_r60_t3,-1,1753069020000000000,1753073845000000000,3351.9494999999997,3358.7214999999997,0.20175751291261293,sl,-6.7719999999999345,-13.68399999999987,0.0,-13.68399999999987,2025,2025-07-21
h02_r15_t3,1,1753064720000000000,1753065525000000000,3356.6065,3354.0355,0.07664707361562112,sl,-2.5709999999999127,-5.281999999999825,0.0,-5.281999999999825,2025,2025-07-21
h04_r30_t3,1,1753072205000000000,1753075620000000000,3354.9395,3367.6625,0.12641492083567343,tp,12.722999999999956,25.305999999999912,0.0,25.305999999999912,2025,2025-07-21
h05_r60_t2,1,1753079280000000000,1753105600000000000,3369.7815,3393.8735000000006,0.35779402725158066,tp,24.092000000000553,48.044000000001105,0.0,48.044000000001105,2025,2025-07-21
h06_r60_t3,-1,1753082585000000000,1753096590000000000,3365.4575,3370.8644999999997,0.16051824206547813,sl,-5.406999999999698,-10.953999999999397,0.0,-10.953999999999397,2025,2025-07-21
h13_r30_t3,-1,1753104755000000000,1753105520000000000,3384.9714999999997,3389.7675,0.1415997136119302,sl,-4.7960000000002765,-9.732000000000554,0.0,-9.732000000000554,2025,2025-07-21
h14_r15_t2,1,1753107320000000000,1753131180000000000,3395.1054999999997,3397.38,0.2617273978802676,forced_close,2.274500000000444,4.409000000000888,0.0,4.409000000000888,2025,2025-07-21
h00_r30_t1,1,1753144340000000000,1753146765000000000,3396.7725,3390.5285000000003,0.18391365248124192,sl,-6.243999999999687,-12.627999999999375,0.0,-12.627999999999375,2025,2025-07-22
h01_r60_t3,-1,1753163195000000000,1753186810000000000,3385.1555,3395.9195,0.3178931398843554,sl,-10.764000000000124,-21.668000000000248,0.0,-21.668000000000248,2025,2025-07-22
h02_r15_t3,1,1753150580000000000,1753163195000000000,3389.7695000000003,3385.3205,0.13127249192162316,sl,-4.449000000000524,-9.038000000001048,0.0,-9.038000000001048,2025,2025-07-22
h04_r30_t3,-1,1753159240000000000,1753185630000000000,3388.6875,3392.6305,0.11631431413862615,sl,-3.943000000000211,-8.026000000000423,0.0,-8.026000000000423,2025,2025-07-22
h05_r60_t2,-1,1753164065000000000,1753185625000000000,3384.7005,3392.0135,0.21600170013098338,sl,-7.313000000000102,-14.766000000000204,0.0,-14.766000000000204,2025,2025-07-22
h06_r60_t3,-1,1753168515000000000,1753171860000000000,3384.4105,3388.1045,0.10913587519866437,sl,-3.69399999999996,-7.52799999999992,0.0,-7.52799999999992,2025,2025-07-22
h13_r30_t3,1,1753191090000000000,1753192835000000000,3416.7264999999998,3406.4775,0.3000578655840829,sl,-10.248999999999796,-20.637999999999593,0.0,-20.637999999999593,2025,2025-07-22
h14_r15_t2,1,1753193760000000000,1753217580000000000,3416.6544999999996,3430.205,0.3388267034904688,forced_close,13.550500000000284,26.961000000000567,0.0,26.961000000000567,2025,2025-07-22
h00_r30_t1,-1,1753232610000000000,1753275785000000000,3427.1125,3415.1645000000003,0.3480981264961399,tp,11.947999999999865,23.75599999999973,0.0,23.75599999999973,2025,2025-07-23
h01_r60_t3,-1,1753236000000000000,1753262030000000000,3421.0725,3430.7805,0.2837605403609654,sl,-9.707999999999629,-19.55599999999926,0.0,-19.55599999999926,2025,2025-07-23
h02_r15_t3,1,1753237155000000000,1753237270000000000,3423.6795,3420.9085,0.0809720976463356,sl,-2.7710000000001855,-5.682000000000371,0.0,-5.682000000000371,2025,2025-07-23
h04_r30_t3,-1,1753246520000000000,1753254000000000000,3422.0744999999997,3425.3805,0.0965672616828348,sl,-3.3060000000004948,-6.752000000000989,0.0,-6.752000000000989,2025,2025-07-23
h05_r60_t2,1,1753251340000000000,1753275730000000000,3423.9075000000003,3416.4015,0.21944420040641652,sl,-7.506000000000313,-15.152000000000626,0.0,-15.152000000000626,2025,2025-07-23
h06_r60_t3,1,1753254000000000000,1753275600000000000,3425.3125,3419.5945,0.1669443963922098,sl,-5.717999999999847,-11.575999999999695,0.0,-11.575999999999695,2025,2025-07-23
h13_r30_t3,-1,1753277640000000000,1753303980000000000,3408.0675,3388.789,0.3706853528689595,forced_close,19.278499999999894,38.41699999999979,0.0,38.41699999999979,2025,2025-07-23
h14_r15_t2,-1,1753280460000000000,1753286280000000000,3412.9825,3399.182500000001,0.20194129976150837,tp,13.799999999999272,27.459999999998544,0.0,27.459999999998544,2025,2025-07-23
h00_r30_t1,1,1753319095000000000,1753319220000000000,3393.3265,3388.6085000000003,0.13919011590866165,sl,-4.717999999999847,-9.575999999999695,0.0,-9.575999999999695,2025,2025-07-24
h01_r60_t3,-1,1753323080000000000,1753361385000000000,3384.0825,3355.7775,0.27850503456517417,tp,28.304999999999836,56.46999999999967,0.0,56.46999999999967,2025,2025-07-24
h02_r15_t3,1,1753324005000000000,1753326165000000000,3388.7435,3380.9145,0.23147781986271815,sl,-7.829000000000178,-15.798000000000357,0.0,-15.798000000000357,2025,2025-07-24
h04_r30_t3,-1,1753332305000000000,1753338340000000000,3382.5895,3373.9525000000003,0.0850878327206873,tp,8.636999999999716,17.133999999999432,0.0,17.133999999999432,2025,2025-07-24
h05_r60_t2,-1,1753337725000000000,1753361330000000000,3374.4845,3357.4125,0.25259329062388136,tp,17.072000000000116,34.00400000000023,0.0,34.00400000000023,2025,2025-07-24
h06_r60_t3,-1,1753343465000000000,1753390380000000000,3370.0055,3367.821,0.28583069137407807,forced_close,2.1845000000002983,4.229000000000597,0.0,4.229000000000597,2025,2025-07-24
h13_r30_t3,1,1753363915000000000,1753390380000000000,3360.4035000000003,3367.784,0.26815401649796944,forced_close,7.380499999999756,14.620999999999512,0.0,14.620999999999512,2025,2025-07-24
h14_r15_t2,1,1753366620000000000,1753390380000000000,3371.6925,3367.784,0.1763655088397141,forced_close,-3.9085000000000036,-7.957000000000007,0.0,-7.957000000000007,2025,2025-07-24
h00_r30_t1,1,1753403970000000000,1753406390000000000,3372.2715,3368.4925000000003,0.1120699382844148,sl,-3.7789999999995416,-7.697999999999083,0.0,-7.697999999999083,2025,2025-07-25
h01_r60_t3,-1,1753409480000000000,1753432180000000000,3366.1135,3345.8635,0.20024643661466046,tp,20.25,40.36,0.0,40.36,2025,2025-07-25
h02_r15_t3,-1,1753409885000000000,1753431900000000000,3365.4714999999997,3349.7244999999975,0.1559314632351458,tp,15.747000000002117,31.354000000004234,0.0,31.354000000004234,2025,2025-07-25
h04_r30_t3,-1,1753418500000000000,1753432195000000000,3359.0885,3345.6094999999987,0.13368325637298828,tp,13.479000000001179,26.818000000002357,0.0,26.818000000002357,2025,2025-07-25
h05_r60_t2,-1,1753423810000000000,1753441030000000000,3355.3695,3341.1134999999995,0.21222133482396863,tp,14.256000000000313,28.372000000000625,0.0,28.372000000000625,2025,2025-07-25
h06_r60_t3,1,1753427825000000000,1753429130000000000,3359.8554999999997,3354.7445,0.1521368892664575,sl,-5.110999999999876,-10.361999999999753,0.0,-10.361999999999753,2025,2025-07-25
h13_r30_t3,1,1753450215000000000,1753453025000000000,3343.4505,3336.8644999999997,0.19705768874310917,sl,-6.58600000000024,-13.31200000000048,0.0,-13.31200000000048,2025,2025-07-25
h14_r15_t2,-1,1753452900000000000,1753455645000000000,3339.98,3329.9419999999996,0.15026727905299078,tp,10.038000000000466,19.93600000000093,0.0,19.93600000000093,2025,2025-07-25
h00_r30_t1,-1,1753662840000000000,1753664680000000000,3331.3995,3336.1895,0.14373293640237553,sl,-4.789999999999964,-9.719999999999928,0.0,-9.719999999999928,2025,2025-07-28
h01_r60_t3,1,1753672625000000000,1753705595000000000,3338.8805,3329.9295,0.2686303199930021,sl,-8.951000000000022,-18.042000000000044,0.0,-18.042000000000044,2025,2025-07-28
h02_r15_t3,1,1753668955000000000,1753675195000000000,3333.7965,3343.3244999999997,0.0952879136612275,tp,9.527999999999793,18.915999999999585,0.0,18.915999999999585,2025,2025-07-28
h04_r30_t3,-1,1753677680000000000,1753681890000000000,3339.8985000000002,3344.0535,0.12437678772922696,sl,-4.154999999999745,-8.449999999999491,0.0,-8.449999999999491,2025,2025-07-28
h05_r60_t2,1,1753682420000000000,1753684285000000000,3344.3125,3338.1095,0.18552501140651242,sl,-6.2029999999999745,-12.54599999999995,0.0,-12.54599999999995,2025,2025-07-28
h06_r60_t3,-1,1753688355000000000,1753710885000000000,3335.867,3307.2320000000013,0.2857566691400196,tp,28.634999999998854,57.12999999999771,0.0,57.12999999999771,2025,2025-07-28
h13_r30_t3,-1,1753709480000000000,1753710665000000000,3326.5695,3314.0145,0.12572934662649374,tp,12.554999999999836,24.969999999999672,0.0,24.969999999999672,2025,2025-07-28
h14_r15_t2,1,1753712120000000000,1753735980000000000,3309.0595000000003,3315.038,0.2173370006496614,forced_close,5.978499999999713,11.816999999999425,0.0,11.816999999999425,2025,2025-07-28
h00_r30_t1,-1,1753749700000000000,1753752855000000000,3308.453,3315.9105,0.2251482767619271,sl,-7.457499999999982,-15.054999999999964,0.0,-15.054999999999964,2025,2025-07-29
h02_r15_t3,-1,1753758155000000000,1753763245000000000,3317.6215,3309.3115000000016,0.0834832591201174,tp,8.309999999998581,16.479999999997162,0.0,16.479999999997162,2025,2025-07-29
h04_r30_t3,1,1753764375000000000,1753777180000000000,3314.0384999999997,3329.035499999999,0.15099450526796226,tp,14.996999999999389,29.853999999998777,0.0,29.853999999998777,2025,2025-07-29
h05_r60_t2,1,1753768800000000000,1753772985000000000,3320.1255,3314.3615,0.17361683721870658,sl,-5.764000000000124,-11.668000000000248,0.0,-11.668000000000248,2025,2025-07-29
h06_r60_t3,-1,1753772405000000000,1753776350000000000,3316.3295,3322.5105000000003,0.1863399632595986,sl,-6.181000000000495,-12.50200000000099,0.0,-12.50200000000099,2025,2025-07-29
h13_r30_t3,-1,1753795865000000000,1753799080000000000,3319.4984999999997,3324.3115,0.14491219835237576,sl,-4.813000000000102,-9.766000000000204,0.0,-9.766000000000204,2025,2025-07-29
h14_r15_t2,1,1753798565000000000,1753822380000000000,3319.6455,3325.621,0.23133548392443626,forced_close,5.975500000000011,11.811000000000021,0.0,11.811000000000021,2025,2025-07-29
h00_r30_t1,1,1753835505000000000,1753836700000000000,3330.4545,3333.6234999999997,0.0951991423966142,tp,3.168999999999869,6.197999999999738,0.0,6.197999999999738,2025,2025-07-30
h02_r15_t3,1,1753841730000000000,1753856255000000000,3330.3365000000003,3323.4314999999997,0.20740310437844786,sl,-6.905000000000655,-13.95000000000131,0.0,-13.95000000000131,2025,2025-07-30
h04_r30_t3,1,1753849885000000000,1753851095000000000,3329.3595,3326.2955,0.09203410848940612,sl,-3.063999999999851,-6.267999999999701,0.0,-6.267999999999701,2025,2025-07-30
h05_r60_t2,-1,1753855210000000000,1753859245000000000,3324.5405,3330.7135,0.18565271153558896,sl,-6.1729999999997744,-12.48599999999955,0.0,-12.48599999999955,2025,2025-07-30
h06_r60_t3,1,1753858980000000000,1753878730000000000,3327.69,3323.1115,0.13546455822458958,sl,-4.578500000000076,-9.297000000000153,0.0,-9.297000000000153,2025,2025-07-30
h13_r30_t3,-1,1753882295000000000,1753904245000000000,3304.2625,3268.3734999999992,0.36191103426296417,tp,35.88900000000058,71.63800000000116,0.0,71.63800000000116,2025,2025-07-30
h14_r15_t2,-1,1753885580000000000,1753888940000000000,3302.5855,3290.8055000000004,0.1781338438425458,tp,11.779999999999745,23.41999999999949,0.0,23.41999999999949,2025,2025-07-30
h00_r30_t1,1,1753923320000000000,1753927080000000000,3288.2155000000002,3293.548500000001,0.16240279394930185,tp,5.333000000000538,10.526000000001076,0.0,10.526000000001076,2025,2025-07-31
h01_r60_t3,1,1753927200000000000,1753995180000000000,3294.0335,3290.826,0.26922775079917316,forced_close,-3.207499999999982,-6.554999999999963,0.0,-6.554999999999963,2025,2025-07-31
h02_r15_t3,-1,1753928550000000000,1753930690000000000,3293.226,3295.8975,0.0810346086066364,sl,-2.6714999999999236,-5.482999999999847,0.0,-5.482999999999847,2025,2025-07-31
h04_r30_t3,1,1753936415000000000,1753943680000000000,3296.4674999999997,3304.699499999999,0.0832888028615558,tp,8.231999999999061,16.323999999998122,0.0,16.323999999998122,2025,2025-07-31
h05_r60_t2,1,1753941980000000000,1753959390000000000,3301.6205,3294.7264999999998,0.2089294457020656,sl,-6.894000000000233,-13.928000000000466,0.0,-13.928000000000466,2025,2025-07-31
h06_r60_t3,-1,1753945380000000000,1753947920000000000,3298.1915,3304.9415,0.20460103782739764,sl,-6.75,-13.64,0.0,-13.64,2025,2025-07-31
h13_r30_t3,-1,1753969310000000000,1753995180000000000,3304.8015,3290.863,0.17309914724415298,forced_close,13.938500000000204,27.737000000000407,0.0,27.737000000000407,2025,2025-07-31
h14_r15_t2,1,1753971415000000000,1753971565000000000,3302.4184999999998,3298.6014999999998,0.11563847540804088,sl,-3.8170000000000073,-7.774000000000014,0.0,-7.774000000000014,2025,2025-07-31
h00_r30_t1,1,1754008530000000000,1754009020000000000,3290.1324999999997,3293.7604999999994,0.11031729754243595,tp,3.6279999999997017,7.115999999999404,0.0,7.115999999999404,2025,2025-08-01
h01_r60_t3,1,1754017725000000000,1754051655000000000,3293.6155,3329.450499999999,0.36376399041026486,tp,35.83499999999913,71.52999999999825,0.0,71.52999999999825,2025,2025-08-01
h02_r15_t3,1,1754014500000000000,1754051460000000000,3291.2304999999997,3314.861499999998,0.23934468719057733,tp,23.630999999998494,47.12199999999699,0.0,47.12199999999699,2025,2025-08-01
h04_r30_t3,1,1754022635000000000,1754023700000000000,3294.1035,3290.4195,0.1118779352204342,sl,-3.6840000000001965,-7.508000000000393,0.0,-7.508000000000393,2025,2025-08-01
h05_r60_t2,-1,1754029715000000000,1754045550000000000,3291.8545,3300.5495,0.26374119693611786,sl,-8.695000000000164,-17.530000000000328,0.0,-17.530000000000328,2025,2025-08-01
h06_r60_t3,-1,1754031730000000000,1754044525000000000,3290.6025,3297.7255,0.21634644224304908,sl,-7.123000000000047,-14.386000000000095,0.0,-14.386000000000095,2025,2025-08-01
h13_r30_t3,-1,1754056285000000000,1754058240000000000,3339.7035,3354.7115000000003,0.4477604147631533,sl,-15.008000000000266,-30.15600000000053,0.0,-30.15600000000053,2025,2025-08-01
h14_r15_t2,1,1754057820000000000,1754059020000000000,3351.6375,3342.2084999999997,0.2815491263511824,sl,-9.429000000000087,-18.998000000000175,0.0,-18.998000000000175,2025,2025-08-01
h00_r30_t1,-1,1754267495000000000,1754270645000000000,3354.5344999999998,3346.6114999999995,0.23610858014647285,tp,7.923000000000229,15.706000000000458,0.0,15.706000000000458,2025,2025-08-04
h01_r60_t3,1,1754274050000000000,1754315255000000000,3353.7565,3379.766499999999,0.2586211139530153,tp,26.009999999998854,51.87999999999771,0.0,51.87999999999771,2025,2025-08-04
h02_r15_t3,1,1754273845000000000,1754279550000000000,3352.8255,3360.5474999999988,0.07680999210264411,tp,7.721999999998843,15.303999999997686,0.0,15.303999999997686,2025,2025-08-04
h05_r60_t2,-1,1754288870000000000,1754289950000000000,3355.5215,3361.0665,0.1651461260277911,sl,-5.545000000000073,-11.230000000000146,0.0,-11.230000000000146,2025,2025-08-04
h06_r60_t3,-1,1754292565000000000,1754305585000000000,3353.6355000000003,3362.7505,0.271061420317229,sl,-9.114999999999782,-18.369999999999564,0.0,-18.369999999999564,2025,2025-08-04
h13_r30_t3,1,1754314290000000000,1754340780000000000,3377.5485,3374.125,0.30865463874387034,forced_close,-3.4234999999998763,-6.986999999999752,0.0,-6.986999999999752,2025,2025-08-04
h14_r15_t2,-1,1754316990000000000,1754340780000000000,3376.8195,3374.162,0.23306141354766707,forced_close,2.6575000000002547,5.17500000000051,0.0,5.17500000000051,2025,2025-08-04
h00_r30_t1,1,1754353935000000000,1754356110000000000,3379.0145,3382.0915000000005,0.09110168644706904,tp,3.0770000000002256,6.014000000000451,0.0,6.014000000000451,2025,2025-08-05
h01_r60_t3,-1,1754360400000000000,1754384425000000000,3377.9735,3364.4615000000003,0.13328829230737765,tp,13.511999999999716,26.883999999999432,0.0,26.883999999999432,2025,2025-08-05
h02_r15_t3,1,1754360170000000000,1754360400000000000,3381.3215,3378.2445,0.09102172851653442,sl,-3.0770000000002256,-6.294000000000451,0.0,-6.294000000000451,2025,2025-08-05
h04_r30_t3,-1,1754369155000000000,1754373335000000000,3371.2775,3373.3105,0.06028044788995161,sl,-2.0329999999999018,-4.205999999999803,0.0,-4.205999999999803,2025,2025-08-05
h05_r60_t2,1,1754373600000000000,1754376045000000000,3374.1575000000003,3367.8005000000003,0.18840761188091143,sl,-6.356999999999971,-12.853999999999942,0.0,-12.853999999999942,2025,2025-08-05
h06_r60_t3,1,1754378775000000000,1754384420000000000,3374.3015,3365.7355,0.25446339519107725,sl,-8.566000000000258,-17.272000000000517,0.0,-17.272000000000517,2025,2025-08-05
h13_r30_t3,1,1754400660000000000,1754409030000000000,3371.8205,3389.5324999999984,0.1751680065604792,tp,17.711999999998625,35.28399999999725,0.0,35.28399999999725,2025,2025-08-05
h14_r15_t2,1,1754403880000000000,1754427175000000000,3380.8215,3380.419,0.3039529448109849,forced_close,-0.4025000000001455,-0.945000000000291,0.0,-0.945000000000291,2025,2025-08-05
h00_r30_t1,1,1754440240000000000,1754440955000000000,3385.2715,3381.5465,0.11004588987463806,sl,-3.724999999999909,-7.589999999999818,0.0,-7.589999999999818,2025,2025-08-06
h01_r60_t3,-1,1754455950000000000,1754513580000000000,3373.1265000000003,3368.943,0.31529497555462893,forced_close,4.183500000000095,8.227000000000189,0.0,8.227000000000189,2025,2025-08-06
h02_r15_t3,1,1754450455000000000,1754451465000000000,3377.8644999999997,3374.2675,0.10657084672566489,sl,-3.5969999999997526,-7.333999999999505,0.0,-7.333999999999505,2025,2025-08-06
h04_r30_t3,-1,1754454690000000000,1754460315000000000,3374.5185,3376.5635,0.06059477400445891,sl,-2.0450000000000728,-4.230000000000145,0.0,-4.230000000000145,2025,2025-08-06
h05_r60_t2,1,1754460150000000000,1754464860000000000,3374.8865,3370.7084999999997,0.12381697077840477,sl,-4.178000000000338,-8.496000000000677,0.0,-8.496000000000677,2025,2025-08-06
h06_r60_t3,-1,1754463660000000000,1754492205000000000,3373.2965,3378.7304999999997,0.16099703204311255,sl,-5.433999999999742,-11.007999999999484,0.0,-11.007999999999484,2025,2025-08-06
h13_r30_t3,-1,1754487145000000000,1754488310000000000,3367.2235,3371.5665,0.12890214285342827,sl,-4.342999999999847,-8.825999999999695,0.0,-8.825999999999695,2025,2025-08-06
h14_r15_t2,1,1754489890000000000,1754504315000000000,3373.9785,3369.5315,0.13188560680799363,sl,-4.447000000000116,-9.034000000000233,0.0,-9.034000000000233,2025,2025-08-06
h00_r30_t1,1,1754526640000000000,1754530995000000000,3373.0425,3380.8135,0.2304332967366211,tp,7.7710000000001855,15.40200000000037,0.0,15.40200000000037,2025,2025-08-07
h01_r60_t3,1,1754532000000000000,1754599980000000000,3382.6105,3393.966,0.3646829069558951,forced_close,11.35550000000012,22.57100000000024,0.0,22.57100000000024,2025,2025-08-07
h02_r15_t3,-1,1754533060000000000,1754548945000000000,3380.413,3384.2675,0.11277625784779938,sl,-3.8544999999999163,-7.848999999999832,0.0,-7.848999999999832,2025,2025-08-07
h04_r30_t3,-1,1754542655000000000,1754543235000000000,3377.4505,3380.7565,0.09786987953804707,sl,-3.30600000000004,-6.75200000000008,0.0,-6.75200000000008,2025,2025-08-07
h05_r60_t2,1,1754548340000000000,1754595745000000000,3381.0555,3399.8035000000004,0.27769511866549484,tp,18.748000000000502,37.356000000001,0.0,37.356000000001,2025,2025-08-07
h06_r60_t3,1,1754550000000000000,1754554845000000000,3387.9165000000003,3375.0585,0.37954433721649994,sl,-12.858000000000175,-25.85600000000035,0.0,-25.85600000000035,2025,2025-08-07
h13_r30_t3,1,1754573460000000000,1754575705000000000,3387.4655000000002,3380.1925,0.21476136699021048,sl,-7.273000000000138,-14.686000000000277,0.0,-14.686000000000277,2025,2025-08-07
h14_r15_t2,1,1754576100000000000,1754599980000000000,3390.298,3393.966,0.4398784810992806,forced_close,3.66800000000012,7.19600000000024,0.0,7.19600000000024,2025,2025-08-07
h00_r30_t1,-1,1754613005000000000,1754639380000000000,3391.3695,3402.4575,0.3268691095278364,sl,-11.088000000000193,-22.316000000000386,0.0,-22.316000000000386,2025,2025-08-08
h01_r60_t3,1,1754623985000000000,1754652265000000000,3391.0215,3381.1625,0.2913853928700552,sl,-9.858999999999924,-19.857999999999848,0.0,-19.857999999999848,2025,2025-08-08
h02_r15_t3,1,1754619480000000000,1754639385000000000,3388.1225,3402.7475,0.14390695728885788,tp,14.625,29.11,0.0,29.11,2025,2025-08-08
h04_r30_t3,1,1754628540000000000,1754629090000000000,3399.0825,3395.0605,0.11836010340470501,sl,-4.0219999999999345,-8.18399999999987,0.0,-8.18399999999987,2025,2025-08-08
h05_r60_t2,1,1754633170000000000,1754635105000000000,3396.1275,3390.2484999999997,0.1733003397470876,sl,-5.87900000000036,-11.898000000000721,0.0,-11.898000000000721,2025,2025-08-08
h06_r60_t3,1,1754636615000000000,1754649390000000000,3397.7895,3388.7775,0.26556437217614165,sl,-9.011999999999716,-18.163999999999433,0.0,-18.163999999999433,2025,2025-08-08
h13_r30_t3,1,1754659855000000000,1754662120000000000,3396.0125,3387.6315,0.2470354493364325,sl,-8.380999999999858,-16.901999999999717,0.0,-16.901999999999717,2025,2025-08-08
h14_r15_t2,-1,1754663280000000000,1754676500000000000,3384.2934999999998,3401.3424999999997,0.5031867163901357,sl,-17.048999999999978,-34.23799999999996,0.0,-34.23799999999996,2025,2025-08-08
h00_r30_t1,-1,1754872400000000000,1754874000000000000,3386.3464999999997,3380.973499999999,0.15858527648014775,tp,5.373000000000502,10.606000000001004,0.0,10.606000000001004,2025,2025-08-11
h02_r15_t3,-1,1754878510000000000,1754880660000000000,3373.1465,3378.9285,0.1713969040359688,sl,-5.782000000000153,-11.704000000000306,0.0,-11.704000000000306,2025,2025-08-11
h04_r30_t3,-1,1754888035000000000,1754889420000000000,3376.2045,3379.8505,0.1079398716297155,sl,-3.6460000000001855,-7.432000000000371,0.0,-7.432000000000371,2025,2025-08-11
h05_r60_t2,-1,1754892320000000000,1754895945000000000,3374.0485,3361.722499999999,0.18248766846170017,tp,12.326000000000931,24.512000000001862,0.0,24.512000000001862,2025,2025-08-11
h06_r60_t3,-1,1754895700000000000,1754945580000000000,3363.8255,3343.199,0.40208565220601516,forced_close,20.62649999999985,41.1129999999997,0.0,41.1129999999997,2025,2025-08-11
h13_r30_t3,1,1754919905000000000,1754922960000000000,3358.9184999999998,3348.3805,0.3145172639027437,sl,-10.537999999999556,-21.215999999999113,0.0,-21.215999999999113,2025,2025-08-11
h14_r15_t2,-1,1754922060000000000,1754923085000000000,3354.9265,3345.8065,0.13577261540783803,tp,9.11999999999989,18.09999999999978,0.0,18.09999999999978,2025,2025-08-11
h00_r30_t1,1,1754958805000000000,1754962535000000000,3353.3525,3347.5025,0.17458770069937768,sl,-5.849999999999909,-11.839999999999819,0.0,-11.839999999999819,2025,2025-08-12
h02_r15_t3,1,1754965450000000000,1754969605000000000,3352.7505,3349.7295,0.09014725693177307,sl,-3.0210000000001855,-6.182000000000371,0.0,-6.182000000000371,2025,2025-08-12
h04_r30_t3,1,1754973530000000000,1754979075000000000,3353.1185,3348.6805,0.13239349267189793,sl,-4.438000000000102,-9.016000000000204,0.0,-9.016000000000204,2025,2025-08-12
h05_r60_t2,-1,1754978680000000000,1754984180000000000,3350.5485,3355.8505,0.1580521253047544,sl,-5.302000000000135,-10.74400000000027,0.0,-10.74400000000027,2025,2025-08-12
h06_r60_t3,1,1754984175000000000,1754996625000000000,3355.0254999999997,3342.3225,0.379707768794631,sl,-12.70299999999952,-25.54599999999904,0.0,-25.54599999999904,2025,2025-08-12
h13_r30_t3,-1,1755005955000000000,1755006280000000000,3342.6485000000002,3354.3675000000003,0.3500676671032446,sl,-11.719000000000051,-23.578000000000102,0.0,-23.578000000000102,2025,2025-08-12
h14_r15_t2,-1,1755008100000000000,1755012130000000000,3335.7955,3346.6795,0.326258943906034,sl,-10.884000000000015,-21.90800000000003,0.0,-21.90800000000003,2025,2025-08-12
h00_r30_t1,-1,1755046355000000000,1755049570000000000,3343.7965,3350.8595,0.2110425480959962,sl,-7.063000000000102,-14.266000000000204,0.0,-14.266000000000204,2025,2025-08-13
h01_r60_t3,1,1755052200000000000,1755118380000000000,3352.0975,3356.064,0.27547933957177506,forced_close,3.9664999999999964,7.792999999999993,0.0,7.792999999999993,2025,2025-08-13
h02_r15_t3,1,1755051805000000000,1755063805000000000,3351.6345,3346.6485000000002,0.1489701385980965,sl,-4.985999999999876,-10.111999999999753,0.0,-10.111999999999753,2025,2025-08-13
h04_r30_t3,-1,1755063245000000000,1755065120000000000,3348.2295,3352.4085,0.124717471950882,sl,-4.179000000000087,-8.498000000000175,0.0,-8.498000000000175,2025,2025-08-13
h05_r60_t2,1,1755065115000000000,1755078145000000000,3352.1575000000003,3364.929500000001,0.19066815813396074,tp,12.772000000000844,25.404000000001687,0.0,25.404000000001687,2025,2025-08-13
h06_r60_t3,1,1755068460000000000,1755118380000000000,3357.6135,3356.064,0.25783771088010354,forced_close,-1.54950000000008,-3.23900000000016,0.0,-3.23900000000016,2025,2025-08-13
h13_r30_t3,1,1755091935000000000,1755106870000000000,3358.4285,3354.1835,0.12644245297166992,sl,-4.244999999999891,-8.629999999999782,0.0,-8.629999999999782,2025,2025-08-13
h14_r15_t2,-1,1755096355000000000,1755118380000000000,3363.2214999999997,3356.101,0.22555250934592153,forced_close,7.120499999999538,14.100999999999075,0.0,14.100999999999075,2025,2025-08-13
h00_r30_t1,1,1755131410000000000,1755140400000000000,3373.285,3362.8225,0.3095457095781674,sl,-10.462499999999636,-21.064999999999273,0.0,-21.064999999999273,2025,2025-08-14
h01_r60_t3,-1,1755138600000000000,1755157920000000000,3365.1895,3347.7325,0.17279878651836755,tp,17.45699999999988,34.77399999999976,0.0,34.77399999999976,2025,2025-08-14
h02_r15_t3,-1,1755138545000000000,1755157280000000000,3365.7695000000003,3355.017500000001,0.10638788923488533,tp,10.751999999999498,21.363999999998995,0.0,21.363999999998995,2025,2025-08-14
h04_r30_t3,1,1755145810000000000,1755145980000000000,3361.2735000000002,3359.3355,0.057660303751983985,sl,-1.9380000000001019,-4.016000000000203,0.0,-4.016000000000203,2025,2025-08-14
h05_r60_t2,-1,1755151510000000000,1755154680000000000,3356.2255,3361.8554999999997,0.16761347439658494,sl,-5.629999999999654,-11.39999999999931,0.0,-11.39999999999931,2025,2025-08-14
h06_r60_t3,1,1755154815000000000,1755157150000000000,3362.4905,3356.0445,0.191722529970027,sl,-6.445999999999913,-13.031999999999826,0.0,-13.031999999999826,2025,2025-08-14
h13_r30_t3,-1,1755178200000000000,1755204780000000000,3344.9385,3335.368,0.33474771891652255,forced_close,9.570500000000266,19.00100000000053,0.0,19.00100000000053,2025,2025-08-14
h14_r15_t2,1,1755181440000000000,1755188000000000000,3346.0685000000003,3334.3025,0.3524405368922219,sl,-11.766000000000531,-23.672000000001063,0.0,-23.672000000001063,2025,2025-08-14
h00_r30_t1,1,1755217800000000000,1755222635000000000,3336.2405,3340.0294999999996,0.1135797325075824,tp,3.78899999999976,7.43799999999952,0.0,7.43799999999952,2025,2025-08-15
h01_r60_t3,1,1755226315000000000,1755265920000000000,3340.3285,3333.3545,0.20882193318986164,sl,-6.97400000000016,-14.08800000000032,0.0,-14.08800000000032,2025,2025-08-15
h02_r15_t3,-1,1755224275000000000,1755225610000000000,3338.2745,3340.1445000000003,0.05600973191556864,sl,-1.8700000000003456,-3.8800000000006913,0.0,-3.8800000000006913,2025,2025-08-15
h04_r30_t3,1,1755232255000000000,1755235395000000000,3346.3755,3343.3495000000003,0.09044143700264765,sl,-3.02599999999984,-6.1919999999996795,0.0,-6.1919999999996795,2025,2025-08-15
h05_r60_t2,-1,1755238010000000000,1755291180000000000,3342.0615,3336.181,0.2023341393106294,forced_close,5.880499999999756,11.620999999999512,0.0,11.620999999999512,2025,2025-08-15
h06_r60_t3,-1,1755241740000000000,1755242400000000000,3340.2535,3344.5305,0.12803436122543713,sl,-4.277000000000044,-8.694000000000088,0.0,-8.694000000000088,2025,2025-08-15
h13_r30_t3,-1,1755264745000000000,1755291180000000000,3336.5105000000003,3336.181,0.2857233144563375,forced_close,0.3295000000002801,0.5190000000005602,0.0,0.5190000000005602,2025,2025-08-15
h14_r15_t2,1,1755267460000000000,1755277765000000000,3341.152,3335.2075,0.17751756643693417,sl,-5.944500000000062,-12.029000000000124,0.0,-12.029000000000124,2025,2025-08-15
h00_r30_t1,1,1755478165000000000,1755492935000000000,3342.2394999999997,3357.656499999999,0.4615577371545733,tp,15.416999999999462,30.693999999998923,0.0,30.693999999998923,2025,2025-08-18
h01_r60_t3,1,1755482490000000000,1755524365000000000,3347.5505000000003,3339.6295,0.23666291250748336,sl,-7.9210000000002765,-15.982000000000554,0.0,-15.982000000000554,2025,2025-08-18
h02_r15_t3,-1,1755483300000000000,1755487910000000000,3344.5735,3347.6504999999997,0.0919990019737709,sl,-3.076999999999771,-6.293999999999541,0.0,-6.293999999999541,2025,2025-08-18
h04_r30_t3,1,1755491410000000000,1755495500000000000,3352.7735000000002,3346.8334999999997,0.17718139303055228,sl,-5.940000000000509,-12.02000000000102,0.0,-12.02000000000102,2025,2025-08-18
h05_r60_t2,-1,1755497875000000000,1755550375000000000,3346.7084999999997,3333.29,0.3519428580214093,forced_close,13.418499999999767,26.696999999999534,0.0,26.696999999999534,2025,2025-08-18
h06_r60_t3,1,1755500735000000000,1755504755000000000,3351.2394999999997,3346.1075,0.15321536566210212,sl,-5.131999999999607,-10.403999999999215,0.0,-10.403999999999215,2025,2025-08-18
h13_r30_t3,-1,1755524065000000000,1755550375000000000,3340.4325,3333.29,0.13870324579654447,forced_close,7.142499999999927,14.144999999999854,0.0,14.144999999999854,2025,2025-08-18
h14_r15_t2,1,1755527625000000000,1755529500000000000,3338.4435000000003,3332.4935,0.17838028007503584,sl,-5.950000000000273,-12.040000000000546,0.0,-12.040000000000546,2025,2025-08-18
h00_r30_t1,1,1755572755000000000,1755609050000000000,3339.3085,3326.0845,0.3962415185542746,sl,-13.22400000000016,-26.58800000000032,0.0,-26.58800000000032,2025,2025-08-19
h01_r60_t3,-1,1755569045000000000,1755571875000000000,3330.1865,3335.7574999999997,0.16714217630754138,sl,-5.570999999999913,-11.281999999999826,0.0,-11.281999999999826,2025,2025-08-19
h02_r15_t3,1,1755570020000000000,1755598565000000000,3333.1445000000003,3343.839500000002,0.10698546033084194,tp,10.695000000001528,21.250000000003055,0.0,21.250000000003055,2025,2025-08-19
h04_r30_t3,1,1755578060000000000,1755578210000000000,3338.2484999999997,3335.8295,0.07250211264681922,sl,-2.418999999999869,-4.977999999999738,0.0,-4.977999999999738,2025,2025-08-19
h05_r60_t2,-1,1755583215000000000,1755587300000000000,3335.7625,3340.7365,0.14908979242978626,sl,-4.97400000000016,-10.08800000000032,0.0,-10.08800000000032,2025,2025-08-19
h06_r60_t3,1,1755587185000000000,1755608190000000000,3338.9015,3334.5585,0.13018466108148133,sl,-4.342999999999847,-8.825999999999695,0.0,-8.825999999999695,2025,2025-08-19
h13_r30_t3,1,1755610410000000000,1755614675000000000,3335.6075,3325.7135,0.29695192089086275,sl,-9.894000000000233,-19.928000000000466,0.0,-19.928000000000466,2025,2025-08-19
h14_r15_t2,-1,1755614040000000000,1755615090000000000,3332.2425000000003,3322.6725000000006,0.14348546741102752,tp,9.569999999999709,18.999999999999417,0.0,18.999999999999417,2025,2025-08-19
h00_r30_t1,-1,1755649805000000000,1755651030000000000,3313.2585,3316.2015,0.0888096117167191,sl,-2.943000000000211,-6.026000000000422,0.0,-6.026000000000422,2025,2025-08-20
h01_r60_t3,1,1755660010000000000,1755692390000000000,3317.8554999999997,3336.755499999999,0.19002286457657785,tp,18.89999999999918,37.65999999999836,0.0,37.65999999999836,2025,2025-08-20
h02_r15_t3,1,1755656515000000000,1755657360000000000,3316.2595,3313.2115000000003,0.09195900281804788,sl,-3.0479999999997744,-6.235999999999549,0.0,-6.235999999999549,2025,2025-08-20
h04_r30_t3,1,1755664240000000000,1755674225000000000,3319.5535,3326.441500000001,0.06918514453925592,tp,6.8880000000008295,13.636000000001658,0.0,13.636000000001658,2025,2025-08-20
h05_r60_t2,1,1755669670000000000,1755692270000000000,3324.1175000000003,3335.901500000001,0.17728413167108736,tp,11.78400000000056,23.42800000000112,0.0,23.42800000000112,2025,2025-08-20
h06_r60_t3,-1,1755673430000000000,1755674100000000000,3322.3285,3326.0895,0.11317934502532144,sl,-3.7609999999999673,-7.661999999999934,0.0,-7.661999999999934,2025,2025-08-20
h13_r30_t3,1,1755696785000000000,1755705305000000000,3343.8475,3338.9665,0.14609811621429752,sl,-4.880999999999858,-9.901999999999717,0.0,-9.901999999999717,2025,2025-08-20
h14_r15_t2,-1,1755699375000000000,1755700265000000000,3340.6875,3346.1054999999997,0.16211245272280148,sl,-5.417999999999665,-10.975999999999331,0.0,-10.975999999999331,2025,2025-08-20
h00_r30_t1,-1,1755737465000000000,1755752515000000000,3342.5105000000003,3338.035500000001,0.13382623254332357,tp,4.474999999999454,8.809999999998908,0.0,8.809999999998908,2025,2025-08-21
h01_r60_t3,-1,1755742970000000000,1755783055000000000,3340.8835,3346.4275,0.16584504466882125,sl,-5.543999999999869,-11.227999999999739,0.0,-11.227999999999739,2025,2025-08-21
h02_r15_t3,-1,1755742875000000000,1755744635000000000,3341.6485000000002,3344.0785,0.07268686394319765,sl,-2.4299999999998363,-4.999999999999672,0.0,-4.999999999999672,2025,2025-08-21
h04_r30_t3,1,1755750610000000000,1755751200000000000,3340.6025,3338.7235,0.05625550598144841,sl,-1.8789999999999054,-3.897999999999811,0.0,-3.897999999999811,2025,2025-08-21
h05_r60_t2,-1,1755756950000000000,1755762460000000000,3337.0895,3340.7445,0.1094668127621755,sl,-3.6549999999997453,-7.44999999999949,0.0,-7.44999999999949,2025,2025-08-21
h06_r60_t3,1,1755761860000000000,1755772780000000000,3339.9795,3334.3625,0.16833707573893922,sl,-5.616999999999734,-11.37399999999947,0.0,-11.37399999999947,2025,2025-08-21
h13_r30_t3,1,1755783000000000000,1755783920000000000,3345.5344999999998,3339.2794999999996,0.1869702788995778,sl,-6.255000000000109,-12.650000000000219,0.0,-12.650000000000219,2025,2025-08-21
h14_r15_t2,1,1755786390000000000,1755789340000000000,3345.5505000000003,3337.9804999999997,0.2263120155088192,sl,-7.5700000000006185,-15.280000000001237,0.0,-15.280000000001237,2025,2025-08-21
h00_r30_t1,1,1755822625000000000,1755827510000000000,3338.554,3335.1375,0.10117498703855862,sl,-3.416500000000269,-6.973000000000538,0.0,-6.973000000000538,2025,2025-08-22
h01_r60_t3,-1,1755828025000000000,1755871200000000000,3333.8385,3340.3045,0.19392896759218858,sl,-6.466000000000349,-13.072000000000699,0.0,-13.072000000000699,2025,2025-08-22
h02_r15_t3,-1,1755830945000000000,1755865925000000000,3333.3845,3324.6395,0.08741776469926606,tp,8.74499999999989,17.34999999999978,0.0,17.34999999999978,2025,2025-08-22
h04_r30_t3,-1,1755837015000000000,1755846375000000000,3329.2895,3332.8045,0.10557256446872981,sl,-3.5150000000003274,-7.1700000000006545,0.0,-7.1700000000006545,2025,2025-08-22
h05_r60_t2,-1,1755843860000000000,1755846185000000000,3327.2304999999997,3331.4404999999997,0.126420636892756,sl,-4.210000000000036,-8.560000000000073,0.0,-8.560000000000073,2025,2025-08-22
h06_r60_t3,1,1755846120000000000,1755850920000000000,3330.4735,3325.7725,0.1411917987417688,sl,-4.701000000000022,-9.542000000000044,0.0,-9.542000000000044,2025,2025-08-22
h13_r30_t3,1,1755869400000000000,1755871260000000000,3329.3885,3347.8954999999996,0.1853238473398899,tp,18.506999999999607,36.873999999999214,0.0,36.873999999999214,2025,2025-08-22
h14_r15_t2,1,1755872125000000000,1755895980000000000,3361.3965,3372.043,0.8212039968793959,forced_close,10.646500000000287,21.153000000000574,0.0,21.153000000000574,2025,2025-08-22
h00_r30_t1,-1,1756082650000000000,1756105680000000000,3364.4535,3369.7775,0.15821479977016858,sl,-5.324000000000069,-10.788000000000139,0.0,-10.788000000000139,2025,2025-08-25
h01_r60_t3,-1,1756087680000000000,1756093535000000000,3360.7695000000003,3367.9385,0.21317856254488843,sl,-7.168999999999869,-14.477999999999739,0.0,-14.477999999999739,2025,2025-08-25
h02_r15_t3,1,1756089005000000000,1756130525000000000,3362.9795,3372.2435000000005,0.09188470314591123,tp,9.264000000000578,18.388000000001156,0.0,18.388000000001156,2025,2025-08-25
h04_r30_t3,-1,1756099795000000000,1756102485000000000,3363.8514999999998,3367.8015,0.11736058713571304,sl,-3.950000000000273,-8.040000000000546,0.0,-8.040000000000546,2025,2025-08-25
h05_r60_t2,1,1756101720000000000,1756112935000000000,3366.1775,3363.1075,0.09124251651614998,sl,-3.069999999999709,-6.279999999999418,0.0,-6.279999999999418,2025,2025-08-25
h06_r60_t3,1,1756105650000000000,1756110035000000000,3369.6695,3364.5185,0.1528921958640699,sl,-5.15099999999984,-10.44199999999968,0.0,-10.44199999999968,2025,2025-08-25
h13_r30_t3,1,1756128660000000000,1756131205000000000,3365.1665000000003,3373.8725000000004,0.08626610596670561,tp,8.706000000000131,17.27200000000026,0.0,17.27200000000026,2025,2025-08-25
h14_r15_t2,-1,1756132110000000000,1756133050000000000,3370.1215,3374.3305,0.12475563501106787,sl,-4.208999999999833,-8.557999999999666,0.0,-8.557999999999666,2025,2025-08-25
h00_r30_t1,1,1756168335000000000,1756241580000000000,3380.3725,3393.023,0.8611150381299145,forced_close,12.650500000000193,25.161000000000385,0.0,25.161000000000385,2025,2025-08-26
h01_r60_t3,-1,1756177555000000000,1756222990000000000,3371.7515000000003,3384.9975,0.39226620204373597,sl,-13.24599999999964,-26.63199999999928,0.0,-26.63199999999928,2025,2025-08-26
h02_r15_t3,-1,1756174530000000000,1756184520000000000,3376.4415,3379.1144999999997,0.07915102017610064,sl,-2.6729999999997744,-5.485999999999549,0.0,-5.485999999999549,2025,2025-08-26
h04_r30_t3,1,1756182650000000000,1756192450000000000,3376.2425000000003,3372.1645,0.12080870735128772,sl,-4.078000000000429,-8.29600000000086,0.0,-8.29600000000086,2025,2025-08-26
h05_r60_t2,-1,1756189490000000000,1756194405000000000,3372.5545,3379.1525,0.19540143251935188,sl,-6.597999999999956,-13.335999999999913,0.0,-13.335999999999913,2025,2025-08-26
h06_r60_t3,-1,1756192300000000000,1756194245000000000,3372.5665,3377.7725,0.15419024428313993,sl,-5.206000000000131,-10.552000000000263,0.0,-10.552000000000263,2025,2025-08-26
h13_r30_t3,1,1756215020000000000,1756217625000000000,3374.5525,3370.6395,0.11598013962371384,sl,-3.912999999999556,-7.965999999999112,0.0,-7.965999999999112,2025,2025-08-26
h14_r15_t2,-1,1756217755000000000,1756218270000000000,3370.4995,3375.9605,0.1619723792751948,sl,-5.46100000000024,-11.06200000000048,0.0,-11.06200000000048,2025,2025-08-26
h00_r30_t1,-1,1756254905000000000,1756257535000000000,3389.7725,3385.9115,0.11384455662468954,tp,3.8609999999998763,7.581999999999753,0.0,7.581999999999753,2025,2025-08-27
h01_r60_t3,-1,1756262300000000000,1756307620000000000,3383.4375,3390.1054999999997,0.1969065182760777,sl,-6.667999999999665,-13.475999999999331,0.0,-13.475999999999331,2025,2025-08-27
h02_r15_t3,-1,1756261355000000000,1756268515000000000,3384.9725,3378.4954999999995,0.06376476442995602,tp,6.4770000000003165,12.814000000000632,0.0,12.814000000000632,2025,2025-08-27
h04_r30_t3,-1,1756269020000000000,1756275495000000000,3377.1975,3381.3235,0.12216506940624398,sl,-4.125999999999749,-8.391999999999499,0.0,-8.391999999999499,2025,2025-08-27
h05_r60_t2,1,1756274790000000000,1756278920000000000,3378.9295,3374.1355000000003,0.14194848726704803,sl,-4.793999999999869,-9.727999999999739,0.0,-9.727999999999739,2025,2025-08-27
h06_r60_t3,-1,1756278205000000000,1756281710000000000,3376.4044999999996,3382.0105000000003,0.16597488260595006,sl,-5.606000000000677,-11.352000000001354,0.0,-11.352000000001354,2025,2025-08-27
h13_r30_t3,-1,1756301420000000000,1756306365000000000,3380.6195,3384.8765000000003,0.12586874790164843,sl,-4.257000000000517,-8.654000000001034,0.0,-8.654000000001034,2025,2025-08-27
h14_r15_t2,1,1756304115000000000,1756307410000000000,3380.1035,3388.0155000000004,0.11705542867482605,tp,7.912000000000262,15.684000000000523,0.0,15.684000000000523,2025,2025-08-27
h00_r30_t1,1,1756341930000000000,1756342315000000000,3397.9915,3394.6605,0.09809700353558949,sl,-3.331000000000131,-6.802000000000262,0.0,-6.802000000000262,2025,2025-08-28
h01_r60_t3,-1,1756346975000000000,1756363005000000000,3385.5465,3392.9935,0.21992635553205794,sl,-7.447000000000116,-15.034000000000233,0.0,-15.034000000000233,2025,2025-08-28
h02_r15_t3,-1,1756348595000000000,1756349020000000000,3384.7715,3388.1335,0.0992793388976444,sl,-3.36200000000008,-6.86400000000016,0.0,-6.86400000000016,2025,2025-08-28
h04_r30_t3,1,1756355790000000000,1756359645000000000,3392.1335,3388.7884999999997,0.09863920653384498,sl,-3.3450000000002547,-6.830000000000509,0.0,-6.830000000000509,2025,2025-08-28
h05_r60_t2,1,1756360945000000000,1756365335000000000,3390.9094999999998,3397.3534999999993,0.09506526590465215,tp,6.443999999999505,12.74799999999901,0.0,12.74799999999901,2025,2025-08-28
h06_r60_t3,1,1756364475000000000,1756398660000000000,3395.8215,3416.746500000001,0.2054241094864961,tp,20.92500000000109,41.71000000000218,0.0,41.71000000000218,2025,2025-08-28
h13_r30_t3,1,1756387945000000000,1756414380000000000,3405.7875,3417.124,0.33561713741520566,forced_close,11.336499999999887,22.532999999999774,0.0,22.532999999999774,2025,2025-08-28
h14_r15_t2,1,1756390500000000000,1756394495000000000,3411.7484999999997,3406.5365,0.15277089978160194,sl,-5.211999999999534,-10.56399999999907,0.0,-10.56399999999907,2025,2025-08-28
h00_r30_t1,-1,1756429240000000000,1756431555000000000,3413.0955000000004,3408.2355000000007,0.14232455533459148,tp,4.859999999999673,9.579999999999345,0.0,9.579999999999345,2025,2025-08-29
h01_r60_t3,1,1756435280000000000,1756441330000000000,3413.7465,3408.0365,0.16744590595493175,sl,-5.710000000000036,-11.560000000000073,0.0,-11.560000000000073,2025,2025-08-29
h02_r15_t3,1,1756433705000000000,1756437290000000000,3412.9725,3410.0135,0.08670049812497595,sl,-2.9589999999998327,-6.057999999999665,0.0,-6.057999999999665,2025,2025-08-29
h04_r30_t3,-1,1756444505000000000,1756447260000000000,3407.56,3411.6025,0.11849823800248645,sl,-4.042500000000018,-8.225000000000037,0.0,-8.225000000000037,2025,2025-08-29
h05_r60_t2,1,1756447220000000000,1756452440000000000,3410.8955,3407.0025,0.11415269043933916,sl,-3.893000000000029,-7.926000000000058,0.0,-7.926000000000058,2025,2025-08-29
h06_r60_t3,1,1756450915000000000,1756452105000000000,3412.6965,3407.9385,0.13951812877980166,sl,-4.757999999999811,-9.655999999999622,0.0,-9.655999999999622,2025,2025-08-29
h13_r30_t3,1,1756474415000000000,1756479555000000000,3420.4155,3440.4645,0.19554964358202567,tp,20.048999999999978,39.957999999999956,0.0,39.957999999999956,2025,2025-08-29
h14_r15_t2,1,1756477855000000000,1756500780000000000,3437.4265,3447.932,0.2510076473934938,forced_close,10.505499999999756,20.870999999999512,0.0,20.870999999999512,2025,2025-08-29
h00_r30_t1,-1,1756688665000000000,1756689920000000000,3442.7645,3437.5375000000004,0.1517127181668466,tp,5.226999999999862,10.313999999999723,0.0,10.313999999999723,2025,2025-09-01
h01_r60_t3,1,1756692370000000000,1756750495000000000,3459.3795,3476.821,0.6441684475470918,forced_close,17.441499999999905,34.74299999999981,0.0,34.74299999999981,2025,2025-09-01
h02_r15_t3,1,1756694180000000000,1756750495000000000,3471.5384999999997,3476.821,0.47093743815294553,forced_close,5.282500000000255,10.425000000000509,0.0,10.425000000000509,2025,2025-09-01
h04_r30_t3,-1,1756701025000000000,1756704860000000000,3472.9605,3479.4984999999997,0.18819324838729803,sl,-6.537999999999556,-13.215999999999113,0.0,-13.215999999999113,2025,2025-09-01
h05_r60_t2,1,1756707265000000000,1756710995000000000,3482.8734999999997,3474.3105,0.2462532508923092,sl,-8.562999999999647,-17.265999999999295,0.0,-17.265999999999295,2025,2025-09-01
h06_r60_t3,-1,1756710350000000000,1756750495000000000,3476.8815,3476.858,0.3772577876960602,forced_close,0.02349999999978536,-0.0930000000004293,0.0,-0.0930000000004293,2025,2025-09-01
h13_r30_t3,1,1756733435000000000,1756750495000000000,3478.5405,3476.821,0.2770003854255938,forced_close,-1.7195000000001528,-3.5790000000003057,0.0,-3.5790000000003057,2025,2025-09-01
h14_r15_t2,1,1756736360000000000,1756737830000000000,3478.8085,3474.2905,0.12989766749158574,sl,-4.518000000000029,-9.176000000000059,0.0,-9.176000000000059,2025,2025-09-01
h00_r30_t1,1,1756773200000000000,1756774155000000000,3483.8325,3478.4615000000003,0.15419855152121106,sl,-5.37099999999964,-10.88199999999928,0.0,-10.88199999999928,2025,2025-09-02
h02_r15_t3,-1,1756779340000000000,1756800335000000000,3493.5685000000003,3471.500500000001,0.2105195979121403,tp,22.0679999999993,43.9959999999986,0.0,43.9959999999986,2025,2025-09-02
h04_r30_t3,1,1756787905000000000,1756790665000000000,3496.4235,3493.3765000000003,0.08719739363640949,sl,-3.0469999999995707,-6.233999999999141,0.0,-6.233999999999141,2025,2025-09-02
h05_r60_t2,-1,1756793020000000000,1756797840000000000,3492.1765,3480.6745000000005,0.16462507433675858,tp,11.501999999999498,22.863999999998995,0.0,22.863999999998995,2025,2025-09-02
h06_r60_t3,-1,1756797605000000000,1756822075000000000,3483.3165,3495.8135,0.3585154299768271,sl,-12.497000000000298,-25.134000000000597,0.0,-25.134000000000597,2025,2025-09-02
h13_r30_t3,1,1756819800000000000,1756824280000000000,3485.8464999999997,3508.511499999998,0.2167729466214733,tp,22.664999999998145,45.18999999999629,0.0,45.18999999999629,2025,2025-09-02
h14_r15_t2,1,1756822700000000000,1756828725000000000,3499.1994999999997,3520.0694999999987,0.29831037972894464,tp,20.86999999999898,41.59999999999796,0.0,41.59999999999796,2025,2025-09-02
h01_r60_t3,1,1756865095000000000,1756868365000000000,3541.9004999999997,3531.9625,0.2808170028506867,sl,-9.937999999999647,-20.015999999999295,0.0,-20.015999999999295,2025,2025-09-03
h02_r15_t3,-1,1756866735000000000,1756897960000000000,3538.0675,3546.0525,0.22555506389478294,sl,-7.984999999999673,-16.109999999999346,0.0,-16.109999999999346,2025,2025-09-03
h04_r30_t3,1,1756873825000000000,1756878700000000000,3535.0875,3530.6665000000003,0.1250857471143013,sl,-4.420999999999822,-8.981999999999644,0.0,-8.981999999999644,2025,2025-09-03
h05_r60_t2,1,1756886715000000000,1756906135000000000,3538.0964999999997,3560.516499999999,0.31755667756395733,tp,22.419999999999163,44.699999999998326,0.0,44.699999999998326,2025,2025-09-03
h06_r60_t3,-1,1756884020000000000,1756886610000000000,3529.8995,3537.4955,0.21485822708868385,sl,-7.596000000000004,-15.332000000000008,0.0,-15.332000000000008,2025,2025-09-03
h13_r30_t3,1,1756906200000000000,1756906985000000000,3561.3815,3549.4975,0.3337833304099677,sl,-11.884000000000015,-23.90800000000003,0.0,-23.90800000000003,2025,2025-09-03
h14_r15_t2,1,1756909110000000000,1756918800000000000,3558.6705,3572.8465000000006,0.199460067675163,tp,14.176000000000386,28.21200000000077,0.0,28.21200000000077,2025,2025-09-03
h00_r30_t1,1,1756947225000000000,1756949220000000000,3561.1135,3552.1495,0.25179573702850805,sl,-8.963999999999942,-18.067999999999884,0.0,-18.067999999999884,2025,2025-09-04
h01_r60_t3,-1,1756951615000000000,1757019180000000000,3543.6695,3545.715,0.5606999895524373,forced_close,-2.0455000000001746,-4.231000000000349,0.0,-4.231000000000349,2025,2025-09-04
h02_r15_t3,-1,1756952220000000000,1756955640000000000,3540.9674999999997,3512.0384999999997,0.2722005550429868,tp,28.929000000000087,57.718000000000174,0.0,57.718000000000174,2025,2025-09-04
h04_r30_t3,-1,1756963310000000000,1756967085000000000,3528.7555,3534.5294999999996,0.1635251884440718,sl,-5.7739999999994325,-11.687999999998866,0.0,-11.687999999998866,2025,2025-09-04
h05_r60_t2,-1,1756965665000000000,1756967065000000000,3525.4695,3534.1925,0.24729420086168707,sl,-8.722999999999956,-17.585999999999913,0.0,-17.585999999999913,2025,2025-09-04
h06_r60_t3,1,1756972800000000000,1757019180000000000,3541.8005000000003,3545.678,0.4886678132072996,forced_close,3.8774999999996,7.6149999999992,0.0,7.6149999999992,2025,2025-09-04
h13_r30_t3,1,1756992760000000000,1756994425000000000,3554.2715,3539.7905,0.40759578859904866,sl,-14.480999999999767,-29.101999999999535,0.0,-29.101999999999535,2025,2025-09-04
h14_r15_t2,1,1756998040000000000,1757019180000000000,3546.9205,3545.678,0.33285633986384117,forced_close,-1.242500000000291,-2.625000000000582,0.0,-2.625000000000582,2025,2025-09-04
h00_r30_t1,-1,1757039450000000000,1757043155000000000,3549.0495,3556.5845,0.21216987838174373,sl,-7.5349999999998545,-15.20999999999971,0.0,-15.20999999999971,2025,2025-09-05
h01_r60_t3,-1,1757039265000000000,1757043155000000000,3550.1615,3556.5575,0.1800425532094494,sl,-6.395999999999731,-12.931999999999462,0.0,-12.931999999999462,2025,2025-09-05
h02_r15_t3,-1,1757039035000000000,1757042900000000000,3551.2214999999997,3555.4685,0.11958271910042649,sl,-4.247000000000298,-8.634000000000597,0.0,-8.634000000000597,2025,2025-09-05
h04_r30_t3,-1,1757046860000000000,1757047085000000000,3556.3655,3558.8545,0.06995985810713001,sl,-2.4890000000000327,-5.118000000000065,0.0,-5.118000000000065,2025,2025-09-05
h05_r60_t2,-1,1757052270000000000,1757060190000000000,3555.8435,3545.0695000000005,0.15141296516025382,tp,10.773999999999432,21.407999999998864,0.0,21.407999999998864,2025,2025-09-05
h06_r60_t3,-1,1757056620000000000,1757075400000000000,3548.3395,3558.1935000000003,0.27736608058281975,sl,-9.85400000000027,-19.84800000000054,0.0,-19.84800000000054,2025,2025-09-05
h13_r30_t3,1,1757079785000000000,1757083170000000000,3585.0344999999998,3573.4125,0.3247081168228348,sl,-11.621999999999844,-23.383999999999688,0.0,-23.383999999999688,2025,2025-09-05
h14_r15_t2,-1,1757081920000000000,1757082545000000000,3592.1335,3580.3954999999996,0.16334009765617513,tp,11.738000000000284,23.336000000000567,0.0,23.336000000000567,2025,2025-09-05
h00_r30_t1,1,1757292850000000000,1757293370000000000,3591.7005,3596.4354999999996,0.1319008189411156,tp,4.734999999999673,9.329999999999345,0.0,9.329999999999345,2025,2025-09-08
h01_r60_t3,-1,1757302195000000000,1757313890000000000,3584.9875,3597.2565,0.3418023366197166,sl,-12.268999999999778,-24.677999999999557,0.0,-24.677999999999557,2025,2025-09-08
h02_r15_t3,-1,1757297865000000000,1757312095000000000,3586.6405,3594.4804999999997,0.21850384785553917,sl,-7.839999999999691,-15.819999999999382,0.0,-15.819999999999382,2025,2025-09-08
h04_r30_t3,1,1757309740000000000,1757315075000000000,3584.8445,3600.4955000000004,0.1455830528713194,tp,15.651000000000295,31.16200000000059,0.0,31.16200000000059,2025,2025-09-08
h05_r60_t2,1,1757311220000000000,1757317175000000000,3591.6175000000003,3612.4315000000006,0.2897933673323807,tp,20.814000000000306,41.48800000000061,0.0,41.48800000000061,2025,2025-09-08
h06_r60_t3,1,1757314925000000000,1757336530000000000,3598.9115,3626.9495000000015,0.25974809215361094,tp,28.038000000001375,55.93600000000275,0.0,55.93600000000275,2025,2025-09-08
h13_r30_t3,-1,1757338305000000000,1757339100000000000,3623.3075,3632.1825,0.24488287907214362,sl,-8.875,-17.89,0.0,-17.89,2025,2025-09-08
h14_r15_t2,-1,1757341240000000000,1757342720000000000,3631.7115000000003,3637.7515000000003,0.1661637508000403,sl,-6.039999999999964,-12.219999999999928,0.0,-12.219999999999928,2025,2025-09-08
h00_r30_t1,1,1757379815000000000,1757383650000000000,3640.982,3648.4359999999997,0.20495051451404397,tp,7.4539999999997235,14.767999999999446,0.0,14.767999999999446,2025,2025-09-09
h01_r60_t3,1,1757383390000000000,1757430885000000000,3647.4894999999997,3636.0434999999998,0.3138912796993136,sl,-11.445999999999913,-23.031999999999826,0.0,-23.031999999999826,2025,2025-09-09
h02_r15_t3,1,1757384305000000000,1757387525000000000,3653.4224999999997,3644.7825000000003,0.2366535543980493,sl,-8.639999999999418,-17.419999999998836,0.0,-17.419999999998836,2025,2025-09-09
h04_r30_t3,1,1757392220000000000,1757397925000000000,3652.0395,3645.7735000000002,0.171587390106769,sl,-6.265999999999622,-12.671999999999244,0.0,-12.671999999999244,2025,2025-09-09
h05_r60_t2,-1,1757397810000000000,1757398150000000000,3652.9205,3640.0025000000005,0.176699929787831,tp,12.917999999999665,25.69599999999933,0.0,25.69599999999933,2025,2025-09-09
h06_r60_t3,1,1757409380000000000,1757428665000000000,3656.4515,3636.5905000000002,0.5445022503451938,sl,-19.860999999999876,-39.86199999999975,0.0,-39.86199999999975,2025,2025-09-09
h13_r30_t3,1,1757424775000000000,1757426910000000000,3661.8495000000003,3646.4625,0.42034132961663956,sl,-15.387000000000171,-30.914000000000343,0.0,-30.914000000000343,2025,2025-09-09
h14_r15_t2,-1,1757428435000000000,1757451180000000000,3642.2695000000003,3628.484,0.8871195547916213,forced_close,13.785500000000411,27.43100000000082,0.0,27.43100000000082,2025,2025-09-09
h00_r30_t1,-1,1757464690000000000,1757470045000000000,3626.5035,3634.5135,0.2208133235616836,sl,-8.010000000000218,-16.160000000000437,0.0,-16.160000000000437,2025,2025-09-10
h01_r60_t3,1,1757469990000000000,1757537580000000000,3632.8205,3639.338,0.34596496089129825,forced_close,6.517500000000382,12.895000000000763,0.0,12.895000000000763,2025,2025-09-10
h02_r15_t3,1,1757471870000000000,1757497500000000000,3635.5105000000003,3651.4615000000003,0.14630412850328858,tp,15.951000000000022,31.762000000000043,0.0,31.762000000000043,2025,2025-09-10
h04_r30_t3,1,1757479975000000000,1757532955000000000,3643.0885,3636.5675,0.17908717173129812,sl,-6.520999999999731,-13.181999999999462,0.0,-13.181999999999462,2025,2025-09-10
h05_r60_t2,1,1757484745000000000,1757500615000000000,3645.4665,3656.4625,0.15091781114274805,tp,10.996000000000095,21.85200000000019,0.0,21.85200000000019,2025,2025-09-10
h06_r60_t3,1,1757487905000000000,1757508750000000000,3647.6645,3640.8785,0.1862384189329784,sl,-6.786000000000058,-13.712000000000117,0.0,-13.712000000000117,2025,2025-09-10
h13_r30_t3,1,1757511110000000000,1757517845000000000,3649.2295,3642.2754999999997,0.1906717009772042,sl,-6.954000000000178,-14.048000000000357,0.0,-14.048000000000357,2025,2025-09-10
h14_r15_t2,1,1757513770000000000,1757515405000000000,3654.0935,3649.3185000000003,0.13068190914910577,sl,-4.774999999999636,-9.689999999999273,0.0,-9.689999999999273,2025,2025-09-10
h00_r30_t1,-1,1757550900000000000,1757553200000000000,3644.2985,3647.2345,0.08053187242226759,sl,-2.936000000000149,-6.012000000000298,0.0,-6.012000000000298,2025,2025-09-11
h01_r60_t3,-1,1757556050000000000,1757623980000000000,3639.9075000000003,3634.019,0.25634649125396336,forced_close,5.888500000000477,11.637000000000953,0.0,11.637000000000953,2025,2025-09-11
h02_r15_t3,-1,1757557195000000000,1757568735000000000,3639.7115000000003,3628.2605000000003,0.10479672195194828,tp,11.451000000000022,22.762000000000043,0.0,22.762000000000043,2025,2025-09-11
h04_r30_t3,1,1757565165000000000,1757565420000000000,3634.3424999999997,3631.9425,0.06605315214585737,sl,-2.399999999999636,-4.939999999999272,0.0,-4.939999999999272,2025,2025-09-11
h05_r60_t2,-1,1757570475000000000,1757571080000000000,3623.4355,3633.4595,0.2765128104407278,sl,-10.023999999999887,-20.187999999999775,0.0,-20.187999999999775,2025,2025-09-11
h06_r60_t3,-1,1757581445000000000,1757593965000000000,3622.7455,3638.0765,0.4219579415465396,sl,-15.331000000000131,-30.802000000000263,0.0,-30.802000000000263,2025,2025-09-11
h13_r30_t3,-1,1757597765000000000,1757600335000000000,3620.5384999999997,3637.1875,0.45971882570544065,sl,-16.649000000000342,-33.438000000000685,0.0,-33.438000000000685,2025,2025-09-11
h14_r15_t2,1,1757600195000000000,1757623980000000000,3634.0875,3633.982,0.2155415919443465,forced_close,-0.10550000000012005,-0.3510000000002401,0.0,-0.3510000000002401,2025,2025-09-11
h00_r30_t1,-1,1757637005000000000,1757637900000000000,3630.8985000000002,3633.9015,0.0826989659875291,sl,-3.0029999999997017,-6.145999999999403,0.0,-6.145999999999403,2025,2025-09-12
h01_r60_t3,1,1757642930000000000,1757710380000000000,3647.5905000000002,3643.256,0.30236803312282734,forced_close,-4.334500000000389,-8.809000000000779,0.0,-8.809000000000779,2025,2025-09-12
h02_r15_t3,1,1757643845000000000,1757664695000000000,3649.6955,3644.7365,0.135957271198562,sl,-4.958999999999833,-10.057999999999666,0.0,-10.057999999999666,2025,2025-09-12
h04_r30_t3,1,1757651400000000000,1757657450000000000,3654.9494999999997,3651.6365,0.09064641454850732,sl,-3.312999999999647,-6.765999999999294,0.0,-6.765999999999294,2025,2025-09-12
h05_r60_t2,-1,1757656910000000000,1757664915000000000,3652.0564999999997,3642.7704999999996,0.12709775974800613,tp,9.286000000000058,18.432000000000116,0.0,18.432000000000116,2025,2025-09-12
h06_r60_t3,-1,1757662950000000000,1757687095000000000,3648.3755,3654.1885,0.15923167770829383,sl,-5.813000000000102,-11.766000000000204,0.0,-11.766000000000204,2025,2025-09-12
h13_r30_t3,1,1757683955000000000,1757689930000000000,3650.5885,3643.3455000000004,0.19850043513607016,sl,-7.242999999999483,-14.625999999998967,0.0,-14.625999999998967,2025,2025-09-12
h14_r15_t2,1,1757686590000000000,1757687800000000000,3653.5005,3649.5725,0.10755542643549416,sl,-3.9279999999998836,-7.995999999999767,0.0,-7.995999999999767,2025,2025-09-12
h00_r30_t1,-1,1757896600000000000,1757898770000000000,3634.9055,3627.1324999999997,0.21357097511924625,tp,7.773000000000138,15.406000000000276,0.0,15.406000000000276,2025,2025-09-15
h01_r60_t3,1,1757901600000000000,1757943465000000000,3634.8445,3659.5165000000006,0.22627450338401056,tp,24.67200000000048,49.20400000000096,0.0,49.20400000000096,2025,2025-09-15
h02_r15_t3,1,1757902500000000000,1757919800000000000,3640.9735,3634.4075000000003,0.18035025469734825,sl,-6.5659999999998035,-13.271999999999608,0.0,-13.271999999999608,2025,2025-09-15
h04_r30_t3,-1,1757910790000000000,1757919485000000000,3644.5215,3637.2645,0.06635912135475394,tp,7.256999999999607,14.373999999999214,0.0,14.373999999999214,2025,2025-09-15
h05_r60_t2,-1,1757916125000000000,1757919755000000000,3642.3975,3634.5975000000008,0.10703222287401104,tp,7.799999999999272,15.459999999998544,0.0,15.459999999998544,2025,2025-09-15
h06_r60_t3,-1,1757919600000000000,1757922820000000000,3636.673,3644.0595000000003,0.20246129471015312,sl,-7.386500000000524,-14.913000000001048,0.0,-14.913000000001048,2025,2025-09-15
h13_r30_t3,1,1757943000000000000,1757951650000000000,3653.9275,3675.0895,0.19305988838708338,tp,21.162000000000262,42.18400000000052,0.0,42.18400000000052,2025,2025-09-15
h14_r15_t2,1,1757947135000000000,1757951650000000000,3660.9635,3675.0514999999996,0.1924605676466482,tp,14.087999999999738,28.035999999999476,0.0,28.035999999999476,2025,2025-09-15
h00_r30_t1,1,1757982600000000000,1757990345000000000,3683.7775,3676.5105000000003,0.19727975460971625,sl,-7.266999999999825,-14.673999999999651,0.0,-14.673999999999651,2025,2025-09-16
h01_r60_t3,-1,1757990335000000000,1758005045000000000,3677.1615,3689.5595000000003,0.33696036367150195,sl,-12.398000000000138,-24.936000000000277,0.0,-24.936000000000277,2025,2025-09-16
h02_r15_t3,-1,1757990020000000000,1757993595000000000,3678.6234999999997,3682.7335000000003,0.11162874073411737,sl,-4.110000000000582,-8.360000000001165,0.0,-8.360000000001165,2025,2025-09-16
h04_r30_t3,-1,1757997405000000000,1757998080000000000,3680.7065000000002,3683.5924999999997,0.07837821726489387,sl,-2.8859999999995125,-5.911999999999025,0.0,-5.911999999999025,2025,2025-09-16
h05_r60_t2,1,1758002415000000000,1758005865000000000,3684.6234999999997,3693.0594999999994,0.11453318292140935,tp,8.435999999999694,16.73199999999939,0.0,16.73199999999939,2025,2025-09-16
h06_r60_t3,1,1758010390000000000,1758035160000000000,3694.2915000000003,3681.8154999999997,0.3377888557023616,sl,-12.476000000000568,-25.092000000001136,0.0,-25.092000000001136,2025,2025-09-16
h13_r30_t3,1,1758029400000000000,1758035110000000000,3694.6375,3685.2005,0.2554456107517211,sl,-9.436999999999898,-19.013999999999797,0.0,-19.013999999999797,2025,2025-09-16
h14_r15_t2,1,1758032100000000000,1758032955000000000,3699.5105000000003,3693.7345,0.1561296919831024,sl,-5.776000000000295,-11.69200000000059,0.0,-11.69200000000059,2025,2025-09-16
h00_r30_t1,-1,1758069910000000000,1758072200000000000,3692.4595,3689.4605,0.08119097055696481,tp,2.9989999999997963,5.857999999999593,0.0,5.857999999999593,2025,2025-09-17
h01_r60_t3,-1,1758076685000000000,1758132000000000000,3676.0855,3692.1005,0.4352485856459249,sl,-16.014999999999873,-32.169999999999746,0.0,-32.169999999999746,2025,2025-09-17
h02_r15_t3,1,1758075340000000000,1758076680000000000,3681.6724999999997,3676.1975,0.14872655434527934,sl,-5.474999999999454,-11.08999999999891,0.0,-11.08999999999891,2025,2025-09-17
h05_r60_t2,-1,1758089470000000000,1758120555000000000,3675.8475,3685.9545,0.27470873521864025,sl,-10.106999999999971,-20.353999999999942,0.0,-20.353999999999942,2025,2025-09-17
h06_r60_t3,-1,1758092595000000000,1758116085000000000,3670.4494999999997,3680.1785,0.26472594171377106,sl,-9.72900000000027,-19.59800000000054,0.0,-19.59800000000054,2025,2025-09-17
h13_r30_t3,1,1758116080000000000,1758132065000000000,3679.5744999999997,3672.9165000000003,0.18108405925836984,sl,-6.657999999999447,-13.455999999998895,0.0,-13.455999999998895,2025,2025-09-17
h14_r15_t2,1,1758118630000000000,1758132065000000000,3684.3575,3676.8975,0.2024991819277362,sl,-7.460000000000036,-15.060000000000073,0.0,-15.060000000000073,2025,2025-09-17
h00_r30_t1,-1,1758155825000000000,1758159490000000000,3661.2275,3652.4195,0.24050135029439415,tp,8.807999999999993,17.475999999999985,0.0,17.475999999999985,2025,2025-09-18
h01_r60_t3,-1,1758172330000000000,1758186630000000000,3651.9065,3668.8545,0.4634111495661636,sl,-16.947999999999865,-34.03599999999973,0.0,-34.03599999999973,2025,2025-09-18
h02_r15_t3,1,1758162320000000000,1758170225000000000,3662.8985000000002,3655.5855,0.19966262395129963,sl,-7.313000000000102,-14.766000000000204,0.0,-14.766000000000204,2025,2025-09-18
h04_r30_t3,-1,1758170045000000000,1758175405000000000,3656.6755000000003,3648.5875000000005,0.07369798069992888,tp,8.087999999999738,16.035999999999476,0.0,16.035999999999476,2025,2025-09-18
h05_r60_t2,-1,1758175300000000000,1758181375000000000,3649.4535,3659.2345,0.2678511157473631,sl,-9.780999999999949,-19.7019999999999,0.0,-19.7019999999999,2025,2025-09-18
h06_r60_t3,1,1758180815000000000,1758202985000000000,3652.0865000000003,3633.8745,0.5006667263222244,sl,-18.212000000000444,-36.56400000000089,0.0,-36.56400000000089,2025,2025-09-18
h13_r30_t3,-1,1758202245000000000,1758228780000000000,3651.9235,3644.308,0.3397013075065961,forced_close,7.615499999999884,15.090999999999767,0.0,15.090999999999767,2025,2025-09-18
h14_r15_t2,-1,1758205060000000000,1758206920000000000,3638.4665,3646.2745,0.21445479715578208,sl,-7.807999999999993,-15.755999999999986,0.0,-15.755999999999986,2025,2025-09-18
h00_r30_t1,-1,1758242120000000000,1758243845000000000,3636.7735000000002,3642.8225,0.16625693361362504,sl,-6.048999999999978,-12.237999999999957,0.0,-12.237999999999957,2025,2025-09-19
h01_r60_t3,1,1758252130000000000,1758315180000000000,3651.416,3684.593,0.5231040363296375,forced_close,33.17699999999968,66.21399999999936,0.0,66.21399999999936,2025,2025-09-19
h02_r15_t3,1,1758249660000000000,1758294880000000000,3647.2625,3672.297499999999,0.22882444969364535,tp,25.0349999999994,49.9299999999988,0.0,49.9299999999988,2025,2025-09-19
h04_r30_t3,1,1758258120000000000,1758260345000000000,3660.0755,3653.7405,0.17311564576030042,sl,-6.335000000000036,-12.810000000000073,0.0,-12.810000000000073,2025,2025-09-19
h05_r60_t2,-1,1758261615000000000,1758290210000000000,3651.5195000000003,3661.3015,0.2678145475975115,sl,-9.781999999999698,-19.703999999999397,0.0,-19.703999999999397,2025,2025-09-19
h06_r60_t3,1,1758268135000000000,1758315180000000000,3654.3355,3684.593,0.3012307934864908,forced_close,30.25749999999971,60.37499999999942,0.0,60.37499999999942,2025,2025-09-19
h13_r30_t3,1,1758288600000000000,1758315180000000000,3656.069,3684.593,0.33301190049138685,forced_close,28.523999999999887,56.907999999999774,0.0,56.907999999999774,2025,2025-09-19
h14_r15_t2,-1,1758291380000000000,1758292120000000000,3659.2484999999997,3664.3734999999997,0.14000209525086943,sl,-5.125,-10.39,0.0,-10.39,2025,2025-09-19
h00_r30_t1,1,1758502790000000000,1758503715000000000,3690.8805,3696.0025000000005,0.13882062367103842,tp,5.122000000000298,10.104000000000596,0.0,10.104000000000596,2025,2025-09-22
h01_r60_t3,-1,1758509045000000000,1758512895000000000,3686.7664999999997,3697.0495,0.2787145736985748,sl,-10.283000000000357,-20.706000000000714,0.0,-20.706000000000714,2025,2025-09-22
h02_r15_t3,1,1758508150000000000,1758508605000000000,3691.5085,3687.3695,0.11220975823663744,sl,-4.139000000000124,-8.418000000000248,0.0,-8.418000000000248,2025,2025-09-22
h04_r30_t3,-1,1758515835000000000,1758518250000000000,3690.8154999999997,3696.0285000000003,0.14122218003648934,sl,-5.213000000000648,-10.566000000001296,0.0,-10.566000000001296,2025,2025-09-22
h05_r60_t2,1,1758521285000000000,1758523600000000000,3700.4355,3717.4734999999996,0.23042381455412905,tp,17.037999999999556,33.93599999999911,0.0,33.93599999999911,2025,2025-09-22
h06_r60_t3,1,1758529605000000000,1758574380000000000,3719.9365,3747.343,0.6566082750141404,forced_close,27.40650000000005,54.6730000000001,0.0,54.6730000000001,2025,2025-09-22
h13_r30_t3,-1,1758548010000000000,1758552835000000000,3719.4955,3725.6625,0.16563595194542788,sl,-6.166999999999916,-12.473999999999833,0.0,-12.473999999999833,2025,2025-09-22
h14_r15_t2,-1,1758552195000000000,1758552805000000000,3716.9885,3723.4875,0.17469652895819424,sl,-6.499000000000251,-13.138000000000503,0.0,-13.138000000000503,2025,2025-09-22
h00_r30_t1,1,1758587400000000000,1758589645000000000,3749.1205,3753.2945,0.1113372324482142,tp,4.173999999999978,8.207999999999956,0.0,8.207999999999956,2025,2025-09-23
h01_r60_t3,-1,1758593455000000000,1758616155000000000,3745.7465,3759.4044999999996,0.36376173526437905,sl,-13.657999999999447,-27.455999999998895,0.0,-27.455999999998895,2025,2025-09-23
h02_r15_t3,-1,1758594610000000000,1758605840000000000,3741.0474999999997,3755.5465,0.38729059656348713,sl,-14.499000000000251,-29.138000000000503,0.0,-29.138000000000503,2025,2025-09-23
h04_r30_t3,1,1758602540000000000,1758616285000000000,3747.559,3760.777,0.11761544953406822,tp,13.217999999999847,26.295999999999694,0.0,26.295999999999694,2025,2025-09-23
h05_r60_t2,1,1758615580000000000,1758619455000000000,3758.8495000000003,3789.9295,0.4140402266457257,tp,31.079999999999927,62.019999999999854,0.0,62.019999999999854,2025,2025-09-23
h06_r60_t3,-1,1758610865000000000,1758615490000000000,3751.3665,3757.5045,0.16350470115972782,sl,-6.13799999999992,-12.41599999999984,0.0,-12.41599999999984,2025,2025-09-23
h13_r30_t3,-1,1758634265000000000,1758634845000000000,3781.1275,3788.0875,0.18395084389431965,sl,-6.960000000000036,-14.060000000000073,0.0,-14.060000000000073,2025,2025-09-23
h14_r15_t2,-1,1758637025000000000,1758648405000000000,3773.9915,3785.0605,0.2930499713873188,sl,-11.06899999999996,-22.27799999999992,0.0,-22.27799999999992,2025,2025-09-23
h00_r30_t1,1,1758675510000000000,1758676210000000000,3765.3225,3771.7215000000006,0.1700157700985154,tp,6.399000000000342,12.658000000000683,0.0,12.658000000000683,2025,2025-09-24
h01_r60_t3,-1,1758679280000000000,1758691315000000000,3755.0955000000004,3771.9385,0.4483484271270057,sl,-16.842999999999847,-33.825999999999695,0.0,-33.825999999999695,2025,2025-09-24
h02_r15_t3,-1,1758680100000000000,1758682400000000000,3753.3875,3757.1544999999996,0.10035834081846597,sl,-3.7669999999998254,-7.67399999999965,0.0,-7.67399999999965,2025,2025-09-24
h04_r30_t3,1,1758688760000000000,1758706880000000000,3767.7545,3763.2974999999997,0.11837869789010846,sl,-4.457000000000335,-9.05400000000067,0.0,-9.05400000000067,2025,2025-09-24
h05_r60_t2,1,1758699330000000000,1758703740000000000,3777.1195,3767.9134999999997,0.2438679049731101,sl,-9.206000000000131,-18.552000000000263,0.0,-18.552000000000263,2025,2025-09-24
h06_r60_t3,1,1758698465000000000,1758703350000000000,3776.1904999999997,3769.0955000000004,0.1881325359907709,sl,-7.094999999999345,-14.329999999998691,0.0,-14.329999999998691,2025,2025-09-24
h13_r30_t3,-1,1758720660000000000,1758727880000000000,3766.8395,3748.107500000001,0.16572983568353103,tp,18.73199999999906,37.32399999999812,0.0,37.32399999999812,2025,2025-09-24
h14_r15_t2,-1,1758723840000000000,1758732185000000000,3755.3485,3735.7744999999995,0.260304149187504,tp,19.574000000000524,39.00800000000105,0.0,39.00800000000105,2025,2025-09-24
h00_r30_t1,1,1758760220000000000,1758762785000000000,3751.5105000000003,3741.4575,0.26804029429774706,sl,-10.053000000000338,-20.246000000000677,0.0,-20.246000000000677,2025,2025-09-25
h01_r60_t3,-1,1758765810000000000,1758785885000000000,3732.9314999999997,3750.5775000000003,0.47230229166715776,sl,-17.64600000000064,-35.43200000000128,0.0,-35.43200000000128,2025,2025-09-25
h02_r15_t3,1,1758767405000000000,1758787985000000000,3736.471,3757.2729999999992,0.18575999856406344,tp,20.801999999999225,41.46399999999845,0.0,41.46399999999845,2025,2025-09-25
h04_r30_t3,1,1758774855000000000,1758785950000000000,3736.7235,3751.4625,0.1315649412771282,tp,14.739000000000033,29.338000000000065,0.0,29.338000000000065,2025,2025-09-25
h05_r60_t2,1,1758780600000000000,1758787370000000000,3741.3965,3755.812499999999,0.1927891559844177,tp,14.415999999999258,28.691999999998515,0.0,28.691999999998515,2025,2025-09-25
h06_r60_t3,1,1758785710000000000,1758803850000000000,3748.4425,3737.7925,0.28467437461517414,sl,-10.650000000000091,-21.440000000000182,0.0,-21.440000000000182,2025,2025-09-25
h13_r30_t3,-1,1758807520000000000,1758824705000000000,3733.3025,3745.6345,0.32954498234228224,sl,-12.332000000000335,-24.80400000000067,0.0,-24.80400000000067,2025,2025-09-25
h14_r15_t2,1,1758810180000000000,1758811260000000000,3734.9635,3724.7045,0.27506333307102393,sl,-10.259000000000015,-20.65800000000003,0.0,-20.65800000000003,2025,2025-09-25
h00_r30_t1,1,1758848250000000000,1758849495000000000,3749.0625,3740.2955,0.2342885752718477,sl,-8.766999999999825,-17.67399999999965,0.0,-17.67399999999965,2025,2025-09-26
h01_r60_t3,-1,1758854635000000000,1758867540000000000,3737.7955,3753.4435000000003,0.4185021938067971,sl,-15.648000000000138,-31.436000000000277,0.0,-31.436000000000277,2025,2025-09-26
h02_r15_t3,-1,1758853120000000000,1758853755000000000,3738.1684999999998,3741.1645,0.08011994458459892,sl,-2.9960000000000946,-6.132000000000189,0.0,-6.132000000000189,2025,2025-09-26
h04_r30_t3,-1,1758861000000000000,1758862695000000000,3744.8365000000003,3747.7304999999997,0.07727664705865624,sl,-2.8939999999993233,-5.927999999998646,0.0,-5.927999999998646,2025,2025-09-26
h05_r60_t2,-1,1758866400000000000,1758867210000000000,3741.9455,3749.7815,0.2093960743046149,sl,-7.83600000000024,-15.81200000000048,0.0,-15.81200000000048,2025,2025-09-26
h06_r60_t3,-1,1758870255000000000,1758876050000000000,3741.5474999999997,3754.2455,0.3391794917409559,sl,-12.69800000000032,-25.53600000000064,0.0,-25.53600000000064,2025,2025-09-26
h13_r30_t3,1,1758895320000000000,1758919980000000000,3766.4415,3761.663,0.40067745544668104,forced_close,-4.7784999999998945,-9.69699999999979,0.0,-9.69699999999979,2025,2025-09-26
h14_r15_t2,1,1758896145000000000,1758919510000000000,3774.9215,3761.6515,0.35179086602984605,sl,-13.269999999999982,-26.679999999999964,0.0,-26.679999999999964,2025,2025-09-26
h00_r30_t1,1,1759105800000000000,1759112400000000000,3777.7394999999997,3791.4894999999997,0.36400424256872105,tp,13.75,27.36,0.0,27.36,2025,2025-09-29
h01_r60_t3,1,1759112335000000000,1759179180000000000,3788.8605,3830.856,0.5540358274737326,forced_close,41.99550000000045,83.8510000000009,0.0,83.8510000000009,2025,2025-09-29
h02_r15_t3,1,1759112115000000000,1759126455000000000,3787.4685,3816.883500000001,0.25897186979143433,tp,29.415000000000873,58.690000000001746,0.0,58.690000000001746,2025,2025-09-29
h04_r30_t3,1,1759120200000000000,1759144530000000000,3799.77,3821.412,0.18985866793379325,tp,21.641999999999825,43.14399999999965,0.0,43.14399999999965,2025,2025-09-29
h05_r60_t2,1,1759125615000000000,1759179180000000000,3814.5955000000004,3830.856,0.34636150633298995,forced_close,16.260499999999865,32.38099999999973,0.0,32.38099999999973,2025,2025-09-29
h06_r60_t3,-1,1759131260000000000,1759144525000000000,3811.0325000000003,3819.8824999999997,0.2318283569040634,sl,-8.849999999999454,-17.83999999999891,0.0,-17.83999999999891,2025,2025-09-29
h13_r30_t3,1,1759152780000000000,1759179180000000000,3823.0015000000003,3830.856,0.35930906008575253,forced_close,7.854499999999916,15.568999999999832,0.0,15.568999999999832,2025,2025-09-29
h14_r15_t2,-1,1759155595000000000,1759158090000000000,3819.7185,3830.6165,0.2848449943223147,sl,-10.898000000000138,-21.936000000000277,0.0,-21.936000000000277,2025,2025-09-29
h00_r30_t1,1,1759194005000000000,1759196185000000000,3840.6605,3850.1495,0.24719547498640565,tp,9.489000000000033,18.838000000000065,0.0,18.838000000000065,2025,2025-09-30
h01_r60_t3,1,1759197670000000000,1759219640000000000,3850.7545,3838.0495,0.33016984451351994,sl,-12.704999999999927,-25.549999999999855,0.0,-25.549999999999855,2025,2025-09-30
h02_r15_t3,-1,1759198900000000000,1759201945000000000,3845.0935,3852.1054999999997,0.18228064226110446,sl,-7.011999999999716,-14.163999999999433,0.0,-14.163999999999433,2025,2025-09-30
h04_r30_t3,1,1759206725000000000,1759215045000000000,3866.0635,3862.0515,0.10383050989140036,sl,-4.012000000000171,-8.164000000000343,0.0,-8.164000000000343,2025,2025-09-30
h05_r60_t2,1,1759212605000000000,1759213125000000000,3870.4965,3862.6695,0.20225749547233984,sl,-7.8270000000002256,-15.794000000000452,0.0,-15.794000000000452,2025,2025-09-30
h06_r60_t3,-1,1759215645000000000,1759223540000000000,3854.9475,3804.451500000002,0.43653257960227926,tp,50.495999999998276,100.85199999999655,0.0,100.85199999999655,2025,2025-09-30
h13_r30_t3,1,1759239385000000000,1759241610000000000,3820.2825000000003,3846.3195000000005,0.22748154808545765,tp,26.037000000000262,51.93400000000052,0.0,51.93400000000052,2025,2025-09-30
h14_r15_t2,1,1759241770000000000,1759265580000000000,3847.1634999999997,3859.808,0.6947034294331381,forced_close,12.644500000000335,25.14900000000067,0.0,25.14900000000067,2025,2025-09-30
h00_r30_t1,-1,1759278600000000000,1759282250000000000,3861.255,3865.4455,0.10726947519146904,sl,-4.190499999999702,-8.520999999999404,0.0,-8.520999999999404,2025,2025-10-01
h01_r60_t3,1,1759284015000000000,1759287280000000000,3869.1085000000003,3859.0975,0.25874872980893204,sl,-10.011000000000422,-20.162000000000845,0.0,-20.162000000000845,2025,2025-10-01
h02_r15_t3,-1,1759284905000000000,1759305070000000000,3867.2974999999997,3875.6425,0.2157617793456447,sl,-8.345000000000255,-16.83000000000051,0.0,-16.83000000000051,2025,2025-10-01
h04_r30_t3,-1,1759293305000000000,1759294740000000000,3858.3415,3864.6855,0.16430561517806921,sl,-6.344000000000051,-12.828000000000102,0.0,-12.828000000000102,2025,2025-10-01
h05_r60_t2,-1,1759298565000000000,1759303320000000000,3862.1295,3869.9865,0.2033597452529003,sl,-7.856999999999971,-15.853999999999942,0.0,-15.853999999999942,2025,2025-10-01
h06_r60_t3,1,1759302750000000000,1759351980000000000,3864.9815,3863.873,0.2997498068585702,forced_close,-1.1084999999998217,-2.3569999999996436,0.0,-2.3569999999996436,2025,2025-10-01
h13_r30_t3,1,1759325475000000000,1759330060000000000,3874.2685,3863.7735000000002,0.27119104808556793,sl,-10.49499999999989,-21.129999999999782,0.0,-21.129999999999782,2025,2025-10-01
h14_r15_t2,1,1759329170000000000,1759330050000000000,3876.0825,3867.6615,0.2175779244058127,sl,-8.420999999999822,-16.981999999999644,0.0,-16.981999999999644,2025,2025-10-01
h00_r30_t1,-1,1759366360000000000,1759368245000000000,3856.4535,3863.8605,0.19198148766601744,sl,-7.406999999999698,-14.953999999999397,0.0,-14.953999999999397,2025,2025-10-02
h01_r60_t3,1,1759370400000000000,1759415825000000000,3865.2445,3852.9085,0.3191621063301852,sl,-12.335999999999785,-24.81199999999957,0.0,-24.81199999999957,2025,2025-10-02
h02_r15_t3,1,1759371300000000000,1759411905000000000,3870.0545,3895.2125000000015,0.21670076572686997,tp,25.158000000001266,50.17600000000253,0.0,50.17600000000253,2025,2025-10-02
h04_r30_t3,-1,1759379620000000000,1759381650000000000,3865.0164999999997,3867.7484999999997,0.07066438619690639,sl,-2.731999999999971,-5.6039999999999415,0.0,-5.6039999999999415,2025,2025-10-02
h05_r60_t2,1,1759385160000000000,1759388210000000000,3871.3755,3864.2585,0.18400553180042417,sl,-7.117000000000189,-14.374000000000379,0.0,-14.374000000000379,2025,2025-10-02
h06_r60_t3,1,1759389410000000000,1759390850000000000,3874.3695,3862.1395,0.3164875932593464,sl,-12.229999999999563,-24.599999999999127,0.0,-24.599999999999127,2025,2025-10-02
h13_r30_t3,1,1759411800000000000,1759412300000000000,3893.8965,3884.6035,0.2386619828000463,sl,-9.292999999999665,-18.72599999999933,0.0,-18.72599999999933,2025,2025-10-02
h14_r15_t2,-1,1759414550000000000,1759415720000000000,3869.5555,3854.8074999999994,0.19046844155668693,tp,14.748000000000502,29.356000000001004,0.0,29.356000000001004,2025,2025-10-02
h00_r30_t1,-1,1759451510000000000,1759454590000000000,3857.4165000000003,3851.9745000000003,0.14102941365116542,tp,5.442000000000007,10.744000000000014,0.0,10.744000000000014,2025,2025-10-03
h01_r60_t3,-1,1759461085000000000,1759476270000000000,3847.3824999999997,3862.7025000000003,0.39704152232770573,sl,-15.320000000000618,-30.780000000001237,0.0,-30.780000000001237,2025,2025-10-03
h02_r15_t3,-1,1759457715000000000,1759461575000000000,3855.4795,3844.4365,0.09545858566474587,tp,11.04300000000012,21.94600000000024,0.0,21.94600000000024,2025,2025-10-03
h04_r30_t3,1,1759468405000000000,1759494830000000000,3848.3985000000002,3868.5285000000003,0.1745142826676247,tp,20.13000000000011,40.12000000000022,0.0,40.12000000000022,2025,2025-10-03
h05_r60_t2,1,1759472025000000000,1759499120000000000,3859.3185000000003,3890.124500000001,0.3995451778777634,tp,30.806000000000495,61.47200000000099,0.0,61.47200000000099,2025,2025-10-03
h06_r60_t3,1,1759475000000000000,1759507045000000000,3861.0935,3891.606500000001,0.2635478316253065,tp,30.51300000000083,60.88600000000166,0.0,60.88600000000166,2025,2025-10-03
h13_r30_t3,1,1759498490000000000,1759500845000000000,3884.5735,3870.0785,0.37347875686584175,sl,-14.49499999999989,-29.129999999999782,0.0,-29.129999999999782,2025,2025-10-03
h14_r15_t2,1,1759505040000000000,1759524780000000000,3886.0485,3886.514,0.5102493985182824,forced_close,0.4655000000002474,0.7910000000004948,0.0,0.7910000000004948,2025,2025-10-03
h00_r30_t1,1,1759714965000000000,1759716050000000000,3910.1705,3921.2995,0.2851835864533031,tp,11.128999999999905,22.11799999999981,0.0,22.11799999999981,2025,2025-10-06
h01_r60_t3,1,1759716010000000000,1759783980000000000,3918.4184999999998,3961.73,0.47642122057604985,forced_close,43.31150000000025,86.4830000000005,0.0,86.4830000000005,2025,2025-10-06
h02_r15_t3,1,1759720285000000000,1759737935000000000,3924.7375,3946.1245,0.18168188391549323,tp,21.386999999999716,42.63399999999943,0.0,42.63399999999943,2025,2025-10-06
h04_r30_t3,1,1759725240000000000,1759729345000000000,3934.5715,3928.8105,0.14644736760157587,sl,-5.760999999999967,-11.661999999999935,0.0,-11.661999999999935,2025,2025-10-06
h05_r60_t2,-1,1759730760000000000,1759737720000000000,3927.4435000000003,3945.2855,0.45367900951410406,sl,-17.841999999999643,-35.82399999999929,0.0,-35.82399999999929,2025,2025-10-06
h06_r60_t3,1,1759734075000000000,1759783980000000000,3934.9055,3961.73,0.3145863794035643,forced_close,26.82450000000017,53.50900000000034,0.0,53.50900000000034,2025,2025-10-06
h13_r30_t3,-1,1759757425000000000,1759757840000000000,3930.8865,3937.2365,0.161442805453917,sl,-6.349999999999909,-12.839999999999819,0.0,-12.839999999999819,2025,2025-10-06
h14_r15_t2,1,1759761195000000000,1759783980000000000,3950.2775,3961.73,0.25135443317676376,forced_close,11.452499999999873,22.764999999999745,0.0,22.764999999999745,2025,2025-10-06
h00_r30_t1,1,1759797160000000000,1759797815000000000,3977.4075000000003,3966.6535000000003,0.27059278666662234,sl,-10.753999999999905,-21.64799999999981,0.0,-21.64799999999981,2025,2025-10-07
h01_r60_t3,1,1759803575000000000,1759820040000000000,3963.8295,3955.8845,0.20071943200315867,sl,-7.944999999999709,-16.02999999999942,0.0,-16.02999999999942,2025,2025-10-07
h02_r15_t3,1,1759803380000000000,1759812470000000000,3962.1324999999997,3976.151499999999,0.1179622891752188,tp,14.018999999999323,27.897999999998646,0.0,27.897999999998646,2025,2025-10-07
h04_r30_t3,1,1759811610000000000,1759813515000000000,3975.7315,3971.5325000000003,0.10567072283026446,sl,-4.198999999999614,-8.53799999999923,0.0,-8.53799999999923,2025,2025-10-07
h05_r60_t2,-1,1759817115000000000,1759841550000000000,3960.1875,3976.8585000000003,0.42047226518682784,sl,-16.671000000000276,-33.48200000000055,0.0,-33.48200000000055,2025,2025-10-07
h06_r60_t3,-1,1759820405000000000,1759837490000000000,3953.8725,3966.4725,0.3185621218259907,sl,-12.599999999999909,-25.33999999999982,0.0,-25.33999999999982,2025,2025-10-07
h13_r30_t3,-1,1759843860000000000,1759847785000000000,3977.4755,3985.7225,0.20705922051881914,sl,-8.246999999999844,-16.633999999999688,0.0,-16.633999999999688,2025,2025-10-07
h14_r15_t2,-1,1759846525000000000,1759847465000000000,3969.4184999999998,3980.5945,0.2813913007134207,sl,-11.176000000000386,-22.492000000000772,0.0,-22.492000000000772,2025,2025-10-07
h00_r30_t1,-1,1759883420000000000,1759885245000000000,3994.2315,3989.1354999999994,0.12744611956452886,tp,5.096000000000458,10.052000000000916,0.0,10.052000000000916,2025,2025-10-08
h01_r60_t3,1,1759888800000000000,1759935940000000000,4000.8925,4049.8944999999994,0.4082791125390812,tp,49.0019999999995,97.863999999999,0.0,97.863999999999,2025,2025-10-08
h02_r15_t3,1,1759889700000000000,1759901030000000000,4004.8195,4032.2965000000004,0.22870647001589522,tp,27.477000000000317,54.81400000000063,0.0,54.81400000000063,2025,2025-10-08
h04_r30_t3,1,1759898860000000000,1759916760000000000,4021.6165,4042.1755000000003,0.17052954362755793,tp,20.559000000000196,40.97800000000039,0.0,40.97800000000039,2025,2025-10-08
h05_r60_t2,-1,1759904235000000000,1759907410000000000,4024.6105,4037.0744999999997,0.3093429948417587,sl,-12.463999999999942,-25.067999999999884,0.0,-25.067999999999884,2025,2025-10-08
h06_r60_t3,1,1759906935000000000,1759956780000000000,4033.2525,4043.137,0.29434565883559055,forced_close,9.884500000000116,19.629000000000232,0.0,19.629000000000232,2025,2025-10-08
h13_r30_t3,-1,1759930200000000000,1759935610000000000,4038.2974999999997,4049.5155,0.2777588981949832,sl,-11.218000000000302,-22.576000000000604,0.0,-22.576000000000604,2025,2025-10-08
h14_r15_t2,1,1759933620000000000,1759950500000000000,4045.0525,4035.6655,0.23220018144117024,sl,-9.386999999999716,-18.913999999999433,0.0,-18.913999999999433,2025,2025-10-08
h00_r30_t1,1,1759969810000000000,1759971860000000000,4027.8985000000002,4008.7335000000003,0.4758859418227255,sl,-19.164999999999964,-38.46999999999993,0.0,-38.46999999999993,2025,2025-10-09
h01_r60_t3,-1,1759976240000000000,1759983780000000000,4008.2844999999998,4036.4275,0.7001018820757581,sl,-28.14300000000003,-56.42600000000006,0.0,-56.42600000000006,2025,2025-10-09
h02_r15_t3,-1,1759976195000000000,1759978495000000000,4010.6835,4021.0575,0.2584680746208791,sl,-10.373999999999796,-20.887999999999593,0.0,-20.887999999999593,2025,2025-10-09
h04_r30_t3,1,1759984200000000000,1759992495000000000,4038.6865,4026.8005000000003,0.2943282383875367,sl,-11.885999999999513,-23.911999999999026,0.0,-23.911999999999026,2025,2025-10-09
h05_r60_t2,-1,1759991240000000000,1760007575000000000,4034.3475,4043.8235,0.23456278706929598,sl,-9.476000000000113,-19.092000000000226,0.0,-19.092000000000226,2025,2025-10-09
h06_r60_t3,1,1760000685000000000,1760017665000000000,4041.1135,4022.7105,0.45707856433666527,sl,-18.402999999999793,-36.945999999999586,0.0,-36.945999999999586,2025,2025-10-09
h13_r30_t3,-1,1760016875000000000,1760017665000000000,4048.7865,4020.9915000000005,0.22844918509721968,tp,27.794999999999618,55.449999999999235,0.0,55.449999999999235,2025,2025-10-09
h14_r15_t2,1,1760019525000000000,1760019785000000000,4029.0935,4012.6575000000003,0.40845036996243894,sl,-16.435999999999694,-33.01199999999939,0.0,-33.01199999999939,2025,2025-10-09
h00_r30_t1,1,1760057290000000000,1760058550000000000,3993.2495,3985.5535,0.19280737788855412,sl,-7.695999999999913,-15.531999999999826,0.0,-15.531999999999826,2025,2025-10-10
h01_r60_t3,-1,1760066185000000000,1760085970000000000,3969.9224999999997,3992.4885,0.5679332161275884,sl,-22.56600000000026,-45.27200000000052,0.0,-45.27200000000052,2025,2025-10-10
h02_r15_t3,1,1760062500000000000,1760065540000000000,3982.2664999999997,3973.2835,0.22558429232187763,sl,-8.98299999999972,-18.10599999999944,0.0,-18.10599999999944,2025,2025-10-10
h04_r30_t3,1,1760071590000000000,1760109985000000000,3964.6724999999997,4017.8234999999986,0.44750120324199405,tp,53.15099999999893,106.16199999999786,0.0,106.16199999999786,2025,2025-10-10
h05_r60_t2,-1,1760079110000000000,1760083450000000000,3965.7165,3977.9894999999997,0.3087628341424242,sl,-12.272999999999683,-24.685999999999368,0.0,-24.685999999999368,2025,2025-10-10
h06_r60_t3,-1,1760079790000000000,1760083075000000000,3962.7345,3976.2394999999997,0.3403058014894497,sl,-13.504999999999654,-27.14999999999931,0.0,-27.14999999999931,2025,2025-10-10
h13_r30_t3,1,1760103215000000000,1760104595000000000,3994.7905,3979.4735,0.38363390750683435,sl,-15.317000000000007,-30.774000000000015,0.0,-30.774000000000015,2025,2025-10-10
h14_r15_t2,1,1760105915000000000,1760108770000000000,3982.7974999999997,4006.923499999999,0.3030326248043783,tp,24.125999999999294,48.11199999999859,0.0,48.11199999999859,2025,2025-10-10
h00_r30_t1,1,1760315750000000000,1760316320000000000,4041.7705,4059.1615,0.43039449859263834,tp,17.391000000000076,34.64200000000015,0.0,34.64200000000015,2025,2025-10-13
h01_r60_t3,1,1760320900000000000,1760371780000000000,4055.0645,4112.799499999999,0.4748212142075264,tp,57.73499999999922,115.32999999999844,0.0,115.32999999999844,2025,2025-10-13
h02_r15_t3,-1,1760324060000000000,1760327125000000000,4042.6195,4055.9775,0.3298570105171289,sl,-13.358000000000175,-26.85600000000035,0.0,-26.85600000000035,2025,2025-10-13
h04_r30_t3,1,1760329970000000000,1760333620000000000,4057.3665,4076.3025,0.15559178306778085,tp,18.935999999999694,37.73199999999939,0.0,37.73199999999939,2025,2025-10-13
h05_r60_t2,1,1760345540000000000,1760388780000000000,4078.2865,4111.52,0.5756520564371813,forced_close,33.23350000000028,66.32700000000055,0.0,66.32700000000055,2025,2025-10-13
h06_r60_t3,1,1760340255000000000,1760371945000000000,4073.7245000000003,4115.4395,0.3416779668576107,tp,41.715000000000146,83.29000000000029,0.0,83.29000000000029,2025,2025-10-13
h13_r30_t3,1,1760362210000000000,1760388780000000000,4093.0065,4111.52,0.3599556379790305,forced_close,18.513500000000477,36.88700000000095,0.0,36.88700000000095,2025,2025-10-13
h14_r15_t2,-1,1760365000000000000,1760365435000000000,4091.093,4096.7305,0.13700810893989449,sl,-5.637499999999818,-11.414999999999637,0.0,-11.414999999999637,2025,2025-10-13
h00_r30_t1,1,1760403120000000000,1760404325000000000,4129.7675,4139.8875,0.24525821000040085,tp,10.11999999999989,20.09999999999978,0.0,20.09999999999978,2025,2025-10-14
h01_r60_t3,1,1760411195000000000,1760420690000000000,4150.0495,4123.1314999999995,0.6506099256565062,sl,-26.918000000000575,-53.97600000000115,0.0,-53.97600000000115,2025,2025-10-14
h02_r15_t3,1,1760409080000000000,1760413710000000000,4143.7465,4163.831500000002,0.1616545506239061,tp,20.085000000001855,40.03000000000371,0.0,40.03000000000371,2025,2025-10-14
h04_r30_t3,-1,1760416635000000000,1760417795000000000,4157.8575,4169.3415,0.27579227539074785,sl,-11.484000000000378,-23.108000000000757,0.0,-23.108000000000757,2025,2025-10-14
h05_r60_t2,-1,1760422470000000000,1760475180000000000,4111.1595,4143.893,1.6660990790765131,forced_close,-32.73350000000028,-65.60700000000055,0.0,-65.60700000000055,2025,2025-10-14
h06_r60_t3,1,1760429500000000000,1760475180000000000,4134.021,4143.856,1.053304928420917,forced_close,9.835000000000036,19.530000000000072,0.0,19.530000000000072,2025,2025-10-14
h13_r30_t3,1,1760449195000000000,1760475180000000000,4120.1085,4143.856,0.5417105836945486,forced_close,23.74749999999949,47.35499999999898,0.0,47.35499999999898,2025,2025-10-14
h14_r15_t2,1,1760452505000000000,1760475180000000000,4137.5064999999995,4143.856,0.39398727384098314,forced_close,6.349500000000262,12.559000000000523,0.0,12.559000000000523,2025,2025-10-14
h00_r30_t1,1,1760490150000000000,1760491555000000000,4169.7375,4185.5525,0.38052377539736587,tp,15.8149999999996,31.4899999999992,0.0,31.4899999999992,2025,2025-10-15
h01_r60_t3,1,1760500005000000000,1760561580000000000,4186.8634999999995,4208.681,0.5915267193188013,forced_close,21.81750000000011,43.49500000000022,0.0,43.49500000000022,2025,2025-10-15
h02_r15_t3,-1,1760495425000000000,1760497895000000000,4177.9165,4184.7225,0.16282882912410088,sl,-6.805999999999585,-13.751999999999171,0.0,-13.751999999999171,2025,2025-10-15
h04_r30_t3,1,1760505045000000000,1760520075000000000,4187.6595,4173.3605,0.3423671507589883,sl,-14.298999999999978,-28.737999999999957,0.0,-28.737999999999957,2025,2025-10-15
h05_r60_t2,1,1760510580000000000,1760520075000000000,4193.8225,4176.6185000000005,0.4109842492269195,sl,-17.203999999999724,-34.54799999999945,0.0,-34.54799999999945,2025,2025-10-15
h06_r60_t3,1,1760512165000000000,1760520075000000000,4200.4475,4184.2645,0.38536186879670187,sl,-16.182999999999993,-32.505999999999986,0.0,-32.505999999999986,2025,2025-10-15
h13_r30_t3,1,1760535780000000000,1760543430000000000,4197.8585,4182.8865000000005,0.3569578711272831,sl,-14.971999999999753,-30.083999999999506,0.0,-30.083999999999506,2025,2025-10-15
h14_r15_t2,-1,1760540245000000000,1760556825000000000,4191.8155,4212.4645,0.4906317468844941,sl,-20.649000000000342,-41.438000000000685,0.0,-41.438000000000685,2025,2025-10-15
h00_r30_t1,1,1760574635000000000,1760592830000000000,4225.2705000000005,4205.0305,0.4792450091569346,sl,-20.24000000000069,-40.62000000000138,0.0,-40.62000000000138,2025,2025-10-16
h01_r60_t3,1,1760580315000000000,1760592785000000000,4233.0525,4210.7595,0.5269872030732685,sl,-22.292999999999665,-44.72599999999933,0.0,-44.72599999999933,2025,2025-10-16
h02_r15_t3,-1,1760581930000000000,1760582460000000000,4229.5365,4234.7185,0.12237388812329272,sl,-5.181999999999789,-10.503999999999579,0.0,-10.503999999999579,2025,2025-10-16
h04_r30_t3,1,1760589455000000000,1760590275000000000,4239.2185,4230.461499999999,0.20661958955209692,sl,-8.757000000000517,-17.654000000001034,0.0,-17.654000000001034,2025,2025-10-16
h05_r60_t2,1,1760601715000000000,1760644195000000000,4234.954,4297.4619999999995,0.7432524583941857,tp,62.50799999999981,124.87599999999962,0.0,124.87599999999962,2025,2025-10-16
h06_r60_t3,1,1760598560000000000,1760644345000000000,4227.3045,4297.996500000001,0.5579986215795455,tp,70.69200000000092,141.24400000000185,0.0,141.24400000000185,2025,2025-10-16
h13_r30_t3,1,1760621945000000000,1760644980000000000,4254.8645,4314.879499999997,0.47052968282581237,tp,60.0149999999976,119.8899999999952,0.0,119.8899999999952,2025,2025-10-16
h14_r15_t2,1,1760625045000000000,1760644470000000000,4265.7985,4306.4505,0.4765367319065916,tp,40.652000000000044,81.16400000000009,0.0,81.16400000000009,2025,2025-10-16
h00_r30_t1,-1,1760661370000000000,1760661800000000000,4355.0685,4366.9055,0.2716176324979135,sl,-11.836999999999534,-23.81399999999907,0.0,-23.81399999999907,2025,2025-10-17
h01_r60_t3,1,1760673110000000000,1760708130000000000,4362.3315,4278.9455,1.9328513451508271,sl,-83.38600000000042,-166.91200000000083,0.0,-166.91200000000083,2025,2025-10-17
h02_r15_t3,1,1760668225000000000,1760685625000000000,4335.9685,4312.297500000001,0.546923511923142,sl,-23.670999999999367,-47.481999999998735,0.0,-47.481999999998735,2025,2025-10-17
h04_r30_t3,1,1760677185000000000,1760679100000000000,4376.6895,4355.1134999999995,0.49502139391336436,sl,-21.57600000000093,-43.29200000000186,0.0,-43.29200000000186,2025,2025-10-17
h05_r60_t2,-1,1760685595000000000,1760708135000000000,4342.1855,4269.2334999999985,0.8355471767698041,tp,72.95200000000114,145.76400000000228,0.0,145.76400000000228,2025,2025-10-17
h06_r60_t3,-1,1760685585000000000,1760708130000000000,4346.8245,4278.286499999998,0.5239776661572481,tp,68.53800000000138,136.93600000000276,0.0,136.93600000000276,2025,2025-10-17
h13_r30_t3,-1,1760707930000000000,1760709795000000000,4301.327499999999,4251.698499999998,0.3832663453203725,tp,49.629000000001724,99.11800000000345,0.0,99.11800000000345,2025,2025-10-17
h14_r15_t2,-1,1760710970000000000,1760734380000000000,4217.0125,4247.457,1.3691356606529514,forced_close,-30.444500000000517,-61.029000000001034,0.0,-61.029000000001034,2025,2025-10-17
h00_r30_t1,1,1760921025000000000,1760924690000000000,4242.6935,4266.3595000000005,0.5604819491111512,tp,23.666000000000167,47.192000000000334,0.0,47.192000000000334,2025,2025-10-20
h01_r60_t3,1,1760927445000000000,1760941755000000000,4269.0585,4229.6585,0.9243461394765725,sl,-39.400000000000546,-78.94000000000109,0.0,-78.94000000000109,2025,2025-10-20
h02_r15_t3,1,1760927380000000000,1760928330000000000,4265.5365,4258.8135,0.15771381358827677,sl,-6.722999999999956,-13.585999999999913,0.0,-13.585999999999913,2025,2025-10-20
h04_r30_t3,1,1760935180000000000,1760937020000000000,4267.3544999999995,4260.4565,0.16175285884341145,sl,-6.897999999999229,-13.935999999998458,0.0,-13.935999999998458,2025,2025-10-20
h05_r60_t2,-1,1760940000000000000,1760960990000000000,4239.8715,4266.8665,0.636667245669475,sl,-26.99499999999989,-54.12999999999978,0.0,-54.12999999999978,2025,2025-10-20
h06_r60_t3,1,1760944090000000000,1760964000000000000,4245.8335,4318.769499999999,0.5738826054581848,tp,72.9359999999997,145.7319999999994,0.0,145.7319999999994,2025,2025-10-20
h13_r30_t3,-1,1760967030000000000,1760970010000000000,4313.6675,4325.3505000000005,0.2704302683759636,sl,-11.683000000000902,-23.506000000001805,0.0,-23.506000000001805,2025,2025-10-20
h14_r15_t2,1,1760969705000000000,1760987270000000000,4316.9635,4365.513499999999,0.5623924952862621,tp,48.54999999999927,96.95999999999854,0.0,96.95999999999854,2025,2025-10-20
h00_r30_t1,1,1761006610000000000,1761009410000000000,4370.4695,4356.2165,0.32625172748263254,sl,-14.252999999999702,-28.645999999999404,0.0,-28.645999999999404,2025,2025-10-21
h01_r60_t3,-1,1761023525000000000,1761050760000000000,4332.9465,4214.737499999999,0.9056411054369896,tp,118.20900000000074,236.2780000000015,0.0,236.2780000000015,2025,2025-10-21
h02_r15_t3,1,1761013200000000000,1761014125000000000,4351.1735,4341.1134999999995,0.23149077643871233,sl,-10.0600000000004,-20.2600000000008,0.0,-20.2600000000008,2025,2025-10-21
h04_r30_t3,-1,1761021015000000000,1761024675000000000,4342.1905,4327.406499999997,0.11347069627329567,tp,14.78400000000238,29.428000000004758,0.0,29.428000000004758,2025,2025-10-21
h05_r60_t2,1,1761029580000000000,1761031995000000000,4344.3165,4317.2315,0.626475185996748,sl,-27.085000000000036,-54.31000000000007,0.0,-54.31000000000007,2025,2025-10-21
h06_r60_t3,-1,1761031995000000000,1761048640000000000,4317.2955,4236.0015,0.6239059973648953,tp,81.29399999999987,162.44799999999975,0.0,162.44799999999975,2025,2025-10-21
h13_r30_t3,1,1761053835000000000,1761054475000000000,4211.3994999999995,4189.797500000001,0.514207658532955,sl,-21.601999999998952,-43.343999999997905,0.0,-43.343999999997905,2025,2025-10-21
h14_r15_t2,-1,1761056435000000000,1761057530000000000,4165.4025,4119.0965,0.553640383394716,tp,46.306000000000495,92.47200000000099,0.0,92.47200000000099,2025,2025-10-21
h01_r60_t3,1,1761103550000000000,1761120915000000000,4121.2315,4064.4485,1.3892597884977154,sl,-56.7829999999999,-113.7059999999998,0.0,-113.7059999999998,2025,2025-10-22
h02_r15_t3,1,1761103510000000000,1761120835000000000,4117.9565,4087.2505,0.7461343758706016,sl,-30.70600000000013,-61.55200000000026,0.0,-61.55200000000026,2025,2025-10-22
h04_r30_t3,1,1761109460000000000,1761120585000000000,4133.5395,4107.6485,0.6270398745871723,sl,-25.89099999999962,-51.921999999999244,0.0,-51.921999999999244,2025,2025-10-22
h05_r60_t2,1,1761114690000000000,1761120140000000000,4147.1155,4126.5045,0.49842867163112065,sl,-20.610999999999876,-41.36199999999975,0.0,-41.36199999999975,2025,2025-10-22
h06_r60_t3,-1,1761120140000000000,1761130615000000000,4127.7744999999995,4026.776499999999,0.810101118262471,tp,100.9980000000005,201.85600000000102,0.0,201.85600000000102,2025,2025-10-22
h13_r30_t3,1,1761140220000000000,1761144090000000000,4068.7165,4033.4965,0.8690797489242869,sl,-35.2199999999998,-70.5799999999996,0.0,-70.5799999999996,2025,2025-10-22
h14_r15_t2,-1,1761142930000000000,1761144865000000000,4056.2255,4011.7115,0.5475786613833554,tp,44.514000000000124,88.88800000000025,0.0,88.88800000000025,2025,2025-10-22
h00_r30_t1,1,1761189645000000000,1761199790000000000,4096.9505,4127.8645,0.758405875695176,tp,30.91399999999976,61.68799999999952,0.0,61.68799999999952,2025,2025-10-23
h01_r60_t3,1,1761189440000000000,1761252780000000000,4092.8805,4121.808,0.5159356126299774,forced_close,28.92749999999978,57.71499999999956,0.0,57.71499999999956,2025,2025-10-23
h02_r15_t3,-1,1761185925000000000,1761186235000000000,4072.2974999999997,4079.1825,0.1689241616387145,sl,-6.885000000000218,-13.910000000000437,0.0,-13.910000000000437,2025,2025-10-23
h04_r30_t3,1,1761196310000000000,1761200000000000000,4093.0715,4133.0765,0.32647914824075325,tp,40.00500000000011,79.87000000000022,0.0,79.87000000000022,2025,2025-10-23
h05_r60_t2,1,1761199200000000000,1761252780000000000,4110.5965,4121.808,0.6483881590031362,forced_close,11.211500000000342,22.283000000000683,0.0,22.283000000000683,2025,2025-10-23
h06_r60_t3,-1,1761204900000000000,1761225485000000000,4110.1695,4137.7925,0.6714862409496145,sl,-27.622999999999593,-55.385999999999186,0.0,-55.385999999999186,2025,2025-10-23
h13_r30_t3,1,1761227100000000000,1761238000000000000,4149.9845000000005,4125.8395,0.5821989857030407,sl,-24.145000000000437,-48.430000000000874,0.0,-48.430000000000874,2025,2025-10-23
h14_r15_t2,-1,1761228900000000000,1761250245000000000,4140.3915,4111.675499999999,0.3466172290103551,tp,28.71600000000035,57.2920000000007,0.0,57.2920000000007,2025,2025-10-23
h00_r30_t1,1,1761265800000000000,1761270705000000000,4133.3065,4117.9835,0.3707597065522556,sl,-15.32299999999941,-30.785999999998822,0.0,-30.785999999998822,2025,2025-10-24
h01_r60_t3,-1,1761271650000000000,1761339180000000000,4112.1945,4113.389,0.7813318426775697,forced_close,-1.1945000000005166,-2.5290000000010333,0.0,-2.5290000000010333,2025,2025-10-24
h02_r15_t3,-1,1761272530000000000,1761275720000000000,4111.6515,4119.172500000001,0.1827916521500048,sl,-7.52100000000064,-15.182000000001281,0.0,-15.182000000001281,2025,2025-10-24
h04_r30_t3,-1,1761280225000000000,1761293750000000000,4105.0535,4050.1295,0.4457660081505445,tp,54.92399999999998,109.70799999999996,0.0,109.70799999999996,2025,2025-10-24
h05_r60_t2,-1,1761285635000000000,1761292495000000000,4102.9805,4072.7784999999985,0.36789260586049605,tp,30.202000000001135,60.26400000000227,0.0,60.26400000000227,2025,2025-10-24
h06_r60_t3,-1,1761292280000000000,1761311235000000000,4081.4714999999997,4104.9365,0.5733945654706544,sl,-23.465000000000146,-47.07000000000029,0.0,-47.07000000000029,2025,2025-10-24
h13_r30_t3,1,1761315125000000000,1761339180000000000,4122.404500000001,4113.352,1.0510228574380271,forced_close,-9.052500000000691,-18.245000000001383,0.0,-18.245000000001383,2025,2025-10-24
h14_r15_t2,1,1761322130000000000,1761329565000000000,4135.2445,4102.2654999999995,0.7980861806752082,sl,-32.97900000000027,-66.09800000000054,0.0,-66.09800000000054,2025,2025-10-24
h00_r30_t1,1,1761525135000000000,1761527150000000000,4072.7245000000003,4087.2615000000005,0.3573707376619335,tp,14.537000000000262,28.934000000000523,0.0,28.934000000000523,2025,2025-10-27
h01_r60_t3,-1,1761530815000000000,1761574035000000000,4075.1285,4006.8454999999985,0.5576143288827103,tp,68.28300000000127,136.42600000000255,0.0,136.42600000000255,2025,2025-10-27
h02_r15_t3,-1,1761531980000000000,1761542845000000000,4071.5445,4082.2375,0.26216066430380164,sl,-10.693000000000211,-21.526000000000423,0.0,-21.526000000000423,2025,2025-10-27
h04_r30_t3,1,1761540880000000000,1761555185000000000,4069.6035,4053.8845,0.3869094686240654,sl,-15.719000000000051,-31.578000000000102,0.0,-31.578000000000102,2025,2025-10-27
h05_r60_t2,1,1761545280000000000,1761549700000000000,4084.6205,4068.6075,0.3925109412455493,sl,-16.01299999999992,-32.16599999999984,0.0,-32.16599999999984,2025,2025-10-27
h06_r60_t3,-1,1761548700000000000,1761555195000000000,4073.9085,4041.0495,0.26856564539551336,tp,32.858999999999924,65.57799999999985,0.0,65.57799999999985,2025,2025-10-27
h13_r30_t3,-1,1761571800000000000,1761577630000000000,4031.6375,3975.5674999999983,0.46330788693057806,tp,56.07000000000153,112.00000000000306,0.0,112.00000000000306,2025,2025-10-27
h14_r15_t2,-1,1761574585000000000,1761598380000000000,4000.1225,3980.517,0.5807152933221502,forced_close,19.60550000000012,39.07100000000024,0.0,39.07100000000024,2025,2025-10-27
h00_r30_t1,1,1761698160000000000,1761705135000000000,3972.2574999999997,3959.2415,0.3277772454447342,sl,-13.015999999999622,-26.171999999999244,0.0,-26.171999999999244,2025,2025-10-29
h01_r60_t3,-1,1761703945000000000,1761720225000000000,3966.2325,3979.7844999999998,0.3410270344198918,sl,-13.55199999999968,-27.24399999999936,0.0,-27.24399999999936,2025,2025-10-29
h02_r15_t3,-1,1761704120000000000,1761719580000000000,3965.4535,3974.6175000000003,0.2310262681455192,sl,-9.164000000000215,-18.46800000000043,0.0,-18.46800000000043,2025,2025-10-29
h04_r30_t3,-1,1761714000000000000,1761716090000000000,3951.2185,3965.0065,0.348741962943258,sl,-13.788000000000011,-27.716000000000022,0.0,-27.716000000000022,2025,2025-10-29
h05_r60_t2,1,1761717900000000000,1761722200000000000,3966.4815,3997.7855,0.39498396607862063,tp,31.304000000000087,62.468000000000174,0.0,62.468000000000174,2025,2025-10-29
h06_r60_t3,1,1761721795000000000,1761762985000000000,3985.0465,3959.9015,0.6320379257945494,sl,-25.144999999999982,-50.429999999999964,0.0,-50.429999999999964,2025,2025-10-29
h13_r30_t3,-1,1761744860000000000,1761762985000000000,4009.9314999999997,3963.0684999999994,0.3887005852157192,tp,46.863000000000284,93.58600000000057,0.0,93.58600000000057,2025,2025-10-29
h14_r15_t2,-1,1761748710000000000,1761753095000000000,4011.7635,3990.3154999999997,0.266954066301148,tp,21.44800000000032,42.75600000000064,0.0,42.75600000000064,2025,2025-10-29
h00_r30_t1,-1,1761784580000000000,1761785135000000000,3952.0625,3939.7915000000003,0.3098906013698405,tp,12.27099999999973,24.40199999999946,0.0,24.40199999999946,2025,2025-10-30
h01_r60_t3,-1,1761789650000000000,1761798855000000000,3945.2035,3966.4494999999997,0.5381379227283395,sl,-21.24599999999964,-42.63199999999928,0.0,-42.63199999999928,2025,2025-10-30
h02_r15_t3,-1,1761792750000000000,1761797935000000000,3926.5005,3948.3265,0.5544534032162419,sl,-21.826000000000022,-43.792000000000044,0.0,-43.792000000000044,2025,2025-10-30
h04_r30_t3,1,1761798600000000000,1761857580000000000,3959.502,4025.998,0.6195551987161967,forced_close,66.4960000000001,132.8520000000002,0.0,132.8520000000002,2025,2025-10-30
h05_r60_t2,1,1761814825000000000,1761857580000000000,3978.5525,4025.998,0.7913795658878471,forced_close,47.445500000000266,94.75100000000053,0.0,94.75100000000053,2025,2025-10-30
h06_r60_t3,1,1761807600000000000,1761811035000000000,3977.2574999999997,3956.4105,0.5242022021923796,sl,-20.846999999999753,-41.833999999999506,0.0,-41.833999999999506,2025,2025-10-30
h13_r30_t3,1,1761831130000000000,1761857580000000000,3977.9795,4025.998,0.4497318876987663,forced_close,48.01850000000013,95.89700000000026,0.0,95.89700000000026,2025,2025-10-30
h14_r15_t2,-1,1761834990000000000,1761846410000000000,3991.9165000000003,4014.8855000000003,0.5726442870262013,sl,-22.96900000000005,-46.0780000000001,0.0,-46.0780000000001,2025,2025-10-30
h00_r30_t1,1,1762132260000000000,1762141225000000000,3987.8775,4013.3685,0.6419736856519973,tp,25.490999999999985,50.84199999999997,0.0,50.84199999999997,2025,2025-11-03
h01_r60_t3,1,1762136460000000000,1762206780000000000,4001.9255000000003,4001.774,0.9128650330875429,forced_close,-0.15150000000039654,-0.4430000000007931,0.0,-0.4430000000007931,2025,2025-11-03
h02_r15_t3,1,1762136345000000000,1762156235000000000,3998.8365000000003,4024.039500000001,0.21027409595092322,tp,25.203000000000884,50.26600000000177,0.0,50.26600000000177,2025,2025-11-03
h04_r30_t3,-1,1762146205000000000,1762147855000000000,4001.8455000000004,4014.5735,0.3177639087557117,sl,-12.72799999999961,-25.595999999999222,0.0,-25.595999999999222,2025,2025-11-03
h05_r60_t2,1,1762151070000000000,1762163045000000000,4018.7785000000003,3997.7405,0.5240979035212057,sl,-21.038000000000466,-42.21600000000093,0.0,-42.21600000000093,2025,2025-11-03
h06_r60_t3,1,1762153285000000000,1762162015000000000,4018.8325,4010.1855,0.2152360595945247,sl,-8.646999999999935,-17.43399999999987,0.0,-17.43399999999987,2025,2025-11-03
h13_r30_t3,-1,1762176675000000000,1762177005000000000,4011.8785,4019.7785000000003,0.19678530038716996,sl,-7.900000000000546,-15.940000000001092,0.0,-15.940000000001092,2025,2025-11-03
h14_r15_t2,-1,1762180075000000000,1762181280000000000,4012.6135,4020.9945,0.20867623549664327,sl,-8.380999999999858,-16.901999999999717,0.0,-16.901999999999717,2025,2025-11-03
h00_r30_t1,-1,1762216395000000000,1762216870000000000,3990.4295,3981.5095,0.22337915819864926,tp,8.920000000000073,17.700000000000145,0.0,17.700000000000145,2025,2025-11-04
h01_r60_t3,-1,1762221780000000000,1762227035000000000,3979.6594999999998,3994.6425,0.37575011150497223,sl,-14.983000000000175,-30.10600000000035,0.0,-30.10600000000035,2025,2025-11-04
h02_r15_t3,1,1762225200000000000,1762235100000000000,3987.4945,3975.5474999999997,0.30038090068259193,sl,-11.947000000000116,-24.034000000000233,0.0,-24.034000000000233,2025,2025-11-04
h04_r30_t3,-1,1762231500000000000,1762240820000000000,3987.9615000000003,3995.2515000000003,0.18261447566662023,sl,-7.289999999999964,-14.719999999999928,0.0,-14.719999999999928,2025,2025-11-04
h05_r60_t2,-1,1762236000000000000,1762239345000000000,3972.9175,3987.2275,0.3601368520037601,sl,-14.309999999999945,-28.75999999999989,0.0,-28.75999999999989,2025,2025-11-04
h06_r60_t3,1,1762240170000000000,1762265140000000000,3988.0834999999997,3966.8535,0.5327300911575604,sl,-21.229999999999563,-42.59999999999913,0.0,-42.59999999999913,2025,2025-11-04
h13_r30_t3,-1,1762263245000000000,1762266785000000000,3982.9645,3943.4845000000005,0.33032580390469335,tp,39.47999999999956,78.81999999999913,0.0,78.81999999999913,2025,2025-11-04
h14_r15_t2,1,1762265760000000000,1762266555000000000,3976.7445,3964.3755,0.311105594430123,sl,-12.368999999999687,-24.877999999999375,0.0,-24.877999999999375,2025,2025-11-04
h00_r30_t1,-1,1762303065000000000,1762304695000000000,3933.1565,3943.2035,0.25507370594269496,sl,-10.047000000000025,-20.23400000000005,0.0,-20.23400000000005,2025,2025-11-05
h01_r60_t3,1,1762310935000000000,1762379580000000000,3949.551,3980.306,0.38202959795962294,forced_close,30.75500000000011,61.37000000000022,0.0,61.37000000000022,2025,2025-11-05
h02_r15_t3,1,1762310180000000000,1762319840000000000,3945.3145,3974.669500000001,0.2482183641763015,tp,29.355000000000928,58.570000000001855,0.0,58.570000000001855,2025,2025-11-05
h04_r30_t3,1,1762317095000000000,1762329945000000000,3965.0705,3980.8264999999983,0.13250655499985803,tp,15.755999999998494,31.371999999996987,0.0,31.371999999996987,2025,2025-11-05
h05_r60_t2,-1,1762322650000000000,1762329940000000000,3961.9525000000003,3978.6355000000003,0.4207551878448836,sl,-16.682999999999993,-33.505999999999986,0.0,-33.505999999999986,2025,2025-11-05
h06_r60_t3,1,1762329470000000000,1762337015000000000,3973.6705,3961.8715,0.2974834173606113,sl,-11.798999999999978,-23.737999999999957,0.0,-23.737999999999957,2025,2025-11-05
h13_r30_t3,1,1762350835000000000,1762354810000000000,3977.6625,3964.7295,0.3252559224405585,sl,-12.932999999999993,-26.005999999999986,0.0,-26.005999999999986,2025,2025-11-05
h14_r15_t2,1,1762352295000000000,1762354045000000000,3980.8075,3973.7515000000003,0.1773117146728732,sl,-7.055999999999585,-14.251999999999171,0.0,-14.251999999999171,2025,2025-11-05
h00_r30_t1,-1,1762389645000000000,1762390740000000000,3970.4714999999997,3975.4645,0.12565338565159115,sl,-4.993000000000393,-10.126000000000786,0.0,-10.126000000000786,2025,2025-11-06
h01_r60_t3,1,1762394570000000000,1762417700000000000,3977.4375,4015.8734999999997,0.32217590950507946,tp,38.435999999999694,76.73199999999939,0.0,76.73199999999939,2025,2025-11-06
h02_r15_t3,1,1762396220000000000,1762412425000000000,3979.6175000000003,3995.505500000001,0.1331505530235817,tp,15.88800000000083,31.63600000000166,0.0,31.63600000000166,2025,2025-11-06
h04_r30_t3,1,1762403910000000000,1762411495000000000,3988.1865,3984.6395,0.08896845131559736,sl,-3.5469999999995707,-7.233999999999141,0.0,-7.233999999999141,2025,2025-11-06
h05_r60_t2,-1,1762408875000000000,1762412135000000000,3985.7075,3991.0045,0.1328309812904422,sl,-5.2970000000000255,-10.734000000000052,0.0,-10.734000000000052,2025,2025-11-06
h06_r60_t3,1,1762412405000000000,1762441410000000000,3993.0095,3982.2565,0.26939149664350814,sl,-10.753000000000156,-21.646000000000313,0.0,-21.646000000000313,2025,2025-11-06
h13_r30_t3,1,1762436195000000000,1762438725000000000,4016.1025,4003.5495,0.312767026437195,sl,-12.552999999999884,-25.245999999999768,0.0,-25.245999999999768,2025,2025-11-06
h14_r15_t2,-1,1762438600000000000,1762441320000000000,4005.1014999999998,3987.543499999999,0.2190147678422368,tp,17.558000000000902,34.976000000001804,0.0,34.976000000001804,2025,2025-11-06
h00_r30_t1,1,1762475425000000000,1762478285000000000,3992.7235,4000.8685,0.20404760810233047,tp,8.144999999999982,16.149999999999963,0.0,16.149999999999963,2025,2025-11-07
h01_r60_t3,1,1762480895000000000,1762488170000000000,4002.8305,3987.2174999999997,0.39015152887648036,sl,-15.613000000000284,-31.366000000000568,0.0,-31.366000000000568,2025,2025-11-07
h02_r15_t3,-1,1762481700000000000,1762498135000000000,3997.9995,4003.4815,0.13711538690012728,sl,-5.481999999999971,-11.103999999999942,0.0,-11.103999999999942,2025,2025-11-07
h04_r30_t3,1,1762491035000000000,1762526245000000000,3998.113,3985.4674999999997,0.3161820739327178,sl,-12.645500000000084,-25.431000000000168,0.0,-25.431000000000168,2025,2025-11-07
h05_r60_t2,1,1762496610000000000,1762506950000000000,3998.9375,4012.8035,0.17353152420524462,tp,13.865999999999985,27.59199999999997,0.0,27.59199999999997,2025,2025-11-07
h06_r60_t3,1,1762498875000000000,1762519795000000000,4008.5515,3992.5155,0.4002230727004128,sl,-16.036000000000058,-32.21200000000012,0.0,-32.21200000000012,2025,2025-11-07
h13_r30_t3,-1,1762522365000000000,1762524665000000000,3992.1255,4002.0834999999997,0.24912603868707797,sl,-9.957999999999629,-20.05599999999926,0.0,-20.05599999999926,2025,2025-11-07
h14_r15_t2,1,1762525025000000000,1762525865000000000,4004.1825,3995.5315,0.21611472391787043,sl,-8.65099999999984,-17.44199999999968,0.0,-17.44199999999968,2025,2025-11-07
h00_r30_t1,1,1762734630000000000,1762735675000000000,4017.3275000000003,4023.4435000000003,0.15226912996093026,tp,6.1159999999999854,12.09199999999997,0.0,12.09199999999997,2025,2025-11-10
h01_r60_t3,1,1762747420000000000,1762811580000000000,4053.3355,4115.901,0.8463026588492871,forced_close,62.5654999999997,124.9909999999994,0.0,124.9909999999994,2025,2025-11-10
h02_r15_t3,1,1762741130000000000,1762756510000000000,4047.3375,4075.8855000000003,0.23526855066933425,tp,28.54800000000023,56.95600000000046,0.0,56.95600000000046,2025,2025-11-10
h04_r30_t3,-1,1762750015000000000,1762752605000000000,4050.1634999999997,4056.9165000000003,0.16658096697132369,sl,-6.753000000000611,-13.646000000001223,0.0,-13.646000000001223,2025,2025-11-10
h05_r60_t2,1,1762754405000000000,1762798685000000000,4069.9445,4109.524500000001,0.4863206647086977,tp,39.58000000000129,79.02000000000258,0.0,79.02000000000258,2025,2025-11-10
h06_r60_t3,1,1762758820000000000,1762799350000000000,4078.7505,4113.736500000001,0.2861717946065932,tp,34.986000000000786,69.83200000000157,0.0,69.83200000000157,2025,2025-11-10
h13_r30_t3,-1,1762781985000000000,1762798590000000000,4097.0985,4105.9865,0.21667096327526925,sl,-8.88799999999992,-17.91599999999984,0.0,-17.91599999999984,2025,2025-11-10
h14_r15_t2,-1,1762784195000000000,1762788200000000000,4084.1585,4094.2555,0.24706731440374566,sl,-10.097000000000207,-20.334000000000415,0.0,-20.334000000000415,2025,2025-11-10
h00_r30_t1,1,1762821000000000000,1762823755000000000,4126.2955,4136.315500000001,0.24290823704984396,tp,10.020000000000437,19.900000000000873,0.0,19.900000000000873,2025,2025-11-11
h01_r60_t3,1,1762830580000000000,1762839375000000000,4141.2135,4128.0905,0.3172610385288447,sl,-13.122999999999593,-26.385999999999186,0.0,-26.385999999999186,2025,2025-11-11
h02_r15_t3,1,1762827770000000000,1762828295000000000,4137.2895,4130.5025000000005,0.16414660393444808,sl,-6.786999999999352,-13.713999999998705,0.0,-13.713999999998705,2025,2025-11-11
h04_r30_t3,-1,1762836160000000000,1762872580000000000,4142.36,4122.829999999999,0.15708858625943525,tp,19.530000000000655,38.92000000000131,0.0,38.92000000000131,2025,2025-11-11
h05_r60_t2,1,1762853420000000000,1762871610000000000,4144.6145,4124.6255,0.48386563838661534,sl,-19.988999999999578,-40.11799999999916,0.0,-40.11799999999916,2025,2025-11-11
h06_r60_t3,-1,1762844695000000000,1762851735000000000,4126.8795,4137.9265,0.2674768209555286,sl,-11.04699999999957,-22.233999999999142,0.0,-22.233999999999142,2025,2025-11-11
h13_r30_t3,1,1762868005000000000,1762870835000000000,4143.8525,4133.9505,0.23908325503328665,sl,-9.902000000000044,-19.944000000000088,0.0,-19.944000000000088,2025,2025-11-11
h14_r15_t2,-1,1762870645000000000,1762871610000000000,4136.9305,4124.112500000001,0.1548259295383704,tp,12.817999999999302,25.495999999998602,0.0,25.495999999998602,2025,2025-11-11
h00_r30_t1,-1,1762908430000000000,1762909140000000000,4139.0585,4132.530500000001,0.15761485838745218,tp,6.527999999999338,12.915999999998675,0.0,12.915999999998675,2025,2025-11-12
h01_r60_t3,-1,1762915260000000000,1762950405000000000,4126.4545,4137.3825,0.2644907494190941,sl,-10.927999999999884,-21.995999999999768,0.0,-21.995999999999768,2025,2025-11-12
h02_r15_t3,-1,1762914600000000000,1762919420000000000,4130.7095,4116.2705,0.11641982784717536,tp,14.439000000000306,28.73800000000061,0.0,28.73800000000061,2025,2025-11-12
h04_r30_t3,-1,1762925405000000000,1762928700000000000,4103.7195,4113.2555,0.23192745554348956,sl,-9.536000000000058,-19.212000000000117,0.0,-19.212000000000117,2025,2025-11-12
h05_r60_t2,1,1762928545000000000,1762950375000000000,4111.1035,4135.4355000000005,0.2963875002238295,tp,24.332000000000335,48.52400000000067,0.0,48.52400000000067,2025,2025-11-12
h06_r60_t3,1,1762931105000000000,1762960575000000000,4119.1415,4166.721499999999,0.385093482899814,tp,47.57999999999902,95.01999999999803,0.0,95.01999999999803,2025,2025-11-12
h13_r30_t3,1,1762954460000000000,1762960300000000000,4131.5154999999995,4157.549499999999,0.21023338497916344,tp,26.03399999999965,51.9279999999993,0.0,51.9279999999993,2025,2025-11-12
h14_r15_t2,-1,1762958070000000000,1762958310000000000,4126.7815,4138.1075,0.2739034641436405,sl,-11.326000000000022,-22.792000000000044,0.0,-22.792000000000044,2025,2025-11-12
h00_r30_t1,1,1762993820000000000,1762994280000000000,4194.2445,4202.6005,0.1992863516633713,tp,8.355999999999767,16.571999999999534,0.0,16.571999999999534,2025,2025-11-13
h01_r60_t3,1,1763005625000000000,1763058680000000000,4209.4595,4179.9735,0.7033176935826108,sl,-29.485999999999876,-59.11199999999975,0.0,-59.11199999999975,2025,2025-11-13
h02_r15_t3,-1,1763000625000000000,1763002970000000000,4188.7275,4195.9425,0.17202710517723252,sl,-7.2150000000001455,-14.570000000000292,0.0,-14.570000000000292,2025,2025-11-13
h04_r30_t3,-1,1763008435000000000,1763020755000000000,4206.7955,4219.6875,0.3062426635795312,sl,-12.891999999999825,-25.92399999999965,0.0,-25.92399999999965,2025,2025-11-13
h05_r60_t2,-1,1763013750000000000,1763018785000000000,4207.452499999999,4217.8525,0.24691167506424855,sl,-10.400000000000546,-20.940000000001092,0.0,-20.940000000001092,2025,2025-11-13
h06_r60_t3,1,1763018620000000000,1763022715000000000,4212.3155,4239.282499999998,0.21349431819867648,tp,26.966999999998734,53.79399999999747,0.0,53.79399999999747,2025,2025-11-13
h13_r30_t3,-1,1763040805000000000,1763058705000000000,4225.9855,4171.835499999999,0.42616773796894075,tp,54.150000000000546,108.16000000000109,0.0,108.16000000000109,2025,2025-11-13
h14_r15_t2,-1,1763043725000000000,1763058680000000000,4213.7985,4176.266499999999,0.4446235111444467,tp,37.53200000000106,74.92400000000212,0.0,74.92400000000212,2025,2025-11-13
h00_r30_t1,-1,1763081580000000000,1763085245000000000,4179.2545,4190.0425,0.2575702752250978,sl,-10.787999999999556,-21.715999999999113,0.0,-21.715999999999113,2025,2025-11-14
h01_r60_t3,1,1763086325000000000,1763101715000000000,4193.9025,4173.7735,0.4803876703918624,sl,-20.128999999999905,-40.39799999999981,0.0,-40.39799999999981,2025,2025-11-14
h02_r15_t3,1,1763086510000000000,1763097315000000000,4194.6865,4188.6314999999995,0.14436897228247564,sl,-6.055000000000291,-12.250000000000583,0.0,-12.250000000000583,2025,2025-11-14
h04_r30_t3,-1,1763096950000000000,1763103150000000000,4196.9575,4170.080500000001,0.2134166132172235,tp,26.876999999999498,53.613999999998995,0.0,53.613999999998995,2025,2025-11-14
h05_r60_t2,-1,1763101010000000000,1763119030000000000,4184.202499999999,4145.056499999999,0.46713854668671423,tp,39.14600000000064,78.15200000000128,0.0,78.15200000000128,2025,2025-11-14
h06_r60_t3,-1,1763104855000000000,1763125915000000000,4169.3225,4097.472500000001,0.5736202009155605,tp,71.84999999999945,143.55999999999892,0.0,143.55999999999892,2025,2025-11-14
h13_r30_t3,-1,1763127310000000000,1763157180000000000,4053.6625,4083.539,1.6085695698757416,forced_close,-29.876500000000306,-59.89300000000061,0.0,-59.89300000000061,2025,2025-11-14
h14_r15_t2,1,1763130060000000000,1763130765000000000,4056.0775000000003,4037.5285000000003,0.45796556777397796,sl,-18.548999999999978,-37.23799999999996,0.0,-37.23799999999996,2025,2025-11-14
h00_r30_t1,1,1763343165000000000,1763348405000000000,4098.4235,4080.5465,0.4374634850621392,sl,-17.876999999999953,-35.893999999999906,0.0,-35.893999999999906,2025,2025-11-17
h01_r60_t3,-1,1763347925000000000,1763408525000000000,4082.5515,4023.745499999999,0.47911650154518415,tp,58.80600000000095,117.4720000000019,0.0,117.4720000000019,2025,2025-11-17
h02_r15_t3,1,1763346605000000000,1763347920000000000,4092.8195,4083.6414999999997,0.2244250392126476,sl,-9.178000000000338,-18.496000000000677,0.0,-18.496000000000677,2025,2025-11-17
h04_r30_t3,-1,1763354770000000000,1763357170000000000,4081.1724999999997,4060.451499999999,0.16915188342798043,tp,20.72100000000046,41.302000000000916,0.0,41.302000000000916,2025,2025-11-17
h05_r60_t2,1,1763364565000000000,1763407935000000000,4078.8395,4049.7285,0.7173075991952897,sl,-29.110999999999876,-58.36199999999975,0.0,-58.36199999999975,2025,2025-11-17
h06_r60_t3,1,1763362945000000000,1763395680000000000,4071.9575,4054.6625,0.4253391984809297,sl,-17.295000000000073,-34.730000000000146,0.0,-34.730000000000146,2025,2025-11-17
h13_r30_t3,-1,1763386210000000000,1763408525000000000,4074.9455,4022.7155000000002,0.427072679257989,tp,52.22999999999956,104.31999999999913,0.0,104.31999999999913,2025,2025-11-17
h14_r15_t2,1,1763388900000000000,1763395435000000000,4074.5795,4060.6805,0.34119601243269976,sl,-13.898999999999887,-27.937999999999775,0.0,-27.937999999999775,2025,2025-11-17
h00_r30_t1,1,1763427545000000000,1763430685000000000,4040.4325,4027.3855000000003,0.32367625973437236,sl,-13.04699999999957,-26.233999999999142,0.0,-26.233999999999142,2025,2025-11-18
h01_r60_t3,-1,1763431255000000000,1763459740000000000,4022.3815,4045.1324999999997,0.5652303696978225,sl,-22.75099999999975,-45.6419999999995,0.0,-45.6419999999995,2025,2025-11-18
h02_r15_t3,1,1763432100000000000,1763434420000000000,4034.4795,4019.2745,0.37689907371568143,sl,-15.204999999999927,-30.549999999999855,0.0,-30.549999999999855,2025,2025-11-18
h04_r30_t3,1,1763443235000000000,1763449285000000000,4018.2245000000003,4004.9575,0.3301951889861669,sl,-13.26700000000028,-26.67400000000056,0.0,-26.67400000000056,2025,2025-11-18
h05_r60_t2,-1,1763447910000000000,1763453635000000000,4008.2115000000003,4025.3064999999997,0.42534773950503524,sl,-17.094999999999345,-34.32999999999869,0.0,-34.32999999999869,2025,2025-11-18
h06_r60_t3,-1,1763449225000000000,1763453150000000000,4007.6475,4020.5195000000003,0.3210676847445657,sl,-12.872000000000298,-25.884000000000597,0.0,-25.884000000000597,2025,2025-11-18
h13_r30_t3,1,1763472800000000000,1763502780000000000,4053.2035,4067.008,0.5453056236741766,forced_close,13.804499999999734,27.46899999999947,0.0,27.46899999999947,2025,2025-11-18
h14_r15_t2,1,1763475325000000000,1763477600000000000,4075.2615,4063.5515,0.2874304880292329,sl,-11.710000000000036,-23.560000000000073,0.0,-23.560000000000073,2025,2025-11-18
h00_r30_t1,-1,1763513435000000000,1763514405000000000,4071.1555,4063.7284999999997,0.1822573332687151,tp,7.427000000000135,14.714000000000269,0.0,14.714000000000269,2025,2025-11-19
h01_r60_t3,-1,1763517790000000000,1763519700000000000,4056.3835,4070.4845,0.3473795703810721,sl,-14.101000000000113,-28.342000000000226,0.0,-28.342000000000226,2025,2025-11-19
h02_r15_t3,1,1763518750000000000,1763529515000000000,4063.9404999999997,4088.6094999999996,0.20254575106528538,tp,24.66899999999987,49.19799999999974,0.0,49.19799999999974,2025,2025-11-19
h04_r30_t3,1,1763526660000000000,1763546205000000000,4075.8505,4109.9425,0.27891007616645497,tp,34.0920000000001,68.0440000000002,0.0,68.0440000000002,2025,2025-11-19
h05_r60_t2,1,1763532035000000000,1763569585000000000,4097.6695,4074.2745,0.5712349797491763,sl,-23.394999999999982,-46.929999999999964,0.0,-46.929999999999964,2025,2025-11-19
h06_r60_t3,-1,1763536050000000000,1763545490000000000,4089.2264999999998,4098.7225,0.23210842122643477,sl,-9.496000000000095,-19.13200000000019,0.0,-19.13200000000019,2025,2025-11-19
h13_r30_t3,1,1763559900000000000,1763567605000000000,4115.3165,4100.845499999999,0.3521332826056466,sl,-14.471000000000458,-29.082000000000917,0.0,-29.082000000000917,2025,2025-11-19
h14_r15_t2,1,1763561715000000000,1763562080000000000,4118.8555,4110.5485,0.20174287679707473,sl,-8.306999999999789,-16.75399999999958,0.0,-16.75399999999958,2025,2025-11-19
h00_r30_t1,-1,1763599025000000000,1763601605000000000,4103.3525,4096.2835,0.17217373789088547,tp,7.069000000000415,13.998000000000829,0.0,13.998000000000829,2025,2025-11-20
h01_r60_t3,-1,1763604000000000000,1763675580000000000,4080.9535,4078.814,0.6948726162832445,forced_close,2.1395000000002256,4.139000000000451,0.0,4.139000000000451,2025,2025-11-20
h02_r15_t3,-1,1763605000000000000,1763608045000000000,4059.2015,4081.8145,0.5565088562626892,sl,-22.61299999999983,-45.36599999999966,0.0,-45.36599999999966,2025,2025-11-20
h04_r30_t3,1,1763614530000000000,1763615620000000000,4080.2105,4068.4535,0.288279726226211,sl,-11.757000000000062,-23.654000000000124,0.0,-23.654000000000124,2025,2025-11-20
h05_r60_t2,1,1763618930000000000,1763619930000000000,4076.1855,4064.5855,0.2852325167527977,sl,-11.599999999999909,-23.33999999999982,0.0,-23.33999999999982,2025,2025-11-20
h06_r60_t3,-1,1763624660000000000,1763641170000000000,4058.7525,4077.7645,0.4672908107380088,sl,-19.01200000000017,-38.16400000000034,0.0,-38.16400000000034,2025,2025-11-20
h13_r30_t3,-1,1763645400000000000,1763645895000000000,4081.4195,4094.6634999999997,0.32413177459331327,sl,-13.243999999999687,-26.627999999999375,0.0,-26.627999999999375,2025,2025-11-20
h14_r15_t2,1,1763648140000000000,1763650210000000000,4083.4575,4106.1875,0.2786443785488754,tp,22.730000000000018,45.320000000000036,0.0,45.320000000000036,2025,2025-11-20
h00_r30_t1,-1,1763686410000000000,1763688385000000000,4071.8325,4062.1324999999997,0.23803053048294487,tp,9.700000000000273,19.260000000000545,0.0,19.260000000000545,2025,2025-11-21
h01_r60_t3,1,1763690910000000000,1763693655000000000,4074.548,4060.6135,0.3419600012731641,sl,-13.934499999999844,-28.008999999999688,0.0,-28.008999999999688,2025,2025-11-21
h02_r15_t3,-1,1763691540000000000,1763692240000000000,4068.0164999999997,4075.7715,0.19036656794853227,sl,-7.755000000000109,-15.650000000000219,0.0,-15.650000000000219,2025,2025-11-21
h04_r30_t3,-1,1763699620000000000,1763704810000000000,4052.9184999999998,4062.5395,0.23698086233594493,sl,-9.621000000000095,-19.38200000000019,0.0,-19.38200000000019,2025,2025-11-21
h05_r60_t2,1,1763704805000000000,1763706490000000000,4059.8265,4039.9275,0.4902981988273976,sl,-19.899000000000342,-39.938000000000685,0.0,-39.938000000000685,2025,2025-11-21
h06_r60_t3,-1,1763708475000000000,1763729130000000000,4029.4425,4064.9245,0.8798029530999458,sl,-35.48199999999997,-71.10399999999994,0.0,-71.10399999999994,2025,2025-11-21
h13_r30_t3,1,1763731835000000000,1763739600000000000,4070.7794999999996,4059.2235,0.28410086170622495,sl,-11.555999999999585,-23.25199999999917,0.0,-23.25199999999917,2025,2025-11-21
h14_r15_t2,-1,1763734765000000000,1763743800000000000,4071.7264999999998,4084.0485,0.302284119350958,sl,-12.322000000000116,-24.784000000000233,0.0,-24.784000000000233,2025,2025-11-21
h00_r30_t1,-1,1763946420000000000,1763961735000000000,4058.2945,4040.3655,0.4412892024440389,tp,17.929000000000087,35.718000000000174,0.0,35.718000000000174,2025,2025-11-24
h01_r60_t3,-1,1763952800000000000,1763975515000000000,4042.7285,4073.3334999999997,0.7567499536689901,sl,-30.604999999999563,-61.34999999999913,0.0,-61.34999999999913,2025,2025-11-24
h02_r15_t3,1,1763950790000000000,1763952605000000000,4048.4894999999997,4043.4195,0.125298650073856,sl,-5.069999999999709,-10.279999999999418,0.0,-10.279999999999418,2025,2025-11-24
h04_r30_t3,-1,1763958750000000000,1763969895000000000,4048.4855,4061.2855,0.31596734823045775,sl,-12.800000000000182,-25.740000000000364,0.0,-25.740000000000364,2025,2025-11-24
h05_r60_t2,1,1763964185000000000,1763975260000000000,4049.6255,4069.031500000001,0.23978732250876972,tp,19.40600000000086,38.67200000000172,0.0,38.67200000000172,2025,2025-11-24
h06_r60_t3,1,1763969570000000000,1764002030000000000,4058.2455,4096.8555,0.3175035879508965,tp,38.60999999999967,77.07999999999934,0.0,77.07999999999934,2025,2025-11-24
h13_r30_t3,1,1763991090000000000,1763991820000000000,4085.1255,4075.8815,0.22653572979904618,sl,-9.244000000000142,-18.628000000000284,0.0,-18.628000000000284,2025,2025-11-24
h14_r15_t2,-1,1763994000000000000,1763995935000000000,4076.0744999999997,4083.1465,0.1733378579612462,sl,-7.072000000000116,-14.284000000000233,0.0,-14.284000000000233,2025,2025-11-24
h00_r30_t1,-1,1764030865000000000,1764033570000000000,4134.0745,4123.459499999999,0.25667540426982355,tp,10.615000000000691,21.090000000001382,0.0,21.090000000001382,2025,2025-11-25
h01_r60_t3,1,1764036160000000000,1764059885000000000,4139.3265,4122.6305,0.40378356030640034,sl,-16.695999999999913,-33.531999999999826,0.0,-33.531999999999826,2025,2025-11-25
h02_r15_t3,1,1764037095000000000,1764056230000000000,4142.2945,4132.7875,0.22983506729026842,sl,-9.506999999999607,-19.153999999999215,0.0,-19.153999999999215,2025,2025-11-25
h04_r30_t3,1,1764045480000000000,1764052540000000000,4148.088,4139.5335,0.20611423180664518,sl,-8.55450000000019,-17.24900000000038,0.0,-17.24900000000038,2025,2025-11-25
h05_r60_t2,1,1764050995000000000,1764052050000000000,4152.1165,4140.9255,0.2695997981193494,sl,-11.190999999999804,-22.521999999999608,0.0,-22.521999999999608,2025,2025-11-25
h06_r60_t3,-1,1764055785000000000,1764090620000000000,4138.6215,4152.2155,0.3282238595856699,sl,-13.594000000000051,-27.328000000000102,0.0,-27.328000000000102,2025,2025-11-25
h13_r30_t3,1,1764077410000000000,1764081075000000000,4146.9065,4129.4305,0.42193344069988553,sl,-17.475999999999658,-35.09199999999932,0.0,-35.09199999999932,2025,2025-11-25
h14_r15_t2,-1,1764080345000000000,1764081565000000000,4138.7105,4118.508500000001,0.2438240474333158,tp,20.201999999999316,40.26399999999863,0.0,40.26399999999863,2025,2025-11-25
h00_r30_t1,1,1764118685000000000,1764122795000000000,4142.9265,4153.178499999999,0.2475159378221108,tp,10.251999999999498,20.363999999998995,0.0,20.363999999998995,2025,2025-11-26
h01_r60_t3,1,1764122795000000000,1764169225000000000,4152.9725,4138.5145,0.34850138738888337,sl,-14.457999999999629,-29.05599999999926,0.0,-29.05599999999926,2025,2025-11-26
h02_r15_t3,1,1764123455000000000,1764139115000000000,4153.779500000001,4147.3825,0.15411941785409355,sl,-6.397000000000844,-12.934000000001689,0.0,-12.934000000001689,2025,2025-11-26
h04_r30_t3,-1,1764131415000000000,1764134190000000000,4157.0965,4167.2325,0.24378942471974313,sl,-10.136000000000422,-20.412000000000845,0.0,-20.412000000000845,2025,2025-11-26
h05_r60_t2,-1,1764137240000000000,1764156670000000000,4160.1755,4168.7285,0.20548416651160378,sl,-8.552999999999884,-17.245999999999768,0.0,-17.245999999999768,2025,2025-11-26
h06_r60_t3,1,1764144400000000000,1764166075000000000,4162.9575,4146.6785,0.3922454479685762,sl,-16.27900000000045,-32.6980000000009,0.0,-32.6980000000009,2025,2025-11-26
h13_r30_t3,-1,1764164710000000000,1764175240000000000,4153.1275000000005,4166.7235,0.3263973888208786,sl,-13.595999999999549,-27.3319999999991,0.0,-27.3319999999991,2025,2025-11-26
h14_r15_t2,-1,1764169210000000000,1764170240000000000,4139.904500000001,4157.0335,0.4129933409675819,sl,-17.128999999998996,-34.39799999999799,0.0,-34.39799999999799,2025,2025-11-26
h00_r30_t1,1,1764289840000000000,1764290090000000000,4171.9715,4180.770499999999,0.2109692248433242,tp,8.798999999999069,17.457999999998137,0.0,17.457999999998137,2025,2025-11-28
h01_r60_t3,-1,1764304170000000000,1764339485000000000,4180.5795,4193.1555,0.3000600907552937,sl,-12.576000000000022,-25.292000000000044,0.0,-25.292000000000044,2025,2025-11-28
h02_r15_t3,1,1764296640000000000,1764297195000000000,4191.2905,4187.1905,0.09786395215933502,sl,-4.100000000000364,-8.340000000000728,0.0,-8.340000000000728,2025,2025-11-28
h04_r30_t3,1,1764305365000000000,1764306545000000000,4187.3515,4178.6255,0.20869210010953962,sl,-8.725999999999658,-17.591999999999317,0.0,-17.591999999999317,2025,2025-11-28
h05_r60_t2,-1,1764317175000000000,1764339055000000000,4156.5380000000005,4188.9415,0.7747256326989624,sl,-32.40349999999944,-64.94699999999888,0.0,-64.94699999999888,2025,2025-11-28
h06_r60_t3,-1,1764315280000000000,1764317105000000000,4181.7835,4160.8584999999985,0.16655934831954425,tp,20.92500000000109,41.71000000000218,0.0,41.71000000000218,2025,2025-11-28
h13_r30_t3,1,1764337685000000000,1764340830000000000,4178.5195,4207.2595,0.22970026872293786,tp,28.73999999999978,57.33999999999956,0.0,57.33999999999956,2025,2025-11-28
h14_r15_t2,1,1764339300000000000,1764349690000000000,4192.0555,4210.955500000002,0.22543538550705075,tp,18.900000000001455,37.66000000000291,0.0,37.66000000000291,2025,2025-11-28
h00_r30_t1,1,1764550495000000000,1764554110000000000,4232.7275,4247.1285,0.34067367088831807,tp,14.40099999999984,28.66199999999968,0.0,28.66199999999968,2025,2025-12-01
h01_r60_t3,1,1764554775000000000,1764566525000000000,4256.2305,4219.7875,0.856390102928707,sl,-36.4429999999993,-73.0259999999986,0.0,-73.0259999999986,2025,2025-12-01
h02_r15_t3,-1,1764555615000000000,1764583475000000000,4245.5985,4256.5275,0.2572521194347535,sl,-10.929000000000087,-21.998000000000175,0.0,-21.998000000000175,2025,2025-12-01
h04_r30_t3,1,1764563450000000000,1764565900000000000,4240.6575,4236.4215,0.09991085621315628,sl,-4.235999999999876,-8.611999999999753,0.0,-8.611999999999753,2025,2025-12-01
h05_r60_t2,1,1764576030000000000,1764625980000000000,4246.6145,4230.745,0.7352863816332424,forced_close,-15.869499999999789,-31.87899999999958,0.0,-31.87899999999958,2025,2025-12-01
h06_r60_t3,1,1764573965000000000,1764599870000000000,4240.6155,4226.3005,0.33785183114393463,sl,-14.3149999999996,-28.7699999999992,0.0,-28.7699999999992,2025,2025-12-01
h13_r30_t3,1,1764595840000000000,1764597665000000000,4257.7065,4245.5785,0.284903865500395,sl,-12.128000000000611,-24.396000000001223,0.0,-24.396000000001223,2025,2025-12-01
h14_r15_t2,1,1764598630000000000,1764599740000000000,4249.3015,4238.6404999999995,0.2510035373817173,sl,-10.661000000000058,-21.462000000000117,0.0,-21.462000000000117,2025,2025-12-01
h00_r30_t1,1,1764636055000000000,1764637310000000000,4228.0635,4221.5275,0.15469125001582906,sl,-6.536000000000058,-13.212000000000117,0.0,-13.212000000000117,2025,2025-12-02
h02_r15_t3,1,1764641765000000000,1764642625000000000,4221.5725,4215.577499999999,0.1420901472511553,sl,-5.9950000000008,-12.130000000001601,0.0,-12.130000000001601,2025,2025-12-02
h04_r30_t3,-1,1764650020000000000,1764652580000000000,4215.4575,4220.6985,0.12429482371704573,sl,-5.2409999999999854,-10.621999999999971,0.0,-10.621999999999971,2025,2025-12-02
h05_r60_t2,1,1764655210000000000,1764656520000000000,4225.5205000000005,4215.2625,0.24279229601916302,sl,-10.25800000000072,-20.65600000000144,0.0,-20.65600000000144,2025,2025-12-02
h06_r60_t3,-1,1764667265000000000,1764685520000000000,4203.3375,4226.3485,0.5462129869846359,sl,-23.011000000000422,-46.162000000000845,0.0,-46.162000000000845,2025,2025-12-02
h13_r30_t3,1,1764684150000000000,1764688600000000000,4215.3515,4202.0935,0.31537580757365347,sl,-13.25799999999981,-26.655999999999622,0.0,-26.655999999999622,2025,2025-12-02
h14_r15_t2,1,1764684900000000000,1764687945000000000,4224.0064999999995,4212.2654999999995,0.2779908372647885,sl,-11.740999999999985,-23.62199999999997,0.0,-23.62199999999997,2025,2025-12-02
h00_r30_t1,-1,1764722585000000000,1764723600000000000,4206.0965,4213.086499999999,0.16611996404298401,sl,-6.989999999999782,-14.119999999999564,0.0,-14.119999999999564,2025,2025-12-03
h01_r60_t3,1,1764727455000000000,1764740390000000000,4221.172500000001,4211.6275000000005,0.2264797676690124,sl,-9.545000000000073,-19.230000000000146,0.0,-19.230000000000146,2025,2025-12-03
h02_r15_t3,1,1764728110000000000,1764740160000000000,4224.3865000000005,4214.1625,0.24204932252113784,sl,-10.22400000000016,-20.58800000000032,0.0,-20.58800000000032,2025,2025-12-03
h04_r30_t3,1,1764736670000000000,1764739860000000000,4224.3465,4217.3895,0.16475387270470762,sl,-6.956999999999425,-14.053999999998851,0.0,-14.053999999998851,2025,2025-12-03
h05_r60_t2,-1,1764746690000000000,1764769330000000000,4203.3075,4223.9995,0.4917376922098005,sl,-20.692000000000007,-41.524000000000015,0.0,-41.524000000000015,2025,2025-12-03
h06_r60_t3,-1,1764746640000000000,1764765380000000000,4204.7875,4211.9685,0.17064077977203582,sl,-7.180999999999585,-14.501999999999171,0.0,-14.501999999999171,2025,2025-12-03
h13_r30_t3,1,1764769315000000000,1764773620000000000,4223.0975,4211.4335,0.27636427911133055,sl,-11.66399999999976,-23.46799999999952,0.0,-23.46799999999952,2025,2025-12-03
h14_r15_t2,1,1764772505000000000,1764773385000000000,4240.8155,4218.6445,0.5245537206204164,sl,-22.170999999999367,-44.481999999998735,0.0,-44.481999999998735,2025,2025-12-03
h00_r30_t1,1,1764808265000000000,1764813685000000000,4212.8775000000005,4204.4265,0.20064371708692036,sl,-8.451000000000931,-17.042000000001863,0.0,-17.042000000001863,2025,2025-12-04
h01_r60_t3,-1,1764813635000000000,1764865035000000000,4205.8325,4216.8965,0.26284908307504906,sl,-11.063999999999396,-22.267999999998793,0.0,-22.267999999998793,2025,2025-12-04
h02_r15_t3,-1,1764817335000000000,1764858160000000000,4198.9345,4209.2564999999995,0.24547461179657967,sl,-10.321999999999207,-20.783999999998414,0.0,-20.783999999998414,2025,2025-12-04
h04_r30_t3,-1,1764825495000000000,1764842060000000000,4192.8715,4199.1805,0.15026825706328562,sl,-6.3090000000001965,-12.758000000000393,0.0,-12.758000000000393,2025,2025-12-04
h05_r60_t2,1,1764842060000000000,1764885180000000000,4199.1285,4209.969,0.5783429103963025,forced_close,10.840500000000247,21.541000000000494,0.0,21.541000000000494,2025,2025-12-04
h06_r60_t3,1,1764831600000000000,1764885180000000000,4190.3115,4209.969,0.2784832269879307,forced_close,19.657500000000255,39.17500000000051,0.0,39.17500000000051,2025,2025-12-04
h13_r30_t3,1,1764856680000000000,1764885180000000000,4196.9955,4209.969,0.27265953627383027,forced_close,12.973500000000058,25.807000000000116,0.0,25.807000000000116,2025,2025-12-04
h14_r15_t2,1,1764857750000000000,1764859310000000000,4206.3705,4198.3515,0.19070887026933933,sl,-8.019000000000233,-16.178000000000466,0.0,-16.178000000000466,2025,2025-12-04
h00_r30_t1,-1,1764894655000000000,1764897035000000000,4204.2665,4197.9265,0.15074150435504202,tp,6.3400000000001455,12.54000000000029,0.0,12.54000000000029,2025,2025-12-05
h01_r60_t3,1,1764900015000000000,1764939630000000000,4204.4605,4233.230500000001,0.2281640844749602,tp,28.770000000000437,57.40000000000087,0.0,57.40000000000087,2025,2025-12-05
h02_r15_t3,-1,1764900965000000000,1764902700000000000,4200.1845,4204.8325,0.11061806056410545,sl,-4.648000000000138,-9.436000000000277,0.0,-9.436000000000277,2025,2025-12-05
h04_r30_t3,1,1764909135000000000,1764941330000000000,4214.461499999999,4234.018499999997,0.15475247852626747,tp,19.55699999999797,38.97399999999594,0.0,38.97399999999594,2025,2025-12-05
h05_r60_t2,1,1764914830000000000,1764941450000000000,4221.4915,4235.755499999999,0.16898017314306576,tp,14.263999999999214,28.387999999998428,0.0,28.387999999998428,2025,2025-12-05
h06_r60_t3,1,1764918605000000000,1764925620000000000,4229.4215,4218.6735,0.2544168172640914,sl,-10.748000000000502,-21.636000000001005,0.0,-21.636000000001005,2025,2025-12-05
h13_r30_t3,1,1764941450000000000,1764951005000000000,4235.1025,4221.6035,0.3189057179896772,sl,-13.498999999999796,-27.137999999999593,0.0,-27.137999999999593,2025,2025-12-05
h14_r15_t2,-1,1764944880000000000,1764946040000000000,4232.3335,4239.6365000000005,0.172344806192349,sl,-7.303000000000793,-14.746000000001587,0.0,-14.746000000001587,2025,2025-12-05
h00_r30_t1,1,1765154010000000000,1765158665000000000,4208.0365,4199.5415,0.2019774291708878,sl,-8.49499999999989,-17.129999999999782,0.0,-17.129999999999782,2025,2025-12-08
h01_r60_t3,1,1765162575000000000,1765202475000000000,4211.9825,4197.6555,0.3410214099415638,sl,-14.327000000000226,-28.79400000000045,0.0,-28.79400000000045,2025,2025-12-08
h02_r15_t3,1,1765160275000000000,1765163860000000000,4202.2355,4213.359499999999,0.08827427015711009,tp,11.123999999998887,22.107999999997773,0.0,22.107999999997773,2025,2025-12-08
h04_r30_t3,1,1765168480000000000,1765169770000000000,4212.1695,4208.6015,0.08475821401045701,sl,-3.568000000000211,-7.276000000000422,0.0,-7.276000000000422,2025,2025-12-08
h05_r60_t2,1,1765173600000000000,1765180850000000000,4217.3095,4204.7195,0.29854713778306446,sl,-12.590000000000146,-25.32000000000029,0.0,-25.32000000000029,2025,2025-12-08
h06_r60_t3,-1,1765179535000000000,1765206050000000000,4212.2695,4191.947500000002,0.1606324565063302,tp,20.321999999998297,40.503999999996594,0.0,40.503999999996594,2025,2025-12-08
h13_r30_t3,-1,1765200635000000000,1765230780000000000,4202.392,4189.439,0.29598929861051576,forced_close,12.95299999999952,25.76599999999904,0.0,25.76599999999904,2025,2025-12-08
h14_r15_t2,1,1765203325000000000,1765205125000000000,4210.2505,4197.4275,0.3046043285265723,sl,-12.82300000000032,-25.78600000000064,0.0,-25.78600000000064,2025,2025-12-08
h00_r30_t1,-1,1765241710000000000,1765242185000000000,4191.4635,4195.7755,0.10285595836432543,sl,-4.311999999999898,-8.763999999999797,0.0,-8.763999999999797,2025,2025-12-09
h01_r60_t3,-1,1765247410000000000,1765250620000000000,4188.8285,4197.3904999999995,0.20404304064166792,sl,-8.561999999999898,-17.263999999999797,0.0,-17.263999999999797,2025,2025-12-09
h02_r15_t3,-1,1765246510000000000,1765250620000000000,4190.6745,4197.2495,0.15689598416674494,sl,-6.574999999999818,-13.289999999999637,0.0,-13.289999999999637,2025,2025-12-09
h04_r30_t3,1,1765254720000000000,1765255080000000000,4195.7055,4192.0125,0.08805636847477596,sl,-3.693000000000211,-7.526000000000422,0.0,-7.526000000000422,2025,2025-12-09
h05_r60_t2,-1,1765260020000000000,1765267905000000000,4178.1935,4187.3695,0.21952817471627972,sl,-9.175999999999476,-18.491999999998953,0.0,-18.491999999998953,2025,2025-12-09
h06_r60_t3,1,1765263910000000000,1765317180000000000,4184.1525,4209.331,0.33423459667618705,forced_close,25.178499999999985,50.21699999999997,0.0,50.21699999999997,2025,2025-12-09
h13_r30_t3,-1,1765287030000000000,1765292020000000000,4198.3555,4208.4355,0.23988419875881173,sl,-10.079999999999927,-20.299999999999855,0.0,-20.299999999999855,2025,2025-12-09
h14_r15_t2,1,1765290830000000000,1765317180000000000,4202.0965,4209.331,0.30118495263183676,forced_close,7.23450000000048,14.32900000000096,0.0,14.32900000000096,2025,2025-12-09
h00_r30_t1,-1,1765327205000000000,1765328890000000000,4207.172500000001,4212.7825,0.13327924555868706,sl,-5.609999999999673,-11.359999999999346,0.0,-11.359999999999346,2025,2025-12-10
h01_r60_t3,1,1765334615000000000,1765338040000000000,4218.3005,4207.0115000000005,0.26789950908820453,sl,-11.28899999999976,-22.71799999999952,0.0,-22.71799999999952,2025,2025-12-10
h02_r15_t3,-1,1765333175000000000,1765334615000000000,4213.0585,4217.7375,0.11100449818505836,sl,-4.679000000000087,-9.498000000000175,0.0,-9.498000000000175,2025,2025-12-10
h04_r30_t3,-1,1765341055000000000,1765341745000000000,4205.6455000000005,4209.1785,0.0839808291710238,sl,-3.532999999999447,-7.205999999998894,0.0,-7.205999999998894,2025,2025-12-10
h05_r60_t2,-1,1765354205000000000,1765393720000000000,4201.8495,4214.4865,0.30005861317453003,sl,-12.636999999999716,-25.413999999999433,0.0,-25.413999999999433,2025,2025-12-10
h06_r60_t3,-1,1765353600000000000,1765393255000000000,4203.1825,4211.7695,0.20409009673424813,sl,-8.587000000000444,-17.31400000000089,0.0,-17.31400000000089,2025,2025-12-10
h13_r30_t3,1,1765374240000000000,1765377240000000000,4200.3745,4193.0025000000005,0.1756016386786522,sl,-7.371999999999389,-14.883999999998778,0.0,-14.883999999998778,2025,2025-12-10
h14_r15_t2,-1,1765376805000000000,1765393210000000000,4199.1255,4207.1915,0.19181381171212386,sl,-8.065999999999804,-16.271999999999608,0.0,-16.271999999999608,2025,2025-12-10
h00_r30_t1,1,1765414945000000000,1765419090000000000,4245.2505,4231.3775000000005,0.3271032499651828,sl,-13.872999999999593,-27.885999999999186,0.0,-27.885999999999186,2025,2025-12-11
h01_r60_t3,-1,1765419055000000000,1765467650000000000,4233.0765,4247.8415,0.3483683020944291,sl,-14.765000000000327,-29.670000000000655,0.0,-29.670000000000655,2025,2025-12-11
h02_r15_t3,-1,1765419435000000000,1765463870000000000,4231.0835,4240.9855,0.2338777687512905,sl,-9.902000000000044,-19.944000000000088,0.0,-19.944000000000088,2025,2025-12-11
h04_r30_t3,-1,1765428335000000000,1765439155000000000,4210.8215,4218.4205,0.18037428554372523,sl,-7.59900000000016,-15.33800000000032,0.0,-15.33800000000032,2025,2025-12-11
h05_r60_t2,-1,1765432820000000000,1765438590000000000,4206.2075,4216.4495,0.24341652995974022,sl,-10.24199999999928,-20.62399999999856,0.0,-20.62399999999856,2025,2025-12-11
h06_r60_t3,1,1765438590000000000,1765467650000000000,4215.5275,4249.136500000001,0.26582205345461135,tp,33.60900000000129,67.07800000000258,0.0,67.07800000000258,2025,2025-12-11
h13_r30_t3,1,1765461000000000000,1765471720000000000,4222.5845,4274.5475,0.4111107906910597,tp,51.96299999999974,103.78599999999948,0.0,103.78599999999948,2025,2025-12-11
h14_r15_t2,1,1765462520000000000,1765467700000000000,4229.6925,4253.2825,0.27902152037750283,tp,23.590000000000146,47.04000000000029,0.0,47.04000000000029,2025,2025-12-11
h00_r30_t1,-1,1765500685000000000,1765501230000000000,4273.8435,4267.3335,0.15215355121364002,tp,6.510000000000218,12.880000000000436,0.0,12.880000000000436,2025,2025-12-12
h01_r60_t3,1,1765505540000000000,1765530115000000000,4276.1955,4310.329499999999,0.2663940447421582,tp,34.133999999999105,68.12799999999821,0.0,68.12799999999821,2025,2025-12-12
h02_r15_t3,1,1765507050000000000,1765507705000000000,4276.9195,4270.5225,0.1496224996500334,sl,-6.3969999999999345,-12.93399999999987,0.0,-12.93399999999987,2025,2025-12-12
h04_r30_t3,-1,1765513980000000000,1765516785000000000,4266.913500000001,4271.2145,0.1007625128778984,sl,-4.300999999999476,-8.741999999998953,0.0,-8.741999999998953,2025,2025-12-12
h05_r60_t2,1,1765519270000000000,1765530100000000000,4280.7075,4309.793500000002,0.3398644818714344,tp,29.08600000000115,58.0320000000023,0.0,58.0320000000023,2025,2025-12-12
h06_r60_t3,1,1765523065000000000,1765529040000000000,4283.2555,4302.8724999999995,0.15267355584976258,tp,19.61699999999928,39.09399999999856,0.0,39.09399999999856,2025,2025-12-12
h13_r30_t3,1,1765546215000000000,1765552855000000000,4339.6375,4321.3755,0.4211810574615023,sl,-18.261999999999716,-36.66399999999943,0.0,-36.66399999999943,2025,2025-12-12
h14_r15_t2,1,1765549630000000000,1765549800000000000,4345.0835,4338.5925,0.14948256257466466,sl,-6.4909999999999854,-13.121999999999971,0.0,-13.121999999999971,2025,2025-12-12
h00_r30_t1,1,1765759105000000000,1765760630000000000,4306.8485,4313.5495,0.15575985461173925,tp,6.701000000000022,13.262000000000043,0.0,13.262000000000043,2025,2025-12-15
h01_r60_t3,1,1765764180000000000,1765814740000000000,4325.3575,4305.8255,0.45186400263086446,sl,-19.532000000000153,-39.204000000000306,0.0,-39.204000000000306,2025,2025-12-15
h02_r15_t3,1,1765765840000000000,1765768685000000000,4326.9605,4320.9435,0.13923478717637255,sl,-6.016999999999825,-12.173999999999651,0.0,-12.173999999999651,2025,2025-12-15
h04_r30_t3,-1,1765773135000000000,1765776485000000000,4325.5735,4330.1645,0.10608083979238654,sl,-4.59099999999944,-9.32199999999888,0.0,-9.32199999999888,2025,2025-12-15
h05_r60_t2,1,1765778605000000000,1765808460000000000,4344.4365,4324.8615,0.4506668315082723,sl,-19.574999999999818,-39.28999999999964,0.0,-39.28999999999964,2025,2025-12-15
h06_r60_t3,-1,1765784230000000000,1765788515000000000,4339.8095,4347.6785,0.1811535190319898,sl,-7.868999999999687,-15.877999999999375,0.0,-15.877999999999375,2025,2025-12-15
h13_r30_t3,-1,1765807055000000000,1765815750000000000,4333.8095,4295.886500000001,0.29128348962274336,tp,37.922999999998865,75.70599999999773,0.0,75.70599999999773,2025,2025-12-15
h14_r15_t2,-1,1765808100000000000,1765812535000000000,4328.5545,4312.1005000000005,0.19004198040513712,tp,16.453999999999724,32.76799999999945,0.0,32.76799999999945,2025,2025-12-15
h00_r30_t1,1,1765845000000000000,1765847120000000000,4310.1085,4302.7525000000005,0.17068621962856179,sl,-7.355999999999767,-14.851999999999535,0.0,-14.851999999999535,2025,2025-12-16
h01_r60_t3,-1,1765853605000000000,1765893795000000000,4299.154500000001,4318.0325,0.43811315215542834,sl,-18.8779999999997,-37.895999999999404,0.0,-37.895999999999404,2025,2025-12-16
h02_r15_t3,1,1765851305000000000,1765852570000000000,4312.077499999999,4305.9205,0.14282123789152157,sl,-6.156999999999243,-12.453999999998487,0.0,-12.453999999998487,2025,2025-12-16
h04_r30_t3,1,1765861750000000000,1765861935000000000,4292.3475,4286.6224999999995,0.13350062302234833,sl,-5.725000000000364,-11.590000000000728,0.0,-11.590000000000728,2025,2025-12-16
h06_r60_t3,-1,1765869775000000000,1765887535000000000,4282.6105,4292.1515,0.2224361125646601,sl,-9.541000000000167,-19.222000000000335,0.0,-19.222000000000335,2025,2025-12-16
h13_r30_t3,1,1765891800000000000,1765921980000000000,4302.1445,4303.034,0.26061950075941936,forced_close,0.8894999999993161,1.638999999998632,0.0,1.638999999998632,2025,2025-12-16
h14_r15_t2,1,1765894530000000000,1765901755000000000,4320.4575,4311.4855,0.20771170208420497,sl,-8.972000000000662,-18.084000000001325,0.0,-18.084000000001325,2025,2025-12-16
h00_r30_t1,1,1765933210000000000,1765935305000000000,4315.1195,4322.7975,0.177996766708899,tp,7.677999999999884,15.215999999999767,0.0,15.215999999999767,2025,2025-12-17
h01_r60_t3,1,1765936800000000000,1765940185000000000,4326.9565,4311.5365,0.3563827703490939,sl,-15.420000000000073,-30.980000000000146,0.0,-30.980000000000146,2025,2025-12-17
h02_r15_t3,-1,1765938735000000000,1765946380000000000,4318.3505000000005,4327.9445,0.2220611015216449,sl,-9.593999999999141,-19.327999999998283,0.0,-19.327999999998283,2025,2025-12-17
h04_r30_t3,-1,1765945895000000000,1765946305000000000,4321.3255,4326.1044999999995,0.11055484118121663,sl,-4.778999999999542,-9.697999999999084,0.0,-9.697999999999084,2025,2025-12-17
h05_r60_t2,-1,1765953130000000000,1765979910000000000,4328.1105,4342.6095000000005,0.3345378680877132,sl,-14.499000000000706,-29.138000000001412,0.0,-29.138000000001412,2025,2025-12-17
h06_r60_t3,-1,1765954995000000000,1765978860000000000,4324.9345,4337.8435,0.29821559238554923,sl,-12.90899999999965,-25.957999999999302,0.0,-25.957999999999302,2025,2025-12-17
h13_r30_t3,1,1765978235000000000,1766008380000000000,4331.5985,4338.904,0.37959029247907045,forced_close,7.305500000000393,14.471000000000785,0.0,14.471000000000785,2025,2025-12-17
h14_r15_t2,-1,1765980900000000000,1765985470000000000,4326.8945,4346.1875,0.44583058969084444,sl,-19.292999999999665,-38.72599999999933,0.0,-38.72599999999933,2025,2025-12-17
h00_r30_t1,-1,1766018690000000000,1766019805000000000,4336.8315,4330.6495,0.14251064709215666,tp,6.181999999999789,12.223999999999577,0.0,12.223999999999577,2025,2025-12-18
h01_r60_t3,1,1766025330000000000,1766048145000000000,4337.0795,4324.2805,0.2954786730262642,sl,-12.798999999999978,-25.737999999999957,0.0,-25.737999999999957,2025,2025-12-18
h02_r15_t3,-1,1766024115000000000,1766024250000000000,4330.0165,4335.1445,0.11840110938700783,sl,-5.128000000000611,-10.396000000001223,0.0,-10.396000000001223,2025,2025-12-18
h04_r30_t3,-1,1766032685000000000,1766034140000000000,4329.0635,4333.6035,0.10483752435192024,sl,-4.539999999999964,-9.219999999999928,0.0,-9.219999999999928,2025,2025-12-18
h05_r60_t2,-1,1766037720000000000,1766043180000000000,4331.1675,4337.5795,0.1479673811769721,sl,-6.412000000000262,-12.964000000000524,0.0,-12.964000000000524,2025,2025-12-18
h06_r60_t3,-1,1766041930000000000,1766043080000000000,4330.8075,4336.2375,0.1252858877445435,sl,-5.430000000000291,-11.000000000000583,0.0,-11.000000000000583,2025,2025-12-18
h13_r30_t3,1,1766064600000000000,1766069005000000000,4324.2685,4314.6465,0.22269165988258577,sl,-9.622000000000298,-19.384000000000597,0.0,-19.384000000000597,2025,2025-12-18
h14_r15_t2,-1,1766067805000000000,1766069005000000000,4333.2185,4316.446500000001,0.19337946292116012,tp,16.771999999999025,33.40399999999805,0.0,33.40399999999805,2025,2025-12-18
h00_r30_t1,-1,1766105055000000000,1766107400000000000,4327.9755000000005,4320.024500000001,0.18356996835949865,tp,7.950999999999112,15.761999999998224,0.0,15.761999999998224,2025,2025-12-19
h01_r60_t3,1,1766123530000000000,1766181180000000000,4328.5015,4338.385,0.44410052354133467,forced_close,9.883499999999913,19.626999999999825,0.0,19.626999999999825,2025,2025-12-19
h02_r15_t3,-1,1766110770000000000,1766123340000000000,4323.3904999999995,4327.9035,0.10436029716209203,sl,-4.5130000000008295,-9.16600000000166,0.0,-9.16600000000166,2025,2025-12-19
h04_r30_t3,1,1766119105000000000,1766123550000000000,4320.0095,4329.0965000000015,0.07015781106704035,tp,9.087000000001353,18.034000000002706,0.0,18.034000000002706,2025,2025-12-19
h05_r60_t2,1,1766124935000000000,1766160005000000000,4329.1665,4352.198500000001,0.2662044381199053,tp,23.032000000001062,45.924000000002124,0.0,45.924000000002124,2025,2025-12-19
h06_r60_t3,1,1766129640000000000,1766131000000000000,4329.6044999999995,4321.8965,0.17815726724132389,sl,-7.707999999999629,-15.555999999999258,0.0,-15.555999999999258,2025,2025-12-19
h13_r30_t3,1,1766151110000000000,1766153465000000000,4335.4625,4326.1615,0.21456319112051828,sl,-9.300999999999476,-18.741999999998953,0.0,-18.741999999998953,2025,2025-12-19
h14_r15_t2,1,1766154710000000000,1766155610000000000,4334.1005000000005,4325.172500000001,0.2062800586816834,sl,-8.927999999999884,-17.995999999999768,0.0,-17.995999999999768,2025,2025-12-19
h00_r30_t1,1,1766363560000000000,1766367545000000000,4365.3724999999995,4375.386499999999,0.2295005887054316,tp,10.013999999999214,19.887999999998428,0.0,19.887999999998428,2025,2025-12-22
h01_r60_t3,1,1766370690000000000,1766440380000000000,4385.0265,4445.678,0.5395830973370179,forced_close,60.65149999999994,121.16299999999988,0.0,121.16299999999988,2025,2025-12-22
h02_r15_t3,1,1766370690000000000,1766380385000000000,4384.2405,4400.959500000001,0.12721936208838633,tp,16.71900000000096,33.29800000000192,0.0,33.29800000000192,2025,2025-12-22
h04_r30_t3,1,1766378955000000000,1766386515000000000,4397.5235,4415.868500000002,0.13914299519690876,tp,18.345000000002074,36.55000000000415,0.0,36.55000000000415,2025,2025-12-22
h05_r60_t2,1,1766385950000000000,1766419020000000000,4409.6535,4435.499500000002,0.2936913627172572,tp,25.846000000001368,51.552000000002735,0.0,51.552000000002735,2025,2025-12-22
h06_r60_t3,1,1766386800000000000,1766440380000000000,4419.970499999999,4445.678,0.4766261844798629,forced_close,25.707500000000437,51.27500000000087,0.0,51.27500000000087,2025,2025-12-22
h13_r30_t3,1,1766413025000000000,1766416535000000000,4427.6115,4412.8785,0.33342012259351145,sl,-14.733000000000175,-29.60600000000035,0.0,-29.60600000000035,2025,2025-12-22
h14_r15_t2,1,1766413020000000000,1766413880000000000,4427.4085,4421.6295,0.13055987912309444,sl,-5.778999999999542,-11.697999999999084,0.0,-11.697999999999084,2025,2025-12-22
h00_r30_t1,1,1766449850000000000,1766451880000000000,4468.7474999999995,4479.382499999999,0.2380125116026748,tp,10.634999999999309,21.129999999998617,0.0,21.129999999998617,2025,2025-12-23
h01_r60_t3,1,1766457120000000000,1766470380000000000,4490.8965,4469.836499999999,0.46938055251173527,sl,-21.0600000000004,-42.2600000000008,0.0,-42.2600000000008,2025,2025-12-23
h02_r15_t3,1,1766456345000000000,1766465445000000000,4488.6785,4481.1815,0.16714487371667033,sl,-7.497000000000298,-15.134000000000597,0.0,-15.134000000000597,2025,2025-12-23
h04_r30_t3,-1,1766464520000000000,1766470270000000000,4484.5064999999995,4472.527499999998,0.08900437142307453,tp,11.979000000001179,23.818000000002357,0.0,23.818000000002357,2025,2025-12-23
h05_r60_t2,-1,1766469600000000000,1766474520000000000,4474.952499999999,4485.6595,0.23924051693559717,sl,-10.707000000000335,-21.55400000000067,0.0,-21.55400000000067,2025,2025-12-23
h06_r60_t3,1,1766473200000000000,1766498710000000000,4481.6085,4469.5975,0.2680095033925242,sl,-12.011000000000422,-24.162000000000845,0.0,-24.162000000000845,2025,2025-12-23
h13_r30_t3,-1,1766496665000000000,1766500370000000000,4486.1095000000005,4452.152500000002,0.25214832309334706,tp,33.956999999998516,67.77399999999703,0.0,67.77399999999703,2025,2025-12-23
h14_r15_t2,-1,1766500350000000000,1766509475000000000,4453.6175,4479.9005,0.5879878268197538,sl,-26.282999999999447,-52.705999999998895,0.0,-52.705999999998895,2025,2025-12-23
h00_r30_t1,1,1766536200000000000,1766544950000000000,4514.1015,4500.8544999999995,0.29347716158602394,sl,-13.247000000000298,-26.634000000000597,0.0,-26.634000000000597,2025,2025-12-24
h01_r60_t3,-1,1766542080000000000,1766591220000000000,4506.9375,4449.610499999999,0.4228740587046824,tp,57.327000000001135,114.51400000000227,0.0,114.51400000000227,2025,2025-12-24
h02_r15_t3,-1,1766544940000000000,1766588270000000000,4504.7715,4460.8965,0.3241511202496485,tp,43.875,87.61,0.0,87.61,2025,2025-12-24
h04_r30_t3,1,1766550720000000000,1766552770000000000,4497.8615,4491.3095,0.14569604607125297,sl,-6.55199999999968,-13.24399999999936,0.0,-13.24399999999936,2025,2025-12-24
h05_r60_t2,-1,1766562455000000000,1766590925000000000,4485.3475,4454.4834999999985,0.3437977554899023,tp,30.864000000001397,61.58800000000279,0.0,61.58800000000279,2025,2025-12-24
h06_r60_t3,-1,1766562455000000000,1766570600000000000,4485.4725,4498.2155,0.2835762654476884,sl,-12.743000000000393,-25.626000000000786,0.0,-25.626000000000786,2025,2025-12-24
h13_r30_t3,-1,1766587060000000000,1766600995000000000,4474.6125,4480.814,0.42199824945070785,forced_close,-6.201500000000124,-12.543000000000248,0.0,-12.543000000000248,2025,2025-12-24
h14_r15_t2,-1,1766585720000000000,1766587125000000000,4483.9745,4473.0805,0.12143983906713417,tp,10.894000000000233,21.648000000000465,0.0,21.648000000000465,2025,2025-12-24
h00_r30_t1,1,1766709000000000000,1766710890000000000,4507.4155,4522.3795,0.3319995150020438,tp,14.963999999999942,29.787999999999883,0.0,29.787999999999883,2025,2025-12-26
h01_r60_t3,-1,1766716280000000000,1766759645000000000,4497.7275,4531.4125,0.747913264264509,sl,-33.6850000000004,-67.5100000000008,0.0,-67.5100000000008,2025,2025-12-26
h02_r15_t3,1,1766715340000000000,1766716225000000000,4507.7744999999995,4498.2765,0.21076613757293833,sl,-9.497999999999593,-19.135999999999186,0.0,-19.135999999999186,2025,2025-12-26
h04_r30_t3,1,1766723410000000000,1766763185000000000,4510.2305,4539.045499999998,0.21298838897289069,tp,28.81499999999869,57.48999999999738,0.0,57.48999999999738,2025,2025-12-26
h05_r60_t2,1,1766729870000000000,1766747445000000000,4514.9425,4506.0805,0.1964887665828987,sl,-8.86200000000008,-17.86400000000016,0.0,-17.86400000000016,2025,2025-12-26
h06_r60_t3,-1,1766735085000000000,1766739565000000000,4508.202499999999,4519.4645,0.24961447950162716,sl,-11.262000000000626,-22.664000000001252,0.0,-22.664000000001252,2025,2025-12-26
h13_r30_t3,1,1766755820000000000,1766785980000000000,4519.913500000001,4530.965,0.35321317636987776,forced_close,11.051499999999578,21.962999999999155,0.0,21.962999999999155,2025,2025-12-26
h14_r15_t2,1,1766759215000000000,1766760085000000000,4527.1115,4522.5154999999995,0.10155331720398393,sl,-4.596000000000458,-9.332000000000917,0.0,-9.332000000000917,2025,2025-12-26
h00_r30_t1,-1,1766968200000000000,1767008430000000000,4482.6095000000005,4437.144500000001,1.0131845472252692,tp,45.464999999999236,90.78999999999847,0.0,90.78999999999847,2025,2025-12-29
h01_r60_t3,1,1766977685000000000,1766989705000000000,4517.5935,4492.2195,0.5642122780320833,sl,-25.373999999999796,-50.88799999999959,0.0,-50.88799999999959,2025,2025-12-29
h02_r15_t3,1,1766974825000000000,1766989680000000000,4509.0895,4496.4715,0.2799485673824064,sl,-12.618000000000393,-25.376000000000786,0.0,-25.376000000000786,2025,2025-12-29
h04_r30_t3,1,1766982875000000000,1766987940000000000,4516.9895,4507.6505,0.2068816790312369,sl,-9.338999999999942,-18.817999999999884,0.0,-18.817999999999884,2025,2025-12-29
h05_r60_t2,-1,1766988070000000000,1766991070000000000,4505.1565,4476.714499999999,0.3155472534841269,tp,28.442000000000917,56.74400000000183,0.0,56.74400000000183,2025,2025-12-29
h06_r60_t3,-1,1766991605000000000,1767020400000000000,4471.3345,4352.9425,0.8818324614407772,tp,118.39199999999983,236.64399999999966,0.0,236.64399999999966,2025,2025-12-29
h13_r30_t3,-1,1767015650000000000,1767018605000000000,4445.2305,4377.4755,0.5073383225532839,tp,67.75500000000011,135.37000000000023,0.0,135.37000000000023,2025,2025-12-29
h14_r15_t2,-1,1767018600000000000,1767021720000000000,4386.2055,4315.5915,0.8026705214493853,tp,70.61399999999958,141.08799999999917,0.0,141.08799999999917,2025,2025-12-29
h00_r30_t1,-1,1767055735000000000,1767056750000000000,4338.0675,4325.173500000001,0.2964558080472629,tp,12.893999999999323,25.647999999998646,0.0,25.647999999998646,2025,2025-12-30
h01_r60_t3,1,1767060000000000000,1767131580000000000,4360.309,4340.642,0.8199564633208009,forced_close,-19.66700000000037,-39.47400000000074,0.0,-39.47400000000074,2025,2025-12-30
h02_r15_t3,-1,1767061855000000000,1767063130000000000,4351.8445,4361.9425,0.23184679009404757,sl,-10.097999999999956,-20.335999999999913,0.0,-20.335999999999913,2025,2025-12-30
h04_r30_t3,1,1767069325000000000,1767083275000000000,4365.8165,4357.6895,0.18625595170499132,sl,-8.126999999999498,-16.393999999998996,0.0,-16.393999999998996,2025,2025-12-30
h05_r60_t2,1,1767080970000000000,1767083230000000000,4380.1285,4358.9375,0.4840585169206287,sl,-21.190999999999804,-42.52199999999961,0.0,-42.52199999999961,2025,2025-12-30
h06_r60_t3,-1,1767078460000000000,1767080895000000000,4359.961499999999,4378.5735,0.4264122184100471,sl,-18.61200000000099,-37.36400000000198,0.0,-37.36400000000198,2025,2025-12-30
h13_r30_t3,-1,1767101445000000000,1767124330000000000,4389.9775,4346.9755000000005,0.32624767715818637,tp,43.0019999999995,85.863999999999,0.0,85.863999999999,2025,2025-12-30
h14_r15_t2,-1,1767104255000000000,1767104970000000000,4382.5995,4390.5435,0.18110529629260783,sl,-7.943999999999505,-16.02799999999901,0.0,-16.02799999999901,2025,2025-12-30
h00_r30_t1,1,1767141605000000000,1767144070000000000,4344.3005,4356.0245,0.2703527556945277,tp,11.72400000000016,23.30800000000032,0.0,23.30800000000032,2025,2025-12-31
h01_r60_t3,-1,1767156980000000000,1767217980000000000,4336.9805,4314.735,0.8364593772327499,forced_close,22.245499999999993,44.350999999999985,0.0,44.350999999999985,2025,2025-12-31
h02_r15_t3,-1,1767147340000000000,1767157120000000000,4361.3875,4331.396499999999,0.2291576719166849,tp,29.991000000000895,59.84200000000179,0.0,59.84200000000179,2025,2025-12-31
h04_r30_t3,-1,1767156330000000000,1767160105000000000,4342.4405,4315.338499999998,0.2078408740451993,tp,27.10200000000168,54.06400000000336,0.0,54.06400000000336,2025,2025-12-31
h05_r60_t2,-1,1767160900000000000,1767189195000000000,4275.9175,4343.1075,1.5677014764136177,sl,-67.19000000000051,-134.520000000001,0.0,-134.520000000001,2025,2025-12-31
h06_r60_t3,1,1767164445000000000,1767217980000000000,4329.4345,4314.698,1.2718787556299378,forced_close,-14.736499999999978,-29.612999999999957,0.0,-29.612999999999957,2025,2025-12-31
h13_r30_t3,1,1767187800000000000,1767210240000000000,4329.2474999999995,4308.1435,0.487530310378959,sl,-21.10399999999936,-42.34799999999872,0.0,-42.34799999999872,2025,2025-12-31
h14_r15_t2,-1,1767191190000000000,1767191705000000000,4334.8735,4348.7155,0.3189167612738136,sl,-13.842000000000553,-27.824000000001107,0.0,-27.824000000001107,2025,2025-12-31
h00_r30_t1,1,1767314765000000000,1767323185000000000,4353.3435,4365.327499999999,0.27566747978297323,tp,11.983999999999469,23.827999999998937,0.0,23.827999999998937,2026,2026-01-02
h01_r60_t3,1,1767322210000000000,1767343500000000000,4356.2384999999995,4390.8944999999985,0.26567862063302394,tp,34.65599999999904,69.17199999999808,0.0,69.17199999999808,2026,2026-01-02
h02_r15_t3,-1,1767320220000000000,1767321360000000000,4345.6455000000005,4352.0625,0.14761675543339187,sl,-6.416999999999462,-12.973999999998924,0.0,-12.973999999998924,2026,2026-01-02
h04_r30_t3,-1,1767329870000000000,1767330640000000000,4371.4865,4378.6965,0.16484549735727147,sl,-7.210000000000036,-14.560000000000073,0.0,-14.560000000000073,2026,2026-01-02
h05_r60_t2,1,1767340595000000000,1767360700000000000,4381.876,4371.0265,0.24724107968406125,sl,-10.849500000000262,-21.839000000000524,0.0,-21.839000000000524,2026,2026-01-02
h06_r60_t3,-1,1767337240000000000,1767340415000000000,4373.5015,4381.1435,0.17467993536247686,sl,-7.641999999999825,-15.423999999999651,0.0,-15.423999999999651,2026,2026-01-02
h13_r30_t3,-1,1767360655000000000,1767390780000000000,4372.9945,4332.494,0.6752406687808503,forced_close,40.5005000000001,80.8610000000002,0.0,80.8610000000002,2026,2026-01-02
h14_r15_t2,1,1767363715000000000,1767364205000000000,4372.8105,4364.5715,0.18851185120398706,sl,-8.238999999999578,-16.617999999999157,0.0,-16.617999999999157,2026,2026-01-02
h00_r30_t1,1,1767573100000000000,1767574955000000000,4389.7325,4409.1575,0.44275164276814893,tp,19.425000000000182,38.71000000000036,0.0,38.71000000000036,2026,2026-01-05
h01_r60_t3,-1,1767578880000000000,1767594330000000000,4391.3035,4421.2195,0.6796070519113646,sl,-29.916000000000167,-59.972000000000335,0.0,-59.972000000000335,2026,2026-01-05
h02_r15_t3,1,1767580230000000000,1767625560000000000,4405.1675,4454.475499999999,0.3740422081006831,tp,49.30799999999908,98.47599999999817,0.0,98.47599999999817,2026,2026-01-05
h04_r30_t3,1,1767587790000000000,1767603090000000000,4406.4635,4433.3285,0.20329182933701845,tp,26.86499999999978,53.58999999999956,0.0,53.58999999999956,2026,2026-01-05
h05_r60_t2,1,1767592870000000000,1767619750000000000,4414.6335,4401.3495,0.3010572698905597,sl,-13.28399999999965,-26.707999999999302,0.0,-26.707999999999302,2026,2026-01-05
h06_r60_t3,1,1767600950000000000,1767612450000000000,4426.6385,4411.2855,0.3473335706504166,sl,-15.353000000000065,-30.84600000000013,0.0,-30.84600000000013,2026,2026-01-05
h13_r30_t3,-1,1767619825000000000,1767621600000000000,4396.8855,4419.0675,0.5041738902156873,sl,-22.18199999999979,-44.50399999999958,0.0,-44.50399999999958,2026,2026-01-05
h14_r15_t2,1,1767622860000000000,1767625430000000000,4428.4985,4451.8225,0.2634610655624344,tp,23.324000000000524,46.50800000000105,0.0,46.50800000000105,2026,2026-01-05
h00_r30_t1,1,1767659440000000000,1767659690000000000,4442.7515,4436.6134999999995,0.1382087999916424,sl,-6.1380000000008295,-12.41600000000166,0.0,-12.41600000000166,2026,2026-01-06
h01_r60_t3,1,1767664875000000000,1767736380000000000,4452.3595000000005,4496.367,0.5528532044982877,forced_close,44.00749999999971,87.87499999999942,0.0,87.87499999999942,2026,2026-01-06
h02_r15_t3,1,1767666475000000000,1767667290000000000,4460.8255,4448.7935,0.26979208721244824,sl,-12.032000000000153,-24.204000000000306,0.0,-24.204000000000306,2026,2026-01-06
h04_r30_t3,-1,1767674510000000000,1767675320000000000,4463.279500000001,4468.5925,0.11899531936064134,sl,-5.312999999999192,-10.765999999998385,0.0,-10.765999999998385,2026,2026-01-06
h05_r60_t2,1,1767688035000000000,1767692830000000000,4474.3544999999995,4449.5125,0.5579406997661542,sl,-24.841999999999643,-49.82399999999929,0.0,-49.82399999999929,2026,2026-01-06
h06_r60_t3,1,1767682820000000000,1767692790000000000,4467.0405,4451.6815,0.34392805971751006,sl,-15.359000000000378,-30.858000000000757,0.0,-30.858000000000757,2026,2026-01-06
h13_r30_t3,-1,1767706235000000000,1767708140000000000,4457.6265,4470.6665,0.29242870900910206,sl,-13.039999999999964,-26.219999999999928,0.0,-26.219999999999928,2026,2026-01-06
h14_r15_t2,1,1767708900000000000,1767709205000000000,4472.7575,4466.3745,0.14273653190925845,sl,-6.382999999999811,-12.905999999999622,0.0,-12.905999999999622,2026,2026-01-06
h00_r30_t1,1,1767746180000000000,1767746365000000000,4494.5755,4489.6605,0.10943699841143711,sl,-4.914999999999964,-9.969999999999928,0.0,-9.969999999999928,2026,2026-01-07
h01_r60_t3,-1,1767751255000000000,1767822780000000000,4461.0725,4455.725,0.782070949582243,forced_close,5.3474999999998545,10.554999999999708,0.0,10.554999999999708,2026,2026-01-07
h02_r15_t3,1,1767753090000000000,1767763980000000000,4475.7675,4459.5565,0.36246235157372947,sl,-16.21100000000024,-32.56200000000048,0.0,-32.56200000000048,2026,2026-01-07
h04_r30_t3,-1,1767760200000000000,1767791315000000000,4465.9835,4435.491500000001,0.2275805250271911,tp,30.49199999999928,60.84399999999856,0.0,60.84399999999856,2026,2026-01-07
h05_r60_t2,-1,1767768365000000000,1767775075000000000,4443.2505,4470.3665,0.6087531728812087,sl,-27.115999999999985,-54.37199999999997,0.0,-54.37199999999997,2026,2026-01-07
h06_r60_t3,1,1767771965000000000,1767788330000000000,4460.5535,4441.4985,0.42875640279791494,sl,-19.05500000000029,-38.25000000000058,0.0,-38.25000000000058,2026,2026-01-07
h13_r30_t3,1,1767793385000000000,1767798890000000000,4450.084,4427.8965,0.49925718104285693,sl,-22.1875,-44.515,0.0,-44.515,2026,2026-01-07
h14_r15_t2,-1,1767795300000000000,1767798705000000000,4447.2585,4432.948499999999,0.160881545425217,tp,14.31000000000131,28.48000000000262,0.0,28.48000000000262,2026,2026-01-07
h00_r30_t1,-1,1767832600000000000,1767837300000000000,4454.2825,4442.0335000000005,0.2748310800767166,tp,12.248999999999796,24.357999999999592,0.0,24.357999999999592,2026,2026-01-08
h01_r60_t3,-1,1767837930000000000,1767890020000000000,4441.7195,4460.5815,0.4239999433527822,sl,-18.86200000000008,-37.86400000000016,0.0,-37.86400000000016,2026,2026-01-08
h02_r15_t3,-1,1767839400000000000,1767874530000000000,4440.1275000000005,4411.093500000001,0.2176465276911777,tp,29.03399999999965,57.9279999999993,0.0,57.9279999999993,2026,2026-01-08
h04_r30_t3,-1,1767846600000000000,1767849390000000000,4436.6525,4424.7125000000015,0.08970444301822914,tp,11.93999999999869,23.73999999999738,0.0,23.73999999999738,2026,2026-01-08
h05_r60_t2,1,1767853955000000000,1767873890000000000,4432.4905,4415.5915,0.3818579618989278,sl,-16.898999999999432,-33.937999999998866,0.0,-33.937999999998866,2026,2026-01-08
h06_r60_t3,1,1767856085000000000,1767873890000000000,4437.6865,4415.9325,0.4906799788290762,sl,-21.753999999999905,-43.64799999999981,0.0,-43.64799999999981,2026,2026-01-08
h13_r30_t3,1,1767883665000000000,1767909180000000000,4436.4105,4478.036,0.4299182798938747,forced_close,41.6255000000001,83.1110000000002,0.0,83.1110000000002,2026,2026-01-08
h14_r15_t2,1,1767882280000000000,1767885000000000000,4428.1115,4446.401499999999,0.20673429330836535,tp,18.289999999999054,36.43999999999811,0.0,36.43999999999811,2026,2026-01-08
h00_r30_t1,-1,1767919800000000000,1767941290000000000,4463.5725,4476.8225,0.29669507438033554,sl,-13.25,-26.64,0.0,-26.64,2026,2026-01-09
h01_r60_t3,1,1767924005000000000,1767995580000000000,4470.1105,4510.008,0.38511475853690047,forced_close,39.897500000000036,79.65500000000007,0.0,79.65500000000007,2026,2026-01-09
h02_r15_t3,-1,1767925960000000000,1767941180000000000,4468.8505000000005,4476.5985,0.1732585065890356,sl,-7.7479999999995925,-15.635999999999186,0.0,-15.635999999999186,2026,2026-01-09
h04_r30_t3,1,1767934565000000000,1767935790000000000,4465.8015,4460.8015,0.11203513959746447,sl,-5.0,-10.14,0.0,-10.14,2026,2026-01-09
h05_r60_t2,1,1767940020000000000,1767971055000000000,4471.8415,4499.2395000000015,0.30658620988701973,tp,27.398000000001048,54.656000000002095,0.0,54.656000000002095,2026,2026-01-09
h06_r60_t3,-1,1767948045000000000,1767950420000000000,4466.1185000000005,4477.5205000000005,0.25483649016263527,sl,-11.402000000000044,-22.944000000000088,0.0,-22.944000000000088,2026,2026-01-09
h13_r30_t3,-1,1767965410000000000,1767965475000000000,4462.047500000001,4474.7485,0.283946451021453,sl,-12.700999999999112,-25.541999999998225,0.0,-25.541999999998225,2026,2026-01-09
h14_r15_t2,1,1767969370000000000,1767970225000000000,4496.5335,4480.6455000000005,0.3538997860852879,sl,-15.88799999999901,-31.91599999999802,0.0,-31.91599999999802,2026,2026-01-09
h00_r30_t1,1,1768177835000000000,1768178870000000000,4566.0525,4595.7525,0.6506468075532387,tp,29.699999999999818,59.259999999999636,0.0,59.259999999999636,2026,2026-01-12
h01_r60_t3,-1,1768183200000000000,1768207775000000000,4570.132,4595.0725,0.5438032024501245,sl,-24.94050000000061,-50.02100000000122,0.0,-50.02100000000122,2026,2026-01-12
h02_r15_t3,1,1768185645000000000,1768225685000000000,4575.0575,4614.627499999999,0.28880474357958696,tp,39.5699999999988,78.9999999999976,0.0,78.9999999999976,2026,2026-01-12
h04_r30_t3,-1,1768192460000000000,1768194865000000000,4565.6395,4572.1445,0.1423861756047305,sl,-6.505000000000109,-13.150000000000219,0.0,-13.150000000000219,2026,2026-01-12
h05_r60_t2,1,1768202130000000000,1768232040000000000,4585.2515,4623.779500000001,0.42050985291650944,tp,38.52800000000025,76.9160000000005,0.0,76.9160000000005,2026,2026-01-12
h06_r60_t3,1,1768201740000000000,1768225755000000000,4581.0595,4614.893500000001,0.24632513498139613,tp,33.83400000000074,67.52800000000148,0.0,67.52800000000148,2026,2026-01-12
h13_r30_t3,1,1768225220000000000,1768227955000000000,4611.3175,4588.7744999999995,0.4895127596756959,sl,-22.543000000000575,-45.22600000000115,0.0,-45.22600000000115,2026,2026-01-12
h14_r15_t2,-1,1768227330000000000,1768230550000000000,4592.7535,4617.4375,0.5370134987623865,sl,-24.684000000000196,-49.50800000000039,0.0,-49.50800000000039,2026,2026-01-12
h00_r30_t1,-1,1768264200000000000,1768267920000000000,4588.2905,4576.7915,0.2506074763147123,tp,11.498999999999796,22.857999999999592,0.0,22.857999999999592,2026,2026-01-13
h01_r60_t3,1,1768273320000000000,1768286410000000000,4595.8115,4575.5555,0.4424578208668229,sl,-20.255999999999403,-40.65199999999881,0.0,-40.65199999999881,2026,2026-01-13
h02_r15_t3,1,1768272325000000000,1768286410000000000,4590.6485,4576.827499999999,0.30133790234940044,sl,-13.821000000000822,-27.782000000001645,0.0,-27.782000000001645,2026,2026-01-13
h04_r30_t3,1,1768279455000000000,1768280750000000000,4599.8245,4593.9965,0.12676742734009983,sl,-5.82799999999952,-11.79599999999904,0.0,-11.79599999999904,2026,2026-01-13
h05_r60_t2,-1,1768285410000000000,1768309965000000000,4585.6815,4602.327499999999,0.3624830678096533,sl,-16.64599999999973,-33.43199999999946,0.0,-33.43199999999946,2026,2026-01-13
h06_r60_t3,1,1768292830000000000,1768336455000000000,4592.3955000000005,4573.3544999999995,0.41558633172548165,sl,-19.041000000001077,-38.222000000002154,0.0,-38.222000000002154,2026,2026-01-13
h13_r30_t3,1,1768311005000000000,1768327090000000000,4606.5635,4590.7905,0.3427946884101065,sl,-15.773000000000138,-31.686000000000277,0.0,-31.686000000000277,2026,2026-01-13
h14_r15_t2,1,1768314100000000000,1768317475000000000,4619.2005,4609.1295,0.21804253832171575,sl,-10.070999999999913,-20.281999999999826,0.0,-20.281999999999826,2026,2026-01-13
h00_r30_t1,1,1768352400000000000,1768361950000000000,4610.8295,4624.4394999999995,0.29524886865557254,tp,13.609999999999673,27.079999999999345,0.0,27.079999999999345,2026,2026-01-14
h01_r60_t3,1,1768356000000000000,1768402925000000000,4620.0465,4606.279500000001,0.298036008300495,sl,-13.766999999999825,-27.67399999999965,0.0,-27.67399999999965,2026,2026-01-14
h02_r15_t3,1,1768357475000000000,1768361370000000000,4620.9505,4614.4145,0.14152349304058998,sl,-6.536000000000058,-13.212000000000117,0.0,-13.212000000000117,2026,2026-01-14
h04_r30_t3,1,1768366375000000000,1768370185000000000,4630.3265,4625.3325,0.10793915853925264,sl,-4.993999999999687,-10.127999999999375,0.0,-10.127999999999375,2026,2026-01-14
h06_r60_t3,1,1768374000000000000,1768401595000000000,4637.424,4618.6185000000005,0.40320906804211054,sl,-18.805499999999483,-37.75099999999897,0.0,-37.75099999999897,2026,2026-01-14
h13_r30_t3,-1,1768397415000000000,1768417340000000000,4627.2965,4641.8904999999995,0.3150792539612222,sl,-14.593999999999141,-29.327999999998283,0.0,-29.327999999998283,2026,2026-01-14
h14_r15_t2,-1,1768401085000000000,1768402105000000000,4629.8195,4611.6415,0.19612550176375804,tp,18.177999999999884,36.21599999999977,0.0,36.21599999999977,2026,2026-01-14
h00_r30_t1,-1,1768438130000000000,1768439910000000000,4611.7325,4605.208500000001,0.14131062572945993,tp,6.5239999999994325,12.907999999998864,0.0,12.907999999998864,2026,2026-01-15
h01_r60_t3,-1,1768447335000000000,1768473435000000000,4583.6835,4617.5645,0.736521942999717,sl,-33.88100000000031,-67.90200000000063,0.0,-67.90200000000063,2026,2026-01-15
h02_r15_t3,1,1768444235000000000,1768445545000000000,4614.7525000000005,4597.6295,0.37111155637659843,sl,-17.123000000000502,-34.386000000001005,0.0,-34.386000000001005,2026,2026-01-15
h04_r30_t3,-1,1768454110000000000,1768456365000000000,4587.1224999999995,4597.5695,0.2274079100816915,sl,-10.447000000000116,-21.034000000000233,0.0,-21.034000000000233,2026,2026-01-15
h05_r60_t2,1,1768456915000000000,1768513980000000000,4599.086499999999,4615.018,0.3919663438181512,forced_close,15.931500000000597,31.723000000001193,0.0,31.723000000001193,2026,2026-01-15
h06_r60_t3,1,1768461470000000000,1768484100000000000,4612.1145,4593.7215,0.39895101023449414,sl,-18.39300000000003,-36.92600000000006,0.0,-36.92600000000006,2026,2026-01-15
h13_r30_t3,-1,1768483845000000000,1768490150000000000,4602.5695,4616.2175,0.29633357763628454,sl,-13.648000000000138,-27.436000000000277,0.0,-27.436000000000277,2026,2026-01-15
h14_r15_t2,1,1768486500000000000,1768513980000000000,4600.038500000001,4615.018,0.36324272337912783,forced_close,14.979499999999462,29.818999999998923,0.0,29.818999999998923,2026,2026-01-15
h00_r30_t1,-1,1768523645000000000,1768525235000000000,4603.4725,4595.5075,0.17286020926177287,tp,7.9650000000001455,15.79000000000029,0.0,15.79000000000029,2026,2026-01-16
h01_r60_t3,-1,1768530930000000000,1768542425000000000,4594.0225,4608.6175,0.31724229823406686,sl,-14.595000000000255,-29.33000000000051,0.0,-29.33000000000051,2026,2026-01-16
h02_r15_t3,-1,1768529700000000000,1768530105000000000,4597.5755,4603.7005,0.13320037217815012,sl,-6.125,-12.39,0.0,-12.39,2026,2026-01-16
h04_r30_t3,1,1768539420000000000,1768540415000000000,4601.4715,4596.1965,0.11470701599210718,sl,-5.274999999999636,-10.689999999999273,0.0,-10.689999999999273,2026,2026-01-16
h05_r60_t2,-1,1768546065000000000,1768575900000000000,4595.3785,4616.2965,0.453596117522564,sl,-20.918000000000575,-41.97600000000115,0.0,-41.97600000000115,2026,2026-01-16
h13_r30_t3,1,1768572360000000000,1768577170000000000,4605.7015,4582.7575,0.5001883009261443,sl,-22.944000000000415,-46.02800000000083,0.0,-46.02800000000083,2026,2026-01-16
h14_r15_t2,1,1768573025000000000,1768573800000000000,4608.8645,4598.4155,0.22679440573798343,sl,-10.448999999999614,-21.03799999999923,0.0,-21.03799999999923,2026,2026-01-16
h00_r30_t1,1,1768782860000000000,1768785410000000000,4678.4655,4661.0525,0.3723928039416038,sl,-17.413000000000466,-34.96600000000093,0.0,-34.96600000000093,2026,2026-01-19
h01_r60_t3,-1,1768788025000000000,1768805735000000000,4656.2915,4678.4315,0.4753674731202006,sl,-22.139999999999418,-44.419999999998836,0.0,-44.419999999998836,2026,2026-01-19
h02_r15_t3,1,1768791635000000000,1768850995000000000,4665.1595,4670.989,0.25630363245260723,forced_close,5.829499999999825,11.51899999999965,0.0,11.51899999999965,2026,2026-01-19
h04_r30_t3,1,1768798310000000000,1768850995000000000,4665.0244999999995,4670.989,0.14606250552961314,forced_close,5.964500000000044,11.789000000000087,0.0,11.789000000000087,2026,2026-01-19
h05_r60_t2,1,1768804375000000000,1768808770000000000,4674.3865000000005,4663.0395,0.24297314158577632,sl,-11.347000000000662,-22.834000000001325,0.0,-22.834000000001325,2026,2026-01-19
h06_r60_t3,-1,1768807010000000000,1768846940000000000,4666.8475,4679.1175,0.26228969929352663,sl,-12.270000000000437,-24.680000000000874,0.0,-24.680000000000874,2026,2026-01-19
h13_r30_t3,1,1768829595000000000,1768829930000000000,4673.7654999999995,4668.5885,0.1108124552172167,sl,-5.17699999999968,-10.49399999999936,0.0,-10.49399999999936,2026,2026-01-19
h14_r15_t2,1,1768832325000000000,1768845185000000000,4666.9735,4677.6895,0.11485105856214692,tp,10.71600000000035,21.292000000000698,0.0,21.292000000000698,2026,2026-01-19
h00_r30_t1,1,1768871045000000000,1768880405000000000,4668.1255,4676.7165,0.1843632851601794,tp,8.59100000000035,17.042000000000698,0.0,17.042000000000698,2026,2026-01-20
h01_r60_t3,1,1768880310000000000,1768896580000000000,4676.1475,4724.852499999999,0.3476607315222855,tp,48.70499999999902,97.26999999999803,0.0,97.26999999999803,2026,2026-01-20
h02_r15_t3,1,1768876070000000000,1768883740000000000,4672.0355,4691.3195,0.1377565294784054,tp,19.28399999999965,38.4279999999993,0.0,38.4279999999993,2026,2026-01-20
h04_r30_t3,1,1768883690000000000,1768888390000000000,4687.2965,4709.895500000001,0.16075707126780217,tp,22.59900000000107,45.05800000000214,0.0,45.05800000000214,2026,2026-01-20
h05_r60_t2,1,1768889240000000000,1768931840000000000,4716.970499999999,4762.280499999999,0.4805213853226804,tp,45.30999999999949,90.47999999999898,0.0,90.47999999999898,2026,2026-01-20
h06_r60_t3,1,1768893180000000000,1768928115000000000,4717.2045,4752.166499999998,0.2472938836566422,tp,34.961999999998625,69.78399999999725,0.0,69.78399999999725,2026,2026-01-20
h13_r30_t3,-1,1768916020000000000,1768916655000000000,4716.0905,4728.4985,0.26291402522791113,sl,-12.407999999999447,-24.955999999998895,0.0,-24.955999999998895,2026,2026-01-20
h14_r15_t2,1,1768919300000000000,1768919665000000000,4748.8075,4732.4015,0.3460494081186184,sl,-16.40599999999995,-32.9519999999999,0.0,-32.9519999999999,2026,2026-01-20
h00_r30_t1,1,1768955460000000000,1768957345000000000,4780.1615,4789.4815,0.19509338054648354,tp,9.319999999999709,18.499999999999417,0.0,18.499999999999417,2026,2026-01-21
h01_r60_t3,1,1768964630000000000,1769024165000000000,4844.4305,4783.5935,1.2581631339402921,sl,-60.837000000000444,-121.81400000000089,0.0,-121.81400000000089,2026,2026-01-21
h02_r15_t3,-1,1768962055000000000,1768964555000000000,4822.7455,4842.2384999999995,0.4037128827446239,sl,-19.492999999999483,-39.12599999999897,0.0,-39.12599999999897,2026,2026-01-21
h04_r30_t3,1,1768969890000000000,1768979055000000000,4854.2995,4837.9865,0.33635013403593256,sl,-16.313000000000102,-32.766000000000204,0.0,-32.766000000000204,2026,2026-01-21
h05_r60_t2,1,1768976555000000000,1768977955000000000,4878.3215,4858.961499999999,0.39753319972030143,sl,-19.360000000000582,-38.860000000001165,0.0,-38.860000000001165,2026,2026-01-21
h06_r60_t3,-1,1768978800000000000,1769032380000000000,4845.5615,4829.319,0.8878195200856953,forced_close,16.24249999999938,32.34499999999876,0.0,32.34499999999876,2026,2026-01-21
h13_r30_t3,1,1769002365000000000,1769004285000000000,4871.4015,4858.4685,0.26567436104782055,sl,-12.932999999999993,-26.005999999999986,0.0,-26.005999999999986,2026,2026-01-21
h14_r15_t2,-1,1769008745000000000,1769032380000000000,4839.3285,4829.319,0.8627242067949941,forced_close,10.009499999999207,19.878999999998413,0.0,19.878999999998413,2026,2026-01-21
h00_r30_t1,1,1769042600000000000,1769043790000000000,4794.3065,4778.2005,0.3367471161088577,sl,-16.105999999999767,-32.351999999999535,0.0,-32.351999999999535,2026,2026-01-22
h01_r60_t3,1,1769061015000000000,1769108850000000000,4809.7755,4922.239499999998,0.7813262851121759,tp,112.46399999999812,224.78799999999626,0.0,224.78799999999626,2026,2026-01-22
h02_r15_t3,-1,1769048830000000000,1769054770000000000,4787.5345,4798.4345,0.22738853137780338,sl,-10.900000000000546,-21.940000000001092,0.0,-21.940000000001092,2026,2026-01-22
h04_r30_t3,-1,1769056250000000000,1769058270000000000,4794.6825,4800.5985,0.12334964338379947,sl,-5.916000000000167,-11.972000000000335,0.0,-11.972000000000335,2026,2026-01-22
h05_r60_t2,1,1769061605000000000,1769098735000000000,4821.7085,4877.590499999999,0.5795249786756296,tp,55.88199999999961,111.62399999999921,0.0,111.62399999999921,2026,2026-01-22
h06_r60_t3,1,1769065345000000000,1769074350000000000,4829.3265,4816.5035,0.26567281594020986,sl,-12.82300000000032,-25.78600000000064,0.0,-25.78600000000064,2026,2026-01-22
h13_r30_t3,-1,1769089365000000000,1769092320000000000,4816.095499999999,4835.3745,0.3992998220973265,sl,-19.27900000000045,-38.6980000000009,0.0,-38.6980000000009,2026,2026-01-22
h14_r15_t2,1,1769091330000000000,1769092320000000000,4825.9835,4837.0715,0.11492281214711465,tp,11.087999999999738,22.035999999999476,0.0,22.035999999999476,2026,2026-01-22
h00_r30_t1,-1,1769128430000000000,1769129900000000000,4948.1404999999995,4963.4185,0.3085105018869007,sl,-15.278000000000247,-30.696000000000495,0.0,-30.696000000000495,2026,2026-01-23
h02_r15_t3,-1,1769135205000000000,1769135435000000000,4947.2615000000005,4956.7835,0.1923809895175196,sl,-9.521999999999025,-19.18399999999805,0.0,-19.18399999999805,2026,2026-01-23
h04_r30_t3,1,1769142665000000000,1769147220000000000,4953.7145,4964.151500000001,0.07024054914825045,tp,10.437000000000808,20.734000000001615,0.0,20.734000000001615,2026,2026-01-23
h05_r60_t2,-1,1769148605000000000,1769156565000000000,4954.5225,4928.740499999999,0.2598607645421898,tp,25.782000000001062,51.424000000002124,0.0,51.424000000002124,2026,2026-01-23
h06_r60_t3,-1,1769154335000000000,1769183270000000000,4945.5915,4963.0265,0.3519529249084562,sl,-17.43499999999949,-35.00999999999898,0.0,-35.00999999999898,2026,2026-01-23
h13_r30_t3,1,1769179000000000000,1769205180000000000,4948.0725,4985.564,0.4901984142714994,forced_close,37.49150000000009,74.84300000000017,0.0,74.84300000000017,2026,2026-01-23
h14_r15_t2,-1,1769178645000000000,1769179000000000000,4934.836499999999,4947.9325,0.26486034714382634,sl,-13.096000000000458,-26.332000000000917,0.0,-26.332000000000917,2026,2026-01-23
h00_r30_t1,1,1769387455000000000,1769389310000000000,5043.9515,5030.5905,0.26495534716120656,sl,-13.360999999999876,-26.861999999999753,0.0,-26.861999999999753,2026,2026-01-26
h01_r60_t3,1,1769394140000000000,1769455310000000000,5085.7785,5029.1815,1.1160365901934162,sl,-56.59700000000066,-113.33400000000132,0.0,-113.33400000000132,2026,2026-01-26
h02_r15_t3,1,1769394075000000000,1769401945000000000,5079.4005,5067.0685,0.24298250583096787,sl,-12.331999999999425,-24.80399999999885,0.0,-24.80399999999885,2026,2026-01-26
h04_r30_t3,-1,1769401930000000000,1769407295000000000,5071.4425,5078.0825,0.1309028382554541,sl,-6.640000000000327,-13.420000000000655,0.0,-13.420000000000655,2026,2026-01-26
h05_r60_t2,1,1769407205000000000,1769454130000000000,5076.5445,5052.4285,0.47525059980287204,sl,-24.115999999999985,-48.37199999999997,0.0,-48.37199999999997,2026,2026-01-26
h13_r30_t3,-1,1769434235000000000,1769437940000000000,5066.1465,5083.3525,0.33919779897966895,sl,-17.20600000000013,-34.55200000000026,0.0,-34.55200000000026,2026,2026-01-26
h14_r15_t2,1,1769437240000000000,1769443470000000000,5073.1355,5102.731500000002,0.2917927041373355,tp,29.596000000001368,59.052000000002735,0.0,59.052000000002735,2026,2026-01-26
h00_r30_t1,-1,1769474500000000000,1769474975000000000,5038.5845,5023.0795,0.3073267753770324,tp,15.50500000000011,30.870000000000218,0.0,30.870000000000218,2026,2026-01-27
h01_r60_t3,1,1769481640000000000,1769550780000000000,5076.0165,5175.785,1.1281836750683925,forced_close,99.76850000000013,199.39700000000028,0.0,199.39700000000028,2026,2026-01-27
h02_r15_t3,1,1769480110000000000,1769523395000000000,5067.6375,5049.6715,0.35476961844295396,sl,-17.96599999999944,-36.07199999999888,0.0,-36.07199999999888,2026,2026-01-27
h04_r30_t3,-1,1769488565000000000,1769492825000000000,5068.5615,5078.6505,0.19880510035874072,sl,-10.088999999999942,-20.317999999999884,0.0,-20.317999999999884,2026,2026-01-27
h05_r60_t2,1,1769493660000000000,1769523200000000000,5085.3405,5057.4155,0.549377639238217,sl,-27.925000000000182,-55.990000000000364,0.0,-55.990000000000364,2026,2026-01-27
h06_r60_t3,1,1769497775000000000,1769502565000000000,5094.095499999999,5076.6525,0.34296757695066965,sl,-17.4429999999993,-35.025999999998604,0.0,-35.025999999998604,2026,2026-01-27
h13_r30_t3,-1,1769520865000000000,1769530260000000000,5076.1775,5093.0545,0.33215657235358736,sl,-16.877000000000407,-33.894000000000815,0.0,-33.894000000000815,2026,2026-01-27
h14_r15_t2,-1,1769523370000000000,1769524875000000000,5055.1005000000005,5077.5745,0.44412979047898,sl,-22.47399999999925,-45.0879999999985,0.0,-45.0879999999985,2026,2026-01-27
h00_r30_t1,1,1769561480000000000,1769562400000000000,5173.2445,5189.3505,0.31193123413386387,tp,16.105999999999767,32.071999999999534,0.0,32.071999999999534,2026,2026-01-28
h01_r60_t3,1,1769567560000000000,1769634410000000000,5225.2955,5394.7535,1.085257958185308,tp,169.45799999999963,338.77599999999927,0.0,338.77599999999927,2026,2026-01-28
h02_r15_t3,1,1769567160000000000,1769578905000000000,5217.7415,5265.906500000001,0.30814541277426916,tp,48.16500000000087,96.19000000000175,0.0,96.19000000000175,2026,2026-01-28
h04_r30_t3,1,1769575320000000000,1769583110000000000,5241.345499999999,5268.066499999997,0.17003963487008047,tp,26.72099999999773,53.30199999999546,0.0,53.30199999999546,2026,2026-01-28
h05_r60_t2,1,1769583100000000000,1769598365000000000,5266.6025,5241.7265,0.4728113066449167,sl,-24.876000000000204,-49.89200000000041,0.0,-49.89200000000041,2026,2026-01-28
h06_r60_t3,1,1769584180000000000,1769598280000000000,5271.4565,5252.1775,0.36583025146157905,sl,-19.27900000000045,-38.6980000000009,0.0,-38.6980000000009,2026,2026-01-28
h13_r30_t3,-1,1769607360000000000,1769612430000000000,5268.7765,5289.6295,0.39480242129581766,sl,-20.853000000000065,-41.84600000000013,0.0,-41.84600000000013,2026,2026-01-28
h14_r15_t2,1,1769610160000000000,1769612900000000000,5270.1975,5248.5325,0.4116693682172049,sl,-21.664999999999964,-43.46999999999993,0.0,-43.46999999999993,2026,2026-01-28
h00_r30_t1,1,1769646810000000000,1769648990000000000,5513.6945,5450.6075,1.1475415949040024,sl,-63.086999999999534,-126.31399999999907,0.0,-126.31399999999907,2026,2026-01-29
h01_r60_t3,1,1769659715000000000,1769699040000000000,5551.8205,5445.5505,1.916201913623408,sl,-106.26999999999953,-212.67999999999904,0.0,-212.67999999999904,2026,2026-01-29
h02_r15_t3,1,1769654185000000000,1769676225000000000,5546.4485,5504.5765,0.7583753503379209,sl,-41.8720000000003,-83.8840000000006,0.0,-83.8840000000006,2026,2026-01-29
h04_r30_t3,1,1769661215000000000,1769664095000000000,5552.7135,5533.6685,0.3433396391607671,sl,-19.045000000000073,-38.230000000000146,0.0,-38.230000000000146,2026,2026-01-29
h05_r60_t2,1,1769666400000000000,1769675995000000000,5564.5845,5516.163500000001,0.8704588249749534,sl,-48.42099999999937,-96.98199999999873,0.0,-96.98199999999873,2026,2026-01-29
h06_r60_t3,-1,1769671015000000000,1769699240000000000,5554.8515,5433.192499999997,0.729143957520407,tp,121.65900000000238,243.17800000000477,0.0,243.17800000000477,2026,2026-01-29
h13_r30_t3,-1,1769693705000000000,1769696835000000000,5508.0815,5540.9035,0.5946161530987155,sl,-32.822000000000116,-65.78400000000023,0.0,-65.78400000000023,2026,2026-01-29
h14_r15_t2,1,1769696820000000000,1769697335000000000,5539.3505000000005,5510.4825,0.5221150579317547,sl,-28.868000000000393,-57.876000000000786,0.0,-57.876000000000786,2026,2026-01-29
h00_r30_t1,-1,1769733040000000000,1769734895000000000,5419.0225,5387.0195,0.5897248058397866,tp,32.0029999999997,63.8659999999994,0.0,63.8659999999994,2026,2026-01-30
h04_r30_t3,1,1769750165000000000,1769752700000000000,5230.9345,5193.8695,0.7113357634346648,sl,-37.06500000000051,-74.27000000000102,0.0,-74.27000000000102,2026,2026-01-30
h05_r60_t2,-1,1769753255000000000,1769762115000000000,5180.1335,5056.959500000001,1.1878060246627762,tp,123.17399999999907,246.20799999999815,0.0,246.20799999999815,2026,2026-01-30
h06_r60_t3,-1,1769756410000000000,1769766325000000000,5145.6235,4966.190499999998,1.160044589498787,tp,179.4330000000018,358.72600000000364,0.0,358.72600000000364,2026,2026-01-30
h13_r30_t3,-1,1769779855000000000,1769783605000000000,5014.2625,5100.0495,1.7063144893920528,sl,-85.78700000000026,-171.7140000000005,0.0,-171.7140000000005,2026,2026-01-30
h14_r15_t2,1,1769782930000000000,1769785090000000000,5073.6075,5017.4974999999995,1.1104176910060537,sl,-56.11000000000058,-112.36000000000116,0.0,-112.36000000000116,2026,2026-01-30
h02_r15_t3,1,1769999520000000000,1770001120000000000,4749.6585,4698.6645,1.077695451177974,sl,-50.99399999999969,-102.12799999999937,0.0,-102.12799999999937,2026,2026-02-02
h13_r30_t3,-1,1770039115000000000,1770069180000000000,4720.7675,4662.052,1.7548636412402594,forced_close,58.71550000000025,117.2910000000005,0.0,117.2910000000005,2026,2026-02-02
h14_r15_t2,-1,1770041990000000000,1770042785000000000,4699.8505000000005,4738.8445,0.8250006902509939,sl,-38.99399999999969,-78.12799999999937,0.0,-78.12799999999937,2026,2026-02-02
h00_r30_t1,1,1770078660000000000,1770085615000000000,4829.3994999999995,4766.3634999999995,1.3078069347834105,sl,-63.03600000000006,-126.21200000000012,0.0,-126.21200000000012,2026,2026-02-03
h01_r60_t3,-1,1770085615000000000,1770099595000000000,4766.559499999999,4857.0355,1.8686934873627954,sl,-90.47600000000057,-181.09200000000112,0.0,-181.09200000000112,2026,2026-02-03
h02_r15_t3,-1,1770084965000000000,1770096545000000000,4789.9775,4842.2145,1.087991015643999,sl,-52.23700000000008,-104.61400000000016,0.0,-104.61400000000016,2026,2026-02-03
h04_r30_t3,1,1770093500000000000,1770103545000000000,4825.139499999999,4897.541499999999,0.5021205511674971,tp,72.40200000000004,144.6640000000001,0.0,144.6640000000001,2026,2026-02-03
h05_r60_t2,1,1770099240000000000,1770103875000000000,4842.2575,4908.2694999999985,0.6840313415923613,tp,66.0119999999988,131.88399999999763,0.0,131.88399999999763,2026,2026-02-03
h06_r60_t3,1,1770103545000000000,1770155580000000000,4894.3735,4938.289,1.590142798596816,forced_close,43.915500000000065,87.69100000000013,0.0,87.69100000000013,2026,2026-02-03
h13_r30_t3,1,1770126110000000000,1770128220000000000,4939.3295,4902.5085,0.746250129075268,sl,-36.82099999999991,-73.78199999999983,0.0,-73.78199999999983,2026,2026-02-03
h14_r15_t2,-1,1770128135000000000,1770131345000000000,4917.7345000000005,4936.7045,0.385234648414478,sl,-18.969999999999345,-38.07999999999869,0.0,-38.07999999999869,2026,2026-02-03
h00_r30_t1,1,1770166095000000000,1770170520000000000,4999.8814999999995,5053.692499999999,1.0801631355262327,tp,53.810999999999694,107.48199999999939,0.0,107.48199999999939,2026,2026-02-04
h01_r60_t3,1,1770170520000000000,1770215895000000000,5053.6345,4985.3215,1.3535937465169694,sl,-68.3130000000001,-136.7660000000002,0.0,-136.7660000000002,2026,2026-02-04
h02_r15_t3,-1,1770172455000000000,1770176125000000000,5046.7345000000005,5065.5345,0.37153258078880663,sl,-18.799999999999272,-37.739999999998545,0.0,-37.739999999998545,2026,2026-02-04
h04_r30_t3,1,1770180395000000000,1770185345000000000,5074.2365,5056.369500000001,0.35296043166780827,sl,-17.86699999999928,-35.87399999999856,0.0,-35.87399999999856,2026,2026-02-04
h05_r60_t2,-1,1770185205000000000,1770190200000000000,5069.3915,5090.3845,0.41327109495186176,sl,-20.993000000000393,-42.126000000000786,0.0,-42.126000000000786,2026,2026-02-04
h06_r60_t3,1,1770189910000000000,1770197555000000000,5083.0915,5051.2335,0.6275276389996506,sl,-31.858000000000175,-63.85600000000035,0.0,-63.85600000000035,2026,2026-02-04
h13_r30_t3,1,1770211880000000000,1770215490000000000,5054.523499999999,5023.128500000001,0.6218330855012791,sl,-31.394999999998618,-62.929999999997236,0.0,-62.929999999997236,2026,2026-02-04
h14_r15_t2,-1,1770215105000000000,1770215905000000000,5034.4125,4984.7305,0.4921007050287111,tp,49.6820000000007,99.2240000000014,0.0,99.2240000000014,2026,2026-02-04
h00_r30_t1,1,1770252330000000000,1770253295000000000,5019.7095,4997.0585,0.4515919308371107,sl,-22.65099999999984,-45.44199999999968,0.0,-45.44199999999968,2026,2026-02-05
h01_r60_t3,-1,1770257255000000000,1770328380000000000,4936.2545,4771.975,1.5311829917132131,forced_close,164.27949999999964,328.4189999999993,0.0,328.4189999999993,2026,2026-02-05
h02_r15_t3,-1,1770257745000000000,1770328380000000000,4901.1125,4771.975,1.246469413280455,forced_close,129.13749999999982,258.13499999999965,0.0,258.13499999999965,2026,2026-02-05
h04_r30_t3,-1,1770267595000000000,1770270310000000000,4863.621499999999,4891.3475,0.5673508087450225,sl,-27.726000000000568,-55.592000000001136,0.0,-55.592000000001136,2026,2026-02-05
h05_r60_t2,1,1770271695000000000,1770293975000000000,4906.8615,4826.4555,1.642189352973595,sl,-80.40599999999995,-160.95199999999988,0.0,-160.95199999999988,2026,2026-02-05
h06_r60_t3,1,1770276370000000000,1770282350000000000,4934.2705000000005,4877.9095,1.145434819035805,sl,-56.361000000000786,-112.86200000000157,0.0,-112.86200000000157,2026,2026-02-05
h13_r30_t3,1,1770298340000000000,1770306475000000000,4865.9035,4802.146500000001,1.3143018581775512,sl,-63.75699999999961,-127.65399999999921,0.0,-127.65399999999921,2026,2026-02-05
h14_r15_t2,-1,1770301130000000000,1770302360000000000,4811.8665,4850.423500000001,0.8008436929950467,sl,-38.5570000000007,-77.2540000000014,0.0,-77.2540000000014,2026,2026-02-05
h00_r30_t1,1,1770337840000000000,1770344915000000000,4730.0525,4804.843499999999,1.5831719894706238,tp,74.79099999999926,149.44199999999853,0.0,149.44199999999853,2026,2026-02-06
h01_r60_t3,1,1770343660000000000,1770414780000000000,4785.056500000001,4963.41,1.9087369939172858,forced_close,178.35349999999926,356.56699999999853,0.0,356.56699999999853,2026,2026-02-06
h02_r15_t3,1,1770344280000000000,1770382815000000000,4796.8634999999995,4905.688499999998,0.7577090762685544,tp,108.82499999999891,217.50999999999783,0.0,217.50999999999783,2026,2026-02-06
h04_r30_t3,1,1770352205000000000,1770357445000000000,4827.7845,4889.506500000001,0.4262661055357829,tp,61.72200000000157,123.30400000000314,0.0,123.30400000000314,2026,2026-02-06
h05_r60_t2,1,1770357600000000000,1770414780000000000,4898.1565,4963.41,1.8451255488400597,forced_close,65.2534999999998,130.36699999999962,0.0,130.36699999999962,2026,2026-02-06
h13_r30_t3,1,1770384745000000000,1770387930000000000,4928.5625,4897.4115,0.6345398811808711,sl,-31.15099999999984,-62.44199999999968,0.0,-62.44199999999968,2026,2026-02-06
h14_r15_t2,-1,1770387755000000000,1770388640000000000,4910.0135,4933.1355,0.4697514463873011,sl,-23.1220000000003,-46.3840000000006,0.0,-46.3840000000006,2026,2026-02-06
h00_r30_t1,-1,1770597700000000000,1770600775000000000,5022.4735,4999.8085,0.4502061383963258,tp,22.664999999999964,45.18999999999993,0.0,45.18999999999993,2026,2026-02-09
h01_r60_t3,-1,1770602425000000000,1770616865000000000,4976.0645,5042.3655,1.330587507737801,sl,-66.30099999999948,-132.74199999999894,0.0,-132.74199999999894,2026,2026-02-09
h02_r15_t3,1,1770603975000000000,1770673980000000000,5000.9835,5064.965,0.6356418254562209,forced_close,63.98149999999987,127.82299999999974,0.0,127.82299999999974,2026,2026-02-09
h04_r30_t3,-1,1770613075000000000,1770614565000000000,5008.7965,5024.9515,0.32195438969514273,sl,-16.154999999999745,-32.44999999999949,0.0,-32.44999999999949,2026,2026-02-09
h05_r60_t2,1,1770616855000000000,1770621240000000000,5041.7685,5011.271500000001,0.6054316531944751,sl,-30.49699999999939,-61.13399999999878,0.0,-61.13399999999878,2026,2026-02-09
h06_r60_t3,-1,1770621240000000000,1770651185000000000,5013.905500000001,5045.8465,0.6348593032647004,sl,-31.940999999998894,-64.02199999999779,0.0,-64.02199999999779,2026,2026-02-09
h13_r30_t3,-1,1770644350000000000,1770647440000000000,5003.4794999999995,5024.8645,0.42729112512237477,sl,-21.38500000000022,-42.91000000000044,0.0,-42.91000000000044,2026,2026-02-09
h14_r15_t2,1,1770646640000000000,1770651185000000000,5017.797500000001,5048.5075000000015,0.30616463641928493,tp,30.710000000000946,61.28000000000189,0.0,61.28000000000189,2026,2026-02-09
h00_r30_t1,-1,1770683725000000000,1770684410000000000,5031.6915,5015.0205,0.33115342041398205,tp,16.671000000000276,33.20200000000055,0.0,33.20200000000055,2026,2026-02-10
h01_r60_t3,1,1770689030000000000,1770701260000000000,5037.9425,5012.4105,0.5073091602465721,sl,-25.532000000000153,-51.204000000000306,0.0,-51.204000000000306,2026,2026-02-10
h02_r15_t3,1,1770689730000000000,1770692705000000000,5046.1925,5031.7075,0.28727935542326155,sl,-14.484999999999673,-29.109999999999346,0.0,-29.109999999999346,2026,2026-02-10
h04_r30_t3,1,1770698900000000000,1770701240000000000,5031.1475,5017.9425,0.26264288354637166,sl,-13.204999999999927,-26.549999999999855,0.0,-26.549999999999855,2026,2026-02-10
h05_r60_t2,1,1770703295000000000,1770737875000000000,5040.6595,5011.4035,0.5805484710645901,sl,-29.255999999999403,-58.65199999999881,0.0,-58.65199999999881,2026,2026-02-10
h06_r60_t3,-1,1770706835000000000,1770712880000000000,5019.0555,5045.548500000001,0.5272542567377841,sl,-26.493000000000393,-53.126000000000786,0.0,-53.126000000000786,2026,2026-02-10
h13_r30_t3,1,1770730230000000000,1770734905000000000,5046.3235,5026.4545,0.39440230205969146,sl,-19.869000000000597,-39.878000000001194,0.0,-39.878000000001194,2026,2026-02-10
h14_r15_t2,1,1770732940000000000,1770734720000000000,5058.4425,5046.835499999999,0.22957225725979258,sl,-11.60700000000088,-23.35400000000176,0.0,-23.35400000000176,2026,2026-02-10
h00_r30_t1,1,1770769880000000000,1770780720000000000,5044.4545,5060.584499999999,0.3200288561666555,tp,16.1299999999992,32.1199999999984,0.0,32.1199999999984,2026,2026-02-11
h01_r60_t3,1,1770775200000000000,1770816650000000000,5052.9305,5030.6475,0.44103237955109137,sl,-22.283000000000357,-44.706000000000714,0.0,-44.706000000000714,2026,2026-02-11
h02_r15_t3,-1,1770776100000000000,1770778245000000000,5034.8575,5057.021500000001,0.43998901417072067,sl,-22.16400000000067,-44.46800000000134,0.0,-44.46800000000134,2026,2026-02-11
h04_r30_t3,-1,1770784975000000000,1770788115000000000,5053.119500000001,5059.664500000001,0.12939166838249982,sl,-6.545000000000073,-13.230000000000146,0.0,-13.230000000000146,2026,2026-02-11
h05_r60_t2,1,1770793165000000000,1770809335000000000,5064.1975,5105.419500000002,0.40792386819732196,tp,41.22200000000157,82.30400000000314,0.0,82.30400000000314,2026,2026-02-11
h06_r60_t3,1,1770793200000000000,1770796085000000000,5064.666499999999,5049.586499999999,0.2977695814352894,sl,-15.079999999999927,-30.299999999999855,0.0,-30.299999999999855,2026,2026-02-11
h13_r30_t3,-1,1770816600000000000,1770830240000000000,5064.1625,5090.202499999999,0.5122449459334519,sl,-26.039999999999054,-52.21999999999811,0.0,-52.21999999999811,2026,2026-02-11
h14_r15_t2,1,1770819395000000000,1770820320000000000,5077.4285,5062.0915,0.30225528717650924,sl,-15.336999999999534,-30.81399999999907,0.0,-30.81399999999907,2026,2026-02-11
h00_r30_t1,-1,1770858240000000000,1770861650000000000,5049.9845000000005,5067.6404999999995,0.3488736150200413,sl,-17.65599999999904,-35.45199999999808,0.0,-35.45199999999808,2026,2026-02-12
h01_r60_t3,1,1770861600000000000,1770908215000000000,5064.103499999999,5045.137500000001,0.37453793707321353,sl,-18.96599999999853,-38.07199999999706,0.0,-38.07199999999706,2026,2026-02-12
h02_r15_t3,1,1770862815000000000,1770863155000000000,5073.0195,5063.6975,0.18392593478995198,sl,-9.322000000000116,-18.784000000000233,0.0,-18.784000000000233,2026,2026-02-12
h04_r30_t3,1,1770870945000000000,1770877935000000000,5058.958500000001,5050.9385,0.15860950488224454,sl,-8.020000000000437,-16.180000000000874,0.0,-16.180000000000874,2026,2026-02-12
h05_r60_t2,-1,1770876490000000000,1770889845000000000,5064.6865,5078.369500000001,0.26958482105257675,sl,-13.683000000000902,-27.506000000001805,0.0,-27.506000000001805,2026,2026-02-12
h06_r60_t3,1,1770887765000000000,1770908215000000000,5076.4185,5047.1335,0.5787782176615176,sl,-29.284999999999854,-58.70999999999971,0.0,-58.70999999999971,2026,2026-02-12
h13_r30_t3,1,1770903285000000000,1770907685000000000,5074.3045,5051.4845000000005,0.45071713302820804,sl,-22.81999999999971,-45.77999999999942,0.0,-45.77999999999942,2026,2026-02-12
h14_r15_t2,-1,1770905755000000000,1770912670000000000,5061.4745,5028.764500000001,0.32287578383253185,tp,32.70999999999913,65.27999999999825,0.0,65.27999999999825,2026,2026-02-12
h00_r30_t1,1,1770944480000000000,1770947135000000000,4948.586499999999,4983.213499999999,0.7014271521605797,tp,34.6269999999995,69.113999999999,0.0,69.113999999999,2026,2026-02-13
h01_r60_t3,1,1770949825000000000,1771019580000000000,4989.1155,5038.359,1.2408172705734284,forced_close,49.243500000000495,98.34700000000099,0.0,98.34700000000099,2026,2026-02-13
h02_r15_t3,1,1770949740000000000,1770950950000000000,4984.878500000001,4972.9145,0.24031955027865745,sl,-11.964000000000851,-24.068000000001703,0.0,-24.068000000001703,2026,2026-02-13
h04_r30_t3,-1,1770957815000000000,1770989420000000000,4975.9575,4997.4025,0.4301560125410127,sl,-21.44499999999971,-43.02999999999942,0.0,-43.02999999999942,2026,2026-02-13
h05_r60_t2,1,1770969990000000000,1770980435000000000,4986.6675,4945.0075,0.8422151552432363,sl,-41.659999999999854,-83.45999999999971,0.0,-83.45999999999971,2026,2026-02-13
h06_r60_t3,1,1770967050000000000,1770980435000000000,4968.9625,4946.2695,0.45685426856156547,sl,-22.6929999999993,-45.525999999998604,0.0,-45.525999999998604,2026,2026-02-13
h13_r30_t3,1,1770989400000000000,1771000130000000000,4976.3385,5032.447499999998,0.37649839183470785,tp,56.10899999999856,112.07799999999712,0.0,112.07799999999712,2026,2026-02-13
h14_r15_t2,1,1770992100000000000,1770993610000000000,5000.5345,4984.9905,0.31101949224226805,sl,-15.543999999999869,-31.22799999999974,0.0,-31.22799999999974,2026,2026-02-13
h00_r30_t1,1,1771203130000000000,1771209910000000000,5021.8695,4999.8925,0.4384602915320995,sl,-21.97699999999986,-44.093999999999724,0.0,-44.093999999999724,2026,2026-02-16
h01_r60_t3,1,1771207245000000000,1771209435000000000,5031.6745,5006.9305,0.4920127954345986,sl,-24.743999999999687,-49.627999999999375,0.0,-49.627999999999375,2026,2026-02-16
h02_r15_t3,-1,1771208835000000000,1771213750000000000,5020.6245,4987.402499999998,0.22051447736088584,tp,33.22200000000157,66.30400000000314,0.0,66.30400000000314,2026,2026-02-16
h04_r30_t3,-1,1771218195000000000,1771221780000000000,4973.0005,4992.2515,0.3868205335374608,sl,-19.251000000000204,-38.64200000000041,0.0,-38.64200000000041,2026,2026-02-16
h05_r60_t2,1,1771221605000000000,1771270195000000000,4990.889499999999,4993.968,0.5245525729254447,forced_close,3.078500000000531,6.017000000001063,0.0,6.017000000001063,2026,2026-02-16
h06_r60_t3,1,1771227665000000000,1771253055000000000,5003.1494999999995,4984.8505000000005,0.3663385355246994,sl,-18.29899999999907,-36.73799999999814,0.0,-36.73799999999814,2026,2026-02-16
h13_r30_t3,-1,1771249120000000000,1771270195000000000,4993.1985,4994.105,0.20949507442300486,forced_close,-0.9064999999991414,-1.952999999998283,0.0,-1.952999999998283,2026,2026-02-16
h14_r15_t2,1,1771251405000000000,1771251510000000000,4998.3835,4994.335499999999,0.08103352171426503,sl,-4.048000000000684,-8.236000000001368,0.0,-8.236000000001368,2026,2026-02-16
h00_r30_t1,-1,1771288950000000000,1771289550000000000,4971.164500000001,4950.621500000001,0.41305667671241764,tp,20.542999999999665,40.94599999999933,0.0,40.94599999999933,2026,2026-02-17
h01_r60_t3,1,1771294135000000000,1771305335000000000,4964.199500000001,4922.871499999999,0.8335502356310525,sl,-41.32800000000134,-82.79600000000268,0.0,-82.79600000000268,2026,2026-02-17
h02_r15_t3,1,1771294620000000000,1771298775000000000,4965.9794999999995,4954.4905,0.23139255155250577,sl,-11.488999999999578,-23.117999999999157,0.0,-23.117999999999157,2026,2026-02-17
h04_r30_t3,1,1771302625000000000,1771304785000000000,4960.4895,4946.9105,0.27379127523442526,sl,-13.578999999999724,-27.297999999999448,0.0,-27.297999999999448,2026,2026-02-17
h06_r60_t3,1,1771312910000000000,1771336650000000000,4914.4635,4886.6425,0.5665610461330475,sl,-27.820999999999913,-55.781999999999826,0.0,-55.781999999999826,2026,2026-02-17
h13_r30_t3,-1,1771335130000000000,1771336895000000000,4911.2215,4844.618499999997,0.4512839109592091,tp,66.6030000000028,133.0660000000056,0.0,133.0660000000056,2026,2026-02-17
h14_r15_t2,1,1771337720000000000,1771365180000000000,4900.1265,4877.588,1.2008439422654704,forced_close,-22.538500000000568,-45.217000000001136,0.0,-45.217000000001136,2026,2026-02-17
h00_r30_t1,1,1771374725000000000,1771376545000000000,4872.1945,4885.807499999999,0.27951208068951733,tp,13.612999999999374,27.085999999998748,0.0,27.085999999998748,2026,2026-02-18
h01_r60_t3,1,1771380190000000000,1771419630000000000,4893.065500000001,4948.529500000004,0.378084088330758,tp,55.46400000000358,110.78800000000716,0.0,110.78800000000716,2026,2026-02-18
h02_r15_t3,1,1771381510000000000,1771419565000000000,4901.744500000001,4946.816500000004,0.3066955847288146,tp,45.072000000003754,90.00400000000751,0.0,90.00400000000751,2026,2026-02-18
h04_r30_t3,1,1771389000000000000,1771404790000000000,4933.6175,4918.4015,0.3084483029312694,sl,-15.21600000000035,-30.5720000000007,0.0,-30.5720000000007,2026,2026-02-18
h05_r60_t2,-1,1771394495000000000,1771398850000000000,4929.9455,4939.8955000000005,0.20168137403596006,sl,-9.950000000000728,-20.040000000001456,0.0,-20.040000000001456,2026,2026-02-18
h06_r60_t3,1,1771398360000000000,1771402760000000000,4936.2065,4925.0825,0.22560968004251367,sl,-11.123999999999796,-22.387999999999593,0.0,-22.387999999999593,2026,2026-02-18
h13_r30_t3,1,1771421745000000000,1771433275000000000,4959.6765,5009.422500000001,0.33455960127243084,tp,49.746000000001004,99.35200000000201,0.0,99.35200000000201,2026,2026-02-18
h14_r15_t2,1,1771424180000000000,1771425405000000000,4961.4195,4979.7415,0.18474494015956025,tp,18.322000000000116,36.50400000000023,0.0,36.50400000000023,2026,2026-02-18
h00_r30_t1,-1,1771462280000000000,1771466510000000000,4961.1455000000005,4976.5064999999995,0.30923606452263463,sl,-15.360999999998967,-30.861999999997934,0.0,-30.861999999997934,2026,2026-02-19
h01_r60_t3,1,1771466510000000000,1771484930000000000,4975.592500000001,5020.379500000001,0.3001836712267966,tp,44.78700000000026,89.43400000000052,0.0,89.43400000000052,2026,2026-02-19
h02_r15_t3,-1,1771467360000000000,1771472045000000000,4971.0645,4977.4805,0.12897857751463263,sl,-6.415999999999258,-12.971999999998516,0.0,-12.971999999998516,2026,2026-02-19
h04_r30_t3,1,1771475550000000000,1771476425000000000,4985.1115,4978.1155,0.14047655405953033,sl,-6.996000000000095,-14.13200000000019,0.0,-14.13200000000019,2026,2026-02-19
h05_r60_t2,1,1771480815000000000,1771495865000000000,4998.610500000001,4984.3145,0.28608011904263375,sl,-14.296000000000276,-28.732000000000554,0.0,-28.732000000000554,2026,2026-02-19
h06_r60_t3,1,1771484400000000000,1771493770000000000,5020.244500000001,4996.720499999999,0.4687533470461805,sl,-23.52400000000125,-47.1880000000025,0.0,-47.1880000000025,2026,2026-02-19
h13_r30_t3,-1,1771507835000000000,1771508010000000000,4974.592500000001,4987.9215,0.2673920965363851,sl,-13.328999999999724,-26.797999999999448,0.0,-26.797999999999448,2026,2026-02-19
h14_r15_t2,-1,1771510500000000000,1771512520000000000,4972.1605,4997.2855,0.5052310263127335,sl,-25.125,-50.39,0.0,-50.39,2026,2026-02-19
h00_r30_t1,1,1771548345000000000,1771549200000000000,4996.595499999999,5007.634499999998,0.22118199828185425,tp,11.03899999999885,21.9379999999977,0.0,21.9379999999977,2026,2026-02-20
h01_r60_t3,-1,1771552870000000000,1771567260000000000,4995.1314999999995,5015.005499999999,0.39769901284637044,sl,-19.873999999999796,-39.88799999999959,0.0,-39.88799999999959,2026,2026-02-20
h02_r15_t3,-1,1771556730000000000,1771566605000000000,4992.6945,5007.4205,0.29469195275444354,sl,-14.726000000000568,-29.592000000001136,0.0,-29.592000000001136,2026,2026-02-20
h04_r30_t3,1,1771561800000000000,1771567905000000000,4994.7305,5018.694499999998,0.1599411013089997,tp,23.963999999998123,47.787999999996245,0.0,47.787999999996245,2026,2026-02-20
h05_r60_t2,1,1771567200000000000,1771578810000000000,5011.9935000000005,5039.961500000001,0.2790107369452969,tp,27.968000000000757,55.79600000000151,0.0,55.79600000000151,2026,2026-02-20
h06_r60_t3,-1,1771572195000000000,1771577655000000000,5011.8735,5030.333500000001,0.36766349747770977,sl,-18.460000000000946,-37.06000000000189,0.0,-37.06000000000189,2026,2026-02-20
h13_r30_t3,1,1771594200000000000,1771594325000000000,5032.1044999999995,5023.6715,0.16768426204755318,sl,-8.432999999999083,-17.005999999998167,0.0,-17.005999999998167,2026,2026-02-20
h14_r15_t2,1,1771597885000000000,1771599780000000000,5047.3165,5037.1265,0.20206196401650403,sl,-10.1899999999996,-20.5199999999992,0.0,-20.5199999999992,2026,2026-02-20
h00_r30_t1,1,1771811100000000000,1771831570000000000,5166.9645,5129.744500000001,0.7222596364270607,sl,-37.219999999999345,-74.57999999999869,0.0,-74.57999999999869,2026,2026-02-23
h01_r60_t3,1,1771814240000000000,1771830205000000000,5168.029500000001,5140.2125,0.5393133908682558,sl,-27.817000000000917,-55.774000000001834,0.0,-55.774000000001834,2026,2026-02-23
h02_r15_t3,1,1771813005000000000,1771816345000000000,5167.273499999999,5156.7905,0.20312716626750613,sl,-10.482999999999265,-21.10599999999853,0.0,-21.10599999999853,2026,2026-02-23
h04_r30_t3,-1,1771823045000000000,1771857030000000000,5155.8385,5168.9395,0.25388794377219365,sl,-13.101000000000568,-26.342000000001136,0.0,-26.342000000001136,2026,2026-02-23
h05_r60_t2,-1,1771828175000000000,1771831565000000000,5152.398499999999,5132.804499999998,0.18992420769842433,tp,19.59400000000096,39.04800000000192,0.0,39.04800000000192,2026,2026-02-23
h06_r60_t3,-1,1771830000000000000,1771844180000000000,5144.985500000001,5161.9245,0.32916978925184354,sl,-16.938999999999396,-34.01799999999879,0.0,-34.01799999999879,2026,2026-02-23
h13_r30_t3,-1,1771855225000000000,1771856645000000000,5143.6585,5165.612499999999,0.426296352859354,sl,-21.953999999999724,-44.04799999999945,0.0,-44.04799999999945,2026,2026-02-23
h14_r15_t2,1,1771856100000000000,1771857870000000000,5157.4065,5188.982499999999,0.3061417309398424,tp,31.575999999999112,63.011999999998224,0.0,63.011999999998224,2026,2026-02-23
h00_r30_t1,-1,1771894800000000000,1771895265000000000,5217.5585,5196.779500000001,0.3975342126889259,tp,20.77899999999954,41.41799999999908,0.0,41.41799999999908,2026,2026-02-24
h02_r15_t3,-1,1771899465000000000,1771900425000000000,5166.657499999999,5181.699500000001,0.29079374493803006,sl,-15.04200000000128,-30.22400000000256,0.0,-30.22400000000256,2026,2026-02-24
h04_r30_t3,1,1771910475000000000,1771914905000000000,5174.9685,5161.1515,0.2671601888973548,sl,-13.817000000000007,-27.774000000000015,0.0,-27.774000000000015,2026,2026-02-24
h05_r60_t2,-1,1771914855000000000,1771941565000000000,5164.4105,5121.3485,0.4154567829721176,tp,43.0619999999999,85.9839999999998,0.0,85.9839999999998,2026,2026-02-24
h13_r30_t3,-1,1771939855000000000,1771941565000000000,5150.3855,5117.181500000002,0.2146525999524518,tp,33.203999999997905,66.26799999999581,0.0,66.26799999999581,2026,2026-02-24
h14_r15_t2,1,1771943800000000000,1771969980000000000,5127.7055,5144.427,0.6700977662591627,forced_close,16.72149999999965,33.3029999999993,0.0,33.3029999999993,2026,2026-02-24
h00_r30_t1,1,1771979470000000000,1771981540000000000,5149.853499999999,5163.053499999998,0.25677184683440496,tp,13.199999999998909,26.259999999997817,0.0,26.259999999997817,2026,2026-02-25
h01_r60_t3,1,1771985700000000000,1772056380000000000,5190.2675,5171.139,0.8891164035089846,forced_close,-19.128499999999804,-38.39699999999961,0.0,-38.39699999999961,2026,2026-02-25
h02_r15_t3,1,1771985700000000000,1771987855000000000,5189.4015,5176.4565,0.24948866387689794,sl,-12.944999999999709,-26.02999999999942,0.0,-26.02999999999942,2026,2026-02-25
h04_r30_t3,1,1771995730000000000,1772015535000000000,5185.3215,5172.0145,0.2567405983250177,sl,-13.306999999999789,-26.75399999999958,0.0,-26.75399999999958,2026,2026-02-25
h05_r60_t2,-1,1771999720000000000,1772037975000000000,5182.663500000001,5210.8755,0.5423344082173608,sl,-28.211999999999534,-56.56399999999907,0.0,-56.56399999999907,2026,2026-02-25
h06_r60_t3,-1,1772004400000000000,1772031980000000000,5182.398499999999,5201.9335,0.376059876201527,sl,-19.535000000000764,-39.21000000000153,0.0,-39.21000000000153,2026,2026-02-25
h13_r30_t3,1,1772026855000000000,1772029430000000000,5191.681,5181.0735,0.20297099027963322,sl,-10.607499999999163,-21.354999999998327,0.0,-21.354999999998327,2026,2026-02-25
h14_r15_t2,-1,1772028910000000000,1772030140000000000,5183.708500000001,5168.4985000000015,0.1466669713791037,tp,15.209999999999127,30.279999999998253,0.0,30.279999999998253,2026,2026-02-25
h00_r30_t1,1,1772065800000000000,1772116235000000000,5186.4555,5155.5215,0.5965722839583054,sl,-30.934000000000196,-62.00800000000039,0.0,-62.00800000000039,2026,2026-02-26
h01_r60_t3,-1,1772073240000000000,1772079135000000000,5178.6095000000005,5198.4375,0.38190364560234463,sl,-19.82799999999952,-39.79599999999904,0.0,-39.79599999999904,2026,2026-02-26
h02_r15_t3,-1,1772072105000000000,1772078830000000000,5182.4725,5195.8544999999995,0.2581835872064574,sl,-13.381999999999607,-26.903999999999215,0.0,-26.903999999999215,2026,2026-02-26
h04_r30_t3,-1,1772081345000000000,1772082825000000000,5191.6685,5199.5625,0.15196964226396711,sl,-7.894000000000233,-15.928000000000466,0.0,-15.928000000000466,2026,2026-02-26
h05_r60_t2,-1,1772089355000000000,1772116230000000000,5189.853499999999,5157.533499999998,0.3108796827334474,tp,32.32000000000153,64.50000000000306,0.0,64.50000000000306,2026,2026-02-26
h06_r60_t3,-1,1772089355000000000,1772106860000000000,5190.4265,5162.226499999998,0.1810094337688031,tp,28.200000000001637,56.260000000003274,0.0,56.260000000003274,2026,2026-02-26
h13_r30_t3,-1,1772112635000000000,1772120895000000000,5168.344499999999,5185.8495,0.33825129394889625,sl,-17.50500000000102,-35.15000000000204,0.0,-35.15000000000204,2026,2026-02-26
h14_r15_t2,1,1772115925000000000,1772116230000000000,5170.3585,5160.2435000000005,0.19579208641873203,sl,-10.114999999999782,-20.369999999999564,0.0,-20.369999999999564,2026,2026-02-26
h00_r30_t1,-1,1772152560000000000,1772157600000000000,5178.967500000001,5195.217500000001,0.31320407674135925,sl,-16.25,-32.64,0.0,-32.64,2026,2026-02-27
h01_r60_t3,1,1772157600000000000,1772228755000000000,5194.6095000000005,5277.571500000002,0.5324265870202478,tp,82.96200000000135,165.78400000000272,0.0,165.78400000000272,2026,2026-02-27
h02_r15_t3,-1,1772158780000000000,1772171910000000000,5191.8405,5200.0365,0.1577774858111418,sl,-8.195999999999913,-16.531999999999826,0.0,-16.531999999999826,2026,2026-02-27
h04_r30_t3,-1,1772168365000000000,1772169865000000000,5182.003500000001,5189.0375,0.1356031404638528,sl,-7.033999999999651,-14.207999999999302,0.0,-14.207999999999302,2026,2026-02-27
h05_r60_t2,-1,1772176490000000000,1772197645000000000,5181.3765,5200.7725,0.3731663101776557,sl,-19.39599999999973,-38.93199999999946,0.0,-38.93199999999946,2026,2026-02-27
h06_r60_t3,-1,1772175600000000000,1772197645000000000,5185.1205,5199.1715,0.27094399908985467,sl,-14.051000000000386,-28.242000000000772,0.0,-28.242000000000772,2026,2026-02-27
h13_r30_t3,1,1772207545000000000,1772229180000000000,5240.7545,5278.857,1.0283645031152278,forced_close,38.102499999999964,76.06499999999993,0.0,76.06499999999993,2026,2026-02-27
h14_r15_t2,1,1772202060000000000,1772203275000000000,5230.3355,5217.4295,0.24693462689882556,sl,-12.905999999999949,-25.9519999999999,0.0,-25.9519999999999,2026,2026-02-27
h00_r30_t1,-1,1772412780000000000,1772414975000000000,5349.1695,5309.779500000001,0.7342421047304264,tp,39.38999999999942,78.63999999999884,0.0,78.63999999999884,2026,2026-03-02
h01_r60_t3,1,1772419410000000000,1772467220000000000,5347.779500000001,5303.1715,0.837676592950266,sl,-44.608000000000175,-89.35600000000035,0.0,-89.35600000000035,2026,2026-03-02
h02_r15_t3,1,1772418160000000000,1772435260000000000,5335.958500000001,5392.799500000001,0.3556173015784704,tp,56.84100000000035,113.5420000000007,0.0,113.5420000000007,2026,2026-03-02
h04_r30_t3,-1,1772426180000000000,1772431555000000000,5355.6625,5367.3295,0.21753375786629087,sl,-11.666999999999462,-23.473999999998924,0.0,-23.473999999998924,2026,2026-03-02
h05_r60_t2,1,1772431200000000000,1772435885000000000,5366.5625,5418.3944999999985,0.4829576028411544,tp,51.831999999998516,103.52399999999703,0.0,103.52399999999703,2026,2026-03-02
h06_r60_t3,1,1772434940000000000,1772460615000000000,5390.0285,5363.7474999999995,0.4877713345207464,sl,-26.28100000000086,-52.70200000000172,0.0,-52.70200000000172,2026,2026-03-02
h13_r30_t3,1,1772458245000000000,1772460285000000000,5410.371499999999,5381.9365,0.5263859885620404,sl,-28.43499999999949,-57.00999999999898,0.0,-57.00999999999898,2026,2026-03-02
h14_r15_t2,-1,1772461100000000000,1772467220000000000,5363.202499999999,5298.658499999998,0.6003836673392429,tp,64.54400000000169,128.9480000000034,0.0,128.9480000000034,2026,2026-03-02
h00_r30_t1,1,1772497830000000000,1772503220000000000,5359.4055,5337.306500000001,0.41245941360360633,sl,-22.09899999999925,-44.3379999999985,0.0,-44.3379999999985,2026,2026-03-03
h01_r60_t3,-1,1772503200000000000,1772536070000000000,5338.0285,5212.247500000001,0.7852213502222568,tp,125.78099999999904,251.4219999999981,0.0,251.4219999999981,2026,2026-03-03
h02_r15_t3,1,1772504835000000000,1772516915000000000,5357.2525000000005,5332.5895,0.4609871644896981,sl,-24.663000000000466,-49.46600000000093,0.0,-49.46600000000093,2026,2026-03-03
h04_r30_t3,1,1772512320000000000,1772514000000000000,5375.7875,5359.6314999999995,0.300729066955325,sl,-16.15600000000086,-32.45200000000172,0.0,-32.45200000000172,2026,2026-03-03
h05_r60_t2,-1,1772518120000000000,1772536150000000000,5305.1575,5181.3015000000005,1.1642699159237597,tp,123.85599999999977,247.57199999999955,0.0,247.57199999999955,2026,2026-03-03
h06_r60_t3,1,1772523510000000000,1772529910000000000,5323.3724999999995,5278.9955,0.8356019098880344,sl,-44.3769999999995,-88.893999999999,0.0,-88.893999999999,2026,2026-03-03
h13_r30_t3,-1,1772545545000000000,1772574780000000000,5146.306500000001,5083.535,1.5121826731345724,forced_close,62.77150000000074,125.40300000000148,0.0,125.40300000000148,2026,2026-03-03
h14_r15_t2,-1,1772547435000000000,1772548895000000000,5150.0785,5098.4905,0.49939105616832596,tp,51.58799999999974,103.03599999999948,0.0,103.03599999999948,2026,2026-03-03
h00_r30_t1,1,1772584215000000000,1772586090000000000,5129.0015,5152.0815,0.4503250759752826,tp,23.079999999999927,46.019999999999854,0.0,46.019999999999854,2026,2026-03-04
h01_r60_t3,1,1772590155000000000,1772604375000000000,5178.8045,5138.4365,0.7800887977119172,sl,-40.36800000000039,-80.87600000000079,0.0,-80.87600000000079,2026,2026-03-04
h02_r15_t3,-1,1772591710000000000,1772618925000000000,5168.5064999999995,5191.1565,0.4363856211612259,sl,-22.650000000000546,-45.44000000000109,0.0,-45.44000000000109,2026,2026-03-04
h04_r30_t3,-1,1772598680000000000,1772614080000000000,5163.1085,5180.8265,0.34284417279554996,sl,-17.717999999999847,-35.575999999999695,0.0,-35.575999999999695,2026,2026-03-04
h05_r60_t2,-1,1772604070000000000,1772607740000000000,5152.2315,5168.0405,0.3063667958004008,sl,-15.809000000000196,-31.758000000000393,0.0,-31.758000000000393,2026,2026-03-04
h06_r60_t3,1,1772607605000000000,1772645035000000000,5161.074500000001,5121.720499999999,0.7625524249948226,sl,-39.35400000000118,-78.84800000000236,0.0,-78.84800000000236,2026,2026-03-04
h13_r30_t3,-1,1772632770000000000,1772661180000000000,5170.970499999999,5138.623,0.4895255796325442,forced_close,32.347499999999854,64.55499999999971,0.0,64.55499999999971,2026,2026-03-04
h14_r15_t2,-1,1772633700000000000,1772634720000000000,5163.8904999999995,5180.8505000000005,0.328337829425612,sl,-16.960000000000946,-34.06000000000189,0.0,-34.06000000000189,2026,2026-03-04
h00_r30_t1,1,1772672785000000000,1772689860000000000,5180.0165,5159.7525000000005,0.39166922042186997,sl,-20.263999999999214,-40.66799999999843,0.0,-40.66799999999843,2026,2026-03-05
h01_r60_t3,1,1772677405000000000,1772686380000000000,5186.7485,5167.3285,0.3754149596675407,sl,-19.420000000000073,-38.980000000000146,0.0,-38.980000000000146,2026,2026-03-05
h02_r15_t3,1,1772676960000000000,1772686070000000000,5181.9625,5171.8655,0.1949613393614191,sl,-10.096999999999753,-20.333999999999506,0.0,-20.333999999999506,2026,2026-03-05
h04_r30_t3,-1,1772685735000000000,1772690930000000000,5174.9805,5139.0014999999985,0.23159866710555244,tp,35.97900000000118,71.81800000000236,0.0,71.81800000000236,2026,2026-03-05
h05_r60_t2,-1,1772690400000000000,1772701720000000000,5148.4025,5176.9755000000005,0.5549355185825191,sl,-28.57300000000032,-57.28600000000064,0.0,-57.28600000000064,2026,2026-03-05
h06_r60_t3,1,1772694050000000000,1772716855000000000,5168.898499999999,5120.7564999999995,0.9316169510473399,sl,-48.141999999999825,-96.42399999999965,0.0,-96.42399999999965,2026,2026-03-05
h13_r30_t3,-1,1772723315000000000,1772747580000000000,5081.699500000001,5082.886,1.611552348262134,forced_close,-1.1864999999997963,-2.5129999999995927,0.0,-2.5129999999995927,2026,2026-03-05
h14_r15_t2,-1,1772720120000000000,1772723325000000000,5110.0645,5070.0285,0.3914915803788369,tp,40.03600000000006,79.93200000000012,0.0,79.93200000000012,2026,2026-03-05
h00_r30_t1,-1,1772758820000000000,1772760785000000000,5074.157499999999,5092.529500000001,0.36088924666140043,sl,-18.372000000001208,-36.884000000002416,0.0,-36.884000000002416,2026,2026-03-06
h02_r15_t3,-1,1772764730000000000,1772767190000000000,5125.681500000001,5138.470499999999,0.24928247716102264,sl,-12.78899999999885,-25.7179999999977,0.0,-25.7179999999977,2026,2026-03-06
h04_r30_t3,-1,1772773075000000000,1772785720000000000,5127.6295,5100.653500000002,0.1752856408369398,tp,26.97599999999784,53.81199999999568,0.0,53.81199999999568,2026,2026-03-06
h05_r60_t2,-1,1772776870000000000,1772791295000000000,5114.2445,5082.204499999999,0.31303910458311013,tp,32.04000000000087,63.940000000001746,0.0,63.940000000001746,2026,2026-03-06
h06_r60_t3,-1,1772780825000000000,1772784330000000000,5109.3415,5123.1325,0.2695820071456386,sl,-13.790999999999258,-27.721999999998516,0.0,-27.721999999998516,2026,2026-03-06
h13_r30_t3,1,1772803800000000000,1772809610000000000,5088.9395,5159.370500000003,0.46180599643590436,tp,70.43100000000231,140.72200000000464,0.0,140.72200000000464,2026,2026-03-06
h14_r15_t2,1,1772807025000000000,1772809320000000000,5102.9745,5146.978500000001,0.43164896004128556,tp,44.004000000000815,87.86800000000163,0.0,87.86800000000163,2026,2026-03-06
h00_r30_t1,-1,1773018015000000000,1773018955000000000,5028.4425,5080.6425,1.034490651583446,sl,-52.19999999999982,-104.53999999999964,0.0,-104.53999999999964,2026,2026-03-09
h01_r60_t3,1,1773022210000000000,1773089580000000000,5087.9205,5139.147,1.4460759250013557,forced_close,51.22649999999976,102.31299999999952,0.0,102.31299999999952,2026,2026-03-09
h02_r15_t3,1,1773025065000000000,1773089580000000000,5095.5355,5139.147,0.7851708703570024,forced_close,43.61149999999998,87.08299999999996,0.0,87.08299999999996,2026,2026-03-09
h04_r30_t3,-1,1773031550000000000,1773032740000000000,5087.2455,5097.3945,0.19942009210972847,sl,-10.149000000000342,-20.438000000000685,0.0,-20.438000000000685,2026,2026-03-09
h06_r60_t3,-1,1773039600000000000,1773083990000000000,5097.1005000000005,5133.922500000001,0.722296637315072,sl,-36.822000000000116,-73.78400000000023,0.0,-73.78400000000023,2026,2026-03-09
h13_r30_t3,1,1773063025000000000,1773063670000000000,5099.1805,5084.4715,0.28868893438574394,sl,-14.709000000000742,-29.558000000001485,0.0,-29.558000000001485,2026,2026-03-09
h14_r15_t2,1,1773066715000000000,1773086435000000000,5088.6025,5144.5685,0.5517961870002075,tp,55.96600000000035,111.7920000000007,0.0,111.7920000000007,2026,2026-03-09
h00_r30_t1,-1,1773102710000000000,1773104485000000000,5129.0015,5141.6385,0.24629430561600948,sl,-12.636999999999716,-25.413999999999433,0.0,-25.413999999999433,2026,2026-03-10
h01_r60_t3,1,1773108005000000000,1773175980000000000,5186.1965,5193.897,1.1850683623918006,forced_close,7.70049999999992,15.26099999999984,0.0,15.26099999999984,2026,2026-03-10
h02_r15_t3,-1,1773111375000000000,1773131450000000000,5170.619500000001,5187.3495,0.3232721869691853,sl,-16.729999999999563,-33.59999999999913,0.0,-33.59999999999913,2026,2026-03-10
h04_r30_t3,1,1773118880000000000,1773148230000000000,5166.582,5202.234,0.23019036514634328,tp,35.652000000000044,71.16400000000009,0.0,71.16400000000009,2026,2026-03-10
h05_r60_t2,1,1773122520000000000,1773127335000000000,5179.3235,5163.693499999999,0.3018604394705801,sl,-15.630000000001019,-31.400000000002038,0.0,-31.400000000002038,2026,2026-03-10
h06_r60_t3,-1,1773126170000000000,1773129585000000000,5171.916499999999,5181.2045,0.1794747754174139,sl,-9.288000000000466,-18.716000000000932,0.0,-18.716000000000932,2026,2026-03-10
h13_r30_t3,-1,1773151855000000000,1773156690000000000,5186.1595,5228.9575,0.8196472498544376,sl,-42.798000000000684,-85.73600000000137,0.0,-85.73600000000137,2026,2026-03-10
h14_r15_t2,1,1773152200000000000,1773166715000000000,5208.6875,5185.2805,0.45053945107406906,sl,-23.407000000000153,-46.954000000000306,0.0,-46.954000000000306,2026,2026-03-10
h00_r30_t1,1,1773190075000000000,1773214630000000000,5215.6855,5186.8385,0.5533959359248529,sl,-28.846999999999753,-57.833999999999506,0.0,-57.833999999999506,2026,2026-03-11
h01_r60_t3,-1,1773194420000000000,1773234000000000000,5208.4865,5164.173500000001,0.28357553210247866,tp,44.31299999999919,88.48599999999838,0.0,88.48599999999838,2026,2026-03-11
h02_r15_t3,1,1773197020000000000,1773207025000000000,5209.952499999999,5194.1065,0.3046454977842173,sl,-15.845999999999549,-31.8319999999991,0.0,-31.8319999999991,2026,2026-03-11
h04_r30_t3,-1,1773207000000000000,1773209625000000000,5199.4925,5208.6985,0.17678282337685208,sl,-9.206000000000131,-18.552000000000263,0.0,-18.552000000000263,2026,2026-03-11
h05_r60_t2,1,1773209610000000000,1773214425000000000,5208.2515,5190.4395,0.3425388897120717,sl,-17.811999999999898,-35.7639999999998,0.0,-35.7639999999998,2026,2026-03-11
h06_r60_t3,-1,1773214390000000000,1773262380000000000,5191.8724999999995,5177.941,0.3675238857340301,forced_close,13.931499999999687,27.722999999999374,0.0,27.722999999999374,2026,2026-03-11
h13_r30_t3,-1,1773236745000000000,1773237685000000000,5162.3345,5183.0165,0.39916503829963235,sl,-20.68199999999979,-41.50399999999958,0.0,-41.50399999999958,2026,2026-03-11
h14_r15_t2,1,1773238530000000000,1773240195000000000,5190.4185,5174.8825,0.299353863107075,sl,-15.536000000000058,-31.212000000000117,0.0,-31.212000000000117,2026,2026-03-11
h00_r30_t1,1,1773275840000000000,1773309740000000000,5158.2545,5190.9365,0.6342241781230264,tp,32.68199999999979,65.22399999999958,0.0,65.22399999999958,2026,2026-03-12
h01_r60_t3,1,1773281075000000000,1773283620000000000,5173.175499999999,5151.5445,0.41851273101177017,sl,-21.630999999999403,-43.40199999999881,0.0,-43.40199999999881,2026,2026-03-12
h02_r15_t3,1,1773281910000000000,1773282870000000000,5174.5905,5167.3634999999995,0.13967804471612322,sl,-7.227000000000771,-14.594000000001543,0.0,-14.594000000001543,2026,2026-03-12
h04_r30_t3,-1,1773290080000000000,1773293130000000000,5150.0335,5138.183499999997,0.0766613608594986,tp,11.850000000002183,23.560000000004365,0.0,23.560000000004365,2026,2026-03-12
h05_r60_t2,1,1773295280000000000,1773327715000000000,5157.6295,5137.2965,0.3944491558180791,sl,-20.33299999999963,-40.80599999999926,0.0,-40.80599999999926,2026,2026-03-12
h06_r60_t3,1,1773299745000000000,1773323760000000000,5170.514499999999,5147.4035,0.44735843948923926,sl,-23.110999999998967,-46.361999999997934,0.0,-46.361999999997934,2026,2026-03-12
h13_r30_t3,-1,1773322575000000000,1773346850000000000,5159.2595,5078.1005000000005,0.5231343313165383,tp,81.15899999999965,162.17799999999932,0.0,162.17799999999932,2026,2026-03-12
h14_r15_t2,-1,1773325455000000000,1773328260000000000,5150.0205000000005,5122.950500000001,0.2622568759112236,tp,27.06999999999971,53.99999999999942,0.0,53.99999999999942,2026,2026-03-12
h00_r30_t1,1,1773361860000000000,1773363630000000000,5108.6855,5119.958499999999,0.22075316719500285,tp,11.272999999999229,22.405999999998457,0.0,22.405999999998457,2026,2026-03-13
h01_r60_t3,1,1773367200000000000,1773372545000000000,5124.706,5108.8225,0.3028008197635422,sl,-15.883499999999913,-31.906999999999826,0.0,-31.906999999999826,2026,2026-03-13
h02_r15_t3,-1,1773368100000000000,1773375880000000000,5122.6385,5105.058500000001,0.11438309886261375,tp,17.579999999999018,35.019999999998035,0.0,35.019999999998035,2026,2026-03-13
h04_r30_t3,-1,1773376570000000000,1773403320000000000,5103.7005,5118.0185,0.28042390270046985,sl,-14.318000000000211,-28.776000000000423,0.0,-28.776000000000423,2026,2026-03-13
h05_r60_t2,-1,1773382875000000000,1773386520000000000,5098.3405,5073.006500000001,0.248213667937444,tp,25.333999999998923,50.527999999997846,0.0,50.527999999997846,2026,2026-03-13
h06_r60_t3,-1,1773385200000000000,1773403195000000000,5085.9175,5107.6985,0.4280561199437746,sl,-21.78100000000086,-43.70200000000172,0.0,-43.70200000000172,2026,2026-03-13
h13_r30_t3,-1,1773408600000000000,1773413520000000000,5107.3775000000005,5065.200500000003,0.27519626990529983,tp,42.17699999999786,84.21399999999572,0.0,84.21399999999572,2026,2026-03-13
h14_r15_t2,-1,1773411300000000000,1773413720000000000,5090.925499999999,5057.0234999999975,0.3329453128828766,tp,33.90200000000186,67.66400000000372,0.0,67.66400000000372,2026,2026-03-13
h00_r30_t1,1,1773621210000000000,1773623610000000000,5028.8505000000005,4996.6805,0.6412043240332146,sl,-32.17000000000007,-64.48000000000015,0.0,-64.48000000000015,2026,2026-03-16
h02_r15_t3,-1,1773628050000000000,1773632695000000000,5010.6134999999995,5018.9325,0.16587697806402912,sl,-8.319000000000415,-16.77800000000083,0.0,-16.77800000000083,2026,2026-03-16
h04_r30_t3,-1,1773635790000000000,1773641675000000000,5018.987499999999,5026.3375,0.1463753140721416,sl,-7.350000000000364,-14.840000000000728,0.0,-14.840000000000728,2026,2026-03-16
h05_r60_t2,1,1773641360000000000,1773645330000000000,5020.2305,5003.3505000000005,0.3364154475675539,sl,-16.8799999999992,-33.8999999999984,0.0,-33.8999999999984,2026,2026-03-16
h06_r60_t3,-1,1773645325000000000,1773670120000000000,5005.771500000001,5036.3135,0.60936892248422,sl,-30.54199999999946,-61.223999999998924,0.0,-61.223999999998924,2026,2026-03-16
h13_r30_t3,1,1773668115000000000,1773671405000000000,5030.3865000000005,5013.9635,0.32707819275906447,sl,-16.423000000000684,-32.98600000000137,0.0,-32.98600000000137,2026,2026-03-16
h14_r15_t2,-1,1773670515000000000,1773672050000000000,5027.3215,5005.3575,0.2183971238081198,tp,21.963999999999942,43.78799999999988,0.0,43.78799999999988,2026,2026-03-16
h00_r30_t1,-1,1773708210000000000,1773710950000000000,5000.0935,5014.288500000001,0.28368675266803184,sl,-14.195000000000618,-28.530000000001237,0.0,-28.530000000001237,2026,2026-03-17
h01_r60_t3,1,1773712965000000000,1773744175000000000,5028.1355,4994.6005000000005,0.6670036657853147,sl,-33.534999999999854,-67.20999999999971,0.0,-67.20999999999971,2026,2026-03-17
h02_r15_t3,-1,1773713720000000000,1773717855000000000,5021.1245,5029.9365,0.17547791695445644,sl,-8.811999999999898,-17.763999999999797,0.0,-17.763999999999797,2026,2026-03-17
h04_r30_t3,1,1773721800000000000,1773726785000000000,5032.6805,5026.3755,0.12528632794317887,sl,-6.305000000000291,-12.750000000000583,0.0,-12.750000000000583,2026,2026-03-17
h05_r60_t2,-1,1773727200000000000,1773780780000000000,5020.3695,5002.842,0.4828528389263293,forced_close,17.527500000000146,34.91500000000029,0.0,34.91500000000029,2026,2026-03-17
h06_r60_t3,1,1773732795000000000,1773742000000000000,5022.976500000001,5005.1065,0.3566602509734719,sl,-17.8700000000008,-35.8800000000016,0.0,-35.8800000000016,2026,2026-03-17
h13_r30_t3,1,1773754325000000000,1773755615000000000,5019.7845,5009.9505,0.1961826182080538,sl,-9.833999999999833,-19.807999999999666,0.0,-19.807999999999666,2026,2026-03-17
h14_r15_t2,-1,1773757435000000000,1773761795000000000,5009.8235,4988.047500000002,0.2169750926024907,tp,21.77599999999802,43.41199999999604,0.0,43.41199999999604,2026,2026-03-17
h00_r30_t1,-1,1773793815000000000,1773796190000000000,5001.1835,5012.5025000000005,0.2262377643175818,sl,-11.319000000000415,-22.77800000000083,0.0,-22.77800000000083,2026,2026-03-18
h01_r60_t3,-1,1773802670000000000,1773815780000000000,4991.3375,5016.208500000001,0.49754344052761496,sl,-24.871000000001004,-49.88200000000201,0.0,-49.88200000000201,2026,2026-03-18
h02_r15_t3,1,1773800270000000000,1773802460000000000,5002.7755,4996.6025,0.12346149388407147,sl,-6.1729999999997744,-12.48599999999955,0.0,-12.48599999999955,2026,2026-03-18
h04_r30_t3,-1,1773808345000000000,1773812110000000000,4989.5725,4993.6205,0.08110713645624075,sl,-4.0479999999997744,-8.23599999999955,0.0,-8.23599999999955,2026,2026-03-18
h05_r60_t2,1,1773814185000000000,1773822115000000000,5002.6965,4984.7325,0.3594516381572189,sl,-17.963999999999942,-36.067999999999884,0.0,-36.067999999999884,2026,2026-03-18
h06_r60_t3,-1,1773820105000000000,1773834255000000000,4996.3595000000005,4935.792500000002,0.4030038548758825,tp,60.56699999999819,120.99399999999638,0.0,120.99399999999638,2026,2026-03-18
h13_r30_t3,1,1773841330000000000,1773864715000000000,4881.6535,4834.1215,0.9777487690459403,sl,-47.53200000000015,-95.2040000000003,0.0,-95.2040000000003,2026,2026-03-18
h14_r15_t2,-1,1773843615000000000,1773854665000000000,4872.4335,4894.8175,0.4585683853113485,sl,-22.384000000000015,-44.90800000000003,0.0,-44.90800000000003,2026,2026-03-18
h00_r30_t1,1,1773880660000000000,1773882350000000000,4848.336499999999,4835.4865,0.2653603092221888,sl,-12.849999999999454,-25.83999999999891,0.0,-25.83999999999891,2026,2026-03-19
h01_r60_t3,-1,1773898775000000000,1773907165000000000,4832.925499999999,4730.5414999999975,0.7036452216174337,tp,102.38400000000183,204.62800000000368,0.0,204.62800000000368,2026,2026-03-19
h02_r15_t3,1,1773886625000000000,1773898215000000000,4852.0235,4841.9225,0.20829043782750184,sl,-10.101000000000568,-20.342000000001136,0.0,-20.342000000001136,2026,2026-03-19
h04_r30_t3,-1,1773895620000000000,1773897555000000000,4847.3655,4853.833500000001,0.13334475463731757,sl,-6.468000000000757,-13.076000000001514,0.0,-13.076000000001514,2026,2026-03-19
h05_r60_t2,-1,1773900000000000000,1773902785000000000,4827.1345,4773.6885,0.5535321150848833,tp,53.44599999999991,106.75199999999982,0.0,106.75199999999982,2026,2026-03-19
h06_r60_t3,-1,1773906240000000000,1773953580000000000,4747.4595,4658.545,1.9902754226415094,forced_close,88.91449999999986,177.68899999999974,0.0,177.68899999999974,2026,2026-03-19
h13_r30_t3,1,1773927150000000000,1773953580000000000,4581.2775,4658.448,1.7186759604646848,forced_close,77.17050000000017,154.20100000000036,0.0,154.20100000000036,2026,2026-03-19
h14_r15_t2,-1,1773929740000000000,1773947205000000000,4618.7405,4649.3975,0.6619898888747964,sl,-30.657000000000153,-61.454000000000306,0.0,-61.454000000000306,2026,2026-03-19
h00_r30_t1,-1,1773968415000000000,1773968585000000000,4642.2765,4665.1955,0.49294909013909044,sl,-22.91899999999987,-45.97799999999974,0.0,-45.97799999999974,2026,2026-03-20
h01_r60_t3,1,1773974990000000000,1774004175000000000,4699.2825,4639.3415,1.281500763296921,sl,-59.9409999999998,-120.02199999999961,0.0,-120.02199999999961,2026,2026-03-20
h02_r15_t3,1,1773973090000000000,1773988705000000000,4689.4695,4670.2815,0.40950461316934866,sl,-19.188000000000102,-38.516000000000204,0.0,-38.516000000000204,2026,2026-03-20
h04_r30_t3,-1,1773982055000000000,1773987675000000000,4717.0485,4684.8945,0.22690217664560647,tp,32.15399999999954,64.16799999999908,0.0,64.16799999999908,2026,2026-03-20
h05_r60_t2,-1,1773987060000000000,1773994750000000000,4685.8865000000005,4723.7905,0.8084017994106016,sl,-37.90399999999954,-75.94799999999908,0.0,-75.94799999999908,2026,2026-03-20
h06_r60_t3,1,1773993350000000000,1774000695000000000,4701.1885,4661.4565,0.8509357841391878,sl,-39.73199999999997,-79.60399999999994,0.0,-79.60399999999994,2026,2026-03-20
h13_r30_t3,-1,1774013440000000000,1774016145000000000,4653.7275,4575.463500000001,0.5598101263445993,tp,78.26399999999921,156.38799999999844,0.0,156.38799999999844,2026,2026-03-20
h14_r15_t2,-1,1774016110000000000,1774032515000000000,4586.1195,4512.9155,0.7978534120374865,tp,73.20399999999972,146.26799999999946,0.0,146.26799999999946,2026,2026-03-20
h00_r30_t1,-1,1774226075000000000,1774226230000000000,4404.496499999999,4335.680499999999,1.5544178968578743,tp,68.81600000000071,137.49200000000144,0.0,137.49200000000144,2026,2026-03-23
h02_r15_t3,-1,1774233140000000000,1774247285000000000,4383.1025,4266.120500000001,0.8870523321976107,tp,116.98199999999906,233.82399999999814,0.0,233.82399999999814,2026,2026-03-23
h04_r30_t3,1,1774240560000000000,1774241620000000000,4370.8715,4352.9385,0.41048819895069466,sl,-17.932999999999993,-36.005999999999986,0.0,-36.005999999999986,2026,2026-03-23
h05_r60_t2,-1,1774245675000000000,1774249690000000000,4302.3555,4146.9815,1.8023707345309754,tp,155.3739999999998,310.6079999999996,0.0,310.6079999999996,2026,2026-03-23
h13_r30_t3,-1,1774272600000000000,1774275450000000000,4404.9425,4485.9259999999995,1.836409057064645,sl,-80.98349999999937,-162.10699999999872,0.0,-162.10699999999872,2026,2026-03-23
h14_r15_t2,1,1774275355000000000,1774279000000000000,4479.592500000001,4453.4455,0.5856511110113327,sl,-26.147000000000844,-52.43400000000169,0.0,-52.43400000000169,2026,2026-03-23
h00_r30_t1,-1,1774312430000000000,1774383855000000000,4368.665,4446.8285,1.7853857326063662,sl,-78.16349999999966,-156.4669999999993,0.0,-156.4669999999993,2026,2026-03-24
h01_r60_t3,-1,1774318265000000000,1774320365000000000,4307.8955000000005,4374.3015,1.5363140608503314,sl,-66.40599999999904,-132.95199999999807,0.0,-132.95199999999807,2026,2026-03-24
h02_r15_t3,1,1774318940000000000,1774338800000000000,4337.1585,4431.451499999998,0.7288950379318218,tp,94.29299999999876,188.44599999999753,0.0,188.44599999999753,2026,2026-03-24
h04_r30_t3,-1,1774328700000000000,1774330860000000000,4326.7125,4357.4775,0.7088917934801156,sl,-30.765000000000327,-61.670000000000655,0.0,-61.670000000000655,2026,2026-03-24
h05_r60_t2,1,1774332655000000000,1774383965000000000,4374.2835,4483.603499999999,1.2573730633470084,tp,109.31999999999971,218.49999999999943,0.0,218.49999999999943,2026,2026-03-24
h06_r60_t3,1,1774335610000000000,1774385580000000000,4405.396500000001,4476.669,1.4224605332398412,forced_close,71.27249999999913,142.40499999999827,0.0,142.40499999999827,2026,2026-03-24
h13_r30_t3,-1,1774359000000000000,1774360880000000000,4357.016,4390.209500000001,0.757804828593109,sl,-33.19350000000122,-66.52700000000245,0.0,-66.52700000000245,2026,2026-03-24
h14_r15_t2,1,1774362145000000000,1774373730000000000,4404.808499999999,4380.674499999999,0.5491119478264018,sl,-24.134000000000015,-48.40800000000003,0.0,-48.40800000000003,2026,2026-03-24
h00_r30_t1,1,1774398700000000000,1774401005000000000,4557.2835,4577.003499999999,0.4330730319910598,tp,19.719999999999345,39.29999999999869,0.0,39.29999999999869,2026,2026-03-25
h01_r60_t3,1,1774406760000000000,1774416730000000000,4601.3505000000005,4552.2605,1.0683626987986556,sl,-49.090000000000146,-98.32000000000029,0.0,-98.32000000000029,2026,2026-03-25
h02_r15_t3,1,1774406295000000000,1774407820000000000,4596.646500000001,4579.8295,0.3667358362540065,sl,-16.817000000000917,-33.774000000001834,0.0,-33.774000000001834,2026,2026-03-25
h04_r30_t3,1,1774413245000000000,1774415850000000000,4574.8745,4565.699500000001,0.20057382696281215,sl,-9.174999999999272,-18.489999999998545,0.0,-18.489999999998545,2026,2026-03-25
h05_r60_t2,-1,1774418515000000000,1774437745000000000,4549.398999999999,4573.592500000001,0.5310735715853132,sl,-24.193500000001222,-48.527000000002445,0.0,-48.527000000002445,2026,2026-03-25
h06_r60_t3,1,1774422865000000000,1774432090000000000,4557.202499999999,4533.3115,0.5255762204863768,sl,-23.89099999999962,-47.921999999999244,0.0,-47.921999999999244,2026,2026-03-25
h13_r30_t3,1,1774445400000000000,1774446745000000000,4571.4875,4541.2375,0.6620330191430405,sl,-30.25,-60.64,0.0,-60.64,2026,2026-03-25
h14_r15_t2,1,1774448105000000000,1774451875000000000,4555.4305,4533.0345,0.4918501359253335,sl,-22.39600000000064,-44.93200000000128,0.0,-44.93200000000128,2026,2026-03-25
h00_r30_t1,1,1774486150000000000,1774502780000000000,4535.8315,4498.2065,0.8314263929099052,sl,-37.625,-75.39,0.0,-75.39,2026,2026-03-26
h01_r60_t3,-1,1774492475000000000,1774504585000000000,4522.4815,4455.884499999998,0.4894444456081025,tp,66.59700000000157,133.05400000000316,0.0,133.05400000000316,2026,2026-03-26
h02_r15_t3,-1,1774491380000000000,1774494130000000000,4527.9445,4503.545499999997,0.17947388531393027,tp,24.39900000000216,48.65800000000432,0.0,48.65800000000432,2026,2026-03-26
h04_r30_t3,1,1774499415000000000,1774501795000000000,4522.2605,4511.6695,0.2342734983275657,sl,-10.59100000000035,-21.3220000000007,0.0,-21.3220000000007,2026,2026-03-26
h05_r60_t2,-1,1774504800000000000,1774558380000000000,4438.9685,4381.017,1.8829520036016418,forced_close,57.951500000000124,115.76300000000025,0.0,115.76300000000025,2026,2026-03-26
h06_r60_t3,1,1774508620000000000,1774514635000000000,4459.5775,4415.8765,0.9806421847579608,sl,-43.70100000000002,-87.54200000000004,0.0,-87.54200000000004,2026,2026-03-26
h13_r30_t3,1,1774532700000000000,1774542040000000000,4454.0415,4420.2995,0.758552060755209,sl,-33.74200000000019,-67.62400000000038,0.0,-67.62400000000038,2026,2026-03-26
h14_r15_t2,1,1774534555000000000,1774539560000000000,4456.6475,4437.3605,0.43376942300031074,sl,-19.287000000000262,-38.714000000000524,0.0,-38.714000000000524,2026,2026-03-26
h00_r30_t1,-1,1774572640000000000,1774575090000000000,4382.7015,4411.3475,0.6523231925989517,sl,-28.64599999999973,-57.43199999999946,0.0,-57.43199999999946,2026,2026-03-27
h01_r60_t3,1,1774576805000000000,1774625025000000000,4420.9685,4552.308499999999,0.9910927295379646,tp,131.33999999999924,262.5399999999985,0.0,262.5399999999985,2026,2026-03-27
h02_r15_t3,1,1774579670000000000,1774608125000000000,4439.7865,4417.0735,0.51213072016564,sl,-22.712999999999738,-45.56599999999948,0.0,-45.56599999999948,2026,2026-03-27
h04_r30_t3,1,1774586065000000000,1774589715000000000,4439.9425,4465.193500000001,0.18982450874141912,tp,25.251000000001113,50.362000000002226,0.0,50.362000000002226,2026,2026-03-27
h05_r60_t2,-1,1774599460000000000,1774622860000000000,4440.5185,4475.4855,0.7849336380103815,sl,-34.96699999999964,-70.07399999999929,0.0,-70.07399999999929,2026,2026-03-27
h06_r60_t3,-1,1774595035000000000,1774622855000000000,4451.8765,4473.1445,0.47689151401956403,sl,-21.26800000000003,-42.67600000000006,0.0,-42.67600000000006,2026,2026-03-27
h13_r30_t3,-1,1774618280000000000,1774620190000000000,4418.5135,4443.9575,0.5753586013386158,sl,-25.444000000000415,-51.02800000000083,0.0,-51.02800000000083,2026,2026-03-27
h14_r15_t2,1,1774620990000000000,1774624425000000000,4463.6195,4529.267499999999,0.7359185019134938,tp,65.64799999999923,131.15599999999847,0.0,131.15599999999847,2026,2026-03-27
h00_r30_t1,1,1774834485000000000,1774841020000000000,4467.0475,4515.465499999999,1.0881812721481323,tp,48.417999999999665,96.69599999999933,0.0,96.69599999999933,2026,2026-03-30
h01_r60_t3,1,1774838490000000000,1774903980000000000,4475.9545,4507.916,0.9897520015473267,forced_close,31.961500000000342,63.78300000000068,0.0,63.78300000000068,2026,2026-03-30
h02_r15_t3,1,1774837815000000000,1774838015000000000,4474.6815,4465.2605,0.2106254161897495,sl,-9.420999999999367,-18.981999999998735,0.0,-18.981999999998735,2026,2026-03-30
h04_r30_t3,-1,1774845330000000000,1774846665000000000,4486.8075,4498.9125,0.2695469106817839,sl,-12.105000000000473,-24.350000000000946,0.0,-24.350000000000946,2026,2026-03-30
h05_r60_t2,1,1774850710000000000,1774897245000000000,4528.4375,4496.8065,0.6993944779654103,sl,-31.631000000000313,-63.402000000000626,0.0,-63.402000000000626,2026,2026-03-30
h06_r60_t3,-1,1774856090000000000,1774870955000000000,4516.9945,4550.7485,0.7446738687400322,sl,-33.753999999999905,-67.64799999999981,0.0,-67.64799999999981,2026,2026-03-30
h13_r30_t3,-1,1774877685000000000,1774897170000000000,4559.0605,4500.122499999998,0.43010521990241823,tp,58.93800000000192,117.73600000000384,0.0,117.73600000000384,2026,2026-03-30
h14_r15_t2,-1,1774880480000000000,1774882075000000000,4517.9555,4536.2485,0.4034946300892928,sl,-18.292999999999665,-36.72599999999933,0.0,-36.72599999999933,2026,2026-03-30
h00_r30_t1,1,1774917530000000000,1774920105000000000,4528.4385,4574.2475,1.0152237014809313,tp,45.8090000000002,91.47800000000039,0.0,91.47800000000039,2026,2026-03-31
h02_r15_t3,-1,1774923325000000000,1774953590000000000,4588.6224999999995,4532.861499999998,0.4049392258922425,tp,55.76100000000133,111.38200000000266,0.0,111.38200000000266,2026,2026-03-31
h04_r30_t3,1,1774933575000000000,1774933840000000000,4569.7425,4557.0935,0.27729132260552,sl,-12.649000000000342,-25.438000000000685,0.0,-25.438000000000685,2026,2026-03-31
h05_r60_t2,-1,1774941555000000000,1774956405000000000,4547.8515,4581.9515,0.7463494265749284,sl,-34.100000000000364,-68.34000000000073,0.0,-68.34000000000073,2026,2026-03-31
h06_r60_t3,-1,1774941170000000000,1774944335000000000,4553.3865000000005,4569.2665,0.34843821019928234,sl,-15.8799999999992,-31.8999999999984,0.0,-31.8999999999984,2026,2026-03-31
h13_r30_t3,1,1774964450000000000,1774975315000000000,4588.1025,4648.5975,0.440952251311075,tp,60.49499999999989,120.84999999999978,0.0,120.84999999999978,2026,2026-03-31
h14_r15_t2,-1,1774966935000000000,1774967615000000000,4603.5995,4625.6385,0.47755296305914197,sl,-22.03899999999976,-44.21799999999952,0.0,-44.21799999999952,2026,2026-03-31
h00_r30_t1,1,1775003400000000000,1775005575000000000,4722.0895,4693.5215,0.6050266472855436,sl,-28.56800000000021,-57.27600000000042,0.0,-57.27600000000042,2026,2026-04-01
h01_r60_t3,-1,1775010995000000000,1775026090000000000,4681.4065,4724.443499999999,0.9171044117523137,sl,-43.03699999999935,-86.2139999999987,0.0,-86.2139999999987,2026,2026-04-01
h02_r15_t3,-1,1775010130000000000,1775021975000000000,4687.0485,4700.6955,0.29072990846385627,sl,-13.646999999999935,-27.43399999999987,0.0,-27.43399999999987,2026,2026-04-01
h04_r30_t3,1,1775020370000000000,1775026105000000000,4682.3385,4727.398499999998,0.32144352540082316,tp,45.05999999999858,89.97999999999716,0.0,89.97999999999716,2026,2026-04-01
h05_r60_t2,1,1775024585000000000,1775043815000000000,4703.4935000000005,4760.745500000001,0.6110782427135112,tp,57.25200000000041,114.36400000000081,0.0,114.36400000000081,2026,2026-04-01
h06_r60_t3,1,1775028820000000000,1775076780000000000,4733.3745,4759.27,1.0736005518088783,forced_close,25.89550000000054,51.651000000001076,0.0,51.651000000001076,2026,2026-04-01
h13_r30_t3,1,1775050545000000000,1775076780000000000,4742.4005,4759.27,0.5556609463232179,forced_close,16.8695000000007,33.599000000001396,0.0,33.599000000001396,2026,2026-04-01
h14_r15_t2,1,1775053175000000000,1775076780000000000,4747.2405,4759.27,0.48398516810127906,forced_close,12.029500000000553,23.919000000001105,0.0,23.919000000001105,2026,2026-04-01
h00_r30_t1,-1,1775091640000000000,1775091825000000000,4775.083500000001,4751.156500000001,0.4995136281710004,tp,23.92699999999968,47.71399999999936,0.0,47.71399999999936,2026,2026-04-02
h02_r15_t3,-1,1775097115000000000,1775108915000000000,4678.6875,4602.043499999998,0.5448612100000989,tp,76.64400000000205,153.14800000000412,0.0,153.14800000000412,2026,2026-04-02
h04_r30_t3,-1,1775104850000000000,1775108910000000000,4662.2905,4604.375500000002,0.4136908196317537,tp,57.914999999998145,115.68999999999629,0.0,115.68999999999629,2026,2026-04-02
h06_r60_t3,1,1775113705000000000,1775163180000000000,4608.654500000001,4669.874,1.190425068721228,forced_close,61.21949999999924,122.29899999999849,0.0,122.29899999999849,2026,2026-04-02
h13_r30_t3,1,1775137625000000000,1775163180000000000,4614.362499999999,4669.874,0.7369290042714608,forced_close,55.511500000000524,110.88300000000105,0.0,110.88300000000105,2026,2026-04-02
h14_r15_t2,1,1775139385000000000,1775163180000000000,4659.8885,4669.874,0.6048919132767467,forced_close,9.985499999999774,19.83099999999955,0.0,19.83099999999955,2026,2026-04-02
h00_r30_t1,1,1775437310000000000,1775441975000000000,4629.6085,4658.521500000001,0.6280951412182297,tp,28.913000000000466,57.68600000000093,0.0,57.68600000000093,2026,2026-04-06
h01_r60_t3,1,1775441800000000000,1775508780000000000,4643.1365000000005,4650.715,0.48455304764197055,forced_close,7.578499999999622,15.016999999999243,0.0,15.016999999999243,2026,2026-04-06
h02_r15_t3,1,1775441780000000000,1775462640000000000,4640.1665,4689.582500000002,0.35526817387479803,tp,49.416000000001986,98.69200000000397,0.0,98.69200000000397,2026,2026-04-06
h04_r30_t3,1,1775450100000000000,1775452250000000000,4648.7665,4675.013499999999,0.18827550803344617,tp,26.24699999999939,52.35399999999878,0.0,52.35399999999878,2026,2026-04-06
h05_r60_t2,-1,1775455200000000000,1775461880000000000,4651.5685,4679.0535,0.590703887566595,sl,-27.484999999999673,-55.109999999999346,0.0,-55.109999999999346,2026,2026-04-06
h06_r60_t3,1,1775461765000000000,1775508780000000000,4668.0695,4650.715,0.529105461790146,forced_close,-17.35449999999946,-34.848999999998924,0.0,-34.848999999998924,2026,2026-04-06
h13_r30_t3,1,1775482905000000000,1775488540000000000,4677.8035,4659.8085,0.3854171184528461,sl,-17.99499999999989,-36.12999999999978,0.0,-36.12999999999978,2026,2026-04-06
h14_r15_t2,1,1775486085000000000,1775488540000000000,4691.0995,4660.3385,0.6583111379905711,sl,-30.761000000000422,-61.662000000000845,0.0,-61.662000000000845,2026,2026-04-06
h00_r30_t1,1,1775522395000000000,1775523600000000000,4661.2225,4649.0995,0.2601843009690345,sl,-12.122999999999593,-24.385999999999186,0.0,-24.385999999999186,2026,2026-04-07
h02_r15_t3,1,1775528970000000000,1775550100000000000,4634.6155,4678.9585,0.31947801084141525,tp,44.34299999999985,88.5459999999997,0.0,88.5459999999997,2026,2026-04-07
h04_r30_t3,1,1775536255000000000,1775539530000000000,4651.6325,4645.6845,0.12790271480392018,sl,-5.947999999999411,-12.035999999998822,0.0,-12.035999999998822,2026,2026-04-07
h05_r60_t2,1,1775549595000000000,1775570685000000000,4661.6105,4623.0075,0.831428752039509,sl,-38.603000000000065,-77.34600000000013,0.0,-77.34600000000013,2026,2026-04-07
h06_r60_t3,1,1775545865000000000,1775547085000000000,4656.6885,4637.7835,0.40626300463351833,sl,-18.905000000000655,-37.95000000000131,0.0,-37.95000000000131,2026,2026-04-07
h13_r30_t3,1,1775568600000000000,1775568850000000000,4663.1825,4648.2474999999995,0.32063334047880315,sl,-14.9350000000004,-30.0100000000008,0.0,-30.0100000000008,2026,2026-04-07
h14_r15_t2,1,1775571945000000000,1775595180000000000,4645.7125,4709.575,0.8272865449163453,forced_close,63.86250000000018,127.58500000000036,0.0,127.58500000000036,2026,2026-04-07
h00_r30_t1,-1,1775608235000000000,1775641480000000000,4819.014499999999,4780.234499999999,0.8040602763226465,tp,38.780000000000655,77.42000000000131,0.0,77.42000000000131,2026,2026-04-08
h01_r60_t3,1,1775613735000000000,1775641395000000000,4825.4865,4788.155500000001,0.7760368404941769,sl,-37.33099999999922,-74.80199999999844,0.0,-74.80199999999844,2026,2026-04-08
h02_r15_t3,-1,1775615050000000000,1775627170000000000,4810.172500000001,4825.6044999999995,0.3205694470021008,sl,-15.43199999999888,-31.00399999999776,0.0,-31.00399999999776,2026,2026-04-08
h04_r30_t3,1,1775622665000000000,1775641395000000000,4804.012500000001,4790.1645,0.28833964111002985,sl,-13.848000000000866,-27.836000000001732,0.0,-27.836000000001732,2026,2026-04-08
h05_r60_t2,-1,1775636790000000000,1775673720000000000,4800.4485,4712.862500000001,0.9070540420325124,tp,87.58599999999933,175.03199999999867,0.0,175.03199999999867,2026,2026-04-08
h06_r60_t3,-1,1775631600000000000,1775658670000000000,4820.0675,4760.406500000001,0.4125702074188516,tp,59.66099999999915,119.1819999999983,0.0,119.1819999999983,2026,2026-04-08
h13_r30_t3,-1,1775655015000000000,1775660200000000000,4789.2415,4736.4445,0.3673771051147573,tp,52.79700000000048,105.45400000000096,0.0,105.45400000000096,2026,2026-04-08
h14_r15_t2,-1,1775657955000000000,1775660170000000000,4776.4794999999995,4744.931499999997,0.32996213718993234,tp,31.548000000002503,62.956000000005005,0.0,62.956000000005005,2026,2026-04-08
h00_r30_t1,1,1775695320000000000,1775730285000000000,4716.063,4733.799999999999,0.3768446921615087,tp,17.73699999999917,35.33399999999834,0.0,35.33399999999834,2026,2026-04-09
h01_r60_t3,1,1775700000000000000,1775767980000000000,4728.2275,4766.722,0.6019766843770565,forced_close,38.49449999999979,76.84899999999958,0.0,76.84899999999958,2026,2026-04-09
h02_r15_t3,1,1775701855000000000,1775703380000000000,4729.0055,4721.2495,0.16422129179018066,sl,-7.756000000000313,-15.652000000000626,0.0,-15.652000000000626,2026,2026-04-09
h04_r30_t3,1,1775709730000000000,1775713890000000000,4723.5075,4709.7065,0.29256176395176253,sl,-13.800999999999476,-27.741999999998953,0.0,-27.741999999998953,2026,2026-04-09
h05_r60_t2,-1,1775717635000000000,1775718485000000000,4705.9325,4726.8105,0.4429672269388001,sl,-20.8779999999997,-41.895999999999404,0.0,-41.895999999999404,2026,2026-04-09
h06_r60_t3,1,1775718480000000000,1775748890000000000,4725.5905,4791.878500000002,0.4688514359901502,tp,66.28800000000138,132.43600000000276,0.0,132.43600000000276,2026,2026-04-09
h13_r30_t3,1,1775741705000000000,1775767980000000000,4758.6875,4766.722,0.4204722986390494,forced_close,8.034499999999753,15.928999999999505,0.0,15.928999999999505,2026,2026-04-09
h14_r15_t2,-1,1775744335000000000,1775747865000000000,4761.8775000000005,4776.4035,0.3044691633794786,sl,-14.52599999999984,-29.19199999999968,0.0,-29.19199999999968,2026,2026-04-09
h00_r30_t1,1,1775782800000000000,1775785020000000000,4763.8485,4776.8465,0.2734072915692637,tp,12.997999999999593,25.855999999999185,0.0,25.855999999999185,2026,2026-04-10
h01_r60_t3,-1,1775786670000000000,1775824220000000000,4758.1325,4777.1805,0.3997658238627475,sl,-19.048000000000684,-38.23600000000137,0.0,-38.23600000000137,2026,2026-04-10
h02_r15_t3,-1,1775787580000000000,1775792225000000000,4748.3585,4765.5425,0.36158066553439744,sl,-17.183999999999287,-34.507999999998574,0.0,-34.507999999998574,2026,2026-04-10
h04_r30_t3,-1,1775795405000000000,1775803785000000000,4764.8235,4746.2865,0.12965189651307085,tp,18.537000000000262,36.93400000000052,0.0,36.93400000000052,2026,2026-04-10
h05_r60_t2,-1,1775801655000000000,1775810850000000000,4757.4075,4733.4495,0.25132879162338634,tp,23.95800000000054,47.776000000001076,0.0,47.776000000001076,2026,2026-04-10
h06_r60_t3,-1,1775804540000000000,1775821485000000000,4742.9345,4766.0655,0.4873047639302075,sl,-23.130999999999403,-46.40199999999881,0.0,-46.40199999999881,2026,2026-04-10
h13_r30_t3,-1,1775828140000000000,1775829785000000000,4766.1745,4780.398499999999,0.29781767524032016,sl,-14.22399999999925,-28.5879999999985,0.0,-28.5879999999985,2026,2026-04-10
h14_r15_t2,1,1775830515000000000,1775835385000000000,4780.815500000001,4767.380499999999,0.2810439270507721,sl,-13.43500000000131,-27.01000000000262,0.0,-27.01000000000262,2026,2026-04-10
h00_r30_t1,1,1776040405000000000,1776041530000000000,4676.1825,4687.6365,0.24509738362715078,tp,11.453999999999724,22.767999999999446,0.0,22.767999999999446,2026,2026-04-13
h01_r60_t3,1,1776059825000000000,1776113580000000000,4728.2715,4738.454,0.7316883319062831,forced_close,10.18249999999989,20.22499999999978,0.0,20.22499999999978,2026,2026-04-13
h02_r15_t3,1,1776047470000000000,1776047940000000000,4726.0845,4719.1415,0.14701801494764768,sl,-6.943000000000211,-14.026000000000423,0.0,-14.026000000000423,2026,2026-04-13
h04_r30_t3,1,1776055380000000000,1776076050000000000,4718.7025,4708.5845,0.2147014926719247,sl,-10.118000000000393,-20.376000000000786,0.0,-20.376000000000786,2026,2026-04-13
h05_r60_t2,1,1776060975000000000,1776071430000000000,4730.9455,4716.4505,0.3064689689861626,sl,-14.49499999999989,-29.129999999999782,0.0,-29.129999999999782,2026,2026-04-13
h06_r60_t3,1,1776063700000000000,1776069890000000000,4732.9005,4720.7855,0.2563708364471463,sl,-12.114999999999782,-24.369999999999564,0.0,-24.369999999999564,2026,2026-04-13
h13_r30_t3,1,1776087020000000000,1776088410000000000,4737.6494999999995,4722.779500000001,0.31416354695079096,sl,-14.869999999998981,-29.879999999997963,0.0,-29.879999999997963,2026,2026-04-13
h14_r15_t2,-1,1776089855000000000,1776097200000000000,4720.4995,4731.5985,0.23478828808580401,sl,-11.09900000000016,-22.33800000000032,0.0,-22.33800000000032,2026,2026-04-13
h00_r30_t1,1,1776126660000000000,1776150030000000000,4767.7575,4783.657499999999,0.33386881832170523,tp,15.899999999999636,31.659999999999272,0.0,31.659999999999272,2026,2026-04-14
h01_r60_t3,1,1776135065000000000,1776144425000000000,4777.1235,4761.9585,0.31827613335108806,sl,-15.164999999999964,-30.469999999999928,0.0,-30.469999999999928,2026,2026-04-14
h02_r15_t3,1,1776133020000000000,1776133825000000000,4771.1645,4762.940500000001,0.1724792242125943,sl,-8.22399999999925,-16.5879999999985,0.0,-16.5879999999985,2026,2026-04-14
h04_r30_t3,-1,1776143425000000000,1776149565000000000,4766.9815,4777.0045,0.2098647750988972,sl,-10.023000000000138,-20.186000000000277,0.0,-20.186000000000277,2026,2026-04-14
h05_r60_t2,1,1776149425000000000,1776163140000000000,4774.4735,4758.1044999999995,0.3438639795181639,sl,-16.369000000000597,-32.878000000001194,0.0,-32.878000000001194,2026,2026-04-14
h06_r60_t3,1,1776150025000000000,1776163140000000000,4783.3055,4760.0845,0.48558890855628434,sl,-23.22100000000046,-46.58200000000092,0.0,-46.58200000000092,2026,2026-04-14
h13_r30_t3,1,1776173675000000000,1776199980000000000,4792.5585,4841.687,0.4502146798963081,forced_close,49.1284999999998,98.1169999999996,0.0,98.1169999999996,2026,2026-04-14
h14_r15_t2,1,1776176380000000000,1776179120000000000,4803.958500000001,4792.9445,0.2296936975941083,sl,-11.014000000001033,-22.168000000002067,0.0,-22.168000000002067,2026,2026-04-14
h00_r30_t1,-1,1776213215000000000,1776215365000000000,4828.6025,4839.931500000001,0.2343814571145061,sl,-11.329000000000633,-22.798000000001267,0.0,-22.798000000001267,2026,2026-04-15
h01_r60_t3,-1,1776220340000000000,1776286380000000000,4828.091,4789.523,0.8973931965424163,forced_close,38.56800000000021,76.99600000000042,0.0,76.99600000000042,2026,2026-04-15
h02_r15_t3,-1,1776219315000000000,1776222275000000000,4844.824500000001,4818.505500000003,0.18105090630185783,tp,26.318999999997686,52.49799999999537,0.0,52.49799999999537,2026,2026-04-15
h04_r30_t3,1,1776227560000000000,1776231390000000000,4826.6775,4820.6055,0.12585547575473885,sl,-6.072000000000116,-12.284000000000233,0.0,-12.284000000000233,2026,2026-04-15
h05_r60_t2,-1,1776234750000000000,1776262630000000000,4812.5845,4830.6875,0.3755845362408593,sl,-18.103000000000065,-36.34600000000013,0.0,-36.34600000000013,2026,2026-04-15
h06_r60_t3,-1,1776236480000000000,1776260310000000000,4811.0585,4825.1945,0.29378655770626005,sl,-14.135999999999513,-28.411999999999026,0.0,-28.411999999999026,2026,2026-04-15
h13_r30_t3,1,1776259800000000000,1776265515000000000,4822.072,4808.737499999999,0.2763496257251477,sl,-13.334500000000844,-26.80900000000169,0.0,-26.80900000000169,2026,2026-04-15
h14_r15_t2,1,1776262620000000000,1776263500000000000,4829.8525,4820.4675,0.1943618495751163,sl,-9.385000000000218,-18.910000000000437,0.0,-18.910000000000437,2026,2026-04-15
h00_r30_t1,-1,1776299605000000000,1776300040000000000,4822.4245,4831.4535,0.18712804053272405,sl,-9.028999999999542,-18.197999999999084,0.0,-18.197999999999084,2026,2026-04-16
h01_r60_t3,1,1776315895000000000,1776326700000000000,4836.5244999999995,4811.2765,0.524013062553117,sl,-25.247999999999593,-50.635999999999186,0.0,-50.635999999999186,2026,2026-04-16
h02_r15_t3,-1,1776306825000000000,1776308840000000000,4817.663500000001,4825.253500000001,0.15742633862945016,sl,-7.5900000000001455,-15.320000000000292,0.0,-15.320000000000292,2026,2026-04-16
h04_r30_t3,1,1776314210000000000,1776319130000000000,4830.0665,4823.0315,0.14576113262304782,sl,-7.0349999999998545,-14.20999999999971,0.0,-14.20999999999971,2026,2026-04-16
h05_r60_t2,-1,1776320250000000000,1776347720000000000,4821.4085,4787.112499999997,0.3556516053632097,tp,34.296000000002095,68.45200000000419,0.0,68.45200000000419,2026,2026-04-16
h06_r60_t3,1,1776323400000000000,1776326660000000000,4830.5395,4814.2775,0.3369472664681571,sl,-16.261999999999716,-32.66399999999943,0.0,-32.66399999999943,2026,2026-04-16
h13_r30_t3,-1,1776346205000000000,1776346500000000000,4814.154500000001,4823.3015,0.18993454868324455,sl,-9.146999999999025,-18.43399999999805,0.0,-18.43399999999805,2026,2026-04-16
h14_r15_t2,-1,1776350445000000000,1776351970000000000,4785.3895,4805.3685000000005,0.4161289922811346,sl,-19.97900000000027,-40.09800000000054,0.0,-40.09800000000054,2026,2026-04-16
h00_r30_t1,1,1776385800000000000,1776386785000000000,4793.24,4800.543000000001,0.1523712952342668,tp,7.303000000000793,14.466000000001586,0.0,14.466000000001586,2026,2026-04-17
h01_r60_t3,1,1776395145000000000,1776431475000000000,4795.648499999999,4879.852499999997,0.5860438749927428,tp,84.2039999999979,168.26799999999582,0.0,168.26799999999582,2026,2026-04-17
h02_r15_t3,-1,1776392330000000000,1776393500000000000,4788.3295,4794.6245,0.13138219811913857,sl,-6.295000000000073,-12.730000000000146,0.0,-12.730000000000146,2026,2026-04-17
h04_r30_t3,1,1776400355000000000,1776405605000000000,4796.4794999999995,4792.699500000001,0.07881695335983506,sl,-3.779999999998836,-7.699999999997671,0.0,-7.699999999997671,2026,2026-04-17
h05_r60_t2,-1,1776405600000000000,1776426380000000000,4793.7575,4806.4845000000005,0.26545035466208833,sl,-12.727000000000771,-25.594000000001543,0.0,-25.594000000001543,2026,2026-04-17
h06_r60_t3,-1,1776412215000000000,1776415390000000000,4779.2875,4795.4725,0.33822963483005586,sl,-16.18499999999949,-32.50999999999898,0.0,-32.50999999999898,2026,2026-04-17
h14_r15_t2,-1,1776440615000000000,1776459180000000000,4860.7695,4834.265,0.5136652946666647,forced_close,26.504500000000007,52.869000000000014,0.0,52.869000000000014,2026,2026-04-17
h00_r30_t1,1,1776645030000000000,1776647040000000000,4765.7335,4786.4475,0.4346807408039274,tp,20.713999999999942,41.28799999999988,0.0,41.28799999999988,2026,2026-04-20
h02_r15_t3,-1,1776651305000000000,1776686115000000000,4800.7895,4809.2785,0.17680666829193464,sl,-8.489000000000487,-17.118000000000976,0.0,-17.118000000000976,2026,2026-04-20
h04_r30_t3,-1,1776659520000000000,1776663485000000000,4790.8485,4795.9985,0.10740772294896633,sl,-5.149999999999636,-10.439999999999273,0.0,-10.439999999999273,2026,2026-04-20
h05_r60_t2,1,1776668400000000000,1776718380000000000,4795.9955,4819.458,0.34125706964562824,forced_close,23.462499999999636,46.78499999999927,0.0,46.78499999999927,2026,2026-04-20
h06_r60_t3,1,1776668400000000000,1776677600000000000,4795.514,4783.8595000000005,0.2408137368930539,sl,-11.654499999999643,-23.448999999999288,0.0,-23.448999999999288,2026,2026-04-20
h13_r30_t3,1,1776691835000000000,1776696670000000000,4826.0735,4799.8925,0.542694349654491,sl,-26.181000000000495,-52.50200000000099,0.0,-52.50200000000099,2026,2026-04-20
h14_r15_t2,1,1776694795000000000,1776696665000000000,4818.8225,4807.0605,0.24421897941923815,sl,-11.762000000000626,-23.664000000001252,0.0,-23.664000000001252,2026,2026-04-20
h00_r30_t1,-1,1776731420000000000,1776736520000000000,4819.6955,4808.6995,0.2281257043998344,tp,10.996000000000095,21.85200000000019,0.0,21.85200000000019,2026,2026-04-21
h01_r60_t3,-1,1776737660000000000,1776782690000000000,4805.7525000000005,4749.094500000002,0.39262821095854966,tp,56.65799999999854,113.17599999999707,0.0,113.17599999999707,2026,2026-04-21
h02_r15_t3,-1,1776738040000000000,1776745850000000000,4805.7935,4791.2225,0.10103509487407528,tp,14.570999999999913,29.001999999999825,0.0,29.001999999999825,2026,2026-04-21
h04_r30_t3,-1,1776745850000000000,1776772095000000000,4791.315500000001,4797.9935000000005,0.13934151639583892,sl,-6.677999999999884,-13.495999999999768,0.0,-13.495999999999768,2026,2026-04-21
h05_r60_t2,-1,1776751205000000000,1776772090000000000,4783.1355,4796.8785,0.28724457873667947,sl,-13.742999999999483,-27.625999999998967,0.0,-27.625999999998967,2026,2026-04-21
h06_r60_t3,-1,1776754925000000000,1776757775000000000,4774.485500000001,4790.6755,0.33876703238090977,sl,-16.1899999999996,-32.5199999999992,0.0,-32.5199999999992,2026,2026-04-21
h13_r30_t3,1,1776778780000000000,1776782395000000000,4783.9715,4760.5305,0.4909236919530757,sl,-23.440999999999804,-47.02199999999961,0.0,-47.02199999999961,2026,2026-04-21
h14_r15_t2,-1,1776781415000000000,1776782415000000000,4773.1975,4753.889500000001,0.20202466211771908,tp,19.307999999999083,38.475999999998166,0.0,38.475999999998166,2026,2026-04-21
h00_r30_t1,-1,1776819600000000000,1776820980000000000,4738.2925,4747.6865,0.1980717627448654,sl,-9.394000000000233,-18.928000000000466,0.0,-18.928000000000466,2026,2026-04-22
h01_r60_t3,1,1776823810000000000,1776868350000000000,4754.931500000001,4735.9974999999995,0.39840893139652606,sl,-18.934000000001106,-38.00800000000221,0.0,-38.00800000000221,2026,2026-04-22
h02_r15_t3,1,1776824120000000000,1776852185000000000,4756.2935,4750.2425,0.12723621431573476,sl,-6.050999999999476,-12.241999999998953,0.0,-12.241999999998953,2026,2026-04-22
h04_r30_t3,-1,1776832710000000000,1776834965000000000,4754.4375,4759.8495,0.11379617805065301,sl,-5.412000000000262,-10.964000000000524,0.0,-10.964000000000524,2026,2026-04-22
h05_r60_t2,1,1776841710000000000,1776846990000000000,4772.336499999999,4752.1645,0.4230997087571293,sl,-20.17199999999957,-40.48399999999914,0.0,-40.48399999999914,2026,2026-04-22
h06_r60_t3,1,1776841220000000000,1776845045000000000,4768.0345,4759.095499999999,0.18749489391563037,sl,-8.939000000000306,-18.01800000000061,0.0,-18.01800000000061,2026,2026-04-22
h13_r30_t3,1,1776864600000000000,1776868350000000000,4750.7785,4736.4515,0.30162806945298887,sl,-14.327000000000226,-28.79400000000045,0.0,-28.79400000000045,2026,2026-04-22
h14_r15_t2,-1,1776868225000000000,1776891180000000000,4742.3885,4738.889,0.3173552548688355,forced_close,3.499499999999898,6.858999999999797,0.0,6.858999999999797,2026,2026-04-22
h00_r30_t1,1,1776904210000000000,1776922245000000000,4742.7225,4694.1655,1.0240907127097232,sl,-48.55699999999979,-97.25399999999958,0.0,-97.25399999999958,2026,2026-04-23
h01_r60_t3,-1,1776909650000000000,1776977580000000000,4722.7085,4689.715,0.5797362869968944,forced_close,32.993499999999585,65.84699999999917,0.0,65.84699999999917,2026,2026-04-23
h02_r15_t3,-1,1776910500000000000,1776931235000000000,4706.8555,4724.9285,0.38392747418187734,sl,-18.07300000000032,-36.28600000000064,0.0,-36.28600000000064,2026,2026-04-23
h04_r30_t3,-1,1776919550000000000,1776920455000000000,4701.0365,4707.1695,0.13033682601882224,sl,-6.132999999999811,-12.405999999999622,0.0,-12.405999999999622,2026,2026-04-23
h05_r60_t2,1,1776924015000000000,1776938970000000000,4715.2035,4692.297500000001,0.4859676470634831,sl,-22.90599999999904,-45.95199999999808,0.0,-45.95199999999808,2026,2026-04-23
h06_r60_t3,-1,1776927660000000000,1776931210000000000,4708.8125,4721.297500000001,0.26489745858631286,sl,-12.485000000000582,-25.110000000001165,0.0,-25.110000000001165,2026,2026-04-23
h13_r30_t3,1,1776952330000000000,1776952800000000000,4741.0045,4723.8865000000005,0.3620779313627637,sl,-17.117999999999483,-34.37599999999897,0.0,-34.37599999999897,2026,2026-04-23
h14_r15_t2,1,1776954230000000000,1776959695000000000,4728.9765,4717.041499999999,0.2526348588054869,sl,-11.9350000000004,-24.0100000000008,0.0,-24.0100000000008,2026,2026-04-23
h00_r30_t1,1,1776990605000000000,1776994330000000000,4705.7845,4690.9635,0.31497455243212513,sl,-14.820999999999913,-29.781999999999826,0.0,-29.781999999999826,2026,2026-04-24
h01_r60_t3,-1,1776996770000000000,1777029870000000000,4690.2855,4711.2435000000005,0.445966369522451,sl,-20.95800000000054,-42.05600000000108,0.0,-42.05600000000108,2026,2026-04-24
h02_r15_t3,-1,1776997150000000000,1777004710000000000,4690.2865,4659.398499999999,0.21938728599965154,tp,30.88800000000083,61.63600000000166,0.0,61.63600000000166,2026,2026-04-24
h04_r30_t3,-1,1777005020000000000,1777006070000000000,4658.7235,4674.6735,0.3423031421604225,sl,-15.949999999999818,-32.03999999999964,0.0,-32.03999999999964,2026,2026-04-24
h05_r60_t2,1,1777010400000000000,1777013175000000000,4687.5125,4669.6305,0.3815770535666285,sl,-17.881999999999607,-35.903999999999215,0.0,-35.903999999999215,2026,2026-04-24
h06_r60_t3,1,1777016725000000000,1777063980000000000,4688.1645,4708.559,0.45649898369688685,forced_close,20.394500000000335,40.64900000000067,0.0,40.64900000000067,2026,2026-04-24
h13_r30_t3,-1,1777037460000000000,1777038040000000000,4693.5235,4705.7564999999995,0.2604226817873317,sl,-12.232999999999265,-24.60599999999853,0.0,-24.60599999999853,2026,2026-04-24
h00_r30_t1,1,1777250875000000000,1777251435000000000,4682.3724999999995,4692.578499999999,0.2180295668686325,tp,10.205999999999221,20.271999999998442,0.0,20.271999999998442,2026,2026-04-27
h01_r60_t3,1,1777257435000000000,1777297160000000000,4710.0725,4690.9955,0.40566665947211505,sl,-19.077000000000226,-38.29400000000045,0.0,-38.29400000000045,2026,2026-04-27
h02_r15_t3,1,1777256280000000000,1777294890000000000,4706.9235,4696.2695,0.22670060295677977,sl,-10.653999999999542,-21.447999999999084,0.0,-21.447999999999084,2026,2026-04-27
h04_r30_t3,1,1777264215000000000,1777265415000000000,4728.2325,4723.6385,0.09718844244520221,sl,-4.594000000000051,-9.328000000000102,0.0,-9.328000000000102,2026,2026-04-27
h05_r60_t2,-1,1777278600000000000,1777302135000000000,4708.7865,4675.244500000001,0.3560505289858638,tp,33.54199999999946,66.94399999999892,0.0,66.94399999999892,2026,2026-04-27
h06_r60_t3,1,1777273405000000000,1777278600000000000,4715.7405,4709.2564999999995,0.13758408166604855,sl,-6.484000000000378,-13.108000000000757,0.0,-13.108000000000757,2026,2026-04-27
h13_r30_t3,-1,1777296925000000000,1777323180000000000,4693.184499999999,4679.383,0.22101749108341504,forced_close,13.801499999999578,27.462999999999155,0.0,27.462999999999155,2026,2026-04-27
h14_r15_t2,1,1777299565000000000,1777300035000000000,4696.4355,4687.8055,0.18390475395918274,sl,-8.6299999999992,-17.3999999999984,0.0,-17.3999999999984,2026,2026-04-27
h00_r30_t1,-1,1777336800000000000,1777341045000000000,4691.764,4682.0199999999995,0.20754097491224072,tp,9.744000000000597,19.348000000001193,0.0,19.348000000001193,2026,2026-04-28
h01_r60_t3,-1,1777341600000000000,1777374000000000000,4669.4465,4603.2845,0.4721538115865674,tp,66.16200000000026,132.18400000000054,0.0,132.18400000000054,2026,2026-04-28
h02_r15_t3,1,1777342520000000000,1777352435000000000,4677.8665,4666.4715,0.24362785935350714,sl,-11.395000000000437,-22.930000000000874,0.0,-22.930000000000874,2026,2026-04-28
h04_r30_t3,-1,1777352435000000000,1777352775000000000,4666.453,4652.2419999999975,0.10148413857760863,tp,14.211000000002969,28.282000000005937,0.0,28.282000000005937,2026,2026-04-28
h05_r60_t2,-1,1777357405000000000,1777409580000000000,4623.9305,4595.204,0.9554029788048366,forced_close,28.72650000000067,57.31300000000134,0.0,57.31300000000134,2026,2026-04-28
h06_r60_t3,-1,1777362945000000000,1777376900000000000,4623.3525,4563.895499999999,0.42814312496956264,tp,59.457000000001244,118.77400000000249,0.0,118.77400000000249,2026,2026-04-28
h13_r30_t3,-1,1777383105000000000,1777395465000000000,4571.2375,4594.7925,0.5141001038348939,sl,-23.55499999999938,-47.249999999998764,0.0,-47.249999999998764,2026,2026-04-28
h14_r15_t2,-1,1777385755000000000,1777388460000000000,4564.9905,4580.9085,0.34842667887188083,sl,-15.917999999999665,-31.97599999999933,0.0,-31.97599999999933,2026,2026-04-28
h00_r30_t1,-1,1777424455000000000,1777424880000000000,4594.9465,4579.3275,0.33951982258626734,tp,15.618999999999687,31.097999999999374,0.0,31.097999999999374,2026,2026-04-29
h01_r60_t3,1,1777428440000000000,1777447180000000000,4600.6105,4575.9325,0.5382650081613278,sl,-24.677999999999884,-49.49599999999977,0.0,-49.49599999999977,2026,2026-04-29
h02_r15_t3,1,1777429060000000000,1777443550000000000,4602.6325,4584.7755,0.38811604619791507,sl,-17.85699999999997,-35.85399999999994,0.0,-35.85399999999994,2026,2026-04-29
h04_r30_t3,1,1777437040000000000,1777440770000000000,4603.6735,4595.2705000000005,0.18260386858126568,sl,-8.402999999999338,-16.945999999998676,0.0,-16.945999999998676,2026,2026-04-29
h05_r60_t2,-1,1777442400000000000,1777456220000000000,4590.6295,4555.9775,0.377370778115414,tp,34.652000000000044,69.16400000000009,0.0,69.16400000000009,2026,2026-04-29
h06_r60_t3,-1,1777446560000000000,1777469965000000000,4580.7625,4526.7744999999995,0.392539952271803,tp,53.988000000000284,107.83600000000057,0.0,107.83600000000057,2026,2026-04-29
h13_r30_t3,-1,1777469420000000000,1777477205000000000,4534.5585,4553.4775,0.41692069063962184,sl,-18.91899999999987,-37.97799999999974,0.0,-37.97799999999974,2026,2026-04-29
h14_r15_t2,1,1777472170000000000,1777476975000000000,4528.5145,4549.8545,0.2357453336177612,tp,21.340000000000146,42.54000000000029,0.0,42.54000000000029,2026,2026-04-29
h00_r30_t1,1,1777509920000000000,1777512680000000000,4568.7915,4581.1575,0.2709779760820189,tp,12.365999999999985,24.59199999999997,0.0,24.59199999999997,2026,2026-04-30
h01_r60_t3,-1,1777516695000000000,1777531975000000000,4564.6245,4582.7125,0.39499956925217783,sl,-18.087999999999738,-36.31599999999948,0.0,-36.31599999999948,2026,2026-04-30
h02_r15_t3,-1,1777515585000000000,1777521790000000000,4574.8625,4553.055500000002,0.15872255095021887,tp,21.80699999999797,43.47399999999594,0.0,43.47399999999594,2026,2026-04-30
h04_r30_t3,-1,1777523435000000000,1777526660000000000,4545.788500000001,4557.2625,0.25231304365416424,sl,-11.47399999999925,-23.0879999999985,0.0,-23.0879999999985,2026,2026-04-30
h05_r60_t2,1,1777530285000000000,1777536295000000000,4569.8595000000005,4625.613500000001,0.6109575456062244,tp,55.754000000000815,111.36800000000163,0.0,111.36800000000163,2026,2026-04-30
h06_r60_t3,1,1777532805000000000,1777582380000000000,4591.7395,4619.186,0.6850545565115993,forced_close,27.446500000000015,54.75300000000003,0.0,54.75300000000003,2026,2026-04-30
h13_r30_t3,-1,1777555800000000000,1777582380000000000,4632.9095,4619.283,0.2885991052413551,forced_close,13.626499999999396,27.11299999999879,0.0,27.11299999999879,2026,2026-04-30
h14_r15_t2,1,1777559015000000000,1777565760000000000,4625.6285,4609.2465,0.35455509255235423,sl,-16.381999999999607,-32.903999999999215,0.0,-32.903999999999215,2026,2026-04-30
h00_r30_t1,-1,1777595795000000000,1777601470000000000,4620.7005,4631.163500000001,0.2262886019904151,sl,-10.463000000000648,-21.066000000001296,0.0,-21.066000000001296,2026,2026-05-01
h01_r60_t3,1,1777600920000000000,1777609965000000000,4622.1795,4613.8745,0.17971769498694293,sl,-8.305000000000291,-16.750000000000583,0.0,-16.750000000000583,2026,2026-05-01
h02_r15_t3,1,1777601825000000000,1777603775000000000,4634.7465,4619.9745,0.3189687626756438,sl,-14.771999999999935,-29.68399999999987,0.0,-29.68399999999987,2026,2026-05-01
h04_r30_t3,-1,1777609810000000000,1777621915000000000,4617.2875,4582.055500000001,0.2543150897698201,tp,35.23199999999906,70.32399999999812,0.0,70.32399999999812,2026,2026-05-01
h05_r60_t2,-1,1777615570000000000,1777622290000000000,4602.9425,4576.3885,0.28830681038794914,tp,26.554000000000087,52.968000000000174,0.0,52.968000000000174,2026,2026-05-01
h06_r60_t3,-1,1777619190000000000,1777638545000000000,4590.8205,4607.8495,0.3706182778644746,sl,-17.02900000000045,-34.1980000000009,0.0,-34.1980000000009,2026,2026-05-01
h13_r30_t3,-1,1777642215000000000,1777642410000000000,4586.6415,4597.2615000000005,0.23141623576652978,sl,-10.6200000000008,-21.3800000000016,0.0,-21.3800000000016,2026,2026-05-01
h14_r15_t2,1,1777644925000000000,1777647770000000000,4660.1475,4625.0645,0.7534920392362165,sl,-35.08299999999963,-70.30599999999926,0.0,-70.30599999999926,2026,2026-05-01
h00_r30_t1,-1,1777856690000000000,1777860015000000000,4601.638,4616.793,0.32903342766854676,sl,-15.154999999999745,-30.44999999999949,0.0,-30.44999999999949,2026,2026-05-04
h01_r60_t3,1,1777860005000000000,1777861715000000000,4614.273,4592.604,0.46973403199107633,sl,-21.66899999999987,-43.47799999999974,0.0,-43.47799999999974,2026,2026-05-04
h02_r15_t3,-1,1777860965000000000,1777889030000000000,4603.628000000001,4558.424000000003,0.32697084126636106,tp,45.203999999997905,90.26799999999581,0.0,90.26799999999581,2026,2026-05-04
h04_r30_t3,-1,1777869020000000000,1777881205000000000,4607.244000000001,4582.014000000001,0.1824981457233557,tp,25.229999999999563,50.319999999999126,0.0,50.319999999999126,2026,2026-05-04
h05_r60_t2,-1,1777874675000000000,1777889120000000000,4592.493,4551.0830000000005,0.4502010847443459,tp,41.409999999999854,82.67999999999971,0.0,82.67999999999971,2026,2026-05-04
h06_r60_t3,-1,1777879710000000000,1777890105000000000,4583.588,4531.939999999999,0.37516460848405364,tp,51.64800000000105,103.1560000000021,0.0,103.1560000000021,2026,2026-05-04
h13_r30_t3,-1,1777901500000000000,1777904450000000000,4557.389,4575.998,0.40800567248252817,sl,-18.60899999999947,-37.35799999999894,0.0,-37.35799999999894,2026,2026-05-04
h14_r15_t2,1,1777904165000000000,1777907615000000000,4565.572,4553.465,0.2654773724778876,sl,-12.106999999999971,-24.353999999999942,0.0,-24.353999999999942,2026,2026-05-04
h00_r30_t1,1,1777942445000000000,1777948980000000000,4528.72,4543.871000000001,0.3354220371238042,tp,15.15100000000075,30.1620000000015,0.0,30.1620000000015,2026,2026-05-05
h01_r60_t3,1,1777946420000000000,1778014380000000000,4542.351000000001,4556.242,0.37363975595711857,forced_close,13.890999999999622,27.641999999999243,0.0,27.641999999999243,2026,2026-05-05
h02_r15_t3,-1,1777947480000000000,1777948340000000000,4537.604,4542.749,0.11335665241610565,sl,-5.144999999999527,-10.429999999999055,0.0,-10.429999999999055,2026,2026-05-05
h04_r30_t3,-1,1777955420000000000,1777956820000000000,4529.549,4535.877,0.13969751778616585,sl,-6.328000000000429,-12.79600000000086,0.0,-12.79600000000086,2026,2026-05-05
h05_r60_t2,1,1777960880000000000,1778014380000000000,4552.031,4556.242,0.4524752494850632,forced_close,4.21100000000024,8.28200000000048,0.0,8.28200000000048,2026,2026-05-05
h06_r60_t3,1,1777964475000000000,1778014380000000000,4552.356,4556.242,0.40582043863696454,forced_close,3.886000000000422,7.632000000000844,0.0,7.632000000000844,2026,2026-05-05
h13_r30_t3,1,1777991135000000000,1777997180000000000,4585.141,4564.3009999999995,0.4553128167280737,sl,-20.840000000000146,-41.82000000000029,0.0,-41.82000000000029,2026,2026-05-05
h14_r15_t2,-1,1777990510000000000,1777991135000000000,4570.942,4584.509,0.2966221758910254,sl,-13.567000000000007,-27.274000000000015,0.0,-27.274000000000015,2026,2026-05-05
h00_r30_t1,1,1778027400000000000,1778029200000000000,4604.241,4620.332,0.3496245951809635,tp,16.09100000000035,32.0420000000007,0.0,32.0420000000007,2026,2026-05-06
h01_r60_t3,1,1778032955000000000,1778057415000000000,4628.790999999999,4686.1839999999975,0.4135472108746942,tp,57.39299999999821,114.64599999999642,0.0,114.64599999999642,2026,2026-05-06
h02_r15_t3,1,1778033725000000000,1778047095000000000,4634.334,4661.369999999999,0.19449257121250357,tp,27.03599999999915,53.9319999999983,0.0,53.9319999999983,2026,2026-05-06
h04_r30_t3,1,1778043855000000000,1778057410000000000,4653.8240000000005,4684.526000000002,0.21996359875407792,tp,30.702000000001135,61.26400000000227,0.0,61.26400000000227,2026,2026-05-06
h05_r60_t2,1,1778047255000000000,1778058010000000000,4664.045,4702.9169999999995,0.41682599316255453,tp,38.87199999999939,77.60399999999878,0.0,77.60399999999878,2026,2026-05-06
h06_r60_t3,1,1778050800000000000,1778058020000000000,4669.791,4708.152000000001,0.27385812491460565,tp,38.361000000000786,76.58200000000157,0.0,76.58200000000157,2026,2026-05-06
h13_r30_t3,1,1778074355000000000,1778100780000000000,4692.621,4689.909,0.5100744996045229,forced_close,-2.712000000000444,-5.564000000000887,0.0,-5.564000000000887,2026,2026-05-06
h14_r15_t2,1,1778076920000000000,1778080150000000000,4712.607,4697.491,0.3208691912508589,sl,-15.115999999999985,-30.37199999999997,0.0,-30.37199999999997,2026,2026-05-06
h00_r30_t1,-1,1778113875000000000,1778116215000000000,4689.942,4701.448,0.24519001586937958,sl,-11.506000000000313,-23.152000000000626,0.0,-23.152000000000626,2026,2026-05-07
h02_r15_t3,-1,1778120115000000000,1778135475000000000,4703.505,4718.68,0.322573856659023,sl,-15.175000000000182,-30.490000000000364,0.0,-30.490000000000364,2026,2026-05-07
h04_r30_t3,-1,1778128385000000000,1778130175000000000,4695.019,4701.191,0.1313982674674234,sl,-6.171999999999571,-12.483999999999142,0.0,-12.483999999999142,2026,2026-05-07
h05_r60_t2,1,1778133740000000000,1778135525000000000,4706.737999999999,4730.531999999997,0.2530554580065352,tp,23.79399999999805,47.4479999999961,0.0,47.4479999999961,2026,2026-05-07
h06_r60_t3,1,1778137925000000000,1778174800000000000,4750.46,4701.357,1.0360694727593691,sl,-49.103000000000065,-98.34600000000013,0.0,-98.34600000000013,2026,2026-05-07
h13_r30_t3,1,1778160685000000000,1778169140000000000,4750.477,4731.1720000000005,0.40683508227108134,sl,-19.30499999999938,-38.749999999998764,0.0,-38.749999999998764,2026,2026-05-07
h14_r15_t2,-1,1778163365000000000,1778163635000000000,4742.4529999999995,4754.273999999999,0.24875087960297315,sl,-11.820999999999913,-23.781999999999826,0.0,-23.781999999999826,2026,2026-05-07
h00_r30_t1,1,1778202045000000000,1778205415000000000,4709.52,4724.989000000001,0.32930548453613806,tp,15.46900000000096,30.79800000000192,0.0,30.79800000000192,2026,2026-05-08
h01_r60_t3,1,1778205775000000000,1778225125000000000,4725.704,4700.465,0.5344069890668698,sl,-25.238999999999578,-50.61799999999916,0.0,-50.61799999999916,2026,2026-05-08
h02_r15_t3,-1,1778206570000000000,1778221735000000000,4721.575,4733.014999999999,0.2421475097435713,sl,-11.4399999999996,-23.0199999999992,0.0,-23.0199999999992,2026,2026-05-08
h04_r30_t3,-1,1778215225000000000,1778218205000000000,4713.289,4723.246999999999,0.21107774499102913,sl,-9.957999999999629,-20.05599999999926,0.0,-20.05599999999926,2026,2026-05-08
h05_r60_t2,1,1778221730000000000,1778224945000000000,4731.612999999999,4709.641,0.4647349665471993,sl,-21.971999999999753,-44.083999999999506,0.0,-44.083999999999506,2026,2026-05-08
h06_r60_t3,-1,1778224655000000000,1778247035000000000,4712.915,4734.841,0.46397987487822556,sl,-21.926000000000386,-43.99200000000077,0.0,-43.99200000000077,2026,2026-05-08
h13_r30_t3,1,1778247005000000000,1778250635000000000,4729.177,4716.502,0.2681142084030964,sl,-12.674999999999272,-25.489999999998545,0.0,-25.489999999998545,2026,2026-05-08
h14_r15_t2,-1,1778250595000000000,1778273580000000000,4718.909,4715.638,0.6530657615645398,forced_close,3.270999999999731,6.401999999999462,0.0,6.401999999999462,2026,2026-05-08
h00_r30_t1,1,1778459505000000000,1778460770000000000,4691.923,4675.812,0.3439681425421378,sl,-16.110999999999876,-32.36199999999975,0.0,-32.36199999999975,2026,2026-05-11
h01_r60_t3,-1,1778472185000000000,1778504505000000000,4674.544,4705.752,0.6659881872884891,sl,-31.20800000000054,-62.55600000000108,0.0,-62.55600000000108,2026,2026-05-11
h02_r15_t3,1,1778466665000000000,1778468135000000000,4692.9130000000005,4678.348,0.3108006258263586,sl,-14.56500000000051,-29.27000000000102,0.0,-29.27000000000102,2026,2026-05-11
h04_r30_t3,-1,1778473840000000000,1778477720000000000,4670.360000000001,4680.091,0.20828098305370116,sl,-9.730999999999767,-19.601999999999535,0.0,-19.601999999999535,2026,2026-05-11
h13_r30_t3,1,1778506270000000000,1778532780000000000,4735.839,4733.9,0.7862813986503853,forced_close,-1.9390000000003056,-4.018000000000611,0.0,-4.018000000000611,2026,2026-05-11
h14_r15_t2,-1,1778509920000000000,1778532780000000000,4718.6669999999995,4734.04,0.4267718482772286,forced_close,-15.373000000000502,-30.886000000001005,0.0,-30.886000000001005,2026,2026-05-11
h00_r30_t1,-1,1778547270000000000,1778549670000000000,4753.269,4732.688,0.43214199101113016,tp,20.58100000000013,41.02200000000026,0.0,41.02200000000026,2026,2026-05-12
h01_r60_t3,-1,1778557550000000000,1778619180000000000,4720.2080000000005,4714.347,0.7489551308058837,forced_close,5.861000000000786,11.582000000001571,0.0,11.582000000001571,2026,2026-05-12
h02_r15_t3,-1,1778552465000000000,1778566980000000000,4725.394,4699.561000000001,0.18198371762450016,tp,25.83299999999963,51.52599999999926,0.0,51.52599999999926,2026,2026-05-12
h04_r30_t3,-1,1778561305000000000,1778569665000000000,4719.798,4687.617,0.22713822145288132,tp,32.180999999999585,64.22199999999917,0.0,64.22199999999917,2026,2026-05-12
h05_r60_t2,-1,1778565610000000000,1778591800000000000,4708.91,4682.511999999999,0.27996214285685095,tp,26.398000000001048,52.656000000002095,0.0,52.656000000002095,2026,2026-05-12
h06_r60_t3,-1,1778569320000000000,1778615825000000000,4694.397,4714.594,0.4299923782110537,sl,-20.197000000000116,-40.53400000000023,0.0,-40.53400000000023,2026,2026-05-12
h13_r30_t3,-1,1778594305000000000,1778614475000000000,4679.4349999999995,4709.169,0.6338801635203689,sl,-29.73400000000038,-59.60800000000076,0.0,-59.60800000000076,2026,2026-05-12
h14_r15_t2,-1,1778596400000000000,1778611335000000000,4675.939,4695.073,0.4077060578676682,sl,-19.134000000000015,-38.40800000000003,0.0,-38.40800000000003,2026,2026-05-12
h00_r30_t1,-1,1778633940000000000,1778636110000000000,4715.032999999999,4702.8229999999985,0.25853849312079985,tp,12.210000000000946,24.28000000000189,0.0,24.28000000000189,2026,2026-05-13
h01_r60_t3,-1,1778638060000000000,1778705580000000000,4701.217000000001,4689.263,0.3415782347701274,forced_close,11.954000000000633,23.768000000001265,0.0,23.768000000001265,2026,2026-05-13
h02_r15_t3,-1,1778638745000000000,1778652265000000000,4699.128000000001,4707.614,0.18049838910609411,sl,-8.485999999998967,-17.111999999997934,0.0,-17.111999999997934,2026,2026-05-13
h04_r30_t3,1,1778648630000000000,1778650205000000000,4703.608,4695.529,0.17184586580834607,sl,-8.078999999999724,-16.297999999999448,0.0,-16.297999999999448,2026,2026-05-13
h05_r60_t2,1,1778652265000000000,1778663690000000000,4707.544,4693.636,0.2956467357373397,sl,-13.907999999999447,-27.955999999998895,0.0,-27.955999999998895,2026,2026-05-13
h06_r60_t3,-1,1778656050000000000,1778705580000000000,4699.264,4689.263,0.3421436492855362,forced_close,10.001000000000204,19.862000000000407,0.0,19.862000000000407,2026,2026-05-13
h13_r30_t3,-1,1778679265000000000,1778686445000000000,4683.683,4694.873,0.238661142979984,sl,-11.1899999999996,-22.5199999999992,0.0,-22.5199999999992,2026,2026-05-13
h14_r15_t2,1,1778682305000000000,1778689445000000000,4683.438,4704.5419999999995,0.22541175776951047,tp,21.10399999999936,42.06799999999872,0.0,42.06799999999872,2026,2026-05-13
h00_r30_t1,1,1778720340000000000,1778720800000000000,4705.651,4689.682,0.33967135536081655,sl,-15.969000000000051,-32.0780000000001,0.0,-32.0780000000001,2026,2026-05-14
h01_r60_t3,-1,1778726900000000000,1778732845000000000,4683.469,4707.139,0.5048263489068829,sl,-23.670000000000073,-47.480000000000146,0.0,-47.480000000000146,2026,2026-05-14
h02_r15_t3,1,1778725550000000000,1778726850000000000,4694.121,4686.5740000000005,0.1609673654502985,sl,-7.546999999999571,-15.233999999999142,0.0,-15.233999999999142,2026,2026-05-14
h04_r30_t3,1,1778733155000000000,1778766145000000000,4707.749,4668.233,0.8391765722094128,sl,-39.51599999999962,-79.17199999999924,0.0,-79.17199999999924,2026,2026-05-14
h05_r60_t2,-1,1778738400000000000,1778743635000000000,4689.353,4704.342000000001,0.319588341048893,sl,-14.989000000000487,-30.118000000000976,0.0,-30.118000000000976,2026,2026-05-14
h06_r60_t3,1,1778743600000000000,1778765405000000000,4702.606,4686.217000000001,0.34868677060391623,sl,-16.388999999999214,-32.91799999999843,0.0,-32.91799999999843,2026,2026-05-14
h13_r30_t3,-1,1778765400000000000,1778791980000000000,4687.969,4650.093,0.425918922902256,forced_close,37.876000000000204,75.6120000000004,0.0,75.6120000000004,2026,2026-05-14
h14_r15_t2,1,1778768215000000000,1778770810000000000,4690.53,4677.749,0.2726507472136538,sl,-12.780999999999949,-25.7019999999999,0.0,-25.7019999999999,2026,2026-05-14
h00_r30_t1,-1,1778805000000000000,1778821320000000000,4629.665,4600.996,0.6192187851657017,tp,28.66899999999987,57.19799999999974,0.0,57.19799999999974,2026,2026-05-15
h01_r60_t3,-1,1778820220000000000,1778838610000000000,4607.245,4533.931,0.5296494686275148,tp,73.3140000000003,146.48800000000062,0.0,146.48800000000062,2026,2026-05-15
h02_r15_t3,-1,1778811320000000000,1778813500000000000,4609.85,4619.206,0.2028011969519077,sl,-9.355999999999767,-18.851999999999535,0.0,-18.851999999999535,2026,2026-05-15
h04_r30_t3,-1,1778820220000000000,1778823370000000000,4607.469,4564.565999999999,0.31016390256937393,tp,42.90300000000116,85.66600000000231,0.0,85.66600000000231,2026,2026-05-15
h05_r60_t2,-1,1778824885000000000,1778878380000000000,4556.842000000001,4538.757,1.0931602304372976,forced_close,18.085000000000946,36.03000000000189,0.0,36.03000000000189,2026,2026-05-15
h06_r60_t3,1,1778829065000000000,1778833045000000000,4580.752,4556.263,0.5358975183802517,sl,-24.489000000000487,-49.118000000000976,0.0,-49.118000000000976,2026,2026-05-15
h13_r30_t3,-1,1778852225000000000,1778854795000000000,4536.130999999999,4557.857,0.47760430199998877,sl,-21.726000000000568,-43.592000000001136,0.0,-43.592000000001136,2026,2026-05-15
h14_r15_t2,1,1778854635000000000,1778878380000000000,4550.729,4538.657,0.5517523402539619,forced_close,-12.072000000000116,-24.284000000000233,0.0,-24.284000000000233,2026,2026-05-15
h00_r30_t1,-1,1779064385000000000,1779064820000000000,4514.478,4486.1,0.6283896237102425,tp,28.3779999999997,56.6159999999994,0.0,56.6159999999994,2026,2026-05-18
h01_r60_t3,1,1779069780000000000,1779137580000000000,4535.8,4565.292,1.0212827638536663,forced_close,29.49200000000019,58.84400000000038,0.0,58.84400000000038,2026,2026-05-18
h02_r15_t3,1,1779071015000000000,1779137580000000000,4538.8099999999995,4565.292,0.36813448039410174,forced_close,26.48200000000088,52.82400000000176,0.0,52.82400000000176,2026,2026-05-18
h04_r30_t3,1,1779082045000000000,1779084000000000000,4550.130999999999,4530.016,0.4437476257351073,sl,-20.11499999999978,-40.369999999999564,0.0,-40.369999999999564,2026,2026-05-18
h05_r60_t2,-1,1779084000000000000,1779089400000000000,4530.23,4552.423,0.48978033485500494,sl,-22.19300000000021,-44.52600000000042,0.0,-44.52600000000042,2026,2026-05-18
h06_r60_t3,1,1779087695000000000,1779137580000000000,4548.415,4565.292,0.41042990338478885,forced_close,16.877000000000407,33.614000000000814,0.0,33.614000000000814,2026,2026-05-18
h13_r30_t3,1,1779111205000000000,1779113150000000000,4577.099,4561.805,0.33450536337159426,sl,-15.293999999999869,-30.72799999999974,0.0,-30.72799999999974,2026,2026-05-18
h14_r15_t2,-1,1779114100000000000,1779137580000000000,4559.6849999999995,4565.392,0.3535980352743688,forced_close,-5.707000000000335,-11.55400000000067,0.0,-11.55400000000067,2026,2026-05-18
h00_r30_t1,-1,1779151185000000000,1779159480000000000,4568.803,4548.039,0.4539720366868201,tp,20.764000000000124,41.38800000000025,0.0,41.38800000000025,2026,2026-05-19
h01_r60_t3,-1,1779156705000000000,1779197335000000000,4554.041,4498.934000000001,0.4024948589821757,tp,55.10699999999906,110.07399999999812,0.0,110.07399999999812,2026,2026-05-19
h02_r15_t3,-1,1779156910000000000,1779195970000000000,4553.014,4520.443,0.23836476109514682,tp,32.57099999999991,65.00199999999982,0.0,65.00199999999982,2026,2026-05-19
h04_r30_t3,-1,1779165030000000000,1779167450000000000,4538.327,4545.909,0.16698568376363587,sl,-7.581999999999425,-15.303999999998851,0.0,-15.303999999998851,2026,2026-05-19
h05_r60_t2,1,1779171525000000000,1779187420000000000,4546.577,4530.873,0.3458217318040741,sl,-15.704000000000633,-31.548000000001267,0.0,-31.548000000001267,2026,2026-05-19
h06_r60_t3,1,1779174550000000000,1779187350000000000,4553.878000000001,4533.596,0.4459501473381527,sl,-20.282000000001062,-40.704000000002125,0.0,-40.704000000002125,2026,2026-05-19
h13_r30_t3,-1,1779197410000000000,1779223980000000000,4491.008,4482.967,1.037755106356611,forced_close,8.041000000000167,15.942000000000334,0.0,15.942000000000334,2026,2026-05-19
h14_r15_t2,-1,1779200100000000000,1779223980000000000,4492.23,4482.967,0.4929967749330736,forced_close,9.26299999999992,18.38599999999984,0.0,18.38599999999984,2026,2026-05-19
h00_r30_t1,1,1779237000000000000,1779240420000000000,4502.322,4479.633,0.5039584359230543,sl,-22.689000000000306,-45.51800000000061,0.0,-45.51800000000061,2026,2026-05-20
h01_r60_t3,-1,1779246370000000000,1779286895000000000,4456.321,4506.3279999999995,1.1158510788323137,sl,-50.00699999999961,-100.15399999999921,0.0,-100.15399999999921,2026,2026-05-20
h02_r15_t3,1,1779243835000000000,1779244260000000000,4487.126,4476.262000000001,0.24242343099221067,sl,-10.863999999999578,-21.867999999999157,0.0,-21.867999999999157,2026,2026-05-20
h04_r30_t3,-1,1779251670000000000,1779253305000000000,4462.33,4470.652,0.18636231817525528,sl,-8.322000000000116,-16.784000000000233,0.0,-16.784000000000233,2026,2026-05-20
h05_r60_t2,-1,1779258965000000000,1779260475000000000,4461.729,4479.0560000000005,0.38739585117310327,sl,-17.327000000000226,-34.79400000000045,0.0,-34.79400000000045,2026,2026-05-20
h06_r60_t3,1,1779260475000000000,1779288910000000000,4478.86,4530.145,0.3820686328916115,tp,51.285000000000764,102.43000000000153,0.0,102.43000000000153,2026,2026-05-20
h13_r30_t3,-1,1779283800000000000,1779286895000000000,4489.469,4506.246,0.3736900967112742,sl,-16.777000000000044,-33.69400000000009,0.0,-33.69400000000009,2026,2026-05-20
h14_r15_t2,1,1779286560000000000,1779287455000000000,4485.3369999999995,4521.409,0.40284681993131455,tp,36.072000000000116,72.00400000000023,0.0,72.00400000000023,2026,2026-05-20
h00_r30_t1,1,1779325835000000000,1779327660000000000,4553.614,4570.010999999999,0.3608832252136044,tp,16.396999999999025,32.65399999999805,0.0,32.65399999999805,2026,2026-05-21
h01_r60_t3,-1,1779330590000000000,1779396780000000000,4539.974,4540.891,0.6839724244978744,forced_close,-0.9169999999994616,-1.9739999999989233,0.0,-1.9739999999989233,2026,2026-05-21
h02_r15_t3,-1,1779329790000000000,1779359980000000000,4550.718,4508.270999999999,0.31082903853674504,tp,42.447000000001026,84.75400000000205,0.0,84.75400000000205,2026,2026-05-21
h04_r30_t3,1,1779337800000000000,1779340735000000000,4540.096,4527.262000000001,0.28269918022962476,sl,-12.833999999998923,-25.807999999997847,0.0,-25.807999999997847,2026,2026-05-21
h05_r60_t2,-1,1779347180000000000,1779354785000000000,4518.304,4540.608,0.4925648197326291,sl,-22.304000000000087,-44.748000000000175,0.0,-44.748000000000175,2026,2026-05-21
h06_r60_t3,-1,1779347175000000000,1779354785000000000,4518.816,4540.025,0.4690382559534803,sl,-21.208999999999833,-42.557999999999666,0.0,-42.557999999999666,2026,2026-05-21
h13_r30_t3,-1,1779370230000000000,1779371580000000000,4495.608,4512.844,0.3829790732466337,sl,-17.235999999999876,-34.61199999999975,0.0,-34.61199999999975,2026,2026-05-21
h14_r15_t2,-1,1779372980000000000,1779376440000000000,4502.831,4515.619000000001,0.28365943743245325,sl,-12.788000000000466,-25.716000000000932,0.0,-25.716000000000932,2026,2026-05-21
h00_r30_t1,1,1779409810000000000,1779411115000000000,4537.614,4530.24,0.1625580024985477,sl,-7.373999999999796,-14.887999999999593,0.0,-14.887999999999593,2026,2026-05-22
h01_r60_t3,-1,1779417060000000000,1779444490000000000,4521.0,4536.525,0.34299507942903606,sl,-15.524999999999636,-31.189999999999273,0.0,-31.189999999999273,2026,2026-05-22
h02_r15_t3,-1,1779417035000000000,1779421625000000000,4521.522,4529.632,0.1791129953434966,sl,-8.109999999999673,-16.359999999999346,0.0,-16.359999999999346,2026,2026-05-22
h04_r30_t3,-1,1779424625000000000,1779428280000000000,4527.644,4533.251,0.1237153254538263,sl,-5.606999999999971,-11.353999999999942,0.0,-11.353999999999942,2026,2026-05-22
h05_r60_t2,1,1779443655000000000,1779458430000000000,4534.407,4507.352,0.5997149386763555,sl,-27.05500000000029,-54.25000000000058,0.0,-54.25000000000058,2026,2026-05-22
h06_r60_t3,1,1779437435000000000,1779458410000000000,4529.192,4510.116,0.42139668392001456,sl,-19.076000000000022,-38.292000000000044,0.0,-38.292000000000044,2026,2026-05-22
h13_r30_t3,-1,1779456600000000000,1779483180000000000,4520.777,4505.697,0.30190016000510017,forced_close,15.079999999999927,30.019999999999854,0.0,30.019999999999854,2026,2026-05-22
h14_r15_t2,-1,1779459845000000000,1779463125000000000,4492.1759999999995,4513.955,0.4841871618259908,sl,-21.77900000000045,-43.6980000000009,0.0,-43.6980000000009,2026,2026-05-22
h00_r30_t1,1,1779670170000000000,1779671250000000000,4575.784,4566.17,0.21025067154903346,sl,-9.613999999999578,-19.367999999999157,0.0,-19.367999999999157,2026,2026-05-25
h01_r60_t3,-1,1779675390000000000,1779709530000000000,4560.206,4576.541,0.35798259549325523,sl,-16.335000000000036,-32.81000000000007,0.0,-32.81000000000007,2026,2026-05-25
h02_r15_t3,-1,1779675335000000000,1779677025000000000,4561.46,4568.5380000000005,0.15513972109482504,sl,-7.078000000000429,-14.29600000000086,0.0,-14.29600000000086,2026,2026-05-25
h04_r30_t3,1,1779685365000000000,1779686460000000000,4566.198,4559.514999999999,0.14639373716072165,sl,-6.683000000000902,-13.506000000001805,0.0,-13.506000000001805,2026,2026-05-25
h05_r60_t2,-1,1779689110000000000,1779702295000000000,4552.061,4566.3240000000005,0.3132128017799927,sl,-14.26300000000083,-28.66600000000166,0.0,-28.66600000000166,2026,2026-05-25
h06_r60_t3,1,1779692555000000000,1779733795000000000,4563.514,4570.676,0.286228045219608,forced_close,7.162000000000262,14.184000000000523,0.0,14.184000000000523,2026,2026-05-25
h13_r30_t3,-1,1779716865000000000,1779721855000000000,4560.532,4571.619000000001,0.2430264431270654,sl,-11.087000000000444,-22.31400000000089,0.0,-22.31400000000089,2026,2026-05-25
h14_r15_t2,1,1779718900000000000,1779733795000000000,4570.071,4570.676,0.16636676570441097,forced_close,0.6050000000004729,1.0700000000009458,0.0,1.0700000000009458,2026,2026-05-25
h00_r30_t1,-1,1779756755000000000,1779781085000000000,4541.091,4521.786000000001,0.42435379742242996,tp,19.30499999999938,38.46999999999876,0.0,38.46999999999876,2026,2026-05-26
h01_r60_t3,-1,1779770220000000000,1779828780000000000,4527.751,4504.788,0.49707249164859324,forced_close,22.963000000000648,45.786000000001295,0.0,45.786000000001295,2026,2026-05-26
h02_r15_t3,-1,1779762635000000000,1779765635000000000,4535.42,4539.719,0.09471787556992617,sl,-4.298999999999978,-8.737999999999957,0.0,-8.737999999999957,2026,2026-05-26
h04_r30_t3,-1,1779769800000000000,1779798675000000000,4532.772,4501.301999999998,0.23142571477234442,tp,31.470000000002074,62.80000000000415,0.0,62.80000000000415,2026,2026-05-26
h05_r60_t2,1,1779776715000000000,1779779870000000000,4535.253000000001,4522.945,0.27186271683803653,sl,-12.308000000000902,-24.756000000001805,0.0,-24.756000000001805,2026,2026-05-26
h06_r60_t3,-1,1779779420000000000,1779782250000000000,4527.046,4536.446,0.20744809273546874,sl,-9.399999999999636,-18.939999999999273,0.0,-18.939999999999273,2026,2026-05-26
h13_r30_t3,1,1779802220000000000,1779803600000000000,4527.7119999999995,4516.419,0.24970149913765677,sl,-11.292999999999665,-22.72599999999933,0.0,-22.72599999999933,2026,2026-05-26
h14_r15_t2,1,1779805805000000000,1779808630000000000,4520.18,4507.811,0.2741812744098274,sl,-12.369000000000597,-24.878000000001194,0.0,-24.878000000001194,2026,2026-05-26
h00_r30_t1,-1,1779843910000000000,1779848160000000000,4513.961,4502.0740000000005,0.2631016871309857,tp,11.886999999999716,23.633999999999432,0.0,23.633999999999432,2026,2026-05-27
h01_r60_t3,-1,1779847280000000000,1779878385000000000,4506.924,4463.979000000001,0.31753749726326824,tp,42.9449999999988,85.7499999999976,0.0,85.7499999999976,2026,2026-05-27
h02_r15_t3,-1,1779848160000000000,1779851400000000000,4502.155,4509.818,0.1701340291148427,sl,-7.663000000000466,-15.466000000000932,0.0,-15.466000000000932,2026,2026-05-27
h04_r30_t3,1,1779856815000000000,1779859985000000000,4503.535,4495.848,0.17082768870825862,sl,-7.686999999999898,-15.513999999999797,0.0,-15.513999999999797,2026,2026-05-27
h05_r60_t2,-1,1779862695000000000,1779878910000000000,4491.757,4447.257,0.4946774925075813,tp,44.5,88.86,0.0,88.86,2026,2026-05-27
h06_r60_t3,-1,1779868170000000000,1779887215000000000,4479.927,4421.660999999998,0.43301818266135794,tp,58.26600000000144,116.39200000000288,0.0,116.39200000000288,2026,2026-05-27
h13_r30_t3,1,1779890765000000000,1779915180000000000,4439.307,4454.384,0.8586952771305648,forced_close,15.077000000000226,30.01400000000045,0.0,30.01400000000045,2026,2026-05-27
h14_r15_t2,1,1779891700000000000,1779915180000000000,4455.646,4454.384,0.6641231842840658,forced_close,-1.2619999999997162,-2.6639999999994326,0.0,-2.6639999999994326,2026,2026-05-27
h00_r30_t1,-1,1779928270000000000,1779929175000000000,4443.995,4454.195,0.22939602051879524,sl,-10.199999999999818,-20.539999999999637,0.0,-20.539999999999637,2026,2026-05-28
h01_r60_t3,-1,1779933675000000000,1779977585000000000,4406.905,4459.061,1.1826929007586493,sl,-52.15599999999995,-104.4519999999999,0.0,-104.4519999999999,2026,2026-05-28
h02_r15_t3,-1,1779936355000000000,1779972670000000000,4396.4259999999995,4412.8240000000005,0.37245766638625316,sl,-16.398000000001048,-32.936000000002096,0.0,-32.936000000002096,2026,2026-05-28
h04_r30_t3,1,1779946235000000000,1779972990000000000,4382.141,4429.405999999997,0.3606387987832177,tp,47.2649999999976,94.3899999999952,0.0,94.3899999999952,2026,2026-05-28
h05_r60_t2,1,1779952865000000000,1779977580000000000,4395.859,4453.179,0.6531114516689516,tp,57.31999999999971,114.49999999999942,0.0,114.49999999999942,2026,2026-05-28
h06_r60_t3,1,1779952125000000000,1779977370000000000,4390.886,4440.725000000001,0.37897054509437617,tp,49.83900000000085,99.5380000000017,0.0,99.5380000000017,2026,2026-05-28
h13_r30_t3,-1,1779975070000000000,1779977365000000000,4425.0509999999995,4439.276,0.3211857749812056,sl,-14.225000000000364,-28.590000000000728,0.0,-28.590000000000728,2026,2026-05-28
h14_r15_t2,1,1779977915000000000,1780001580000000000,4467.773999999999,4495.96,1.0502571546332526,forced_close,28.186000000000604,56.23200000000121,0.0,56.23200000000121,2026,2026-05-28
h00_r30_t1,1,1780016435000000000,1780017005000000000,4500.772,4509.492,0.1937777347160646,tp,8.720000000000255,17.30000000000051,0.0,17.30000000000051,2026,2026-05-29
h02_r15_t3,-1,1780021235000000000,1780028665000000000,4504.273999999999,4511.147,0.15250227544135356,sl,-6.873000000000502,-13.886000000001005,0.0,-13.886000000001005,2026,2026-05-29
h04_r30_t3,1,1780030615000000000,1780063305000000000,4511.991,4544.9130000000005,0.24337110900626477,tp,32.92200000000048,65.70400000000096,0.0,65.70400000000096,2026,2026-05-29
h05_r60_t2,1,1780034400000000000,1780051040000000000,4516.049,4542.835,0.2966347580720187,tp,26.786000000000058,53.432000000000116,0.0,53.432000000000116,2026,2026-05-29
h06_r60_t3,1,1780040145000000000,1780044655000000000,4524.264999999999,4510.003000000001,0.3152728263870403,sl,-14.261999999998807,-28.663999999997614,0.0,-28.663999999997614,2026,2026-05-29
h13_r30_t3,1,1780061440000000000,1780066990000000000,4529.384,4571.5070000000005,0.3100704322082855,tp,42.1230000000005,84.106000000001,0.0,84.106000000001,2026,2026-05-29
h14_r15_t2,-1,1780064555000000000,1780066335000000000,4535.197,4552.925,0.3901369814779578,sl,-17.728000000000065,-35.59600000000013,0.0,-35.59600000000013,2026,2026-05-29
h00_r30_t1,-1,1780274040000000000,1780276125000000000,4537.504,4528.695,0.19389741508266553,tp,8.809000000000196,17.478000000000392,0.0,17.478000000000392,2026,2026-06-01
h01_r60_t3,-1,1780281050000000000,1780320095000000000,4523.68,4470.451000000002,0.39204404468898824,tp,53.22899999999845,106.3179999999969,0.0,106.3179999999969,2026,2026-06-01
h02_r15_t3,1,1780280220000000000,1780281040000000000,4534.288,4524.345,0.21811239772049507,sl,-9.942999999999302,-20.025999999998604,0.0,-20.025999999998604,2026,2026-06-01
h04_r30_t3,-1,1780289270000000000,1780291060000000000,4512.49,4519.629,0.15808139364946636,sl,-7.139000000000124,-14.418000000000248,0.0,-14.418000000000248,2026,2026-06-01
h05_r60_t2,-1,1780294605000000000,1780319485000000000,4512.633,4487.198999999999,0.2814437664643176,tp,25.434000000001106,50.72800000000221,0.0,50.72800000000221,2026,2026-06-01
h06_r60_t3,-1,1780299715000000000,1780347180000000000,4500.145,4483.337,0.4183800218930175,forced_close,16.807999999999993,33.475999999999985,0.0,33.475999999999985,2026,2026-06-01
h13_r30_t3,-1,1780320640000000000,1780347180000000000,4462.53,4483.337,0.9312459521269223,forced_close,-20.8070000000007,-41.7540000000014,0.0,-41.7540000000014,2026,2026-06-01
h14_r15_t2,1,1780323400000000000,1780335895000000000,4462.101000000001,4490.993000000002,0.3238120428671202,tp,28.892000000001644,57.64400000000329,0.0,57.64400000000329,2026,2026-06-01
h00_r30_t1,1,1780360200000000000,1780362065000000000,4493.978,4476.67,0.3851384789566813,sl,-17.307999999999993,-34.755999999999986,0.0,-34.755999999999986,2026,2026-06-02
h01_r60_t3,1,1780369300000000000,1780433580000000000,4492.603,4488.209,0.6657208411053345,forced_close,-4.394000000000233,-8.928000000000466,0.0,-8.928000000000466,2026,2026-06-02
h02_r15_t3,1,1780366510000000000,1780373785000000000,4481.157999999999,4507.788999999998,0.19812556299619544,tp,26.630999999998494,53.12199999999699,0.0,53.12199999999699,2026,2026-06-02
h04_r30_t3,1,1780375300000000000,1780409775000000000,4510.505,4497.778,0.28252099206223813,sl,-12.726999999999862,-25.593999999999724,0.0,-25.593999999999724,2026,2026-06-02
h05_r60_t2,1,1780381290000000000,1780404860000000000,4528.445,4515.22,0.29276616318264503,sl,-13.224999999999454,-26.58999999999891,0.0,-26.58999999999891,2026,2026-06-02
h06_r60_t3,1,1780384225000000000,1780404795000000000,4538.719999999999,4516.974,0.47943982309272826,sl,-21.745999999999185,-43.63199999999837,0.0,-43.63199999999837,2026,2026-06-02
h13_r30_t3,-1,1780407000000000000,1780433580000000000,4510.193,4488.309,0.33027391964362474,forced_close,21.884000000000015,43.62800000000003,0.0,43.62800000000003,2026,2026-06-02
h14_r15_t2,-1,1780409770000000000,1780412420000000000,4498.237999999999,4507.003000000001,0.19458336737342505,sl,-8.765000000001237,-17.670000000002474,0.0,-17.670000000002474,2026,2026-06-02
h00_r30_t1,1,1780446600000000000,1780447240000000000,4483.473,4493.215,0.217307558899119,tp,9.74200000000019,19.344000000000378,0.0,19.344000000000378,2026,2026-06-03
h01_r60_t3,1,1780455905000000000,1780464635000000000,4487.789,4463.311,0.5469033646912428,sl,-24.478000000000065,-49.09600000000013,0.0,-49.09600000000013,2026,2026-06-03
h02_r15_t3,1,1780454265000000000,1780461420000000000,4481.704,4472.781,0.1991499690997224,sl,-8.922999999999774,-17.98599999999955,0.0,-17.98599999999955,2026,2026-06-03
h04_r30_t3,-1,1780461000000000000,1780476705000000000,4477.241,4443.947,0.24786983371860488,tp,33.29399999999987,66.44799999999974,0.0,66.44799999999974,2026,2026-06-03
h05_r60_t2,-1,1780469145000000000,1780519980000000000,4456.7970000000005,4431.577,0.39522109138096717,forced_close,25.220000000000255,50.30000000000051,0.0,50.30000000000051,2026,2026-06-03
h06_r60_t3,1,1780470645000000000,1780471805000000000,4471.058,4455.264999999999,0.3538674918272042,sl,-15.793000000000575,-31.72600000000115,0.0,-31.72600000000115,2026,2026-06-03
h13_r30_t3,-1,1780494090000000000,1780519980000000000,4445.6669999999995,4431.577,0.4600069321347637,forced_close,14.089999999999236,28.03999999999847,0.0,28.03999999999847,2026,2026-06-03
h14_r15_t2,1,1780496170000000000,1780500165000000000,4456.841,4442.559,0.32062074978830657,sl,-14.282000000000153,-28.704000000000306,0.0,-28.704000000000306,2026,2026-06-03
h00_r30_t1,-1,1780533135000000000,1780535525000000000,4447.764999999999,4465.5509999999995,0.3996004444897795,sl,-17.786000000000058,-35.71200000000012,0.0,-35.71200000000012,2026,2026-06-04
h01_r60_t3,1,1780541500000000000,1780606380000000000,4473.718,4475.837,0.6802954157090939,forced_close,2.1190000000005966,4.098000000001194,0.0,4.098000000001194,2026,2026-06-04
h02_r15_t3,1,1780541280000000000,1780573715000000000,4467.475,4502.995000000001,0.2652817049726909,tp,35.52000000000044,70.90000000000087,0.0,70.90000000000087,2026,2026-06-04
h04_r30_t3,1,1780547460000000000,1780557220000000000,4476.503000000001,4462.407999999999,0.3149938174502142,sl,-14.095000000001164,-28.33000000000233,0.0,-28.33000000000233,2026,2026-06-04
h05_r60_t2,-1,1780553910000000000,1780572360000000000,4466.91,4482.507,0.34897231378913307,sl,-15.596999999999753,-31.333999999999506,0.0,-31.333999999999506,2026,2026-06-04
h06_r60_t3,-1,1780557210000000000,1780571360000000000,4462.986,4477.207,0.3183001193429704,sl,-14.221000000000458,-28.582000000000917,0.0,-28.582000000000917,2026,2026-06-04
h13_r30_t3,1,1780580160000000000,1780581250000000000,4510.191,4500.130999999999,0.22332994268457687,sl,-10.0600000000004,-20.2600000000008,0.0,-20.2600000000008,2026,2026-06-04
h14_r15_t2,-1,1780582520000000000,1780584830000000000,4486.007,4457.876999999999,0.3133941286005623,tp,28.13000000000102,56.12000000000204,0.0,56.12000000000204,2026,2026-06-04
h00_r30_t1,1,1780619775000000000,1780622760000000000,4464.936,4450.691,0.31957095608136893,sl,-14.24499999999989,-28.629999999999782,0.0,-28.629999999999782,2026,2026-06-05
h01_r60_t3,-1,1780624875000000000,1780660285000000000,4444.076,4470.21,0.5877032528095475,sl,-26.134000000000015,-52.40800000000003,0.0,-52.40800000000003,2026,2026-06-05
h02_r15_t3,1,1780626155000000000,1780626695000000000,4450.9400000000005,4442.336,0.19337629985104068,sl,-8.60400000000027,-17.34800000000054,0.0,-17.34800000000054,2026,2026-06-05
h04_r30_t3,-1,1780633840000000000,1780635300000000000,4438.5650000000005,4444.849,0.1415362812851073,sl,-6.283999999999651,-12.707999999999302,0.0,-12.707999999999302,2026,2026-06-05
h05_r60_t2,-1,1780639340000000000,1780641380000000000,4438.621999999999,4450.112,0.25877206910229267,sl,-11.490000000000691,-23.120000000001383,0.0,-23.120000000001383,2026,2026-06-05
h06_r60_t3,1,1780643305000000000,1780663915000000000,4456.416,4428.621,0.6242059873020867,sl,-27.795000000000073,-55.730000000000146,0.0,-55.730000000000146,2026,2026-06-05
h13_r30_t3,-1,1780666255000000000,1780675100000000000,4399.844,4335.271999999999,0.4886557358589251,tp,64.57200000000103,129.00400000000207,0.0,129.00400000000207,2026,2026-06-05
h14_r15_t2,-1,1780669345000000000,1780675220000000000,4363.928,4333.272000000001,0.3510324402708849,tp,30.65599999999904,61.17199999999808,0.0,61.17199999999808,2026,2026-06-05
h00_r30_t1,-1,1780879685000000000,1780881295000000000,4340.791,4328.138000000001,0.2907613360268379,tp,12.652999999999338,25.165999999998675,0.0,25.165999999998675,2026,2026-06-08
h01_r60_t3,-1,1780896850000000000,1780925905000000000,4299.979,4346.148999999999,1.0673214692742068,sl,-46.16999999999916,-92.47999999999833,0.0,-92.47999999999833,2026,2026-06-08
h02_r15_t3,-1,1780884990000000000,1780917610000000000,4314.733,4330.812,0.3724538428485161,sl,-16.078999999999724,-32.29799999999945,0.0,-32.29799999999945,2026,2026-06-08
h04_r30_t3,-1,1780893235000000000,1780896875000000000,4313.682,4288.754999999999,0.1923388979437214,tp,24.92700000000059,49.71400000000118,0.0,49.71400000000118,2026,2026-06-08
h05_r60_t2,1,1780903545000000000,1780951980000000000,4316.342000000001,4328.918,1.1172111799404494,forced_close,12.575999999999112,25.011999999998224,0.0,25.011999999998224,2026,2026-06-08
h06_r60_t3,1,1780903440000000000,1780905670000000000,4311.5779999999995,4291.999,0.4553262167342494,sl,-19.578999999999724,-39.29799999999945,0.0,-39.29799999999945,2026,2026-06-08
h13_r30_t3,1,1780925410000000000,1780927515000000000,4336.395,4321.312,0.34824002910967417,sl,-15.083000000000538,-30.306000000001077,0.0,-30.306000000001077,2026,2026-06-08
h14_r15_t2,-1,1780928715000000000,1780930780000000000,4316.71,4331.114,0.3334705430494992,sl,-14.403999999999542,-28.947999999999084,0.0,-28.947999999999084,2026,2026-06-08
h00_r30_t1,-1,1780965080000000000,1780967015000000000,4315.478,4324.0560000000005,0.19869870646633483,sl,-8.57800000000043,-17.29600000000086,0.0,-17.29600000000086,2026,2026-06-09
h01_r60_t3,1,1780972290000000000,1781014550000000000,4338.831,4318.721,0.463742849862401,sl,-20.110000000000582,-40.360000000001165,0.0,-40.360000000001165,2026,2026-06-09
h02_r15_t3,1,1780972270000000000,1780979440000000000,4337.045,4328.144,0.20542183481093135,sl,-8.90099999999984,-17.94199999999968,0.0,-17.94199999999968,2026,2026-06-09
h04_r30_t3,-1,1780979440000000000,1780983140000000000,4328.701,4339.4259999999995,0.24765095278074392,sl,-10.724999999999454,-21.58999999999891,0.0,-21.58999999999891,2026,2026-06-09
h05_r60_t2,-1,1780988340000000000,1781012925000000000,4330.814,4351.709,0.4810438340402117,sl,-20.894999999999527,-41.929999999999055,0.0,-41.929999999999055,2026,2026-06-09
h06_r60_t3,-1,1780988400000000000,1781012925000000000,4330.284,4349.098,0.43440905798532714,sl,-18.814000000000306,-37.76800000000061,0.0,-37.76800000000061,2026,2026-06-09
h13_r30_t3,-1,1781011805000000000,1781012885000000000,4330.313,4345.673,0.35466904713634007,sl,-15.359999999999673,-30.859999999999346,0.0,-30.859999999999346,2026,2026-06-09
h14_r15_t2,-1,1781014550000000000,1781016280000000000,4319.713,4287.257,0.37553939819742166,tp,32.45600000000013,64.77200000000026,0.0,64.77200000000026,2026,2026-06-09
h00_r30_t1,-1,1781051420000000000,1781051820000000000,4216.606,4204.66,0.28319841147169084,tp,11.945999999999913,23.751999999999825,0.0,23.751999999999825,2026,2026-06-10
h01_r60_t3,-1,1781057125000000000,1781071660000000000,4183.661,4219.105,0.8461389717133934,sl,-35.443999999999505,-71.02799999999901,0.0,-71.02799999999901,2026,2026-06-10
h02_r15_t3,-1,1781058340000000000,1781058605000000000,4179.584,4191.849,0.29321475010047543,sl,-12.265000000000327,-24.670000000000655,0.0,-24.670000000000655,2026,2026-06-10
h04_r30_t3,-1,1781065815000000000,1781069400000000000,4173.683,4187.446,0.329674093815429,sl,-13.76299999999992,-27.66599999999984,0.0,-27.66599999999984,2026,2026-06-10
h05_r60_t2,1,1781071250000000000,1781078590000000000,4209.157,4173.448,0.8491687971785175,sl,-35.70899999999983,-71.55799999999967,0.0,-71.55799999999967,2026,2026-06-10
h06_r60_t3,-1,1781074815000000000,1781093450000000000,4201.956,4141.746000000001,0.47739043687289784,tp,60.20999999999913,120.27999999999825,0.0,120.27999999999825,2026,2026-06-10
h13_r30_t3,1,1781098610000000000,1781103360000000000,4158.272,4132.911,0.6111608610280755,sl,-25.360999999999876,-50.86199999999975,0.0,-50.86199999999975,2026,2026-06-10
h14_r15_t2,-1,1781100945000000000,1781102875000000000,4170.132,4147.723999999998,0.26839020255987894,tp,22.408000000001266,44.67600000000253,0.0,44.67600000000253,2026,2026-06-10
h00_r30_t1,1,1781138020000000000,1781141530000000000,4072.9179999999997,4109.607999999999,0.9020078709959013,tp,36.6899999999996,73.2399999999992,0.0,73.2399999999992,2026,2026-06-11
h01_r60_t3,-1,1781145575000000000,1781199015000000000,4066.2479999999996,4118.393,1.2711382031573673,sl,-52.14500000000044,-104.43000000000087,0.0,-104.43000000000087,2026,2026-06-11
h02_r15_t3,-1,1781144115000000000,1781156860000000000,4089.333,4102.759,0.3282762586775824,sl,-13.42599999999993,-26.991999999999862,0.0,-26.991999999999862,2026,2026-06-11
h04_r30_t3,1,1781153305000000000,1781180530000000000,4085.536,4070.223,0.37553704642430763,sl,-15.313000000000102,-30.766000000000204,0.0,-30.766000000000204,2026,2026-06-11
h05_r60_t2,1,1781162375000000000,1781179935000000000,4106.499,4072.645,0.8268200959242173,sl,-33.853999999999814,-67.84799999999963,0.0,-67.84799999999963,2026,2026-06-11
h06_r60_t3,1,1781161445000000000,1781179840000000000,4097.652,4076.3630000000003,0.5198958010519962,sl,-21.28899999999976,-42.71799999999952,0.0,-42.71799999999952,2026,2026-06-11
h13_r30_t3,-1,1781184870000000000,1781185520000000000,4072.085,4086.409,0.35146236955419363,sl,-14.32400000000007,-28.78800000000014,0.0,-28.78800000000014,2026,2026-06-11
h14_r15_t2,1,1781190485000000000,1781199370000000000,4085.5370000000003,4150.677000000001,0.8020454745255179,tp,65.14000000000033,130.14000000000067,0.0,130.14000000000067,2026,2026-06-11
h00_r30_t1,-1,1781224970000000000,1781226270000000000,4207.562,4184.380999999999,0.5492314526877061,tp,23.181000000000495,46.22200000000099,0.0,46.22200000000099,2026,2026-06-12
h01_r60_t3,-1,1781243910000000000,1781252265000000000,4171.467,4211.059,0.9455889869167223,sl,-39.59200000000055,-79.3240000000011,0.0,-79.3240000000011,2026,2026-06-12
h02_r15_t3,-1,1781231650000000000,1781234225000000000,4183.78,4200.123,0.38966429930643065,sl,-16.342999999999847,-32.825999999999695,0.0,-32.825999999999695,2026,2026-06-12
h04_r30_t3,-1,1781239650000000000,1781251430000000000,4190.454,4201.226,0.25692366586089666,sl,-10.771999999999935,-21.68399999999987,0.0,-21.68399999999987,2026,2026-06-12
h05_r60_t2,-1,1781249580000000000,1781251195000000000,4170.884,4193.193,0.5345829059992954,sl,-22.309000000000196,-44.75800000000039,0.0,-44.75800000000039,2026,2026-06-12
h06_r60_t3,-1,1781249555000000000,1781251010000000000,4172.441,4185.823,0.3198273859429033,sl,-13.382000000000517,-26.904000000001034,0.0,-26.904000000001034,2026,2026-06-12
h13_r30_t3,1,1781271510000000000,1781271700000000000,4206.934,4186.751,0.4801959326931037,sl,-20.182999999999993,-40.505999999999986,0.0,-40.505999999999986,2026,2026-06-12
h14_r15_t2,1,1781273830000000000,1781274125000000000,4198.649,4184.937,0.32698800455762056,sl,-13.712000000000444,-27.56400000000089,0.0,-27.56400000000089,2026,2026-06-12
h00_r30_t1,-1,1781484740000000000,1781487160000000000,4293.362999999999,4308.368,0.34888233260335083,sl,-15.005000000001019,-30.150000000002038,0.0,-30.150000000002038,2026,2026-06-15
h01_r60_t3,1,1781488855000000000,1781556780000000000,4319.758,4307.624,0.7921382892398108,forced_close,-12.134000000000015,-24.40800000000003,0.0,-24.40800000000003,2026,2026-06-15
h02_r15_t3,1,1781489700000000000,1781502235000000000,4326.876,4316.059,0.25001716166613097,sl,-10.817000000000007,-21.774000000000015,0.0,-21.774000000000015,2026,2026-06-15
h04_r30_t3,1,1781498030000000000,1781501835000000000,4327.718,4320.764,0.16071329524654085,sl,-6.9539999999997235,-14.047999999999448,0.0,-14.047999999999448,2026,2026-06-15
h05_r60_t2,-1,1781503695000000000,1781512325000000000,4307.562,4333.103,0.5925559878523858,sl,-25.541000000000167,-51.222000000000335,0.0,-51.222000000000335,2026,2026-06-15
h06_r60_t3,1,1781507675000000000,1781529315000000000,4313.647,4352.311,0.299137611889372,tp,38.66399999999976,77.18799999999952,0.0,77.18799999999952,2026,2026-06-15
h13_r30_t3,1,1781530235000000000,1781540615000000000,4356.048,4341.32,0.3383192232991882,sl,-14.728000000000065,-29.59600000000013,0.0,-29.59600000000013,2026,2026-06-15
h14_r15_t2,-1,1781534295000000000,1781544975000000000,4353.939,4322.9310000000005,0.3557918525868781,tp,31.00799999999981,61.87599999999962,0.0,61.87599999999962,2026,2026-06-15
h00_r30_t1,1,1781571370000000000,1781581345000000000,4318.51,4330.256,0.27262242768577755,tp,11.746000000000095,23.35200000000019,0.0,23.35200000000019,2026,2026-06-16
h01_r60_t3,-1,1781575230000000000,1781580940000000000,4312.108,4326.026,0.32265490414357395,sl,-13.917999999999665,-27.97599999999933,0.0,-27.97599999999933,2026,2026-06-16
h02_r15_t3,1,1781577015000000000,1781596670000000000,4314.264999999999,4334.013999999998,0.15274788408330453,tp,19.748999999998887,39.35799999999777,0.0,39.35799999999777,2026,2026-06-16
h04_r30_t3,-1,1781584240000000000,1781595075000000000,4322.284,4332.1810000000005,0.22893098229366413,sl,-9.897000000000844,-19.93400000000169,0.0,-19.93400000000169,2026,2026-06-16
h05_r60_t2,-1,1781589610000000000,1781595065000000000,4314.2029999999995,4331.073,0.3908881130855484,sl,-16.8700000000008,-33.8800000000016,0.0,-33.8800000000016,2026,2026-06-16
h06_r60_t3,1,1781593200000000000,1781620445000000000,4324.487999999999,4313.457,0.2551202714806953,sl,-11.03099999999904,-22.20199999999808,0.0,-22.20199999999808,2026,2026-06-16
h13_r30_t3,-1,1781618195000000000,1781643180000000000,4333.15,4331.407,0.5045755487417672,forced_close,1.7429999999994834,3.3459999999989667,0.0,3.3459999999989667,2026,2026-06-16
h14_r15_t2,-1,1781619375000000000,1781620250000000000,4331.442,4316.553999999999,0.171691241763143,tp,14.88800000000083,29.63600000000166,0.0,29.63600000000166,2026,2026-06-16
h00_r30_t1,1,1781658150000000000,1781670185000000000,4341.901,4328.499,0.3089741996629927,sl,-13.402000000000044,-26.944000000000088,0.0,-26.944000000000088,2026,2026-06-17
h01_r60_t3,-1,1781664385000000000,1781706210000000000,4334.432,4349.882,0.3558963970615125,sl,-15.449999999999818,-31.039999999999637,0.0,-31.039999999999637,2026,2026-06-17
h02_r15_t3,1,1781662620000000000,1781662935000000000,4344.325,4340.054,0.09835629157861343,sl,-4.270999999999731,-8.681999999999462,0.0,-8.681999999999462,2026,2026-06-17
h04_r30_t3,-1,1781670600000000000,1781675345000000000,4324.351000000001,4334.227,0.22835674706783313,sl,-9.875999999999294,-19.89199999999859,0.0,-19.89199999999859,2026,2026-06-17
h05_r60_t2,-1,1781677340000000000,1781688615000000000,4321.157,4334.432,0.3068110670160801,sl,-13.274999999999636,-26.689999999999273,0.0,-26.689999999999273,2026,2026-06-17
h06_r60_t3,1,1781679605000000000,1781684195000000000,4331.9,4320.466,0.26396608933798366,sl,-11.433999999999287,-23.007999999998574,0.0,-23.007999999998574,2026,2026-06-17
h13_r30_t3,1,1781703410000000000,1781717635000000000,4338.461,4381.985000000002,0.3346242707772015,tp,43.52400000000216,86.90800000000432,0.0,86.90800000000432,2026,2026-06-17
h14_r15_t2,1,1781706150000000000,1781707650000000000,4346.349,4335.629,0.24687445881066047,sl,-10.720000000000255,-21.58000000000051,0.0,-21.58000000000051,2026,2026-06-17
h00_r30_t1,1,1781742620000000000,1781744620000000000,4301.433,4326.428,0.5812064865387715,tp,24.99499999999989,49.84999999999978,0.0,49.84999999999978,2026,2026-06-18
h01_r60_t3,1,1781748790000000000,1781761590000000000,4328.65,4307.088,0.4993403344111978,sl,-21.561999999999898,-43.2639999999998,0.0,-43.2639999999998,2026,2026-06-18
h02_r15_t3,-1,1781750600000000000,1781772810000000000,4316.298,4274.906999999998,0.31883335232114884,tp,41.39100000000144,82.64200000000288,0.0,82.64200000000288,2026,2026-06-18
h04_r30_t3,-1,1781757625000000000,1781760600000000000,4311.68,4324.213,0.290528263974807,sl,-12.532999999999447,-25.205999999998895,0.0,-25.205999999998895,2026,2026-06-18
h05_r60_t2,-1,1781762840000000000,1781780440000000000,4301.476000000001,4254.364000000001,0.5467932304045352,tp,47.11199999999917,94.08399999999834,0.0,94.08399999999834,2026,2026-06-18
h06_r60_t3,-1,1781768010000000000,1781780270000000000,4296.3,4254.855000000001,0.320797723973229,tp,41.4449999999988,82.7499999999976,0.0,82.7499999999976,2026,2026-06-18
h13_r30_t3,1,1781789400000000000,1781791305000000000,4263.464,4244.943,0.43444452393713395,sl,-18.52099999999973,-37.18199999999946,0.0,-37.18199999999946,2026,2026-06-18
h14_r15_t2,-1,1781792145000000000,1781815980000000000,4238.619000000001,4210.536,0.4571544961540706,forced_close,28.08300000000054,56.026000000001076,0.0,56.026000000001076,2026,2026-06-18
h00_r30_t1,-1,1781831910000000000,1781838260000000000,4184.22,4170.0650000000005,0.3382053540858276,tp,14.154999999999745,28.16999999999949,0.0,28.16999999999949,2026,2026-06-19
h01_r60_t3,-1,1781834760000000000,1781841525000000000,4183.854,4151.592000000001,0.2569727208426503,tp,32.261999999999716,64.38399999999943,0.0,64.38399999999943,2026,2026-06-19
h02_r15_t3,-1,1781835345000000000,1781841515000000000,4178.596,4155.048999999999,0.18777098685866628,tp,23.54700000000048,46.95400000000096,0.0,46.95400000000096,2026,2026-06-19
h04_r30_t3,-1,1781843720000000000,1781852690000000000,4141.411,4155.336,0.33580077572994,sl,-13.925000000000182,-27.990000000000364,0.0,-27.990000000000364,2026,2026-06-19
h05_r60_t2,1,1781849385000000000,1781874595000000000,4141.754,4181.795999999999,0.4836396875872593,tp,40.04199999999946,79.94399999999892,0.0,79.94399999999892,2026,2026-06-19
h06_r60_t3,1,1781852430000000000,1781888395000000000,4150.711,4155.511,0.43043561173618766,forced_close,4.800000000000182,9.460000000000363,0.0,9.460000000000363,2026,2026-06-19
h13_r30_t3,-1,1781876115000000000,1781888395000000000,4161.882,4155.611,0.5118142570276327,forced_close,6.270999999999731,12.401999999999461,0.0,12.401999999999461,2026,2026-06-19
h14_r15_t2,-1,1781878545000000000,1781887675000000000,4147.789,4154.634,0.16496838005630507,sl,-6.845000000000255,-13.83000000000051,0.0,-13.83000000000051,2026,2026-06-19
h00_r30_t1,1,1782088235000000000,1782090000000000000,4170.692,4201.352,0.7357650696852996,tp,30.659999999999854,61.17999999999971,0.0,61.17999999999971,2026,2026-06-22
h01_r60_t3,-1,1782093610000000000,1782161580000000000,4189.557,4191.399,0.7604952859170766,forced_close,-1.842000000000553,-3.824000000001106,0.0,-3.824000000001106,2026,2026-06-22
h02_r15_t3,-1,1782094530000000000,1782095705000000000,4183.5740000000005,4195.255,0.27915244337847783,sl,-11.680999999999585,-23.50199999999917,0.0,-23.50199999999917,2026,2026-06-22
h04_r30_t3,1,1782103025000000000,1782110745000000000,4179.098,4204.319,0.20130128699213812,tp,25.22100000000046,50.302000000000916,0.0,50.302000000000916,2026,2026-06-22
h05_r60_t2,1,1782109080000000000,1782143130000000000,4198.725,4179.392,0.46096991809457827,sl,-19.33300000000054,-38.80600000000108,0.0,-38.80600000000108,2026,2026-06-22
h06_r60_t3,-1,1782114835000000000,1782119180000000000,4191.253,4207.516,0.38741518816185916,sl,-16.26299999999992,-32.66599999999984,0.0,-32.66599999999984,2026,2026-06-22
h13_r30_t3,-1,1782135000000000000,1782136005000000000,4185.557,4197.15,0.2768647532517183,sl,-11.592999999999847,-23.325999999999695,0.0,-23.325999999999695,2026,2026-06-22
h14_r15_t2,-1,1782138035000000000,1782161580000000000,4193.982,4191.399,0.40275338067197297,forced_close,2.582999999999629,5.025999999999258,0.0,5.025999999999258,2026,2026-06-22
h00_r30_t1,1,1782175480000000000,1782177440000000000,4192.384,4178.478,0.3323779002397812,sl,-13.905999999999949,-27.9519999999999,0.0,-27.9519999999999,2026,2026-06-23
h01_r60_t3,-1,1782180655000000000,1782247980000000000,4150.0740000000005,4110.465,1.1701512077104232,forced_close,39.60900000000038,79.07800000000076,0.0,79.07800000000076,2026,2026-06-23
h02_r15_t3,1,1782181770000000000,1782183540000000000,4163.401,4148.951,0.34789425266656293,sl,-14.449999999999818,-29.039999999999637,0.0,-29.039999999999637,2026,2026-06-23
h04_r30_t3,-1,1782189040000000000,1782200525000000000,4137.335,4107.953,0.23655896317901695,tp,29.381999999999607,58.623999999999214,0.0,58.623999999999214,2026,2026-06-23
h05_r60_t2,-1,1782194985000000000,1782222745000000000,4115.516,4137.597,0.5357679259392653,sl,-22.08100000000013,-44.30200000000026,0.0,-44.30200000000026,2026,2026-06-23
h06_r60_t3,-1,1782198030000000000,1782208830000000000,4110.311,4126.981,0.40513813338984866,sl,-16.670000000000073,-33.480000000000146,0.0,-33.480000000000146,2026,2026-06-23
h13_r30_t3,1,1782221535000000000,1782247980000000000,4119.481,4110.375,0.3399364052648401,forced_close,-9.105999999999767,-18.351999999999535,0.0,-18.351999999999535,2026,2026-06-23
h14_r15_t2,-1,1782224305000000000,1782245720000000000,4133.033,4108.643000000001,0.29473550901873036,tp,24.389999999999418,48.639999999998835,0.0,48.639999999998835,2026,2026-06-23
h00_r30_t1,-1,1782262800000000000,1782263035000000000,4093.723,4075.375,0.44754123072374824,tp,18.347999999999956,36.55599999999991,0.0,36.55599999999991,2026,2026-06-24
h01_r60_t3,-1,1782268245000000000,1782306985000000000,4068.314,3965.9269999999988,0.8346345585025625,tp,102.38700000000108,204.63400000000217,0.0,204.63400000000217,2026,2026-06-24
h02_r15_t3,-1,1782267315000000000,1782281565000000000,4079.807,4096.0019999999995,0.39690767380977227,sl,-16.19499999999971,-32.52999999999942,0.0,-32.52999999999942,2026,2026-06-24
h04_r30_t3,1,1782277760000000000,1782296240000000000,4067.348,4055.123,0.3008513909793287,sl,-12.224999999999909,-24.58999999999982,0.0,-24.58999999999982,2026,2026-06-24
h05_r60_t2,1,1782281220000000000,1782295320000000000,4086.3360000000002,4060.934,0.6232194256430197,sl,-25.402000000000044,-50.94400000000009,0.0,-50.94400000000009,2026,2026-06-24
h06_r60_t3,-1,1782287790000000000,1782303955000000000,4075.799,4009.993999999999,0.5366876864246617,tp,65.8050000000012,131.47000000000241,0.0,131.47000000000241,2026,2026-06-24
h13_r30_t3,1,1782308010000000000,1782324200000000000,3995.785,3964.516,0.7865158647612213,sl,-31.268999999999778,-62.67799999999956,0.0,-62.67799999999956,2026,2026-06-24
h14_r15_t2,-1,1782310520000000000,1782323915000000000,4018.87,3974.053999999999,0.5574245830012456,tp,44.81600000000071,89.49200000000143,0.0,89.49200000000143,2026,2026-06-24
h00_r30_t1,-1,1782347400000000000,1782352705000000000,3995.327,3974.0620000000004,0.5320760674862083,tp,21.264999999999873,42.389999999999745,0.0,42.389999999999745,2026,2026-06-25
h01_r60_t3,-1,1782353170000000000,1782390635000000000,3972.382,4006.1,0.8478264859907938,sl,-33.71799999999985,-67.5759999999997,0.0,-67.5759999999997,2026,2026-06-25
h02_r15_t3,1,1782354000000000000,1782400960000000000,3981.967,4039.657,0.48464545903838624,tp,57.690000000000055,115.24000000000011,0.0,115.24000000000011,2026,2026-06-25
h04_r30_t3,-1,1782362385000000000,1782363845000000000,3987.505,3997.792,0.25751311471962207,sl,-10.286999999999807,-20.713999999999615,0.0,-20.713999999999615,2026,2026-06-25
h05_r60_t2,-1,1782368090000000000,1782375750000000000,3980.436,4000.2709999999997,0.4975356496144903,sl,-19.83499999999958,-39.809999999999164,0.0,-39.809999999999164,2026,2026-06-25
h06_r60_t3,-1,1782370870000000000,1782372530000000000,3974.076,3989.326,0.38339846917162046,sl,-15.25,-30.64,0.0,-30.64,2026,2026-06-25
h13_r30_t3,-1,1782395085000000000,1782400945000000000,4011.992,4034.134,0.5505110414235771,sl,-22.141999999999825,-44.42399999999965,0.0,-44.42399999999965,2026,2026-06-25
h14_r15_t2,1,1782397275000000000,1782420780000000000,4021.926,4024.966,0.5702521294201448,forced_close,3.0399999999999636,5.939999999999928,0.0,5.939999999999928,2026,2026-06-25
h00_r30_t1,1,1782434800000000000,1782440375000000000,4023.7,4011.613,0.301002295058452,sl,-12.086999999999989,-24.31399999999998,0.0,-24.31399999999998,2026,2026-06-26
h01_r60_t3,-1,1782439875000000000,1782457025000000000,4014.232,4029.752,0.3859817016819049,sl,-15.519999999999982,-31.179999999999964,0.0,-31.179999999999964,2026,2026-06-26
h02_r15_t3,-1,1782440365000000000,1782442555000000000,4013.486,3983.803999999999,0.2464045457579326,tp,29.6820000000007,59.224000000001396,0.0,59.224000000001396,2026,2026-06-26
h04_r30_t3,1,1782449655000000000,1782466520000000000,4012.101,4051.5150000000012,0.3278210752671094,tp,39.414000000001124,78.68800000000225,0.0,78.68800000000225,2026,2026-06-26
h05_r60_t2,1,1782454935000000000,1782466530000000000,4021.692,4053.282,0.39406332806003014,tp,31.590000000000146,63.04000000000029,0.0,63.04000000000029,2026,2026-06-26
h06_r60_t3,1,1782457280000000000,1782507180000000000,4033.332,4077.287,0.6584991051693813,forced_close,43.95499999999993,87.76999999999985,0.0,87.76999999999985,2026,2026-06-26
h13_r30_t3,1,1782481850000000000,1782507180000000000,4066.176,4077.287,0.5656784752561839,forced_close,11.110999999999876,22.081999999999752,0.0,22.081999999999752,2026,2026-06-26
h14_r15_t2,1,1782483355000000000,1782499680000000000,4085.3379999999997,4068.038,0.4237953494707023,sl,-17.299999999999727,-34.739999999999455,0.0,-34.739999999999455,2026,2026-06-26
h00_r30_t1,1,1782693675000000000,1782709275000000000,4065.009,4048.337,0.4118053162702874,sl,-16.672000000000025,-33.48400000000005,0.0,-33.48400000000005,2026,2026-06-29
h01_r60_t3,1,1782703340000000000,1782708015000000000,4074.733,4053.896,0.5130356657903915,sl,-20.83699999999999,-41.81399999999998,0.0,-41.81399999999998,2026,2026-06-29
h02_r15_t3,1,1782700085000000000,1782701070000000000,4070.569,4059.574,0.27073505490787353,sl,-10.99499999999989,-22.129999999999782,0.0,-22.129999999999782,2026,2026-06-29
h04_r30_t3,-1,1782707600000000000,1782711040000000000,4062.224,4041.3770000000013,0.1709321818143708,tp,20.846999999998843,41.553999999997686,0.0,41.553999999997686,2026,2026-06-29
h05_r60_t2,1,1782712890000000000,1782726490000000000,4057.456,4039.453,0.4440120159225811,sl,-18.003000000000156,-36.14600000000031,0.0,-36.14600000000031,2026,2026-06-29
h06_r60_t3,1,1782718170000000000,1782723055000000000,4065.115,4053.88,0.2765539142286478,sl,-11.234999999999673,-22.609999999999346,0.0,-22.609999999999346,2026,2026-06-29
h13_r30_t3,-1,1782739800000000000,1782766380000000000,4038.065,4016.924,0.3434813456445077,forced_close,21.141000000000076,42.14200000000015,0.0,42.14200000000015,2026,2026-06-29
h14_r15_t2,-1,1782742500000000000,1782766380000000000,4008.111,4016.924,0.6853256500366887,forced_close,-8.813000000000102,-17.766000000000204,0.0,-17.766000000000204,2026,2026-06-29
h00_r30_t1,-1,1782779490000000000,1782780165000000000,4003.306,3991.199,0.30220356244258884,tp,12.106999999999971,24.07399999999994,0.0,24.07399999999994,2026,2026-06-30
h01_r60_t3,1,1782793840000000000,1782852780000000000,3987.265,4010.494,1.1345815342547236,forced_close,23.22900000000027,46.31800000000054,0.0,46.31800000000054,2026,2026-06-30
h02_r15_t3,1,1782792085000000000,1782806735000000000,3973.384,4036.6210000000005,0.5326463520332788,tp,63.237000000000535,126.33400000000107,0.0,126.33400000000107,2026,2026-06-30
h04_r30_t3,1,1782793805000000000,1782801265000000000,3983.674,4029.7839999999997,0.3859317942765057,tp,46.10999999999967,92.07999999999934,0.0,92.07999999999934,2026,2026-06-30
h05_r60_t2,1,1782800545000000000,1782801145000000000,3990.926,4022.4999999999995,0.3968428532968425,tp,31.573999999999614,63.00799999999923,0.0,63.00799999999923,2026,2026-06-30
h06_r60_t3,1,1782804320000000000,1782852780000000000,4034.389,4010.494,1.3956650999349873,forced_close,-23.894999999999982,-47.929999999999964,0.0,-47.929999999999964,2026,2026-06-30
h13_r30_t3,1,1782828555000000000,1782852780000000000,4033.571,4010.494,0.6027856969610181,forced_close,-23.07699999999977,-46.29399999999954,0.0,-46.29399999999954,2026,2026-06-30
h14_r15_t2,1,1782828945000000000,1782832840000000000,4048.832,4025.25,0.5831797814522487,sl,-23.58199999999988,-47.30399999999976,0.0,-47.30399999999976,2026,2026-06-30
h00_r30_t1,-1,1782865850000000000,1782867745000000000,4001.355,3992.682,0.2167249814210799,tp,8.67300000000023,17.206000000000458,0.0,17.206000000000458,2026,2026-07-01
h01_r60_t3,-1,1782871500000000000,1782903610000000000,3973.853,3999.991,0.6570597218468943,sl,-26.13799999999992,-52.41599999999984,0.0,-52.41599999999984,2026,2026-07-01
h02_r15_t3,1,1782872385000000000,1782882720000000000,3979.973,3970.2870000000003,0.24358716426918053,sl,-9.685999999999694,-19.51199999999939,0.0,-19.51199999999939,2026,2026-07-01
h04_r30_t3,-1,1782880745000000000,1782881480000000000,3974.181,3981.195,0.17633248049821906,sl,-7.014000000000124,-14.168000000000248,0.0,-14.168000000000248,2026,2026-07-01
h05_r60_t2,-1,1782886020000000000,1782893820000000000,3969.775,3979.068,0.23384393326854885,sl,-9.29300000000012,-18.72600000000024,0.0,-18.72600000000024,2026,2026-07-01
h06_r60_t3,-1,1782889640000000000,1782892630000000000,3963.215,3977.6440000000002,0.3632602843394785,sl,-14.429000000000087,-28.998000000000175,0.0,-28.998000000000175,2026,2026-07-01
h13_r30_t3,1,1782912605000000000,1782939180000000000,4047.437,4033.036,0.858057739383794,forced_close,-14.40099999999984,-28.94199999999968,0.0,-28.94199999999968,2026,2026-07-01
h14_r15_t2,1,1782915635000000000,1782918695000000000,4101.76,4082.88,0.46128718181141,sl,-18.88000000000011,-37.90000000000022,0.0,-37.90000000000022,2026,2026-07-01
h00_r30_t1,1,1782953355000000000,1782954140000000000,4048.773,4066.793,0.4453357750189362,tp,18.019999999999982,35.89999999999996,0.0,35.89999999999996,2026,2026-07-02
h01_r60_t3,-1,1782957825000000000,1782964165000000000,4045.329,4068.737,0.5779016796872275,sl,-23.4079999999999,-46.955999999999804,0.0,-46.955999999999804,2026,2026-07-02
h02_r15_t3,1,1782958545000000000,1782995400000000000,4051.328,4081.3640000000005,0.24732584488381518,tp,30.036000000000513,59.932000000001025,0.0,59.932000000001025,2026,2026-07-02
h04_r30_t3,-1,1782966690000000000,1782972130000000000,4064.072,4073.105,0.222171719333143,sl,-9.032999999999902,-18.205999999999804,0.0,-18.205999999999804,2026,2026-07-02
h05_r60_t2,1,1782972000000000000,1782995405000000000,4067.887,4097.101000000001,0.3592427349077945,tp,29.214000000000397,58.28800000000079,0.0,58.28800000000079,2026,2026-07-02
h06_r60_t3,-1,1782976605000000000,1782982135000000000,4066.069,4079.8559999999998,0.33846393298182886,sl,-13.786999999999807,-27.713999999999615,0.0,-27.713999999999615,2026,2026-07-02
h13_r30_t3,1,1782999290000000000,1783009830000000000,4129.9439999999995,4109.322,0.5013396528741794,sl,-20.62199999999939,-41.38399999999878,0.0,-41.38399999999878,2026,2026-07-02
h14_r15_t2,-1,1783002050000000000,1783025580000000000,4123.808,4119.881,0.354626676829301,forced_close,3.92699999999968,7.71399999999936,0.0,7.71399999999936,2026,2026-07-02
h00_r30_t1,1,1783039775000000000,1783040620000000000,4141.091,4159.344000000001,0.44116619854341466,tp,18.25300000000061,36.36600000000122,0.0,36.36600000000122,2026,2026-07-03
h02_r15_t3,-1,1783045150000000000,1783046295000000000,4177.106,4184.607,0.17947410569807445,sl,-7.501000000000204,-15.142000000000408,0.0,-15.142000000000408,2026,2026-07-03
h04_r30_t3,-1,1783056165000000000,1783065740000000000,4173.097,4182.857,0.2335741827775469,sl,-9.760000000000218,-19.660000000000437,0.0,-19.660000000000437,2026,2026-07-03
h05_r60_t2,-1,1783058490000000000,1783065740000000000,4169.251,4182.159,0.30944425891958327,sl,-12.907999999999447,-25.955999999998895,0.0,-25.955999999998895,2026,2026-07-03
h06_r60_t3,1,1783062280000000000,1783087705000000000,4174.5380000000005,4160.4220000000005,0.33825045725873804,sl,-14.115999999999985,-28.37199999999997,0.0,-28.37199999999997,2026,2026-07-03
h13_r30_t3,-1,1783086475000000000,1783097995000000000,4164.541,4175.073,0.35735988043256767,forced_close,-10.532000000000153,-21.204000000000306,0.0,-21.204000000000306,2026,2026-07-03
h14_r15_t2,1,1783089035000000000,1783097995000000000,4167.427,4174.993,0.2886017099405266,forced_close,7.566000000000713,14.992000000001426,0.0,14.992000000001426,2026,2026-07-03
h00_r30_t1,1,1783298500000000000,1783302470000000000,4185.529,4201.033000000001,0.37137206215693336,tp,15.504000000000815,30.86800000000163,0.0,30.86800000000163,2026,2026-07-06
h01_r60_t3,-1,1783305340000000000,1783371180000000000,4172.486,4164.375,0.7364361639867124,forced_close,8.110999999999876,16.081999999999752,0.0,16.081999999999752,2026,2026-07-06
h02_r15_t3,-1,1783304625000000000,1783317585000000000,4177.211,4144.841,0.2580805029388639,tp,32.36999999999989,64.59999999999978,0.0,64.59999999999978,2026,2026-07-06
h04_r30_t3,-1,1783312305000000000,1783330235000000000,4160.306,4140.643999999999,0.15749488454019947,tp,19.662000000000262,39.18400000000052,0.0,39.18400000000052,2026,2026-07-06
h05_r60_t2,1,1783323675000000000,1783329985000000000,4161.029,4144.772,0.391914748356849,sl,-16.257000000000517,-32.654000000001034,0.0,-32.654000000001034,2026,2026-07-06
h06_r60_t3,1,1783323605000000000,1783329985000000000,4159.576,4145.846,0.3308028800330098,sl,-13.730000000000473,-27.600000000000946,0.0,-27.600000000000946,2026,2026-07-06
h13_r30_t3,1,1783344855000000000,1783346330000000000,4148.921,4136.983,0.28819904805957164,sl,-11.938000000000102,-24.016000000000204,0.0,-24.016000000000204,2026,2026-07-06
h14_r15_t2,-1,1783347670000000000,1783351740000000000,4133.625,4147.395,0.3325438736941963,sl,-13.770000000000437,-27.680000000000874,0.0,-27.680000000000874,2026,2026-07-06
h00_r30_t1,1,1783384215000000000,1783384635000000000,4160.765,4151.971,0.21140480100929993,sl,-8.794000000000779,-17.728000000001558,0.0,-17.728000000001558,2026,2026-07-07
h01_r60_t3,-1,1783396065000000000,1783424695000000000,4125.692,4148.174,0.5427774648608199,sl,-22.48199999999997,-45.10399999999994,0.0,-45.10399999999994,2026,2026-07-07
h02_r15_t3,1,1783391110000000000,1783391405000000000,4144.775,4137.539,0.1746786453666194,sl,-7.235999999999876,-14.611999999999753,0.0,-14.611999999999753,2026,2026-07-07
h04_r30_t3,-1,1783398625000000000,1783423125000000000,4130.438,4141.444,0.2663477398920552,sl,-11.006000000000313,-22.152000000000626,0.0,-22.152000000000626,2026,2026-07-07
h05_r60_t2,1,1783406425000000000,1783426010000000000,4131.344,4161.009999999999,0.3596506541747803,tp,29.665999999999258,59.191999999998515,0.0,59.191999999998515,2026,2026-07-07
h06_r60_t3,1,1783410390000000000,1783416575000000000,4133.157,4121.431,0.2838958470729764,sl,-11.726000000000568,-23.592000000001136,0.0,-23.592000000001136,2026,2026-07-07
h13_r30_t3,1,1783431405000000000,1783432665000000000,4178.601,4160.095,0.4441659240299958,sl,-18.505999999999403,-37.15199999999881,0.0,-37.15199999999881,2026,2026-07-07
h14_r15_t2,-1,1783434900000000000,1783450420000000000,4151.074,4125.9079999999985,0.30301840819371934,tp,25.166000000001077,50.19200000000215,0.0,50.19200000000215,2026,2026-07-07
h00_r30_t1,1,1783470860000000000,1783471125000000000,4108.154,4119.414000000001,0.27425059684821806,tp,11.260000000000218,22.380000000000436,0.0,22.380000000000436,2026,2026-07-08
h01_r60_t3,1,1783476645000000000,1783498675000000000,4118.178,4096.34,0.5311878901420288,sl,-21.837999999999738,-43.81599999999948,0.0,-43.81599999999948,2026,2026-07-08
h02_r15_t3,1,1783477365000000000,1783498615000000000,4118.139,4106.06,0.29372407056477556,sl,-12.078999999999724,-24.297999999999448,0.0,-24.297999999999448,2026,2026-07-08
h04_r30_t3,1,1783487100000000000,1783494295000000000,4129.052,4120.751,0.2011762302322597,sl,-8.300999999999476,-16.741999999998953,0.0,-16.741999999998953,2026,2026-07-08
h05_r60_t2,-1,1783494295000000000,1783498675000000000,4121.118,4095.3640000000014,0.31195688565423485,tp,25.753999999998996,51.36799999999799,0.0,51.36799999999799,2026,2026-07-08
h06_r60_t3,-1,1783494150000000000,1783498680000000000,4122.149,4087.0160000000024,0.28399060267794896,tp,35.13299999999799,70.12599999999598,0.0,70.12599999999598,2026,2026-07-08
h13_r30_t3,-1,1783519230000000000,1783536380000000000,4065.296,4083.246,0.441362149323026,sl,-17.950000000000273,-36.040000000000546,0.0,-36.040000000000546,2026,2026-07-08
h14_r15_t2,-1,1783520125000000000,1783524295000000000,4056.752,4026.8219999999997,0.36881998553309203,tp,29.93000000000029,59.72000000000058,0.0,59.72000000000058,2026,2026-07-08
h00_r30_t1,-1,1783558295000000000,1783566775000000000,4073.815,4057.5170000000003,0.39964954035888456,tp,16.297999999999774,32.45599999999955,0.0,32.45599999999955,2026,2026-07-09
h01_r60_t3,1,1783563040000000000,1783566440000000000,4079.031,4062.497,0.40594316108288436,sl,-16.534000000000106,-33.20800000000021,0.0,-33.20800000000021,2026,2026-07-09
h02_r15_t3,1,1783563515000000000,1783564515000000000,4079.635,4072.065,0.1856123232851803,sl,-7.570000000000164,-15.280000000000328,0.0,-15.280000000000328,2026,2026-07-09
h04_r30_t3,1,1783571560000000000,1783572230000000000,4064.518,4057.335,0.17695849174111566,sl,-7.182999999999993,-14.505999999999986,0.0,-14.505999999999986,2026,2026-07-09
h05_r60_t2,1,1783576805000000000,1783603045000000000,4084.449,4126.099,0.5101655851727943,tp,41.65000000000009,83.16000000000018,0.0,83.16000000000018,2026,2026-07-09
h06_r60_t3,1,1783580400000000000,1783630380000000000,4108.325,4123.87,0.6534267662531522,forced_close,15.545000000000073,30.950000000000145,0.0,30.950000000000145,2026,2026-07-09
h13_r30_t3,1,1783604045000000000,1783630380000000000,4127.526,4123.87,0.501195729547719,forced_close,-3.655999999999949,-7.451999999999898,0.0,-7.451999999999898,2026,2026-07-09
h14_r15_t2,-1,1783606505000000000,1783614750000000000,4120.146,4136.363,0.3933810491099393,sl,-16.217000000000553,-32.57400000000111,0.0,-32.57400000000111,2026,2026-07-09
h00_r30_t1,-1,1783643510000000000,1783644320000000000,4116.932,4125.852,0.21652987092683698,sl,-8.920000000000073,-17.980000000000146,0.0,-17.980000000000146,2026,2026-07-10
h01_r60_t3,1,1783652420000000000,1783662455000000000,4131.199,4108.666,0.5473076316781998,sl,-22.532999999999447,-45.205999999998895,0.0,-45.205999999998895,2026,2026-07-10
h02_r15_t3,1,1783652005000000000,1783657290000000000,4129.164,4116.243,0.313247146932073,sl,-12.920999999999367,-25.981999999998735,0.0,-25.981999999998735,2026,2026-07-10
h04_r30_t3,-1,1783661445000000000,1783693980000000000,4112.076,4084.3590000000013,0.22437081338608023,tp,27.716999999998734,55.29399999999747,0.0,55.29399999999747,2026,2026-07-10
h05_r60_t2,1,1783663200000000000,1783669435000000000,4117.323,4108.248,0.22043547361808158,sl,-9.075000000000728,-18.290000000001456,0.0,-18.290000000001456,2026,2026-07-10
h06_r60_t3,-1,1783666820000000000,1783693980000000000,4111.068,4083.237,0.22560901910782283,tp,27.83100000000013,55.52200000000026,0.0,55.52200000000026,2026,2026-07-10
h13_r30_t3,1,1783693285000000000,1783693980000000000,4106.912,4085.632,0.5205906061284425,sl,-21.2800000000002,-42.7000000000004,0.0,-42.7000000000004,2026,2026-07-10
h14_r15_t2,-1,1783693030000000000,1783693180000000000,4097.562,4103.768,0.15135961468905626,sl,-6.206000000000131,-12.552000000000263,0.0,-12.552000000000263,2026,2026-07-10
h00_r30_t1,-1,1783902600000000000,1783912280000000000,4074.207,4057.156,0.41844895835633883,tp,17.05099999999993,33.96199999999986,0.0,33.96199999999986,2026,2026-07-13
h01_r60_t3,-1,1783909835000000000,1783960530000000000,4065.391,3991.4650000000006,0.6051381488990479,tp,73.92599999999948,147.71199999999897,0.0,147.71199999999897,2026,2026-07-13
h02_r15_t3,-1,1783909480000000000,1783910100000000000,4070.0860000000002,4075.17,0.12484029699417842,sl,-5.083999999999833,-10.307999999999666,0.0,-10.307999999999666,2026,2026-07-13
h04_r30_t3,1,1783919090000000000,1783922650000000000,4060.504,4050.294,0.25174557571328415,sl,-10.210000000000036,-20.560000000000073,0.0,-20.560000000000073,2026,2026-07-13
h05_r60_t2,-1,1783922480000000000,1783930265000000000,4052.109,4073.368,0.5244085941932464,sl,-21.259000000000015,-42.65800000000003,0.0,-42.65800000000003,2026,2026-07-13
h06_r60_t3,1,1783929495000000000,1783950710000000000,4063.754,4043.827,0.4913587485997294,sl,-19.92699999999968,-39.99399999999936,0.0,-39.99399999999936,2026,2026-07-13
h13_r30_t3,-1,1783949610000000000,1783951660000000000,4058.562,4030.6169999999997,0.22930901549996144,tp,27.945000000000164,55.75000000000033,0.0,55.75000000000033,2026,2026-07-13
h14_r15_t2,-1,1783952200000000000,1783960405000000000,4029.688,3994.898,0.43098770638228456,tp,34.789999999999964,69.43999999999993,0.0,69.43999999999993,2026,2026-07-13
h00_r30_t1,1,1783989265000000000,1784007005000000000,4004.988,4026.5389999999998,0.5394135307670438,tp,21.55099999999993,42.96199999999986,0.0,42.96199999999986,2026,2026-07-14
h01_r60_t3,1,1783994950000000000,1784032205000000000,4012.228,4072.1500000000005,0.4980187957589403,tp,59.92200000000048,119.70400000000096,0.0,119.70400000000096,2026,2026-07-14
h02_r15_t3,1,1783995345000000000,1784032200000000000,4018.057,4054.2249999999985,0.3001552561527243,tp,36.167999999998756,72.19599999999751,0.0,72.19599999999751,2026,2026-07-14
h04_r30_t3,1,1784003500000000000,1784030605000000000,4019.006,4035.5509999999995,0.13732966390463153,tp,16.544999999999618,32.949999999999235,0.0,32.949999999999235,2026,2026-07-14
h05_r60_t2,-1,1784016170000000000,1784030600000000000,4019.683,4034.303,0.36265749058876257,sl,-14.61999999999989,-29.379999999999782,0.0,-29.379999999999782,2026,2026-07-14
h06_r60_t3,-1,1784012430000000000,1784030565000000000,4021.682,4033.456,0.29258112764753347,sl,-11.774000000000342,-23.688000000000685,0.0,-23.688000000000685,2026,2026-07-14
h13_r30_t3,1,1784036310000000000,1784038710000000000,4086.25,4070.827,0.3778653194215075,sl,-15.422999999999774,-30.98599999999955,0.0,-30.98599999999955,2026,2026-07-14
h14_r15_t2,-1,1784038580000000000,1784039650000000000,4072.576,4085.399,0.314102140146919,sl,-12.822999999999865,-25.78599999999973,0.0,-25.78599999999973,2026,2026-07-14
h00_r30_t1,1,1784075400000000000,1784079065000000000,4058.44,4050.996,0.1834202304333675,sl,-7.44399999999996,-15.02799999999992,0.0,-15.02799999999992,2026,2026-07-15
h01_r60_t3,-1,1784080850000000000,1784119020000000000,4035.603,4062.15,0.6575315186384817,sl,-26.547000000000025,-53.23400000000005,0.0,-53.23400000000005,2026,2026-07-15
h02_r15_t3,-1,1784081770000000000,1784117040000000000,4033.966,4042.273,0.2057778822589899,sl,-8.307000000000244,-16.754000000000488,0.0,-16.754000000000488,2026,2026-07-15
h04_r30_t3,1,1784090010000000000,1784090485000000000,4035.112,4030.027,0.1260591072189114,sl,-5.085000000000036,-10.310000000000073,0.0,-10.310000000000073,2026,2026-07-15
h05_r60_t2,-1,1784096540000000000,1784115670000000000,4022.156,4036.712,0.36075878308597564,sl,-14.55600000000004,-29.25200000000008,0.0,-29.25200000000008,2026,2026-07-15
h06_r60_t3,-1,1784100430000000000,1784110475000000000,4021.186,4035.59,0.35723878525916297,sl,-14.403999999999996,-28.947999999999993,0.0,-28.947999999999993,2026,2026-07-15
h13_r30_t3,-1,1784126760000000000,1784140195000000000,4054.333,4074.382,0.49429376567087957,sl,-20.048999999999978,-40.23799999999996,0.0,-40.23799999999996,2026,2026-07-15
h14_r15_t2,1,1784124970000000000,1784125275000000000,4065.697,4060.04,0.1391816013585067,sl,-5.657000000000153,-11.454000000000306,0.0,-11.454000000000306,2026,2026-07-15
h00_r30_t1,1,1784161860000000000,1784162665000000000,4060.534,4054.868,0.1396059937440984,sl,-5.666000000000167,-11.472000000000335,0.0,-11.472000000000335,2026,2026-07-16
h01_r60_t3,-1,1784167540000000000,1784206955000000000,4033.854,3983.807999999999,0.4130166855571973,tp,50.04600000000073,99.95200000000146,0.0,99.95200000000146,2026,2026-07-16
h02_r15_t3,-1,1784168155000000000,1784202420000000000,4031.277,4040.36,0.22523835018302216,sl,-9.083000000000084,-18.306000000000168,0.0,-18.306000000000168,2026,2026-07-16
h04_r30_t3,-1,1784176425000000000,1784202380000000000,4031.967,4038.139,0.15300196954090794,sl,-6.1720000000000255,-12.484000000000052,0.0,-12.484000000000052,2026,2026-07-16
h05_r60_t2,1,1784181910000000000,1784183705000000000,4034.218,4025.314,0.22107765923848371,sl,-8.903999999999996,-17.947999999999993,0.0,-17.947999999999993,2026,2026-07-16
h06_r60_t3,-1,1784187090000000000,1784191675000000000,4022.938,4036.747,0.34258835437761487,sl,-13.808999999999742,-27.757999999999484,0.0,-27.757999999999484,2026,2026-07-16
h13_r30_t3,1,1784208600000000000,1784230515000000000,4006.326,3973.6,0.8170288321850369,sl,-32.72600000000011,-65.59200000000023,0.0,-65.59200000000023,2026,2026-07-16
h14_r15_t2,1,1784211990000000000,1784218755000000000,3997.626,3987.129,0.26311970179266553,sl,-10.497000000000298,-21.134000000000597,0.0,-21.134000000000597,2026,2026-07-16
h00_r30_t1,-1,1784248215000000000,1784249965000000000,3983.257,3991.084,0.19641129684905717,sl,-7.826999999999771,-15.793999999999542,0.0,-15.793999999999542,2026,2026-07-17
h01_r60_t3,-1,1784255535000000000,1784258295000000000,3979.199,3996.317,0.429760365539835,sl,-17.117999999999938,-34.37599999999988,0.0,-34.37599999999988,2026,2026-07-17
h02_r15_t3,-1,1784255535000000000,1784257450000000000,3979.779,3987.3469999999998,0.1900963040737014,sl,-7.567999999999756,-15.275999999999513,0.0,-15.275999999999513,2026,2026-07-17
h04_r30_t3,-1,1784262825000000000,1784268170000000000,3985.256,3991.897,0.16658673045509648,sl,-6.641000000000076,-13.422000000000153,0.0,-13.422000000000153,2026,2026-07-17
h05_r60_t2,1,1784268170000000000,1784292160000000000,3991.643,3975.353,0.40875134368535543,sl,-16.289999999999964,-32.71999999999993,0.0,-32.71999999999993,2026,2026-07-17
h13_r30_t3,1,1784295365000000000,1784321580000000000,3975.9809999999998,4018.138,0.4157970106258613,forced_close,42.15700000000015,84.1740000000003,0.0,84.1740000000003,2026,2026-07-17
h14_r15_t2,1,1784298020000000000,1784305470000000000,4000.973,4022.2829999999994,0.266720135855791,tp,21.30999999999949,42.47999999999898,0.0,42.47999999999898,2026,2026-07-17
h00_r30_t1,1,1784507750000000000,1784535890000000000,4005.848,4028.935,0.5766287883802066,tp,23.08699999999999,46.03399999999998,0.0,46.03399999999998,2026,2026-07-20
h01_r60_t3,1,1784515685000000000,1784580780000000000,4021.072,4007.532,0.6342709719333101,forced_close,-13.539999999999964,-27.219999999999928,0.0,-27.219999999999928,2026,2026-07-20
h02_r15_t3,1,1784514740000000000,1784547155000000000,4010.167,4036.7470000000003,0.22115334213620466,tp,26.580000000000382,53.02000000000076,0.0,53.02000000000076,2026,2026-07-20
h04_r30_t3,-1,1784522720000000000,1784528835000000000,4021.393,4005.1989999999996,0.134105237582164,tp,16.194000000000415,32.24800000000083,0.0,32.24800000000083,2026,2026-07-20
h05_r60_t2,-1,1784528830000000000,1784533490000000000,4005.332,4021.12,0.39381706214666745,sl,-15.788000000000011,-31.716000000000022,0.0,-31.716000000000022,2026,2026-07-20
h06_r60_t3,-1,1784530825000000000,1784532815000000000,4002.979,4011.939,0.2237687908968068,sl,-8.960000000000036,-18.060000000000073,0.0,-18.060000000000073,2026,2026-07-20
h13_r30_t3,1,1784554320000000000,1784555905000000000,4013.898,4007.094,0.16972414587895324,sl,-6.804000000000087,-13.748000000000175,0.0,-13.748000000000175,2026,2026-07-20
h14_r15_t2,1,1784557840000000000,1784580780000000000,4008.12,4007.532,0.24733157709826312,forced_close,-0.5879999999997381,-1.3159999999994763,0.0,-1.3159999999994763,2026,2026-07-20
h00_r30_t1,1,1784594140000000000,1784596780000000000,4018.846,4033.818,0.3728875021418917,tp,14.972000000000207,29.804000000000414,0.0,29.804000000000414,2026,2026-07-21
h01_r60_t3,1,1784601365000000000,1784667180000000000,4036.11,4078.583,0.43433530715540103,forced_close,42.472999999999956,84.80599999999991,0.0,84.80599999999991,2026,2026-07-21
h02_r15_t3,-1,1784600350000000000,1784600530000000000,4022.198,4026.887,0.11650549121265111,sl,-4.689000000000306,-9.518000000000612,0.0,-9.518000000000612,2026,2026-07-21
h04_r30_t3,1,1784610900000000000,1784616100000000000,4052.17,4077.487000000001,0.20864382257042824,tp,25.317000000000917,50.49400000000183,0.0,50.49400000000183,2026,2026-07-21
h05_r60_t2,1,1784614200000000000,1784641435000000000,4068.138,4046.549,0.531539949207145,sl,-21.588999999999942,-43.317999999999884,0.0,-43.317999999999884,2026,2026-07-21
h06_r60_t3,-1,1784622990000000000,1784658320000000000,4061.51,4084.39,0.5609791439821049,sl,-22.879999999999654,-45.89999999999931,0.0,-45.89999999999931,2026,2026-07-21
h13_r30_t3,-1,1784640620000000000,1784643130000000000,4050.497,4061.944,0.282555464499761,sl,-11.447000000000116,-23.034000000000233,0.0,-23.034000000000233,2026,2026-07-21
h14_r15_t2,1,1784643505000000000,1784667180000000000,4066.195,4078.583,0.35881310556937257,forced_close,12.38799999999992,24.63599999999984,0.0,24.63599999999984,2026,2026-07-21
h00_r30_t1,1,1784680210000000000,1784682895000000000,4098.951,4121.119000000001,0.5409301714979022,tp,22.168000000000575,44.19600000000115,0.0,44.19600000000115,2026,2026-07-22
h01_r60_t3,1,1784686620000000000,1784753580000000000,4123.816,4129.732,0.6589460114516718,forced_close,5.916000000000167,11.692000000000334,0.0,11.692000000000334,2026,2026-07-22
h02_r15_t3,1,1784686620000000000,1784689575000000000,4123.497,4136.688,0.10666947431138352,tp,13.190999999999804,26.241999999999607,0.0,26.241999999999607,2026,2026-07-22
h04_r30_t3,-1,1784694820000000000,1784698665000000000,4126.439,4131.482,0.12214264798381469,sl,-5.042999999999665,-10.225999999999331,0.0,-10.225999999999331,2026,2026-07-22
h05_r60_t2,1,1784700015000000000,1784701535000000000,4134.015,4122.941,0.26807328078704523,sl,-11.074000000000524,-22.28800000000105,0.0,-22.28800000000105,2026,2026-07-22
h06_r60_t3,-1,1784703870000000000,1784727020000000000,4113.496,4135.338,0.5305947047901863,sl,-21.841999999999643,-43.82399999999929,0.0,-43.82399999999929,2026,2026-07-22
h13_r30_t3,1,1784727020000000000,1784753580000000000,4135.27,4129.732,0.5443351702910951,forced_close,-5.538000000000466,-11.216000000000932,0.0,-11.216000000000932,2026,2026-07-22
h14_r15_t2,-1,1784729725000000000,1784735380000000000,4153.399,4163.6990000000005,0.2477943297440088,sl,-10.300000000000182,-20.740000000000364,0.0,-20.740000000000364,2026,2026-07-22
h00_r30_t1,-1,1784767850000000000,1784768405000000000,4126.315,4134.764,0.20460351862840145,sl,-8.449000000000524,-17.03800000000105,0.0,-17.03800000000105,2026,2026-07-23
h01_r60_t3,-1,1784772200000000000,1784839980000000000,4114.414,4048.025,0.6468600285523676,forced_close,66.38899999999967,132.63799999999935,0.0,132.63799999999935,2026,2026-07-23
h02_r15_t3,1,1784773835000000000,1784790455000000000,4119.126,4112.222,0.16766462412428873,sl,-6.904000000000451,-13.948000000000903,0.0,-13.948000000000903,2026,2026-07-23
h04_r30_t3,1,1784781000000000000,1784781910000000000,4130.054,4122.465,0.18375062408384832,sl,-7.588999999999942,-15.317999999999884,0.0,-15.317999999999884,2026,2026-07-23
h05_r60_t2,-1,1784788820000000000,1784792540000000000,4119.541,4097.045000000001,0.27274821469706456,tp,22.495999999999185,44.85199999999837,0.0,44.85199999999837,2026,2026-07-23
h06_r60_t3,-1,1784790030000000000,1784805795000000000,4116.998,4082.944999999998,0.2755945945486745,tp,34.0530000000017,67.9660000000034,0.0,67.9660000000034,2026,2026-07-23
h13_r30_t3,1,1784813560000000000,1784815720000000000,4063.808,4040.45,0.5755039046947049,sl,-23.358000000000175,-46.85600000000035,0.0,-46.85600000000035,2026,2026-07-23
h14_r15_t2,1,1784816590000000000,1784839980000000000,4051.485,4047.945,0.2817552020097833,forced_close,-3.5399999999999636,-7.219999999999927,0.0,-7.219999999999927,2026,2026-07-23
h00_r30_t1,1,1784853795000000000,1784855055000000000,4050.187,4041.171,0.22279882373292006,sl,-9.016000000000076,-18.172000000000153,0.0,-18.172000000000153,2026,2026-07-24
h01_r60_t3,-1,1784861275000000000,1784878045000000000,4040.07,4050.5950000000003,0.26028309898374824,sl,-10.525000000000091,-21.190000000000182,0.0,-21.190000000000182,2026,2026-07-24
h02_r15_t3,1,1784859340000000000,1784861115000000000,4045.904,4041.041,0.12020148765097989,sl,-4.862999999999829,-9.865999999999659,0.0,-9.865999999999659,2026,2026-07-24
h04_r30_t3,1,1784867485000000000,1784868025000000000,4030.516,4027.036,0.08635552868939153,sl,-3.480000000000018,-7.100000000000036,0.0,-7.100000000000036,2026,2026-07-24
h05_r60_t2,1,1784873945000000000,1784878450000000000,4032.413,4053.311,0.25972521673595994,tp,20.89800000000014,41.656000000000276,0.0,41.656000000000276,2026,2026-07-24
h06_r60_t3,1,1784876560000000000,1784926380000000000,4039.281,4053.465,0.40384824087284094,forced_close,14.184000000000196,28.228000000000392,0.0,28.228000000000392,2026,2026-07-24
h13_r30_t3,-1,1784899820000000000,1784900910000000000,4044.683,4058.512,0.3417502734447058,sl,-13.829000000000178,-27.798000000000357,0.0,-27.798000000000357,2026,2026-07-24
h14_r15_t2,-1,1784902640000000000,1784905855000000000,4057.444,4070.174,0.31362334993590846,sl,-12.730000000000018,-25.600000000000037,0.0,-25.600000000000037,2026,2026-07-24
h00_r30_t1,-1,1785121825000000000,1785185580000000000,4090.7110000000002,4076.509,0.6278894269867911,forced_close,14.202000000000226,28.26400000000045,0.0,28.26400000000045,2026,2026-07-27
h01_r60_t3,-1,1785120160000000000,1785185580000000000,4097.03,4076.509,0.3808956095424789,forced_close,20.52099999999973,40.90199999999946,0.0,40.90199999999946,2026,2026-07-27
h02_r15_t3,-1,1785118825000000000,1785158910000000000,4103.2880000000005,4079.858000000002,0.19023354151035912,tp,23.429999999998472,46.71999999999694,0.0,46.71999999999694,2026,2026-07-27
h04_r30_t3,1,1785128905000000000,1785129930000000000,4093.0280000000002,4087.066,0.1457991527411303,sl,-5.962000000000444,-12.064000000000888,0.0,-12.064000000000888,2026,2026-07-27
h05_r60_t2,1,1785132600000000000,1785154770000000000,4095.0,4084.424,0.2583890313660737,sl,-10.576000000000022,-21.292000000000044,0.0,-21.292000000000044,2026,2026-07-27
h06_r60_t3,1,1785135615000000000,1785139110000000000,4099.303,4091.137,0.19935102282746717,sl,-8.165999999999713,-16.471999999999426,0.0,-16.471999999999426,2026,2026-07-27
h13_r30_t3,-1,1785159140000000000,1785159735000000000,4075.835,4089.1,0.3254148640874676,sl,-13.264999999999873,-26.669999999999746,0.0,-26.669999999999746,2026,2026-07-27
h14_r15_t2,-1,1785162470000000000,1785165665000000000,4071.241,4079.399,0.20010051629268788,sl,-8.157999999999902,-16.455999999999804,0.0,-16.455999999999804,2026,2026-07-27
h00_r30_t1,-1,1785199760000000000,1785202455000000000,4058.988,4043.6249999999995,0.37820618551625856,tp,15.363000000000284,30.586000000000567,0.0,30.586000000000567,2026,2026-07-28
h01_r60_t3,-1,1785204210000000000,1785271980000000000,4042.589,4027.596,0.43883491209581865,forced_close,14.992999999999938,29.845999999999876,0.0,29.845999999999876,2026,2026-07-28
h02_r15_t3,1,1785205075000000000,1785206510000000000,4047.798,4042.471,0.13164427330111722,sl,-5.326999999999771,-10.793999999999542,0.0,-10.793999999999542,2026,2026-07-28
h04_r30_t3,-1,1785214135000000000,1785220345000000000,4043.497,4049.821,0.15631554086437918,sl,-6.324000000000069,-12.788000000000139,0.0,-12.788000000000139,2026,2026-07-28
h05_r60_t2,1,1785218420000000000,1785231320000000000,4046.735,4034.822,0.2944765804231537,sl,-11.913000000000011,-23.966000000000022,0.0,-23.966000000000022,2026,2026-07-28
h06_r60_t3,1,1785225765000000000,1785227975000000000,4052.494,4042.898,0.23702840092282013,sl,-9.596000000000004,-19.332000000000008,0.0,-19.332000000000008,2026,2026-07-28
h13_r30_t3,-1,1785245400000000000,1785251550000000000,4028.594,4036.244,0.1898688465430366,sl,-7.650000000000091,-15.440000000000182,0.0,-15.440000000000182,2026,2026-07-28
h14_r15_t2,-1,1785248295000000000,1785251400000000000,4022.004,4033.706,0.29065918930875484,sl,-11.702000000000226,-23.54400000000045,0.0,-23.54400000000045,2026,2026-07-28
h00_r30_t1,-1,1785286845000000000,1785289165000000000,4017.701,4030.127,0.3088887933226708,sl,-12.42599999999993,-24.991999999999862,0.0,-24.991999999999862,2026,2026-07-29
h01_r60_t3,1,1785291740000000000,1785328205000000000,4030.8,4010.1279999999997,0.5134762681164939,sl,-20.67200000000048,-41.48400000000096,0.0,-41.48400000000096,2026,2026-07-29
h02_r15_t3,1,1785291315000000000,1785297625000000000,4029.483,4023.083,0.15748782100804246,sl,-6.400000000000091,-12.940000000000182,0.0,-12.940000000000182,2026,2026-07-29
h04_r30_t3,1,1785299480000000000,1785306270000000000,4025.592,4040.805,0.12603780487925903,tp,15.212999999999738,30.285999999999476,0.0,30.285999999999476,2026,2026-07-29
h05_r60_t2,1,1785306270000000000,1785321795000000000,4040.174,4026.585,0.336923314180927,sl,-13.588999999999942,-27.317999999999884,0.0,-27.317999999999884,2026,2026-07-29
h06_r60_t3,1,1785308780000000000,1785317430000000000,4044.959,4033.048,0.29474254136318634,sl,-11.911000000000058,-23.962000000000117,0.0,-23.962000000000117,2026,2026-07-29
h13_r30_t3,-1,1785331800000000000,1785344120000000000,4013.75,4026.623,0.32064191150701815,sl,-12.873000000000047,-25.886000000000095,0.0,-25.886000000000095,2026,2026-07-29
h14_r15_t2,1,1785334730000000000,1785344655000000000,4008.907,4034.5969999999998,0.32117237292500145,tp,25.6899999999996,51.2399999999992,0.0,51.2399999999992,2026,2026-07-29
h00_r30_t1,-1,1785371650000000000,1785373470000000000,4072.752,4086.796,0.34459989826892456,sl,-14.043999999999869,-28.22799999999974,0.0,-28.22799999999974,2026,2026-07-30
h01_r60_t3,-1,1785380060000000000,1785418670000000000,4070.298,4093.2780000000002,0.5625830838268495,sl,-22.980000000000473,-46.100000000000946,0.0,-46.100000000000946,2026,2026-07-30
h02_r15_t3,-1,1785377715000000000,1785381565000000000,4082.2200000000003,4057.5090000000014,0.2017645148221015,tp,24.710999999998876,49.28199999999775,0.0,49.28199999999775,2026,2026-07-30
h04_r30_t3,-1,1785386295000000000,1785399805000000000,4050.9139999999998,4060.4210000000003,0.2344926417358552,sl,-9.507000000000517,-19.154000000001034,0.0,-19.154000000001034,2026,2026-07-30
h05_r60_t2,1,1785398840000000000,1785418705000000000,4051.5370000000003,4097.863000000001,0.5742047389553768,tp,46.32600000000093,92.51200000000186,0.0,92.51200000000186,2026,2026-07-30
h06_r60_t3,1,1785394880000000000,1785406220000000000,4040.663,4074.5150000000003,0.2795375491711381,tp,33.85200000000032,67.56400000000063,0.0,67.56400000000063,2026,2026-07-30
h13_r30_t3,1,1785418585000000000,1785444780000000000,4084.2200000000003,4102.049,0.4697063312198081,forced_close,17.828999999999724,35.51799999999945,0.0,35.51799999999945,2026,2026-07-30
h14_r15_t2,-1,1785421100000000000,1785444780000000000,4094.015,4102.129,0.6460911715919921,forced_close,-8.114000000000033,-16.368000000000066,0.0,-16.368000000000066,2026,2026-07-30
h00_r30_t1,-1,1785457830000000000,1785461960000000000,4096.127,4084.881000000001,0.27452401963115713,tp,11.245999999999185,22.35199999999837,0.0,22.35199999999837,2026,2026-07-31
h01_r60_t3,-1,1785463325000000000,1785505395000000000,4082.254,4024.0660000000007,0.474872009066533,tp,58.18799999999919,116.23599999999838,0.0,116.23599999999838,2026,2026-07-31
h02_r15_t3,-1,1785464145000000000,1785486845000000000,4081.663,4054.543,0.22125745703713662,tp,27.11999999999989,54.09999999999978,0.0,54.09999999999978,2026,2026-07-31
h04_r30_t3,1,1785472200000000000,1785477715000000000,4080.131,4073.272,0.16811670078511465,sl,-6.858999999999924,-13.857999999999848,0.0,-13.857999999999848,2026,2026-07-31
h05_r60_t2,-1,1785477715000000000,1785478590000000000,4073.428,4083.542,0.24823256401855076,sl,-10.114000000000033,-20.368000000000066,0.0,-20.368000000000066,2026,2026-07-31
h06_r60_t3,-1,1785482985000000000,1785505175000000000,4072.734,4027.8389999999995,0.3669850309834475,tp,44.89500000000044,89.65000000000087,0.0,89.65000000000087,2026,2026-07-31
h13_r30_t3,-1,1785504900000000000,1785509585000000000,4034.667,4046.989,0.30479124817235614,sl,-12.322000000000116,-24.784000000000233,0.0,-24.784000000000233,2026,2026-07-31
h14_r15_t2,1,1785507345000000000,1785531180000000000,4032.64,4048.298,0.29060582025148546,forced_close,15.657999999999902,31.175999999999803,0.0,31.175999999999803,2026,2026-07-31
