param,session,side,entry_time,exit_time,bars_held,entry_price,exit_price,stop_price,target_price,range_size,range_pct,exit_reason,price_pnl,risk_price,pnl,weekday,date,hour,rng,tgt
h00_r30_t1,1767225600000000000,1,1767228555000000000,1767229340000000000,157,4342.883,4362.2119999999995,4323.554,4362.2119999999995,19.328999999999724,0.44533562256440246,tp,19.328999999999724,19.328999999999724,38.51799999999945,Thursday,2026-01-01,0,30,1.0
h01_r60_t3,1767225600000000000,-1,1767233025000000000,1767239365000000000,1268,4339.189,4364.2970000000005,4364.2970000000005,4263.865,25.108000000000175,0.5778924601697767,sl,-25.108000000000175,25.108000000000175,-50.35600000000035,Thursday,2026-01-01,1,60,3.0
h02_r15_t3,1767225600000000000,1,1767233745000000000,1767270600000000000,7371,4345.624,4377.843999999999,4334.884,4377.843999999999,10.739999999999782,0.24734222260707409,tp,32.219999999999345,10.739999999999782,64.29999999999869,Thursday,2026-01-01,2,15,3.0
h04_r30_t3,1767225600000000000,-1,1767241890000000000,1767247330000000000,1088,4359.293,4368.983,4368.983,4330.222999999998,9.69000000000051,0.22219068087801572,sl,-9.69000000000051,9.69000000000051,-19.52000000000102,Thursday,2026-01-01,4,30,3.0
h05_r60_t2,1767225600000000000,1,1767247200000000000,1767270605000000000,4681,4363.385,4394.721000000001,4347.717,4394.721000000001,15.668000000000575,0.3592409624576359,tp,31.33600000000115,15.668000000000575,62.5320000000023,Thursday,2026-01-01,5,60,2.0
h06_r60_t3,1767225600000000000,-1,1767251805000000000,1767257335000000000,1106,4361.435,4376.224,4376.224,4317.068000000001,14.78899999999976,0.3384751157049744,sl,-14.78899999999976,14.78899999999976,-29.71799999999952,Thursday,2026-01-01,6,60,3.0
h13_r30_t3,1767225600000000000,1,1767274490000000000,1767285030000000000,2108,4429.95,4407.83,4407.83,4496.3099999999995,22.11999999999989,0.5013392466584536,sl,-22.11999999999989,22.11999999999989,-44.37999999999978,Thursday,2026-01-01,13,30,3.0
h14_r15_t2,1767225600000000000,-1,1767277250000000000,1767311995000000000,6167,4423.369,4426.076,4439.0740000000005,4391.958999999998,15.705000000000837,0.3546126514414104,session_end,-2.7070000000003347,15.705000000000837,-5.554000000000669,Thursday,2026-01-01,14,15,2.0
h00_r30_t1,1767312000000000000,1,1767313810000000000,1767315115000000000,261,4428.145,4420.9490000000005,4420.9490000000005,4435.341,7.195999999999913,0.1625556384849325,sl,-7.195999999999913,7.195999999999913,-14.531999999999826,Friday,2026-01-02,0,30,1.0
h01_r60_t3,1767312000000000000,-1,1767321060000000000,1767348490000000000,5486,4411.932,4427.082,4427.082,4366.481999999998,15.150000000000546,0.3429845953506354,sl,-15.150000000000546,15.150000000000546,-30.440000000001092,Friday,2026-01-02,1,60,3.0
h02_r15_t3,1767312000000000000,-1,1767321035000000000,1767325625000000000,918,4412.441,4420.356,4420.356,4388.696,7.914999999999964,0.17912775758299881,sl,-7.914999999999964,7.914999999999964,-15.969999999999928,Friday,2026-01-02,2,15,3.0
h04_r30_t3,1767312000000000000,-1,1767328625000000000,1767332280000000000,731,4418.416,4423.887000000001,4423.887000000001,4402.002999999999,5.471000000000458,0.12369877189798273,sl,-5.471000000000458,5.471000000000458,-11.082000000000917,Friday,2026-01-02,4,30,3.0
h05_r60_t2,1767312000000000000,1,1767347655000000000,1767362430000000000,2955,4425.016,4398.612999999999,4398.612999999999,4477.822,26.403000000000247,0.5997306969986945,sl,-26.403000000000247,26.403000000000247,-52.946000000000495,Friday,2026-01-02,5,60,2.0
h06_r60_t3,1767312000000000000,1,1767341435000000000,1767362410000000000,4195,4419.9259999999995,4401.311,4401.311,4475.770999999999,18.61499999999978,0.42137864498752464,sl,-18.61499999999978,18.61499999999978,-37.369999999999564,Friday,2026-01-02,6,60,3.0
h13_r30_t3,1767312000000000000,-1,1767360600000000000,1767387475000000000,5371,4411.714,4399.259,4425.0380000000005,4371.741999999998,13.324000000000524,0.301908681913928,session_end,12.454999999999927,13.324000000000524,24.769999999999854,Friday,2026-01-02,13,30,3.0
h14_r15_t2,1767312000000000000,-1,1767363845000000000,1767367125000000000,656,4383.803,4405.057,4405.057,4341.295,21.253999999999905,0.48419652173120425,sl,-21.253999999999905,21.253999999999905,-42.64799999999981,Friday,2026-01-02,14,15,2.0
h00_r30_t1,1767571200000000000,-1,1767574380000000000,1767576575000000000,439,4297.6195,4265.9725,4329.2665,4265.9725,31.646999999999935,0.7342504871395943,tp,31.646999999999935,31.646999999999935,63.15399999999987,Monday,2026-01-05,0,30,1.0
h01_r60_t3,1767571200000000000,1,1767581010000000000,1767628820000000000,9560,4296.5025000000005,4260.663500000001,4260.663500000001,4404.0195,35.83899999999994,0.8376795209106079,sl,-35.83899999999994,35.83899999999994,-71.81799999999988,Monday,2026-01-05,1,60,3.0
h02_r15_t3,1767571200000000000,1,1767579760000000000,1767596860000000000,3420,4287.005499999999,4332.671499999999,4271.7835,4332.671499999999,15.221999999999753,0.35560888209224156,tp,45.66599999999926,15.221999999999753,91.19199999999852,Monday,2026-01-05,2,15,3.0
h04_r30_t3,1767571200000000000,-1,1767587780000000000,1767593155000000000,1075,4302.8355,4312.2095,4312.2095,4274.713500000001,9.373999999999796,0.2175458603684609,sl,-9.373999999999796,9.373999999999796,-18.887999999999593,Monday,2026-01-05,4,30,3.0
h05_r60_t2,1767571200000000000,1,1767592800000000000,1767597485000000000,937,4311.5935,4353.237499999998,4290.771500000001,4353.237499999998,20.821999999999207,0.48297194520300807,tp,41.643999999998414,20.821999999999207,83.14799999999683,Monday,2026-01-05,5,60,2.0
h06_r60_t3,1767571200000000000,1,1767596540000000000,1767622215000000000,5133,4330.4465,4309.3315,4309.3315,4393.791499999999,21.11499999999978,0.48777991758216815,sl,-21.11499999999978,21.11499999999978,-42.369999999999564,Monday,2026-01-05,6,60,3.0
h13_r30_t3,1767571200000000000,1,1767619845000000000,1767621885000000000,408,4346.7905,4323.9445,4323.9445,4415.328500000001,22.84600000000046,0.526404620268524,sl,-22.84600000000046,22.84600000000046,-45.83200000000092,Monday,2026-01-05,13,30,3.0
h14_r15_t2,1767571200000000000,-1,1767622700000000000,1767628820000000000,1224,4308.8935,4257.0375,4334.8215,4257.0375,25.927999999999884,0.6003858002089327,tp,51.85599999999977,25.927999999999884,103.57199999999953,Monday,2026-01-05,14,15,2.0
h00_r30_t1,1767657600000000000,-1,1767659510000000000,1767661285000000000,355,4285.9185,4296.4775,4296.4775,4275.3595,10.559000000000196,0.24627603417450697,sl,-10.559000000000196,10.559000000000196,-21.258000000000393,Tuesday,2026-01-06,0,30,1.0
h01_r60_t3,1767657600000000000,1,1767664805000000000,1767743995000000000,15055,4333.711499999999,4342.68,4282.3745,4487.722499999998,51.336999999999534,1.1850587537480948,session_end,8.968500000000859,51.336999999999534,17.797000000001717,Tuesday,2026-01-06,1,60,3.0
h02_r15_t3,1767657600000000000,-1,1767668175000000000,1767688250000000000,4015,4320.6955,4334.675499999999,4334.675499999999,4278.755500000001,13.979999999999563,0.3232723112524909,sl,-13.979999999999563,13.979999999999563,-28.099999999999127,Tuesday,2026-01-06,2,15,3.0
h04_r30_t3,1767657600000000000,1,1767675680000000000,1767705030000000000,5870,4317.333,4347.125999999998,4307.3415,4347.125999999998,9.930999999999585,0.2302005985771787,tp,29.792999999998756,9.991499999999178,59.44599999999751,Tuesday,2026-01-06,4,30,3.0
h05_r60_t2,1767657600000000000,1,1767679320000000000,1767684135000000000,963,4327.9685,4314.907499999999,4314.907499999999,4354.090500000001,13.061000000000604,0.30186486664824497,sl,-13.061000000000604,13.061000000000604,-26.26200000000121,Tuesday,2026-01-06,5,60,2.0
h06_r60_t3,1767657600000000000,-1,1767682970000000000,1767686385000000000,683,4321.779500000001,4329.5405,4329.5405,4298.496500000002,7.7609999999995125,0.17946834497278807,sl,-7.7609999999995125,7.7609999999995125,-15.661999999999026,Tuesday,2026-01-06,6,60,3.0
h13_r30_t3,1767657600000000000,-1,1767708655000000000,1767713490000000000,967,4333.6805,4369.443499999999,4369.443499999999,4226.391500000003,35.76299999999901,0.819646112639838,sl,-35.76299999999901,35.76299999999901,-71.66599999999802,Tuesday,2026-01-06,13,30,3.0
h14_r15_t2,1767657600000000000,1,1767709000000000000,1767723515000000000,2903,4352.505499999999,4332.9465,4332.9465,4391.623499999998,19.558999999999287,0.4505289436456285,sl,-19.558999999999287,19.558999999999287,-39.257999999998574,Tuesday,2026-01-06,14,15,2.0
h00_r30_t1,1767744000000000000,1,1767747600000000000,1767757150000000000,1910,4355.6075,4368.4635,4342.7515,4368.4635,12.855999999999767,0.29523396706289784,tp,12.855999999999767,12.855999999999767,25.571999999999534,Wednesday,2026-01-07,0,30,1.0
h01_r60_t3,1767744000000000000,1,1767751200000000000,1767798125000000000,9384,4364.3145,4351.3095,4351.3095,4403.329500000001,13.00500000000011,0.2980369095967337,sl,-13.00500000000011,13.00500000000011,-26.15000000000022,Wednesday,2026-01-07,1,60,3.0
h02_r15_t3,1767744000000000000,1,1767752675000000000,1767756570000000000,779,4365.1685,4358.9945,4358.9945,4383.6905,6.173999999999978,0.1415185647991246,sl,-6.173999999999978,6.173999999999978,-12.487999999999957,Wednesday,2026-01-07,2,15,3.0
h04_r30_t3,1767744000000000000,1,1767761575000000000,1767765385000000000,762,4374.0255,4369.3075,4369.3075,4388.179499999999,4.717999999999847,0.10794902234404842,sl,-4.717999999999847,4.717999999999847,-9.575999999999695,Wednesday,2026-01-07,4,30,3.0
h06_r60_t3,1767744000000000000,1,1767769200000000000,1767796795000000000,5518,4380.731,4362.9655,4362.9655,4433.719999999998,17.662999999999556,0.4032087315703341,sl,-17.76549999999952,17.76549999999952,-35.67099999999904,Wednesday,2026-01-07,6,60,3.0
h13_r30_t3,1767744000000000000,-1,1767792615000000000,1767812540000000000,3985,4371.163500000001,4384.9495,4384.9495,4329.805500000003,13.785999999999149,0.31507504744350395,sl,-13.785999999999149,13.785999999999149,-27.711999999998298,Wednesday,2026-01-07,13,30,3.0
h14_r15_t2,1767744000000000000,-1,1767796285000000000,1767797305000000000,204,4373.5465,4356.374500000002,4382.1325,4356.374500000002,8.58599999999933,0.19612781201332719,tp,17.17199999999866,8.58599999999933,34.20399999999732,Wednesday,2026-01-07,14,15,2.0
h00_r30_t1,1767830400000000000,-1,1767833330000000000,1767835110000000000,356,4356.4605,4350.297500000001,4362.6235,4350.297500000001,6.162999999999556,0.14131339369169849,tp,6.162999999999556,6.162999999999556,12.185999999999112,Thursday,2026-01-08,0,30,1.0
h01_r60_t3,1767830400000000000,-1,1767842535000000000,1767868635000000000,5220,4329.9645,4361.9695,4361.9695,4233.9495,32.00500000000011,0.7365082696381998,sl,-32.00500000000011,32.00500000000011,-64.15000000000022,Thursday,2026-01-08,1,60,3.0
h02_r15_t3,1767830400000000000,1,1767839435000000000,1767840745000000000,262,4359.3135,4343.1385,4343.1385,4407.838500000001,16.175000000000182,0.37110706111772357,sl,-16.175000000000182,16.175000000000182,-32.490000000000364,Thursday,2026-01-08,2,15,3.0
h04_r30_t3,1767830400000000000,-1,1767849310000000000,1767851565000000000,451,4333.2125,4343.0815,4343.0815,4303.605499999998,9.869000000000597,0.22741410301567594,sl,-9.869000000000597,9.869000000000597,-19.878000000001194,Thursday,2026-01-08,4,30,3.0
h05_r60_t2,1767830400000000000,1,1767852115000000000,1767916795000000000,12177,4344.5145,4355.15,4327.4995,4378.544500000001,17.015000000000327,0.3919666532325345,session_end,10.63549999999941,17.015000000000327,21.13099999999882,Thursday,2026-01-08,5,60,2.0
h06_r60_t3,1767830400000000000,1,1767856670000000000,1767879300000000000,4526,4356.8215,4339.4465,4339.4465,4408.9465,17.375,0.39895337595494795,sl,-17.375,17.375,-34.89,Thursday,2026-01-08,6,60,3.0
h13_r30_t3,1767830400000000000,-1,1767879045000000000,1767885350000000000,1261,4347.8045,4360.6975,4360.6975,4309.1255,12.893000000000029,0.29634403673994963,sl,-12.893000000000029,12.893000000000029,-25.92600000000006,Thursday,2026-01-08,13,30,3.0
h14_r15_t2,1767830400000000000,1,1767881700000000000,1767916795000000000,6260,4345.413500000001,4355.15,4329.6295,4376.981500000002,15.78400000000056,0.3632401602224308,session_end,9.736499999999069,15.78400000000056,19.332999999998137,Thursday,2026-01-08,14,15,2.0
h00_r30_t1,1767916800000000000,1,1767919565000000000,1767927985000000000,1683,4360.0905,4372.093500000001,4348.0875,4372.093500000001,12.003000000000611,0.27567731629064174,tp,12.003000000000611,12.003000000000611,23.866000000001222,Friday,2026-01-09,0,30,1.0
h01_r60_t3,1767916800000000000,1,1767927010000000000,1767948300000000000,4257,4362.9895,4397.699499999999,4351.4195,4397.699499999999,11.569999999999709,0.265680884191487,tp,34.70999999999913,11.569999999999709,69.27999999999825,Friday,2026-01-09,1,60,3.0
h02_r15_t3,1767916800000000000,-1,1767925020000000000,1767926160000000000,228,4352.3805,4358.8075,4358.8075,4333.099500000001,6.42699999999968,0.14761802005578523,sl,-6.42699999999968,6.42699999999968,-12.99399999999936,Friday,2026-01-09,2,15,3.0
h04_r30_t3,1767916800000000000,-1,1767934670000000000,1767935440000000000,154,4378.2615000000005,4385.4825,4385.4825,4356.598500000002,7.220999999999549,0.1648415428994819,sl,-7.220999999999549,7.220999999999549,-14.581999999999098,Friday,2026-01-09,4,30,3.0
h05_r60_t2,1767916800000000000,1,1767945395000000000,1767965500000000000,4019,4388.667,4377.8005,4377.8005,4410.363,10.847999999999956,0.24724597544383323,sl,-10.866500000000087,10.866500000000087,-21.873000000000175,Friday,2026-01-09,5,60,2.0
h06_r60_t3,1767916800000000000,-1,1767942040000000000,1767945215000000000,635,4380.279500000001,4387.9335,4387.9335,4357.317500000002,7.653999999999542,0.17468351165892715,sl,-7.653999999999542,7.653999999999542,-15.447999999999084,Friday,2026-01-09,6,60,3.0
h13_r30_t3,1767916800000000000,-1,1767965455000000000,1767995875000000000,6081,4379.7715,4338.571,4409.3575,4291.013499999999,29.58600000000024,0.6752456598075174,session_end,41.20049999999992,29.58600000000024,82.26099999999984,Friday,2026-01-09,13,30,3.0
h14_r15_t2,1767916800000000000,1,1767968515000000000,1767969005000000000,98,4379.5875,4371.3355,4371.3355,4396.091499999999,8.251999999999498,0.1885171533589898,sl,-8.251999999999498,8.251999999999498,-16.643999999998996,Friday,2026-01-09,14,15,2.0
h00_r30_t1,1768176000000000000,1,1768177835000000000,1768179600000000000,353,4430.021,4462.588,4397.454,4462.588,32.56700000000001,0.7357785330789691,tp,32.56700000000001,32.56700000000001,64.99400000000001,Monday,2026-01-12,0,30,1.0
h01_r60_t3,1768176000000000000,-1,1768183210000000000,1768262395000000000,15054,4450.059,4448.25,4483.912,4348.5,33.853000000000065,0.7604782254055408,session_end,1.8090000000001965,33.853000000000065,3.4780000000003928,Monday,2026-01-12,1,60,3.0
h02_r15_t3,1768176000000000000,-1,1768184130000000000,1768185305000000000,235,4443.704,4456.111,4456.111,4406.482999999999,12.407000000000153,0.2791454688302968,sl,-12.407000000000153,12.407000000000153,-24.954000000000306,Monday,2026-01-12,2,15,3.0
h04_r30_t3,1768176000000000000,1,1768192625000000000,1768200345000000000,1544,4438.9490000000005,4465.736000000001,4430.02,4465.736000000001,8.929000000000087,0.201284669137059,tp,26.787000000000262,8.929000000000087,53.43400000000052,Monday,2026-01-12,4,30,3.0
h05_r60_t2,1768176000000000000,1,1768198680000000000,1768232730000000000,6810,4459.7970000000005,4439.262,4439.262,4500.867000000002,20.535000000000764,0.46096759421384687,sl,-20.535000000000764,20.535000000000764,-41.21000000000153,Monday,2026-01-12,5,60,2.0
h06_r60_t3,1768176000000000000,-1,1768204435000000000,1768208780000000000,869,4451.86,4469.134,4469.134,4400.037999999999,17.274000000000342,0.3874103522038778,sl,-17.274000000000342,17.274000000000342,-34.688000000000685,Monday,2026-01-12,6,60,3.0
h13_r30_t3,1768176000000000000,-1,1768224600000000000,1768225605000000000,201,4445.8099999999995,4458.124,4458.124,4408.867999999999,12.314000000000306,0.2768683611681962,sl,-12.314000000000306,12.314000000000306,-24.76800000000061,Monday,2026-01-12,13,30,3.0
h14_r15_t2,1768176000000000000,-1,1768227635000000000,1768262395000000000,6169,4454.759,4448.25,4472.749,4418.779,17.98999999999978,0.4027506143122162,session_end,6.5090000000000146,17.98999999999978,12.878000000000029,Monday,2026-01-12,14,15,2.0
h00_r30_t1,1768262400000000000,-1,1768264785000000000,1768273080000000000,1659,4435.378000000001,4415.220000000001,4455.536,4415.220000000001,20.157999999999447,0.4539805840985507,tp,20.157999999999447,20.157999999999447,40.17599999999889,Tuesday,2026-01-13,0,30,1.0
h01_r60_t3,1768262400000000000,-1,1768270305000000000,1768310935000000000,8126,4421.0470000000005,4367.548000000002,4438.88,4367.548000000002,17.83299999999963,0.40250472462857256,tp,53.49899999999889,17.83299999999963,106.85799999999777,Tuesday,2026-01-13,1,60,3.0
h02_r15_t3,1768262400000000000,-1,1768270510000000000,1768309570000000000,7812,4420.05,4388.43,4430.59,4388.43,10.539999999999964,0.23836619198474374,tp,31.61999999999989,10.539999999999964,63.09999999999978,Tuesday,2026-01-13,2,15,3.0
h04_r30_t3,1768262400000000000,-1,1768278630000000000,1768281050000000000,484,4405.7919999999995,4413.153,4413.153,4383.708999999997,7.361000000000786,0.16699524264335674,sl,-7.361000000000786,7.361000000000786,-14.862000000001572,Tuesday,2026-01-13,4,30,3.0
h05_r60_t2,1768262400000000000,1,1768285125000000000,1768301020000000000,3179,4413.8009999999995,4398.5560000000005,4398.5560000000005,4444.290999999997,15.244999999998981,0.3458129189536326,sl,-15.244999999998981,15.244999999998981,-30.629999999997963,Tuesday,2026-01-13,5,60,2.0
h06_r60_t3,1768262400000000000,1,1768288150000000000,1768300950000000000,2560,4420.889,4401.1990000000005,4401.1990000000005,4479.958999999999,19.6899999999996,0.4459570898230871,sl,-19.6899999999996,19.6899999999996,-39.5199999999992,Tuesday,2026-01-13,6,60,3.0
h13_r30_t3,1768262400000000000,-1,1768311010000000000,1768348795000000000,6787,4359.855,4358.544,4405.112,4224.083999999998,45.25700000000052,1.0377422954106672,session_end,1.3109999999996944,45.25700000000052,2.4819999999993887,Tuesday,2026-01-13,13,30,3.0
h14_r15_t2,1768262400000000000,-1,1768313700000000000,1768348795000000000,6249,4361.041,4358.544,4382.544,4318.035000000001,21.5029999999997,0.4929934766574869,session_end,2.4970000000002983,21.5029999999997,4.854000000000597,Tuesday,2026-01-13,14,15,2.0
h00_r30_t1,1768348800000000000,1,1768350600000000000,1768354265000000000,733,4364.082,4356.0779999999995,4356.0779999999995,4372.086000000001,8.004000000000815,0.1834062696347322,sl,-8.004000000000815,8.004000000000815,-16.14800000000163,Wednesday,2026-01-14,0,30,1.0
h01_r60_t3,1768348800000000000,-1,1768356050000000000,1768394220000000000,7634,4339.525,4368.072,4368.072,4253.883999999998,28.54700000000048,0.6575484707915408,sl,-28.54700000000048,28.54700000000048,-57.23400000000096,Wednesday,2026-01-14,1,60,3.0
h02_r15_t3,1768348800000000000,-1,1768356970000000000,1768392240000000000,7054,4337.765,4346.698,4346.698,4310.966,8.932999999999993,0.20578705543442058,sl,-8.932999999999993,8.932999999999993,-18.005999999999986,Wednesday,2026-01-14,2,15,3.0
h04_r30_t3,1768348800000000000,1,1768365210000000000,1768365685000000000,95,4338.997,4333.529,4333.529,4355.401,5.467999999999847,0.12606020366053766,sl,-5.467999999999847,5.467999999999847,-11.075999999999695,Wednesday,2026-01-14,4,30,3.0
h05_r60_t2,1768348800000000000,-1,1768371740000000000,1768390870000000000,3826,4325.066,4340.718,4340.718,4293.762,15.652000000000044,0.3607538030462179,sl,-15.652000000000044,15.652000000000044,-31.444000000000088,Wednesday,2026-01-14,5,60,2.0
h06_r60_t3,1768348800000000000,-1,1768375630000000000,1768385675000000000,2009,4324.023,4339.511,4339.511,4277.558999999999,15.488000000000284,0.3572210288971305,sl,-15.488000000000284,15.488000000000284,-31.116000000000568,Wednesday,2026-01-14,6,60,3.0
h13_r30_t3,1768348800000000000,-1,1768401960000000000,1768415395000000000,2687,4359.666,4381.225,4381.225,4294.989,21.559000000000196,0.4942961856493887,sl,-21.559000000000196,21.559000000000196,-43.25800000000039,Wednesday,2026-01-14,13,30,3.0
h14_r15_t2,1768348800000000000,1,1768400170000000000,1768400475000000000,61,4371.886,4365.803,4365.803,4384.0520000000015,6.083000000000538,0.13918089878875184,sl,-6.083000000000538,6.083000000000538,-12.306000000001077,Wednesday,2026-01-14,14,15,2.0
h00_r30_t1,1768435200000000000,-1,1768437205000000000,1768437640000000000,87,4362.4665,4370.6345,4370.6345,4354.298500000001,8.167999999999665,0.18713208058546282,sl,-8.167999999999665,8.167999999999665,-16.47599999999933,Thursday,2026-01-15,0,30,1.0
h01_r60_t3,1768435200000000000,1,1768453495000000000,1768464300000000000,2161,4375.2215,4352.3814999999995,4352.3814999999995,4443.7415,22.840000000000146,0.5240160045133321,sl,-22.840000000000146,22.840000000000146,-45.82000000000029,Thursday,2026-01-15,1,60,3.0
h02_r15_t3,1768435200000000000,-1,1768444425000000000,1768446440000000000,403,4358.1595,4365.0255,4365.0255,4337.5615,6.8659999999999854,0.15742465553038903,sl,-6.8659999999999854,6.8659999999999854,-13.871999999999971,Thursday,2026-01-15,2,15,3.0
h04_r30_t3,1768435200000000000,1,1768451810000000000,1768456730000000000,983,4369.3795,4363.0154999999995,4363.0154999999995,4388.4715000000015,6.3640000000004875,0.1457609257422175,sl,-6.3640000000004875,6.3640000000004875,-12.868000000000976,Thursday,2026-01-15,4,30,3.0
h05_r60_t2,1768435200000000000,-1,1768457850000000000,1768485320000000000,5494,4361.547500000001,4330.523500000003,4377.059499999999,4330.523500000003,15.511999999998807,0.3556415160113494,tp,31.023999999997613,15.511999999998807,61.907999999995226,Thursday,2026-01-15,5,60,2.0
h06_r60_t3,1768435200000000000,1,1768461000000000000,1768464260000000000,652,4369.8075,4355.0965,4355.0965,4413.940500000001,14.71100000000024,0.33694846905582027,sl,-14.71100000000024,14.71100000000024,-29.56200000000048,Thursday,2026-01-15,6,60,3.0
h13_r30_t3,1768435200000000000,-1,1768483805000000000,1768484100000000000,59,4354.9855,4363.2595,4363.2595,4330.163499999999,8.274000000000342,0.1899215121920898,sl,-8.274000000000342,8.274000000000342,-16.688000000000685,Thursday,2026-01-15,13,30,3.0
h14_r15_t2,1768435200000000000,-1,1768488045000000000,1768489570000000000,305,4328.9635,4347.0375,4347.0375,4292.815499999999,18.074000000000524,0.4161423347694132,sl,-18.074000000000524,18.074000000000524,-36.28800000000105,Thursday,2026-01-15,14,15,2.0
h00_r30_t1,1768521600000000000,-1,1768523400000000000,1768539720000000000,3264,4313.496,4286.785,4340.207,4286.785,26.71100000000024,0.619215501181826,tp,26.71100000000024,26.71100000000024,53.28200000000048,Friday,2026-01-16,0,30,1.0
h01_r60_t3,1768521600000000000,-1,1768538620000000000,1768557010000000000,3678,4292.607,4224.296999999999,4315.377,4224.296999999999,22.770000000000437,0.5296708736382653,tp,68.31000000000131,22.770000000000437,136.48000000000263,Friday,2026-01-16,1,60,3.0
h02_r15_t3,1768521600000000000,-1,1768529720000000000,1768531900000000000,436,4295.035,4303.752,4303.752,4268.883999999998,8.717000000000553,0.20279978633553683,sl,-8.717000000000553,8.717000000000553,-17.574000000001107,Friday,2026-01-16,2,15,3.0
h04_r30_t3,1768521600000000000,-1,1768538620000000000,1768541770000000000,630,4292.816,4252.844000000001,4306.139999999999,4252.844000000001,13.323999999999614,0.31015561785772916,tp,39.97199999999884,13.323999999999614,79.80399999999769,Friday,2026-01-16,4,30,3.0
h05_r60_t2,1768521600000000000,-1,1768543285000000000,1768597075000000000,10757,4245.647000000001,4229.941,4292.08,4152.781000000003,46.43299999999908,1.093147680524844,session_end,15.70600000000104,46.43299999999908,31.27200000000208,Friday,2026-01-16,5,60,2.0
h06_r60_t3,1768521600000000000,1,1768547465000000000,1768551445000000000,796,4267.924,4245.107,4245.107,4336.375,22.817000000000007,0.5359069644653075,sl,-22.817000000000007,22.817000000000007,-45.774000000000015,Friday,2026-01-16,6,60,3.0
h13_r30_t3,1768521600000000000,-1,1768570625000000000,1768573195000000000,514,4226.35,4246.592000000001,4246.592000000001,4165.624,20.24200000000019,0.47759748785892514,sl,-20.24200000000019,20.24200000000019,-40.62400000000038,Friday,2026-01-16,13,30,3.0
h14_r15_t2,1768521600000000000,1,1768573035000000000,1768597075000000000,4807,4239.951,4229.841,4216.594,4286.665,23.35699999999997,0.5517525827746981,session_end,-10.109999999999673,23.35699999999997,-20.359999999999346,Friday,2026-01-16,14,15,2.0
h00_r30_t1,1768780800000000000,-1,1768782840000000000,1768784925000000000,417,4271.04,4262.748,4279.332,4262.748,8.292000000000371,0.19390458640938307,tp,8.292000000000371,8.292000000000371,16.44400000000074,Monday,2026-01-19,0,30,1.0
h01_r60_t3,1768780800000000000,-1,1768789850000000000,1768828895000000000,7809,4258.028,4207.925,4274.729,4207.925,16.701000000000022,0.3920429897520939,tp,50.103000000000065,16.701000000000022,100.06600000000013,Monday,2026-01-19,1,60,3.0
h02_r15_t3,1768780800000000000,1,1768789020000000000,1768789840000000000,164,4268.016,4258.654,4258.654,4295.928,9.304000000000087,0.21810056536430075,sl,-9.36199999999917,9.36199999999917,-18.86399999999834,Monday,2026-01-19,2,15,3.0
h04_r30_t3,1768780800000000000,-1,1768798070000000000,1768799860000000000,358,4247.495,4254.215,4254.215,4227.334999999999,6.720000000000255,0.1580869595902032,sl,-6.720000000000255,6.720000000000255,-13.58000000000051,Monday,2026-01-19,4,30,3.0
h05_r60_t2,1768780800000000000,-1,1768803405000000000,1768828285000000000,4976,4247.63,4223.69,4259.6,4223.69,11.970000000000255,0.2814391249759062,tp,23.94000000000051,11.970000000000255,47.74000000000102,Monday,2026-01-19,5,60,2.0
h06_r60_t3,1768780800000000000,-1,1768808515000000000,1768867195000000000,10933,4235.875,4221.132,4253.604,4182.687999999999,17.72900000000027,0.4183819010948931,session_end,14.743000000000393,17.72900000000027,29.346000000000785,Monday,2026-01-19,6,60,3.0
h13_r30_t3,1768780800000000000,-1,1768829440000000000,1768867195000000000,6748,4200.469,4221.132,4239.610000000001,4083.0459999999985,39.14100000000053,0.9312447716962243,session_end,-20.662999999999556,39.14100000000053,-41.46599999999911,Monday,2026-01-19,13,30,3.0
h14_r15_t2,1768780800000000000,1,1768832200000000000,1768844695000000000,2498,4200.0650000000005,4227.259000000002,4186.468,4227.259000000002,13.597000000000662,0.3237963014780196,tp,27.194000000001324,13.597000000000662,54.24800000000265,Monday,2026-01-19,14,15,2.0
h00_r30_t1,1768867200000000000,-1,1768870470000000000,1768872870000000000,480,4208.266,4190.044999999999,4226.487,4190.044999999999,18.22100000000046,0.43213698986859106,tp,18.22100000000046,18.22100000000046,36.302000000000916,Tuesday,2026-01-20,0,30,1.0
h01_r60_t3,1768867200000000000,-1,1768880750000000000,1768953595000000000,13810,4178.996,4176.071,4210.342000000001,4084.9579999999987,31.34600000000046,0.748945548413991,session_end,2.925000000000182,31.34600000000046,5.710000000000364,Tuesday,2026-01-20,1,60,3.0
h02_r15_t3,1768867200000000000,-1,1768875665000000000,1768890180000000000,2903,4183.5869999999995,4160.715,4191.210999999999,4160.715,7.623999999999796,0.1819914843071683,tp,22.87199999999939,7.623999999999796,45.60399999999878,Tuesday,2026-01-20,2,15,3.0
h04_r30_t3,1768867200000000000,-1,1768884505000000000,1768892865000000000,1672,4178.633,4150.141999999999,4188.13,4150.141999999999,9.497000000000298,0.22713683696947506,tp,28.491000000000895,9.497000000000298,56.84200000000179,Tuesday,2026-01-20,4,30,3.0
h05_r60_t2,1768867200000000000,-1,1768888810000000000,1768915000000000000,5238,4168.993,4145.621000000001,4180.679,4145.621000000001,11.685999999999694,0.2799712505989385,tp,23.37199999999939,11.685999999999694,46.60399999999878,Tuesday,2026-01-20,5,60,2.0
h06_r60_t3,1768867200000000000,-1,1768892520000000000,1768939025000000000,9301,4156.144,4174.025,4174.025,4102.501000000002,17.880999999999403,0.4299865672782988,sl,-17.880999999999403,17.880999999999403,-35.90199999999881,Tuesday,2026-01-20,6,60,3.0
h13_r30_t3,1768867200000000000,-1,1768917505000000000,1768937675000000000,4034,4142.898,4169.222,4169.222,4063.9260000000013,26.323999999999614,0.6338623706702995,sl,-26.323999999999614,26.323999999999614,-52.78799999999923,Tuesday,2026-01-20,13,30,3.0
h14_r15_t2,1768867200000000000,-1,1768919600000000000,1768934535000000000,2987,4139.802,4156.742,4156.742,4105.921999999999,16.94000000000051,0.4077031343562456,sl,-16.94000000000051,16.94000000000051,-34.02000000000102,Tuesday,2026-01-20,14,15,2.0
h00_r30_t1,1768953600000000000,-1,1768957255000000000,1768957680000000000,85,4175.1335,4160.9415,4189.3255,4160.9415,14.192000000000007,0.3395201908891988,tp,14.192000000000007,14.192000000000007,28.244000000000014,Wednesday,2026-01-21,0,30,1.0
h01_r60_t3,1768953600000000000,1,1768961240000000000,1768979980000000000,3748,4180.279500000001,4157.8565,4157.8565,4247.548500000003,22.423000000000684,0.5382574338661621,sl,-22.423000000000684,22.423000000000684,-44.98600000000137,Wednesday,2026-01-21,1,60,3.0
h02_r15_t3,1768953600000000000,1,1768961860000000000,1768976350000000000,2898,4182.1165,4165.8915,4165.8915,4230.791500000001,16.225000000000364,0.38810381089239027,sl,-16.225000000000364,16.225000000000364,-32.59000000000073,Wednesday,2026-01-21,2,15,3.0
h04_r30_t3,1768953600000000000,1,1768969840000000000,1768973570000000000,746,4183.0625,4175.4275,4175.4275,4205.967500000001,7.635000000000218,0.18259746872316343,sl,-7.635000000000218,7.635000000000218,-15.410000000000437,Wednesday,2026-01-21,4,30,3.0
h05_r60_t2,1768953600000000000,-1,1768975200000000000,1768989020000000000,2764,4171.2105,4139.724500000001,4186.9535,4139.724500000001,15.742999999999483,0.37737020453329617,tp,31.485999999998967,15.742999999999483,62.83199999999793,Wednesday,2026-01-21,5,60,2.0
h06_r60_t3,1768953600000000000,-1,1768979360000000000,1769002765000000000,4681,4162.2445,4113.1885,4178.5965,4113.1885,16.35199999999986,0.3925444874350082,tp,49.055999999999585,16.35199999999986,97.97199999999917,Wednesday,2026-01-21,6,60,3.0
h13_r30_t3,1768953600000000000,-1,1769002220000000000,1769010005000000000,1557,4120.2625,4137.4525,4137.4525,4068.6924999999983,17.19000000000051,0.416909045070936,sl,-17.19000000000051,17.19000000000051,-34.52000000000102,Wednesday,2026-01-21,13,30,3.0
h14_r15_t2,1768953600000000000,1,1769004970000000000,1769009775000000000,961,4114.7705000000005,4134.160500000002,4105.0755,4134.160500000002,9.695000000000618,0.23574184335047196,tp,19.390000000001237,9.695000000000618,38.64000000000247,Wednesday,2026-01-21,14,15,2.0
h00_r30_t1,1769040000000000000,1,1769042720000000000,1769045480000000000,552,4151.3675,4162.603500000001,4140.1314999999995,4162.603500000001,11.236000000000786,0.27097339765215356,tp,11.236000000000786,11.236000000000786,22.33200000000157,Thursday,2026-01-22,0,30,1.0
h01_r60_t3,1769040000000000000,-1,1769049495000000000,1769064775000000000,3055,4147.5815,4164.0165,4164.0165,4098.276500000002,16.43499999999949,0.394989841659171,sl,-16.43499999999949,16.43499999999949,-33.00999999999898,Thursday,2026-01-22,1,60,3.0
h02_r15_t3,1769040000000000000,-1,1769048385000000000,1769054590000000000,1240,4156.8845,4137.072500000002,4163.4884999999995,4137.072500000002,6.60399999999936,0.1587015311789839,tp,19.81199999999808,6.60399999999936,39.48399999999616,Thursday,2026-01-22,2,15,3.0
h04_r30_t3,1769040000000000000,-1,1769056235000000000,1769059460000000000,644,4130.4665,4140.8925,4140.8925,4099.188500000002,10.425999999999476,0.25232061271362094,sl,-10.425999999999476,10.425999999999476,-20.991999999998953,Thursday,2026-01-22,4,30,3.0
h05_r60_t2,1769040000000000000,1,1769063085000000000,1769069095000000000,1202,4152.3385,4202.9985,4127.0085,4202.9985,25.329999999999927,0.6109565763759017,tp,50.659999999999854,25.329999999999927,101.17999999999971,Thursday,2026-01-22,5,60,2.0
h06_r60_t3,1769040000000000000,1,1769065605000000000,1769126395000000000,11384,4172.2195,4203.744,4143.6515,4257.923500000001,28.56800000000021,0.6850662722723625,session_end,31.524499999999534,28.56800000000021,62.90899999999907,Thursday,2026-01-22,6,60,3.0
h13_r30_t3,1769040000000000000,-1,1769088600000000000,1769126395000000000,6785,4209.6275000000005,4203.841,4221.7785,4173.174500000001,12.15099999999984,0.2885946679457168,session_end,5.78650000000016,12.15099999999984,11.43300000000032,Thursday,2026-01-22,13,30,3.0
h14_r15_t2,1769040000000000000,1,1769091815000000000,1769098560000000000,1349,4203.0115000000005,4188.1265,4188.1265,4232.781500000001,14.885000000000218,0.354548565114451,sl,-14.885000000000218,14.885000000000218,-29.910000000000437,Thursday,2026-01-22,14,15,2.0
h00_r30_t1,1769126400000000000,1,1769128995000000000,1769130255000000000,252,4207.077,4197.7119999999995,4197.7119999999995,4216.442000000001,9.365000000000691,0.22279291677918975,sl,-9.365000000000691,9.365000000000691,-18.870000000001383,Friday,2026-01-23,0,30,1.0
h01_r60_t3,1769126400000000000,-1,1769136475000000000,1769153245000000000,3354,4196.568,4207.501,4207.501,4163.769,10.932999999999993,0.26029018796698894,sl,-10.932999999999993,10.932999999999993,-22.005999999999986,Friday,2026-01-23,1,60,3.0
h02_r15_t3,1769126400000000000,1,1769134540000000000,1769136315000000000,355,4202.628,4197.577,4197.577,4217.780999999998,5.050999999999476,0.12019256509874128,sl,-5.050999999999476,5.050999999999476,-10.241999999998953,Friday,2026-01-23,2,15,3.0
h04_r30_t3,1769126400000000000,1,1769142685000000000,1769143225000000000,108,4186.644,4183.029,4183.029,4197.489,3.6149999999997817,0.08636024189467399,sl,-3.6149999999997817,3.6149999999997817,-7.369999999999563,Friday,2026-01-23,4,30,3.0
h05_r60_t2,1769126400000000000,1,1769149145000000000,1769153650000000000,901,4188.614,4210.319999999998,4177.761,4210.319999999998,10.852999999999156,0.2597071313333473,tp,21.705999999998312,10.852999999999156,43.27199999999662,Friday,2026-01-23,5,60,2.0
h06_r60_t3,1769126400000000000,1,1769151760000000000,1769201875000000000,10021,4195.747,4209.751,4178.766,4246.537000000001,16.93000000000029,0.4038395528520612,session_end,14.003999999999905,16.981000000000677,27.86799999999981,Friday,2026-01-23,6,60,3.0
h13_r30_t3,1769126400000000000,-1,1769175020000000000,1769176110000000000,218,4201.36,4215.724,4215.724,4158.267999999998,14.364000000000487,0.3417339357214855,sl,-14.364000000000487,14.364000000000487,-28.868000000000976,Friday,2026-01-23,13,30,3.0
h14_r15_t2,1769126400000000000,-1,1769177840000000000,1769181055000000000,643,4214.615,4227.838,4227.838,4188.169,13.222999999999956,0.31362059237126044,sl,-13.222999999999956,13.222999999999956,-26.585999999999913,Friday,2026-01-23,14,15,2.0
h00_r30_t1,1769385600000000000,1,1769387435000000000,1769389200000000000,353,4327.443,4359.256,4295.63,4359.256,31.813000000000102,0.735780832461784,tp,31.813000000000102,31.813000000000102,63.4860000000002,Monday,2026-01-26,0,30,1.0
h01_r60_t3,1769385600000000000,-1,1769392810000000000,1769471995000000000,15054,4347.017,4345.251,4380.0869999999995,4247.807000000001,33.06999999999971,0.7604982447829224,session_end,1.7659999999996217,33.06999999999971,3.391999999999243,Monday,2026-01-26,1,60,3.0
h02_r15_t3,1769385600000000000,-1,1769393730000000000,1769394905000000000,235,4340.809,4352.929,4352.929,4304.4490000000005,12.11999999999989,0.2791520411265556,sl,-12.11999999999989,12.11999999999989,-24.379999999999782,Monday,2026-01-26,2,15,3.0
h04_r30_t3,1769385600000000000,1,1769402225000000000,1769409945000000000,1544,4336.165,4362.334,4327.442,4362.334,8.722999999999956,0.2013020130201292,tp,26.16899999999987,8.722999999999956,52.19799999999974,Monday,2026-01-26,4,30,3.0
h05_r60_t2,1769385600000000000,1,1769408280000000000,1769442330000000000,6810,4356.529,4336.47,4336.47,4396.647000000001,20.059000000000196,0.46095593606870916,sl,-20.059000000000196,20.059000000000196,-40.25800000000039,Monday,2026-01-26,5,60,2.0
h06_r60_t3,1769385600000000000,-1,1769414035000000000,1769418380000000000,869,4348.777,4365.651,4365.651,4298.155000000001,16.873999999999796,0.38741002371204186,sl,-16.873999999999796,16.873999999999796,-33.88799999999959,Monday,2026-01-26,6,60,3.0
h13_r30_t3,1769385600000000000,-1,1769434200000000000,1769435205000000000,201,4342.866,4354.895,4354.895,4306.778999999999,12.029000000000451,0.27687141970660817,sl,-12.029000000000451,12.029000000000451,-24.198000000000903,Monday,2026-01-26,13,30,3.0
h14_r15_t2,1769385600000000000,-1,1769437235000000000,1769471995000000000,6169,4351.608,4345.251,4369.182,4316.460000000001,17.573999999999614,0.40276346985289113,session_end,6.356999999999971,17.573999999999614,12.573999999999941,Monday,2026-01-26,14,15,2.0
h00_r30_t1,1769472000000000000,-1,1769475155000000000,1769499485000000000,4866,4327.332,4308.936000000001,4345.728,4308.936000000001,18.39599999999973,0.424347527615108,tp,18.39599999999973,18.39599999999973,36.65199999999946,Tuesday,2026-01-27,0,30,1.0
h01_r60_t3,1769472000000000000,-1,1769488620000000000,1769558395000000000,13162,4314.62,4307.177,4336.111,4250.147,21.490999999999985,0.49708574202843614,session_end,7.443000000000211,21.490999999999985,14.746000000000421,Tuesday,2026-01-27,1,60,3.0
h02_r15_t3,1769472000000000000,-1,1769481035000000000,1769484035000000000,600,4321.928,4326.025,4326.025,4309.637000000001,4.096999999999753,0.0947262649089188,sl,-4.096999999999753,4.096999999999753,-8.333999999999506,Tuesday,2026-01-27,2,15,3.0
h04_r30_t3,1769472000000000000,-1,1769488200000000000,1769517075000000000,5775,4319.405,4289.4169999999995,4329.401,4289.4169999999995,9.996000000000095,0.23142076281339896,tp,29.988000000000284,9.996000000000095,59.83600000000057,Tuesday,2026-01-27,4,30,3.0
h05_r60_t2,1769472000000000000,1,1769495115000000000,1769498270000000000,631,4321.769,4310.04,4310.04,4345.227000000001,11.72900000000027,0.2718711522200362,sl,-11.72900000000027,11.72900000000027,-23.59800000000054,Tuesday,2026-01-27,5,60,2.0
h06_r60_t3,1769472000000000000,-1,1769497820000000000,1769500650000000000,566,4313.948,4322.906,4322.906,4287.074000000001,8.957999999999629,0.20745917398917796,sl,-8.957999999999629,8.957999999999629,-18.05599999999926,Tuesday,2026-01-27,6,60,3.0
h13_r30_t3,1769472000000000000,1,1769520620000000000,1769522000000000000,276,4314.5830000000005,4303.822,4303.822,4346.866000000002,10.761000000000422,0.2496918587599455,sl,-10.761000000000422,10.761000000000422,-21.662000000000845,Tuesday,2026-01-27,13,30,3.0
h14_r15_t2,1769472000000000000,1,1769524205000000000,1769527030000000000,565,4307.405,4295.619000000001,4295.619000000001,4330.976999999998,11.785999999999149,0.27416347689346093,sl,-11.785999999999149,11.785999999999149,-23.711999999998298,Tuesday,2026-01-27,14,15,2.0
h00_r30_t1,1769558400000000000,1,1769560580000000000,1769560765000000000,37,4308.3735,4303.6615,4303.6615,4313.085499999999,4.711999999999534,0.1094513900059298,sl,-4.711999999999534,4.711999999999534,-9.56399999999907,Wednesday,2026-01-28,0,30,1.0
h01_r60_t3,1769558400000000000,-1,1769565655000000000,1769644795000000000,15051,4276.2585,4278.601,4309.7355,4175.8275,33.47699999999986,0.7820671902173939,session_end,-2.3424999999997453,33.47699999999986,-4.82499999999949,Wednesday,2026-01-28,1,60,3.0
h02_r15_t3,1769558400000000000,1,1769567490000000000,1769578380000000000,2178,4290.3445,4274.8055,4274.8055,4336.961499999999,15.53899999999976,0.36245283465570094,sl,-15.53899999999976,15.53899999999976,-31.21799999999952,Wednesday,2026-01-28,2,15,3.0
h04_r30_t3,1769558400000000000,-1,1769574600000000000,1769605715000000000,6223,4280.9655,4251.736500000002,4290.7085,4251.736500000002,9.742999999999483,0.2275823076303955,tp,29.22899999999845,9.742999999999483,58.3179999999969,Wednesday,2026-01-28,4,30,3.0
h05_r60_t2,1769558400000000000,-1,1769582765000000000,1769589475000000000,1342,4259.1745,4285.1675,4285.1675,4207.188500000001,25.992999999999483,0.6087618092073902,sl,-25.992999999999483,25.992999999999483,-52.12599999999897,Wednesday,2026-01-28,5,60,2.0
h06_r60_t3,1769558400000000000,1,1769586365000000000,1769602730000000000,3273,4275.7605,4257.4955,4257.4955,4330.555500000001,18.265000000000327,0.4287426338834923,sl,-18.265000000000327,18.265000000000327,-36.670000000000655,Wednesday,2026-01-28,6,60,3.0
h13_r30_t3,1769558400000000000,1,1769607785000000000,1769613290000000000,1101,4265.726,4244.4565,4244.4565,4329.503,21.259000000000015,0.4992523192194768,sl,-21.269499999999425,21.269499999999425,-42.67899999999885,Wednesday,2026-01-28,13,30,3.0
h14_r15_t2,1769558400000000000,-1,1769609700000000000,1769613105000000000,681,4263.0165,4249.298499999999,4269.8755,4249.298499999999,6.859000000000378,0.16089138377263854,tp,13.718000000000757,6.859000000000378,27.296000000001513,Wednesday,2026-01-28,14,15,2.0
h00_r30_t1,1769644800000000000,1,1769647750000000000,1769664380000000000,3326,4314.3295,4278.5415,4278.5415,4350.117499999999,35.787999999999556,0.8314349699159972,sl,-35.787999999999556,35.787999999999556,-71.71599999999911,Thursday,2026-01-29,0,30,1.0
h01_r60_t3,1769644800000000000,-1,1769654075000000000,1769666185000000000,2422,4301.6314999999995,4238.286499999997,4322.7465,4238.286499999997,21.11500000000069,0.48944585295184506,tp,63.345000000002074,21.11500000000069,126.55000000000415,Thursday,2026-01-29,1,60,3.0
h02_r15_t3,1769644800000000000,-1,1769652980000000000,1769655730000000000,550,4306.8275,4283.619500000001,4314.5635,4283.619500000001,7.735999999999876,0.17947771197005388,tp,23.20799999999963,7.735999999999876,46.27599999999926,Thursday,2026-01-29,2,15,3.0
h04_r30_t3,1769644800000000000,1,1769661015000000000,1769663395000000000,476,4301.4215,4291.3475,4291.3475,4331.643500000002,10.074000000000524,0.23427811631000395,sl,-10.074000000000524,10.074000000000524,-20.28800000000105,Thursday,2026-01-29,4,30,3.0
h05_r60_t2,1769644800000000000,-1,1769666400000000000,1769731195000000000,12189,4222.1965,4189.991,4301.7005,4063.1885,79.5039999999999,1.8829478754015399,session_end,32.20550000000003,79.5039999999999,64.27100000000006,Thursday,2026-01-29,5,60,2.0
h06_r60_t3,1769644800000000000,1,1769670220000000000,1769676235000000000,1203,4241.7995,4200.2325,4200.2325,4366.5005,41.56700000000001,0.9806441506441355,sl,-41.56700000000001,41.56700000000001,-83.27400000000002,Thursday,2026-01-29,6,60,3.0
h13_r30_t3,1769644800000000000,1,1769694300000000000,1769703640000000000,1868,4236.5335,4204.4395,4204.4395,4332.815499999997,32.09399999999914,0.7585461411676998,sl,-32.09399999999914,32.09399999999914,-64.32799999999828,Thursday,2026-01-29,13,30,3.0
h14_r15_t2,1769644800000000000,1,1769696155000000000,1769701160000000000,1001,4239.0125,4220.6675,4220.6675,4275.7025,18.345000000000255,0.433766031402586,sl,-18.345000000000255,18.345000000000255,-36.83000000000051,Thursday,2026-01-29,14,15,2.0
h00_r30_t1,1769731200000000000,1,1769734175000000000,1769735020000000000,169,4204.967,4223.5019999999995,4186.432,4223.5019999999995,18.534999999999854,0.44117685562650694,tp,18.534999999999854,18.534999999999854,36.92999999999971,Friday,2026-01-30,0,30,1.0
h02_r15_t3,1769731200000000000,-1,1769739550000000000,1769740695000000000,229,4241.537,4249.154,4249.154,4218.686,7.617000000000189,0.17948113763284218,sl,-7.617000000000189,7.617000000000189,-15.374000000000379,Friday,2026-01-30,2,15,3.0
h04_r30_t3,1769731200000000000,-1,1769750565000000000,1769760140000000000,1915,4237.467,4247.377,4247.377,4207.736999999997,9.910000000000764,0.23356126964944987,sl,-9.910000000000764,9.910000000000764,-19.96000000000153,Friday,2026-01-30,4,30,3.0
h05_r60_t2,1769731200000000000,-1,1769752890000000000,1769760140000000000,1450,4233.561,4246.668,4246.668,4207.347,13.106999999999971,0.3094417629988198,sl,-13.106999999999971,13.106999999999971,-26.353999999999942,Friday,2026-01-30,5,60,2.0
h06_r60_t3,1769731200000000000,1,1769756680000000000,1769782105000000000,5083,4238.93,4224.596,4224.596,4281.9320000000025,14.334000000000742,0.33825662619812774,sl,-14.334000000000742,14.334000000000742,-28.808000000001485,Friday,2026-01-30,6,60,3.0
h13_r30_t3,1769731200000000000,-1,1769780875000000000,1769792395000000000,2303,4228.779,4239.473,4243.917,4183.365000000001,15.13799999999992,0.3573609678632425,session_end,-10.693999999999505,15.13799999999992,-21.52799999999901,Friday,2026-01-30,13,30,3.0
h14_r15_t2,1769731200000000000,1,1769783435000000000,1769792395000000000,1791,4231.709,4239.393,4219.451,4256.1050000000005,12.19800000000032,0.288594621323076,session_end,7.6840000000001965,12.25799999999981,15.228000000000392,Friday,2026-01-30,14,15,2.0
h00_r30_t1,1769990400000000000,1,1769992235000000000,1769993270000000000,207,4792.154500000001,4823.325500000001,4760.9835,4823.325500000001,31.171000000000276,0.6506534244051972,tp,31.171000000000276,31.171000000000276,62.20200000000055,Monday,2026-02-02,0,30,1.0
h01_r60_t3,1769990400000000000,-1,1769997600000000000,1770022175000000000,4915,4796.437,4822.6115,4822.6115,4718.185,26.083999999999833,0.5438100792708858,sl,-26.17450000000008,26.17450000000008,-52.48900000000016,Monday,2026-02-02,1,60,3.0
h02_r15_t3,1769990400000000000,1,1770000045000000000,1770040085000000000,8008,4801.6055,4843.134499999999,4787.7625,4843.134499999999,13.842999999999847,0.2888017502099534,tp,41.52899999999954,13.842999999999847,82.91799999999908,Monday,2026-02-02,2,15,3.0
h04_r30_t3,1769990400000000000,-1,1770006860000000000,1770009265000000000,481,4791.720499999999,4798.5485,4798.5485,4771.236499999998,6.828000000000429,0.14240464254151886,sl,-6.828000000000429,6.828000000000429,-13.79600000000086,Monday,2026-02-02,4,30,3.0
h05_r60_t2,1769990400000000000,1,1770016530000000000,1770046440000000000,5982,4812.3045,4852.740500000002,4792.086499999999,4852.740500000002,20.218000000000757,0.42051164190995566,tp,40.43600000000151,20.218000000000757,80.73200000000303,Monday,2026-02-02,5,60,2.0
h06_r60_t3,1769990400000000000,1,1770016140000000000,1770040155000000000,4803,4807.904500000001,4843.412500000001,4796.0685,4843.412500000001,11.83600000000024,0.2463154908948538,tp,35.50800000000072,11.83600000000024,70.87600000000144,Monday,2026-02-02,6,60,3.0
h13_r30_t3,1769990400000000000,1,1770039620000000000,1770042355000000000,547,4839.6605,4816.0015,4816.0015,4910.637499999999,23.65899999999965,0.4895068651273925,sl,-23.65899999999965,23.65899999999965,-47.4579999999993,Monday,2026-02-02,13,30,3.0
h14_r15_t2,1769990400000000000,-1,1770041730000000000,1770044950000000000,644,4820.1775,4846.0835,4846.0835,4768.3655,25.90599999999995,0.537007242840101,sl,-25.90599999999995,25.90599999999995,-51.9519999999999,Monday,2026-02-02,14,15,2.0
h00_r30_t1,1770076800000000000,-1,1770078680000000000,1770080615000000000,387,4824.63,4834.22,4834.22,4815.04,9.590000000000146,0.19869754690370883,sl,-9.590000000000146,9.590000000000146,-19.32000000000029,Tuesday,2026-02-03,0,30,1.0
h01_r60_t3,1770076800000000000,1,1770085890000000000,1770128150000000000,8451,4850.737999999999,4828.255,4828.255,4918.186999999997,22.482999999999265,0.46375040686191493,sl,-22.482999999999265,22.482999999999265,-45.10599999999853,Tuesday,2026-02-03,1,60,3.0
h02_r15_t3,1770076800000000000,1,1770085870000000000,1770093040000000000,1433,4848.741,4838.79,4838.79,4878.594,9.951000000000022,0.2054184562424219,sl,-9.951000000000022,9.951000000000022,-20.042000000000044,Tuesday,2026-02-03,2,15,3.0
h04_r30_t3,1770076800000000000,-1,1770093040000000000,1770096740000000000,740,4839.4130000000005,4851.403,4851.403,4803.443000000001,11.989999999999782,0.24764341166286422,sl,-11.989999999999782,11.989999999999782,-24.119999999999564,Tuesday,2026-02-03,4,30,3.0
h05_r60_t2,1770076800000000000,-1,1770101940000000000,1770126525000000000,4917,4841.775,4865.135,4865.135,4795.0549999999985,23.360000000000582,0.48103871414399174,sl,-23.360000000000582,23.360000000000582,-46.860000000001165,Tuesday,2026-02-03,5,60,2.0
h06_r60_t3,1770076800000000000,-1,1770102000000000000,1770126525000000000,4905,4841.183,4862.216,4862.216,4778.083999999999,21.033000000000357,0.43439406334310066,sl,-21.033000000000357,21.033000000000357,-42.206000000000714,Tuesday,2026-02-03,6,60,3.0
h13_r30_t3,1770076800000000000,-1,1770125405000000000,1770126485000000000,216,4841.215,4858.387000000001,4858.387000000001,4789.698999999999,17.17200000000048,0.3546646393034694,sl,-17.17200000000048,17.17200000000048,-34.48400000000096,Tuesday,2026-02-03,13,30,3.0
h14_r15_t2,1770076800000000000,-1,1770128150000000000,1770129880000000000,346,4829.365,4793.081,4847.507,4793.081,18.141999999999825,0.3755264863951822,tp,36.28399999999965,18.141999999999825,72.4279999999993,Tuesday,2026-02-03,14,15,2.0
h00_r30_t1,1770163200000000000,1,1770165000000000000,1770165640000000000,128,4729.846,4740.123,4719.5689999999995,4740.123,10.277000000000044,0.21730042963193918,tp,10.277000000000044,10.277000000000044,20.414000000000087,Wednesday,2026-02-04,0,30,1.0
h01_r60_t3,1770163200000000000,1,1770174305000000000,1770183035000000000,1746,4734.398999999999,4708.576,4708.576,4811.867999999998,25.82299999999941,0.5469011757220907,sl,-25.82299999999941,25.82299999999941,-51.78599999999882,Wednesday,2026-02-04,1,60,3.0
h02_r15_t3,1770163200000000000,1,1770172665000000000,1770179820000000000,1431,4727.98,4718.567,4718.567,4756.218999999998,9.412999999999556,0.19914296383035626,sl,-9.412999999999556,9.412999999999556,-18.965999999999113,Wednesday,2026-02-04,2,15,3.0
h04_r30_t3,1770163200000000000,-1,1770179400000000000,1770195105000000000,3139,4723.274,4688.1500000000015,4735.095,4688.1500000000015,11.707999999999629,0.24787297759001387,tp,35.12399999999889,11.820999999999913,70.10799999999777,Wednesday,2026-02-04,4,30,3.0
h05_r60_t2,1770163200000000000,-1,1770187545000000000,1770249595000000000,11658,4701.704,4702.528,4720.2880000000005,4664.535999999998,18.584000000000742,0.3952206038725993,session_end,-0.8240000000005239,18.584000000000742,-1.7880000000010479,Wednesday,2026-02-04,5,60,2.0
h06_r60_t3,1770163200000000000,1,1770189045000000000,1770190205000000000,232,4716.749,4700.088,4700.088,4766.732,16.661000000000058,0.3538706903271463,sl,-16.661000000000058,16.661000000000058,-33.46200000000012,Wednesday,2026-02-04,6,60,3.0
h13_r30_t3,1770163200000000000,-1,1770212490000000000,1770249595000000000,6671,4689.963,4702.528,4711.552,4625.196,21.588999999999942,0.45999459657095204,session_end,-12.56500000000051,21.588999999999942,-25.27000000000102,Wednesday,2026-02-04,13,30,3.0
h14_r15_t2,1770163200000000000,1,1770214570000000000,1770218565000000000,799,4701.751,4686.684,4686.684,4731.885,15.067000000000007,0.3206246765450932,sl,-15.067000000000007,15.067000000000007,-30.274000000000015,Wednesday,2026-02-04,14,15,2.0
h00_r30_t1,1770249600000000000,1,1770252555000000000,1770253340000000000,157,4718.191,4739.19,4697.192,4739.19,20.998999999999796,0.44532731844200535,tp,20.998999999999796,20.998999999999796,41.85799999999959,Thursday,2026-02-05,0,30,1.0
h01_r60_t3,1770249600000000000,-1,1770257025000000000,1770263365000000000,1268,4714.178,4741.456,4741.456,4632.343999999999,27.278000000000247,0.577896548086091,sl,-27.278000000000247,27.278000000000247,-54.696000000000495,Thursday,2026-02-05,1,60,3.0
h02_r15_t3,1770249600000000000,1,1770257745000000000,1770294600000000000,7371,4721.168,4756.168999999998,4709.501,4756.168999999998,11.666999999999462,0.2473180187085675,tp,35.000999999998385,11.666999999999462,69.86199999999677,Thursday,2026-02-05,2,15,3.0
h04_r30_t3,1770249600000000000,-1,1770265890000000000,1770271330000000000,1088,4736.02,4746.546,4746.546,4704.442000000001,10.52599999999984,0.2221611088046977,sl,-10.52599999999984,10.52599999999984,-21.19199999999968,Thursday,2026-02-05,4,30,3.0
h05_r60_t2,1770249600000000000,1,1770271200000000000,1770294605000000000,4681,4740.465,4774.509,4723.443,4774.509,17.021999999999935,0.3592406435350178,tp,34.04399999999987,17.021999999999935,67.94799999999974,Thursday,2026-02-05,5,60,2.0
h06_r60_t3,1770249600000000000,-1,1770275805000000000,1770281335000000000,1106,4738.347,4754.4130000000005,4754.4130000000005,4690.148999999998,16.066000000000713,0.33845296281168996,sl,-16.066000000000713,16.066000000000713,-32.27200000000143,Thursday,2026-02-05,6,60,3.0
h13_r30_t3,1770249600000000000,1,1770298490000000000,1770309030000000000,2108,4812.783,4788.751,4788.751,4884.879000000001,24.032000000000153,0.5013477684996669,sl,-24.032000000000153,24.032000000000153,-48.204000000000306,Thursday,2026-02-05,13,30,3.0
h14_r15_t2,1770249600000000000,-1,1770301250000000000,1770335995000000000,6167,4805.632,4808.57,4822.695,4771.505999999999,17.063000000000102,0.3546290174783099,session_end,-2.938000000000102,17.063000000000102,-6.016000000000203,Thursday,2026-02-05,14,15,2.0
h00_r30_t1,1770336000000000000,1,1770337840000000000,1770344915000000000,1415,4835.318499999999,4911.773499999999,4758.8634999999995,4911.773499999999,76.45499999999993,1.5831626290376921,tp,76.45499999999993,76.45499999999993,152.76999999999987,Friday,2026-02-06,0,30,1.0
h01_r60_t3,1770336000000000000,1,1770343660000000000,1770415075000000000,14282,4891.5465,5078.922,4798.3904999999995,5171.014500000003,93.15600000000086,1.9087363166097795,session_end,187.3754999999992,93.15600000000086,374.6109999999984,Friday,2026-02-06,1,60,3.0
h02_r15_t3,1770336000000000000,1,1770344280000000000,1770382815000000000,7707,4903.6165,5014.862500000001,4866.5345,5014.862500000001,37.082000000000335,0.7577030779414419,tp,111.246000000001,37.082000000000335,222.35200000000202,Friday,2026-02-06,2,15,3.0
h04_r30_t3,1770336000000000000,1,1770352205000000000,1770357445000000000,1048,4935.2255000000005,4998.321500000004,4914.193499999999,4998.321500000004,21.032000000001062,0.42626875097603445,tp,63.09600000000319,21.032000000001062,126.05200000000637,Friday,2026-02-06,4,30,3.0
h05_r60_t2,1770336000000000000,1,1770357600000000000,1770415075000000000,11494,5007.163500000001,5078.922,4914.7835,5191.923500000003,92.38000000000102,1.8451229224765955,session_end,71.758499999999,92.38000000000102,143.37699999999802,Friday,2026-02-06,5,60,2.0
h13_r30_t3,1770336000000000000,1,1770384745000000000,1770387930000000000,637,5038.246499999999,5006.4025,5006.4025,5133.778499999997,31.84399999999914,0.6345346963089553,sl,-31.84399999999914,31.84399999999914,-63.82799999999828,Friday,2026-02-06,13,30,3.0
h14_r15_t2,1770336000000000000,-1,1770387755000000000,1770388640000000000,177,5019.2845,5042.9215,5042.9215,4972.0104999999985,23.637000000000626,0.4697598902323674,sl,-23.637000000000626,23.637000000000626,-47.41400000000125,Friday,2026-02-06,14,15,2.0
h00_r30_t1,1770595200000000000,1,1770597675000000000,1770613275000000000,3120,5165.599,5144.4130000000005,5144.4130000000005,5186.785,21.185999999999694,0.4118073202026361,sl,-21.185999999999694,21.185999999999694,-42.51199999999939,Monday,2026-02-09,0,30,1.0
h01_r60_t3,1770595200000000000,1,1770607340000000000,1770612015000000000,935,5177.956,5151.477,5151.477,5257.393000000001,26.47900000000027,0.513044175779298,sl,-26.47900000000027,26.47900000000027,-53.09800000000054,Monday,2026-02-09,1,60,3.0
h02_r15_t3,1770595200000000000,1,1770604085000000000,1770605070000000000,197,5172.664,5158.692,5158.692,5214.579999999999,13.971999999999753,0.2707376787906279,sl,-13.971999999999753,13.971999999999753,-28.083999999999506,Monday,2026-02-09,2,15,3.0
h04_r30_t3,1770595200000000000,-1,1770611600000000000,1770615040000000000,688,5162.06,5135.570000000001,5170.89,5135.570000000001,8.829999999999927,0.17092399031443486,tp,26.48999999999978,8.829999999999927,52.83999999999956,Monday,2026-02-09,4,30,3.0
h05_r60_t2,1770595200000000000,1,1770616890000000000,1770630490000000000,2720,5156.001,5133.124,5133.124,5201.755000000001,22.877000000000407,0.44400693502461874,sl,-22.877000000000407,22.877000000000407,-45.894000000000815,Monday,2026-02-09,5,60,2.0
h06_r60_t3,1770595200000000000,1,1770622170000000000,1770627055000000000,977,5165.734,5151.457,5151.457,5208.5650000000005,14.277000000000044,0.27655693301325107,sl,-14.277000000000044,14.277000000000044,-28.694000000000088,Monday,2026-02-09,6,60,3.0
h13_r30_t3,1770595200000000000,-1,1770643800000000000,1770681595000000000,6792,5131.36,5102.278,5148.985,5078.485,17.625,0.34347619344579217,session_end,29.081999999999425,17.625,58.02399999999885,Monday,2026-02-09,13,30,3.0
h14_r15_t2,1770595200000000000,-1,1770646500000000000,1770681595000000000,6252,5093.296,5102.278,5128.21,5023.468000000001,34.91399999999976,0.6853300042398786,session_end,-8.981999999999971,34.91399999999976,-18.103999999999942,Monday,2026-02-09,14,15,2.0
h00_r30_t1,1770681600000000000,1,1770683440000000000,1770683690000000000,50,5104.9235,5097.8705,5097.8705,5111.9765,7.052999999999884,0.13821190866177704,sl,-7.052999999999884,7.052999999999884,-14.245999999999768,Tuesday,2026-02-10,0,30,1.0
h01_r60_t3,1770681600000000000,1,1770688875000000000,1770767995000000000,15057,5115.9635,5162.959,5087.6915,5200.7795,28.271999999999935,0.5528480562468914,session_end,46.99549999999999,28.271999999999935,93.85099999999998,Tuesday,2026-02-10,1,60,3.0
h02_r15_t3,1770681600000000000,1,1770690475000000000,1770691290000000000,163,5125.6915,5111.8665,5111.8665,5167.166499999999,13.824999999999818,0.2697859187752133,sl,-13.824999999999818,13.824999999999818,-27.789999999999637,Tuesday,2026-02-10,2,15,3.0
h04_r30_t3,1770681600000000000,-1,1770698510000000000,1770699320000000000,162,5128.5115000000005,5134.6155,5134.6155,5110.199500000002,6.10399999999936,0.11897820256564018,sl,-6.10399999999936,6.10399999999936,-12.34799999999872,Tuesday,2026-02-10,4,30,3.0
h05_r60_t2,1770681600000000000,1,1770712035000000000,1770716830000000000,959,5141.2365,5112.6925,5112.6925,5198.3245,28.54399999999987,0.5579291804838521,sl,-28.54399999999987,28.54399999999987,-57.22799999999974,Tuesday,2026-02-10,5,60,2.0
h06_r60_t3,1770681600000000000,1,1770706820000000000,1770716790000000000,1994,5132.8325,5115.1845,5115.1845,5185.776500000001,17.64800000000014,0.3439243841862239,sl,-17.64800000000014,17.64800000000014,-35.43600000000028,Tuesday,2026-02-10,6,60,3.0
h13_r30_t3,1770681600000000000,-1,1770730235000000000,1770732140000000000,381,5122.0154999999995,5136.9995,5136.9995,5077.063499999998,14.984000000000378,0.29243740743621993,sl,-14.984000000000378,14.984000000000378,-30.108000000000757,Tuesday,2026-02-10,13,30,3.0
h14_r15_t2,1770681600000000000,1,1770732900000000000,1770733205000000000,61,5139.4015,5132.0675,5132.0675,5154.0695,7.333999999999833,0.14272957367859265,sl,-7.333999999999833,7.333999999999833,-14.807999999999666,Tuesday,2026-02-10,14,15,2.0
h00_r30_t1,1770768000000000000,-1,1770771655000000000,1770772080000000000,85,5161.8805,5144.334500000001,5179.4265,5144.334500000001,17.545999999999367,0.33951780383489805,tp,17.545999999999367,17.545999999999367,34.95199999999873,Wednesday,2026-02-11,0,30,1.0
h01_r60_t3,1770768000000000000,1,1770775640000000000,1770794380000000000,3748,5168.2435000000005,5140.5205000000005,5140.5205000000005,5251.4125,27.722999999999956,0.5382685065354579,sl,-27.722999999999956,27.722999999999956,-55.58599999999991,Wednesday,2026-02-11,1,60,3.0
h02_r15_t3,1770768000000000000,1,1770776260000000000,1770790750000000000,2898,5170.5145,5150.4545,5150.4545,5230.694500000001,20.0600000000004,0.38811152111759867,sl,-20.0600000000004,20.0600000000004,-40.2600000000008,Wednesday,2026-02-11,2,15,3.0
h04_r30_t3,1770768000000000000,1,1770784240000000000,1770787970000000000,746,5171.6845,5162.2445,5162.2445,5200.004500000002,9.44000000000051,0.1826081414021599,sl,-9.44000000000051,9.44000000000051,-19.02000000000102,Wednesday,2026-02-11,4,30,3.0
h05_r60_t2,1770768000000000000,-1,1770789600000000000,1770803420000000000,2764,5157.0305,5118.1025,5176.4945,5118.1025,19.463999999999942,0.3773762328006515,tp,38.927999999999884,19.463999999999942,77.71599999999977,Wednesday,2026-02-11,5,60,2.0
h06_r60_t3,1770768000000000000,-1,1770793760000000000,1770817165000000000,4681,5145.9465,5085.298499999999,5166.1625,5085.298499999999,20.21600000000035,0.39253252310396125,tp,60.64800000000105,20.21600000000035,121.1560000000021,Wednesday,2026-02-11,6,60,3.0
h13_r30_t3,1770768000000000000,-1,1770816620000000000,1770824405000000000,1557,5094.0415,5115.2945,5115.2945,5030.282500000001,21.2529999999997,0.41691551374738745,sl,-21.2529999999997,21.2529999999997,-42.645999999999404,Wednesday,2026-02-11,13,30,3.0
h14_r15_t2,1770768000000000000,1,1770819370000000000,1770824175000000000,961,5087.2515,5111.223500000002,5075.2654999999995,5111.223500000002,11.986000000000786,0.2357357592128319,tp,23.97200000000157,11.986000000000786,47.80400000000314,Wednesday,2026-02-11,14,15,2.0
h00_r30_t1,1770854400000000000,-1,1770857330000000000,1770859110000000000,356,5120.4965,5113.2525000000005,5127.7405,5113.2525000000005,7.243999999999687,0.14131599643822212,tp,7.243999999999687,7.243999999999687,14.347999999999374,Thursday,2026-02-12,0,30,1.0
h01_r60_t3,1770854400000000000,-1,1770866535000000000,1770892635000000000,5220,5089.3535,5126.9715,5126.9715,4976.499500000002,37.61799999999948,0.7365076307089005,sl,-37.61799999999948,37.61799999999948,-75.37599999999897,Thursday,2026-02-12,1,60,3.0
h02_r15_t3,1770854400000000000,1,1770863435000000000,1770864745000000000,262,5123.8495,5104.8375,5104.8375,5180.885500000002,19.012000000000626,0.37111158284107904,sl,-19.012000000000626,19.012000000000626,-38.16400000000125,Thursday,2026-02-12,2,15,3.0
h04_r30_t3,1770854400000000000,-1,1770873310000000000,1770875565000000000,451,5093.1715,5104.7705000000005,5104.7705000000005,5058.3745,11.59900000000016,0.22739795396735638,sl,-11.59900000000016,11.59900000000016,-23.33800000000032,Thursday,2026-02-12,4,30,3.0
h05_r60_t2,1770854400000000000,1,1770876115000000000,1770940795000000000,12177,5106.4555,5118.959,5086.4565,5146.4535,19.998999999999796,0.3919649056272765,session_end,12.503499999999804,19.998999999999796,24.866999999999607,Thursday,2026-02-12,5,60,2.0
h06_r60_t3,1770854400000000000,1,1770880670000000000,1770903300000000000,4526,5120.9205,5100.4985,5100.4985,5182.186500000002,20.42200000000048,0.39894896424570775,sl,-20.42200000000048,20.42200000000048,-40.98400000000096,Thursday,2026-02-12,6,60,3.0
h13_r30_t3,1770854400000000000,-1,1770903045000000000,1770909350000000000,1261,5110.3225,5125.4765,5125.4765,5064.860500000002,15.153999999999542,0.29634059260882173,sl,-15.153999999999542,15.153999999999542,-30.447999999999084,Thursday,2026-02-12,13,30,3.0
h14_r15_t2,1770854400000000000,1,1770905700000000000,1770940795000000000,6260,5107.5125,5118.959,5088.9605,5144.616499999999,18.55199999999968,0.36323626833471734,session_end,11.446500000000015,18.55199999999968,22.75300000000003,Thursday,2026-02-12,14,15,2.0
h00_r30_t1,1770940800000000000,-1,1770942960000000000,1770948000000000000,1008,5113.4275,5129.4725,5129.4725,5097.3825,16.045000000000073,0.31321663923133714,sl,-16.045000000000073,16.045000000000073,-32.230000000000146,Friday,2026-02-13,0,30,1.0
h01_r60_t3,1770940800000000000,1,1770948000000000000,1771019155000000000,14219,5128.871499999999,5210.783499999997,5101.5675,5210.783499999997,27.303999999999178,0.532425884938156,tp,81.91199999999753,27.303999999999178,163.68399999999508,Friday,2026-02-13,1,60,3.0
h02_r15_t3,1770940800000000000,-1,1770949180000000000,1770962310000000000,2623,5126.137500000001,5134.2305,5134.2305,5101.858500000004,8.092999999998938,0.1577915192468694,sl,-8.092999999998938,8.092999999998938,-16.325999999997876,Friday,2026-02-13,2,15,3.0
h04_r30_t3,1770940800000000000,-1,1770958765000000000,1770960265000000000,300,5116.425499999999,5123.3705,5123.3705,5095.5904999999975,6.9450000000006185,0.13560343969987648,sl,-6.9450000000006185,6.9450000000006185,-14.030000000001237,Friday,2026-02-13,4,30,3.0
h05_r60_t2,1770940800000000000,-1,1770966890000000000,1770988045000000000,4229,5115.806500000001,5134.9565,5134.9565,5077.506500000001,19.149999999999636,0.3731557410790131,sl,-19.149999999999636,19.149999999999636,-38.43999999999927,Friday,2026-02-13,5,60,2.0
h06_r60_t3,1770940800000000000,-1,1770966000000000000,1770988045000000000,4407,5119.5025000000005,5133.3755,5133.3755,5077.883500000002,13.872999999999593,0.27094038852495467,sl,-13.872999999999593,13.872999999999593,-27.885999999999186,Friday,2026-02-13,6,60,3.0
h13_r30_t3,1770940800000000000,1,1770997945000000000,1771019875000000000,4379,5174.4325,5212.495,5121.279500000001,5333.891499999998,53.15299999999934,1.0283505964918942,session_end,38.0625,53.15299999999934,75.985,Friday,2026-02-13,13,30,3.0
h14_r15_t2,1770940800000000000,1,1770992460000000000,1770993675000000000,243,5164.1455000000005,5151.4025,5151.4025,5189.631500000001,12.743000000000393,0.24694092554110775,sl,-12.743000000000393,12.743000000000393,-25.626000000000786,Friday,2026-02-13,14,15,2.0
h00_r30_t1,1771200000000000000,1,1771205685000000000,1771212220000000000,1307,5147.9595,5203.7585,5092.1605,5203.7585,55.79899999999998,1.0881939469394528,tp,55.79899999999998,55.79899999999998,111.45799999999996,Monday,2026-02-16,0,30,1.0
h01_r60_t3,1771200000000000000,1,1771209690000000000,1771286395000000000,14578,5158.2235,5201.696,5107.2425,5311.166499999999,50.98099999999977,0.9897483073607111,session_end,43.472499999999854,50.98099999999977,86.80499999999971,Monday,2026-02-16,1,60,3.0
h02_r15_t3,1771200000000000000,1,1771209015000000000,1771209215000000000,40,5156.7564999999995,5145.8994999999995,5145.8994999999995,5189.327499999999,10.856999999999971,0.21062460175664005,sl,-10.856999999999971,10.856999999999971,-21.853999999999942,Monday,2026-02-16,2,15,3.0
h04_r30_t3,1771200000000000000,-1,1771216530000000000,1771217865000000000,267,5170.7315,5184.6815,5184.6815,5128.8815,13.949999999999818,0.26954373202135706,sl,-13.949999999999818,13.949999999999818,-28.039999999999637,Monday,2026-02-16,4,30,3.0
h05_r60_t2,1771200000000000000,1,1771221910000000000,1771268445000000000,9307,5218.7065,5182.2545,5182.2545,5291.610500000001,36.452000000000226,0.6993846232658246,sl,-36.452000000000226,36.452000000000226,-73.04400000000045,Monday,2026-02-16,5,60,2.0
h06_r60_t3,1771200000000000000,-1,1771227290000000000,1771242155000000000,2973,5205.5195,5244.4185,5244.4185,5088.822500000002,38.89899999999943,0.7446716559673888,sl,-38.89899999999943,38.89899999999943,-77.93799999999887,Monday,2026-02-16,6,60,3.0
h13_r30_t3,1771200000000000000,-1,1771248885000000000,1771268370000000000,3897,5253.9974999999995,5186.074499999998,5276.6385,5186.074499999998,22.64100000000053,0.43011210251414556,tp,67.9230000000016,22.64100000000053,135.7060000000032,Monday,2026-02-16,13,30,3.0
h14_r15_t2,1771200000000000000,-1,1771251680000000000,1771253275000000000,319,5206.6275000000005,5227.7085,5227.7085,5164.465500000002,21.08099999999922,0.4034869340457287,sl,-21.08099999999922,21.08099999999922,-42.30199999999844,Monday,2026-02-16,14,15,2.0
h00_r30_t1,1771286400000000000,1,1771288730000000000,1771291305000000000,515,5218.7075,5271.498500000001,5165.9165,5271.498500000001,52.79100000000017,1.015211050379306,tp,52.79100000000017,52.79100000000017,105.44200000000033,Tuesday,2026-02-17,0,30,1.0
h02_r15_t3,1771286400000000000,-1,1771294525000000000,1771324790000000000,6053,5288.065500000001,5223.805500000003,5309.4855,5223.805500000003,21.419999999999163,0.4049351805964431,tp,64.25999999999749,21.419999999999163,128.379999999995,Tuesday,2026-02-17,2,15,3.0
h04_r30_t3,1771286400000000000,1,1771304775000000000,1771305040000000000,53,5266.3075,5251.7305,5251.7305,5310.038500000001,14.577000000000226,0.2772896680256636,sl,-14.577000000000226,14.577000000000226,-29.29400000000045,Tuesday,2026-02-17,4,30,3.0
h05_r60_t2,1771286400000000000,-1,1771312755000000000,1771327605000000000,2970,5241.0805,5280.3775000000005,5280.3775000000005,5162.486499999999,39.29700000000048,0.7463330739960362,sl,-39.29700000000048,39.29700000000048,-78.73400000000096,Tuesday,2026-02-17,5,60,2.0
h06_r60_t3,1771286400000000000,-1,1771312370000000000,1771315535000000000,633,5247.4585,5265.7595,5265.7595,5192.555499999999,18.301000000000386,0.3484460867691947,sl,-18.301000000000386,18.301000000000386,-36.74200000000077,Tuesday,2026-02-17,6,60,3.0
h13_r30_t3,1771286400000000000,1,1771335650000000000,1771346515000000000,2173,5287.4665,5357.183500000002,5264.2275,5357.183500000002,23.239000000000487,0.44095698994816707,tp,69.71700000000146,23.239000000000487,139.29400000000294,Tuesday,2026-02-17,13,30,3.0
h14_r15_t2,1771286400000000000,-1,1771338135000000000,1771338815000000000,136,5305.3255,5330.7245,5330.7245,5254.527499999999,25.399000000000342,0.47756417638794674,sl,-25.399000000000342,25.399000000000342,-50.938000000000685,Tuesday,2026-02-17,14,15,2.0
h00_r30_t1,1771372800000000000,1,1771374980000000000,1771375165000000000,37,5414.0465,5408.1265,5408.1265,5419.9665,5.920000000000073,0.10942815011435099,sl,-5.920000000000073,5.920000000000073,-11.980000000000146,Wednesday,2026-02-18,0,30,1.0
h01_r60_t3,1771372800000000000,-1,1771380055000000000,1771459195000000000,15051,5373.6905,5376.63,5415.7585,5247.486499999999,42.06800000000021,0.782061078955398,session_end,-2.9395000000004075,42.06800000000021,-6.019000000000815,Wednesday,2026-02-18,1,60,3.0
h02_r15_t3,1771372800000000000,1,1771381890000000000,1771392780000000000,2178,5391.3915,5371.8634999999995,5371.8634999999995,5449.9755000000005,19.528000000000247,0.36247456455209703,sl,-19.528000000000247,19.528000000000247,-39.196000000000495,Wednesday,2026-02-18,2,15,3.0
h04_r30_t3,1771372800000000000,-1,1771389000000000000,1771420115000000000,6223,5379.6055,5342.873499999998,5391.8495,5342.873499999998,12.244000000000597,0.22759381715856622,tp,36.73200000000179,12.244000000000597,73.32400000000358,Wednesday,2026-02-18,4,30,3.0
h05_r60_t2,1771372800000000000,-1,1771397165000000000,1771403875000000000,1342,5352.2225,5384.8855,5384.8855,5286.896499999999,32.663000000000466,0.6087491735535352,sl,-32.663000000000466,32.663000000000466,-65.46600000000093,Wednesday,2026-02-18,5,60,2.0
h06_r60_t3,1771372800000000000,1,1771400765000000000,1771417130000000000,3273,5373.0645,5350.1115,5350.1115,5441.923500000002,22.95300000000043,0.42875359501194854,sl,-22.95300000000043,22.95300000000043,-46.04600000000086,Wednesday,2026-02-18,6,60,3.0
h13_r30_t3,1771372800000000000,1,1771422185000000000,1771427690000000000,1101,5360.45,5333.7275,5333.7275,5440.595,26.715000000000146,0.49925653478962395,sl,-26.722499999999854,26.722499999999854,-53.58499999999971,Wednesday,2026-02-18,13,30,3.0
h14_r15_t2,1771372800000000000,-1,1771424100000000000,1771427505000000000,681,5357.0505,5339.814500000001,5365.6685,5339.814500000001,8.617999999999483,0.16086802279516466,tp,17.235999999998967,8.617999999999483,34.33199999999793,Wednesday,2026-02-18,14,15,2.0
h00_r30_t1,1771545600000000000,-1,1771547630000000000,1771549100000000000,294,5401.4265,5418.1044999999995,5418.1044999999995,5384.7485,16.677999999999884,0.30851833781536875,sl,-16.677999999999884,16.677999999999884,-33.49599999999977,Friday,2026-02-20,0,30,1.0
h02_r15_t3,1771545600000000000,-1,1771554405000000000,1771554635000000000,46,5400.4665,5410.8615,5410.8615,5369.281500000002,10.394999999999527,0.19239423661269775,sl,-10.394999999999527,10.394999999999527,-20.929999999999055,Friday,2026-02-20,2,15,3.0
h04_r30_t3,1771545600000000000,1,1771561865000000000,1771566420000000000,911,5407.5115000000005,5418.905500000003,5403.7135,5418.905500000003,3.798000000000684,0.07024606560536201,tp,11.394000000002052,3.798000000000684,22.648000000004103,Friday,2026-02-20,4,30,3.0
h05_r60_t2,1771545600000000000,-1,1771567805000000000,1771575765000000000,1592,5408.3935,5380.2515,5422.4645,5380.2515,14.070999999999913,0.2598439366716489,tp,28.141999999999825,14.070999999999913,56.14399999999965,Friday,2026-02-20,5,60,2.0
h06_r60_t3,1771545600000000000,-1,1771573535000000000,1771602470000000000,5787,5398.6435,5417.6765,5417.6765,5341.544500000002,19.032999999999447,0.3519682194870238,sl,-19.032999999999447,19.032999999999447,-38.205999999998895,Friday,2026-02-20,6,60,3.0
h13_r30_t3,1771545600000000000,1,1771598200000000000,1771624675000000000,5294,5401.3525,5445.375,5374.9625,5480.522500000001,26.390000000000327,0.4902056848441893,session_end,44.022500000000036,26.390000000000327,87.90500000000007,Friday,2026-02-20,13,30,3.0
h14_r15_t2,1771545600000000000,-1,1771597845000000000,1771598200000000000,71,5386.9035,5401.1995,5401.1995,5358.311500000002,14.295999999999367,0.2648660861635422,sl,-14.295999999999367,14.295999999999367,-28.731999999998735,Friday,2026-02-20,14,15,2.0
h00_r30_t1,1771804800000000000,1,1771807770000000000,1771808850000000000,216,5506.860000000001,5495.289,5495.289,5518.431000000001,11.571000000000822,0.21026437597038203,sl,-11.571000000000822,11.571000000000822,-23.282000000001645,Monday,2026-02-23,0,30,1.0
h01_r60_t3,1771804800000000000,-1,1771812990000000000,1771847130000000000,6826,5488.112,5507.771,5507.771,5429.135000000001,19.65899999999965,0.35798570897886306,sl,-19.65899999999965,19.65899999999965,-39.4579999999993,Monday,2026-02-23,1,60,3.0
h02_r15_t3,1771804800000000000,-1,1771812935000000000,1771814625000000000,338,5489.621,5498.139,5498.139,5464.067,8.518000000000029,0.15513563987259188,sl,-8.518000000000029,8.518000000000029,-17.17600000000006,Monday,2026-02-23,2,15,3.0
h04_r30_t3,1771804800000000000,1,1771822965000000000,1771824060000000000,219,5495.323,5487.28,5487.28,5519.452000000002,8.043000000000575,0.14639646813743712,sl,-8.043000000000575,8.043000000000575,-16.22600000000115,Monday,2026-02-23,4,30,3.0
h05_r60_t2,1771804800000000000,-1,1771826710000000000,1771839895000000000,2636,5478.309,5495.475,5495.475,5443.977,17.166000000000167,0.3132270266423648,sl,-17.166000000000167,17.166000000000167,-34.472000000000335,Monday,2026-02-23,5,60,2.0
h06_r60_t3,1771804800000000000,1,1771830155000000000,1771891195000000000,9646,5492.093,5487.631,5476.377,5539.240999999998,15.71599999999944,0.2862238125973343,session_end,-4.461999999999534,15.71599999999944,-9.06399999999907,Monday,2026-02-23,6,60,3.0
h13_r30_t3,1771804800000000000,-1,1771854465000000000,1771859455000000000,998,5488.504,5501.847,5501.847,5448.475,13.342999999999847,0.24302697630400188,sl,-13.342999999999847,13.342999999999847,-26.825999999999695,Monday,2026-02-23,13,30,3.0
h14_r15_t2,1771804800000000000,1,1771856500000000000,1771889595000000000,4059,5499.984,5490.839,5490.839,5518.274000000001,9.145000000000437,0.16636247226459142,sl,-9.145000000000437,9.145000000000437,-18.430000000000874,Monday,2026-02-23,14,15,2.0
h00_r30_t1,1771891200000000000,-1,1771893020000000000,1771898120000000000,1020,5485.404500000001,5472.889500000001,5497.9195,5472.889500000001,12.514999999999418,0.22812940360155384,tp,12.514999999999418,12.514999999999418,24.889999999998835,Tuesday,2026-02-24,0,30,1.0
h01_r60_t3,1771891200000000000,-1,1771899260000000000,1771944290000000000,9005,5469.5355,5405.050499999998,5491.030500000001,5405.050499999998,21.4950000000008,0.39263576415880824,tp,64.4850000000024,21.4950000000008,128.83000000000482,Tuesday,2026-02-24,1,60,3.0
h02_r15_t3,1771891200000000000,-1,1771899640000000000,1771907450000000000,1562,5469.5825,5452.9985,5475.110500000001,5452.9985,5.528000000000247,0.10103761869247575,tp,16.584000000000742,5.528000000000247,33.028000000001484,Tuesday,2026-02-24,2,15,3.0
h04_r30_t3,1771891200000000000,-1,1771907450000000000,1771933695000000000,5248,5453.1044999999995,5460.7055,5460.7055,5430.301499999998,7.6010000000005675,0.1393528151661287,sl,-7.6010000000005675,7.6010000000005675,-15.342000000001136,Tuesday,2026-02-24,4,30,3.0
h05_r60_t2,1771891200000000000,-1,1771912805000000000,1771933690000000000,4177,5443.7945,5459.4365,5459.4365,5412.5105,15.641999999999825,0.2872588787041915,sl,-15.641999999999825,15.641999999999825,-31.42399999999965,Tuesday,2026-02-24,5,60,2.0
h06_r60_t3,1771891200000000000,-1,1771916525000000000,1771919375000000000,570,5433.9505,5452.3765,5452.3765,5378.672499999999,18.426000000000386,0.33876327137657897,sl,-18.426000000000386,18.426000000000386,-36.99200000000077,Tuesday,2026-02-24,6,60,3.0
h13_r30_t3,1771891200000000000,1,1771940380000000000,1771943995000000000,723,5444.7465,5418.0675,5418.0675,5524.7835000000005,26.679000000000087,0.4909285678600331,sl,-26.679000000000087,26.679000000000087,-53.498000000000175,Tuesday,2026-02-24,13,30,3.0
h14_r15_t2,1771891200000000000,-1,1771943015000000000,1771944015000000000,200,5432.4845000000005,5410.510500000002,5443.4715,5410.510500000002,10.98699999999917,0.20201665465235732,tp,21.97399999999834,10.98699999999917,43.80799999999668,Tuesday,2026-02-24,14,15,2.0
h00_r30_t1,1771977600000000000,1,1771979400000000000,1771982820000000000,684,5407.662,5380.411,5380.411,5434.9130000000005,27.251000000000204,0.5039515750821495,sl,-27.251000000000204,27.251000000000204,-54.64200000000041,Wednesday,2026-02-25,0,30,1.0
h01_r60_t3,1771977600000000000,-1,1771988770000000000,1772029295000000000,8105,5352.411,5412.474,5412.474,5172.222,60.0630000000001,1.115859272762134,sl,-60.0630000000001,60.0630000000001,-120.2660000000002,Wednesday,2026-02-25,1,60,3.0
h02_r15_t3,1771977600000000000,1,1771986235000000000,1771986660000000000,85,5389.411,5376.362,5376.362,5428.558,13.048999999999978,0.24243151620857803,sl,-13.048999999999978,13.048999999999978,-26.237999999999957,Wednesday,2026-02-25,2,15,3.0
h04_r30_t3,1771977600000000000,-1,1771994070000000000,1771995705000000000,327,5359.629,5369.624,5369.624,5329.644,9.99499999999989,0.18635462754244747,sl,-9.99499999999989,9.99499999999989,-20.129999999999782,Wednesday,2026-02-25,4,30,3.0
h05_r60_t2,1771977600000000000,-1,1772001365000000000,1772002875000000000,302,5358.907,5379.718,5379.718,5317.285000000001,20.810999999999694,0.38739278568193014,sl,-20.810999999999694,20.810999999999694,-41.76199999999939,Wednesday,2026-02-25,5,60,2.0
h06_r60_t3,1771977600000000000,1,1772002875000000000,1772031310000000000,5687,5379.468,5441.067000000001,5358.647,5441.067000000001,20.533000000000357,0.38207768534573733,tp,61.59900000000107,20.820999999999913,123.05800000000214,Wednesday,2026-02-25,6,60,3.0
h13_r30_t3,1771977600000000000,-1,1772026200000000000,1772029295000000000,619,5392.225,5412.375,5412.375,5331.7750000000015,20.149999999999636,0.3736795342858787,sl,-20.149999999999636,20.149999999999636,-40.43999999999927,Wednesday,2026-02-25,13,30,3.0
h14_r15_t2,1771977600000000000,1,1772028960000000000,1772029855000000000,179,5387.262000000001,5430.588000000002,5365.599,5430.588000000002,21.663000000000466,0.40285178074509564,tp,43.32600000000093,21.663000000000466,86.51200000000186,Wednesday,2026-02-25,14,15,2.0
h00_r30_t1,1772064000000000000,-1,1772067080000000000,1772071310000000000,844,5443.961499999999,5460.8175,5460.8175,5427.105499999999,16.856000000000677,0.30923745064397434,sl,-16.856000000000677,16.856000000000677,-33.852000000001354,Thursday,2026-02-26,0,30,1.0
h01_r60_t3,1772064000000000000,1,1772071310000000000,1772089730000000000,3678,5459.8145,5508.960500000002,5443.4325,5508.960500000002,16.382000000000517,0.30018581578959647,tp,49.14600000000155,16.382000000000517,98.1520000000031,Thursday,2026-02-26,1,60,3.0
h02_r15_t3,1772064000000000000,-1,1772072160000000000,1772076845000000000,937,5454.8465,5461.8865000000005,5461.8865000000005,5433.726499999997,7.040000000000873,0.1289712118485133,sl,-7.040000000000873,7.040000000000873,-14.220000000001747,Thursday,2026-02-26,2,15,3.0
h04_r30_t3,1772064000000000000,1,1772080350000000000,1772081225000000000,172,5470.2605,5462.583500000001,5462.583500000001,5493.291499999999,7.67699999999968,0.1404793406894774,sl,-7.67699999999968,7.67699999999968,-15.49399999999936,Thursday,2026-02-26,4,30,3.0
h05_r60_t2,1772064000000000000,1,1772085615000000000,1772100665000000000,3008,5485.0725,5469.3855,5469.3855,5516.4465,15.686999999999898,0.2860750285423057,sl,-15.686999999999898,15.686999999999898,-31.513999999999797,Thursday,2026-02-26,5,60,2.0
h06_r60_t3,1772064000000000000,1,1772089200000000000,1772098570000000000,1873,5508.8125,5482.9985,5482.9985,5586.254500000001,25.814000000000306,0.4687652510097785,sl,-25.814000000000306,25.814000000000306,-51.76800000000061,Thursday,2026-02-26,6,60,3.0
h13_r30_t3,1772064000000000000,-1,1772112635000000000,1772112810000000000,35,5458.717500000001,5473.3435,5473.3435,5414.839500000003,14.625999999999294,0.267388942225895,sl,-14.625999999999294,14.625999999999294,-29.39199999999859,Thursday,2026-02-26,13,30,3.0
h14_r15_t2,1772064000000000000,-1,1772115300000000000,1772117320000000000,404,5456.0485,5483.6185000000005,5483.6185000000005,5400.908499999999,27.57000000000062,0.5052282511103635,sl,-27.57000000000062,27.57000000000062,-55.28000000000124,Thursday,2026-02-26,14,15,2.0
h00_r30_t1,1772150400000000000,-1,1772152200000000000,1772168520000000000,3264,5446.464,5412.737,5480.191,5412.737,33.72699999999986,0.6192189766280475,tp,33.72699999999986,33.72699999999986,67.31399999999972,Friday,2026-02-27,0,30,1.0
h01_r60_t3,1772150400000000000,-1,1772167420000000000,1772185810000000000,3678,5420.088,5333.838,5448.838,5333.838,28.75,0.5296581871614908,tp,86.25,28.75,172.36,Friday,2026-02-27,1,60,3.0
h02_r15_t3,1772150400000000000,-1,1772158520000000000,1772160700000000000,436,5423.153,5434.16,5434.16,5390.132000000001,11.006999999999607,0.20280757767380259,sl,-11.006999999999607,11.006999999999607,-22.153999999999215,Friday,2026-02-27,2,15,3.0
h04_r30_t3,1772150400000000000,-1,1772167420000000000,1772170570000000000,630,5420.352,5369.880000000001,5437.1759999999995,5369.880000000001,16.823999999999614,0.31016235221935723,tp,50.47199999999884,16.823999999999614,100.80399999999769,Friday,2026-02-27,4,30,3.0
h05_r60_t2,1772150400000000000,-1,1772172085000000000,1772225875000000000,10757,5360.793,5340.949,5419.4220000000005,5243.534999999998,58.629000000000815,1.093148954759881,session_end,19.84400000000005,58.629000000000815,39.5480000000001,Friday,2026-02-27,5,60,2.0
h06_r60_t3,1772150400000000000,1,1772176265000000000,1772180245000000000,796,5388.921,5360.112,5360.112,5475.348000000001,28.809000000000196,0.5358877770004494,sl,-28.809000000000196,28.809000000000196,-57.75800000000039,Friday,2026-02-27,6,60,3.0
h13_r30_t3,1772150400000000000,-1,1772199425000000000,1772201995000000000,514,5336.428,5361.987,5361.987,5259.750999999999,25.559000000000196,0.47760324977254465,sl,-25.559000000000196,25.559000000000196,-51.25800000000039,Friday,2026-02-27,13,30,3.0
h14_r15_t2,1772150400000000000,1,1772201835000000000,1772225875000000000,4807,5353.601000000001,5340.849,5324.110000000001,5412.5830000000005,29.490999999999985,0.5517363953134864,session_end,-12.752000000000407,29.490999999999985,-25.644000000000815,Friday,2026-02-27,14,15,2.0
h00_r30_t1,1772409600000000000,-1,1772411675000000000,1772411830000000000,31,5265.9465,5183.6715,5348.2215,5183.6715,82.27499999999964,1.5544119273791526,tp,82.27499999999964,82.27499999999964,164.4099999999993,Monday,2026-03-02,0,30,1.0
h02_r15_t3,1772409600000000000,-1,1772418740000000000,1772432885000000000,2829,5240.3675,5100.504500000003,5286.9884999999995,5100.504500000003,46.620999999999185,0.8870597558544866,tp,139.86299999999756,46.620999999999185,279.5859999999951,Monday,2026-03-02,2,15,3.0
h04_r30_t3,1772409600000000000,1,1772426160000000000,1772427220000000000,212,5225.7445,5204.3045,5204.3045,5290.064499999999,21.4399999999996,0.41048038362301215,sl,-21.4399999999996,21.4399999999996,-43.0199999999992,Monday,2026-03-02,4,30,3.0
h05_r60_t2,1772409600000000000,-1,1772431275000000000,1772435290000000000,803,5143.827499999999,4958.063499999998,5236.7095,4958.063499999998,92.88200000000052,1.8023834299949404,tp,185.76400000000103,92.88200000000052,371.3880000000021,Monday,2026-03-02,5,60,2.0
h13_r30_t3,1772409600000000000,-1,1772458200000000000,1772461050000000000,570,5266.4795,5363.302,5363.302,4976.012000000002,96.82249999999931,1.8364074788523057,sl,-96.82249999999931,96.82249999999931,-193.7849999999986,Monday,2026-03-02,13,30,3.0
h14_r15_t2,1772409600000000000,1,1772460955000000000,1772464600000000000,729,5355.7294999999995,5324.4685,5324.4685,5418.2514999999985,31.260999999999513,0.5856522230701473,sl,-31.260999999999513,31.260999999999513,-62.661999999999026,Monday,2026-03-02,14,15,2.0
h00_r30_t1,1772496000000000000,1,1772498395000000000,1772499600000000000,241,5312.5795,5298.7625,5298.7625,5326.3965,13.817000000000007,0.26018312244415104,sl,-13.817000000000007,13.817000000000007,-27.774000000000015,Tuesday,2026-03-03,0,30,1.0
h02_r15_t3,1772496000000000000,1,1772504970000000000,1772526100000000000,4226,5282.2545,5332.792500000001,5265.4085,5332.792500000001,16.84600000000046,0.31946873294123457,tp,50.538000000001375,16.84600000000046,100.93600000000275,Tuesday,2026-03-03,2,15,3.0
h04_r30_t3,1772496000000000000,1,1772512255000000000,1772515530000000000,655,5301.6494999999995,5294.8705,5294.8705,5321.986499999998,6.778999999999542,0.1278994946564282,sl,-6.778999999999542,6.778999999999542,-13.697999999999084,Tuesday,2026-03-03,4,30,3.0
h05_r60_t2,1772496000000000000,1,1772525595000000000,1772546685000000000,4218,5313.0215,5269.0244999999995,5269.0244999999995,5401.0155,43.9970000000003,0.8314217989282865,sl,-43.9970000000003,43.9970000000003,-88.1340000000006,Tuesday,2026-03-03,5,60,2.0
h06_r60_t3,1772496000000000000,1,1772521865000000000,1772523085000000000,244,5307.4125,5285.8655,5285.8655,5372.053500000002,21.54700000000048,0.406267190393799,sl,-21.54700000000048,21.54700000000048,-43.23400000000096,Tuesday,2026-03-03,6,60,3.0
h13_r30_t3,1772496000000000000,1,1772544600000000000,1772544850000000000,50,5314.8135,5297.791499999999,5297.791499999999,5365.879500000003,17.022000000000844,0.32063317423170984,sl,-17.022000000000844,17.022000000000844,-34.18400000000169,Tuesday,2026-03-03,13,30,3.0
h14_r15_t2,1772496000000000000,1,1772547945000000000,1772575270000000000,4707,5294.9025,5382.068500000001,5251.3195,5382.068500000001,43.58300000000054,0.8272960036172354,tp,87.16600000000108,43.58300000000054,174.19200000000217,Tuesday,2026-03-03,14,15,2.0
h00_r30_t1,1772582400000000000,-1,1772586045000000000,1772588365000000000,464,5498.445,5515.451,5515.451,5481.438999999999,17.006000000000313,0.3088948680330923,sl,-17.006000000000313,17.006000000000313,-34.152000000000626,Wednesday,2026-03-04,0,30,1.0
h01_r60_t3,1772582400000000000,1,1772590940000000000,1772627405000000000,7291,5516.372,5488.081,5488.081,5601.245000000001,28.291000000000167,0.5134804266328866,sl,-28.291000000000167,28.291000000000167,-56.722000000000335,Wednesday,2026-03-04,1,60,3.0
h02_r15_t3,1772582400000000000,1,1772590515000000000,1772596825000000000,1262,5514.554,5505.81,5505.81,5540.603,8.682999999999993,0.15750391038874592,sl,-8.743999999999687,8.743999999999687,-17.627999999999375,Wednesday,2026-03-04,2,15,3.0
h04_r30_t3,1772582400000000000,1,1772598680000000000,1772605470000000000,1358,5509.244,5530.0639999999985,5502.304,5530.0639999999985,6.9399999999996,0.12603884430006762,tp,20.8199999999988,6.9399999999996,41.4999999999976,Wednesday,2026-03-04,4,30,3.0
h05_r60_t2,1772582400000000000,1,1772605470000000000,1772620995000000000,3103,5529.2,5510.603,5510.603,5566.393999999999,18.596999999999753,0.33691798220242136,sl,-18.596999999999753,18.596999999999753,-37.333999999999506,Wednesday,2026-03-04,5,60,2.0
h06_r60_t3,1772582400000000000,1,1772607980000000000,1772616630000000000,1730,5535.749,5519.448,5519.448,5584.651999999998,16.300999999999476,0.29474507200197514,sl,-16.300999999999476,16.300999999999476,-32.74199999999895,Wednesday,2026-03-04,6,60,3.0
h13_r30_t3,1772582400000000000,-1,1772631000000000000,1772643320000000000,2464,5493.0380000000005,5510.655,5510.655,5440.187000000003,17.61699999999928,0.3206344474274583,sl,-17.61699999999928,17.61699999999928,-35.37399999999856,Wednesday,2026-03-04,13,30,3.0
h14_r15_t2,1772582400000000000,1,1772633930000000000,1772643855000000000,1985,5486.395,5521.553000000002,5468.753,5521.553000000002,17.579000000000633,0.3211707210839129,tp,35.158000000001266,17.642000000000735,70.17600000000253,Wednesday,2026-03-04,14,15,2.0
h00_r30_t1,1772668800000000000,1,1772670620000000000,1772672620000000000,400,5621.028,5653.691000000001,5588.365,5653.691000000001,32.663000000000466,0.5812069595365231,tp,32.663000000000466,32.663000000000466,65.18600000000093,Thursday,2026-03-05,0,30,1.0
h01_r60_t3,1772668800000000000,1,1772676790000000000,1772689590000000000,2560,5656.595,5628.418,5628.418,5741.126000000002,28.17700000000059,0.49934394318853864,sl,-28.17700000000059,28.17700000000059,-56.49400000000118,Thursday,2026-03-05,1,60,3.0
h02_r15_t3,1772668800000000000,-1,1772678600000000000,1772700810000000000,4442,5640.4529999999995,5586.362999999998,5658.483,5586.362999999998,18.030000000000655,0.31883960069187406,tp,54.090000000001965,18.030000000000655,108.04000000000393,Thursday,2026-03-05,2,15,3.0
h04_r30_t3,1772668800000000000,-1,1772685625000000000,1772688600000000000,595,5634.419,5650.796,5650.796,5585.287999999999,16.377000000000407,0.2905127033894995,sl,-16.377000000000407,16.377000000000407,-32.894000000000815,Thursday,2026-03-05,4,30,3.0
h05_r60_t2,1772668800000000000,-1,1772690840000000000,1772708440000000000,3520,5621.084,5559.517999999999,5651.867,5559.517999999999,30.783000000000357,0.5468017965608907,tp,61.56600000000071,30.783000000000357,122.99200000000143,Thursday,2026-03-05,5,60,2.0
h06_r60_t3,1772668800000000000,-1,1772696010000000000,1772708270000000000,2452,5614.32,5560.161,5632.373,5560.161,18.052999999999884,0.3207946851821195,tp,54.15899999999965,18.052999999999884,108.1779999999993,Thursday,2026-03-05,6,60,3.0
h13_r30_t3,1772668800000000000,1,1772717400000000000,1772719305000000000,381,5571.411,5547.208,5547.208,5644.020000000001,24.20300000000043,0.43444670735600194,sl,-24.20300000000043,24.20300000000043,-48.54600000000086,Thursday,2026-03-05,13,30,3.0
h14_r15_t2,1772668800000000000,-1,1772720145000000000,1772751775000000000,5552,5538.9439999999995,5488.261999999999,5564.285,5488.261999999999,25.34100000000035,0.45715298018968303,tp,50.6820000000007,25.34100000000035,101.2240000000014,Thursday,2026-03-05,14,15,2.0
h00_r30_t1,1772755200000000000,-1,1772757030000000000,1772761160000000000,826,5460.584,5445.592,5475.576,5445.592,14.99200000000019,0.27452138664795855,tp,14.99200000000019,14.99200000000019,29.844000000000378,Friday,2026-03-06,0,30,1.0
h01_r60_t3,1772755200000000000,-1,1772762525000000000,1772804595000000000,8413,5442.09,5364.519,5467.947,5364.519,25.85699999999997,0.4748723701304778,tp,77.57099999999991,25.85699999999997,155.00199999999984,Friday,2026-03-06,1,60,3.0
h02_r15_t3,1772755200000000000,-1,1772763345000000000,1772786045000000000,4539,5441.302,5405.1489999999985,5453.353,5405.1489999999985,12.051000000000386,0.22125185478123927,tp,36.15300000000116,12.051000000000386,72.16600000000231,Friday,2026-03-06,2,15,3.0
h04_r30_t3,1772755200000000000,1,1772771400000000000,1772776915000000000,1102,5439.259,5430.116,5430.116,5466.688,9.143000000000029,0.16810208280742112,sl,-9.143000000000029,9.143000000000029,-18.42600000000006,Friday,2026-03-06,4,30,3.0
h05_r60_t2,1772755200000000000,-1,1772776915000000000,1772777790000000000,175,5430.324,5443.807,5443.807,5403.357999999999,13.483000000000175,0.24823137675532475,sl,-13.483000000000175,13.483000000000175,-27.10600000000035,Friday,2026-03-06,5,60,2.0
h06_r60_t3,1772755200000000000,-1,1772782185000000000,1772804375000000000,4438,5429.398,5369.548000000001,5449.348,5369.548000000001,19.949999999999818,0.3669854381281833,tp,59.849999999999454,19.949999999999818,119.55999999999891,Friday,2026-03-06,6,60,3.0
h13_r30_t3,1772755200000000000,-1,1772804100000000000,1772808785000000000,937,5378.651,5395.0779999999995,5395.0779999999995,5329.370000000001,16.42699999999968,0.3047992475668604,sl,-16.42699999999968,16.42699999999968,-32.99399999999936,Friday,2026-03-06,13,30,3.0
h14_r15_t2,1772755200000000000,1,1772806545000000000,1772830675000000000,4826,5375.949,5390.971,5360.329,5407.188999999999,15.61999999999989,0.2906050836912853,session_end,15.021999999999935,15.61999999999989,29.90399999999987,Friday,2026-03-06,14,15,2.0
h00_r30_t1,1773014400000000000,1,1773017370000000000,1773018450000000000,216,5361.472,5350.207,5350.207,5372.736999999999,11.264999999999418,0.21025483670113276,sl,-11.264999999999418,11.264999999999418,-22.669999999998836,Monday,2026-03-09,0,30,1.0
h01_r60_t3,1773014400000000000,-1,1773022590000000000,1773056730000000000,6826,5343.219,5362.359,5362.359,5285.798999999999,19.140000000000327,0.35798612046289674,sl,-19.140000000000327,19.140000000000327,-38.420000000000655,Monday,2026-03-09,1,60,3.0
h02_r15_t3,1773014400000000000,-1,1773022535000000000,1773024225000000000,338,5344.688,5352.982,5352.982,5319.8060000000005,8.293999999999869,0.15515221715773014,sl,-8.293999999999869,8.293999999999869,-16.72799999999974,Monday,2026-03-09,2,15,3.0
h04_r30_t3,1773014400000000000,1,1773032565000000000,1773033660000000000,219,5350.24,5342.409,5342.409,5373.733,7.831000000000131,0.14640292080464085,sl,-7.831000000000131,7.831000000000131,-15.802000000000263,Monday,2026-03-09,4,30,3.0
h05_r60_t2,1773014400000000000,-1,1773036310000000000,1773049495000000000,2636,5333.675,5350.388,5350.388,5300.249000000001,16.712999999999738,0.31323086968654495,sl,-16.712999999999738,16.712999999999738,-33.56599999999948,Monday,2026-03-09,5,60,2.0
h06_r60_t3,1773014400000000000,1,1773039755000000000,1773100795000000000,9646,5347.095,5342.75,5331.794,5392.998000000001,15.301000000000386,0.2862223439367177,session_end,-4.345000000000255,15.301000000000386,-8.83000000000051,Monday,2026-03-09,6,60,3.0
h13_r30_t3,1773014400000000000,-1,1773064065000000000,1773069055000000000,998,5343.601000000001,5356.592000000001,5356.592000000001,5304.628000000001,12.990999999999985,0.24303202799573287,sl,-12.990999999999985,12.990999999999985,-26.12199999999997,Monday,2026-03-09,13,30,3.0
h14_r15_t2,1773014400000000000,1,1773066100000000000,1773099195000000000,4059,5354.778,5345.874,5345.874,5372.586000000001,8.904000000000451,0.16637066614598822,sl,-8.904000000000451,8.904000000000451,-17.948000000000903,Monday,2026-03-09,14,15,2.0
h00_r30_t1,1773100800000000000,1,1773102940000000000,1773105580000000000,528,5354.823,5374.772000000001,5334.874,5374.772000000001,19.949000000000524,0.37288540479535087,tp,19.949000000000524,19.949000000000524,39.75800000000105,Tuesday,2026-03-10,0,30,1.0
h01_r60_t3,1773100800000000000,1,1773110165000000000,1773187195000000000,14628,5377.826,5437.442,5354.544,5447.6720000000005,23.282000000000153,0.4343194846816692,session_end,59.615999999999985,23.282000000000153,119.09199999999997,Tuesday,2026-03-10,1,60,3.0
h02_r15_t3,1773100800000000000,-1,1773109150000000000,1773109330000000000,36,5359.29,5365.537,5365.537,5340.548999999999,6.247000000000298,0.11649141362992985,sl,-6.247000000000298,6.247000000000298,-12.634000000000597,Tuesday,2026-03-10,2,15,3.0
h04_r30_t3,1773100800000000000,1,1773119700000000000,1773124900000000000,1040,5399.225,5432.957000000002,5387.981,5432.957000000002,11.244000000000597,0.20863713967463432,tp,33.73200000000179,11.244000000000597,67.32400000000358,Tuesday,2026-03-10,4,30,3.0
h05_r60_t2,1773100800000000000,1,1773123000000000000,1773150235000000000,5447,5420.501,5391.736,5391.736,5478.031000000001,28.765000000000327,0.5315253771261768,sl,-28.765000000000327,28.765000000000327,-57.670000000000655,Tuesday,2026-03-10,5,60,2.0
h06_r60_t3,1773100800000000000,-1,1773131790000000000,1773167120000000000,7066,5411.67,5442.156,5442.156,5320.212,30.485999999999876,0.560979931801355,sl,-30.485999999999876,30.485999999999876,-61.11199999999975,Tuesday,2026-03-10,6,60,3.0
h13_r30_t3,1773100800000000000,-1,1773149420000000000,1773151930000000000,502,5396.996,5412.248,5412.248,5351.240000000002,15.251999999999498,0.28254982506437587,sl,-15.251999999999498,15.251999999999498,-30.643999999998996,Tuesday,2026-03-10,13,30,3.0
h14_r15_t2,1773100800000000000,1,1773152305000000000,1773187195000000000,6200,5417.9130000000005,5437.442,5398.474,5456.791000000001,19.439000000000306,0.3588169212293638,session_end,19.52899999999954,19.439000000000306,38.91799999999908,Tuesday,2026-03-10,14,15,2.0
h00_r30_t1,1773187200000000000,1,1773189000000000000,1773192420000000000,684,5452.883,5425.403,5425.403,5480.362999999999,27.479999999999563,0.5039720812671407,sl,-27.479999999999563,27.479999999999563,-55.09999999999913,Wednesday,2026-03-11,0,30,1.0
h01_r60_t3,1773187200000000000,-1,1773198370000000000,1773238895000000000,8105,5397.17,5457.734,5457.734,5215.477999999999,60.564000000000306,1.1158360691559006,sl,-60.564000000000306,60.564000000000306,-121.26800000000061,Wednesday,2026-03-11,1,60,3.0
h02_r15_t3,1773187200000000000,1,1773195835000000000,1773196260000000000,85,5434.478,5421.321,5421.321,5473.9490000000005,13.157000000000153,0.24241086513613574,sl,-13.157000000000153,13.157000000000153,-26.454000000000306,Wednesday,2026-03-11,2,15,3.0
h04_r30_t3,1773187200000000000,-1,1773203670000000000,1773205305000000000,327,5404.447,5414.526,5414.526,5374.210000000001,10.078999999999724,0.1863623924796742,sl,-10.078999999999724,10.078999999999724,-20.297999999999448,Wednesday,2026-03-11,4,30,3.0
h05_r60_t2,1773187200000000000,-1,1773210965000000000,1773212475000000000,302,5403.719,5424.705,5424.705,5361.747,20.985999999999876,0.3874107207138997,sl,-20.985999999999876,20.985999999999876,-42.11199999999975,Wednesday,2026-03-11,5,60,2.0
h06_r60_t3,1773187200000000000,1,1773212475000000000,1773240910000000000,5687,5424.452,5486.563999999999,5403.4580000000005,5486.563999999999,20.703999999999724,0.38206473288223447,tp,62.11199999999917,20.993999999999687,124.08399999999834,Wednesday,2026-03-11,6,60,3.0
h13_r30_t3,1773187200000000000,-1,1773235800000000000,1773238895000000000,619,5437.316,5457.635,5457.635,5376.358999999999,20.319000000000415,0.3736887376404995,sl,-20.319000000000415,20.319000000000415,-40.77800000000083,Wednesday,2026-03-11,13,30,3.0
h14_r15_t2,1773187200000000000,1,1773238560000000000,1773239455000000000,179,5432.312,5476.0,5410.468,5476.0,21.84400000000005,0.40284900778791105,tp,43.6880000000001,21.84400000000005,87.2360000000002,Wednesday,2026-03-11,14,15,2.0
h00_r30_t1,1773273600000000000,1,1773276555000000000,1773277340000000000,157,5524.757,5549.346,5500.168,5549.346,24.588999999999942,0.4453319651058516,tp,24.588999999999942,24.588999999999942,49.03799999999988,Thursday,2026-03-12,0,30,1.0
h01_r60_t3,1773273600000000000,-1,1773281025000000000,1773287365000000000,1268,5520.058,5551.999,5551.999,5424.235000000001,31.940999999999804,0.5778943340446687,sl,-31.940999999999804,31.940999999999804,-64.02199999999961,Thursday,2026-03-12,1,60,3.0
h02_r15_t3,1773273600000000000,1,1773281745000000000,1773318600000000000,7371,5528.243,5569.226000000001,5514.582,5569.226000000001,13.661000000000058,0.24730984242845663,tp,40.983000000000175,13.661000000000058,81.82600000000035,Thursday,2026-03-12,2,15,3.0
h04_r30_t3,1773273600000000000,-1,1773289890000000000,1773295330000000000,1088,5545.633,5557.959,5557.959,5508.655,12.326000000000022,0.22217191340378367,sl,-12.326000000000022,12.326000000000022,-24.792000000000044,Thursday,2026-03-12,4,30,3.0
h05_r60_t2,1773273600000000000,1,1773295200000000000,1773318605000000000,4681,5550.839,5590.7029999999995,5530.907,5590.7029999999995,19.93199999999979,0.3592427785118278,tp,39.86399999999958,19.93199999999979,79.58799999999916,Thursday,2026-03-12,5,60,2.0
h06_r60_t3,1773273600000000000,-1,1773299805000000000,1773305335000000000,1106,5548.358,5567.171,5567.171,5491.919,18.813000000000102,0.33846277844963973,sl,-18.813000000000102,18.813000000000102,-37.766000000000204,Thursday,2026-03-12,6,60,3.0
h13_r30_t3,1773273600000000000,1,1773322490000000000,1773333030000000000,2108,5635.519,5607.379,5607.379,5719.939000000001,28.140000000000327,0.5013437759167978,sl,-28.140000000000327,28.140000000000327,-56.420000000000655,Thursday,2026-03-12,13,30,3.0
h14_r15_t2,1773273600000000000,-1,1773325250000000000,1773359995000000000,6167,5627.146,5630.58,5647.126,5587.185999999999,19.980000000000473,0.35463101423938437,session_end,-3.4340000000001965,19.980000000000473,-7.008000000000393,Thursday,2026-03-12,14,15,2.0
h00_r30_t1,1773360000000000000,1,1773363635000000000,1773364200000000000,113,5637.609,5648.531000000001,5626.687,5648.531000000001,10.92200000000048,0.19376778097038735,tp,10.92200000000048,10.92200000000048,21.70400000000096,Friday,2026-03-13,0,30,1.0
h02_r15_t3,1773360000000000000,-1,1773368435000000000,1773375865000000000,1486,5641.996,5650.605,5650.605,5616.169000000002,8.608999999999469,0.15250169923631296,sl,-8.608999999999469,8.608999999999469,-17.35799999999894,Friday,2026-03-13,2,15,3.0
h04_r30_t3,1773360000000000000,1,1773377815000000000,1773410505000000000,6538,5651.662,5692.900000000001,5637.916,5692.900000000001,13.746000000000095,0.24337301615404938,tp,41.238000000000284,13.746000000000095,82.33600000000057,Friday,2026-03-13,4,30,3.0
h05_r60_t2,1773360000000000000,1,1773381600000000000,1773398240000000000,3328,5656.745,5690.297,5639.969,5690.297,16.77599999999984,0.29663652795219014,tp,33.55199999999968,16.77599999999984,66.96399999999936,Friday,2026-03-13,5,60,2.0
h06_r60_t3,1773360000000000000,1,1773387345000000000,1773391860000000000,903,5667.036,5649.1720000000005,5649.1720000000005,5720.627999999999,17.863999999999578,0.3152657893204169,sl,-17.863999999999578,17.863999999999578,-35.86799999999916,Friday,2026-03-13,6,60,3.0
h13_r30_t3,1773360000000000000,1,1773408640000000000,1773414190000000000,1110,5673.448,5726.209000000002,5655.861,5726.209000000002,17.587000000000444,0.3100602719651962,tp,52.76100000000133,17.587000000000444,105.38200000000266,Friday,2026-03-13,13,30,3.0
h14_r15_t2,1773360000000000000,-1,1773411755000000000,1773413535000000000,356,5680.73,5702.936,5702.936,5636.317999999999,22.20600000000013,0.3901393106203617,sl,-22.20600000000013,22.20600000000013,-44.55200000000026,Friday,2026-03-13,14,15,2.0
h00_r30_t1,1773619200000000000,-1,1773621275000000000,1773621430000000000,31,5609.4215,5521.779500000001,5697.0635,5521.779500000001,87.64199999999983,1.554421651372141,tp,87.64199999999983,87.64199999999983,175.14399999999966,Monday,2026-03-16,0,30,1.0
h02_r15_t3,1773619200000000000,-1,1773628340000000000,1773642485000000000,2829,5582.1745,5433.188500000002,5631.836499999999,5433.188500000002,49.66199999999935,0.8870618064805837,tp,148.98599999999806,49.66199999999935,297.8319999999961,Monday,2026-03-16,2,15,3.0
h04_r30_t3,1773619200000000000,1,1773635760000000000,1773636820000000000,212,5566.5975,5543.7585,5543.7585,5635.1145,22.838999999999942,0.41049043083162445,sl,-22.838999999999942,22.838999999999942,-45.817999999999884,Monday,2026-03-16,4,30,3.0
h05_r60_t2,1773619200000000000,-1,1773640875000000000,1773644890000000000,803,5479.3385,5281.460499999999,5578.2775,5281.460499999999,98.9390000000003,1.8023597962952207,tp,197.8780000000006,98.9390000000003,395.61600000000124,Monday,2026-03-16,5,60,2.0
h13_r30_t3,1773619200000000000,-1,1773667800000000000,1773670650000000000,570,5609.9895,5713.127,5713.127,5300.5769999999975,103.13750000000073,1.836401569899675,sl,-103.13750000000073,103.13750000000073,-206.41500000000144,Monday,2026-03-16,13,30,3.0
h14_r15_t2,1773619200000000000,1,1773670555000000000,1773674200000000000,729,5705.0615,5671.7615000000005,5671.7615000000005,5771.661499999998,33.29999999999927,0.5856518978331016,sl,-33.29999999999927,33.29999999999927,-66.73999999999855,Monday,2026-03-16,14,15,2.0
h00_r30_t1,1773705600000000000,1,1773707415000000000,1773707835000000000,84,5660.921,5648.957,5648.957,5672.885,11.963999999999942,0.21139310601212208,sl,-11.963999999999942,11.963999999999942,-24.067999999999884,Tuesday,2026-03-17,0,30,1.0
h01_r60_t3,1773705600000000000,-1,1773719265000000000,1773747895000000000,5726,5613.2029999999995,5643.791,5643.791,5521.438999999998,30.588000000000648,0.5427802314996486,sl,-30.588000000000648,30.588000000000648,-61.316000000001296,Tuesday,2026-03-17,1,60,3.0
h02_r15_t3,1773705600000000000,1,1773714315000000000,1773714605000000000,58,5639.166,5629.321,5629.321,5668.701000000001,9.845000000000255,0.1746799426971764,sl,-9.845000000000255,9.845000000000255,-19.83000000000051,Tuesday,2026-03-17,2,15,3.0
h04_r30_t3,1773705600000000000,-1,1773721825000000000,1773746325000000000,4900,5619.66,5634.634,5634.634,5574.737999999999,14.97400000000016,0.2663443166420225,sl,-14.97400000000016,14.97400000000016,-30.08800000000032,Tuesday,2026-03-17,4,30,3.0
h05_r60_t2,1773705600000000000,1,1773729625000000000,1773749210000000000,3917,5620.893,5661.255000000001,5600.7119999999995,5661.255000000001,20.181000000000495,0.3596504328244507,tp,40.36200000000099,20.181000000000495,80.58400000000198,Tuesday,2026-03-17,5,60,2.0
h06_r60_t3,1773705600000000000,1,1773733590000000000,1773739775000000000,1237,5623.359,5607.406,5607.406,5671.218000000002,15.95300000000043,0.28388181917833943,sl,-15.95300000000043,15.95300000000043,-32.04600000000086,Tuesday,2026-03-17,6,60,3.0
h13_r30_t3,1773705600000000000,1,1773754605000000000,1773755865000000000,252,5685.188,5660.01,5660.01,5760.722,25.177999999999884,0.44416054486139495,sl,-25.177999999999884,25.177999999999884,-50.49599999999977,Tuesday,2026-03-17,13,30,3.0
h14_r15_t2,1773705600000000000,-1,1773758100000000000,1773773620000000000,3104,5647.736,5613.496,5664.856,5613.496,17.11999999999989,0.30302231125665746,tp,34.23999999999978,17.11999999999989,68.33999999999956,Tuesday,2026-03-17,14,15,2.0
h00_r30_t1,1773792000000000000,1,1773794895000000000,1773799320000000000,885,5635.5545,5696.2065,5574.9025,5696.2065,60.652000000000044,1.080155875689468,tp,60.652000000000044,60.652000000000044,121.16400000000009,Wednesday,2026-03-18,0,30,1.0
h01_r60_t3,1773792000000000000,1,1773799320000000000,1773844695000000000,9074,5696.1415,5619.1435,5619.1435,5927.1354999999985,76.99799999999959,1.3535909635435892,sl,-76.99799999999959,76.99799999999959,-154.13599999999917,Wednesday,2026-03-18,1,60,3.0
h02_r15_t3,1773792000000000000,-1,1773801255000000000,1773804925000000000,734,5688.3645,5709.5545,5709.5545,5624.794499999998,21.19000000000051,0.37152928484470876,sl,-21.19000000000051,21.19000000000051,-42.52000000000102,Wednesday,2026-03-18,2,15,3.0
h04_r30_t3,1773792000000000000,1,1773809195000000000,1773814145000000000,990,5719.3634999999995,5699.2245,5699.2245,5779.780499999997,20.138999999999214,0.3529679921529814,sl,-20.138999999999214,20.138999999999214,-40.41799999999843,Wednesday,2026-03-18,4,30,3.0
h05_r60_t2,1773792000000000000,-1,1773814005000000000,1773819000000000000,999,5713.9025,5737.5645,5737.5645,5666.5785,23.662000000000262,0.41327109873227247,sl,-23.662000000000262,23.662000000000262,-47.464000000000524,Wednesday,2026-03-18,5,60,2.0
h06_r60_t3,1773792000000000000,1,1773818710000000000,1773826355000000000,1529,5729.3435,5693.4355,5693.4355,5837.067500000001,35.90800000000036,0.6275214867303157,sl,-35.90800000000036,35.90800000000036,-71.95600000000071,Wednesday,2026-03-18,6,60,3.0
h13_r30_t3,1773792000000000000,1,1773840680000000000,1773844290000000000,722,5697.1435,5661.7575,5661.7575,5803.301500000001,35.38600000000042,0.6218245734577138,sl,-35.38600000000042,35.38600000000042,-70.91200000000084,Wednesday,2026-03-18,13,30,3.0
h14_r15_t2,1773792000000000000,-1,1773843905000000000,1773844705000000000,160,5674.4755000000005,5618.4755000000005,5702.4755000000005,5618.4755000000005,28.0,0.49211426436255246,tp,56.0,28.0,111.86,Wednesday,2026-03-18,14,15,2.0
h00_r30_t1,1773878400000000000,1,1773881120000000000,1773883880000000000,552,5658.3425,5673.657499999999,5643.0275,5673.657499999999,15.3149999999996,0.2709778478484527,tp,15.3149999999996,15.3149999999996,30.4899999999992,Thursday,2026-03-19,0,30,1.0
h01_r60_t3,1773878400000000000,-1,1773887895000000000,1773903175000000000,3055,5653.1825,5675.5835,5675.5835,5585.9795,22.40099999999984,0.3949895345670476,sl,-22.40099999999984,22.40099999999984,-44.94199999999968,Thursday,2026-03-19,1,60,3.0
h02_r15_t3,1773878400000000000,-1,1773886785000000000,1773892990000000000,1240,5665.8615,5638.852500000001,5674.8645,5638.852500000001,9.002999999999702,0.1587315720058669,tp,27.008999999999105,9.002999999999702,53.87799999999821,Thursday,2026-03-19,2,15,3.0
h04_r30_t3,1773878400000000000,-1,1773894635000000000,1773897860000000000,644,5629.8544999999995,5644.0645,5644.0645,5587.224499999997,14.210000000000946,0.25230799224185674,sl,-14.210000000000946,14.210000000000946,-28.560000000001892,Thursday,2026-03-19,4,30,3.0
h05_r60_t2,1773878400000000000,1,1773901485000000000,1773907495000000000,1202,5659.6655,5728.715500000001,5625.1404999999995,5728.715500000001,34.525000000000546,0.6109571109877792,tp,69.05000000000109,34.525000000000546,137.9600000000022,Thursday,2026-03-19,5,60,2.0
h06_r60_t3,1773878400000000000,1,1773904005000000000,1773964795000000000,11384,5686.7635,5729.75,5647.8255,5803.5775,38.9380000000001,0.6850595424555983,session_end,42.98649999999998,38.9380000000001,85.83299999999996,Thursday,2026-03-19,6,60,3.0
h13_r30_t3,1773878400000000000,-1,1773927000000000000,1773964795000000000,6785,5737.7515,5729.847,5754.3135,5688.065500000001,16.561999999999898,0.2885964414744887,session_end,7.904500000000553,16.561999999999898,15.669000000001105,Thursday,2026-03-19,13,30,3.0
h14_r15_t2,1773878400000000000,1,1773930215000000000,1773936960000000000,1349,5728.7345000000005,5708.4455,5708.4455,5769.312500000002,20.28900000000067,0.35455982653149865,sl,-20.28900000000067,20.28900000000067,-40.71800000000134,Thursday,2026-03-19,14,15,2.0
h00_r30_t1,1773964800000000000,1,1773966975000000000,1773969960000000000,597,5734.01,5715.717000000001,5715.717000000001,5752.303,18.292999999999665,0.31955567907895827,sl,-18.292999999999665,18.292999999999665,-36.72599999999933,Friday,2026-03-20,0,30,1.0
h01_r60_t3,1773964800000000000,-1,1773972075000000000,1774007485000000000,7082,5707.221,5740.782999999999,5740.782999999999,5606.535,33.5619999999999,0.5877015200529793,sl,-33.5619999999999,33.5619999999999,-67.2639999999998,Friday,2026-03-20,1,60,3.0
h02_r15_t3,1773964800000000000,1,1773973360000000000,1773973895000000000,107,5716.036,5704.987,5704.987,5749.183,11.048999999999978,0.1933671006765482,sl,-11.048999999999978,11.048999999999978,-22.237999999999957,Friday,2026-03-20,2,15,3.0
h04_r30_t3,1773964800000000000,-1,1773981040000000000,1773982505000000000,293,5700.144,5708.214,5708.214,5675.934000000001,8.069999999999709,0.14153437645512876,sl,-8.069999999999709,8.069999999999709,-16.27999999999942,Friday,2026-03-20,4,30,3.0
h05_r60_t2,1773964800000000000,-1,1773986540000000000,1773988580000000000,408,5700.217000000001,5714.973,5714.973,5670.705000000002,14.755999999999403,0.25877527184467525,sl,-14.755999999999403,14.755999999999403,-29.651999999998807,Friday,2026-03-20,5,60,2.0
h06_r60_t3,1773964800000000000,1,1773990505000000000,1774011115000000000,4122,5723.0689999999995,5687.374,5687.374,5830.153999999999,35.69499999999971,0.6242023692235218,sl,-35.69499999999971,35.69499999999971,-71.52999999999942,Friday,2026-03-20,6,60,3.0
h13_r30_t3,1773964800000000000,-1,1774013455000000000,1774022300000000000,1769,5650.4169999999995,5567.491,5678.058999999999,5567.491,27.641999999999825,0.4886593793803106,tp,82.92599999999948,27.641999999999825,165.71199999999897,Friday,2026-03-20,13,30,3.0
h14_r15_t2,1773964800000000000,-1,1774016545000000000,1774022420000000000,1175,5604.293,5564.924999999999,5623.977,5564.924999999999,19.684000000000196,0.351020042773661,tp,39.36800000000039,19.684000000000196,78.59600000000079,Friday,2026-03-20,14,15,2.0
h00_r30_t1,1774224000000000000,1,1774225830000000000,1774227840000000000,402,5536.9475,5561.013500000001,5512.8814999999995,5561.013500000001,24.066000000000713,0.4346800087022828,tp,24.066000000000713,24.066000000000713,47.992000000001426,Monday,2026-03-23,0,30,1.0
h02_r15_t3,1774224000000000000,-1,1774232105000000000,1774266915000000000,6961,5577.6765,5587.5395,5587.5395,5548.087499999999,9.863000000000284,0.17681148638262548,sl,-9.863000000000284,9.863000000000284,-19.866000000000568,Monday,2026-03-23,2,15,3.0
h04_r30_t3,1774224000000000000,-1,1774240325000000000,1774244285000000000,792,5566.1265,5572.1105,5572.1105,5548.174500000002,5.983999999999469,0.10741852935523605,sl,-5.983999999999469,5.983999999999469,-12.107999999998938,Monday,2026-03-23,4,30,3.0
h05_r60_t2,1774224000000000000,1,1774249200000000000,1774303275000000000,10059,5572.1065,5610.094500000001,5553.112499999999,5610.094500000001,18.994000000000597,0.3412449620150843,tp,37.98800000000119,18.994000000000597,75.83600000000239,Monday,2026-03-23,5,60,2.0
h06_r60_t3,1774224000000000000,1,1774249200000000000,1774258400000000000,1840,5571.539,5558.0064999999995,5558.0064999999995,5611.790000000001,13.417000000000371,0.24081816792423644,sl,-13.532500000000255,13.532500000000255,-27.20500000000051,Monday,2026-03-23,6,60,3.0
h13_r30_t3,1774224000000000000,1,1774272635000000000,1774277470000000000,967,5607.0525,5576.6345,5576.6345,5698.306499999999,30.417999999999665,0.54269900963407,sl,-30.417999999999665,30.417999999999665,-60.97599999999933,Monday,2026-03-23,13,30,3.0
h14_r15_t2,1774224000000000000,1,1774275605000000000,1774277465000000000,372,5598.6275000000005,5584.9625,5584.9625,5625.957500000002,13.665000000000873,0.2442121147974022,sl,-13.665000000000873,13.665000000000873,-27.470000000001747,Monday,2026-03-23,14,15,2.0
h00_r30_t1,1774310400000000000,-1,1774312430000000000,1774383855000000000,14285,5510.178,5608.7654999999995,5608.7654999999995,5411.5905,98.58749999999964,1.7853897664093483,sl,-98.58749999999964,98.58749999999964,-197.31499999999926,Tuesday,2026-03-24,0,30,1.0
h01_r60_t3,1774310400000000000,-1,1774318265000000000,1774320365000000000,420,5433.529500000001,5517.2875,5517.2875,5182.255500000001,83.75799999999981,1.5363215464245292,sl,-83.75799999999981,83.75799999999981,-167.6559999999996,Tuesday,2026-03-24,1,60,3.0
h02_r15_t3,1774310400000000000,1,1774318940000000000,1774338800000000000,3972,5470.4385,5589.3675,5430.7955,5589.3675,39.64300000000003,0.7288806764250966,tp,118.92900000000009,39.64300000000003,237.7180000000002,Tuesday,2026-03-24,2,15,3.0
h04_r30_t3,1774310400000000000,-1,1774328700000000000,1774330860000000000,432,5457.2635,5496.067499999999,5496.067499999999,5340.8515000000025,38.80399999999918,0.708896140522331,sl,-38.80399999999918,38.80399999999918,-77.74799999999836,Tuesday,2026-03-24,4,30,3.0
h05_r60_t2,1774310400000000000,1,1774332655000000000,1774383965000000000,10262,5517.2645,5655.1485,5448.3225,5655.1485,68.94200000000001,1.2573655381496966,tp,137.88400000000001,68.94200000000001,275.62800000000004,Tuesday,2026-03-24,5,60,2.0
h06_r60_t3,1774310400000000000,1,1774335610000000000,1774396795000000000,11484,5556.5075,5735.04,5477.5275,5793.447499999998,78.97999999999956,1.4224639622501256,session_end,178.53250000000025,78.97999999999956,356.9250000000005,Tuesday,2026-03-24,6,60,3.0
h13_r30_t3,1774310400000000000,-1,1774359000000000000,1774360880000000000,376,5495.51,5537.351500000001,5537.351500000001,5370.571999999998,41.64600000000064,0.7577916975354781,sl,-41.84150000000045,41.84150000000045,-83.8230000000009,Tuesday,2026-03-24,13,30,3.0
h14_r15_t2,1774310400000000000,1,1774362145000000000,1774373730000000000,2317,5555.7654999999995,5525.325500000001,5525.325500000001,5616.645499999997,30.43999999999869,0.549110036762749,sl,-30.43999999999869,30.43999999999869,-61.01999999999738,Tuesday,2026-03-24,14,15,2.0
h00_r30_t1,1774396800000000000,1,1774399675000000000,1774424230000000000,4911,5755.717500000001,5723.8845,5723.8845,5787.550500000001,31.83300000000054,0.5533816507211499,sl,-31.83300000000054,31.83300000000054,-63.80600000000108,Wednesday,2026-03-25,0,30,1.0
h01_r60_t3,1774396800000000000,-1,1774404020000000000,1774443600000000000,7916,5747.773499999999,5698.873499999996,5764.0735,5698.873499999996,16.30000000000109,0.28356873162404755,tp,48.900000000003274,16.30000000000109,97.66000000000655,Wednesday,2026-03-25,1,60,3.0
h02_r15_t3,1774396800000000000,1,1774406620000000000,1774416625000000000,2001,5749.3915,5731.904500000001,5731.904500000001,5801.852499999997,17.48699999999917,0.30465079835598274,sl,-17.48699999999917,17.48699999999917,-35.11399999999834,Wednesday,2026-03-25,2,15,3.0
h04_r30_t3,1774396800000000000,-1,1774416600000000000,1774419225000000000,525,5737.8485,5748.0075,5748.0075,5707.371500000001,10.15899999999965,0.1767795171025291,sl,-10.15899999999965,10.15899999999965,-20.457999999999302,Wednesday,2026-03-25,4,30,3.0
h05_r60_t2,1774396800000000000,1,1774419210000000000,1774424025000000000,963,5747.514499999999,5727.8575,5727.8575,5786.828499999998,19.656999999999243,0.34255184130980104,sl,-19.656999999999243,19.656999999999243,-39.45399999999849,Wednesday,2026-03-25,5,60,2.0
h06_r60_t3,1774396800000000000,-1,1774423990000000000,1774479385000000000,10279,5729.4395,5666.193499999999,5750.521500000001,5666.193499999999,21.082000000000335,0.3675233931812632,tp,63.246000000001004,21.082000000000335,126.35200000000201,Wednesday,2026-03-25,6,60,3.0
h13_r30_t3,1774396800000000000,-1,1774446345000000000,1774447285000000000,188,5696.842500000001,5719.666499999999,5719.666499999999,5628.3705000000045,22.823999999998705,0.39917524071144456,sl,-22.823999999998705,22.823999999998705,-45.78799999999741,Wednesday,2026-03-25,13,30,3.0
h14_r15_t2,1774396800000000000,1,1774448130000000000,1774449795000000000,333,5727.8345,5710.690500000001,5710.690500000001,5762.122499999999,17.143999999999323,0.2993434053263068,sl,-17.143999999999323,17.143999999999323,-34.42799999999865,Wednesday,2026-03-25,14,15,2.0
h00_r30_t1,1774483200000000000,-1,1774486840000000000,1774487025000000000,37,5655.154500000001,5626.817500000001,5683.4915,5626.817500000001,28.336999999999534,0.4995160756231684,tp,28.336999999999534,28.336999999999534,56.53399999999907,Thursday,2026-03-26,0,30,1.0
h02_r15_t3,1774483200000000000,-1,1774492315000000000,1774504115000000000,2360,5540.9915,5450.220500000001,5571.2485,5450.220500000001,30.256999999999607,0.5448680576345971,tp,90.77099999999882,30.256999999999607,181.40199999999766,Thursday,2026-03-26,2,15,3.0
h04_r30_t3,1774483200000000000,-1,1774500050000000000,1774504110000000000,812,5521.5725,5452.983500000002,5544.4355,5452.983500000002,22.862999999999374,0.4136907893409414,tp,68.58899999999812,22.862999999999374,137.03799999999626,Thursday,2026-03-26,4,30,3.0
h06_r60_t3,1774483200000000000,1,1774508905000000000,1774558675000000000,9950,5458.0515,5537.163,5393.2105,5652.574499999998,64.84099999999944,1.190430838806592,session_end,79.11149999999998,64.84099999999944,158.08299999999997,Thursday,2026-03-26,6,60,3.0
h13_r30_t3,1774483200000000000,1,1774532825000000000,1774558675000000000,5166,5464.8115,5537.163,5424.6865,5585.1865,40.125,0.7369211644952209,session_end,72.35149999999976,40.125,144.56299999999953,Thursday,2026-03-26,13,30,3.0
h14_r15_t2,1774483200000000000,1,1774534585000000000,1774558675000000000,4814,5518.728499999999,5537.163,5485.4325,5585.320499999998,33.29599999999937,0.6049001526874985,session_end,18.4345000000003,33.29599999999937,36.729000000000596,Thursday,2026-03-26,14,15,2.0
h00_r30_t1,1774569600000000000,1,1774571400000000000,1774572385000000000,197,5538.898,5547.337,5530.4495,5547.337,8.439000000000306,0.15236951385567374,tp,8.439000000000306,8.448500000000422,16.73800000000061,Friday,2026-03-27,0,30,1.0
h01_r60_t3,1774569600000000000,1,1774580745000000000,1774617075000000000,7264,5541.6885,5638.990500000001,5509.2545,5638.990500000001,32.4340000000002,0.5860360831201352,tp,97.30200000000059,32.4340000000002,194.4640000000012,Friday,2026-03-27,1,60,3.0
h02_r15_t3,1774569600000000000,-1,1774577930000000000,1774579100000000000,233,5533.2315,5540.5055,5540.5055,5511.409499999999,7.274000000000342,0.13137698303794448,sl,-7.274000000000342,7.274000000000342,-14.688000000000685,Friday,2026-03-27,2,15,3.0
h04_r30_t3,1774569600000000000,1,1774585955000000000,1774591205000000000,1049,5542.6494999999995,5538.280500000001,5538.280500000001,5555.756499999996,4.368999999998778,0.07883427759136613,sl,-4.368999999998778,4.368999999998778,-8.877999999997556,Friday,2026-03-27,4,30,3.0
h05_r60_t2,1774569600000000000,-1,1774591200000000000,1774611980000000000,4156,5539.5035,5554.2105,5554.2105,5510.089499999999,14.707000000000335,0.26545232800537105,sl,-14.707000000000335,14.707000000000335,-29.55400000000067,Friday,2026-03-27,5,60,2.0
h06_r60_t3,1774569600000000000,-1,1774597815000000000,1774600990000000000,635,5522.782499999999,5541.485500000001,5541.485500000001,5466.673499999995,18.70300000000134,0.33823260938150773,sl,-18.70300000000134,18.70300000000134,-37.54600000000268,Friday,2026-03-27,6,60,3.0
h14_r15_t2,1774569600000000000,-1,1774626215000000000,1774645075000000000,3772,5616.940500000001,5585.14,5645.8295,5559.162500000002,28.888999999999214,0.5136626275455067,session_end,31.800500000000284,28.888999999999214,63.46100000000057,Friday,2026-03-27,14,15,2.0
h00_r30_t1,1774828800000000000,1,1774831300000000000,1774835270000000000,794,5587.188,5607.884,5566.492,5607.884,20.695999999999913,0.3713718525759959,tp,20.695999999999913,20.695999999999913,41.251999999999825,Monday,2026-03-30,0,30,1.0
h01_r60_t3,1774828800000000000,-1,1774838140000000000,1774915195000000000,14623,5569.777,5549.802,5610.93,5446.317999999999,41.15300000000025,0.7364346634121594,session_end,19.975000000000364,41.15300000000025,39.81000000000073,Monday,2026-03-30,1,60,3.0
h02_r15_t3,1774828800000000000,-1,1774837425000000000,1774850385000000000,2592,5576.084,5532.8719999999985,5590.488,5532.8719999999985,14.404000000000451,0.25809165909181714,tp,43.21200000000135,14.404000000000451,86.2840000000027,Monday,2026-03-30,2,15,3.0
h04_r30_t3,1774828800000000000,-1,1774845105000000000,1774863035000000000,3586,5553.518,5527.271000000001,5562.267,5527.271000000001,8.748999999999796,0.15749817506257527,tp,26.24699999999939,8.748999999999796,52.35399999999878,Monday,2026-03-30,4,30,3.0
h05_r60_t2,1774828800000000000,1,1774856475000000000,1774862785000000000,1262,5554.483,5532.782,5532.782,5597.885,21.701000000000022,0.39191153537542983,sl,-21.701000000000022,21.701000000000022,-43.542000000000044,Monday,2026-03-30,5,60,2.0
h06_r60_t3,1774828800000000000,1,1774856405000000000,1774862785000000000,1276,5552.544,5534.216,5534.216,5607.527999999998,18.32799999999952,0.3308041113709495,sl,-18.32799999999952,18.32799999999952,-36.79599999999904,Monday,2026-03-30,6,60,3.0
h13_r30_t3,1774828800000000000,1,1774877655000000000,1774879130000000000,295,5538.32,5522.385,5522.385,5586.124999999998,15.93499999999949,0.2881841774498276,sl,-15.93499999999949,15.93499999999949,-32.00999999999898,Monday,2026-03-30,13,30,3.0
h14_r15_t2,1774828800000000000,-1,1774880470000000000,1774884540000000000,814,5517.902,5536.283,5536.283,5481.139999999999,18.381000000000313,0.3325379751999563,sl,-18.381000000000313,18.381000000000313,-36.902000000000626,Monday,2026-03-30,14,15,2.0
h00_r30_t1,1774915200000000000,1,1774919045000000000,1774928405000000000,1872,5552.9025,5563.1225,5542.6825,5563.1225,10.220000000000255,0.18437587638301536,tp,10.220000000000255,10.220000000000255,20.30000000000051,Tuesday,2026-03-31,0,30,1.0
h01_r60_t3,1774915200000000000,1,1774928310000000000,1774944580000000000,3254,5562.4445,5620.380499999999,5543.1325,5620.380499999999,19.311999999999898,0.3476586820563943,tp,57.935999999999694,19.311999999999898,115.73199999999939,Tuesday,2026-03-31,1,60,3.0
h02_r15_t3,1774915200000000000,1,1774924070000000000,1774931740000000000,1534,5557.5535,5580.4945,5549.9065,5580.4945,7.6469999999999345,0.13776850513244765,tp,22.940999999999804,7.6469999999999345,45.74199999999961,Tuesday,2026-03-31,2,15,3.0
h04_r30_t3,1774915200000000000,1,1774931690000000000,1774936390000000000,940,5575.7065,5602.589500000001,5566.7455,5602.589500000001,8.96100000000024,0.16076116221296843,tp,26.88300000000072,8.96100000000024,53.62600000000144,Tuesday,2026-03-31,4,30,3.0
h05_r60_t2,1774915200000000000,1,1774937240000000000,1774979840000000000,8520,5611.0045,5664.902499999999,5584.0555,5664.902499999999,26.948999999999614,0.4805226425945836,tp,53.89799999999923,26.948999999999614,107.65599999999846,Tuesday,2026-03-31,5,60,2.0
h06_r60_t3,1774915200000000000,1,1774941180000000000,1774976115000000000,6987,5611.2835,5652.872499999998,5597.4205,5652.872499999998,13.862999999999374,0.24729658170405552,tp,41.58899999999812,13.862999999999374,83.03799999999625,Tuesday,2026-03-31,6,60,3.0
h13_r30_t3,1774915200000000000,-1,1774964020000000000,1774964655000000000,127,5609.9585,5624.7175,5624.7175,5565.6815,14.759000000000015,0.26290052183767476,sl,-14.759000000000015,14.759000000000015,-29.65800000000003,Tuesday,2026-03-31,13,30,3.0
h14_r15_t2,1774915200000000000,1,1774967300000000000,1774967665000000000,73,5648.8765,5629.3605,5629.3605,5687.908500000001,19.51600000000053,0.34605785120524063,sl,-19.51600000000053,19.51600000000053,-39.17200000000106,Tuesday,2026-03-31,14,15,2.0
h00_r30_t1,1775001600000000000,1,1775003410000000000,1775006095000000000,537,4717.318,4742.830000000001,4691.806,4742.830000000001,25.512000000000626,0.540924596866798,tp,25.512000000000626,25.512000000000626,50.88400000000125,Wednesday,2026-04-01,0,30,1.0
h01_r60_t3,1775001600000000000,1,1775009820000000000,1775087995000000000,14872,4745.935,4756.909,4714.674,4839.718000000002,31.261000000000422,0.6589500727435776,session_end,10.97399999999925,31.261000000000422,21.8079999999985,Wednesday,2026-04-01,1,60,3.0
h02_r15_t3,1775001600000000000,1,1775009820000000000,1775012775000000000,591,4745.567,4760.747000000001,4740.507,4760.747000000001,5.0600000000004,0.1066625069694336,tp,15.1800000000012,5.0600000000004,30.2200000000024,Wednesday,2026-04-01,2,15,3.0
h04_r30_t3,1775001600000000000,-1,1775018020000000000,1775021865000000000,769,4748.9529999999995,4754.757,4754.757,4731.540999999999,5.804000000000087,0.12214714648355722,sl,-5.804000000000087,5.804000000000087,-11.748000000000175,Wednesday,2026-04-01,4,30,3.0
h05_r60_t2,1775001600000000000,1,1775023215000000000,1775024735000000000,304,4757.6720000000005,4744.928,4744.928,4783.160000000002,12.744000000000597,0.2680601982770569,sl,-12.744000000000597,12.744000000000597,-25.628000000001194,Wednesday,2026-04-01,5,60,2.0
h06_r60_t3,1775001600000000000,-1,1775027070000000000,1775050220000000000,4630,4734.058,4759.195,4759.195,4658.647000000001,25.136999999999716,0.530592946113264,sl,-25.136999999999716,25.136999999999716,-50.41399999999943,Wednesday,2026-04-01,6,60,3.0
h13_r30_t3,1775001600000000000,1,1775050220000000000,1775087995000000000,6792,4759.116,4756.909,4733.231,4836.771000000001,25.88500000000022,0.5443322157191666,session_end,-2.2070000000003347,25.88500000000022,-4.554000000000669,Wednesday,2026-04-01,13,30,3.0
h14_r15_t2,1775001600000000000,-1,1775052925000000000,1775058580000000000,1131,4779.98,4791.834,4791.834,4756.271999999999,11.85400000000027,0.24779733380605062,sl,-11.85400000000027,11.85400000000027,-23.84800000000054,Wednesday,2026-04-01,14,15,2.0
h00_r30_t1,1775088000000000000,1,1775089810000000000,1775107845000000000,3607,4771.6615,4722.8085,4722.8085,4820.5145,48.853000000000065,1.0240846351353927,sl,-48.853000000000065,48.853000000000065,-97.84600000000013,Thursday,2026-04-02,0,30,1.0
h01_r60_t3,1775088000000000000,-1,1775095250000000000,1775174395000000000,15065,4751.5255,4724.069,4779.0755,4668.875499999999,27.550000000000182,0.5797344816074276,session_end,27.456499999999323,27.550000000000182,54.772999999998646,Thursday,2026-04-02,1,60,3.0
h02_r15_t3,1775088000000000000,-1,1775096100000000000,1775116835000000000,4147,4735.5755,4753.7595,4753.7595,4681.023499999999,18.184000000000196,0.3839426906836403,sl,-18.184000000000196,18.184000000000196,-36.50800000000039,Thursday,2026-04-02,2,15,3.0
h04_r30_t3,1775088000000000000,-1,1775105150000000000,1775106055000000000,181,4729.7215,4735.8915,4735.8915,4711.211499999999,6.170000000000073,0.1303279056442877,sl,-6.170000000000073,6.170000000000073,-12.480000000000146,Thursday,2026-04-02,4,30,3.0
h05_r60_t2,1775088000000000000,1,1775109615000000000,1775124570000000000,2991,4743.9745,4720.9285,4720.9285,4790.066500000001,23.046000000000276,0.4859725149077705,sl,-23.046000000000276,23.046000000000276,-46.23200000000055,Thursday,2026-04-02,5,60,2.0
h06_r60_t3,1775088000000000000,-1,1775113260000000000,1775116810000000000,710,4737.5445,4750.1055,4750.1055,4699.861500000001,12.560999999999694,0.2648936234151474,sl,-12.560999999999694,12.560999999999694,-25.26199999999939,Thursday,2026-04-02,6,60,3.0
h13_r30_t3,1775088000000000000,1,1775137930000000000,1775138400000000000,94,4769.9335,4752.7105,4752.7105,4821.6025,17.222999999999956,0.36208944721494507,sl,-17.222999999999956,17.222999999999956,-34.58599999999991,Thursday,2026-04-02,13,30,3.0
h14_r15_t2,1775088000000000000,1,1775139830000000000,1775145295000000000,1093,4757.8315,4745.8235,4745.8235,4781.8475,12.00799999999981,0.2526385506693525,sl,-12.00799999999981,12.00799999999981,-24.155999999999622,Thursday,2026-04-02,14,15,2.0
h00_r30_t1,1775174400000000000,1,1775176260000000000,1775178030000000000,354,4733.550499999999,4743.995499999999,4723.1055,4743.995499999999,10.444999999999709,0.22074866237828225,tp,10.444999999999709,10.444999999999709,20.749999999999417,Friday,2026-04-03,0,30,1.0
h01_r60_t3,1775174400000000000,1,1775181600000000000,1775186945000000000,1069,4748.4,4733.6775,4733.6775,4791.531000000001,14.377000000000407,0.30280822668683444,sl,-14.722499999999854,14.722499999999854,-29.58499999999971,Friday,2026-04-03,1,60,3.0
h02_r15_t3,1775174400000000000,-1,1775182500000000000,1775190280000000000,1556,4746.478499999999,4730.188499999998,4751.9085,4730.188499999998,5.430000000000291,0.11438951652734265,tp,16.290000000000873,5.430000000000291,32.440000000001746,Friday,2026-04-03,2,15,3.0
h04_r30_t3,1775174400000000000,-1,1775190970000000000,1775217720000000000,5350,4728.931500000001,4742.1985,4742.1985,4689.130500000001,13.266999999999825,0.2804319798144741,sl,-13.266999999999825,13.266999999999825,-26.67399999999965,Friday,2026-04-03,4,30,3.0
h05_r60_t2,1775174400000000000,-1,1775197275000000000,1775200920000000000,729,4723.9655,4700.4935000000005,4735.7015,4700.4935000000005,11.735999999999876,0.2481956592194901,tp,23.471999999999753,11.735999999999876,46.803999999999505,Friday,2026-04-03,5,60,2.0
h06_r60_t3,1775174400000000000,-1,1775199600000000000,1775217595000000000,3599,4712.4545,4732.6355,4732.6355,4651.911499999998,20.181000000000495,0.42804333967979347,sl,-20.181000000000495,20.181000000000495,-40.50200000000099,Friday,2026-04-03,6,60,3.0
h13_r30_t3,1775174400000000000,-1,1775223000000000000,1775227920000000000,984,4732.3385,4693.2575,4745.3655,4693.2575,13.027000000000044,0.2752039391745856,tp,39.08100000000013,13.027000000000044,78.02200000000026,Friday,2026-04-03,13,30,3.0
h14_r15_t2,1775174400000000000,-1,1775225700000000000,1775228120000000000,484,4717.094499999999,4685.682499999999,4732.800499999999,4685.682499999999,15.706000000000131,0.33293950542606243,tp,31.412000000000262,15.706000000000131,62.68400000000052,Friday,2026-04-03,14,15,2.0
h00_r30_t1,1775433600000000000,-1,1775437490000000000,1775440815000000000,665,4701.348,4716.831,4716.831,4685.865,15.483000000000175,0.3290253111268734,sl,-15.483000000000175,15.483000000000175,-31.10600000000035,Monday,2026-04-06,0,30,1.0
h01_r60_t3,1775433600000000000,1,1775440805000000000,1775442515000000000,342,4714.255999999999,4692.118,4692.118,4780.669999999996,22.13799999999901,0.46972274306367545,sl,-22.13799999999901,22.13799999999901,-44.41599999999802,Monday,2026-04-06,1,60,3.0
h02_r15_t3,1775433600000000000,-1,1775441765000000000,1775469830000000000,5613,4703.380999999999,4657.198999999999,4718.775,4657.198999999999,15.394000000000233,0.32696029091267953,tp,46.1820000000007,15.394000000000233,92.2240000000014,Monday,2026-04-06,2,15,3.0
h04_r30_t3,1775433600000000000,-1,1775449820000000000,1775462005000000000,2437,4707.075,4681.299000000001,4715.6669999999995,4681.299000000001,8.591999999999643,0.1824932632331435,tp,25.77599999999893,8.591999999999643,51.41199999999786,Monday,2026-04-06,4,30,3.0
h05_r60_t2,1775433600000000000,-1,1775455475000000000,1775469920000000000,2889,4692.005,4649.699000000001,4713.157999999999,4649.699000000001,21.152999999999338,0.4501873918586024,tp,42.305999999998676,21.152999999999338,84.47199999999735,Monday,2026-04-06,5,60,2.0
h06_r60_t3,1775433600000000000,-1,1775460510000000000,1775470905000000000,2079,4682.907,4630.14,4700.496,4630.14,17.588999999999942,0.3751637302054675,tp,52.766999999999825,17.588999999999942,105.39399999999965,Monday,2026-04-06,6,60,3.0
h13_r30_t3,1775433600000000000,-1,1775482300000000000,1775485250000000000,590,4656.139999999999,4675.152,4675.152,4599.1039999999975,19.012000000000626,0.40800086870794344,sl,-19.012000000000626,19.012000000000626,-38.16400000000125,Monday,2026-04-06,13,30,3.0
h14_r15_t2,1775433600000000000,1,1775484965000000000,1775488415000000000,690,4664.5,4652.130999999999,4652.130999999999,4689.238000000001,12.369000000000597,0.2654700874512553,sl,-12.369000000000597,12.369000000000597,-24.878000000001194,Monday,2026-04-06,14,15,2.0
h00_r30_t1,1775520000000000000,-1,1775523600000000000,1775524065000000000,93,4600.467500000001,4582.146500000001,4618.788500000001,4582.146500000001,18.320999999999913,0.3975249348117455,tp,18.320999999999913,18.320999999999913,36.501999999999825,Tuesday,2026-04-07,0,30,1.0
h02_r15_t3,1775520000000000000,-1,1775528265000000000,1775529225000000000,192,4555.586499999999,4568.8495,4568.8495,4515.797499999997,13.26300000000083,0.2907947765689709,sl,-13.26300000000083,13.26300000000083,-26.66600000000166,Tuesday,2026-04-07,2,15,3.0
h04_r30_t3,1775520000000000000,1,1775539275000000000,1775543705000000000,886,4562.9145,4550.7315,4550.7315,4599.4635,12.182999999999993,0.26716381694486985,sl,-12.182999999999993,12.182999999999993,-24.505999999999986,Tuesday,2026-04-07,4,30,3.0
h05_r60_t2,1775520000000000000,-1,1775543655000000000,1775570365000000000,5341,4553.6055,4515.637499999999,4572.5895,4515.637499999999,18.98400000000038,0.41544613134939523,tp,37.96800000000076,18.98400000000038,75.79600000000151,Tuesday,2026-04-07,5,60,2.0
h13_r30_t3,1775520000000000000,-1,1775568655000000000,1775570365000000000,342,4541.2395,4511.9655,4550.9974999999995,4511.9655,9.75799999999981,0.21463138028234896,tp,29.273999999999432,9.75799999999981,58.407999999998864,Tuesday,2026-04-07,13,30,3.0
h14_r15_t2,1775520000000000000,1,1775572600000000000,1775606395000000000,5972,4521.2415,4537.965,4491.0805,4581.5635,30.161000000000058,0.6700917379828232,session_end,16.723500000000058,30.161000000000058,33.307000000000116,Tuesday,2026-04-07,14,15,2.0
h00_r30_t1,1775606400000000000,1,1775609275000000000,1775633830000000000,4911,4554.3105,4529.1205,4529.1205,4579.500499999999,25.1899999999996,0.5534167442288531,sl,-25.1899999999996,25.1899999999996,-50.5199999999992,Wednesday,2026-04-08,0,30,1.0
h01_r60_t3,1775606400000000000,-1,1775613620000000000,1775653200000000000,7916,4548.023499999999,4509.329499999996,4560.9215,4509.329499999996,12.898000000001048,0.2835763912211153,tp,38.69400000000314,12.898000000001048,77.24800000000629,Wednesday,2026-04-08,1,60,3.0
h02_r15_t3,1775606400000000000,1,1775616220000000000,1775626225000000000,2001,4549.3035,4535.467500000001,4535.467500000001,4590.811499999998,13.83599999999933,0.30463126043824607,sl,-13.83599999999933,13.83599999999933,-27.811999999998662,Wednesday,2026-04-08,2,15,3.0
h04_r30_t3,1775606400000000000,1,1775623175000000000,1775626200000000000,605,4548.208500000001,4540.1705,4540.1705,4572.322500000002,8.038000000000466,0.17676891796333236,sl,-8.038000000000466,8.038000000000466,-16.216000000000932,Wednesday,2026-04-08,4,30,3.0
h05_r60_t2,1775606400000000000,1,1775628810000000000,1775633625000000000,963,4547.818499999999,4532.2654999999995,4532.2654999999995,4578.924499999999,15.552999999999884,0.34253125820718666,sl,-15.552999999999884,15.552999999999884,-31.245999999999768,Wednesday,2026-04-08,5,60,2.0
h06_r60_t3,1775606400000000000,-1,1775633590000000000,1775688985000000000,10279,4533.5165,4483.470499999998,4550.1985,4483.470499999998,16.6820000000007,0.36753459131276406,tp,50.046000000002095,16.6820000000007,99.95200000000419,Wednesday,2026-04-08,6,60,3.0
h13_r30_t3,1775606400000000000,-1,1775655945000000000,1775656885000000000,188,4507.7245,4525.7835,4525.7835,4453.547500000002,18.058999999999287,0.39915580282775964,sl,-18.058999999999287,18.058999999999287,-36.257999999998574,Wednesday,2026-04-08,13,30,3.0
h14_r15_t2,1775606400000000000,1,1775657730000000000,1775659395000000000,333,4532.246499999999,4518.681500000001,4518.681500000001,4559.376499999997,13.56499999999869,0.2993327846852541,sl,-13.56499999999869,13.56499999999869,-27.26999999999738,Wednesday,2026-04-08,14,15,2.0
h00_r30_t1,1775692800000000000,-1,1775694735000000000,1775697125000000000,478,4473.562,4491.451,4491.451,4455.673,17.889000000000124,0.3995968514743496,sl,-17.889000000000124,17.889000000000124,-35.91800000000025,Thursday,2026-04-09,0,30,1.0
h01_r60_t3,1775692800000000000,1,1775703100000000000,1775779195000000000,14457,4499.666,4487.484,4469.110000000001,4591.333999999999,30.555999999999585,0.6802908891425873,session_end,-12.181999999999789,30.555999999999585,-24.50399999999958,Thursday,2026-04-09,1,60,3.0
h02_r15_t3,1775692800000000000,1,1775702880000000000,1775735315000000000,6487,4493.387000000001,4529.114000000002,4481.478,4529.114000000002,11.90900000000056,0.2652889787566227,tp,35.72700000000168,11.90900000000056,71.31400000000336,Thursday,2026-04-09,2,15,3.0
h04_r30_t3,1775692800000000000,1,1775709060000000000,1775718820000000000,1952,4502.467000000001,4488.29,4488.29,4544.998000000002,14.17700000000059,0.31499936453539956,sl,-14.17700000000059,14.17700000000059,-28.49400000000118,Thursday,2026-04-09,4,30,3.0
h05_r60_t2,1775692800000000000,-1,1775715510000000000,1775733960000000000,3690,4492.818,4508.505999999999,4508.505999999999,4461.442000000002,15.687999999999192,0.3489842352021873,sl,-15.687999999999192,15.687999999999192,-31.515999999998385,Thursday,2026-04-09,5,60,2.0
h06_r60_t3,1775692800000000000,-1,1775718810000000000,1775732960000000000,2830,4488.871999999999,4503.175,4503.175,4445.962999999997,14.303000000000793,0.31828941304389746,sl,-14.303000000000793,14.303000000000793,-28.746000000001587,Thursday,2026-04-09,6,60,3.0
h13_r30_t3,1775692800000000000,1,1775741760000000000,1775742850000000000,218,4536.35,4526.232,4526.232,4566.7040000000015,10.118000000000393,0.2233222304942421,sl,-10.118000000000393,10.118000000000393,-20.376000000000786,Thursday,2026-04-09,13,30,3.0
h14_r15_t2,1775692800000000000,-1,1775744120000000000,1775746430000000000,462,4512.026,4483.732,4526.173,4483.732,14.146999999999935,0.31340351073075134,tp,28.29399999999987,14.146999999999935,56.44799999999974,Thursday,2026-04-09,14,15,2.0
h00_r30_t1,1775779200000000000,1,1775782845000000000,1775786215000000000,674,4492.598,4507.353999999999,4477.842000000001,4507.353999999999,14.755999999999403,0.32929444046722955,tp,14.755999999999403,14.755999999999403,29.371999999998806,Friday,2026-04-10,0,30,1.0
h01_r60_t3,1775779200000000000,1,1775786575000000000,1775805925000000000,3870,4508.037,4483.96,4483.96,4580.268000000001,24.077000000000226,0.5344184622856256,sl,-24.077000000000226,24.077000000000226,-48.29400000000045,Friday,2026-04-10,1,60,3.0
h02_r15_t3,1775779200000000000,-1,1775787370000000000,1775802535000000000,3033,4504.098,4515.011,4515.011,4471.358999999999,10.913000000000466,0.24214595501096492,sl,-10.913000000000466,10.913000000000466,-21.966000000000932,Friday,2026-04-10,2,15,3.0
h04_r30_t3,1775779200000000000,-1,1775796025000000000,1775799005000000000,596,4496.1939999999995,4505.693,4505.693,4467.696999999997,9.499000000000706,0.21107036160160844,sl,-9.499000000000706,9.499000000000706,-19.138000000001412,Friday,2026-04-10,4,30,3.0
h05_r60_t2,1775779200000000000,1,1775802530000000000,1775805745000000000,643,4513.674,4492.714,4492.714,4555.594,20.960000000000036,0.4647357369808593,sl,-20.960000000000036,20.960000000000036,-42.06000000000007,Friday,2026-04-10,5,60,2.0
h06_r60_t3,1775779200000000000,-1,1775805455000000000,1775827835000000000,4475,4495.8369999999995,4516.753000000001,4516.753000000001,4433.088999999996,20.916000000001077,0.4639780371306893,sl,-20.916000000001077,20.916000000001077,-41.972000000002154,Friday,2026-04-10,6,60,3.0
h13_r30_t3,1775779200000000000,1,1775827805000000000,1775831435000000000,726,4511.35,4499.259,4499.259,4547.623000000001,12.09100000000035,0.2681100690398473,sl,-12.09100000000035,12.09100000000035,-24.3220000000007,Friday,2026-04-10,13,30,3.0
h14_r15_t2,1775779200000000000,-1,1775831395000000000,1775854675000000000,4651,4501.555,4498.125,4531.034,4442.597000000002,29.47899999999936,0.6530525259900541,session_end,3.430000000000291,29.47899999999936,6.720000000000582,Friday,2026-04-10,14,15,2.0
h00_r30_t1,1776038400000000000,1,1776040410000000000,1776042810000000000,480,4453.1525,4424.6655,4424.6655,4481.6395,28.48700000000008,0.6411997212096853,sl,-28.48700000000008,28.48700000000008,-57.11400000000016,Monday,2026-04-13,0,30,1.0
h02_r15_t3,1776038400000000000,-1,1776047250000000000,1776051895000000000,929,4437.003500000001,4444.369500000001,4444.369500000001,4414.905500000001,7.3659999999999854,0.16586236778550176,sl,-7.3659999999999854,7.3659999999999854,-14.871999999999971,Monday,2026-04-13,2,15,3.0
h04_r30_t3,1776038400000000000,-1,1776054990000000000,1776060875000000000,1177,4444.4185,4450.9265,4450.9265,4424.8945,6.507999999999811,0.14636229097466222,sl,-6.507999999999811,6.507999999999811,-13.155999999999622,Monday,2026-04-13,4,30,3.0
h05_r60_t2,1776038400000000000,1,1776060560000000000,1776064530000000000,794,4445.5195,4430.5715,4430.5715,4475.415500000001,14.94800000000032,0.33642461521772954,sl,-14.94800000000032,14.94800000000032,-30.03600000000064,Monday,2026-04-13,5,60,2.0
h06_r60_t3,1776038400000000000,-1,1776064525000000000,1776089320000000000,4959,4432.7155,4459.7605,4459.7605,4351.5805,27.045000000000073,0.6093558256118049,sl,-27.045000000000073,27.045000000000073,-54.230000000000146,Monday,2026-04-13,6,60,3.0
h13_r30_t3,1776038400000000000,1,1776087315000000000,1776090605000000000,658,4454.512500000001,4439.969499999999,4439.969499999999,4498.141500000005,14.543000000001484,0.3270802448637794,sl,-14.543000000001484,14.543000000001484,-29.22600000000297,Monday,2026-04-13,13,30,3.0
h14_r15_t2,1776038400000000000,-1,1776089715000000000,1776091250000000000,307,4451.7985,4432.348500000001,4461.523499999999,4432.348500000001,9.724999999999454,0.21840183084737677,tp,19.44999999999891,9.724999999999454,38.75999999999782,Monday,2026-04-13,14,15,2.0
h00_r30_t1,1776124800000000000,-1,1776126680000000000,1776128615000000000,387,4436.736,4445.555,4445.555,4427.9169999999995,8.819000000000415,0.19869804228693616,sl,-8.819000000000415,8.819000000000415,-17.77800000000083,Tuesday,2026-04-14,0,30,1.0
h01_r60_t3,1776124800000000000,1,1776133890000000000,1776176150000000000,8451,4460.745,4440.07,4440.07,4522.77,20.675000000000182,0.46374147293264234,sl,-20.675000000000182,20.675000000000182,-41.490000000000364,Tuesday,2026-04-14,1,60,3.0
h02_r15_t3,1776124800000000000,1,1776133870000000000,1776141040000000000,1433,4458.909,4449.758,4449.758,4486.361999999999,9.15099999999984,0.20541947347875084,sl,-9.15099999999984,9.15099999999984,-18.44199999999968,Tuesday,2026-04-14,2,15,3.0
h04_r30_t3,1776124800000000000,-1,1776141040000000000,1776144740000000000,740,4450.331,4461.357,4461.357,4417.253000000001,11.02599999999984,0.24764294496109357,sl,-11.02599999999984,11.02599999999984,-22.19199999999968,Tuesday,2026-04-14,4,30,3.0
h05_r60_t2,1776124800000000000,-1,1776149940000000000,1776174525000000000,4917,4452.503000000001,4473.985000000001,4473.985000000001,4409.539000000001,21.48199999999997,0.48104117355952947,sl,-21.48199999999997,21.48199999999997,-43.10399999999994,Tuesday,2026-04-14,5,60,2.0
h06_r60_t3,1776124800000000000,-1,1776150000000000000,1776174525000000000,4905,4451.9580000000005,4471.3009999999995,4471.3009999999995,4393.929000000004,19.342999999998938,0.43441702147535455,sl,-19.342999999998938,19.342999999998938,-38.825999999997876,Tuesday,2026-04-14,6,60,3.0
h13_r30_t3,1776124800000000000,-1,1776173405000000000,1776174485000000000,216,4451.987999999999,4467.78,4467.78,4404.611999999998,15.792000000000371,0.35467818322659606,sl,-15.792000000000371,15.792000000000371,-31.724000000000743,Tuesday,2026-04-14,13,30,3.0
h14_r15_t2,1776124800000000000,-1,1776176150000000000,1776177880000000000,346,4441.09,4407.722000000002,4457.773999999999,4407.722000000002,16.683999999999287,0.3755398497885458,tp,33.367999999998574,16.683999999999287,66.59599999999715,Tuesday,2026-04-14,14,15,2.0
h00_r30_t1,1776211200000000000,1,1776213100000000000,1776215405000000000,461,4350.530500000001,4369.356500000002,4331.7045,4369.356500000002,18.82600000000093,0.4330880065149753,tp,18.82600000000093,18.82600000000093,37.51200000000186,Wednesday,2026-04-15,0,30,1.0
h01_r60_t3,1776211200000000000,1,1776221160000000000,1776231130000000000,1994,4392.5985,4345.735500000001,4345.735500000001,4533.187499999998,46.862999999999374,1.0683649374860575,sl,-46.862999999999374,46.862999999999374,-93.86599999999875,Wednesday,2026-04-15,1,60,3.0
h02_r15_t3,1776211200000000000,1,1776220695000000000,1776222220000000000,305,4388.1075,4372.0535,4372.0535,4436.2695,16.054000000000087,0.3667346079801462,sl,-16.054000000000087,16.054000000000087,-32.248000000000175,Wednesday,2026-04-15,2,15,3.0
h04_r30_t3,1776211200000000000,1,1776227645000000000,1776230250000000000,521,4367.3235,4358.5645,4358.5645,4393.6005000000005,8.759000000000015,0.20057952575159246,sl,-8.759000000000015,8.759000000000015,-17.65800000000003,Wednesday,2026-04-15,4,30,3.0
h05_r60_t2,1776211200000000000,-1,1776232915000000000,1776252145000000000,3846,4343.003000000001,4366.0995,4366.0995,4296.810000000001,23.09649999999965,0.5310874052851124,sl,-23.09649999999965,23.09649999999965,-46.3329999999993,Wednesday,2026-04-15,5,60,2.0
h06_r60_t3,1776211200000000000,1,1776237265000000000,1776246490000000000,1845,4350.452499999999,4327.6455000000005,4327.6455000000005,4418.873499999996,22.80699999999888,0.5255734568235972,sl,-22.80699999999888,22.80699999999888,-45.75399999999776,Wednesday,2026-04-15,6,60,3.0
h13_r30_t3,1776211200000000000,1,1776259800000000000,1776261145000000000,269,4364.0895,4335.2125,4335.2125,4450.720500000001,28.877000000000407,0.6620186812744774,sl,-28.877000000000407,28.877000000000407,-57.894000000000815,Wednesday,2026-04-15,13,30,3.0
h14_r15_t2,1776211200000000000,1,1776262505000000000,1776266275000000000,754,4348.7615000000005,4327.3814999999995,4327.3814999999995,4391.521500000003,21.38000000000102,0.4918513822047806,sl,-21.38000000000102,21.38000000000102,-42.90000000000204,Wednesday,2026-04-15,14,15,2.0
h00_r30_t1,1776297600000000000,1,1776299840000000000,1776333740000000000,6778,4314.0755,4341.4095,4286.7415,4341.4095,27.333999999999833,0.634238164157326,tp,27.333999999999833,27.333999999999833,54.527999999999665,Thursday,2026-04-16,0,30,1.0
h01_r60_t3,1776297600000000000,1,1776305075000000000,1776307620000000000,509,4326.5545,4308.4635,4308.4635,4380.827500000001,18.09100000000035,0.41851375680930053,sl,-18.09100000000035,18.09100000000035,-36.3220000000007,Thursday,2026-04-16,1,60,3.0
h02_r15_t3,1776297600000000000,1,1776305910000000000,1776306870000000000,192,4327.737499999999,4321.693499999999,4321.693499999999,4345.869499999999,6.043999999999869,0.13967208258030697,sl,-6.043999999999869,6.043999999999869,-12.227999999999739,Thursday,2026-04-16,2,15,3.0
h04_r30_t3,1776297600000000000,-1,1776314080000000000,1776317130000000000,610,4307.199500000001,4297.2875,4310.503500000001,4297.2875,3.3040000000000873,0.07667158975315964,tp,9.912000000000262,3.3040000000000873,19.684000000000523,Thursday,2026-04-16,4,30,3.0
h05_r60_t2,1776297600000000000,1,1776319280000000000,1776351715000000000,6487,4313.5525,4296.547500000001,4296.547500000001,4347.562499999998,17.0049999999992,0.39444025958133655,sl,-17.0049999999992,17.0049999999992,-34.1499999999984,Thursday,2026-04-16,5,60,2.0
h06_r60_t3,1776297600000000000,1,1776323695000000000,1776347760000000000,4813,4324.33,4305.0005,4305.0005,4382.3139999999985,19.32799999999952,0.4473411864146389,sl,-19.329499999999825,19.329499999999825,-38.79899999999965,Thursday,2026-04-16,6,60,3.0
h13_r30_t3,1776297600000000000,-1,1776346575000000000,1776370850000000000,4855,4314.9155,4247.037500000002,4337.541499999999,4247.037500000002,22.625999999999294,0.5231432386117743,tp,67.87799999999788,22.625999999999294,135.61599999999578,Thursday,2026-04-16,13,30,3.0
h14_r15_t2,1776297600000000000,-1,1776349455000000000,1776352260000000000,561,4307.1885,4284.548500000001,4318.5085,4284.548500000001,11.319999999999709,0.2622588339467119,tp,22.639999999999418,11.319999999999709,45.139999999998835,Thursday,2026-04-16,14,15,2.0
h00_r30_t1,1776384000000000000,-1,1776385910000000000,1776386720000000000,162,4257.053,4266.276,4266.276,4247.83,9.222999999999956,0.21651591778170032,sl,-9.222999999999956,9.222999999999956,-18.585999999999913,Friday,2026-04-17,0,30,1.0
h01_r60_t3,1776384000000000000,1,1776394820000000000,1776404855000000000,2004,4271.805,4248.505,4248.505,4341.705000000001,23.300000000000182,0.5473096325555785,sl,-23.300000000000182,23.300000000000182,-46.740000000000364,Friday,2026-04-17,1,60,3.0
h02_r15_t3,1776384000000000000,1,1776394405000000000,1776399690000000000,1057,4269.701,4256.34,4256.34,4309.784,13.360999999999876,0.31325259398749794,sl,-13.360999999999876,13.360999999999876,-26.861999999999753,Friday,2026-04-17,2,15,3.0
h04_r30_t3,1776384000000000000,-1,1776403845000000000,1776436380000000000,6506,4252.031,4223.369,4261.585,4223.369,9.554000000000087,0.2243837022371456,tp,28.662000000000262,9.554000000000087,57.18400000000052,Friday,2026-04-17,4,30,3.0
h05_r60_t2,1776384000000000000,1,1776405600000000000,1776411835000000000,1247,4257.457,4248.073,4248.073,4276.225,9.384000000000015,0.2204385326743045,sl,-9.384000000000015,9.384000000000015,-18.90800000000003,Friday,2026-04-17,5,60,2.0
h06_r60_t3,1776384000000000000,-1,1776409220000000000,1776436380000000000,5431,4250.989,4222.209999999997,4260.582,4222.209999999997,9.593000000000757,0.2256150320336834,tp,28.77900000000227,9.593000000000757,57.41800000000454,Friday,2026-04-17,6,60,3.0
h13_r30_t3,1776384000000000000,1,1776435685000000000,1776436380000000000,139,4246.691,4224.687,4224.687,4312.7029999999995,22.003999999999905,0.5205843017004138,sl,-22.003999999999905,22.003999999999905,-44.14799999999981,Friday,2026-04-17,13,30,3.0
h14_r15_t2,1776384000000000000,-1,1776435430000000000,1776435580000000000,30,4237.023,4243.44,4243.44,4224.189000000001,6.416999999999462,0.15135437041934763,sl,-6.416999999999462,6.416999999999462,-12.973999999998924,Friday,2026-04-17,14,15,2.0
h00_r30_t1,1776643200000000000,1,1776646330000000000,1776653110000000000,1355,4311.5855,4292.7175,4292.7175,4330.4535000000005,18.868000000000393,0.43844600773741466,sl,-18.868000000000393,18.868000000000393,-37.876000000000786,Monday,2026-04-20,0,30,1.0
h01_r60_t3,1776643200000000000,1,1776650445000000000,1776652635000000000,437,4320.0045,4298.7595,4298.7595,4383.7395,21.24499999999989,0.49202995998102045,sl,-21.24499999999989,21.24499999999989,-42.62999999999978,Monday,2026-04-20,1,60,3.0
h02_r15_t3,1776643200000000000,-1,1776652035000000000,1776656950000000000,981,4310.5175,4281.996500000001,4320.0244999999995,4281.996500000001,9.506999999999607,0.22049790965336713,tp,28.52099999999882,9.506999999999607,56.90199999999764,Monday,2026-04-20,2,15,3.0
h04_r30_t3,1776643200000000000,-1,1776661395000000000,1776664980000000000,716,4269.628500000001,4286.157499999999,4286.157499999999,4220.041500000005,16.528999999998632,0.386839861894697,sl,-16.528999999998632,16.528999999998632,-33.197999999997265,Monday,2026-04-20,4,30,3.0
h05_r60_t2,1776643200000000000,1,1776664805000000000,1776729595000000000,10390,4284.987499999999,4284.29,4262.5115000000005,4329.939499999997,22.47599999999875,0.5245457221902782,session_end,-0.6974999999993088,22.47599999999875,-1.5349999999986177,Monday,2026-04-20,5,60,2.0
h06_r60_t3,1776643200000000000,1,1776670865000000000,1776696255000000000,5071,4295.5135,4279.8025,4279.8025,4342.646500000001,15.71100000000024,0.36634260273466884,sl,-15.71100000000024,15.71100000000024,-31.56200000000048,Monday,2026-04-20,6,60,3.0
h13_r30_t3,1776643200000000000,-1,1776692320000000000,1776729595000000000,4895,4286.970499999999,4284.367,4295.9535,4260.021499999999,8.983000000000175,0.20949197089314345,session_end,2.603499999999258,8.983000000000175,5.066999999998516,Monday,2026-04-20,13,30,3.0
h14_r15_t2,1776643200000000000,1,1776694605000000000,1776694710000000000,21,4291.4215,4287.9465,4287.9465,4298.371500000001,3.475000000000364,0.08102283223413206,sl,-3.475000000000364,3.475000000000364,-7.090000000000727,Monday,2026-04-20,14,15,2.0
h00_r30_t1,1776729600000000000,1,1776731400000000000,1776733265000000000,373,4293.451,4276.916,4276.916,4309.986,16.534999999999854,0.3851222399184583,sl,-16.534999999999854,16.534999999999854,-33.20999999999971,Tuesday,2026-04-21,0,30,1.0
h01_r60_t3,1776729600000000000,1,1776740500000000000,1776814125000000000,13958,4292.138,4263.68,4263.68,4377.511999999999,28.45799999999963,0.6657239203741891,sl,-28.45799999999963,28.45799999999963,-57.05599999999926,Tuesday,2026-04-21,1,60,3.0
h02_r15_t3,1776729600000000000,1,1776737710000000000,1776744985000000000,1454,4281.2029999999995,4306.645999999999,4272.722,4306.645999999999,8.480999999999767,0.19812795828215674,tp,25.4429999999993,8.480999999999767,50.7459999999986,Tuesday,2026-04-21,2,15,3.0
h04_r30_t3,1776729600000000000,1,1776746500000000000,1776780975000000000,6895,4309.241,4297.082,4297.082,4345.717999999999,12.15899999999965,0.2825185627173004,sl,-12.15899999999965,12.15899999999965,-24.457999999999302,Tuesday,2026-04-21,4,30,3.0
h05_r60_t2,1776729600000000000,1,1776752490000000000,1776776060000000000,4714,4326.38,4313.745,4313.745,4351.650000000001,12.635000000000218,0.2927688074125822,sl,-12.635000000000218,12.635000000000218,-25.410000000000437,Tuesday,2026-04-21,5,60,2.0
h06_r60_t3,1776729600000000000,1,1776755425000000000,1776775995000000000,4114,4336.197,4315.421,4315.421,4398.525,20.77599999999984,0.47944751842754874,sl,-20.77599999999984,20.77599999999984,-41.69199999999968,Tuesday,2026-04-21,6,60,3.0
h13_r30_t3,1776729600000000000,-1,1776778200000000000,1776814120000000000,6418,4308.943,4266.241000000002,4323.177,4266.241000000002,14.233999999999469,0.3302695499781422,tp,42.70199999999841,14.233999999999469,85.26399999999681,Tuesday,2026-04-21,13,30,3.0
h14_r15_t2,1776729600000000000,-1,1776780970000000000,1776783620000000000,530,4297.521000000001,4305.895,4305.895,4280.773000000001,8.373999999999796,0.1945858022539746,sl,-8.373999999999796,8.373999999999796,-16.887999999999593,Tuesday,2026-04-21,14,15,2.0
h00_r30_t1,1776816000000000000,-1,1776819540000000000,1776821710000000000,434,4273.044,4261.978999999999,4284.109,4261.978999999999,11.06500000000051,0.25852846021011033,tp,11.06500000000051,11.06500000000051,21.990000000001018,Wednesday,2026-04-22,0,30,1.0
h01_r60_t3,1776816000000000000,-1,1776823660000000000,1776902395000000000,14983,4260.523,4256.609,4275.08,4216.852000000001,14.556999999999789,0.34157241572204045,session_end,3.91399999999976,14.556999999999789,7.68799999999952,Wednesday,2026-04-22,1,60,3.0
h02_r15_t3,1776816000000000000,-1,1776824345000000000,1776837865000000000,2704,4258.63,4266.32,4266.32,4235.560000000001,7.6899999999996,0.18048622378460133,sl,-7.6899999999996,7.6899999999996,-15.5199999999992,Wednesday,2026-04-22,2,15,3.0
h04_r30_t3,1776816000000000000,1,1776834230000000000,1776835805000000000,315,4262.6900000000005,4255.368,4255.368,4284.656000000001,7.322000000000116,0.17185356817953784,sl,-7.322000000000116,7.322000000000116,-14.784000000000233,Wednesday,2026-04-22,4,30,3.0
h05_r60_t2,1776816000000000000,1,1776837865000000000,1776849290000000000,2285,4266.257,4253.652,4253.652,4291.466999999999,12.604999999999563,0.29566416304053855,sl,-12.604999999999563,12.604999999999563,-25.349999999999127,Wednesday,2026-04-22,5,60,2.0
h06_r60_t3,1776816000000000000,-1,1776841650000000000,1776902395000000000,11385,4258.753000000001,4256.609,4273.331,4215.019000000002,14.57799999999952,0.34214151769263407,session_end,2.144000000000233,14.57799999999952,4.148000000000466,Wednesday,2026-04-22,6,60,3.0
h13_r30_t3,1776816000000000000,-1,1776864865000000000,1776872045000000000,1436,4244.632,4254.773999999999,4254.773999999999,4214.206,10.141999999999825,0.23868364861680977,sl,-10.141999999999825,10.141999999999825,-20.42399999999965,Wednesday,2026-04-22,13,30,3.0
h14_r15_t2,1776816000000000000,1,1776867905000000000,1776875045000000000,1428,4244.41,4263.534,4234.848,4263.534,9.561999999999898,0.22539171297701624,tp,19.123999999999796,9.561999999999898,38.10799999999959,Wednesday,2026-04-22,14,15,2.0
h00_r30_t1,1776902400000000000,-1,1776904600000000000,1776909300000000000,940,4247.7715,4236.0905,4259.452499999999,4236.0905,11.680999999999585,0.27482859680836935,tp,11.680999999999585,11.680999999999585,23.22199999999917,Thursday,2026-04-23,0,30,1.0
h01_r60_t3,1776902400000000000,-1,1776909930000000000,1776962020000000000,10418,4235.7905,4253.7785,4253.7785,4181.826499999999,17.988000000000284,0.42401142671666314,sl,-17.988000000000284,17.988000000000284,-36.11600000000057,Thursday,2026-04-23,1,60,3.0
h02_r15_t3,1776902400000000000,-1,1776911400000000000,1776946530000000000,7026,4234.2725,4206.585499999999,4243.5015,4206.585499999999,9.22900000000027,0.21763935232661205,tp,27.687000000000808,9.22900000000027,55.234000000001615,Thursday,2026-04-23,2,15,3.0
h04_r30_t3,1776902400000000000,-1,1776918600000000000,1776921390000000000,558,4230.9585,4219.5734999999995,4234.7535,4219.5734999999995,3.7950000000000728,0.08969316782679061,tp,11.385000000000218,3.7950000000000728,22.630000000000436,Thursday,2026-04-23,4,30,3.0
h05_r60_t2,1776902400000000000,1,1776925955000000000,1776945890000000000,3987,4226.9895,4210.8735,4210.8735,4259.2215,16.115999999999985,0.3818692661705317,sl,-16.115999999999985,16.115999999999985,-32.37199999999997,Thursday,2026-04-23,5,60,2.0
h06_r60_t3,1776902400000000000,1,1776928085000000000,1776945890000000000,3561,4231.9445,4211.1995,4211.1995,4294.179499999999,20.74499999999989,0.4906697648202879,sl,-20.74499999999989,20.74499999999989,-41.62999999999978,Thursday,2026-04-23,6,60,3.0
h13_r30_t3,1776902400000000000,1,1776955665000000000,1776988795000000000,5861,4230.7275,4268.155,4212.5485,4285.2645,18.179000000000087,0.42991375829264444,session_end,37.42749999999978,18.179000000000087,74.71499999999956,Thursday,2026-04-23,13,30,3.0
h14_r15_t2,1776902400000000000,1,1776954280000000000,1776957000000000000,544,4222.8135,4240.255500000001,4214.0925,4240.255500000001,8.721000000000458,0.20673394152448227,tp,17.442000000000917,8.721000000000458,34.74400000000183,Thursday,2026-04-23,14,15,2.0
h00_r30_t1,1776988800000000000,-1,1776990845000000000,1776992435000000000,318,4261.7925,4254.418499999999,4269.1665,4254.418499999999,7.374000000000706,0.17286443328352297,tp,7.374000000000706,7.374000000000706,14.608000000001411,Friday,2026-04-24,0,30,1.0
h01_r60_t3,1776988800000000000,-1,1776998130000000000,1777009625000000000,2298,4253.0445,4266.5555,4266.5555,4212.511499999999,13.511000000000422,0.3172251917327143,sl,-13.511000000000422,13.511000000000422,-27.162000000000845,Friday,2026-04-24,1,60,3.0
h02_r15_t3,1776988800000000000,-1,1776996900000000000,1776997305000000000,81,4256.3335,4262.0035,4262.0035,4239.3234999999995,5.670000000000073,0.13319121572220288,sl,-5.670000000000073,5.670000000000073,-11.480000000000146,Friday,2026-04-24,2,15,3.0
h04_r30_t3,1776988800000000000,1,1777006620000000000,1777007615000000000,199,4259.9405,4255.0565,4255.0565,4274.5925,4.8840000000000146,0.11471926371090779,sl,-4.8840000000000146,4.8840000000000146,-9.90800000000003,Friday,2026-04-24,4,30,3.0
h05_r60_t2,1776988800000000000,-1,1777013265000000000,1777043100000000000,5957,4254.2995,4273.6645,4273.6645,4215.5695000000005,19.36499999999978,0.45358622981069374,sl,-19.36499999999978,19.36499999999978,-38.869999999999564,Friday,2026-04-24,5,60,2.0
h13_r30_t3,1776988800000000000,1,1777039560000000000,1777044370000000000,962,4263.8565,4242.6155,4242.6155,4327.5795,21.240999999999985,0.5001871492570366,sl,-21.240999999999985,21.240999999999985,-42.62199999999997,Friday,2026-04-24,13,30,3.0
h14_r15_t2,1776988800000000000,1,1777040225000000000,1777041000000000000,155,4266.7845,4257.1115,4257.1115,4286.130499999999,9.672999999999774,0.22678381837787734,sl,-9.672999999999774,9.672999999999774,-19.48599999999955,Friday,2026-04-24,14,15,2.0
h00_r30_t1,1777248000000000000,1,1777249835000000000,1777251600000000000,353,4255.452,4286.736000000001,4224.168,4286.736000000001,31.28400000000056,0.7357864723385201,tp,31.28400000000056,31.28400000000056,62.42800000000112,Monday,2026-04-27,0,30,1.0
h01_r60_t3,1777248000000000000,-1,1777255210000000000,1777334395000000000,15054,4274.7,4272.964,4307.219999999999,4177.140000000001,32.51999999999953,0.7605018002284202,session_end,1.7359999999998763,32.51999999999953,3.3319999999997525,Monday,2026-04-27,1,60,3.0
h02_r15_t3,1777248000000000000,-1,1777256130000000000,1777257305000000000,235,4268.595,4280.514,4280.514,4232.838000000001,11.918999999999869,0.2791667671860619,sl,-11.918999999999869,11.918999999999869,-23.97799999999974,Monday,2026-04-27,2,15,3.0
h04_r30_t3,1777248000000000000,1,1777264625000000000,1777272345000000000,1544,4264.028,4289.7620000000015,4255.45,4289.7620000000015,8.57800000000043,0.20130474952954414,tp,25.734000000001288,8.57800000000043,51.328000000002575,Monday,2026-04-27,4,30,3.0
h05_r60_t2,1777248000000000000,1,1777270680000000000,1777304730000000000,6810,4284.054,4264.3279999999995,4264.3279999999995,4323.506000000001,19.726000000000568,0.46097229025131153,sl,-19.726000000000568,19.726000000000568,-39.592000000001136,Monday,2026-04-27,5,60,2.0
h06_r60_t3,1777248000000000000,-1,1777276435000000000,1777280780000000000,869,4276.43,4293.024,4293.024,4226.648,16.59400000000005,0.38742668042295325,sl,-16.59400000000005,16.59400000000005,-33.3280000000001,Monday,2026-04-27,6,60,3.0
h13_r30_t3,1777248000000000000,-1,1777296600000000000,1777297605000000000,201,4270.619,4282.447,4282.447,4235.134999999998,11.82800000000043,0.276850689985051,sl,-11.82800000000043,11.82800000000043,-23.79600000000086,Monday,2026-04-27,13,30,3.0
h14_r15_t2,1777248000000000000,-1,1777299635000000000,1777334395000000000,6169,4279.215,4272.964,4296.496,4244.653,17.28099999999995,0.4027486001334016,session_end,6.251000000000204,17.28099999999995,12.362000000000407,Monday,2026-04-27,14,15,2.0
h00_r30_t1,1777334400000000000,1,1777336730000000000,1777339305000000000,515,4286.8544999999995,4330.220499999999,4243.4884999999995,4330.220499999999,43.365999999999985,1.0152430434395308,tp,43.365999999999985,43.365999999999985,86.59199999999997,Tuesday,2026-04-28,0,30,1.0
h02_r15_t3,1777334400000000000,-1,1777342525000000000,1777372790000000000,6053,4343.827499999999,4291.042499999999,4361.4225,4291.042499999999,17.595000000000255,0.40492962405984484,tp,52.785000000000764,17.595000000000255,105.43000000000153,Tuesday,2026-04-28,2,15,3.0
h04_r30_t3,1777334400000000000,1,1777352775000000000,1777353040000000000,53,4325.9545,4313.9805,4313.9805,4361.8765,11.97400000000016,0.27728674434354744,sl,-11.97400000000016,11.97400000000016,-24.08800000000032,Tuesday,2026-04-28,4,30,3.0
h05_r60_t2,1777334400000000000,-1,1777360755000000000,1777375605000000000,2970,4305.2315,4337.5125,4337.5125,4240.6695,32.28099999999995,0.7463534607081225,sl,-32.28099999999995,32.28099999999995,-64.7019999999999,Tuesday,2026-04-28,5,60,2.0
h06_r60_t3,1777334400000000000,-1,1777360370000000000,1777363535000000000,633,4310.4715,4325.5045,4325.5045,4265.372499999999,15.033000000000357,0.3484421912895098,sl,-15.033000000000357,15.033000000000357,-30.206000000000714,Tuesday,2026-04-28,6,60,3.0
h13_r30_t3,1777334400000000000,1,1777383650000000000,1777394515000000000,2173,4343.3355,4400.605500000001,4324.2455,4400.605500000001,19.090000000000146,0.4409700185431507,tp,57.27000000000044,19.090000000000146,114.40000000000087,Tuesday,2026-04-28,13,30,3.0
h14_r15_t2,1777334400000000000,-1,1777386135000000000,1777386815000000000,136,4358.0055,4378.8685000000005,4378.8685000000005,4316.2795,20.863000000000284,0.477547015651614,sl,-20.863000000000284,20.863000000000284,-41.86600000000057,Tuesday,2026-04-28,14,15,2.0
h00_r30_t1,1777420800000000000,1,1777424550000000000,1777436585000000000,2407,4456.959,4443.202,4443.202,4470.715999999999,13.756999999999607,0.30897089133508365,sl,-13.756999999999607,13.756999999999607,-27.653999999999215,Wednesday,2026-04-29,0,30,1.0
h01_r60_t3,1777420800000000000,-1,1777430785000000000,1777472610000000000,8365,4449.2919999999995,4465.152,4465.152,4401.711999999998,15.860000000000582,0.35590950024787055,sl,-15.860000000000582,15.860000000000582,-31.860000000001165,Wednesday,2026-04-29,1,60,3.0
h02_r15_t3,1777420800000000000,1,1777429020000000000,1777429335000000000,63,4459.447,4455.063,4455.063,4472.599,4.3840000000000146,0.09835226307794608,sl,-4.3840000000000146,4.3840000000000146,-8.90800000000003,Wednesday,2026-04-29,2,15,3.0
h04_r30_t3,1777420800000000000,-1,1777437000000000000,1777441745000000000,949,4438.9439999999995,4449.082,4449.082,4408.529999999997,10.13800000000083,0.22836331887724964,sl,-10.13800000000083,10.13800000000083,-20.41600000000166,Wednesday,2026-04-29,4,30,3.0
h05_r60_t2,1777420800000000000,-1,1777443740000000000,1777455015000000000,2255,4435.666,4449.2919999999995,4449.2919999999995,4408.414000000002,13.625999999999294,0.3067934968604505,sl,-13.625999999999294,13.625999999999294,-27.39199999999859,Wednesday,2026-04-29,5,60,2.0
h06_r60_t3,1777420800000000000,1,1777446005000000000,1777450595000000000,918,4446.693,4434.956,4434.956,4481.904,11.73700000000008,0.26396617670508227,sl,-11.73700000000008,11.73700000000008,-23.61400000000016,Wednesday,2026-04-29,6,60,3.0
h13_r30_t3,1777420800000000000,1,1777469810000000000,1777484035000000000,2845,4453.428,4498.103999999999,4438.536,4498.103999999999,14.891999999999825,0.3346140883046809,tp,44.675999999999476,14.891999999999825,89.21199999999895,Wednesday,2026-04-29,13,30,3.0
h14_r15_t2,1777420800000000000,1,1777472550000000000,1777474050000000000,300,4461.525,4450.521,4450.521,4483.532999999999,11.003999999999905,0.2468728098002472,sl,-11.003999999999905,11.003999999999905,-22.14799999999981,Wednesday,2026-04-29,14,15,2.0
h00_r30_t1,1777507200000000000,1,1777511185000000000,1777528260000000000,3415,4404.003500000001,4386.7755,4386.7755,4421.231500000002,17.228000000000975,0.3916629979520212,sl,-17.228000000000975,17.228000000000975,-34.59600000000195,Thursday,2026-04-30,0,30,1.0
h01_r60_t3,1777507200000000000,1,1777515805000000000,1777524780000000000,1795,4409.7275,4393.2165,4393.2165,4459.2604999999985,16.510999999999513,0.37542154204778144,sl,-16.510999999999513,16.510999999999513,-33.161999999999026,Thursday,2026-04-30,1,60,3.0
h02_r15_t3,1777507200000000000,1,1777515360000000000,1777524470000000000,1822,4405.6585,4397.0735,4397.0735,4431.413499999997,8.584999999999127,0.1949754475151901,sl,-8.584999999999127,8.584999999999127,-17.309999999998254,Thursday,2026-04-30,2,15,3.0
h04_r30_t3,1777507200000000000,-1,1777524095000000000,1777529330000000000,1047,4399.7225,4369.1345,4409.9185,4369.1345,10.195999999999913,0.2315909235710183,tp,30.587999999999738,10.195999999999913,61.035999999999476,Thursday,2026-04-30,4,30,3.0
h05_r60_t2,1777507200000000000,-1,1777528800000000000,1777540120000000000,2264,4377.1255,4401.4185,4401.4185,4328.539500000001,24.292999999999665,0.5549467023412058,sl,-24.292999999999665,24.292999999999665,-48.72599999999933,Thursday,2026-04-30,5,60,2.0
h06_r60_t3,1777507200000000000,1,1777532450000000000,1777555255000000000,4561,4394.5515,4353.621499999999,4353.621499999999,4517.3415,40.93000000000029,0.9316193025237436,sl,-40.93000000000029,40.93000000000029,-82.00000000000058,Thursday,2026-04-30,6,60,3.0
h13_r30_t3,1777507200000000000,-1,1777561715000000000,1777593595000000000,5562,4320.4155,4324.568,4390.586499999999,4109.902500000002,70.17099999999937,1.6115439746924225,session_end,-4.1525000000001455,70.17099999999937,-8.445000000000292,Thursday,2026-04-30,13,30,3.0
h14_r15_t2,1777507200000000000,-1,1777558520000000000,1777561725000000000,641,4344.5315,4310.493500000001,4361.550499999999,4310.493500000001,17.018999999999323,0.39148873719404825,tp,34.03799999999865,17.018999999999323,67.93599999999729,Thursday,2026-04-30,14,15,2.0
h00_r30_t1,1777593600000000000,1,1777596345000000000,1777597200000000000,171,4634.7865,4645.0255,4624.547500000001,4645.0255,10.238999999999578,0.22116785222988408,tp,10.238999999999578,10.238999999999578,20.337999999999155,Friday,2026-05-01,0,30,1.0
h01_r60_t3,1777593600000000000,-1,1777600870000000000,1777615260000000000,2867,4633.4285,4651.8634999999995,4651.8634999999995,4578.1235000000015,18.43499999999949,0.397701121404971,sl,-18.43499999999949,18.43499999999949,-37.00999999999898,Friday,2026-05-01,1,60,3.0
h02_r15_t3,1777593600000000000,-1,1777604730000000000,1777614605000000000,1964,4631.1685,4644.8285,4644.8285,4590.1885,13.659999999999854,0.2946989674857045,sl,-13.659999999999854,13.659999999999854,-27.45999999999971,Friday,2026-05-01,2,15,3.0
h04_r30_t3,1777593600000000000,1,1777609800000000000,1777615905000000000,1217,4633.056500000001,4655.283500000002,4625.6475,4655.283500000002,7.40900000000056,0.1599285599187721,tp,22.22700000000168,7.40900000000056,44.31400000000336,Friday,2026-05-01,4,30,3.0
h05_r60_t2,1777593600000000000,1,1777615200000000000,1777626810000000000,2322,4649.0695,4675.011499999999,4636.0985,4675.011499999999,12.970999999999549,0.27900206697274693,tp,25.941999999999098,12.970999999999549,51.743999999998195,Friday,2026-05-01,5,60,2.0
h06_r60_t3,1777593600000000000,-1,1777620195000000000,1777625655000000000,1092,4648.958500000001,4666.0815,4666.0815,4597.589500000002,17.122999999999593,0.36765720254801915,sl,-17.122999999999593,17.122999999999593,-34.385999999999186,Friday,2026-05-01,6,60,3.0
h13_r30_t3,1777593600000000000,1,1777642200000000000,1777642325000000000,25,4667.7245,4659.9025,4659.9025,4691.190500000001,7.822000000000116,0.16767659553487893,sl,-7.822000000000116,7.822000000000116,-15.784000000000233,Friday,2026-05-01,13,30,3.0
h14_r15_t2,1777593600000000000,1,1777645885000000000,1777647780000000000,379,4681.835499999999,4672.3835,4672.3835,4700.739499999998,9.451999999999316,0.2020591347905516,sl,-9.451999999999316,9.451999999999316,-19.043999999998633,Friday,2026-05-01,14,15,2.0
h00_r30_t1,1777852800000000000,1,1777855300000000000,1777859270000000000,794,4823.653,4841.521000000001,4805.785,4841.521000000001,17.868000000000393,0.37137757218667966,tp,17.868000000000393,17.868000000000393,35.596000000000785,Monday,2026-05-04,0,30,1.0
h01_r60_t3,1777852800000000000,-1,1777862140000000000,1777939195000000000,14623,4808.621,4791.381,4844.151,4702.031000000001,35.529999999999745,0.7364531892071104,session_end,17.23999999999978,35.529999999999745,34.33999999999956,Monday,2026-05-04,1,60,3.0
h02_r15_t3,1777852800000000000,-1,1777861425000000000,1777874385000000000,2592,4814.067,4776.761999999999,4826.502,4776.761999999999,12.4350000000004,0.25807970024152604,tp,37.3050000000012,12.4350000000004,74.4700000000024,Monday,2026-05-04,2,15,3.0
h04_r30_t3,1777852800000000000,-1,1777869105000000000,1777887035000000000,3586,4794.584,4771.922,4802.138,4771.922,7.554000000000087,0.15751114869915867,tp,22.662000000000262,7.554000000000087,45.18400000000052,Monday,2026-05-04,4,30,3.0
h05_r60_t2,1777852800000000000,1,1777880475000000000,1777886785000000000,1262,4795.418,4776.682,4776.682,4832.889999999999,18.735999999999876,0.39192446501034256,sl,-18.735999999999876,18.735999999999876,-37.61199999999975,Monday,2026-05-04,5,60,2.0
h06_r60_t3,1777852800000000000,1,1777880405000000000,1777886785000000000,1276,4793.743,4777.92,4777.92,4841.212000000001,15.82300000000032,0.3307972143876681,sl,-15.82300000000032,15.82300000000032,-31.78600000000064,Monday,2026-05-04,6,60,3.0
h13_r30_t3,1777852800000000000,1,1777901655000000000,1777903130000000000,295,4781.464,4767.706,4767.706,4822.737999999999,13.75799999999981,0.28819771896888585,sl,-13.75799999999981,13.75799999999981,-27.655999999999622,Monday,2026-05-04,13,30,3.0
h14_r15_t2,1777852800000000000,-1,1777904470000000000,1777908540000000000,814,4763.836,4779.705,4779.705,4732.098000000001,15.868999999999687,0.33253613231706136,sl,-15.868999999999687,15.868999999999687,-31.877999999999375,Monday,2026-05-04,14,15,2.0
h00_r30_t1,1777939200000000000,1,1777943045000000000,1777952405000000000,1872,4794.0525,4802.8755,4785.2294999999995,4802.8755,8.82300000000032,0.18436850547939562,tp,8.82300000000032,8.82300000000032,17.50600000000064,Tuesday,2026-05-05,0,30,1.0
h01_r60_t3,1777939200000000000,1,1777952310000000000,1777968580000000000,3254,4802.2915,4852.3105,4785.6185000000005,4852.3105,16.672999999999774,0.3476616661674357,tp,50.01899999999932,16.672999999999774,99.89799999999865,Tuesday,2026-05-05,1,60,3.0
h02_r15_t3,1777939200000000000,1,1777948070000000000,1777955740000000000,1534,4798.0685,4817.8745,4791.4665,4817.8745,6.601999999999862,0.1377690286167028,tp,19.805999999999585,6.601999999999862,39.47199999999917,Tuesday,2026-05-05,2,15,3.0
h04_r30_t3,1777939200000000000,1,1777955690000000000,1777960390000000000,940,4813.7405,4836.9484999999995,4806.0045,4836.9484999999995,7.735999999999876,0.16075271168899083,tp,23.20799999999963,7.735999999999876,46.27599999999926,Tuesday,2026-05-05,4,30,3.0
h05_r60_t2,1777939200000000000,1,1777961240000000000,1778003840000000000,8520,4844.2155,4890.747500000001,4820.9495,4890.747500000001,23.26600000000053,0.4805184626094228,tp,46.53200000000106,23.26600000000053,92.92400000000212,Tuesday,2026-05-05,5,60,2.0
h06_r60_t3,1777939200000000000,1,1777965180000000000,1778000115000000000,6987,4844.4555,4880.3595,4832.4875,4880.3595,11.967999999999847,0.24728608787437273,tp,35.90399999999954,11.967999999999847,71.66799999999908,Tuesday,2026-05-05,6,60,3.0
h13_r30_t3,1777939200000000000,-1,1777988020000000000,1777988655000000000,127,4843.3115,4856.0545,4856.0545,4805.082499999999,12.743000000000393,0.2629198337970395,sl,-12.743000000000393,12.743000000000393,-25.626000000000786,Tuesday,2026-05-05,13,30,3.0
h14_r15_t2,1777939200000000000,1,1777991300000000000,1777991665000000000,73,4876.9115,4860.0625,4860.0625,4910.6095000000005,16.84900000000016,0.34605832096298567,sl,-16.84900000000016,16.84900000000016,-33.83800000000032,Tuesday,2026-05-05,14,15,2.0
h00_r30_t1,1778025600000000000,1,1778029200000000000,1778038750000000000,1910,4919.3185,4933.8395,4904.797500000001,4933.8395,14.52099999999973,0.2952574088086936,tp,14.52099999999973,14.52099999999973,28.90199999999946,Wednesday,2026-05-06,0,30,1.0
h01_r60_t3,1778025600000000000,1,1778032800000000000,1778079725000000000,9384,4929.1515,4914.4635,4914.4635,4973.2155,14.688000000000102,0.29803425831563574,sl,-14.688000000000102,14.688000000000102,-29.516000000000204,Wednesday,2026-05-06,1,60,3.0
h02_r15_t3,1778025600000000000,1,1778034275000000000,1778038170000000000,779,4930.1165,4923.1435,4923.1435,4951.0355,6.972999999999956,0.14151753763137545,sl,-6.972999999999956,6.972999999999956,-14.085999999999913,Wednesday,2026-05-06,2,15,3.0
h04_r30_t3,1778025600000000000,1,1778043175000000000,1778046985000000000,762,4940.1195,4934.7915,4934.7915,4956.103499999998,5.32799999999952,0.10793663463174717,sl,-5.32799999999952,5.32799999999952,-10.79599999999904,Wednesday,2026-05-06,4,30,3.0
h06_r60_t3,1778025600000000000,1,1778050800000000000,1778078395000000000,5518,4947.691,4927.6285,4927.6285,5007.537999999999,19.948999999999614,0.4032091397036015,sl,-20.0625,20.0625,-40.265,Wednesday,2026-05-06,6,60,3.0
h13_r30_t3,1778025600000000000,-1,1778074215000000000,1778094140000000000,3985,4936.8875,4952.4575,4952.4575,4890.177499999998,15.570000000000618,0.315070859071974,sl,-15.570000000000618,15.570000000000618,-31.280000000001237,Wednesday,2026-05-06,13,30,3.0
h14_r15_t2,1778025600000000000,-1,1778077885000000000,1778078905000000000,204,4939.5785,4920.184499999999,4949.2755,4920.184499999999,9.697000000000116,0.19612342244979364,tp,19.394000000000233,9.697000000000116,38.648000000000465,Wednesday,2026-05-06,14,15,2.0
h00_r30_t1,1778112000000000000,1,1778116235000000000,1778118060000000000,365,4931.898999999999,4949.657999999999,4914.139999999999,4949.657999999999,17.759000000000015,0.36088002786410833,tp,17.759000000000015,17.759000000000015,35.37800000000003,Thursday,2026-05-07,0,30,1.0
h01_r60_t3,1778112000000000000,-1,1778120990000000000,1778198395000000000,14715,4917.126,4912.28,4950.916,4815.756,33.789999999999964,0.6839777750743431,session_end,4.846000000000458,33.789999999999964,9.552000000000916,Thursday,2026-05-07,1,60,3.0
h02_r15_t3,1778112000000000000,-1,1778120190000000000,1778149860000000000,5934,4928.763,4882.791000000001,4944.0869999999995,4882.791000000001,15.323999999999614,0.3108207359052028,tp,45.97199999999884,15.323999999999614,91.80399999999769,Thursday,2026-05-07,2,15,3.0
h04_r30_t3,1778112000000000000,1,1778128200000000000,1778131135000000000,587,4917.258,4903.358,4903.358,4958.957999999999,13.899999999999636,0.28269574595779934,sl,-13.899999999999636,13.899999999999636,-27.939999999999273,Thursday,2026-05-07,4,30,3.0
h05_r60_t2,1778112000000000000,-1,1778137580000000000,1778145185000000000,1521,4893.656,4917.813,4917.813,4845.342,24.157000000000153,0.49256734492805,sl,-24.157000000000153,24.157000000000153,-48.454000000000306,Thursday,2026-05-07,5,60,2.0
h06_r60_t3,1778112000000000000,-1,1778137575000000000,1778145185000000000,1522,4894.211,4917.182,4917.182,4825.298000000002,22.97099999999955,0.4690401063900726,sl,-22.97099999999955,22.97099999999955,-46.0819999999991,Thursday,2026-05-07,6,60,3.0
h13_r30_t3,1778112000000000000,-1,1778160670000000000,1778161980000000000,262,4869.075,4887.743,4887.743,4813.070999999998,18.668000000000575,0.38298196222249714,sl,-18.668000000000575,18.668000000000575,-37.47600000000115,Thursday,2026-05-07,13,30,3.0
h14_r15_t2,1778112000000000000,-1,1778163380000000000,1778166840000000000,692,4876.898,4890.748,4890.748,4849.198000000001,13.849999999999454,0.28365232785374633,sl,-13.849999999999454,13.849999999999454,-27.83999999999891,Thursday,2026-05-07,14,15,2.0
h00_r30_t1,1778198400000000000,1,1778200260000000000,1778202030000000000,354,4922.139499999999,4933.0014999999985,4911.2775,4933.0014999999985,10.86199999999917,0.22076614306689069,tp,10.86199999999917,10.86199999999917,21.58399999999834,Friday,2026-05-08,0,30,1.0
h01_r60_t3,1778198400000000000,1,1778205600000000000,1778210945000000000,1069,4937.577,4922.271500000001,4922.271500000001,4982.423999999996,14.948999999998705,0.3027921838741683,sl,-15.305499999999483,15.305499999999483,-30.750999999998967,Friday,2026-05-08,1,60,3.0
h02_r15_t3,1778198400000000000,-1,1778206500000000000,1778214280000000000,1556,4935.5825,4918.644500000004,4941.228499999999,4918.644500000004,5.645999999998821,0.11438271471751252,tp,16.937999999996464,5.645999999998821,33.73599999999293,Friday,2026-05-08,2,15,3.0
h04_r30_t3,1778198400000000000,-1,1778214970000000000,1778241720000000000,5350,4917.336499999999,4931.1314999999995,4931.1314999999995,4875.951499999999,13.795000000000073,0.28042040497016096,sl,-13.795000000000073,13.795000000000073,-27.730000000000146,Friday,2026-05-08,4,30,3.0
h05_r60_t2,1778198400000000000,-1,1778221275000000000,1778224920000000000,729,4912.1715,4887.7615000000005,4924.3765,4887.7615000000005,12.204999999999927,0.2482246749563457,tp,24.409999999999854,12.204999999999927,48.67999999999971,Friday,2026-05-08,5,60,2.0
h06_r60_t3,1778198400000000000,-1,1778223600000000000,1778241595000000000,3599,4900.202499999999,4921.1885,4921.1885,4837.244499999997,20.986000000000786,0.4280631651197828,sl,-20.986000000000786,20.986000000000786,-42.11200000000157,Friday,2026-05-08,6,60,3.0
h13_r30_t3,1778198400000000000,-1,1778247000000000000,1778251920000000000,984,4920.878500000001,4880.240500000003,4934.4245,4880.240500000003,13.545999999999367,0.2752037947486656,tp,40.6379999999981,13.545999999999367,81.1359999999962,Friday,2026-05-08,13,30,3.0
h14_r15_t2,1778198400000000000,-1,1778249700000000000,1778252120000000000,484,4905.0275,4872.3634999999995,4921.3595000000005,4872.3634999999995,16.332000000000335,0.33294480938288573,tp,32.66400000000067,16.332000000000335,65.18800000000134,Friday,2026-05-08,14,15,2.0
h02_r15_t3,1778457600000000000,1,1778466720000000000,1778468320000000000,320,4846.8265,4794.7895,4794.7895,5002.937500000001,52.03700000000026,1.0776906723125173,sl,-52.03700000000026,52.03700000000026,-104.21400000000052,Monday,2026-05-11,2,15,3.0
h13_r30_t3,1778457600000000000,-1,1778506315000000000,1778543995000000000,6774,4817.3445,4872.069,4902.2215,4562.713500000002,84.8769999999995,1.7548722012773823,session_end,-54.72450000000026,84.8769999999995,-109.58900000000052,Monday,2026-05-11,13,30,3.0
h14_r15_t2,1778457600000000000,-1,1778509190000000000,1778509985000000000,159,4795.9995,4835.7915,4835.7915,4716.415499999999,39.79200000000037,0.8250061965653224,sl,-39.79200000000037,39.79200000000037,-79.72400000000074,Monday,2026-05-11,14,15,2.0
h00_r30_t1,1778544000000000000,-1,1778545890000000000,1778546565000000000,135,4857.631,4842.9400000000005,4872.322,4842.9400000000005,14.690999999999804,0.302209828371309,tp,14.690999999999804,14.690999999999804,29.241999999999607,Tuesday,2026-05-12,0,30,1.0
h01_r60_t3,1778544000000000000,1,1778560240000000000,1778630395000000000,13263,4838.167,4860.512,4783.52,5002.108,54.646999999999935,1.1345835268529023,session_end,22.344999999999345,54.646999999999935,44.54999999999869,Tuesday,2026-05-12,1,60,3.0
h02_r15_t3,1778544000000000000,1,1778558485000000000,1778573135000000000,2929,4821.324,4898.054999999998,4795.747,4898.054999999998,25.576999999999316,0.5326387808596423,tp,76.73099999999795,25.576999999999316,153.3219999999959,Tuesday,2026-05-12,2,15,3.0
h04_r30_t3,1778544000000000000,1,1778560205000000000,1778567665000000000,1492,4833.801,4889.751000000002,4815.07,4889.751000000002,18.650000000000546,0.38593108408973853,tp,55.95000000000164,18.731000000000677,111.76000000000327,Tuesday,2026-05-12,4,30,3.0
h05_r60_t2,1778544000000000000,1,1778566945000000000,1778567545000000000,120,4842.609,4880.921000000002,4823.4529999999995,4880.921000000002,19.15600000000086,0.3968423316165185,tp,38.31200000000172,19.15600000000086,76.48400000000343,Tuesday,2026-05-12,5,60,2.0
h06_r60_t3,1778544000000000000,1,1778570720000000000,1778630395000000000,11167,4895.348,4860.512,4827.106,5100.0740000000005,68.24200000000019,1.3956672183862764,session_end,-34.83600000000024,68.24200000000019,-69.81200000000048,Tuesday,2026-05-12,6,60,3.0
h13_r30_t3,1778544000000000000,1,1778594955000000000,1778619330000000000,4868,4894.355,4864.923,4864.923,4982.650999999999,29.43199999999979,0.6027785321384218,sl,-29.43199999999979,29.43199999999979,-59.00399999999958,Tuesday,2026-05-12,13,30,3.0
h14_r15_t2,1778544000000000000,1,1778595345000000000,1778599240000000000,779,4912.873,4884.258,4884.258,4970.102999999999,28.61499999999978,0.5831896673831747,sl,-28.61499999999978,28.61499999999978,-57.369999999999564,Tuesday,2026-05-12,14,15,2.0
h00_r30_t1,1778630400000000000,-1,1778632235000000000,1778665480000000000,6649,4846.1605,4807.1625,4885.1585,4807.1625,38.99799999999959,0.8040508924340103,tp,38.99799999999959,38.99799999999959,77.85599999999918,Wednesday,2026-05-13,0,30,1.0
h01_r60_t3,1778630400000000000,1,1778637735000000000,1778665395000000000,5532,4852.6685,4815.1275000000005,4815.1275000000005,4965.2914999999975,37.54099999999926,0.7760308361716085,sl,-37.54099999999926,37.54099999999926,-75.22199999999852,Wednesday,2026-05-13,1,60,3.0
h02_r15_t3,1778630400000000000,-1,1778639050000000000,1778651170000000000,2424,4837.2685,4852.7875,4852.7875,4790.711499999999,15.519000000000233,0.3205709174072907,sl,-15.519000000000233,15.519000000000233,-31.178000000000466,Wednesday,2026-05-13,2,15,3.0
h04_r30_t3,1778630400000000000,1,1778646665000000000,1778665395000000000,3746,4831.0735,4817.1475,4817.1475,4872.851500000002,13.926000000000386,0.28833948775743345,sl,-13.926000000000386,13.926000000000386,-27.992000000000772,Wednesday,2026-05-13,4,30,3.0
h05_r60_t2,1778630400000000000,-1,1778660790000000000,1778697720000000000,7386,4827.4895,4739.409499999998,4871.529500000001,4739.409499999998,44.04000000000087,0.9070603962375298,tp,88.08000000000175,44.04000000000087,176.0200000000035,Wednesday,2026-05-13,5,60,2.0
h06_r60_t3,1778630400000000000,-1,1778655600000000000,1778682670000000000,5414,4847.219499999999,4787.222499999997,4867.2185,4787.222499999997,19.999000000000706,0.4125696877939529,tp,59.99700000000212,19.999000000000706,119.85400000000423,Wednesday,2026-05-13,6,60,3.0
h13_r30_t3,1778630400000000000,-1,1778679015000000000,1778684200000000000,1037,4816.2195,4763.125500000002,4833.9175,4763.125500000002,17.69799999999941,0.3673742672571905,tp,53.09399999999823,17.69799999999941,106.04799999999646,Wednesday,2026-05-13,13,30,3.0
h14_r15_t2,1778630400000000000,-1,1778681955000000000,1778684170000000000,443,4803.3855,4771.659500000002,4819.2485,4771.659500000002,15.862999999999374,0.32996514284256917,tp,31.72599999999875,15.862999999999374,63.3119999999975,Wednesday,2026-05-13,14,15,2.0
h00_r30_t1,1778716800000000000,-1,1778719895000000000,1778728375000000000,1696,4739.228,4720.268,4758.188,4720.268,18.960000000000036,0.39964748393874594,tp,18.960000000000036,18.960000000000036,37.78000000000007,Thursday,2026-05-14,0,30,1.0
h01_r60_t3,1778716800000000000,1,1778724640000000000,1778728040000000000,680,4745.296,4726.061,4726.061,4803.001000000002,19.235000000000582,0.40595062196870496,sl,-19.235000000000582,19.235000000000582,-38.610000000001165,Thursday,2026-05-14,1,60,3.0
h02_r15_t3,1778716800000000000,1,1778725120000000000,1778726115000000000,199,4745.998,4737.192,4737.192,4772.415999999998,8.805999999999585,0.18560227157283032,sl,-8.805999999999585,8.805999999999585,-17.75199999999917,Thursday,2026-05-14,2,15,3.0
h04_r30_t3,1778716800000000000,1,1778733160000000000,1778733830000000000,134,4728.412,4720.056,4720.056,4753.480000000002,8.356000000000677,0.17695291985025235,sl,-8.356000000000677,8.356000000000677,-16.852000000001354,Thursday,2026-05-14,4,30,3.0
h05_r60_t2,1778716800000000000,1,1778738405000000000,1778764645000000000,5247,4751.599,4800.053,4727.372,4800.053,24.22699999999986,0.5101753952980108,tp,48.45399999999972,24.22699999999986,96.76799999999945,Thursday,2026-05-14,5,60,2.0
h06_r60_t3,1778716800000000000,1,1778742000000000000,1778803195000000000,11452,4779.375,4797.183,4748.146,4873.062000000001,31.22900000000027,0.6534336705923518,session_end,17.807999999999993,31.22900000000027,35.475999999999985,Thursday,2026-05-14,6,60,3.0
h13_r30_t3,1778716800000000000,1,1778765645000000000,1778803195000000000,6724,4801.7119999999995,4797.183,4777.655,4873.882999999999,24.05699999999979,0.5012022228152908,session_end,-4.528999999999542,24.05699999999979,-9.197999999999084,Thursday,2026-05-14,13,30,3.0
h14_r15_t2,1778716800000000000,-1,1778768105000000000,1778776350000000000,1649,4793.126,4811.992,4811.992,4755.394,18.865999999999985,0.3933838286426212,sl,-18.865999999999985,18.865999999999985,-37.87199999999997,Thursday,2026-05-14,14,15,2.0
h00_r30_t1,1778803200000000000,-1,1778807910000000000,1778814260000000000,1269,4792.104,4775.892000000001,4808.316,4775.892000000001,16.211999999999534,0.3382170213369531,tp,16.211999999999534,16.211999999999534,32.28399999999907,Friday,2026-05-15,0,30,1.0
h01_r60_t3,1778803200000000000,-1,1778810760000000000,1778817525000000000,1352,4791.6849999999995,4754.736999999997,4804.001,4754.736999999997,12.316000000000713,0.2569655696181552,tp,36.94800000000214,12.316000000000713,73.75600000000428,Friday,2026-05-15,1,60,3.0
h02_r15_t3,1778803200000000000,-1,1778811345000000000,1778817515000000000,1233,4785.6630000000005,4758.693000000001,4794.653,4758.693000000001,8.989999999999782,0.18778550341867334,tp,26.969999999999345,8.989999999999782,53.79999999999869,Friday,2026-05-15,2,15,3.0
h04_r30_t3,1778803200000000000,-1,1778819720000000000,1778828690000000000,1794,4743.076,4759.023999999999,4759.023999999999,4695.232000000002,15.94799999999941,0.335800248123271,sl,-15.94799999999941,15.94799999999941,-32.03599999999882,Friday,2026-05-15,4,30,3.0
h05_r60_t2,1778803200000000000,1,1778825385000000000,1778850595000000000,5042,4743.469,4789.329000000001,4720.539,4789.329000000001,22.93000000000029,0.4836470148770558,tp,45.86000000000058,22.93000000000029,91.58000000000116,Friday,2026-05-15,5,60,2.0
h06_r60_t3,1778803200000000000,1,1778828430000000000,1778864395000000000,7189,4753.727,4759.232,4733.279,4815.070999999998,20.44799999999941,0.430439172995992,session_end,5.505000000000109,20.44799999999941,10.870000000000218,Friday,2026-05-15,6,60,3.0
h13_r30_t3,1778803200000000000,-1,1778852115000000000,1778864395000000000,2452,4766.521,4759.332,4790.93,4693.293999999998,24.40900000000056,0.5118067392255773,session_end,7.188999999999396,24.40900000000056,14.237999999998792,Friday,2026-05-15,13,30,3.0
h14_r15_t2,1778803200000000000,-1,1778854545000000000,1778863675000000000,1822,4750.381,4758.22,4758.22,4734.703,7.838999999999942,0.1649590664145938,sl,-7.838999999999942,7.838999999999942,-15.817999999999884,Friday,2026-05-15,14,15,2.0
h00_r30_t1,1779062400000000000,1,1779065530000000000,1779072310000000000,1355,4759.9385,4739.1075,4739.1075,4780.7695,20.83100000000013,0.4384661829457078,sl,-20.83100000000013,20.83100000000013,-41.80200000000026,Monday,2026-05-18,0,30,1.0
h01_r60_t3,1779062400000000000,1,1779069645000000000,1779071835000000000,437,4769.2315,4745.7785,4745.7785,4839.590499999998,23.45299999999952,0.49200437817394316,sl,-23.45299999999952,23.45299999999952,-47.04599999999904,Monday,2026-05-18,1,60,3.0
h02_r15_t3,1779062400000000000,-1,1779071235000000000,1779076150000000000,981,4758.7585,4727.2705,4769.2545,4727.2705,10.496000000000095,0.2205060778353281,tp,31.488000000000284,10.496000000000095,62.83600000000057,Monday,2026-05-18,2,15,3.0
h04_r30_t3,1779062400000000000,-1,1779080595000000000,1779084180000000000,716,4713.6185000000005,4731.8645,4731.8645,4658.880500000003,18.245999999999185,0.3868013935110428,sl,-18.245999999999185,18.245999999999185,-36.63199999999837,Monday,2026-05-18,4,30,3.0
h05_r60_t2,1779062400000000000,1,1779084005000000000,1779148795000000000,10390,4730.5735,4729.808,4705.7605,4780.199500000001,24.813000000000102,0.524540884033088,session_end,-0.7655000000004293,24.813000000000102,-1.6710000000008587,Monday,2026-05-18,5,60,2.0
h06_r60_t3,1779062400000000000,1,1779090065000000000,1779115455000000000,5071,4742.1945,4724.8495,4724.8495,4794.229499999998,17.344999999999345,0.3663478310550246,sl,-17.344999999999345,17.344999999999345,-34.82999999999869,Monday,2026-05-18,6,60,3.0
h13_r30_t3,1779062400000000000,-1,1779111520000000000,1779148795000000000,4895,4732.762500000001,4729.885,4742.6795,4703.011500000002,9.916999999999462,0.20948938098812492,session_end,2.8775000000005093,9.916999999999462,5.615000000001019,Monday,2026-05-18,13,30,3.0
h14_r15_t2,1779062400000000000,1,1779113805000000000,1779113910000000000,21,4737.6775,4733.8405,4733.8405,4745.351499999999,3.8369999999995343,0.0810363957325802,sl,-3.8369999999995343,3.8369999999995343,-7.813999999999068,Monday,2026-05-18,14,15,2.0
h00_r30_t1,1779148800000000000,1,1779152170000000000,1779162145000000000,1995,4732.755999999999,4745.628999999999,4719.883,4745.628999999999,12.872999999999593,0.2726284470089886,tp,12.872999999999593,12.872999999999593,25.605999999999185,Tuesday,2026-05-19,0,30,1.0
h01_r60_t3,1779148800000000000,-1,1779156030000000000,1779161740000000000,1142,4725.74,4740.993,4740.993,4679.980999999998,15.253000000000611,0.3226536587016984,sl,-15.253000000000611,15.253000000000611,-30.646000000001223,Tuesday,2026-05-19,1,60,3.0
h02_r15_t3,1779148800000000000,1,1779157815000000000,1779177470000000000,3930,4728.104,4749.749000000001,4720.889,4749.749000000001,7.2150000000001455,0.15275925776150723,tp,21.645000000000437,7.2150000000001455,43.15000000000087,Tuesday,2026-05-19,2,15,3.0
h04_r30_t3,1779148800000000000,-1,1779165040000000000,1779175875000000000,2167,4736.892,4747.737999999999,4747.737999999999,4704.354000000001,10.845999999999549,0.22892351282559598,sl,-10.845999999999549,10.845999999999549,-21.8319999999991,Tuesday,2026-05-19,4,30,3.0
h05_r60_t2,1779148800000000000,-1,1779170410000000000,1779175865000000000,1091,4728.036,4746.523999999999,4746.523999999999,4691.060000000001,18.487999999999374,0.3908833354475744,sl,-18.487999999999374,18.487999999999374,-37.11599999999875,Tuesday,2026-05-19,5,60,2.0
h06_r60_t3,1779148800000000000,1,1779174000000000000,1779201245000000000,5449,4739.307,4727.218,4727.218,4775.574,12.088999999999942,0.2551175452665332,sl,-12.088999999999942,12.088999999999942,-24.317999999999884,Tuesday,2026-05-19,6,60,3.0
h13_r30_t3,1779148800000000000,-1,1779198995000000000,1779235195000000000,6393,4748.8,4746.769,4772.773,4676.881,23.972999999999956,0.5045687539911079,session_end,2.030999999999949,23.972999999999956,3.921999999999898,Tuesday,2026-05-19,13,30,3.0
h14_r15_t2,1779148800000000000,-1,1779200175000000000,1779201050000000000,175,4746.928,4730.611999999999,4755.086,4730.611999999999,8.158000000000357,0.17169011428610664,tp,16.316000000000713,8.158000000000357,32.492000000001426,Tuesday,2026-05-19,14,15,2.0
h00_r30_t1,1779235200000000000,1,1779238800000000000,1779248350000000000,1910,4760.7744999999995,4774.827499999999,4746.7215,4774.827499999999,14.052999999999884,0.29525729962375624,tp,14.052999999999884,14.052999999999884,27.965999999999767,Wednesday,2026-05-20,0,30,1.0
h01_r60_t3,1779235200000000000,1,1779242400000000000,1779289325000000000,9384,4770.2915,4756.0765,4756.0765,4812.936500000001,14.215000000000146,0.29804215760717007,sl,-14.215000000000146,14.215000000000146,-28.57000000000029,Wednesday,2026-05-20,1,60,3.0
h02_r15_t3,1779235200000000000,1,1779243875000000000,1779247770000000000,779,4771.2245,4764.4765,4764.4765,4791.468500000002,6.748000000000502,0.1415119316808684,sl,-6.748000000000502,6.748000000000502,-13.636000000001005,Wednesday,2026-05-20,2,15,3.0
h04_r30_t3,1779235200000000000,1,1779252775000000000,1779256585000000000,762,4780.9055,4775.7495,4775.7495,4796.3735,5.155999999999949,0.10793065267168556,sl,-5.155999999999949,5.155999999999949,-10.451999999999899,Wednesday,2026-05-20,4,30,3.0
h06_r60_t3,1779235200000000000,1,1779260400000000000,1779287995000000000,5518,4788.233,4768.8165,4768.8165,4846.150999999999,19.305999999999585,0.40320774252430025,sl,-19.41650000000027,19.41650000000027,-38.97300000000054,Wednesday,2026-05-20,6,60,3.0
h13_r30_t3,1779235200000000000,-1,1779283815000000000,1779303740000000000,3985,4777.7775,4792.845499999999,4792.845499999999,4732.573500000002,15.067999999999302,0.3150666929152399,sl,-15.067999999999302,15.067999999999302,-30.275999999998604,Wednesday,2026-05-20,13,30,3.0
h14_r15_t2,1779235200000000000,-1,1779287485000000000,1779288505000000000,204,4780.3825,4761.6145,4789.7665,4761.6145,9.384000000000015,0.1961134469477497,tp,18.76800000000003,9.384000000000015,37.39600000000006,Wednesday,2026-05-20,14,15,2.0
h00_r30_t1,1779321600000000000,1,1779324320000000000,1779327080000000000,552,4772.8675,4785.785500000001,4759.9495,4785.785500000001,12.918000000000575,0.27097044989423436,tp,12.918000000000575,12.918000000000575,25.69600000000115,Thursday,2026-05-21,0,30,1.0
h01_r60_t3,1779321600000000000,-1,1779331095000000000,1779346375000000000,3055,4768.5145,4787.4105,4787.4105,4711.826500000001,18.89599999999973,0.3950007405218631,sl,-18.89599999999973,18.89599999999973,-37.93199999999946,Thursday,2026-05-21,1,60,3.0
h02_r15_t3,1779321600000000000,-1,1779329985000000000,1779336190000000000,1240,4779.2095,4756.4275,4786.8035,4756.4275,7.594000000000051,0.15872908045718845,tp,22.782000000000153,7.594000000000051,45.424000000000305,Thursday,2026-05-21,2,15,3.0
h04_r30_t3,1779321600000000000,-1,1779337835000000000,1779341060000000000,644,4748.8375,4760.8235,4760.8235,4712.879499999997,11.986000000000786,0.2523022368616344,sl,-11.986000000000786,11.986000000000786,-24.112000000001572,Thursday,2026-05-21,4,30,3.0
h05_r60_t2,1779321600000000000,1,1779344685000000000,1779350695000000000,1202,4773.9835,4832.227500000001,4744.8615,4832.227500000001,29.1220000000003,0.610953505582284,tp,58.2440000000006,29.1220000000003,116.34800000000119,Thursday,2026-05-21,5,60,2.0
h06_r60_t3,1779321600000000000,1,1779347205000000000,1779407995000000000,11384,4796.8405,4833.092,4763.9965,4895.3725,32.84400000000005,0.6850472951488237,session_end,36.251499999999396,32.84400000000005,72.36299999999879,Thursday,2026-05-21,6,60,3.0
h13_r30_t3,1779321600000000000,-1,1779370200000000000,1779407995000000000,6785,4839.8495,4833.189,4853.8205,4797.936500000002,13.970999999999549,0.2886128085955333,session_end,6.660499999999956,13.970999999999549,13.180999999999912,Thursday,2026-05-21,13,30,3.0
h14_r15_t2,1779321600000000000,1,1779373415000000000,1779380160000000000,1349,4832.2435000000005,4815.1295,4815.1295,4866.4715000000015,17.114000000000487,0.3545604493557611,sl,-17.114000000000487,17.114000000000487,-34.368000000000976,Thursday,2026-05-21,14,15,2.0
h00_r30_t1,1779408000000000000,-1,1779411040000000000,1779413490000000000,490,4808.6115,4840.0415,4840.0415,4777.1815,31.43000000000029,0.6523271610620311,sl,-31.43000000000029,31.43000000000029,-63.00000000000058,Friday,2026-05-22,0,30,1.0
h01_r60_t3,1779408000000000000,1,1779415205000000000,1779463425000000000,9644,4850.5975,4994.702499999999,4802.5625,4994.702499999999,48.034999999999854,0.9911023622940767,tp,144.10499999999956,48.034999999999854,288.06999999999914,Friday,2026-05-22,1,60,3.0
h02_r15_t3,1779408000000000000,1,1779418070000000000,1779446525000000000,5691,4871.2435000000005,4846.3235,4846.3235,4946.003500000001,24.920000000000073,0.5121257379660998,sl,-24.920000000000073,24.920000000000073,-49.980000000000146,Friday,2026-05-22,2,15,3.0
h04_r30_t3,1779408000000000000,1,1779424465000000000,1779428115000000000,730,4871.4145,4899.119499999999,4862.1795,4899.119499999999,9.234999999999673,0.1898253021403121,tp,27.704999999999018,9.234999999999673,55.269999999998035,Friday,2026-05-22,4,30,3.0
h05_r60_t2,1779408000000000000,-1,1779437860000000000,1779461260000000000,4680,4872.0465,4910.4115,4910.4115,4795.316500000001,38.36499999999978,0.784931845553479,sl,-38.36499999999978,38.36499999999978,-76.86999999999956,Friday,2026-05-22,5,60,2.0
h06_r60_t3,1779408000000000000,-1,1779433435000000000,1779461255000000000,5564,4884.5085,4907.8435,4907.8435,4814.5035,23.335000000000036,0.47689520884321357,sl,-23.335000000000036,23.335000000000036,-46.81000000000007,Friday,2026-05-22,6,60,3.0
h13_r30_t3,1779408000000000000,-1,1779456680000000000,1779458590000000000,382,4847.9035,4875.8205,4875.8205,4764.152500000002,27.91699999999946,0.5753659412505036,sl,-27.91699999999946,27.91699999999946,-55.973999999998924,Friday,2026-05-22,13,30,3.0
h14_r15_t2,1779408000000000000,1,1779459390000000000,1779462825000000000,687,4897.3925,4969.4185,4861.3795,4969.4185,36.01299999999992,0.7359016634467248,tp,72.02599999999984,36.01299999999992,143.9119999999997,Friday,2026-05-22,14,15,2.0
h00_r30_t1,1779667200000000000,-1,1779669700000000000,1779672775000000000,615,4969.1555,4946.7305,4991.5805,4946.7305,22.425000000000182,0.4502183483702284,tp,22.425000000000182,22.425000000000182,44.71000000000036,Monday,2026-05-25,0,30,1.0
h01_r60_t3,1779667200000000000,-1,1779674425000000000,1779688865000000000,2888,4923.2395,4988.836499999999,4988.836499999999,4726.4485,65.59699999999975,1.330584279989638,sl,-65.59699999999975,65.59699999999975,-131.3339999999995,Monday,2026-05-25,1,60,3.0
h02_r15_t3,1779667200000000000,1,1779675975000000000,1779753595000000000,14747,4947.8945,4978.606,4916.4655,5042.181500000001,31.429000000000087,0.6356462891020628,session_end,30.711499999999432,31.429000000000087,61.282999999998864,Monday,2026-05-25,2,15,3.0
h04_r30_t3,1779667200000000000,-1,1779685075000000000,1779686565000000000,298,4955.6245,4971.6075,4971.6075,4907.675499999999,15.983000000000175,0.32194429133027924,sl,-15.983000000000175,15.983000000000175,-32.10600000000035,Monday,2026-05-25,4,30,3.0
h05_r60_t2,1779667200000000000,1,1779688855000000000,1779693240000000000,877,4988.246499999999,4958.0725,4958.0725,5048.594499999997,30.17399999999907,0.6054466724260229,sl,-30.17399999999907,30.17399999999907,-60.48799999999814,Monday,2026-05-25,5,60,2.0
h06_r60_t3,1779667200000000000,-1,1779693240000000000,1779723185000000000,5988,4960.6785,4992.280500000001,4992.280500000001,4865.872499999998,31.60200000000077,0.6348608773362838,sl,-31.60200000000077,31.60200000000077,-63.34400000000154,Monday,2026-05-25,6,60,3.0
h13_r30_t3,1779667200000000000,-1,1779716350000000000,1779719440000000000,618,4950.3634999999995,4971.521500000001,4971.521500000001,4886.889499999996,21.158000000001266,0.42729152447936875,sl,-21.158000000001266,21.158000000001266,-42.45600000000253,Monday,2026-05-25,13,30,3.0
h14_r15_t2,1779667200000000000,1,1779718640000000000,1779723185000000000,909,4964.529500000001,4994.913500000002,4949.3375,4994.913500000002,15.192000000000917,0.3061647394833897,tp,30.384000000001834,15.192000000000917,60.62800000000367,Monday,2026-05-25,14,15,2.0
h00_r30_t1,1779753600000000000,1,1779755740000000000,1779758380000000000,528,4989.879,5008.468,4971.29,5008.468,18.588999999999942,0.37287677975998484,tp,18.588999999999942,18.588999999999942,37.03799999999988,Tuesday,2026-05-26,0,30,1.0
h01_r60_t3,1779753600000000000,1,1779762965000000000,1779839995000000000,14628,5011.315,5066.864,4989.618,5076.405999999997,21.696999999999207,0.434354026257813,session_end,55.54899999999998,21.696999999999207,110.95799999999996,Tuesday,2026-05-26,1,60,3.0
h02_r15_t3,1779753600000000000,-1,1779761950000000000,1779762130000000000,36,4994.041,4999.863,4999.863,4976.575,5.822000000000116,0.11650638533836813,sl,-5.822000000000116,5.822000000000116,-11.784000000000233,Tuesday,2026-05-26,2,15,3.0
h04_r30_t3,1779753600000000000,1,1779772500000000000,1779777700000000000,1040,5031.255,5062.689,5020.777,5062.689,10.478000000000065,0.20864322168392216,tp,31.434000000000196,10.478000000000065,62.72800000000039,Tuesday,2026-05-26,4,30,3.0
h05_r60_t2,1779753600000000000,1,1779775800000000000,1779803035000000000,5447,5051.081,5024.276,5024.276,5104.691000000001,26.80500000000029,0.5315333840839865,sl,-26.80500000000029,26.80500000000029,-53.75000000000058,Tuesday,2026-05-26,5,60,2.0
h06_r60_t3,1779753600000000000,-1,1779784590000000000,1779819920000000000,7066,5042.852,5071.26,5071.26,4957.627999999999,28.408000000000357,0.5609739240331426,sl,-28.408000000000357,28.408000000000357,-56.956000000000714,Tuesday,2026-05-26,6,60,3.0
h13_r30_t3,1779753600000000000,-1,1779802220000000000,1779804730000000000,502,5029.178,5043.391,5043.391,4986.539000000001,14.212999999999738,0.2825589948509918,sl,-14.212999999999738,14.212999999999738,-28.565999999999477,Tuesday,2026-05-26,13,30,3.0
h14_r15_t2,1779753600000000000,1,1779805105000000000,1779839995000000000,6200,5048.669,5066.864,5030.555,5084.896999999999,18.113999999999578,0.3588132184460099,session_end,18.19499999999971,18.113999999999578,36.24999999999942,Tuesday,2026-05-26,14,15,2.0
h00_r30_t1,1779840000000000000,1,1779841860000000000,1779843745000000000,377,5071.3634999999995,5081.2514999999985,5061.4755000000005,5081.2514999999985,9.88799999999901,0.19509806252508177,tp,9.88799999999901,9.88799999999901,19.63599999999802,Wednesday,2026-05-27,0,30,1.0
h01_r60_t3,1779840000000000000,1,1779851030000000000,1779910565000000000,11906,5139.547500000001,5075.0045,5075.0045,5333.176500000002,64.54300000000057,1.2581607788070497,sl,-64.54300000000057,64.54300000000057,-129.22600000000114,Wednesday,2026-05-27,1,60,3.0
h02_r15_t3,1779840000000000000,-1,1779848455000000000,1779850955000000000,500,5116.5415,5137.2225,5137.2225,5054.4985000000015,20.680999999999585,0.40372285531871005,sl,-20.680999999999585,20.680999999999585,-41.50199999999917,Wednesday,2026-05-27,2,15,3.0
h04_r30_t3,1779840000000000000,1,1779856290000000000,1779865455000000000,1833,5150.0175,5132.711499999999,5132.711499999999,5201.935500000001,17.306000000000495,0.33633516909316696,sl,-17.306000000000495,17.306000000000495,-34.75200000000099,Wednesday,2026-05-27,4,30,3.0
h05_r60_t2,1779840000000000000,1,1779862955000000000,1779864355000000000,280,5175.5035,5154.9635,5154.9635,5216.5835,20.539999999999964,0.3975450143761676,sl,-20.539999999999964,20.539999999999964,-41.21999999999993,Wednesday,2026-05-27,5,60,2.0
h06_r60_t3,1779840000000000000,-1,1779865200000000000,1779926395000000000,11479,5140.7474999999995,5069.567,5186.4085,5003.764499999999,45.66100000000006,0.8878218149919811,session_end,71.18049999999948,45.66100000000006,142.22099999999898,Wednesday,2026-05-27,6,60,3.0
h13_r30_t3,1779840000000000000,1,1779888765000000000,1779890685000000000,384,5168.1615,5154.4405,5154.4405,5209.3245000000015,13.721000000000458,0.2656770208933447,sl,-13.721000000000458,13.721000000000458,-27.582000000000917,Wednesday,2026-05-27,13,30,3.0
h14_r15_t2,1779840000000000000,-1,1779895145000000000,1779926395000000000,5490,5134.1345,5069.567,5178.4794999999995,5045.444500000001,44.344999999999345,0.8627380713013153,session_end,64.56750000000011,44.344999999999345,128.99500000000023,Wednesday,2026-05-27,14,15,2.0
h00_r30_t1,1779926400000000000,1,1779929940000000000,1779930400000000000,92,5079.055,5061.8189999999995,5061.8189999999995,5096.291000000001,17.236000000000786,0.33966784835712155,sl,-17.236000000000786,17.236000000000786,-34.61200000000157,Thursday,2026-05-28,0,30,1.0
h01_r60_t3,1779926400000000000,-1,1779936500000000000,1779942445000000000,1189,5055.112999999999,5080.661,5080.661,4978.468999999997,25.548000000000684,0.5048210728613756,sl,-25.548000000000684,25.548000000000684,-51.23600000000137,Thursday,2026-05-28,1,60,3.0
h02_r15_t3,1779926400000000000,1,1779935150000000000,1779936450000000000,260,5066.610000000001,5058.464,5058.464,5091.0480000000025,8.14600000000064,0.16096991388130633,sl,-8.14600000000064,8.14600000000064,-16.43200000000128,Thursday,2026-05-28,2,15,3.0
h04_r30_t3,1779926400000000000,1,1779942755000000000,1779975745000000000,6597,5081.314,5038.668,5038.668,5209.096000000003,42.59400000000096,0.839167121607932,sl,-42.64600000000064,42.64600000000064,-85.43200000000128,Thursday,2026-05-28,4,30,3.0
h05_r60_t2,1779926400000000000,-1,1779948000000000000,1779953235000000000,1047,5061.464,5077.642,5077.642,5029.108,16.177999999999884,0.3195802038059613,sl,-16.177999999999884,16.177999999999884,-32.49599999999977,Thursday,2026-05-28,5,60,2.0
h06_r60_t3,1779926400000000000,1,1779953200000000000,1779975005000000000,4361,5075.768,5058.079,5058.079,5128.835000000001,17.689000000000306,0.34867683556997114,sl,-17.689000000000306,17.689000000000306,-35.51800000000061,Thursday,2026-05-28,6,60,3.0
h13_r30_t3,1779926400000000000,-1,1779975000000000000,1780012795000000000,6805,5059.97,5021.717,5081.523999999999,4995.308000000003,21.553999999999178,0.4259271335384356,session_end,38.25300000000061,21.553999999999178,76.36600000000122,Thursday,2026-05-28,13,30,3.0
h14_r15_t2,1779926400000000000,1,1779977815000000000,1779980410000000000,519,5062.734,5048.939,5048.939,5090.3240000000005,13.795000000000073,0.2726467786373012,sl,-13.795000000000073,13.795000000000073,-27.730000000000146,Thursday,2026-05-28,14,15,2.0
h00_r30_t1,1780012800000000000,1,1780016445000000000,1780019815000000000,674,5027.334,5043.847,5010.821,5043.847,16.51299999999992,0.3293074452837706,tp,16.51299999999992,16.51299999999992,32.88599999999984,Friday,2026-05-29,0,30,1.0
h01_r60_t3,1780012800000000000,1,1780020175000000000,1780039525000000000,3870,5044.610000000001,5017.668,5017.668,5125.436000000003,26.942000000000917,0.5344027471102129,sl,-26.942000000000917,26.942000000000917,-54.024000000001834,Friday,2026-05-29,1,60,3.0
h02_r15_t3,1780012800000000000,-1,1780020970000000000,1780036135000000000,3033,5040.2029999999995,5052.415,5052.415,5003.566999999998,12.212000000000444,0.24214731447882004,sl,-12.212000000000444,12.212000000000444,-24.56400000000089,Friday,2026-05-29,2,15,3.0
h04_r30_t3,1780012800000000000,-1,1780029625000000000,1780032605000000000,596,5031.358,5041.987999999999,5041.987999999999,4999.468000000003,10.6299999999992,0.2110777494862392,sl,-10.6299999999992,10.6299999999992,-21.3999999999984,Friday,2026-05-29,4,30,3.0
h05_r60_t2,1780012800000000000,1,1780036130000000000,1780039345000000000,643,5050.918,5027.463,5027.463,5097.8279999999995,23.454999999999927,0.46473999526046306,sl,-23.454999999999927,23.454999999999927,-47.049999999999855,Friday,2026-05-29,5,60,2.0
h06_r60_t3,1780012800000000000,-1,1780039055000000000,1780061435000000000,4475,5030.9580000000005,5054.364,5054.364,4960.740000000003,23.40599999999904,0.4639869894923784,sl,-23.40599999999904,23.40599999999904,-46.95199999999808,Friday,2026-05-29,6,60,3.0
h13_r30_t3,1780012800000000000,1,1780061405000000000,1780065035000000000,726,5048.318,5034.787,5034.787,5088.911,13.530999999999949,0.26812706182992907,sl,-13.530999999999949,13.530999999999949,-27.2019999999999,Friday,2026-05-29,13,30,3.0
h14_r15_t2,1780012800000000000,-1,1780064995000000000,1780088275000000000,4651,5037.357,5033.51,5070.344999999999,4971.381000000001,32.987999999999374,0.6530570227188017,session_end,3.8469999999997526,32.987999999999374,7.5539999999995056,Friday,2026-05-29,14,15,2.0
h00_r30_t1,1780272000000000000,-1,1780275180000000000,1780277375000000000,439,4507.4295,4474.2375,4540.6215,4474.2375,33.19200000000001,0.7342502686908692,tp,33.19200000000001,33.19200000000001,66.24400000000001,Monday,2026-06-01,0,30,1.0
h01_r60_t3,1780272000000000000,1,1780281810000000000,1780329620000000000,9560,4506.2585,4468.6695,4468.6695,4619.0255,37.58899999999994,0.8376870708731295,sl,-37.58899999999994,37.58899999999994,-75.31799999999988,Monday,2026-06-01,1,60,3.0
h02_r15_t3,1780272000000000000,1,1780280560000000000,1780297660000000000,3420,4496.297500000001,4544.192500000001,4480.3325,4544.192500000001,15.965000000000146,0.3556057464908606,tp,47.89500000000044,15.965000000000146,95.65000000000087,Monday,2026-06-01,2,15,3.0
h04_r30_t3,1780272000000000000,-1,1780288580000000000,1780293955000000000,1075,4512.9005,4522.7325,4522.7325,4483.404499999999,9.832000000000335,0.2175538184047462,sl,-9.832000000000335,9.832000000000335,-19.80400000000067,Monday,2026-06-01,4,30,3.0
h05_r60_t2,1780272000000000000,1,1780293600000000000,1780298285000000000,937,4522.0855,4565.761500000001,4500.2474999999995,4565.761500000001,21.838000000000648,0.4829601089059929,tp,43.676000000001295,21.838000000000648,87.21200000000259,Monday,2026-06-01,5,60,2.0
h06_r60_t3,1780272000000000000,1,1780297340000000000,1780323015000000000,5133,4541.8595000000005,4519.7135,4519.7135,4608.297500000002,22.14600000000064,0.4877834431815357,sl,-22.14600000000064,22.14600000000064,-44.43200000000128,Monday,2026-06-01,6,60,3.0
h13_r30_t3,1780272000000000000,1,1780320645000000000,1780322685000000000,408,4559.0015,4535.0405,4535.0405,4630.884500000001,23.96100000000024,0.5263970166222306,sl,-23.96100000000024,23.96100000000024,-48.06200000000048,Monday,2026-06-01,13,30,3.0
h14_r15_t2,1780272000000000000,-1,1780323500000000000,1780329620000000000,1224,4519.2545,4464.866499999999,4546.4485,4464.866499999999,27.194000000000415,0.600390096808883,tp,54.38800000000083,27.194000000000415,108.63600000000166,Monday,2026-06-01,14,15,2.0
h00_r30_t1,1780358400000000000,1,1780360465000000000,1780378205000000000,3548,4509.082,4533.345000000001,4484.8189999999995,4533.345000000001,24.26300000000083,0.5394012097455664,tp,24.26300000000083,24.26300000000083,48.38600000000166,Tuesday,2026-06-02,0,30,1.0
h01_r60_t3,1780358400000000000,1,1780366150000000000,1780403405000000000,7451,4517.234,4584.698000000001,4494.746,4584.698000000001,22.488000000000284,0.4980174970501695,tp,67.46400000000085,22.488000000000284,134.78800000000172,Tuesday,2026-06-02,1,60,3.0
h02_r15_t3,1780358400000000000,1,1780366545000000000,1780403400000000000,7371,4523.796,4564.515000000001,4510.223,4564.515000000001,13.57300000000032,0.3001453735862412,tp,40.71900000000096,13.57300000000032,81.29800000000192,Tuesday,2026-06-02,2,15,3.0
h04_r30_t3,1780358400000000000,1,1780374700000000000,1780401805000000000,5421,4524.865,4543.491999999999,4518.656,4543.491999999999,6.208999999999833,0.13732624105631797,tp,18.626999999999498,6.208999999999833,37.113999999998995,Tuesday,2026-06-02,4,30,3.0
h05_r60_t2,1780358400000000000,-1,1780387370000000000,1780401800000000000,2886,4525.627,4542.0869999999995,4542.0869999999995,4492.707000000002,16.459999999999127,0.3626537174759902,sl,-16.459999999999127,16.459999999999127,-33.059999999998254,Tuesday,2026-06-02,5,60,2.0
h06_r60_t3,1780358400000000000,-1,1780383630000000000,1780401765000000000,3627,4527.878,4541.134,4541.134,4488.109999999999,13.256000000000313,0.29258217230786354,sl,-13.256000000000313,13.256000000000313,-26.652000000000626,Tuesday,2026-06-02,6,60,3.0
h13_r30_t3,1780358400000000000,1,1780407510000000000,1780409910000000000,480,4600.573,4583.208,4583.208,4652.668000000002,17.36500000000069,0.3778818249396497,sl,-17.36500000000069,17.36500000000069,-34.87000000000138,Tuesday,2026-06-02,13,30,3.0
h14_r15_t2,1780358400000000000,-1,1780409780000000000,1780410850000000000,214,4585.178,4599.614,4599.614,4556.3060000000005,14.435999999999694,0.3140806288226566,sl,-14.435999999999694,14.435999999999694,-29.01199999999939,Tuesday,2026-06-02,14,15,2.0
h00_r30_t1,1780444800000000000,-1,1780448710000000000,1780452960000000000,850,4557.427,4545.424999999999,4569.429,4545.424999999999,12.002000000000407,0.26311347289177994,tp,12.002000000000407,12.002000000000407,23.864000000000814,Wednesday,2026-06-03,0,30,1.0
h01_r60_t3,1780444800000000000,-1,1780452080000000000,1780483185000000000,6219,4550.322,4506.963000000002,4564.775,4506.963000000002,14.45299999999952,0.31754094604043864,tp,43.35899999999856,14.45299999999952,86.57799999999712,Wednesday,2026-06-03,1,60,3.0
h02_r15_t3,1780444800000000000,-1,1780452960000000000,1780456200000000000,648,4545.507,4553.244000000001,4553.244000000001,4522.295999999997,7.7370000000009895,0.17013867280402448,sl,-7.7370000000009895,7.7370000000009895,-15.61400000000198,Wednesday,2026-06-03,2,15,3.0
h04_r30_t3,1780444800000000000,1,1780461615000000000,1780464785000000000,634,4546.901,4539.139999999999,4539.139999999999,4570.184000000001,7.761000000000422,0.17082725646716693,sl,-7.761000000000422,7.761000000000422,-15.662000000000845,Wednesday,2026-06-03,4,30,3.0
h05_r60_t2,1780444800000000000,-1,1780467495000000000,1780483710000000000,3242,4535.009,4490.081,4557.473,4490.081,22.463999999999942,0.49467199243546334,tp,44.927999999999884,22.463999999999942,89.71599999999977,Wednesday,2026-06-03,5,60,2.0
h06_r60_t3,1780444800000000000,-1,1780472970000000000,1780492015000000000,3808,4523.0650000000005,4464.238000000002,4542.674,4464.238000000002,19.60899999999947,0.433017728795612,tp,58.82699999999841,19.60899999999947,117.51399999999681,Wednesday,2026-06-03,6,60,3.0
h13_r30_t3,1780444800000000000,1,1780495565000000000,1780531195000000000,6352,4482.054,4490.069,4443.862,4596.63,38.19200000000001,0.8586894643263452,session_end,8.015000000000327,38.19200000000001,15.890000000000654,Wednesday,2026-06-03,13,30,3.0
h14_r15_t2,1780444800000000000,1,1780496500000000000,1780531195000000000,6165,4498.5509999999995,4490.069,4468.726000000001,4558.200999999997,29.82499999999891,0.6641354181581173,session_end,-8.481999999999061,29.82499999999891,-17.103999999998123,Wednesday,2026-06-03,14,15,2.0
h00_r30_t1,1780531200000000000,-1,1780534295000000000,1780542775000000000,1696,4487.276,4469.324,4505.228,4469.324,17.952000000000226,0.3996468361514807,tp,17.952000000000226,17.952000000000226,35.76400000000045,Thursday,2026-06-04,0,30,1.0
h01_r60_t3,1780531200000000000,1,1780539040000000000,1780542440000000000,680,4493.022,4474.809,4474.809,4547.660999999999,18.212999999999738,0.4059637643961273,sl,-18.212999999999738,18.212999999999738,-36.56599999999948,Thursday,2026-06-04,1,60,3.0
h02_r15_t3,1780531200000000000,1,1780539520000000000,1780540515000000000,199,4493.687,4485.349,4485.349,4518.700999999999,8.337999999999738,0.18560569719113307,sl,-8.337999999999738,8.337999999999738,-16.815999999999477,Thursday,2026-06-04,2,15,3.0
h04_r30_t3,1780531200000000000,1,1780547560000000000,1780548230000000000,134,4477.036,4469.124,4469.124,4500.772000000001,7.912000000000262,0.17695805700411849,sl,-7.912000000000262,7.912000000000262,-15.964000000000524,Thursday,2026-06-04,4,30,3.0
h05_r60_t2,1780531200000000000,1,1780552805000000000,1780579045000000000,5247,4498.989,4544.864999999998,4476.051,4544.864999999998,22.937999999999192,0.510152678835318,tp,45.875999999998385,22.937999999999192,91.61199999999677,Thursday,2026-06-04,5,60,2.0
h06_r60_t3,1780531200000000000,1,1780556400000000000,1780617595000000000,11452,4525.289,4542.148,4495.72,4613.995999999998,29.568999999999505,0.6534386354625982,session_end,16.85900000000038,29.568999999999505,33.578000000000756,Thursday,2026-06-04,6,60,3.0
h13_r30_t3,1780531200000000000,1,1780580045000000000,1780617595000000000,6724,4546.438,4542.148,4523.661,4614.769,22.777000000000044,0.5011789598572759,session_end,-4.289999999999964,22.777000000000044,-8.719999999999928,Thursday,2026-06-04,13,30,3.0
h14_r15_t2,1780531200000000000,-1,1780582505000000000,1780590750000000000,1649,4538.309,4556.1720000000005,4556.1720000000005,4502.583,17.863000000000284,0.3933831990160528,sl,-17.863000000000284,17.863000000000284,-35.86600000000057,Thursday,2026-06-04,14,15,2.0
h00_r30_t1,1780617600000000000,1,1780619440000000000,1780626515000000000,1415,4567.4925,4639.7135,4495.271500000001,4639.7135,72.22099999999955,1.5831805507800445,tp,72.22099999999955,72.22099999999955,144.3019999999991,Friday,2026-06-05,0,30,1.0
h01_r60_t3,1780617600000000000,1,1780625260000000000,1780696675000000000,14282,4620.6055,4797.596,4532.6095000000005,4884.593499999997,87.99599999999919,1.908733863009349,session_end,176.99049999999988,87.99599999999919,353.8409999999998,Friday,2026-06-05,1,60,3.0
h02_r15_t3,1780617600000000000,1,1780625880000000000,1780664415000000000,7707,4632.0075,4737.094499999998,4596.9785,4737.094499999998,35.02899999999954,0.7577238174666175,tp,105.08699999999862,35.02899999999954,210.03399999999726,Friday,2026-06-05,2,15,3.0
h04_r30_t3,1780617600000000000,1,1780633805000000000,1780639045000000000,1048,4661.8655,4721.4665,4641.9985,4721.4665,19.86700000000019,0.4262677668338743,tp,59.60100000000057,19.86700000000019,119.06200000000113,Friday,2026-06-05,4,30,3.0
h05_r60_t2,1780617600000000000,1,1780639200000000000,1780696675000000000,11494,4729.818499999999,4797.596,4642.5555,4904.344499999997,87.26299999999901,1.8451206999630294,session_end,67.77750000000015,87.26299999999901,135.4150000000003,Friday,2026-06-05,5,60,2.0
h13_r30_t3,1780617600000000000,1,1780666345000000000,1780669530000000000,637,4759.1795,4729.0995,4729.0995,4849.4195,30.079999999999927,0.6345310845872321,sl,-30.079999999999927,30.079999999999927,-60.299999999999855,Friday,2026-06-05,13,30,3.0
h14_r15_t2,1780617600000000000,-1,1780669355000000000,1780670240000000000,177,4741.2685,4763.595499999999,4763.595499999999,4696.6145000000015,22.326999999999316,0.4697439908925024,sl,-22.326999999999316,22.326999999999316,-44.79399999999863,Friday,2026-06-05,14,15,2.0
h00_r30_t1,1780876800000000000,1,1780878950000000000,1780907090000000000,5628,4826.557,4854.374,4798.74,4854.374,27.817000000000007,0.5766285605782332,tp,27.817000000000007,27.817000000000007,55.494000000000014,Monday,2026-06-08,0,30,1.0
h01_r60_t3,1780876800000000000,1,1780886885000000000,1780963195000000000,14479,4844.9,4831.305,4814.315,4936.655,30.585000000000036,0.6342789346602493,session_end,-13.594999999999345,30.585000000000036,-27.32999999999869,Monday,2026-06-08,1,60,3.0
h02_r15_t3,1780876800000000000,1,1780885940000000000,1780918355000000000,6483,4831.761,4863.786000000001,4821.086,4863.786000000001,10.675000000000182,0.22114887618045714,tp,32.025000000000546,10.675000000000182,63.91000000000109,Monday,2026-06-08,2,15,3.0
h04_r30_t3,1780876800000000000,-1,1780893920000000000,1780900035000000000,1223,4845.287,4825.775000000001,4851.791,4825.775000000001,6.503999999999905,0.13410668739574266,tp,19.511999999999716,6.503999999999905,38.88399999999943,Monday,2026-06-08,4,30,3.0
h05_r60_t2,1780876800000000000,-1,1780900030000000000,1780904690000000000,932,4825.935,4844.958,4844.958,4787.889000000002,19.02299999999923,0.3938251658897519,sl,-19.02299999999923,19.02299999999923,-38.18599999999846,Monday,2026-06-08,5,60,2.0
h06_r60_t3,1780876800000000000,-1,1780902025000000000,1780904015000000000,398,4823.1,4833.896,4833.896,4790.712000000002,10.795999999999367,0.22377490184973642,sl,-10.795999999999367,10.795999999999367,-21.731999999998735,Monday,2026-06-08,6,60,3.0
h13_r30_t3,1780876800000000000,1,1780925520000000000,1780927105000000000,317,4836.256,4828.058,4828.058,4860.850000000001,8.19800000000032,0.1697243831705028,sl,-8.19800000000032,8.19800000000032,-16.53600000000064,Monday,2026-06-08,13,30,3.0
h14_r15_t2,1780876800000000000,1,1780929040000000000,1780963195000000000,6048,4829.294,4831.305,4817.377,4853.127999999999,11.916999999999462,0.24732235211296885,session_end,2.011000000000422,11.916999999999462,3.882000000000844,Monday,2026-06-08,14,15,2.0
h00_r30_t1,1780963200000000000,-1,1780965000000000000,1780968720000000000,744,4819.6485,4807.5695000000005,4831.7275,4807.5695000000005,12.078999999999724,0.250611200654625,tp,12.078999999999724,12.078999999999724,24.017999999999446,Tuesday,2026-06-09,0,30,1.0
h01_r60_t3,1780963200000000000,1,1780974120000000000,1780987210000000000,2617,4827.5485,4806.2715,4806.2715,4891.3795,21.277000000000044,0.4424498584033614,sl,-21.277000000000044,21.277000000000044,-42.69400000000009,Tuesday,2026-06-09,1,60,3.0
h02_r15_t3,1780963200000000000,1,1780973125000000000,1780987210000000000,2816,4822.1255,4807.6075,4807.6075,4865.6795,14.518000000000029,0.30133989149231705,sl,-14.518000000000029,14.518000000000029,-29.17600000000006,Tuesday,2026-06-09,2,15,3.0
h04_r30_t3,1780963200000000000,-1,1780981550000000000,1780982890000000000,267,4825.6425,4831.7645,4831.7645,4807.276499999999,6.122000000000298,0.12677015144809425,sl,-6.122000000000298,6.122000000000298,-12.384000000000597,Tuesday,2026-06-09,4,30,3.0
h05_r60_t2,1780963200000000000,-1,1780986210000000000,1781010765000000000,4911,4816.9085,4834.3935,4834.3935,4781.938499999998,17.485000000000582,0.362475785280427,sl,-17.485000000000582,17.485000000000582,-35.110000000001165,Tuesday,2026-06-09,5,60,2.0
h06_r60_t3,1780963200000000000,1,1780993630000000000,1781037255000000000,8725,4823.9605,4803.9595,4803.9595,4883.963500000001,20.001000000000204,0.4155839082735856,sl,-20.001000000000204,20.001000000000204,-40.14200000000041,Tuesday,2026-06-09,6,60,3.0
h13_r30_t3,1780963200000000000,1,1781011805000000000,1781027890000000000,3217,4838.8435,4822.2744999999995,4822.2744999999995,4888.550500000001,16.569000000000415,0.3428085160264464,sl,-16.569000000000415,16.569000000000415,-33.27800000000083,Tuesday,2026-06-09,13,30,3.0
h14_r15_t2,1780963200000000000,1,1781014900000000000,1781018275000000000,675,4852.1175,4841.538500000001,4841.538500000001,4873.2755,10.578999999999724,0.21804631613747252,sl,-10.578999999999724,10.578999999999724,-21.297999999999448,Tuesday,2026-06-09,14,15,2.0
h00_r30_t1,1781049600000000000,-1,1781051415000000000,1781053790000000000,474,4827.371499999999,4838.2965,4838.2965,4816.446499999998,10.925000000001091,0.22622497198591648,sl,-10.925000000001091,10.925000000001091,-21.990000000002183,Wednesday,2026-06-10,0,30,1.0
h01_r60_t3,1781049600000000000,-1,1781060270000000000,1781073380000000000,2621,4817.8675,4841.8745,4841.8745,4745.8465000000015,24.006999999999607,0.4975511558836374,sl,-24.006999999999607,24.006999999999607,-48.153999999999215,Wednesday,2026-06-10,1,60,3.0
h02_r15_t3,1781049600000000000,1,1781057870000000000,1781060060000000000,438,4828.9085,4822.949500000001,4822.949500000001,4846.785499999996,5.958999999998923,0.12347263736328674,sl,-5.958999999998923,5.958999999998923,-12.057999999997847,Wednesday,2026-06-10,2,15,3.0
h04_r30_t3,1781049600000000000,-1,1781065945000000000,1781069710000000000,752,4816.163500000001,4820.0715,4820.0715,4804.439500000002,3.907999999999447,0.08112135956740492,sl,-3.907999999999447,3.907999999999447,-7.955999999998894,Wednesday,2026-06-10,4,30,3.0
h05_r60_t2,1781049600000000000,1,1781071785000000000,1781079715000000000,1585,4828.8315,4811.4925,4811.4925,4863.5095,17.338999999999942,0.3594376321602865,sl,-17.338999999999942,17.338999999999942,-34.817999999999884,Wednesday,2026-06-10,5,60,2.0
h06_r60_t3,1781049600000000000,-1,1781077705000000000,1781091855000000000,2829,4822.7145,4764.250500000002,4842.202499999999,4764.250500000002,19.487999999999374,0.4030173775393579,tp,58.46399999999812,19.487999999999374,116.78799999999625,Wednesday,2026-06-10,6,60,3.0
h13_r30_t3,1781049600000000000,1,1781098930000000000,1781122315000000000,4677,4711.9955,4666.1155,4666.1155,4849.6355,45.88000000000011,0.9777474025387999,sl,-45.88000000000011,45.88000000000011,-91.90000000000022,Wednesday,2026-06-10,13,30,3.0
h14_r15_t2,1781049600000000000,-1,1781101215000000000,1781112265000000000,2210,4703.095499999999,4724.7015,4724.7015,4659.883499999998,21.606000000000677,0.45856707657759627,sl,-21.606000000000677,21.606000000000677,-43.352000000001354,Wednesday,2026-06-10,14,15,2.0
h00_r30_t1,1781136000000000000,1,1781139540000000000,1781140000000000000,92,4677.5779999999995,4661.705,4661.705,4693.450999999999,15.872999999999593,0.3396556837600715,sl,-15.872999999999593,15.872999999999593,-31.885999999999186,Thursday,2026-06-11,0,30,1.0
h01_r60_t3,1781136000000000000,-1,1781146100000000000,1781152045000000000,1189,4655.529,4679.058,4679.058,4584.942000000002,23.52899999999954,0.5048308551657363,sl,-23.52899999999954,23.52899999999954,-47.197999999999084,Thursday,2026-06-11,1,60,3.0
h02_r15_t3,1781136000000000000,1,1781144750000000000,1781146050000000000,260,4666.117,4658.615,4658.615,4688.623000000001,7.5020000000004075,0.16096784977250378,sl,-7.5020000000004075,7.5020000000004075,-15.144000000000815,Thursday,2026-06-11,2,15,3.0
h04_r30_t3,1781136000000000000,1,1781152355000000000,1781185345000000000,6597,4679.664,4640.384,4640.384,4797.344999999999,39.22699999999986,0.8391642200759318,sl,-39.279999999999745,39.279999999999745,-78.69999999999949,Thursday,2026-06-11,4,30,3.0
h05_r60_t2,1781136000000000000,-1,1781157600000000000,1781162835000000000,1047,4661.378000000001,4676.277,4676.277,4631.580000000002,14.898999999999432,0.31957591788791684,sl,-14.898999999999432,14.898999999999432,-29.937999999998866,Thursday,2026-06-11,5,60,2.0
h06_r60_t3,1781136000000000000,1,1781162800000000000,1781184605000000000,4361,4674.552,4658.26,4658.26,4723.427999999998,16.29199999999946,0.3487032890733457,sl,-16.29199999999946,16.29199999999946,-32.723999999998924,Thursday,2026-06-11,6,60,3.0
h13_r30_t3,1781136000000000000,-1,1781184600000000000,1781222395000000000,6805,4660.002,4624.777,4679.852,4600.452000000002,19.849999999999454,0.42592170207322927,session_end,35.225000000000364,19.849999999999454,70.31000000000073,Thursday,2026-06-11,13,30,3.0
h14_r15_t2,1781136000000000000,1,1781187415000000000,1781190010000000000,519,4662.548,4649.843,4649.843,4687.958,12.704999999999927,0.2726560432747295,sl,-12.704999999999927,12.704999999999927,-25.549999999999855,Thursday,2026-06-11,14,15,2.0
h00_r30_t1,1781222400000000000,-1,1781224430000000000,1781225900000000000,294,4614.5505,4628.7985,4628.7985,4600.302500000001,14.247999999999593,0.308510554220104,sl,-14.247999999999593,14.247999999999593,-28.635999999999186,Friday,2026-06-12,0,30,1.0
h02_r15_t3,1781222400000000000,-1,1781231205000000000,1781231435000000000,46,4613.7305,4622.6105,4622.6105,4587.090499999999,8.88000000000011,0.19237987225586758,sl,-8.88000000000011,8.88000000000011,-17.90000000000022,Friday,2026-06-12,2,15,3.0
h04_r30_t3,1781222400000000000,1,1781238665000000000,1781243220000000000,911,4619.7485,4629.480499999999,4616.5045,4629.480499999999,3.243999999999687,0.07023068637180864,tp,9.731999999999061,3.243999999999687,19.323999999998122,Friday,2026-06-12,4,30,3.0
h05_r60_t2,1781222400000000000,-1,1781244605000000000,1781252565000000000,1592,4620.5025000000005,4596.460500000001,4632.5235,4596.460500000001,12.02099999999973,0.2598407861842719,tp,24.04199999999946,12.02099999999973,47.94399999999892,Friday,2026-06-12,5,60,2.0
h06_r60_t3,1781222400000000000,-1,1781250335000000000,1781279270000000000,5787,4612.1735,4628.4325,4628.4325,4563.3965,16.259000000000015,0.3519403855109833,sl,-16.259000000000015,16.259000000000015,-32.65800000000003,Friday,2026-06-12,6,60,3.0
h13_r30_t3,1781222400000000000,1,1781275000000000000,1781301475000000000,5294,4614.4865,4652.093,4591.9415,4682.1215,22.545000000000073,0.4901943198121688,session_end,37.60649999999987,22.545000000000073,75.07299999999974,Friday,2026-06-12,13,30,3.0
h14_r15_t2,1781222400000000000,-1,1781274645000000000,1781275000000000000,71,4602.1435,4614.3565,4614.3565,4577.717500000001,12.212999999999738,0.26485809337955035,sl,-12.212999999999738,12.212999999999738,-24.565999999999477,Friday,2026-06-12,14,15,2.0
h00_r30_t1,1781481600000000000,1,1781483505000000000,1781484770000000000,253,4577.097,4561.38,4561.38,4592.813999999999,15.716999999999643,0.343974428979898,sl,-15.716999999999643,15.716999999999643,-31.573999999999288,Monday,2026-06-15,0,30,1.0
h01_r60_t3,1781481600000000000,-1,1781496185000000000,1781528505000000000,6463,4560.143,4590.588,4590.588,4468.808000000001,30.44499999999971,0.666004708956264,sl,-30.44499999999971,30.44499999999971,-61.02999999999942,Monday,2026-06-15,1,60,3.0
h02_r15_t3,1781481600000000000,1,1781490665000000000,1781492135000000000,294,4578.063,4563.854,4563.854,4620.69,14.208999999999833,0.3108104915657428,sl,-14.208999999999833,14.208999999999833,-28.557999999999666,Monday,2026-06-15,2,15,3.0
h04_r30_t3,1781481600000000000,-1,1781497840000000000,1781501720000000000,776,4556.062,4565.555,4565.555,4527.582999999999,9.493000000000393,0.20828424073999363,sl,-9.493000000000393,9.493000000000393,-19.126000000000786,Monday,2026-06-15,4,30,3.0
h13_r30_t3,1781481600000000000,1,1781530270000000000,1781567995000000000,6768,4619.938,4651.013,4583.668,4728.748000000001,36.27000000000044,0.7862794133969795,session_end,31.074999999999818,36.27000000000044,62.009999999999636,Monday,2026-06-15,13,30,3.0
h14_r15_t2,1781481600000000000,-1,1781533920000000000,1781560910000000000,4628,4603.186,4622.882,4622.882,4563.794,19.695999999999913,0.4267742789625137,sl,-19.695999999999913,19.695999999999913,-39.531999999999826,Monday,2026-06-15,14,15,2.0
h00_r30_t1,1781568000000000000,-1,1781569880000000000,1781571815000000000,387,4648.606,4657.846,4657.846,4639.366,9.239999999999782,0.1986950637178896,sl,-9.239999999999782,9.239999999999782,-18.619999999999564,Tuesday,2026-06-16,0,30,1.0
h01_r60_t3,1781568000000000000,1,1781577090000000000,1781619350000000000,8451,4673.762000000001,4652.1,4652.1,4738.748000000001,21.662000000000262,0.46373493080904993,sl,-21.662000000000262,21.662000000000262,-43.464000000000524,Tuesday,2026-06-16,1,60,3.0
h02_r15_t3,1781568000000000000,1,1781577070000000000,1781584240000000000,1433,4671.838,4662.25,4662.25,4700.601999999999,9.587999999999738,0.2054196244300181,sl,-9.587999999999738,9.587999999999738,-19.315999999999477,Tuesday,2026-06-16,2,15,3.0
h04_r30_t3,1781568000000000000,-1,1781584240000000000,1781587940000000000,740,4662.85,4674.403,4674.403,4628.191000000001,11.552999999999884,0.24765299855626605,sl,-11.552999999999884,11.552999999999884,-23.245999999999768,Tuesday,2026-06-16,4,30,3.0
h05_r60_t2,1781568000000000000,-1,1781593140000000000,1781617725000000000,4917,4665.126,4687.634,4687.634,4620.110000000001,22.50799999999981,0.4810446028454,sl,-22.50799999999981,22.50799999999981,-45.15599999999962,Tuesday,2026-06-16,5,60,2.0
h06_r60_t3,1781568000000000000,-1,1781593200000000000,1781617725000000000,4905,4664.555,4684.822,4684.822,4603.754000000001,20.266999999999825,0.4344235255332835,sl,-20.266999999999825,20.266999999999825,-40.67399999999965,Tuesday,2026-06-16,6,60,3.0
h13_r30_t3,1781568000000000000,-1,1781616605000000000,1781617685000000000,216,4664.586,4681.132,4681.132,4614.948000000002,16.545999999999367,0.3546755284817432,sl,-16.545999999999367,16.545999999999367,-33.231999999998735,Tuesday,2026-06-16,13,30,3.0
h14_r15_t2,1781568000000000000,-1,1781619350000000000,1781621080000000000,346,4653.168,4618.206,4670.648999999999,4618.206,17.480999999999767,0.3755458046220807,tp,34.961999999999534,17.480999999999767,69.78399999999907,Tuesday,2026-06-16,14,15,2.0
h00_r30_t1,1781654400000000000,1,1781656200000000000,1781659865000000000,733,4553.8279999999995,4545.475,4545.475,4562.180999999999,8.352999999999156,0.1834280960984727,sl,-8.352999999999156,8.352999999999156,-16.845999999998313,Wednesday,2026-06-17,0,30,1.0
h01_r60_t3,1781654400000000000,-1,1781661650000000000,1781699820000000000,7634,4528.2029999999995,4557.991,4557.991,4438.838999999998,29.788000000000466,0.657544309961471,sl,-29.788000000000466,29.788000000000466,-59.71600000000093,Wednesday,2026-06-17,1,60,3.0
h02_r15_t3,1781654400000000000,-1,1781662570000000000,1781697840000000000,7054,4526.366,4535.687,4535.687,4498.403,9.320999999999913,0.20577826062287857,sl,-9.320999999999913,9.320999999999913,-18.781999999999826,Wednesday,2026-06-17,2,15,3.0
h04_r30_t3,1781654400000000000,1,1781670810000000000,1781671285000000000,95,4527.652,4521.947,4521.947,4544.767,5.704999999999927,0.12604378281584522,sl,-5.704999999999927,5.704999999999927,-11.549999999999855,Wednesday,2026-06-17,4,30,3.0
h05_r60_t2,1781654400000000000,-1,1781677340000000000,1781696470000000000,3826,4513.115,4529.448,4529.448,4480.448999999999,16.33300000000054,0.3607641139876006,sl,-16.33300000000054,16.33300000000054,-32.80600000000108,Wednesday,2026-06-17,5,60,2.0
h06_r60_t3,1781654400000000000,-1,1781681230000000000,1781691275000000000,2009,4512.026,4528.189,4528.189,4463.536999999998,16.163000000000466,0.3572563736102072,sl,-16.163000000000466,16.163000000000466,-32.46600000000093,Wednesday,2026-06-17,6,60,3.0
h13_r30_t3,1781654400000000000,-1,1781707560000000000,1781720995000000000,2687,4549.219,4571.716,4571.716,4481.727999999999,22.4970000000003,0.49431017067840705,sl,-22.4970000000003,22.4970000000003,-45.1340000000006,Wednesday,2026-06-17,13,30,3.0
h14_r15_t2,1781654400000000000,1,1781705770000000000,1781706075000000000,61,4561.971,4555.623,4555.623,4574.6669999999995,6.347999999999956,0.13919227259232136,sl,-6.347999999999956,6.347999999999956,-12.835999999999913,Wednesday,2026-06-17,14,15,2.0
h00_r30_t1,1781740800000000000,1,1781743750000000000,1781760380000000000,3326,4591.398499999999,4553.3125,4553.3125,4629.484499999999,38.08599999999933,0.8314278232738738,sl,-38.08599999999933,38.08599999999933,-76.31199999999866,Thursday,2026-06-18,0,30,1.0
h01_r60_t3,1781740800000000000,-1,1781750075000000000,1781762185000000000,2422,4577.8855,4510.472500000002,4600.3565,4510.472500000002,22.47099999999955,0.48944542768427035,tp,67.41299999999865,22.47099999999955,134.6859999999973,Thursday,2026-06-18,1,60,3.0
h02_r15_t3,1781740800000000000,-1,1781748980000000000,1781751730000000000,550,4583.4155,4558.7195,4591.6475,4558.7195,8.231999999999971,0.17946004370741453,tp,24.695999999999913,8.231999999999971,49.251999999999825,Thursday,2026-06-18,2,15,3.0
h04_r30_t3,1781740800000000000,1,1781757015000000000,1781759395000000000,476,4577.6615,4566.9405,4566.9405,4609.8245000000015,10.721000000000458,0.23427901185873243,sl,-10.721000000000458,10.721000000000458,-21.582000000000917,Thursday,2026-06-18,4,30,3.0
h05_r60_t2,1781740800000000000,-1,1781762400000000000,1781827195000000000,12189,4493.3495,4459.072,4577.9595,4324.129500000001,84.60999999999967,1.8829522938313488,session_end,34.277500000000146,84.60999999999967,68.41500000000029,Thursday,2026-06-18,5,60,2.0
h06_r60_t3,1781740800000000000,1,1781766220000000000,1781772235000000000,1203,4514.2105,4469.9745,4469.9745,4646.9185,44.235999999999876,0.9806339427343534,sl,-44.235999999999876,44.235999999999876,-88.61199999999975,Thursday,2026-06-18,6,60,3.0
h13_r30_t3,1781740800000000000,1,1781790300000000000,1781799640000000000,1868,4508.6065,4474.4515,4474.4515,4611.071499999999,34.154999999999745,0.7585439465228128,sl,-34.154999999999745,34.154999999999745,-68.44999999999949,Thursday,2026-06-18,13,30,3.0
h14_r15_t2,1781740800000000000,1,1781792155000000000,1781797160000000000,1001,4511.2445,4491.7215,4491.7215,4550.2905,19.52300000000014,0.43376323432779845,sl,-19.52300000000014,19.52300000000014,-39.18600000000028,Thursday,2026-06-18,14,15,2.0
h00_r30_t1,1781827200000000000,1,1781830800000000000,1781833020000000000,444,4459.1275000000005,4471.293500000002,4446.961499999999,4471.293500000002,12.166000000001077,0.2733942721360894,tp,12.166000000001077,12.166000000001077,24.192000000002153,Friday,2026-06-19,0,30,1.0
h01_r60_t3,1781827200000000000,-1,1781834670000000000,1781872220000000000,7505,4453.7775,4471.6065,4471.6065,4400.290500000001,17.828999999999724,0.39975260136835444,sl,-17.828999999999724,17.828999999999724,-35.79799999999945,Friday,2026-06-19,1,60,3.0
h02_r15_t3,1781827200000000000,-1,1781835580000000000,1781840225000000000,929,4444.628500000001,4460.7135,4460.7135,4396.373500000003,16.084999999999127,0.3615847099010284,sl,-16.084999999999127,16.084999999999127,-32.309999999998254,Friday,2026-06-19,2,15,3.0
h04_r30_t3,1781827200000000000,-1,1781843405000000000,1781851785000000000,1675,4460.0405,4442.688500000001,4465.8245,4442.688500000001,5.783999999999651,0.1296573036862475,tp,17.351999999998952,5.783999999999651,34.563999999997904,Friday,2026-06-19,4,30,3.0
h05_r60_t2,1781827200000000000,-1,1781849655000000000,1781858850000000000,1839,4453.0985,4430.672500000001,4464.3115,4430.672500000001,11.212999999999738,0.25133414092889494,tp,22.425999999999476,11.212999999999738,44.71199999999895,Friday,2026-06-19,5,60,2.0
h06_r60_t3,1781827200000000000,-1,1781852540000000000,1781869485000000000,3388,4439.5515,4461.2025,4461.2025,4374.598499999997,21.65100000000075,0.4872952905704558,sl,-21.65100000000075,21.65100000000075,-43.4420000000015,Friday,2026-06-19,6,60,3.0
h13_r30_t3,1781827200000000000,-1,1781876140000000000,1781877785000000000,329,4461.3045,4474.619500000001,4474.619500000001,4421.359499999999,13.31500000000051,0.2978365080006068,sl,-13.31500000000051,13.31500000000051,-26.77000000000102,Friday,2026-06-19,13,30,3.0
h14_r15_t2,1781827200000000000,1,1781878515000000000,1781883385000000000,974,4475.0095,4462.4335,4462.4335,4500.1615,12.576000000000022,0.28105226988929255,sl,-12.576000000000022,12.576000000000022,-25.292000000000044,Friday,2026-06-19,14,15,2.0
h00_r30_t1,1782086400000000000,1,1782088550000000000,1782116690000000000,5628,4383.64,4408.905000000001,4358.375,4408.905000000001,25.265000000000327,0.5766440117351067,tp,25.265000000000327,25.265000000000327,50.390000000000654,Monday,2026-06-22,0,30,1.0
h01_r60_t3,1782086400000000000,1,1782096485000000000,1782172795000000000,14479,4400.299,4387.948,4372.521,4483.633000000001,27.778000000000247,0.6342717257703028,session_end,-12.350999999999658,27.778000000000247,-24.841999999999317,Monday,2026-06-22,1,60,3.0
h02_r15_t3,1782086400000000000,1,1782095540000000000,1782127955000000000,6483,4388.366,4417.454,4378.67,4417.454,9.695999999999913,0.2211627879923367,tp,29.087999999999738,9.695999999999913,58.035999999999476,Monday,2026-06-22,2,15,3.0
h04_r30_t3,1782086400000000000,-1,1782103520000000000,1782109635000000000,1223,4400.651,4382.929999999999,4406.558,4382.929999999999,5.907000000000153,0.13410330926648084,tp,17.72100000000046,5.907000000000153,35.302000000000916,Monday,2026-06-22,4,30,3.0
h05_r60_t2,1782086400000000000,-1,1782109630000000000,1782114290000000000,932,4383.075,4400.352,4400.352,4348.521,17.277000000000044,0.3938178103118868,sl,-17.277000000000044,17.277000000000044,-34.69400000000009,Monday,2026-06-22,5,60,2.0
h06_r60_t3,1782086400000000000,-1,1782111625000000000,1782113615000000000,398,4380.5,4390.305,4390.305,4351.084999999999,9.805000000000291,0.2237683781619474,sl,-9.805000000000291,9.805000000000291,-19.750000000000583,Monday,2026-06-22,6,60,3.0
h13_r30_t3,1782086400000000000,1,1782135120000000000,1782136705000000000,317,4392.449,4385.003,4385.003,4414.786999999999,7.445999999999913,0.16973129753034608,sl,-7.445999999999913,7.445999999999913,-15.031999999999826,Monday,2026-06-22,13,30,3.0
h14_r15_t2,1782086400000000000,1,1782138640000000000,1782172795000000000,6048,4386.126,4387.948,4375.302,4407.774000000001,10.824000000000524,0.24733566882431524,session_end,1.8220000000001164,10.824000000000524,3.5040000000002327,Monday,2026-06-22,14,15,2.0
h00_r30_t1,1782172800000000000,-1,1782174925000000000,1782175615000000000,138,4387.637500000001,4373.100500000001,4402.1745,4373.100500000001,14.536999999999352,0.3311506819888348,tp,14.536999999999352,14.536999999999352,28.933999999998704,Tuesday,2026-06-23,0,30,1.0
h01_r60_t3,1782172800000000000,1,1782180230000000000,1782192460000000000,2444,4393.0875,4370.8235,4370.8235,4459.879499999997,22.263999999999214,0.507311110976908,sl,-22.263999999999214,22.263999999999214,-44.66799999999843,Tuesday,2026-06-23,1,60,3.0
h02_r15_t3,1782172800000000000,1,1782180930000000000,1782183905000000000,595,4400.2815,4387.6505,4387.6505,4438.174500000001,12.631000000000313,0.2872810636154431,sl,-12.631000000000313,12.631000000000313,-25.402000000000626,Tuesday,2026-06-23,2,15,3.0
h04_r30_t3,1782172800000000000,1,1782190100000000000,1782192440000000000,468,4387.1625,4375.6475,4375.6475,4421.707500000001,11.515000000000327,0.26264825855537816,sl,-11.515000000000327,11.515000000000327,-23.170000000000655,Tuesday,2026-06-23,4,30,3.0
h05_r60_t2,1782172800000000000,1,1782194495000000000,1782229075000000000,6915,4395.4575,4369.9455,4369.9455,4446.481500000002,25.512000000000626,0.5805657261640101,sl,-25.512000000000626,25.512000000000626,-51.16400000000125,Tuesday,2026-06-23,5,60,2.0
h06_r60_t3,1782172800000000000,-1,1782198035000000000,1782204080000000000,1209,4376.6185000000005,4399.720499999999,4399.720499999999,4307.312500000004,23.101999999998952,0.5272563963958173,sl,-23.101999999998952,23.101999999998952,-46.343999999997905,Tuesday,2026-06-23,6,60,3.0
h13_r30_t3,1782172800000000000,1,1782221430000000000,1782226105000000000,935,4400.396500000001,4383.0705,4383.0705,4452.3745000000035,17.32600000000093,0.39440740946882663,sl,-17.32600000000093,17.32600000000093,-34.79200000000186,Tuesday,2026-06-23,13,30,3.0
h14_r15_t2,1782172800000000000,1,1782224140000000000,1782225920000000000,356,4410.9635,4400.842500000001,4400.842500000001,4431.205499999998,10.120999999999185,0.22956524027059225,sl,-10.120999999999185,10.120999999999185,-20.38199999999837,Tuesday,2026-06-23,14,15,2.0
h00_r30_t1,1782259200000000000,-1,1782261215000000000,1782263365000000000,430,4388.654500000001,4398.9515,4398.9515,4378.357500000001,10.29699999999957,0.2343864257549543,sl,-10.29699999999957,10.29699999999957,-20.733999999999142,Wednesday,2026-06-24,0,30,1.0
h01_r60_t3,1782259200000000000,-1,1782268340000000000,1782345595000000000,14668,4388.183,4384.258,4427.7705000000005,4269.571999999999,39.53700000000026,0.897402476396859,session_end,3.925000000000182,39.587500000000546,7.710000000000364,Wednesday,2026-06-24,1,60,3.0
h02_r15_t3,1782259200000000000,-1,1782267315000000000,1782270275000000000,592,4403.398499999999,4379.476499999999,4411.3724999999995,4379.476499999999,7.97400000000016,0.18105849740293586,tp,23.92200000000048,7.97400000000016,47.70400000000096,Wednesday,2026-06-24,2,15,3.0
h04_r30_t3,1782259200000000000,1,1782275560000000000,1782279390000000000,766,4386.904500000001,4381.3865000000005,4381.3865000000005,4403.458500000001,5.518000000000029,0.12583809872726393,sl,-5.518000000000029,5.518000000000029,-11.176000000000059,Wednesday,2026-06-24,4,30,3.0
h05_r60_t2,1782259200000000000,-1,1782282750000000000,1782310630000000000,5576,4374.095499999999,4390.5495,4390.5495,4341.187499999998,16.454000000000633,0.37559405619097624,sl,-16.454000000000633,16.454000000000633,-33.04800000000127,Wednesday,2026-06-24,5,60,2.0
h06_r60_t3,1782259200000000000,-1,1782284480000000000,1782308310000000000,4766,4372.7095,4385.5575,4385.5575,4334.1655,12.847999999999956,0.29378591791807024,sl,-12.847999999999956,12.847999999999956,-25.835999999999913,Wednesday,2026-06-24,6,60,3.0
h13_r30_t3,1782259200000000000,1,1782307800000000000,1782313515000000000,1143,4382.723,4370.5995,4370.5995,4419.056,12.110999999999876,0.27635141741625174,sl,-12.123499999999694,12.123499999999694,-24.38699999999939,Wednesday,2026-06-24,13,30,3.0
h14_r15_t2,1782259200000000000,1,1782310620000000000,1782311500000000000,176,4389.7905,4381.2605,4381.2605,4406.8505,8.529999999999745,0.19436401326368613,sl,-8.529999999999745,8.529999999999745,-17.19999999999949,Wednesday,2026-06-24,14,15,2.0
h00_r30_t1,1782345600000000000,-1,1782347800000000000,1782352500000000000,940,4375.1575,4363.1255,4387.1895,4363.1255,12.032000000000153,0.27484447770355364,tp,12.032000000000153,12.032000000000153,23.924000000000305,Thursday,2026-06-25,0,30,1.0
h01_r60_t3,1782345600000000000,-1,1782353130000000000,1782405220000000000,10418,4362.8185,4381.3445,4381.3445,4307.240500000001,18.52599999999984,0.4239783731208751,sl,-18.52599999999984,18.52599999999984,-37.19199999999968,Thursday,2026-06-25,1,60,3.0
h02_r15_t3,1782345600000000000,-1,1782354600000000000,1782389730000000000,7026,4361.2545,4332.736499999999,4370.7605,4332.736499999999,9.506000000000313,0.21764462314637317,tp,28.51800000000094,9.506000000000313,56.89600000000188,Thursday,2026-06-25,2,15,3.0
h04_r30_t3,1782345600000000000,-1,1782361800000000000,1782364590000000000,558,4357.8415,4346.1145000000015,4361.7505,4346.1145000000015,3.9089999999996508,0.08969755128437762,tp,11.726999999998952,3.9089999999996508,23.313999999997904,Thursday,2026-06-25,4,30,3.0
h05_r60_t2,1782345600000000000,1,1782369155000000000,1782389090000000000,3987,4353.7525000000005,4337.154500000001,4337.154500000001,4386.9485,16.597999999999956,0.3818393277253692,sl,-16.597999999999956,16.597999999999956,-33.33599999999991,Thursday,2026-06-25,5,60,2.0
h06_r60_t3,1782345600000000000,1,1782371285000000000,1782389090000000000,3561,4358.8565,4337.4895,4337.4895,4422.9575,21.36700000000019,0.4906668920178091,sl,-21.36700000000019,21.36700000000019,-42.87400000000038,Thursday,2026-06-25,6,60,3.0
h13_r30_t3,1782345600000000000,1,1782398865000000000,1782431995000000000,5861,4357.6035,4396.153,4338.8785,4413.778500000001,18.725000000000364,0.4299327318867242,session_end,38.54950000000008,18.725000000000364,76.95900000000016,Thursday,2026-06-25,13,30,3.0
h14_r15_t2,1782345600000000000,1,1782397480000000000,1782400200000000000,544,4349.4515,4367.4155,4340.4695,4367.4155,8.981999999999971,0.20672162902719593,tp,17.963999999999942,8.981999999999971,35.78799999999988,Thursday,2026-06-25,14,15,2.0
h00_r30_t1,1782432000000000000,-1,1782435040000000000,1782437490000000000,490,4373.8595000000005,4402.4485,4402.4485,4345.2705000000005,28.588999999999942,0.6523412030400286,sl,-28.588999999999942,28.588999999999942,-57.317999999999884,Friday,2026-06-26,0,30,1.0
h01_r60_t3,1782432000000000000,1,1782439205000000000,1782487425000000000,9644,4412.0495,4543.1224999999995,4368.3585,4543.1224999999995,43.6909999999998,0.9910772200251043,tp,131.0729999999994,43.6909999999998,262.00599999999883,Friday,2026-06-26,1,60,3.0
h02_r15_t3,1782432000000000000,1,1782442070000000000,1782470525000000000,5691,4430.8295,4408.1625,4408.1625,4498.830499999998,22.66699999999946,0.5121266609181173,sl,-22.66699999999946,22.66699999999946,-45.473999999998924,Friday,2026-06-26,2,15,3.0
h04_r30_t3,1782432000000000000,1,1782448465000000000,1782452115000000000,730,4430.9855,4456.185499999999,4422.5855,4456.185499999999,8.399999999999636,0.1898240523118849,tp,25.19999999999891,8.399999999999636,50.25999999999782,Friday,2026-06-26,4,30,3.0
h05_r60_t2,1782432000000000000,-1,1782461860000000000,1782485260000000000,4680,4431.5605,4466.4565,4466.4565,4361.768499999998,34.89600000000064,0.7849233358027282,sl,-34.89600000000064,34.89600000000064,-69.93200000000128,Friday,2026-06-26,5,60,2.0
h06_r60_t3,1782432000000000000,-1,1782457435000000000,1782485255000000000,5564,4442.8955000000005,4464.1205,4464.1205,4379.220500000002,21.224999999999454,0.4768894004168868,sl,-21.224999999999454,21.224999999999454,-42.58999999999891,Friday,2026-06-26,6,60,3.0
h13_r30_t3,1782432000000000000,-1,1782480680000000000,1782482590000000000,382,4409.5995,4434.9925,4434.9925,4333.4205,25.39300000000003,0.5753660274377979,sl,-25.39300000000003,25.39300000000003,-50.92600000000006,Friday,2026-06-26,13,30,3.0
h14_r15_t2,1782432000000000000,1,1782483390000000000,1782486825000000000,687,4454.6145,4520.130499999999,4421.8565,4520.130499999999,32.75799999999981,0.7359233981877299,tp,65.51599999999962,32.75799999999981,130.89199999999926,Friday,2026-06-26,14,15,2.0
h00_r30_t1,1782691200000000000,1,1782693105000000000,1782694370000000000,253,4461.851000000001,4446.530000000001,4446.530000000001,4477.1720000000005,15.320999999999913,0.34396849526074935,sl,-15.320999999999913,15.320999999999913,-30.781999999999826,Monday,2026-06-29,0,30,1.0
h01_r60_t3,1782691200000000000,-1,1782705785000000000,1782738105000000000,6463,4445.325000000001,4475.002,4475.002,4356.294000000002,29.67699999999968,0.6659726506214094,sl,-29.67699999999968,29.67699999999968,-59.49399999999936,Monday,2026-06-29,1,60,3.0
h02_r15_t3,1782691200000000000,1,1782700265000000000,1782701735000000000,294,4462.793,4448.942,4448.942,4504.345999999999,13.850999999999658,0.31080521011046275,sl,-13.850999999999658,13.850999999999658,-27.841999999999317,Monday,2026-06-29,2,15,3.0
h04_r30_t3,1782691200000000000,-1,1782707440000000000,1782711320000000000,776,4441.346,4450.6,4450.6,4413.583999999997,9.254000000000815,0.20828470768456264,sl,-9.254000000000815,9.254000000000815,-18.64800000000163,Monday,2026-06-29,4,30,3.0
h13_r30_t3,1782691200000000000,1,1782739870000000000,1782777595000000000,6768,4503.614,4533.905,4468.257,4609.6849999999995,35.35699999999997,0.78628474951837,session_end,30.291000000000167,35.35699999999997,60.442000000000334,Monday,2026-06-29,13,30,3.0
h14_r15_t2,1782691200000000000,-1,1782743520000000000,1782770510000000000,4628,4487.284,4506.484,4506.484,4448.883999999998,19.200000000000728,0.4267725062482324,sl,-19.200000000000728,19.200000000000728,-38.540000000001456,Monday,2026-06-29,14,15,2.0
h00_r30_t1,1782777600000000000,-1,1782780210000000000,1782782200000000000,398,4522.3175,4535.1565,4535.1565,4509.4785,12.838999999999942,0.28369515200361367,sl,-12.838999999999942,12.838999999999942,-25.817999999999884,Tuesday,2026-06-30,0,30,1.0
h01_r60_t3,1782777600000000000,1,1782784965000000000,1782816175000000000,6242,4547.6805,4517.3495,4517.3495,4638.673500000001,30.33100000000013,0.6670120002124369,sl,-30.33100000000013,30.33100000000013,-60.80200000000026,Tuesday,2026-06-30,1,60,3.0
h02_r15_t3,1782777600000000000,-1,1782785720000000000,1782789855000000000,827,4541.3395,4549.309499999999,4549.309499999999,4517.429500000002,7.969999999999345,0.17547828566300236,sl,-7.969999999999345,7.969999999999345,-16.07999999999869,Tuesday,2026-06-30,2,15,3.0
h04_r30_t3,1782777600000000000,1,1782793800000000000,1782798785000000000,997,4551.7915,4546.0885,4546.0885,4568.900500000002,5.703000000000429,0.12529653017811704,sl,-5.703000000000429,5.703000000000429,-11.54600000000086,Tuesday,2026-06-30,4,30,3.0
h05_r60_t2,1782777600000000000,-1,1782799200000000000,1782863995000000000,12121,4540.6565,4524.901,4562.583500000001,4496.802499999999,21.92700000000059,0.48284397678730034,session_end,15.755500000000211,21.92700000000059,31.37100000000042,Tuesday,2026-06-30,5,60,2.0
h06_r60_t3,1782777600000000000,1,1782804795000000000,1782814000000000000,1841,4543.014499999999,4526.851500000001,4526.851500000001,4591.503499999995,16.162999999998647,0.356672155882672,sl,-16.162999999998647,16.162999999998647,-32.465999999997294,Tuesday,2026-06-30,6,60,3.0
h13_r30_t3,1782777600000000000,1,1782826325000000000,1782827615000000000,258,4540.1275000000005,4531.2325,4531.2325,4566.812500000002,8.895000000000437,0.1961974313025102,sl,-8.895000000000437,8.895000000000437,-17.930000000000874,Tuesday,2026-06-30,13,30,3.0
h14_r15_t2,1782777600000000000,-1,1782829435000000000,1782833795000000000,872,4531.1185000000005,4511.424500000001,4540.9655,4511.424500000001,9.846999999999753,0.21696153598279097,tp,19.693999999999505,9.846999999999753,39.24799999999901,Tuesday,2026-06-30,14,15,2.0
h00_r30_t1,1782864000000000000,-1,1782867645000000000,1782869965000000000,464,3998.292,4010.658,4010.658,3985.926,12.365999999999985,0.3088894517474507,sl,-12.365999999999985,12.365999999999985,-24.87199999999997,Wednesday,2026-07-01,0,30,1.0
h01_r60_t3,1782864000000000000,1,1782872540000000000,1782909005000000000,7291,4011.328,3990.756,3990.756,4073.0440000000003,20.572000000000116,0.5134727953267315,sl,-20.572000000000116,20.572000000000116,-41.28400000000023,Wednesday,2026-07-01,1,60,3.0
h02_r15_t3,1782864000000000000,1,1782872115000000000,1782878425000000000,1262,4010.018,4003.648,4003.648,4028.9599999999996,6.313999999999851,0.15750396379154624,sl,-6.369999999999891,6.369999999999891,-12.879999999999782,Wednesday,2026-07-01,2,15,3.0
h04_r30_t3,1782864000000000000,1,1782880280000000000,1782887070000000000,1358,4006.145,4021.2829999999994,4001.099,4021.2829999999994,5.045999999999822,0.1260252350173284,tp,15.137999999999465,5.045999999999822,30.13599999999893,Wednesday,2026-07-01,4,30,3.0
h05_r60_t2,1782864000000000000,1,1782887070000000000,1782902595000000000,3103,4020.657,4007.133,4007.133,4047.705000000001,13.524000000000342,0.33693941219470386,sl,-13.524000000000342,13.524000000000342,-27.188000000000685,Wednesday,2026-07-01,5,60,2.0
h06_r60_t3,1782864000000000000,1,1782889580000000000,1782898230000000000,1730,4025.419,4013.565,4013.565,4060.9809999999993,11.853999999999814,0.2947559597695616,sl,-11.853999999999814,11.853999999999814,-23.84799999999963,Wednesday,2026-07-01,6,60,3.0
h13_r30_t3,1782864000000000000,-1,1782912600000000000,1782924920000000000,2464,3994.36,4007.171,4007.171,3955.927000000001,12.810999999999694,0.320646549188865,sl,-12.810999999999694,12.810999999999694,-25.76199999999939,Wednesday,2026-07-01,13,30,3.0
h14_r15_t2,1782864000000000000,1,1782915530000000000,1782925455000000000,1985,3989.541,4015.107,3976.701,4015.107,12.782999999999902,0.3211736418020673,tp,25.565999999999804,12.840000000000146,50.99199999999961,Wednesday,2026-07-01,14,15,2.0
h00_r30_t1,1782950400000000000,-1,1782952275000000000,1782954615000000000,468,4057.2569999999996,4067.2110000000002,4067.2110000000002,4047.302999999999,9.954000000000633,0.24519463833176589,sl,-9.954000000000633,9.954000000000633,-20.048000000001267,Thursday,2026-07-02,0,30,1.0
h02_r15_t3,1782950400000000000,-1,1782958515000000000,1782973875000000000,3072,4068.99,4082.1180000000004,4082.1180000000004,4029.605999999998,13.128000000000611,0.32257739535463514,sl,-13.128000000000611,13.128000000000611,-26.396000000001223,Thursday,2026-07-02,2,15,3.0
h04_r30_t3,1782950400000000000,-1,1782966785000000000,1782968575000000000,358,4061.6490000000003,4066.989,4066.989,4045.6290000000013,5.339999999999691,0.13141348243266757,sl,-5.339999999999691,5.339999999999691,-10.819999999999382,Thursday,2026-07-02,4,30,3.0
h05_r60_t2,1782950400000000000,1,1782972140000000000,1782973925000000000,357,4071.7870000000003,4092.371000000001,4061.495,4092.371000000001,10.292000000000371,0.2530538823806039,tp,20.584000000000742,10.292000000000371,41.028000000001484,Thursday,2026-07-02,5,60,2.0
h06_r60_t3,1782950400000000000,1,1782976325000000000,1783013200000000000,7375,4109.611,4067.1319999999996,4067.1319999999996,4237.048000000001,42.47900000000027,1.0360724126299485,sl,-42.47900000000027,42.47900000000027,-85.09800000000054,Thursday,2026-07-02,6,60,3.0
h13_r30_t3,1782950400000000000,1,1782999085000000000,1783007540000000000,1691,4109.626,4092.925,4092.925,4159.729,16.701000000000022,0.40684223821939525,sl,-16.701000000000022,16.701000000000022,-33.542000000000044,Thursday,2026-07-02,13,30,3.0
h14_r15_t2,1782950400000000000,-1,1783001765000000000,1783002035000000000,54,4102.683999999999,4112.911,4112.911,4082.2299999999977,10.227000000000771,0.2487674735616334,sl,-10.227000000000771,10.227000000000771,-20.594000000001543,Thursday,2026-07-02,14,15,2.0
h00_r30_t1,1783036800000000000,1,1783039395000000000,1783040655000000000,252,4072.781,4063.715,4063.715,4081.8469999999998,9.065999999999804,0.22279158395329987,sl,-9.065999999999804,9.065999999999804,-18.271999999999608,Friday,2026-07-03,0,30,1.0
h01_r60_t3,1783036800000000000,-1,1783046875000000000,1783063645000000000,3354,4062.607,4073.191,4073.191,4030.8550000000005,10.583999999999833,0.2602901162550448,sl,-10.583999999999833,10.583999999999833,-21.307999999999666,Friday,2026-07-03,1,60,3.0
h02_r15_t3,1783036800000000000,1,1783044940000000000,1783046715000000000,355,4068.474,4063.584,4063.584,4083.144000000001,4.890000000000327,0.12019833462627236,sl,-4.890000000000327,4.890000000000327,-9.920000000000655,Friday,2026-07-03,2,15,3.0
h04_r30_t3,1783036800000000000,1,1783053085000000000,1783053625000000000,108,4053.0,4049.501,4049.501,4063.4969999999994,3.4989999999997963,0.0863453438661935,sl,-3.4989999999997963,3.4989999999997963,-7.137999999999592,Friday,2026-07-03,4,30,3.0
h05_r60_t2,1783036800000000000,1,1783059545000000000,1783064050000000000,901,4054.908,4075.9239999999995,4044.4,4075.9239999999995,10.50799999999981,0.25974276369958454,tp,21.01599999999962,10.50799999999981,41.89199999999924,Friday,2026-07-03,5,60,2.0
h06_r60_t3,1783036800000000000,1,1783062160000000000,1783112275000000000,10021,4061.814,4075.368,4045.374,4110.984,16.390000000000327,0.40385015311317773,session_end,13.554000000000087,16.440000000000055,26.968000000000174,Friday,2026-07-03,6,60,3.0
h13_r30_t3,1783036800000000000,-1,1783085420000000000,1783086510000000000,218,4067.246,4081.152,4081.152,4025.5280000000002,13.905999999999949,0.3417467520419147,sl,-13.905999999999949,13.905999999999949,-27.9519999999999,Friday,2026-07-03,13,30,3.0
h14_r15_t2,1783036800000000000,-1,1783088240000000000,1783091455000000000,643,4080.078,4092.879,4092.879,4054.476,12.80099999999993,0.3136230134269146,sl,-12.80099999999993,12.80099999999993,-25.741999999999862,Friday,2026-07-03,14,15,2.0
h00_r30_t1,1783296000000000000,1,1783299710000000000,1783304375000000000,933,4130.5715,4156.3675,4104.7755,4156.3675,25.796000000000276,0.6280854460140831,tp,25.796000000000276,25.796000000000276,51.45200000000055,Monday,2026-07-06,0,30,1.0
h01_r60_t3,1783296000000000000,1,1783304200000000000,1783382395000000000,14851,4142.6415,4156.798,4122.6425,4202.638499999999,19.998999999999796,0.4845570605977334,session_end,14.156500000000051,19.998999999999796,28.1730000000001,Monday,2026-07-06,1,60,3.0
h02_r15_t3,1783296000000000000,1,1783304180000000000,1783325040000000000,4170,4139.9915,4184.0795,4125.2955,4184.0795,14.695999999999913,0.3552574341232045,tp,44.08799999999974,14.695999999999913,88.03599999999948,Monday,2026-07-06,2,15,3.0
h04_r30_t3,1783296000000000000,1,1783312500000000000,1783314650000000000,430,4147.6645,4171.082499999999,4139.8585,4171.082499999999,7.805999999999585,0.18827733594080923,tp,23.417999999998756,7.805999999999585,46.69599999999751,Monday,2026-07-06,4,30,3.0
h05_r60_t2,1783296000000000000,-1,1783317600000000000,1783324280000000000,1336,4150.1645,4174.6865,4174.6865,4101.1205,24.521999999999935,0.5906960672172701,sl,-24.521999999999935,24.521999999999935,-49.18399999999987,Monday,2026-07-06,5,60,2.0
h06_r60_t3,1783296000000000000,1,1783324165000000000,1783382395000000000,10860,4164.8865000000005,4156.798,4142.860500000001,4230.9645,22.02599999999984,0.5290857225283322,session_end,-8.08850000000075,22.02599999999984,-16.3170000000015,Monday,2026-07-06,6,60,3.0
h13_r30_t3,1783296000000000000,1,1783345305000000000,1783350940000000000,1127,4173.5715,4157.5165,4157.5165,4221.736500000001,16.05500000000029,0.38541047896404856,sl,-16.05500000000029,16.05500000000029,-32.25000000000058,Monday,2026-07-06,13,30,3.0
h14_r15_t2,1783296000000000000,1,1783348485000000000,1783350940000000000,491,4185.434499999999,4157.9895,4157.9895,4240.324499999999,27.44499999999971,0.6583063716357075,sl,-27.44499999999971,27.44499999999971,-55.02999999999942,Monday,2026-07-06,14,15,2.0
h00_r30_t1,1783382400000000000,-1,1783384290000000000,1783384965000000000,135,4144.586,4132.051,4157.121,4132.051,12.534999999999854,0.30222122352459757,tp,12.534999999999854,12.534999999999854,24.92999999999971,Tuesday,2026-07-07,0,30,1.0
h01_r60_t3,1783382400000000000,1,1783398640000000000,1783468795000000000,13263,4127.979,4147.038,4081.3540000000003,4267.854,46.625,1.1345725988976212,session_end,19.058999999999287,46.625,37.97799999999857,Tuesday,2026-07-07,1,60,3.0
h02_r15_t3,1783382400000000000,1,1783396885000000000,1783411535000000000,2929,4113.608,4179.0740000000005,4091.786,4179.0740000000005,21.822000000000116,0.5326244041169927,tp,65.46600000000035,21.822000000000116,130.7920000000007,Tuesday,2026-07-07,2,15,3.0
h04_r30_t3,1783382400000000000,1,1783398605000000000,1783406065000000000,1492,4124.26,4171.996000000001,4108.273,4171.996000000001,15.912000000000262,0.38592152831910853,tp,47.736000000000786,15.98700000000008,95.33200000000157,Tuesday,2026-07-07,4,30,3.0
h05_r60_t2,1783382400000000000,1,1783405345000000000,1783405945000000000,120,4131.769,4164.457,4115.425,4164.457,16.34400000000005,0.3968394640627691,tp,32.6880000000001,16.34400000000005,65.2360000000002,Tuesday,2026-07-07,5,60,2.0
h06_r60_t3,1783382400000000000,1,1783409120000000000,1783468795000000000,11167,4176.766,4147.038,4118.542,4351.437999999997,58.22399999999925,1.395646849379475,session_end,-29.728000000000065,58.22399999999925,-59.59600000000013,Tuesday,2026-07-07,6,60,3.0
h13_r30_t3,1783382400000000000,1,1783433355000000000,1783457730000000000,4868,4175.919,4150.807,4150.807,4251.255,25.11200000000008,0.6027853136610394,sl,-25.11200000000008,25.11200000000008,-50.36400000000016,Tuesday,2026-07-07,13,30,3.0
h14_r15_t2,1783382400000000000,1,1783433745000000000,1783437640000000000,779,4191.719,4167.305,4167.305,4240.547,24.41399999999976,0.5831742268235722,sl,-24.41399999999976,24.41399999999976,-48.96799999999952,Tuesday,2026-07-07,14,15,2.0
h00_r30_t1,1783468800000000000,-1,1783470620000000000,1783471020000000000,80,4141.704,4129.971,4153.437,4129.971,11.733000000000175,0.2831792536984947,tp,11.733000000000175,11.733000000000175,23.32600000000035,Wednesday,2026-07-08,0,30,1.0
h01_r60_t3,1783468800000000000,-1,1783476325000000000,1783490860000000000,2907,4109.344,4144.157999999999,4144.157999999999,4004.902000000002,34.813999999999396,0.8461295418641244,sl,-34.813999999999396,34.813999999999396,-69.76799999999879,Wednesday,2026-07-08,1,60,3.0
h02_r15_t3,1783468800000000000,-1,1783477540000000000,1783477805000000000,53,4105.339,4117.386,4117.386,4069.1979999999985,12.04700000000048,0.2932115930416944,sl,-12.04700000000048,12.04700000000048,-24.23400000000096,Wednesday,2026-07-08,2,15,3.0
h04_r30_t3,1783468800000000000,-1,1783485015000000000,1783488600000000000,717,4099.543,4113.062,4113.062,4058.985999999999,13.519000000000233,0.3296858729396214,sl,-13.519000000000233,13.519000000000233,-27.178000000000466,Wednesday,2026-07-08,4,30,3.0
h05_r60_t2,1783468800000000000,1,1783490450000000000,1783497790000000000,1468,4134.387,4099.312,4099.312,4204.536999999999,35.07499999999982,0.8491765589985798,sl,-35.07499999999982,35.07499999999982,-70.28999999999964,Wednesday,2026-07-08,5,60,2.0
h06_r60_t3,1783468800000000000,-1,1783494015000000000,1783512650000000000,3727,4127.314,4068.175000000001,4147.027,4068.175000000001,19.712999999999738,0.47737869621588425,tp,59.138999999999214,19.712999999999738,118.13799999999843,Wednesday,2026-07-08,6,60,3.0
h13_r30_t3,1783468800000000000,1,1783517810000000000,1783522560000000000,950,4084.406,4059.495,4059.495,4159.139,24.911000000000058,0.6111732509701479,sl,-24.911000000000058,24.911000000000058,-49.96200000000012,Wednesday,2026-07-08,13,30,3.0
h14_r15_t2,1783468800000000000,-1,1783520145000000000,1783522075000000000,386,4096.055,4074.045000000002,4107.0599999999995,4074.045000000002,11.0049999999992,0.2683908062796181,tp,22.0099999999984,11.0049999999992,43.8799999999968,Wednesday,2026-07-08,14,15,2.0
h00_r30_t1,1783555200000000000,1,1783558150000000000,1783574780000000000,3326,4008.7084999999997,3975.4565000000002,3975.4565000000002,4041.9604999999992,33.2519999999995,0.8314142155278457,sl,-33.2519999999995,33.2519999999995,-66.643999999999,Thursday,2026-07-09,0,30,1.0
h01_r60_t3,1783555200000000000,-1,1783564475000000000,1783576585000000000,2422,3996.9105,3938.0534999999995,4016.5295,3938.0534999999995,19.619000000000142,0.48943977369865915,tp,58.857000000000426,19.619000000000142,117.57400000000085,Thursday,2026-07-09,1,60,3.0
h02_r15_t3,1783555200000000000,-1,1783563380000000000,1783566130000000000,550,4001.7385,3980.1744999999996,4008.9265,3980.1744999999996,7.188000000000102,0.1794778736965688,tp,21.564000000000306,7.188000000000102,42.98800000000061,Thursday,2026-07-09,2,15,3.0
h04_r30_t3,1783555200000000000,1,1783571415000000000,1783573795000000000,476,3996.7155000000002,3987.3545,3987.3545,4024.7985000000012,9.361000000000331,0.23429382287502953,sl,-9.361000000000331,9.361000000000331,-18.862000000000663,Thursday,2026-07-09,4,30,3.0
h05_r60_t2,1783555200000000000,-1,1783576800000000000,1783641595000000000,12189,3923.1025,3893.182,3996.9745000000003,3775.3584999999994,73.8720000000003,1.8829462123333411,session_end,29.920500000000175,73.8720000000003,59.70100000000035,Thursday,2026-07-09,5,60,2.0
h06_r60_t3,1783555200000000000,1,1783580620000000000,1783586635000000000,1203,3941.3165,3902.6945,3902.6945,4057.1824999999994,38.621999999999844,0.9806327445059632,sl,-38.621999999999844,38.621999999999844,-77.38399999999969,Thursday,2026-07-09,6,60,3.0
h13_r30_t3,1783555200000000000,1,1783604700000000000,1783614040000000000,1868,3936.4235,3906.6035,3906.6035,4025.883499999999,29.81999999999971,0.7585332124733616,sl,-29.81999999999971,29.81999999999971,-59.77999999999942,Thursday,2026-07-09,13,30,3.0
h14_r15_t2,1783555200000000000,1,1783606555000000000,1783611560000000000,1001,3938.7275,3921.6814999999997,3921.6814999999997,3972.8195000000005,17.046000000000276,0.4337795864792454,sl,-17.046000000000276,17.046000000000276,-34.23200000000055,Thursday,2026-07-09,14,15,2.0
h00_r30_t1,1783641600000000000,1,1783643400000000000,1783644385000000000,197,3894.319,3900.252,3888.3655,3900.252,5.932999999999993,0.15236133750809713,tp,5.932999999999993,5.953500000000076,11.725999999999985,Friday,2026-07-10,0,30,1.0
h01_r60_t3,1783641600000000000,1,1783652745000000000,1783689110000000000,7271,3896.2675,3964.682500000001,3873.4624999999996,3964.682500000001,22.80500000000029,0.586067124666803,tp,68.41500000000087,22.80500000000029,136.69000000000176,Friday,2026-07-10,1,60,3.0
h02_r15_t3,1783641600000000000,-1,1783649930000000000,1783651100000000000,233,3890.3205,3895.4355,3895.4355,3874.975499999999,5.1150000000002365,0.1313968798443027,sl,-5.1150000000002365,5.1150000000002365,-10.370000000000474,Friday,2026-07-10,2,15,3.0
h04_r30_t3,1783641600000000000,1,1783657955000000000,1783663205000000000,1049,3896.9425,3893.8715,3893.8715,3906.1555,3.0709999999999127,0.0788145329276497,sl,-3.0709999999999127,3.0709999999999127,-6.281999999999825,Friday,2026-07-10,4,30,3.0
h05_r60_t2,1783641600000000000,-1,1783663200000000000,1783683980000000000,4156,3894.7304999999997,3905.0705,3905.0705,3874.0504999999994,10.340000000000146,0.2654461619860853,sl,-10.340000000000146,10.340000000000146,-20.82000000000029,Friday,2026-07-10,5,60,2.0
h06_r60_t3,1783641600000000000,-1,1783669815000000000,1783672990000000000,635,3882.9745000000003,3896.1245,3896.1245,3843.5245000000014,13.149999999999636,0.3382387381611525,sl,-13.149999999999636,13.149999999999636,-26.439999999999273,Friday,2026-07-10,6,60,3.0
h14_r15_t2,1783641600000000000,-1,1783698215000000000,1783717075000000000,3772,3949.1755000000003,3926.837,3969.4865,3908.553500000001,20.310999999999694,0.5136533127173942,session_end,22.338500000000295,20.310999999999694,44.53700000000059,Friday,2026-07-10,14,15,2.0
h00_r30_t1,1783900800000000000,1,1783902630000000000,1783904640000000000,402,3894.2995,3911.2265,3877.3725,3911.2265,16.927000000000135,0.4346972482742281,tp,16.927000000000135,16.927000000000135,33.71400000000027,Monday,2026-07-13,0,30,1.0
h02_r15_t3,1783900800000000000,-1,1783908905000000000,1783943715000000000,6961,3922.9455,3929.8815,3929.8815,3902.1374999999994,6.936000000000149,0.17678753647868203,sl,-6.936000000000149,6.936000000000149,-14.012000000000299,Monday,2026-07-13,2,15,3.0
h04_r30_t3,1783900800000000000,-1,1783917120000000000,1783921085000000000,793,3914.8215,3919.0305,3919.0305,3902.1945000000005,4.208999999999833,0.10742557256949216,sl,-4.208999999999833,4.208999999999833,-8.557999999999666,Monday,2026-07-13,4,30,3.0
h05_r60_t2,1783900800000000000,1,1783926000000000000,1783980075000000000,10059,3919.0275,3945.745500000001,3905.6684999999998,3945.745500000001,13.359000000000378,0.3412438785116714,tp,26.718000000000757,13.359000000000378,53.29600000000151,Monday,2026-07-13,5,60,2.0
h06_r60_t3,1783900800000000000,1,1783926000000000000,1783935200000000000,1840,3918.643,3909.1105,3909.1105,3946.9539999999997,9.436999999999898,0.2408290316756374,sl,-9.532500000000255,9.532500000000255,-19.20500000000051,Monday,2026-07-13,6,60,3.0
h13_r30_t3,1783900800000000000,1,1783949435000000000,1783954270000000000,967,3943.6054999999997,3922.2124999999996,3922.2124999999996,4007.7844999999998,21.39300000000003,0.5426766492653147,sl,-21.39300000000003,21.39300000000003,-42.92600000000006,Monday,2026-07-13,13,30,3.0
h14_r15_t2,1783900800000000000,1,1783952395000000000,1783954265000000000,374,3937.6805,3928.0695,3928.0695,3956.9024999999997,9.610999999999876,0.2442121578828647,sl,-9.610999999999876,9.610999999999876,-19.361999999999753,Monday,2026-07-13,14,15,2.0
h00_r30_t1,1783987200000000000,-1,1783989750000000000,1783990350000000000,120,3925.0605,3908.8405000000002,3941.2805,3908.8405000000002,16.2199999999998,0.4130554554961345,tp,16.2199999999998,16.2199999999998,32.2999999999996,Tuesday,2026-07-14,0,30,1.0
h01_r60_t3,1783987200000000000,1,1783994935000000000,1784006135000000000,2233,3919.5615,3886.9305,3886.9305,4017.4544999999994,32.63099999999986,0.8335458857034875,sl,-32.63099999999986,32.63099999999986,-65.40199999999972,Tuesday,2026-07-14,1,60,3.0
h02_r15_t3,1783987200000000000,1,1783995420000000000,1783999575000000000,829,3920.9665,3911.8955,3911.8955,3948.1794999999997,9.070999999999913,0.23138437929692443,sl,-9.070999999999913,9.070999999999913,-18.281999999999826,Tuesday,2026-07-14,2,15,3.0
h04_r30_t3,1783987200000000000,1,1784003425000000000,1784005585000000000,429,3916.6324999999997,3905.9105,3905.9105,3948.798499999999,10.721999999999753,0.273803746146995,sl,-10.721999999999753,10.721999999999753,-21.583999999999506,Tuesday,2026-07-14,4,30,3.0
h06_r60_t3,1783987200000000000,1,1784013710000000000,1784037450000000000,4745,3880.2915000000003,3858.3255,3858.3255,3946.1895000000013,21.96600000000035,0.5665480533518851,sl,-21.96600000000035,21.96600000000035,-44.0720000000007,Tuesday,2026-07-14,6,60,3.0
h13_r30_t3,1783987200000000000,-1,1784035930000000000,1784037695000000000,353,3877.7315,3825.1444999999985,3895.2605000000003,3825.1444999999985,17.52900000000045,0.4512801395675792,tp,52.58700000000135,17.52900000000045,105.0340000000027,Tuesday,2026-07-14,13,30,3.0
h14_r15_t2,1783987200000000000,1,1784038520000000000,1784073595000000000,6236,3868.9714999999997,3836.982,3822.5474999999997,3961.8194999999996,46.42399999999998,1.200841551331876,session_end,-31.98949999999968,46.42399999999998,-64.11899999999936,Tuesday,2026-07-14,14,15,2.0
h00_r30_t1,1784073600000000000,1,1784077350000000000,1784089385000000000,2407,3846.456,3834.5829999999996,3834.5829999999996,3858.3290000000006,11.873000000000502,0.30898132969972103,sl,-11.873000000000502,11.873000000000502,-23.886000000001005,Wednesday,2026-07-15,0,30,1.0
h01_r60_t3,1784073600000000000,-1,1784083570000000000,1784125410000000000,8368,3839.839,3853.526,3853.526,3798.7780000000002,13.686999999999898,0.35589557518856063,sl,-13.686999999999898,13.686999999999898,-27.513999999999797,Wednesday,2026-07-15,1,60,3.0
h02_r15_t3,1784073600000000000,1,1784081820000000000,1784082135000000000,63,3848.603,3844.819,3844.819,3859.9550000000004,3.7840000000001055,0.09836553088792323,sl,-3.7840000000001055,3.7840000000001055,-7.708000000000211,Wednesday,2026-07-15,2,15,3.0
h04_r30_t3,1784073600000000000,-1,1784089800000000000,1784094545000000000,949,3830.9080000000004,3839.657,3839.657,3804.661000000001,8.748999999999796,0.22835489728466207,sl,-8.748999999999796,8.748999999999796,-17.637999999999593,Wednesday,2026-07-15,4,30,3.0
h05_r60_t2,1784073600000000000,-1,1784096540000000000,1784107815000000000,2255,3828.0789999999997,3839.839,3839.839,3804.5589999999993,11.760000000000218,0.30680536565017086,sl,-11.760000000000218,11.760000000000218,-23.660000000000437,Wednesday,2026-07-15,5,60,2.0
h06_r60_t3,1784073600000000000,1,1784098805000000000,1784103395000000000,918,3837.596,3827.4669999999996,3827.4669999999996,3867.983000000001,10.12900000000036,0.26395854425391413,sl,-10.12900000000036,10.12900000000036,-20.39800000000072,Wednesday,2026-07-15,6,60,3.0
h13_r30_t3,1784073600000000000,1,1784122610000000000,1784136835000000000,2845,3843.4080000000004,3881.9640000000013,3830.556,3881.9640000000013,12.852000000000317,0.33461064411768754,tp,38.55600000000095,12.852000000000317,76.9720000000019,Wednesday,2026-07-15,13,30,3.0
h14_r15_t2,1784073600000000000,1,1784125350000000000,1784126850000000000,300,3850.3959999999997,3840.8990000000003,3840.8990000000003,3869.3899999999985,9.496999999999389,0.24688058825011105,sl,-9.496999999999389,9.496999999999389,-19.133999999998778,Wednesday,2026-07-15,14,15,2.0
h00_r30_t1,1784160000000000000,-1,1784162930000000000,1784164710000000000,356,3786.8345,3781.4775,3792.1915,3781.4775,5.356999999999971,0.14130916332023435,tp,5.356999999999971,5.356999999999971,10.573999999999941,Thursday,2026-07-16,0,30,1.0
h01_r60_t3,1784160000000000000,-1,1784172135000000000,1784198235000000000,5220,3763.8025,3791.6234999999997,3791.6234999999997,3680.3395,27.820999999999913,0.7365291424866579,sl,-27.820999999999913,27.820999999999913,-55.781999999999826,Thursday,2026-07-16,1,60,3.0
h02_r15_t3,1784160000000000000,1,1784169035000000000,1784170345000000000,262,3789.3145,3775.2545,3775.2545,3831.4945,14.059999999999945,0.37110574864184,sl,-14.059999999999945,14.059999999999945,-28.25999999999989,Thursday,2026-07-16,2,15,3.0
h04_r30_t3,1784160000000000000,-1,1784178910000000000,1784181165000000000,451,3766.6265000000003,3775.2045,3775.2045,3740.8925000000017,8.57799999999952,0.22739861734322758,sl,-8.57799999999952,8.57799999999952,-17.29599999999904,Thursday,2026-07-16,4,30,3.0
h05_r60_t2,1784160000000000000,1,1784181715000000000,1784246395000000000,12177,3776.4505,3785.693,3761.6605,3806.0305,14.789999999999964,0.3919609056761574,session_end,9.242500000000291,14.789999999999964,18.34500000000058,Thursday,2026-07-16,5,60,2.0
h06_r60_t3,1784160000000000000,1,1784186270000000000,1784208900000000000,4526,3787.1485000000002,3772.0455,3772.0455,3832.4575000000004,15.103000000000065,0.3989495710360991,sl,-15.103000000000065,15.103000000000065,-30.34600000000013,Thursday,2026-07-16,6,60,3.0
h13_r30_t3,1784160000000000000,-1,1784208645000000000,1784214950000000000,1261,3779.3105,3790.5175,3790.5175,3745.6895000000004,11.20699999999988,0.29633915245204007,sl,-11.20699999999988,11.20699999999988,-22.55399999999976,Thursday,2026-07-16,13,30,3.0
h14_r15_t2,1784160000000000000,1,1784211300000000000,1784246395000000000,6260,3777.2325,3785.693,3763.5115,3804.6745,13.721000000000004,0.36326200864749447,session_end,8.460500000000138,13.721000000000004,16.781000000000276,Thursday,2026-07-16,14,15,2.0
h00_r30_t1,1784246400000000000,-1,1784249440000000000,1784251890000000000,490,3766.4975,3791.1155,3791.1155,3741.8795,24.617999999999938,0.6523125922854176,sl,-24.617999999999938,24.617999999999938,-49.37599999999988,Friday,2026-07-17,0,30,1.0
h01_r60_t3,1784246400000000000,1,1784253605000000000,1784301825000000000,9644,3799.3845,3912.2595,3761.7595,3912.2595,37.625,0.9911040345770844,tp,112.875,37.625,225.61,Friday,2026-07-17,1,60,3.0
h02_r15_t3,1784246400000000000,1,1784256470000000000,1784284925000000000,5691,3815.5564999999997,3796.0365,3796.0365,3874.1164999999983,19.519999999999527,0.512141922082789,sl,-19.519999999999527,19.519999999999527,-39.179999999999055,Friday,2026-07-17,2,15,3.0
h04_r30_t3,1784246400000000000,1,1784262865000000000,1784266515000000000,730,3815.6904999999997,3837.392499999998,3808.4565000000002,3837.392499999998,7.233999999999469,0.18983560745490438,tp,21.701999999998407,7.233999999999469,43.26399999999681,Friday,2026-07-17,4,30,3.0
h05_r60_t2,1784246400000000000,-1,1784276260000000000,1784299660000000000,4680,3816.1855,3846.2365,3846.2365,3756.0835,30.05099999999993,0.7849422525055587,sl,-30.05099999999993,30.05099999999993,-60.24199999999986,Friday,2026-07-17,5,60,2.0
h06_r60_t3,1784246400000000000,-1,1784271755000000000,1784299655000000000,5580,3825.9465,3844.2245000000003,3844.2245000000003,3771.1124999999993,18.278000000000247,0.47689836035205757,sl,-18.278000000000247,18.278000000000247,-36.696000000000495,Friday,2026-07-17,6,60,3.0
h13_r30_t3,1784246400000000000,-1,1784295080000000000,1784296990000000000,382,3797.2745,3819.1414999999997,3819.1414999999997,3731.673500000001,21.866999999999734,0.5753691636386722,sl,-21.866999999999734,21.866999999999734,-43.87399999999947,Friday,2026-07-17,13,30,3.0
h14_r15_t2,1784246400000000000,1,1784297790000000000,1784301225000000000,687,3836.0384999999997,3892.4564999999993,3807.8295,3892.4564999999993,28.208999999999833,0.7359191769830922,tp,56.417999999999665,28.208999999999833,112.69599999999933,Friday,2026-07-17,14,15,2.0
h00_r30_t1,1784505600000000000,-1,1784508485000000000,1784510095000000000,322,3939.6090000000004,3928.125000000001,3951.093,3928.125000000001,11.483999999999469,0.29077164627035407,tp,11.483999999999469,11.483999999999469,22.827999999998937,Monday,2026-07-20,0,30,1.0
h01_r60_t3,1784505600000000000,-1,1784525650000000000,1784554705000000000,5811,3902.569,3944.4719999999998,3944.4719999999998,3776.8600000000006,41.90299999999979,1.067323962101754,sl,-41.90299999999979,41.90299999999979,-83.94599999999959,Monday,2026-07-20,1,60,3.0
h02_r15_t3,1784505600000000000,-1,1784513790000000000,1784546410000000000,6524,3915.959,3930.5519999999997,3930.5519999999997,3872.1800000000003,14.592999999999847,0.3724549253737399,sl,-14.592999999999847,14.592999999999847,-29.325999999999695,Monday,2026-07-20,2,15,3.0
h04_r30_t3,1784505600000000000,-1,1784522035000000000,1784525675000000000,728,3915.005,3892.3819999999996,3922.5460000000003,3892.3819999999996,7.541000000000167,0.19233712175315162,tp,22.623000000000502,7.541000000000167,45.106000000001,Monday,2026-07-20,4,30,3.0
h05_r60_t2,1784505600000000000,1,1784532345000000000,1784591995000000000,11163,3917.42,3918.656,3873.901,4004.4580000000005,43.51900000000023,1.11722679044072,session_end,1.2359999999998763,43.51900000000023,2.3319999999997525,Monday,2026-07-20,5,60,2.0
h06_r60_t3,1784505600000000000,1,1784532240000000000,1784534470000000000,446,3913.096,3895.326,3895.326,3966.406,17.769999999999982,0.4553395674965954,sl,-17.769999999999982,17.769999999999982,-35.679999999999964,Monday,2026-07-20,6,60,3.0
h13_r30_t3,1784505600000000000,1,1784554210000000000,1784556315000000000,421,3935.6189999999997,3921.9300000000003,3921.9300000000003,3976.685999999998,13.688999999999396,0.3482397977873683,sl,-13.688999999999396,13.688999999999396,-27.517999999998793,Monday,2026-07-20,13,30,3.0
h14_r15_t2,1784505600000000000,-1,1784557515000000000,1784559580000000000,413,3917.754,3930.826,3930.826,3891.6099999999997,13.072000000000116,0.33345109898309444,sl,-13.072000000000116,13.072000000000116,-26.284000000000233,Monday,2026-07-20,14,15,2.0
h00_r30_t1,1784592000000000000,-1,1784593880000000000,1784595815000000000,387,3916.635,3924.4210000000003,3924.4210000000003,3908.849,7.786000000000058,0.1987188681855344,sl,-7.786000000000058,7.786000000000058,-15.712000000000117,Tuesday,2026-07-21,0,30,1.0
h01_r60_t3,1784592000000000000,1,1784601090000000000,1784643350000000000,8451,3937.83,3919.5789999999997,3919.5789999999997,3992.5830000000005,18.251000000000204,0.46373251443082436,sl,-18.251000000000204,18.251000000000204,-36.64200000000041,Tuesday,2026-07-21,1,60,3.0
h02_r15_t3,1784592000000000000,1,1784601070000000000,1784608240000000000,1433,3936.209,3928.1310000000003,3928.1310000000003,3960.4429999999984,8.07799999999952,0.20541274535480664,sl,-8.07799999999952,8.07799999999952,-16.29599999999904,Tuesday,2026-07-21,2,15,3.0
h04_r30_t3,1784592000000000000,-1,1784608240000000000,1784611940000000000,740,3928.636,3938.37,3938.37,3899.434,9.733999999999924,0.24765656186846938,sl,-9.733999999999924,9.733999999999924,-19.607999999999848,Tuesday,2026-07-21,4,30,3.0
h05_r60_t2,1784592000000000000,-1,1784617140000000000,1784641725000000000,4917,3930.554,3949.518,3949.518,3892.626,18.963999999999942,0.4810475289366663,sl,-18.963999999999942,18.963999999999942,-38.067999999999884,Tuesday,2026-07-21,5,60,2.0
h06_r60_t3,1784592000000000000,-1,1784617200000000000,1784641725000000000,4905,3930.0730000000003,3947.148,3947.148,3878.848000000001,17.074999999999818,0.43440442326738316,sl,-17.074999999999818,17.074999999999818,-34.28999999999964,Tuesday,2026-07-21,6,60,3.0
h13_r30_t3,1784592000000000000,-1,1784640605000000000,1784641685000000000,216,3930.099,3944.04,3944.04,3888.2760000000007,13.940999999999804,0.3546840892091113,sl,-13.940999999999804,13.940999999999804,-28.021999999999608,Tuesday,2026-07-21,13,30,3.0
h14_r15_t2,1784592000000000000,-1,1784643350000000000,1784645080000000000,346,3920.4790000000003,3891.023,3935.2070000000003,3891.023,14.728000000000065,0.37553466135458335,tp,29.45600000000013,14.728000000000065,58.77200000000026,Tuesday,2026-07-21,14,15,2.0
h00_r30_t1,1784678400000000000,1,1784680200000000000,1784680840000000000,128,3839.6899999999996,3848.0329999999994,3831.3469999999998,3848.0329999999994,8.342999999999847,0.21730382293762177,tp,8.342999999999847,8.342999999999847,16.545999999999694,Wednesday,2026-07-22,0,30,1.0
h01_r60_t3,1784678400000000000,1,1784689505000000000,1784698235000000000,1746,3843.386,3822.423,3822.423,3906.2750000000005,20.963000000000193,0.5468981537523999,sl,-20.963000000000193,20.963000000000193,-42.066000000000386,Wednesday,2026-07-22,1,60,3.0
h02_r15_t3,1784678400000000000,1,1784687865000000000,1784695020000000000,1431,3838.175,3830.5330000000004,3830.5330000000004,3861.1009999999997,7.641999999999825,0.199156620446099,sl,-7.641999999999825,7.641999999999825,-15.423999999999651,Wednesday,2026-07-22,2,15,3.0
h04_r30_t3,1784678400000000000,-1,1784694600000000000,1784710305000000000,3139,3834.346,3805.8309999999997,3843.951,3805.8309999999997,9.50500000000011,0.24788457054813418,tp,28.515000000000327,9.605000000000018,56.890000000000654,Wednesday,2026-07-22,4,30,3.0
h05_r60_t2,1784678400000000000,-1,1784702745000000000,1784764795000000000,11658,3816.844,3817.522,3831.931,3786.67,15.086999999999989,0.3952338263779477,session_end,-0.6779999999998836,15.086999999999989,-1.4959999999997673,Wednesday,2026-07-22,5,60,2.0
h06_r60_t3,1784678400000000000,1,1784704245000000000,1784705405000000000,232,3829.058,3815.532,3815.532,3869.6359999999995,13.52599999999984,0.35388635292719794,sl,-13.52599999999984,13.52599999999984,-27.19199999999968,Wednesday,2026-07-22,6,60,3.0
h13_r30_t3,1784678400000000000,-1,1784727690000000000,1784764795000000000,6671,3807.313,3817.522,3824.839,3754.7350000000006,17.52599999999984,0.4599957743170296,session_end,-10.208999999999833,17.52599999999984,-20.557999999999666,Wednesday,2026-07-22,13,30,3.0
h14_r15_t2,1784678400000000000,1,1784729770000000000,1784733765000000000,799,3816.8819999999996,3804.651,3804.651,3841.343999999999,12.230999999999767,0.32061431285623204,sl,-12.230999999999767,12.230999999999767,-24.601999999999535,Wednesday,2026-07-22,14,15,2.0
h00_r30_t1,1784764800000000000,1,1784766660000000000,1784767465000000000,161,3819.837,3814.507,3814.507,3825.167,5.329999999999927,0.13960243426833596,sl,-5.329999999999927,5.329999999999927,-10.799999999999855,Thursday,2026-07-23,0,30,1.0
h01_r60_t3,1784764800000000000,-1,1784772340000000000,1784811755000000000,7882,3794.739,3747.6600000000008,3810.432,3747.6600000000008,15.692999999999756,0.4130130291359271,tp,47.07899999999927,15.692999999999756,94.01799999999854,Thursday,2026-07-23,1,60,3.0
h02_r15_t3,1784764800000000000,-1,1784772955000000000,1784807220000000000,6852,3792.314,3800.859,3800.859,3766.6789999999996,8.545000000000073,0.22524927014755405,sl,-8.545000000000073,8.545000000000073,-17.230000000000146,Thursday,2026-07-23,2,15,3.0
h04_r30_t3,1784764800000000000,-1,1784781225000000000,1784807180000000000,5190,3792.964,3798.77,3798.77,3775.546,5.80600000000004,0.15299823575062396,sl,-5.80600000000004,5.80600000000004,-11.75200000000008,Thursday,2026-07-23,4,30,3.0
h05_r60_t2,1784764800000000000,1,1784786710000000000,1784788505000000000,359,3795.081,3786.705,3786.705,3811.8330000000005,8.376000000000204,0.22107246008832349,sl,-8.376000000000204,8.376000000000204,-16.892000000000408,Thursday,2026-07-23,5,60,2.0
h06_r60_t3,1784764800000000000,-1,1784791890000000000,1784796475000000000,917,3784.4700000000003,3797.46,3797.46,3745.500000000001,12.989999999999782,0.3425766617473409,sl,-12.989999999999782,12.989999999999782,-26.119999999999564,Thursday,2026-07-23,6,60,3.0
h13_r30_t3,1784764800000000000,1,1784813400000000000,1784835315000000000,4383,3768.842,3738.056,3738.056,3861.2000000000003,30.786000000000058,0.8170262907521271,sl,-30.786000000000058,30.786000000000058,-61.71200000000012,Thursday,2026-07-23,13,30,3.0
h14_r15_t2,1784764800000000000,1,1784816790000000000,1784823555000000000,1353,3760.658,3750.783,3750.783,3780.408,9.875,0.2631259199415074,sl,-9.875,9.875,-19.89,Thursday,2026-07-23,14,15,2.0
h00_r30_t1,1784851200000000000,-1,1784853015000000000,1784854765000000000,350,3747.141,3754.504,3754.504,3739.7780000000002,7.362999999999829,0.19641030360503012,sl,-7.362999999999829,7.362999999999829,-14.865999999999659,Friday,2026-07-24,0,30,1.0
h01_r60_t3,1784851200000000000,-1,1784860335000000000,1784863095000000000,552,3743.323,3759.427,3759.427,3695.010999999999,16.10400000000027,0.4297792390793872,sl,-16.10400000000027,16.10400000000027,-32.34800000000054,Friday,2026-07-24,1,60,3.0
h02_r15_t3,1784851200000000000,-1,1784860335000000000,1784862250000000000,383,3743.869,3750.988,3750.988,3722.512000000001,7.118999999999687,0.19008589511391102,sl,-7.118999999999687,7.118999999999687,-14.377999999999375,Friday,2026-07-24,2,15,3.0
h04_r30_t3,1784851200000000000,-1,1784867625000000000,1784872970000000000,1069,3749.021,3755.2690000000002,3755.2690000000002,3730.277,6.248000000000047,0.16660431448644375,sl,-6.248000000000047,6.248000000000047,-12.636000000000095,Friday,2026-07-24,4,30,3.0
h05_r60_t2,1784851200000000000,1,1784872970000000000,1784896960000000000,4798,3755.0299999999997,3739.705,3739.705,3785.6799999999994,15.324999999999818,0.40876804114086474,sl,-15.324999999999818,15.324999999999818,-30.789999999999637,Friday,2026-07-24,5,60,2.0
h13_r30_t3,1784851200000000000,1,1784900165000000000,1784926675000000000,5299,3740.296,3779.664,3724.773,3786.864999999999,15.522999999999683,0.41580058286546107,session_end,39.36800000000039,15.522999999999683,78.59600000000079,Friday,2026-07-24,13,30,3.0
h14_r15_t2,1784851200000000000,1,1784902820000000000,1784910270000000000,1490,3763.807,3783.8549999999996,3753.783,3783.8549999999996,10.023999999999887,0.2667360648766795,tp,20.047999999999774,10.023999999999887,39.95599999999955,Friday,2026-07-24,14,15,2.0
h00_r30_t1,1785110400000000000,1,1785112255000000000,1785114110000000000,371,3834.2965,3824.1395,3824.1395,3844.4534999999996,10.156999999999698,0.26496251016564915,sl,-10.156999999999698,10.156999999999698,-20.453999999999397,Monday,2026-07-27,0,30,1.0
h01_r60_t3,1785110400000000000,1,1785118940000000000,1785180110000000000,12233,3866.0924999999997,3823.0685000000003,3823.0685000000003,3995.164499999998,43.02399999999943,1.116043317235376,sl,-43.02399999999943,43.02399999999943,-86.18799999999887,Monday,2026-07-27,1,60,3.0
h02_r15_t3,1785110400000000000,1,1785118875000000000,1785126745000000000,1574,3861.2435,3851.8695,3851.8695,3889.365500000001,9.374000000000251,0.24296943170321472,sl,-9.374000000000251,9.374000000000251,-18.888000000000503,Monday,2026-07-27,2,15,3.0
h04_r30_t3,1785110400000000000,-1,1785126730000000000,1785132095000000000,1073,3855.1945,3860.2415,3860.2415,3840.0535,5.0470000000000255,0.13088789686334626,sl,-5.0470000000000255,5.0470000000000255,-10.234000000000052,Monday,2026-07-27,4,30,3.0
h05_r60_t2,1785110400000000000,1,1785132005000000000,1785178930000000000,9385,3859.0725,3840.7405,3840.7405,3895.736500000001,18.332000000000335,0.475239496000383,sl,-18.332000000000335,18.332000000000335,-36.80400000000067,Monday,2026-07-27,5,60,2.0
h13_r30_t3,1785110400000000000,-1,1785159035000000000,1785162740000000000,741,3851.1684999999998,3864.2484999999997,3864.2484999999997,3811.9285,13.079999999999927,0.33920796754910254,sl,-13.079999999999927,13.079999999999927,-26.299999999999855,Monday,2026-07-27,13,30,3.0
h14_r15_t2,1785110400000000000,1,1785162040000000000,1785168270000000000,1246,3856.4815,3878.9794999999995,3845.2325,3878.9794999999995,11.248999999999796,0.2917900994470098,tp,22.497999999999593,11.248999999999796,44.855999999999185,Monday,2026-07-27,14,15,2.0
h00_r30_t1,1785196800000000000,-1,1785199300000000000,1785199775000000000,95,3830.2165,3818.4305,3842.0025,3818.4305,11.786000000000058,0.3073125444975464,tp,11.786000000000058,11.786000000000058,23.432000000000116,Tuesday,2026-07-28,0,30,1.0
h01_r60_t3,1785196800000000000,1,1785206440000000000,1785283195000000000,14481,3858.6715,3932.008,3815.2715,3988.8715,43.40000000000009,1.1281830391197492,session_end,73.33649999999989,43.40000000000009,146.5329999999998,Tuesday,2026-07-28,1,60,3.0
h02_r15_t3,1785196800000000000,1,1785204910000000000,1785248195000000000,8657,3852.3015,3838.6445000000003,3838.6445000000003,3893.272499999999,13.656999999999698,0.3547607676724724,sl,-13.656999999999698,13.656999999999698,-27.453999999999397,Tuesday,2026-07-28,2,15,3.0
h04_r30_t3,1785196800000000000,-1,1785213365000000000,1785217625000000000,852,3853.0045,3860.6735,3860.6735,3829.9975000000004,7.668999999999869,0.1987940415704773,sl,-7.668999999999869,7.668999999999869,-15.477999999999739,Tuesday,2026-07-28,4,30,3.0
h05_r60_t2,1785196800000000000,1,1785218460000000000,1785248000000000000,5908,3865.7595,3844.5315,3844.5315,3908.2155000000002,21.228000000000065,0.5493790952558617,sl,-21.228000000000065,21.228000000000065,-42.59600000000013,Tuesday,2026-07-28,5,60,2.0
h06_r60_t3,1785196800000000000,1,1785222575000000000,1785227365000000000,958,3872.4145,3859.1544999999996,3859.1544999999996,3912.1945000000005,13.260000000000218,0.3429735365912858,sl,-13.260000000000218,13.260000000000218,-26.660000000000437,Tuesday,2026-07-28,6,60,3.0
h13_r30_t3,1785196800000000000,-1,1785245665000000000,1785255060000000000,1879,3858.7934999999998,3871.6234999999997,3871.6234999999997,3820.3035,12.829999999999927,0.3321692737725932,sl,-12.829999999999927,12.829999999999927,-25.799999999999855,Tuesday,2026-07-28,13,30,3.0
h14_r15_t2,1785196800000000000,-1,1785248170000000000,1785249675000000000,301,3842.7715,3859.8554999999997,3859.8554999999997,3808.6035,17.083999999999833,0.4441241098637806,sl,-17.083999999999833,17.083999999999833,-34.307999999999666,Tuesday,2026-07-28,14,15,2.0
h00_r30_t1,1785283200000000000,1,1785285000000000000,1785285640000000000,128,3940.053,3948.6139999999996,3931.492,3948.6139999999996,8.560999999999694,0.21730196800296914,tp,8.560999999999694,8.560999999999694,16.98199999999939,Wednesday,2026-07-29,0,30,1.0
h01_r60_t3,1785283200000000000,1,1785294305000000000,1785303035000000000,1746,3943.846,3922.335,3922.335,4008.379,21.510999999999967,0.5468997488598514,sl,-21.510999999999967,21.510999999999967,-43.161999999999935,Wednesday,2026-07-29,1,60,3.0
h02_r15_t3,1785283200000000000,1,1785292665000000000,1785299820000000000,1431,3938.4979999999996,3930.657,3930.657,3962.020999999998,7.84099999999944,0.19913762057843726,sl,-7.84099999999944,7.84099999999944,-15.82199999999888,Wednesday,2026-07-29,2,15,3.0
h04_r30_t3,1785283200000000000,-1,1785299400000000000,1785315105000000000,3139,3934.57,3905.3109999999997,3944.425,3905.3109999999997,9.753000000000156,0.24787326618330974,tp,29.25900000000047,9.855000000000018,58.37800000000094,Wednesday,2026-07-29,4,30,3.0
h05_r60_t2,1785283200000000000,-1,1785307545000000000,1785369595000000000,11658,3916.6099999999997,3917.305,3932.0910000000003,3885.6479999999983,15.481000000000677,0.3952249292189879,session_end,-0.6950000000001637,15.481000000000677,-1.5300000000003275,Wednesday,2026-07-29,5,60,2.0
h06_r60_t3,1785283200000000000,1,1785309045000000000,1785310205000000000,232,3929.143,3915.264,3915.264,3970.7799999999997,13.878999999999905,0.35387241572295774,sl,-13.878999999999905,13.878999999999905,-27.89799999999981,Wednesday,2026-07-29,6,60,3.0
h13_r30_t3,1785283200000000000,-1,1785332490000000000,1785369595000000000,6671,3906.8289999999997,3917.305,3924.8140000000003,3852.873999999998,17.985000000000582,0.460018779304311,session_end,-10.476000000000113,17.985000000000582,-21.092000000000226,Wednesday,2026-07-29,13,30,3.0
h14_r15_t2,1785283200000000000,1,1785334570000000000,1785338565000000000,799,3916.6490000000003,3904.098,3904.098,3941.751000000001,12.551000000000386,0.32062204406197514,sl,-12.551000000000386,12.551000000000386,-25.242000000000772,Wednesday,2026-07-29,14,15,2.0
h00_r30_t1,1785369600000000000,-1,1785371650000000000,1785373470000000000,364,3905.63,3919.098,3919.098,3892.1620000000003,13.467999999999847,0.344607184143767,sl,-13.467999999999847,13.467999999999847,-27.075999999999695,Thursday,2026-07-30,0,30,1.0
h01_r60_t3,1785369600000000000,-1,1785380060000000000,1785418670000000000,7722,3903.277,3925.314,3925.314,3837.1660000000006,22.036999999999807,0.5625822671577714,sl,-22.036999999999807,22.036999999999807,-44.213999999999615,Thursday,2026-07-30,1,60,3.0
h02_r15_t3,1785369600000000000,-1,1785377715000000000,1785381565000000000,770,3914.709,3891.011999999999,3922.608,3891.011999999999,7.899000000000342,0.20176446202146947,tp,23.697000000001026,7.899000000000342,47.25400000000205,Thursday,2026-07-30,2,15,3.0
h04_r30_t3,1785369600000000000,-1,1785386295000000000,1785399805000000000,2702,3884.688,3893.8050000000003,3893.8050000000003,3857.3369999999995,9.11700000000019,0.23449550543851558,sl,-9.11700000000019,9.11700000000019,-18.37400000000038,Thursday,2026-07-30,4,30,3.0
h05_r60_t2,1785369600000000000,1,1785398840000000000,1785418705000000000,3973,3885.285,3929.709,3863.073,3929.709,22.21199999999999,0.5741911768127268,tp,44.42399999999998,22.21199999999999,88.70799999999996,Thursday,2026-07-30,5,60,2.0
h06_r60_t3,1785369600000000000,1,1785394880000000000,1785406220000000000,2268,3874.858,3907.321,3864.0370000000003,3907.321,10.820999999999913,0.27953829294868887,tp,32.46299999999974,10.820999999999913,64.78599999999948,Thursday,2026-07-30,6,60,3.0
h13_r30_t3,1785369600000000000,1,1785418585000000000,1785455995000000000,6727,3916.627,3937.438,3898.249,3971.7610000000004,18.378000000000156,0.4696915058624584,session_end,20.81100000000015,18.378000000000156,41.4820000000003,Thursday,2026-07-30,13,30,3.0
h14_r15_t2,1785369600000000000,-1,1785421100000000000,1785455995000000000,6224,3926.02,3937.518,3951.413,3875.234,25.39300000000003,0.6461050245714819,session_end,-11.498000000000047,25.39300000000003,-23.136000000000095,Thursday,2026-07-30,14,15,2.0
h00_r30_t1,1785456000000000000,-1,1785457815000000000,1785459565000000000,350,3934.865,3942.5969999999998,3942.5969999999998,3927.133,7.731999999999971,0.19641354755585466,sl,-7.731999999999971,7.731999999999971,-15.603999999999942,Friday,2026-07-31,0,30,1.0
h01_r60_t3,1785456000000000000,-1,1785465135000000000,1785467895000000000,552,3930.857,3947.767,3947.767,3880.1270000000004,16.909999999999854,0.4297593754129821,sl,-16.909999999999854,16.909999999999854,-33.95999999999971,Friday,2026-07-31,1,60,3.0
h02_r15_t3,1785456000000000000,-1,1785465135000000000,1785467050000000000,383,3931.43,3938.906,3938.906,3909.0019999999995,7.476000000000113,0.19009482873920833,sl,-7.476000000000113,7.476000000000113,-15.092000000000226,Friday,2026-07-31,2,15,3.0
h04_r30_t3,1785456000000000000,-1,1785472425000000000,1785477770000000000,1069,3936.84,3943.4,3943.4,3917.1600000000003,6.559999999999945,0.16657859500604344,sl,-6.559999999999945,6.559999999999945,-13.259999999999891,Friday,2026-07-31,4,30,3.0
h05_r60_t2,1785456000000000000,1,1785477770000000000,1785501760000000000,4798,3943.149,3927.057,3927.057,3975.333,16.0920000000001,0.4087489341208608,sl,-16.0920000000001,16.0920000000001,-32.3240000000002,Friday,2026-07-31,5,60,2.0
h13_r30_t3,1785456000000000000,1,1785504965000000000,1785531475000000000,5299,3927.678,3969.02,3911.377,3976.5809999999997,16.30099999999993,0.4158089538837472,session_end,41.3420000000001,16.30099999999993,82.5440000000002,Friday,2026-07-31,13,30,3.0
h14_r15_t2,1785456000000000000,1,1785507620000000000,1785515070000000000,1490,3952.366,3973.4179999999997,3941.84,3973.4179999999997,10.52599999999984,0.26673140254192645,tp,21.05199999999968,10.52599999999984,41.96399999999936,Friday,2026-07-31,14,15,2.0
