year,minute_of_day,time,hour,ticks,avg_spread_points,median_spread_points,p90_spread_points,std_spread_points,min_spread_points,max_spread_points,avg_spread_price
2024,0,00:00,0,27004,5.3418,5.5,6.5,2.1237,3.6000000000058208,52.100000000018554,0.053418
2024,1,00:01,0,22068,5.2702,5.5,6.5,1.666,3.6000000000058208,26.300000000014734,0.052702
2024,2,00:02,0,20711,5.2407,5.5,6.5,1.7445,3.6000000000058208,26.300000000014734,0.052407
2024,3,00:03,0,19721,5.2397,5.5,6.5,1.5417,3.6999999999807187,20.30000000002019,0.052397
2024,4,00:04,0,19457,5.1903,5.5,6.5,1.4868,3.6000000000058208,20.30000000002019,0.051903
2024,5,00:05,0,19610,5.2122,5.5,6.5,1.3756,3.6999999999807187,14.900000000034197,0.052122
2024,6,00:06,0,19522,5.1702,5.5,6.5,1.4149,3.6000000000058208,15.000000000009095,0.051702
2024,7,00:07,0,19158,5.2048,5.5,6.5,1.4586,3.599999999960346,15.200000000004366,0.052048
2024,8,00:08,0,18771,5.2181,5.5,6.5,1.4162,3.6999999999807187,15.100000000029468,0.052181
2024,9,00:09,0,18885,5.1572,5.5,6.5,1.4006,3.6000000000058208,16.30000000000109,0.051572
2024,10,00:10,0,18685,5.2284,5.5,6.5,1.5033,3.6000000000058208,16.30000000000109,0.052284
2024,11,00:11,0,18101,5.2099,5.5,6.5,1.4914,3.6000000000058208,16.30000000000109,0.052099
2024,12,00:12,0,17447,5.2515,5.5,6.5,1.5571,3.6000000000058208,16.30000000000109,0.052515
2024,13,00:13,0,17065,5.2127,5.5,6.5,1.4889,3.6000000000058208,16.30000000000109,0.052127
2024,14,00:14,0,17677,5.2507,5.5,6.5,1.5109,3.6999999999807187,16.30000000000109,0.052507
2024,15,00:15,0,19942,5.2709,5.5,6.5,1.5031,3.6999999999807187,16.30000000000109,0.052709
2024,16,00:16,0,19279,5.1906,5.5,6.5,1.4473,3.6000000000058208,16.30000000000109,0.051906
2024,17,00:17,0,19114,5.2283,5.5,6.5,1.4354,3.6000000000058208,16.30000000000109,0.052283
2024,18,00:18,0,17912,5.2298,5.5,6.5,1.422,3.599999999960346,16.30000000000109,0.052298
2024,19,00:19,0,17424,5.2171,5.5,6.5,1.4777,3.6999999999807187,16.30000000000109,0.052171
2024,20,00:20,0,17345,5.2526,5.5,6.5,1.4788,3.6000000000058208,16.30000000000109,0.052526
2024,21,00:21,0,18337,5.172,5.5,6.5,1.4465,3.6999999999807187,16.30000000000109,0.05172
2024,22,00:22,0,17763,5.2039,5.5,6.5,1.4557,3.6000000000058208,16.30000000000109,0.052039
2024,23,00:23,0,16991,5.2158,5.5,6.5,1.3908,3.6000000000058208,16.30000000000109,0.052158
2024,24,00:24,0,17611,5.1335,5.5,6.5,1.3272,3.6000000000058208,14.800000000013824,0.051335
2024,25,00:25,0,18105,5.1981,5.5,6.5,1.3232,3.6000000000058208,14.800000000013824,0.051981
2024,26,00:26,0,16930,5.2718,5.5,6.5,1.4751,3.6000000000058208,14.800000000013824,0.052718
2024,27,00:27,0,17300,5.2865,5.5,6.5,1.5276,3.6000000000058208,14.900000000034197,0.052865
2024,28,00:28,0,16808,5.2753,5.5,6.5,1.4687,3.6000000000058208,14.900000000034197,0.052753
2024,29,00:29,0,18303,5.2605,5.5,6.5,1.4529,3.6000000000058208,14.900000000034197,0.052605
2024,30,00:30,0,22856,5.2135,5.5,6.5,1.3939,3.6000000000058208,15.000000000009095,0.052135
2024,31,00:31,0,19226,5.2394,5.5,6.5,1.3921,3.6000000000058208,15.000000000009095,0.052394
2024,32,00:32,0,17923,5.2431,5.5,6.5,1.4355,3.6000000000058208,15.000000000009095,0.052431
2024,33,00:33,0,17075,5.2009,5.5,6.5,1.3856,3.6000000000058208,14.900000000034197,0.052009
2024,34,00:34,0,17446,5.1944,5.5,6.5,1.3832,3.599999999960346,14.900000000034197,0.051944
2024,35,00:35,0,18585,5.1694,5.5,6.5,1.3142,3.6000000000058208,14.900000000034197,0.051694
2024,36,00:36,0,18689,5.2335,5.5,6.5,1.3539,3.6000000000058208,14.800000000013824,0.052335
2024,37,00:37,0,18283,5.1839,5.5,6.5,1.3283,3.6000000000058208,14.800000000013824,0.051839
2024,38,00:38,0,17029,5.1875,5.5,6.5,1.3308,3.6000000000058208,14.800000000013824,0.051875
2024,39,00:39,0,17423,5.2188,5.5,6.5,1.3782,3.6000000000058208,14.800000000013824,0.052188
2024,40,00:40,0,17832,5.2249,5.5,6.5,1.3447,3.6000000000058208,14.800000000013824,0.052249
2024,41,00:41,0,17938,5.2017,5.5,6.5,1.3615,3.6000000000058208,14.800000000013824,0.052017
2024,42,00:42,0,17929,5.2314,5.5,6.5,1.4017,3.6000000000058208,14.800000000013824,0.052314
2024,43,00:43,0,18208,5.1433,5.5,6.5,1.342,3.6999999999807187,14.800000000013824,0.051433
2024,44,00:44,0,18321,5.133,5.5,6.5,1.3546,3.6000000000058208,15.300000000024738,0.05133
2024,45,00:45,0,18622,5.1559,5.5,6.5,1.3368,3.6000000000058208,15.200000000004366,0.051559
2024,46,00:46,0,17916,5.1436,5.5,6.5,1.3149,3.6000000000058208,15.000000000009095,0.051436
2024,47,00:47,0,17644,5.1419,5.5,6.5,1.3108,3.6999999999807187,14.800000000013824,0.051419
2024,48,00:48,0,17525,5.1666,5.5,6.5,1.3364,3.6000000000058208,14.700000000038926,0.051666
2024,49,00:49,0,17716,5.1394,5.5,6.5,1.3609,3.599999999960346,15.000000000009095,0.051394
2024,50,00:50,0,18642,5.1352,5.5,6.5,1.3126,3.599999999960346,14.900000000034197,0.051352
2024,51,00:51,0,18637,5.1352,5.5,6.5,1.3069,3.6999999999807187,14.900000000034197,0.051352
2024,52,00:52,0,19195,5.1517,5.5,6.5,1.3219,3.599999999960346,15.000000000009095,0.051517
2024,53,00:53,0,19364,5.1427,5.5,6.5,1.3002,3.6000000000058208,14.900000000034197,0.051427
2024,54,00:54,0,21185,5.1332,5.5,6.5,1.2876,3.6000000000058208,14.900000000034197,0.051332
2024,55,00:55,0,21397,5.1436,5.5,6.5,1.2889,3.6000000000058208,15.000000000009095,0.051436
2024,56,00:56,0,19054,5.157,5.5,6.5,1.3111,3.6000000000058208,14.900000000034197,0.05157
2024,57,00:57,0,18886,5.1569,5.5,6.5,1.313,3.6000000000058208,14.900000000034197,0.051569
2024,58,00:58,0,18374,5.1351,5.5,6.5,1.3096,3.6000000000058208,14.900000000034197,0.051351
2024,59,00:59,0,23845,5.0701,5.5,6.5,1.3702,3.6000000000058208,15.100000000029468,0.050701
2024,60,01:00,1,68027,5.0114,5.5,6.5,1.3926,3.599999999960346,14.99999999996362,0.050114
2024,61,01:01,1,50825,5.0819,5.5,6.5,1.3436,3.6000000000058208,11.300000000028376,0.050819
2024,62,01:02,1,44773,5.0441,5.5,6.5,1.2495,3.599999999960346,11.300000000028376,0.050441
2024,63,01:03,1,41710,5.0527,5.5,6.5,1.2803,3.6000000000058208,11.300000000028376,0.050527
2024,64,01:04,1,39576,5.0288,5.5,6.5,1.3033,3.599999999960346,11.300000000028376,0.050288
2024,65,01:05,1,41283,4.9956,5.5,6.5,1.2904,3.6000000000058208,11.300000000028376,0.049956
2024,66,01:06,1,39628,4.9915,5.5,6.5,1.2706,3.599999999960346,11.300000000028376,0.049915
2024,67,01:07,1,37859,5.0037,5.5,6.5,1.3033,3.6000000000058208,11.300000000028376,0.050037
2024,68,01:08,1,36486,5.0106,5.5,6.5,1.3122,3.599999999960346,11.300000000028376,0.050106
2024,69,01:09,1,35570,4.9842,5.5,6.5,1.282,3.599999999960346,11.300000000028376,0.049842
2024,70,01:10,1,36575,5.0027,5.5,6.5,1.2951,3.6000000000058208,11.300000000028376,0.050027
2024,71,01:11,1,36670,5.0466,5.5,6.5,1.3598,3.6000000000058208,11.300000000028376,0.050466
2024,72,01:12,1,34686,5.0477,5.5,6.5,1.4099,3.599999999960346,11.300000000028376,0.050477
2024,73,01:13,1,34305,5.0681,5.5,6.5,1.2857,3.6000000000058208,11.300000000028376,0.050681
2024,74,01:14,1,34136,5.0955,5.5,6.5,1.2942,3.599999999960346,11.300000000028376,0.050955
2024,75,01:15,1,42069,5.0838,5.5,6.5,1.2798,3.599999999960346,11.300000000028376,0.050838
2024,76,01:16,1,36268,5.0969,5.5,6.5,1.296,3.6000000000058208,11.300000000028376,0.050969
2024,77,01:17,1,34054,5.0714,5.5,6.5,1.2601,3.599999999960346,11.300000000028376,0.050714
2024,78,01:18,1,32543,5.0609,5.5,6.5,1.274,3.6000000000058208,11.300000000028376,0.050609
2024,79,01:19,1,34187,5.0263,5.5,6.5,1.2694,3.6000000000058208,11.300000000028376,0.050263
2024,80,01:20,1,34753,4.9749,5.5,6.5,1.2843,3.599999999960346,11.300000000028376,0.049749
2024,81,01:21,1,35106,4.9661,5.5,6.5,1.2502,3.599999999960346,11.300000000028376,0.049661
2024,82,01:22,1,33910,4.9878,5.5,6.5,1.2869,3.599999999960346,15.000000000009095,0.049878
2024,83,01:23,1,32825,5.0105,5.5,6.5,1.3077,3.6000000000058208,15.000000000009095,0.050105
2024,84,01:24,1,32316,5.016,5.5,6.5,1.2901,3.599999999960346,15.100000000029468,0.05016
2024,85,01:25,1,31556,5.0471,5.5,6.5,1.3316,3.6000000000058208,15.000000000009095,0.050471
2024,86,01:26,1,30852,5.0587,5.5,6.5,1.3202,3.6000000000058208,15.000000000009095,0.050587
2024,87,01:27,1,31022,5.0642,5.5,6.5,1.282,3.599999999960346,15.000000000009095,0.050642
2024,88,01:28,1,29623,5.063,5.5,6.5,1.2628,3.599999999960346,15.000000000009095,0.05063
2024,89,01:29,1,28962,5.0807,5.5,6.5,1.2727,3.6000000000058208,15.099999999983993,0.050807
2024,90,01:30,1,37122,5.0528,5.5,6.5,1.2717,3.6000000000058208,15.000000000009095,0.050528
2024,91,01:31,1,36843,5.0533,5.5,6.5,1.272,3.6000000000058208,14.900000000034197,0.050533
2024,92,01:32,1,35041,5.0546,5.5,6.5,1.2676,3.599999999960346,15.099999999983993,0.050546
2024,93,01:33,1,34727,5.0174,5.5,6.5,1.2845,3.599999999960346,15.000000000009095,0.050174
2024,94,01:34,1,35032,5.0509,5.5,6.5,1.2822,3.599999999960346,15.000000000009095,0.050509
2024,95,01:35,1,36261,5.1119,5.5,6.5,1.2818,3.6000000000058208,15.000000000009095,0.051119
2024,96,01:36,1,35701,5.0796,5.5,6.5,1.2957,3.6000000000058208,15.100000000029468,0.050796
2024,97,01:37,1,34878,5.0605,5.5,6.5,1.2913,3.599999999960346,15.000000000009095,0.050605
2024,98,01:38,1,33074,5.0753,5.5,6.5,1.2721,3.599999999960346,14.900000000034197,0.050753
2024,99,01:39,1,33245,5.0766,5.5,6.5,1.2647,3.599999999960346,14.900000000034197,0.050766
2024,100,01:40,1,33245,5.0519,5.5,6.5,1.2672,3.6000000000058208,14.900000000034197,0.050519
2024,101,01:41,1,32849,5.0594,5.5,6.5,1.2775,3.599999999960346,14.900000000034197,0.050594
2024,102,01:42,1,33281,5.1052,5.5,6.5,1.3266,3.6000000000058208,14.900000000034197,0.051052
2024,103,01:43,1,32114,5.0928,5.5,6.5,1.2814,3.599999999960346,14.800000000013824,0.050928
2024,104,01:44,1,31075,5.0749,5.5,6.5,1.2805,3.6000000000058208,14.800000000013824,0.050749
2024,105,01:45,1,32218,5.0254,5.5,6.5,1.3286,3.599999999960346,15.100000000029468,0.050254
2024,106,01:46,1,31892,5.0681,5.5,6.5,1.3179,3.6000000000058208,15.099999999983993,0.050681
2024,107,01:47,1,31160,5.0404,5.5,6.5,1.2899,3.599999999960346,15.000000000009095,0.050404
2024,108,01:48,1,31292,5.004,5.5,6.5,1.3275,3.6000000000058208,15.000000000009095,0.05004
2024,109,01:49,1,30340,5.0162,5.5,6.5,1.3423,3.6000000000058208,14.900000000034197,0.050162
2024,110,01:50,1,31865,5.0596,5.5,6.5,1.3134,3.599999999960346,15.000000000009095,0.050596
2024,111,01:51,1,30530,5.0338,5.5,6.5,1.2957,3.6000000000058208,15.100000000029468,0.050338
2024,112,01:52,1,31081,5.1191,5.5,6.5,1.271,3.6000000000058208,15.000000000009095,0.051191
2024,113,01:53,1,31700,5.1458,5.5,6.5,1.2858,3.6000000000058208,14.899999999988722,0.051458
2024,114,01:54,1,30777,5.0751,5.5,6.5,1.2863,3.6000000000058208,14.900000000034197,0.050751
2024,115,01:55,1,30847,5.1111,5.5,6.5,1.2859,3.6000000000058208,15.000000000009095,0.051111
2024,116,01:56,1,30403,5.1097,5.5,6.5,1.3087,3.6000000000058208,15.000000000009095,0.051097
2024,117,01:57,1,30403,5.0527,5.5,6.5,1.2979,3.6000000000058208,14.900000000034197,0.050527
2024,118,01:58,1,29624,5.0843,5.5,6.5,1.2916,3.6000000000058208,14.900000000034197,0.050843
2024,119,01:59,1,28397,5.0866,5.5,6.5,1.3286,3.6000000000058208,14.899999999988722,0.050866
2024,120,02:00,2,33735,5.0289,5.5,6.5,1.2698,3.599999999960346,14.900000000034197,0.050289
2024,121,02:01,2,31787,5.0368,5.5,6.5,1.2663,3.599999999960346,14.900000000034197,0.050368
2024,122,02:02,2,30923,5.058,5.5,6.5,1.3041,3.6000000000058208,15.000000000009095,0.05058
2024,123,02:03,2,30661,5.008,5.5,6.5,1.2852,3.6000000000058208,14.900000000034197,0.05008
2024,124,02:04,2,29749,5.0209,5.5,6.5,1.2874,3.599999999960346,14.900000000034197,0.050209
2024,125,02:05,2,29602,5.0366,5.5,6.5,1.2782,3.6000000000058208,14.900000000034197,0.050366
2024,126,02:06,2,30246,5.0553,5.5,6.5,1.2969,3.599999999960346,14.900000000034197,0.050553
2024,127,02:07,2,29258,5.0381,5.5,6.5,1.294,3.599999999960346,14.900000000034197,0.050381
2024,128,02:08,2,28635,5.027,5.5,6.5,1.3006,3.6000000000058208,14.899999999988722,0.05027
2024,129,02:09,2,28258,5.0371,5.5,6.5,1.3042,3.6000000000058208,14.800000000013824,0.050371
2024,130,02:10,2,28710,5.0498,5.5,6.5,1.2938,3.599999999960346,14.800000000013824,0.050498
2024,131,02:11,2,27865,5.0286,5.5,6.5,1.2847,3.6000000000058208,14.800000000013824,0.050286
2024,132,02:12,2,28102,5.0508,5.5,6.5,1.302,3.6000000000058208,15.000000000009095,0.050508
2024,133,02:13,2,27603,5.0473,5.5,6.5,1.281,3.6000000000058208,14.900000000034197,0.050473
2024,134,02:14,2,28216,5.0479,5.5,6.5,1.2591,3.6000000000058208,14.899999999988722,0.050479
2024,135,02:15,2,24518,5.1338,5.5,6.5,1.3112,3.6000000000058208,14.899999999988722,0.051338
2024,136,02:16,2,23187,5.135,5.5,6.5,1.3118,3.6000000000058208,15.000000000009095,0.05135
2024,137,02:17,2,22642,5.1181,5.5,6.5,1.3106,3.6000000000058208,15.000000000009095,0.051181
2024,138,02:18,2,22332,5.1132,5.5,6.5,1.2937,3.6000000000058208,14.899999999988722,0.051132
2024,139,02:19,2,21206,5.1327,5.5,6.5,1.3152,3.6000000000058208,14.900000000034197,0.051327
2024,140,02:20,2,21847,5.1155,5.5,6.5,1.3138,3.6999999999807187,15.000000000009095,0.051155
2024,141,02:21,2,21653,5.1193,5.5,6.5,1.3058,3.599999999960346,15.000000000009095,0.051193
2024,142,02:22,2,23038,5.0113,5.5,6.5,1.2836,3.599999999960346,14.800000000013824,0.050113
2024,143,02:23,2,20738,5.0686,5.5,6.5,1.3066,3.6000000000058208,14.900000000034197,0.050686
2024,144,02:24,2,20934,5.0779,5.5,6.5,1.3436,3.599999999960346,14.900000000034197,0.050779
2024,145,02:25,2,21720,5.1351,5.5,6.5,1.3702,3.6000000000058208,14.900000000034197,0.051351
2024,146,02:26,2,21383,5.0938,5.5,6.5,1.2965,3.6000000000058208,15.200000000004366,0.050938
2024,147,02:27,2,21012,5.1219,5.5,6.5,1.299,3.599999999960346,15.000000000009095,0.051219
2024,148,02:28,2,20992,5.0667,5.5,6.5,1.3034,3.6000000000058208,15.000000000009095,0.050667
2024,149,02:29,2,20243,5.0799,5.5,6.5,1.3031,3.6000000000058208,14.99999999996362,0.050799
2024,150,02:30,2,35179,4.9597,5.5,6.5,1.2985,3.599999999960346,15.100000000029468,0.049597
2024,151,02:31,2,28615,4.9963,5.5,6.5,1.3021,3.599999999960346,14.900000000034197,0.049963
2024,152,02:32,2,28324,5.0207,5.5,6.5,1.3183,3.599999999960346,14.900000000034197,0.050207
2024,153,02:33,2,27540,5.0243,5.5,6.5,1.2949,3.6000000000058208,14.900000000034197,0.050243
2024,154,02:34,2,26349,5.0253,5.5,6.5,1.2963,3.6000000000058208,15.000000000009095,0.050253
2024,155,02:35,2,27875,4.9927,5.5,6.5,1.2927,3.6000000000058208,15.000000000009095,0.049927
2024,156,02:36,2,28539,5.0348,5.5,6.5,1.2858,3.6000000000058208,15.000000000009095,0.050348
2024,157,02:37,2,28582,5.0411,5.5,6.5,1.2779,3.599999999960346,14.900000000034197,0.050411
2024,158,02:38,2,27598,5.0699,5.5,6.5,1.2924,3.6000000000058208,15.000000000009095,0.050699
2024,159,02:39,2,28121,5.1179,5.5,6.5,1.2611,3.6000000000058208,15.000000000009095,0.051179
2024,160,02:40,2,28515,5.0737,5.5,6.5,1.2597,3.599999999960346,15.000000000009095,0.050737
2024,161,02:41,2,28370,5.0679,5.5,6.5,1.2764,3.6000000000058208,14.900000000034197,0.050679
2024,162,02:42,2,26898,5.049,5.5,6.5,1.2758,3.6000000000058208,14.899999999988722,0.05049
2024,163,02:43,2,26096,5.0361,5.5,6.5,1.2665,3.6000000000058208,14.899999999988722,0.050361
2024,164,02:44,2,25781,5.0306,5.5,6.5,1.2669,3.6000000000058208,14.800000000013824,0.050306
2024,165,02:45,2,27259,5.0226,5.5,6.5,1.2729,3.6000000000058208,14.899999999988722,0.050226
2024,166,02:46,2,26171,5.0473,5.5,6.5,1.2819,3.6000000000058208,14.800000000013824,0.050473
2024,167,02:47,2,25921,5.0488,5.5,6.5,1.273,3.6000000000058208,14.800000000013824,0.050488
2024,168,02:48,2,25239,5.0567,5.5,6.5,1.2841,3.6000000000058208,14.800000000013824,0.050567
2024,169,02:49,2,25157,5.0769,5.5,6.5,1.3137,3.599999999960346,14.900000000034197,0.050769
2024,170,02:50,2,25213,5.0524,5.5,6.5,1.2843,3.599999999960346,14.900000000034197,0.050524
2024,171,02:51,2,25248,5.0583,5.5,6.5,1.2751,3.599999999960346,14.800000000013824,0.050583
2024,172,02:52,2,25014,5.0361,5.5,6.5,1.2837,3.599999999960346,14.900000000034197,0.050361
2024,173,02:53,2,24586,5.0408,5.5,6.5,1.2651,3.599999999960346,14.899999999988722,0.050408
2024,174,02:54,2,25277,5.0506,5.5,6.5,1.2667,3.6000000000058208,14.900000000034197,0.050506
2024,175,02:55,2,26125,5.086,5.5,6.5,1.2722,3.6000000000058208,14.800000000013824,0.05086
2024,176,02:56,2,25611,5.0617,5.5,6.5,1.2768,3.6000000000058208,14.700000000038926,0.050617
2024,177,02:57,2,25563,5.0466,5.5,6.5,1.2874,3.6000000000058208,14.700000000038926,0.050466
2024,178,02:58,2,24866,5.0684,5.5,6.5,1.3015,3.6000000000058208,14.800000000013824,0.050684
2024,179,02:59,2,24667,5.0518,5.5,6.5,1.2838,3.6000000000058208,14.700000000038926,0.050518
2024,180,03:00,3,27694,5.0504,5.5,6.5,1.272,3.599999999960346,14.800000000013824,0.050504
2024,181,03:01,3,25436,5.0418,5.5,6.5,1.2878,3.6000000000058208,14.800000000013824,0.050418
2024,182,03:02,3,25429,5.0187,5.5,6.5,1.2935,3.6000000000058208,15.000000000009095,0.050187
2024,183,03:03,3,24415,5.0219,5.5,6.5,1.2905,3.6000000000058208,15.000000000009095,0.050219
2024,184,03:04,3,24455,5.0685,5.5,6.5,1.2948,3.6000000000058208,14.900000000034197,0.050685
2024,185,03:05,3,24806,5.0591,5.5,6.5,1.2912,3.6000000000058208,14.900000000034197,0.050591
2024,186,03:06,3,25571,5.0116,5.5,6.5,1.2751,3.6000000000058208,14.900000000034197,0.050116
2024,187,03:07,3,24380,5.0453,5.5,6.5,1.2844,3.6000000000058208,14.900000000034197,0.050453
2024,188,03:08,3,23732,5.0467,5.5,6.5,1.3105,3.599999999960346,15.000000000009095,0.050467
2024,189,03:09,3,24566,5.1078,5.5,6.5,1.2918,3.6000000000058208,15.000000000009095,0.051078
2024,190,03:10,3,24743,5.0977,5.5,6.5,1.289,3.6000000000058208,14.900000000034197,0.050977
2024,191,03:11,3,25113,5.1016,5.5,6.5,1.3001,3.6000000000058208,14.800000000013824,0.051016
2024,192,03:12,3,24816,5.11,5.5,6.5,1.3426,3.599999999960346,14.800000000013824,0.0511
2024,193,03:13,3,24687,5.1443,5.5,6.5,1.3622,3.6000000000058208,14.899999999988722,0.051443
2024,194,03:14,3,24846,5.1314,5.5,6.5,1.3296,3.6000000000058208,14.800000000013824,0.051314
2024,195,03:15,3,25265,5.1499,5.5,6.5,1.3849,3.599999999960346,14.800000000013824,0.051499
2024,196,03:16,3,24630,5.1697,5.5,6.5,1.4477,3.599999999960346,14.800000000013824,0.051697
2024,197,03:17,3,25191,5.1263,5.5,6.5,1.3071,3.599999999960346,14.900000000034197,0.051263
2024,198,03:18,3,24602,5.1619,5.5,6.5,1.3505,3.599999999960346,14.900000000034197,0.051619
2024,199,03:19,3,25231,5.1277,5.5,6.5,1.2915,3.599999999960346,14.900000000034197,0.051277
2024,200,03:20,3,25074,5.1212,5.5,6.5,1.2923,3.599999999960346,14.900000000034197,0.051212
2024,201,03:21,3,24447,5.0933,5.5,6.5,1.2785,3.6000000000058208,14.900000000034197,0.050933
2024,202,03:22,3,23749,5.0741,5.5,6.5,1.2877,3.6000000000058208,14.800000000013824,0.050741
2024,203,03:23,3,23957,5.0957,5.5,6.5,1.277,3.6000000000058208,14.800000000013824,0.050957
2024,204,03:24,3,23177,5.1143,5.5,6.5,1.2638,3.6000000000058208,14.800000000013824,0.051143
2024,205,03:25,3,23515,5.0502,5.5,6.5,1.2896,3.599999999960346,14.800000000013824,0.050502
2024,206,03:26,3,24549,5.0498,5.5,6.5,1.2921,3.6000000000058208,14.800000000013824,0.050498
2024,207,03:27,3,24411,5.0246,5.5,6.5,1.2871,3.6000000000058208,14.800000000013824,0.050246
2024,208,03:28,3,25491,4.9286,4.5,6.5,1.3006,3.599999999960346,14.900000000034197,0.049286
2024,209,03:29,3,26989,4.9333,4.5,6.5,1.2924,3.6000000000058208,14.900000000034197,0.049333
2024,210,03:30,3,22639,5.0352,5.5,6.5,1.3012,3.599999999960346,14.899999999988722,0.050352
2024,211,03:31,3,21968,5.0238,5.5,6.5,1.2931,3.6000000000058208,14.800000000013824,0.050238
2024,212,03:32,3,20168,5.0293,5.5,6.5,1.283,3.6000000000058208,14.800000000013824,0.050293
2024,213,03:33,3,19496,5.059,5.5,6.5,1.2889,3.6999999999807187,14.900000000034197,0.05059
2024,214,03:34,3,19182,5.0264,5.5,6.5,1.3093,3.599999999960346,14.900000000034197,0.050264
2024,215,03:35,3,19770,5.0387,5.5,6.5,1.2901,3.6000000000058208,15.000000000009095,0.050387
2024,216,03:36,3,19573,5.0519,5.5,6.5,1.2628,3.599999999960346,14.800000000013824,0.050519
2024,217,03:37,3,19746,5.1143,5.5,6.5,1.4283,3.6000000000058208,15.000000000009095,0.051143
2024,218,03:38,3,18390,5.1321,5.5,6.5,1.3521,3.6000000000058208,14.900000000034197,0.051321
2024,219,03:39,3,19282,5.072,5.5,6.5,1.3295,3.6000000000058208,14.899999999988722,0.05072
2024,220,03:40,3,19671,5.0613,5.5,6.5,1.396,3.6000000000058208,14.800000000013824,0.050613
2024,221,03:41,3,19076,5.0862,5.5,6.5,1.3521,3.6000000000058208,14.800000000013824,0.050862
2024,222,03:42,3,19342,5.0419,5.5,6.5,1.3094,3.6000000000058208,14.800000000013824,0.050419
2024,223,03:43,3,18650,5.0372,5.5,6.5,1.3073,3.6000000000058208,14.800000000013824,0.050372
2024,224,03:44,3,19031,5.052,5.5,6.5,1.3529,3.6999999999807187,14.800000000013824,0.05052
2024,225,03:45,3,19571,5.0904,5.5,6.5,1.3553,3.6000000000058208,14.900000000034197,0.050904
2024,226,03:46,3,18907,5.0668,5.5,6.5,1.3421,3.6000000000058208,14.900000000034197,0.050668
2024,227,03:47,3,18354,5.0983,5.5,6.5,1.3158,3.6000000000058208,14.900000000034197,0.050983
2024,228,03:48,3,18390,5.014,5.5,6.5,1.3104,3.599999999960346,14.900000000034197,0.05014
2024,229,03:49,3,17905,5.0481,5.5,6.5,1.3677,3.6000000000058208,15.000000000009095,0.050481
2024,230,03:50,3,18127,5.0694,5.5,6.5,1.3415,3.6999999999807187,15.000000000009095,0.050694
2024,231,03:51,3,17597,5.0884,5.5,6.5,1.3179,3.599999999960346,14.900000000034197,0.050884
2024,232,03:52,3,17482,5.0769,5.5,6.5,1.3577,3.6000000000058208,14.900000000034197,0.050769
2024,233,03:53,3,17702,5.0634,5.5,6.5,1.3197,3.599999999960346,14.800000000013824,0.050634
2024,234,03:54,3,17597,5.1244,5.5,6.5,1.3087,3.6000000000058208,14.800000000013824,0.051244
2024,235,03:55,3,18129,5.0901,5.5,6.5,1.3245,3.6000000000058208,14.800000000013824,0.050901
2024,236,03:56,3,18210,5.0678,5.5,6.5,1.3056,3.599999999960346,14.800000000013824,0.050678
2024,237,03:57,3,17998,5.1184,5.5,6.5,1.2972,3.6000000000058208,14.800000000013824,0.051184
2024,238,03:58,3,17289,5.0901,5.5,6.5,1.3356,3.6000000000058208,14.800000000013824,0.050901
2024,239,03:59,3,17360,5.0817,5.5,6.5,1.3,3.599999999960346,14.800000000013824,0.050817
2024,240,04:00,4,19763,5.0687,5.5,6.5,1.2948,3.599999999960346,14.800000000013824,0.050687
2024,241,04:01,4,18381,5.1074,5.5,6.5,1.3464,3.6000000000058208,14.899999999988722,0.051074
2024,242,04:02,4,17954,5.138,5.5,6.5,1.3211,3.6000000000058208,14.800000000013824,0.05138
2024,243,04:03,4,17273,5.1239,5.5,6.5,1.3361,3.599999999960346,14.800000000013824,0.051239
2024,244,04:04,4,17476,5.1084,5.5,6.5,1.3104,3.6000000000058208,14.800000000013824,0.051084
2024,245,04:05,4,18256,5.1424,5.5,6.5,1.3499,3.6000000000058208,14.800000000013824,0.051424
2024,246,04:06,4,18861,5.1901,5.5,6.5,1.3953,3.6000000000058208,14.800000000013824,0.051901
2024,247,04:07,4,18732,5.1068,5.5,6.5,1.2945,3.6000000000058208,14.800000000013824,0.051068
2024,248,04:08,4,17910,5.1188,5.5,6.5,1.3213,3.6000000000058208,14.800000000013824,0.051188
2024,249,04:09,4,17717,5.1149,5.5,6.5,1.3271,3.599999999960346,14.800000000013824,0.051149
2024,250,04:10,4,18473,5.0796,5.5,6.5,1.321,3.599999999960346,14.800000000013824,0.050796
2024,251,04:11,4,17621,5.1021,5.5,6.5,1.29,3.6000000000058208,14.800000000013824,0.051021
2024,252,04:12,4,17366,5.1192,5.5,6.5,1.3061,3.6000000000058208,14.800000000013824,0.051192
2024,253,04:13,4,16952,5.1026,5.5,6.5,1.3062,3.6000000000058208,14.800000000013824,0.051026
2024,254,04:14,4,16218,5.1465,5.5,6.5,1.3296,3.599999999960346,14.900000000034197,0.051465
2024,255,04:15,4,17346,5.1093,5.5,6.5,1.3497,3.6000000000058208,14.900000000034197,0.051093
2024,256,04:16,4,17297,5.0767,5.5,6.5,1.3547,3.599999999960346,15.000000000009095,0.050767
2024,257,04:17,4,16723,5.1242,5.5,6.5,1.3511,3.599999999960346,15.000000000009095,0.051242
2024,258,04:18,4,16220,5.115,5.5,6.5,1.3569,3.6000000000058208,14.900000000034197,0.05115
2024,259,04:19,4,16409,5.1158,5.5,6.5,1.3611,3.6999999999807187,14.900000000034197,0.051158
2024,260,04:20,4,17297,5.0985,5.5,6.5,1.3427,3.6000000000058208,15.000000000009095,0.050985
2024,261,04:21,4,17085,5.0959,5.5,6.5,1.3299,3.6000000000058208,15.200000000004366,0.050959
2024,262,04:22,4,17163,5.0454,5.5,6.5,1.2837,3.599999999960346,14.900000000034197,0.050454
2024,263,04:23,4,16236,5.0628,5.5,6.5,1.2977,3.599999999960346,14.800000000013824,0.050628
2024,264,04:24,4,16241,5.0782,5.5,6.5,1.3035,3.599999999960346,14.800000000013824,0.050782
2024,265,04:25,4,16100,5.1368,5.5,6.5,1.2967,3.6000000000058208,14.800000000013824,0.051368
2024,266,04:26,4,16917,5.117,5.5,6.5,1.2883,3.6000000000058208,14.800000000013824,0.05117
2024,267,04:27,4,16760,5.0816,5.5,6.5,1.2947,3.6000000000058208,14.900000000034197,0.050816
2024,268,04:28,4,15925,5.1356,5.5,6.5,1.3428,3.599999999960346,14.800000000013824,0.051356
2024,269,04:29,4,16755,5.1202,5.5,6.5,1.266,3.6000000000058208,14.800000000013824,0.051202
2024,270,04:30,4,19079,5.2102,5.5,6.5,1.3328,3.599999999960346,14.899999999988722,0.052102
2024,271,04:31,4,18087,5.1767,5.5,6.5,1.3052,3.599999999960346,14.800000000013824,0.051767
2024,272,04:32,4,18321,5.1026,5.5,6.5,1.2906,3.6000000000058208,14.900000000034197,0.051026
2024,273,04:33,4,17219,5.0778,5.5,6.5,1.3063,3.6999999999807187,14.900000000034197,0.050778
2024,274,04:34,4,16721,5.1179,5.5,6.5,1.2893,3.599999999960346,14.800000000013824,0.051179
2024,275,04:35,4,16896,5.0995,5.5,6.5,1.2892,3.6999999999807187,14.800000000013824,0.050995
2024,276,04:36,4,16777,5.1037,5.5,6.5,1.2922,3.6999999999807187,14.800000000013824,0.051037
2024,277,04:37,4,16846,5.1258,5.5,6.5,1.3228,3.599999999960346,14.900000000034197,0.051258
2024,278,04:38,4,16537,5.1389,5.5,6.5,1.2984,3.6000000000058208,14.899999999988722,0.051389
2024,279,04:39,4,16287,5.1298,5.5,6.5,1.3239,3.6000000000058208,14.800000000013824,0.051298
2024,280,04:40,4,17574,5.1214,5.5,6.5,1.3065,3.6000000000058208,14.800000000013824,0.051214
2024,281,04:41,4,18148,5.0781,5.5,6.5,1.2916,3.6999999999807187,14.800000000013824,0.050781
2024,282,04:42,4,17118,5.1443,5.5,6.5,1.3201,3.6999999999807187,14.800000000013824,0.051443
2024,283,04:43,4,16006,5.1262,5.5,6.5,1.3138,3.6000000000058208,14.900000000034197,0.051262
2024,284,04:44,4,16921,5.1657,5.5,6.5,1.3158,3.6999999999807187,14.900000000034197,0.051657
2024,285,04:45,4,16758,5.1465,5.5,6.5,1.3345,3.6000000000058208,14.800000000013824,0.051465
2024,286,04:46,4,16396,5.1499,5.5,6.5,1.3285,3.6000000000058208,14.900000000034197,0.051499
2024,287,04:47,4,16563,5.1128,5.5,6.5,1.3072,3.6000000000058208,14.899999999988722,0.051128
2024,288,04:48,4,15625,5.1184,5.5,6.5,1.3218,3.599999999960346,14.899999999988722,0.051184
2024,289,04:49,4,16041,5.1069,5.5,6.5,1.2931,3.6000000000058208,14.800000000013824,0.051069
2024,290,04:50,4,17119,5.1134,5.5,6.5,1.3214,3.599999999960346,14.800000000013824,0.051134
2024,291,04:51,4,16245,5.1038,5.5,6.5,1.34,3.6999999999807187,14.900000000034197,0.051038
2024,292,04:52,4,16313,5.0929,5.5,6.5,1.3326,3.599999999960346,14.800000000013824,0.050929
2024,293,04:53,4,15803,5.1586,5.5,6.5,1.3059,3.6000000000058208,14.800000000013824,0.051586
2024,294,04:54,4,15819,5.1221,5.5,6.5,1.3277,3.6000000000058208,14.800000000013824,0.051221
2024,295,04:55,4,17053,5.1065,5.5,6.5,1.2947,3.6000000000058208,14.700000000038926,0.051065
2024,296,04:56,4,16571,5.1016,5.5,6.5,1.3051,3.6000000000058208,14.800000000013824,0.051016
2024,297,04:57,4,16803,5.0522,5.5,6.5,1.3017,3.6000000000058208,14.800000000013824,0.050522
2024,298,04:58,4,16060,5.1356,5.5,6.5,1.31,3.599999999960346,14.800000000013824,0.051356
2024,299,04:59,4,15481,5.1287,5.5,6.5,1.331,3.6000000000058208,14.800000000013824,0.051287
2024,300,05:00,5,20718,5.0295,5.5,6.5,1.3073,3.599999999960346,14.800000000013824,0.050295
2024,301,05:01,5,18746,5.0823,5.5,6.5,1.3126,3.6000000000058208,14.800000000013824,0.050823
2024,302,05:02,5,18881,5.0943,5.5,6.5,1.3058,3.6000000000058208,14.900000000034197,0.050943
2024,303,05:03,5,19064,5.1009,5.5,6.5,1.3028,3.6000000000058208,14.899999999988722,0.051009
2024,304,05:04,5,18899,5.0873,5.5,6.5,1.3127,3.599999999960346,14.800000000013824,0.050873
2024,305,05:05,5,19323,5.101,5.5,6.5,1.2978,3.6000000000058208,14.800000000013824,0.05101
2024,306,05:06,5,18614,5.105,5.5,6.5,1.2824,3.599999999960346,14.800000000013824,0.05105
2024,307,05:07,5,18668,5.124,5.5,6.5,1.2957,3.6000000000058208,14.800000000013824,0.05124
2024,308,05:08,5,18690,5.1081,5.5,6.5,1.2816,3.6000000000058208,14.800000000013824,0.051081
2024,309,05:09,5,18191,5.119,5.5,6.5,1.303,3.599999999960346,14.800000000013824,0.05119
2024,310,05:10,5,19171,5.0813,5.5,6.5,1.2932,3.599999999960346,14.800000000013824,0.050813
2024,311,05:11,5,18715,5.1117,5.5,6.5,1.301,3.6000000000058208,14.800000000013824,0.051117
2024,312,05:12,5,18686,5.103,5.5,6.5,1.3403,3.6000000000058208,15.099999999983993,0.05103
2024,313,05:13,5,18140,5.1121,5.5,6.5,1.3166,3.6999999999807187,15.000000000009095,0.051121
2024,314,05:14,5,18055,5.101,5.5,6.5,1.3271,3.599999999960346,14.900000000034197,0.05101
2024,315,05:15,5,18591,5.0833,5.5,6.5,1.32,3.599999999960346,14.900000000034197,0.050833
2024,316,05:16,5,18910,5.0501,5.5,6.5,1.3161,3.599999999960346,14.900000000034197,0.050501
2024,317,05:17,5,18599,5.1032,5.5,6.5,1.3206,3.6999999999807187,15.000000000009095,0.051032
2024,318,05:18,5,18084,5.1212,5.5,6.5,1.3095,3.6000000000058208,14.800000000013824,0.051212
2024,319,05:19,5,17788,5.1181,5.5,6.5,1.3274,3.599999999960346,15.200000000004366,0.051181
2024,320,05:20,5,18855,5.0946,5.5,6.5,1.3225,3.6999999999807187,15.000000000009095,0.050946
2024,321,05:21,5,18409,5.0633,5.5,6.5,1.3103,3.6000000000058208,14.800000000013824,0.050633
2024,322,05:22,5,19086,5.024,5.5,6.5,1.3019,3.6000000000058208,14.800000000013824,0.05024
2024,323,05:23,5,17900,5.0823,5.5,6.5,1.3233,3.599999999960346,14.900000000034197,0.050823
2024,324,05:24,5,17716,5.0958,5.5,6.5,1.3273,3.6000000000058208,14.800000000013824,0.050958
2024,325,05:25,5,18678,5.1001,5.5,6.5,1.3133,3.6999999999807187,14.800000000013824,0.051001
2024,326,05:26,5,18309,5.0845,5.5,6.5,1.3017,3.6000000000058208,14.800000000013824,0.050845
2024,327,05:27,5,18408,5.0858,5.5,6.5,1.3013,3.6000000000058208,14.900000000034197,0.050858
2024,328,05:28,5,18666,5.0822,5.5,6.5,1.3403,3.599999999960346,15.000000000009095,0.050822
2024,329,05:29,5,18592,5.0882,5.5,6.5,1.3117,3.6000000000058208,14.900000000034197,0.050882
2024,330,05:30,5,44956,4.9211,4.5,6.5,1.2576,3.599999999960346,15.100000000029468,0.049211
2024,331,05:31,5,32210,4.981,5.5,6.5,1.2669,3.599999999960346,15.000000000009095,0.04981
2024,332,05:32,5,30653,5.0039,5.5,6.5,1.2691,3.599999999960346,14.900000000034197,0.050039
2024,333,05:33,5,29374,4.9994,5.5,6.5,1.2769,3.599999999960346,14.900000000034197,0.049994
2024,334,05:34,5,28898,5.0182,5.5,6.5,1.2757,3.6000000000058208,14.899999999988722,0.050182
2024,335,05:35,5,28751,5.0263,5.5,6.5,1.2969,3.6000000000058208,15.000000000009095,0.050263
2024,336,05:36,5,28491,5.016,5.5,6.5,1.2932,3.599999999960346,14.99999999996362,0.05016
2024,337,05:37,5,28465,5.0369,5.5,6.5,1.2862,3.6000000000058208,15.000000000009095,0.050369
2024,338,05:38,5,27943,5.017,5.5,6.5,1.2826,3.6000000000058208,15.000000000009095,0.05017
2024,339,05:39,5,27475,5.0449,5.5,6.5,1.2858,3.6000000000058208,15.000000000009095,0.050449
2024,340,05:40,5,27439,5.0177,5.5,6.5,1.2871,3.599999999960346,14.900000000034197,0.050177
2024,341,05:41,5,27173,5.0425,5.5,6.5,1.2709,3.6000000000058208,14.899999999988722,0.050425
2024,342,05:42,5,27031,5.0437,5.5,6.5,1.2868,3.6000000000058208,14.899999999988722,0.050437
2024,343,05:43,5,25974,5.0221,5.5,6.5,1.3081,3.6000000000058208,14.900000000034197,0.050221
2024,344,05:44,5,25944,5.0757,5.5,6.5,1.3123,3.599999999960346,14.899999999988722,0.050757
2024,345,05:45,5,27765,5.0821,5.5,6.5,1.2913,3.6000000000058208,15.000000000009095,0.050821
2024,346,05:46,5,26832,5.068,5.5,6.5,1.3289,3.6999999999807187,15.000000000009095,0.05068
2024,347,05:47,5,26783,5.148,5.5,6.5,1.3946,3.599999999960346,16.800000000012005,0.05148
2024,348,05:48,5,25817,5.1083,5.5,6.5,1.3731,3.6000000000058208,15.200000000004366,0.051083
2024,349,05:49,5,26508,5.0489,5.5,6.5,1.3235,3.6000000000058208,15.000000000009095,0.050489
2024,350,05:50,5,26807,5.0059,5.5,6.5,1.3089,3.599999999960346,14.900000000034197,0.050059
2024,351,05:51,5,26698,4.9939,5.5,6.5,1.2735,3.599999999960346,14.800000000013824,0.049939
2024,352,05:52,5,25753,5.0135,5.5,6.5,1.2973,3.599999999960346,14.900000000034197,0.050135
2024,353,05:53,5,25276,5.0354,5.5,6.5,1.2747,3.599999999960346,14.900000000034197,0.050354
2024,354,05:54,5,24998,5.03,5.5,6.5,1.3027,3.6000000000058208,15.000000000009095,0.0503
2024,355,05:55,5,26671,5.0113,5.5,6.5,1.295,3.599999999960346,15.200000000004366,0.050113
2024,356,05:56,5,25326,5.0357,5.5,6.5,1.2924,3.6999999999807187,15.000000000009095,0.050357
2024,357,05:57,5,26010,5.0502,5.5,6.5,1.2899,3.6000000000058208,14.900000000034197,0.050502
2024,358,05:58,5,25409,4.9982,5.5,6.5,1.2868,3.6000000000058208,14.900000000034197,0.049982
2024,359,05:59,5,24806,5.0214,5.5,6.5,1.2923,3.6000000000058208,14.900000000034197,0.050214
2024,360,06:00,6,32013,5.0292,5.5,6.5,1.2939,3.6000000000058208,15.000000000009095,0.050292
2024,361,06:01,6,28278,5.1109,5.5,6.5,1.3304,3.599999999960346,14.900000000034197,0.051109
2024,362,06:02,6,27495,5.0422,5.5,6.5,1.3118,3.6000000000058208,15.100000000029468,0.050422
2024,363,06:03,6,29019,5.016,5.5,6.5,1.263,3.6000000000058208,14.900000000034197,0.05016
2024,364,06:04,6,29355,4.9853,5.5,6.5,1.2814,3.6000000000058208,14.899999999988722,0.049853
2024,365,06:05,6,30185,5.021,5.5,6.5,1.2612,3.599999999960346,14.899999999988722,0.05021
2024,366,06:06,6,29335,5.0133,5.5,6.5,1.2588,3.6000000000058208,14.900000000034197,0.050133
2024,367,06:07,6,29527,5.045,5.5,6.5,1.3055,3.6000000000058208,14.900000000034197,0.05045
2024,368,06:08,6,28311,5.0254,5.5,6.5,1.2894,3.6000000000058208,15.000000000009095,0.050254
2024,369,06:09,6,29786,4.9735,5.5,6.5,1.2607,3.599999999960346,14.900000000034197,0.049735
2024,370,06:10,6,29365,5.0156,5.5,6.5,1.2608,3.599999999960346,14.900000000034197,0.050156
2024,371,06:11,6,28534,5.013,5.5,6.5,1.2948,3.599999999960346,15.100000000029468,0.05013
2024,372,06:12,6,27841,5.0001,5.5,6.5,1.2972,3.6000000000058208,15.100000000029468,0.050001
2024,373,06:13,6,27394,5.0096,5.5,6.5,1.2909,3.599999999960346,15.200000000004366,0.050096
2024,374,06:14,6,27200,5.019,5.5,6.5,1.3228,3.6000000000058208,15.000000000009095,0.05019
2024,375,06:15,6,29428,5.0202,5.5,6.5,1.2872,3.6000000000058208,14.900000000034197,0.050202
2024,376,06:16,6,28446,5.0287,5.5,6.5,1.2618,3.6000000000058208,15.000000000009095,0.050287
2024,377,06:17,6,26751,5.0371,5.5,6.5,1.2601,3.6000000000058208,14.900000000034197,0.050371
2024,378,06:18,6,27514,5.0225,5.5,6.5,1.2528,3.599999999960346,15.000000000009095,0.050225
2024,379,06:19,6,28229,4.986,5.5,6.5,1.2833,3.599999999960346,15.100000000029468,0.04986
2024,380,06:20,6,28522,4.9948,5.5,6.5,1.2634,3.6000000000058208,15.000000000009095,0.049948
2024,381,06:21,6,28950,5.05,5.5,6.5,1.3063,3.6000000000058208,15.200000000004366,0.0505
2024,382,06:22,6,28896,5.0194,5.5,6.5,1.2879,3.6999999999807187,15.100000000029468,0.050194
2024,383,06:23,6,28106,4.9739,5.5,6.5,1.2776,3.6000000000058208,15.000000000009095,0.049739
2024,384,06:24,6,29392,4.9696,5.5,6.5,1.2697,3.6000000000058208,15.000000000009095,0.049696
2024,385,06:25,6,29434,4.9793,5.5,6.5,1.2824,3.599999999960346,15.000000000009095,0.049793
2024,386,06:26,6,29912,4.9727,5.5,6.5,1.2832,3.6000000000058208,15.000000000009095,0.049727
2024,387,06:27,6,29810,4.957,5.5,6.5,1.2873,3.6000000000058208,15.000000000009095,0.04957
2024,388,06:28,6,28998,4.9401,5.5,6.5,1.2709,3.599999999960346,15.100000000029468,0.049401
2024,389,06:29,6,28637,4.9615,5.5,6.5,1.2757,3.6000000000058208,15.200000000004366,0.049615
2024,390,06:30,6,30736,4.977,5.5,6.5,1.2719,3.6000000000058208,15.000000000009095,0.04977
2024,391,06:31,6,29530,4.996,5.5,6.5,1.3026,3.599999999960346,15.200000000004366,0.04996
2024,392,06:32,6,29275,4.9996,5.5,6.5,1.287,3.599999999960346,15.200000000004366,0.049996
2024,393,06:33,6,28802,4.9798,5.5,6.5,1.3024,3.6000000000058208,15.100000000029468,0.049798
2024,394,06:34,6,29089,4.9824,5.5,6.5,1.3004,3.599999999960346,15.300000000024738,0.049824
2024,395,06:35,6,30396,4.9967,5.5,6.5,1.2909,3.6000000000058208,15.100000000029468,0.049967
2024,396,06:36,6,28835,4.9937,5.5,6.5,1.2989,3.6000000000058208,15.100000000029468,0.049937
2024,397,06:37,6,29320,4.9767,5.5,6.5,1.2658,3.6000000000058208,14.900000000034197,0.049767
2024,398,06:38,6,28972,5.0393,5.5,6.5,1.3043,3.6000000000058208,14.900000000034197,0.050393
2024,399,06:39,6,27803,4.9996,5.5,6.5,1.2845,3.6000000000058208,15.000000000009095,0.049996
2024,400,06:40,6,28277,5.0061,5.5,6.5,1.274,3.599999999960346,15.000000000009095,0.050061
2024,401,06:41,6,28404,5.0069,5.5,6.5,1.2749,3.6000000000058208,15.099999999983993,0.050069
2024,402,06:42,6,27453,5.0484,5.5,6.5,1.285,3.599999999960346,15.000000000009095,0.050484
2024,403,06:43,6,27436,4.9926,5.5,6.5,1.2674,3.599999999960346,14.900000000034197,0.049926
2024,404,06:44,6,27265,5.0307,5.5,6.5,1.2663,3.6000000000058208,14.900000000034197,0.050307
2024,405,06:45,6,28196,5.0384,5.5,6.5,1.2728,3.6000000000058208,14.900000000034197,0.050384
2024,406,06:46,6,27353,4.9966,5.5,6.5,1.2837,3.6000000000058208,15.000000000009095,0.049966
2024,407,06:47,6,27255,5.0184,5.5,6.5,1.2924,3.6000000000058208,14.900000000034197,0.050184
2024,408,06:48,6,27315,5.0213,5.5,6.5,1.3064,3.6000000000058208,14.900000000034197,0.050213
2024,409,06:49,6,26659,5.034,5.5,6.5,1.3316,3.599999999960346,14.900000000034197,0.05034
2024,410,06:50,6,27836,5.0289,5.5,6.5,1.3024,3.599999999960346,14.899999999988722,0.050289
2024,411,06:51,6,27449,5.0405,5.5,6.5,1.2982,3.599999999960346,14.900000000034197,0.050405
2024,412,06:52,6,27219,5.0434,5.5,6.5,1.2996,3.599999999960346,14.800000000013824,0.050434
2024,413,06:53,6,26464,5.0416,5.5,6.5,1.2508,3.599999999960346,14.899999999988722,0.050416
2024,414,06:54,6,27118,5.0203,5.5,6.5,1.2293,3.6000000000058208,14.899999999988722,0.050203
2024,415,06:55,6,27389,5.046,5.5,6.5,1.2465,3.599999999960346,14.900000000034197,0.05046
2024,416,06:56,6,27082,5.0457,5.5,6.5,1.2476,3.6000000000058208,14.900000000034197,0.050457
2024,417,06:57,6,27019,5.0455,5.5,6.5,1.2435,3.599999999960346,14.900000000034197,0.050455
2024,418,06:58,6,26327,5.0601,5.5,6.5,1.2555,3.6000000000058208,14.900000000034197,0.050601
2024,419,06:59,6,26922,5.0586,5.5,6.5,1.2396,3.599999999960346,14.800000000013824,0.050586
2024,420,07:00,7,34194,5.1068,5.5,6.5,1.2371,3.599999999960346,14.900000000034197,0.051068
2024,421,07:01,7,27564,5.1134,5.5,6.5,1.2549,3.6000000000058208,14.899999999988722,0.051134
2024,422,07:02,7,27103,5.1122,5.5,6.5,1.2427,3.6000000000058208,14.899999999988722,0.051122
2024,423,07:03,7,28664,5.0841,5.5,6.5,1.2544,3.6000000000058208,14.900000000034197,0.050841
2024,424,07:04,7,27043,5.0274,5.5,6.5,1.2657,3.599999999960346,14.900000000034197,0.050274
2024,425,07:05,7,28828,5.0412,5.5,6.5,1.2558,3.599999999960346,15.000000000009095,0.050412
2024,426,07:06,7,28022,5.0523,5.5,6.5,1.2419,3.6000000000058208,14.900000000034197,0.050523
2024,427,07:07,7,28307,5.0406,5.5,6.5,1.2514,3.6000000000058208,14.900000000034197,0.050406
2024,428,07:08,7,27313,5.0409,5.5,6.5,1.285,3.599999999960346,15.000000000009095,0.050409
2024,429,07:09,7,27315,5.0539,5.5,6.5,1.2635,3.6000000000058208,14.900000000034197,0.050539
2024,430,07:10,7,28350,5.0259,5.5,6.5,1.2572,3.6999999999807187,14.900000000034197,0.050259
2024,431,07:11,7,27900,5.0361,5.5,6.5,1.2567,3.6000000000058208,15.000000000009095,0.050361
2024,432,07:12,7,28376,5.0298,5.5,6.5,1.2655,3.6000000000058208,15.000000000009095,0.050298
2024,433,07:13,7,27167,5.0837,5.5,6.5,1.262,3.6000000000058208,15.000000000009095,0.050837
2024,434,07:14,7,27206,5.1081,5.5,6.5,1.2643,3.6000000000058208,15.000000000009095,0.051081
2024,435,07:15,7,29016,5.0783,5.5,6.5,1.2498,3.6000000000058208,14.900000000034197,0.050783
2024,436,07:16,7,27466,5.0704,5.5,6.5,1.2475,3.6000000000058208,14.899999999988722,0.050704
2024,437,07:17,7,27509,5.0804,5.5,6.5,1.2472,3.599999999960346,14.899999999988722,0.050804
2024,438,07:18,7,26698,5.09,5.5,6.5,1.2824,3.599999999960346,15.200000000004366,0.0509
2024,439,07:19,7,27109,5.0664,5.5,6.5,1.2849,3.599999999960346,14.900000000034197,0.050664
2024,440,07:20,7,27945,5.0725,5.5,6.5,1.2541,3.6999999999807187,14.800000000013824,0.050725
2024,441,07:21,7,27325,5.065,5.5,6.5,1.2787,3.6000000000058208,14.900000000034197,0.05065
2024,442,07:22,7,27432,5.0496,5.5,6.5,1.2694,3.6000000000058208,14.900000000034197,0.050496
2024,443,07:23,7,27151,5.0394,5.5,6.5,1.2677,3.6000000000058208,15.000000000009095,0.050394
2024,444,07:24,7,27470,5.0556,5.5,6.5,1.2784,3.6999999999807187,14.900000000034197,0.050556
2024,445,07:25,7,28181,5.0531,5.5,6.5,1.2591,3.6000000000058208,14.900000000034197,0.050531
2024,446,07:26,7,28408,5.0476,5.5,6.5,1.2978,3.6000000000058208,15.100000000029468,0.050476
2024,447,07:27,7,27818,5.0121,5.5,6.5,1.296,3.6000000000058208,15.100000000029468,0.050121
2024,448,07:28,7,26534,5.0901,5.5,6.5,1.2768,3.6000000000058208,15.000000000009095,0.050901
2024,449,07:29,7,27136,5.0449,5.5,6.5,1.2679,3.6000000000058208,14.900000000034197,0.050449
2024,450,07:30,7,32319,5.0544,5.5,6.5,1.271,3.599999999960346,14.900000000034197,0.050544
2024,451,07:31,7,29386,5.0627,5.5,6.5,1.2439,3.599999999960346,14.800000000013824,0.050627
2024,452,07:32,7,28061,5.0808,5.5,6.5,1.2612,3.6000000000058208,14.899999999988722,0.050808
2024,453,07:33,7,28653,5.0541,5.5,6.5,1.2597,3.599999999960346,14.900000000034197,0.050541
2024,454,07:34,7,27993,5.0505,5.5,6.5,1.2479,3.6000000000058208,14.900000000034197,0.050505
2024,455,07:35,7,28446,5.0407,5.5,6.5,1.2509,3.599999999960346,14.800000000013824,0.050407
2024,456,07:36,7,27904,5.0417,5.5,6.5,1.272,3.6999999999807187,14.899999999988722,0.050417
2024,457,07:37,7,27276,5.0423,5.5,6.5,1.2617,3.6000000000058208,14.900000000034197,0.050423
2024,458,07:38,7,26595,5.0616,5.5,6.5,1.2579,3.599999999960346,14.900000000034197,0.050616
2024,459,07:39,7,27126,5.0476,5.5,6.5,1.2403,3.6000000000058208,14.800000000013824,0.050476
2024,460,07:40,7,27624,5.0612,5.5,6.5,1.2527,3.599999999960346,14.900000000034197,0.050612
2024,461,07:41,7,27351,5.0739,5.5,6.5,1.2492,3.6000000000058208,14.899999999988722,0.050739
2024,462,07:42,7,27075,5.0591,5.5,6.5,1.2418,3.6000000000058208,14.900000000034197,0.050591
2024,463,07:43,7,26258,5.0783,5.5,6.5,1.2442,3.6000000000058208,14.800000000013824,0.050783
2024,464,07:44,7,26278,5.0744,5.5,6.5,1.2466,3.6000000000058208,14.900000000034197,0.050744
2024,465,07:45,7,27801,5.0762,5.5,6.5,1.254,3.6000000000058208,14.900000000034197,0.050762
2024,466,07:46,7,26717,5.1082,5.5,6.5,1.2569,3.6000000000058208,14.800000000013824,0.051082
2024,467,07:47,7,25803,5.107,5.5,6.5,1.2519,3.6999999999807187,14.800000000013824,0.05107
2024,468,07:48,7,25606,5.0654,5.5,6.5,1.2479,3.599999999960346,14.800000000013824,0.050654
2024,469,07:49,7,26202,5.0731,5.5,6.5,1.2389,3.6000000000058208,14.800000000013824,0.050731
2024,470,07:50,7,26937,5.0819,5.5,6.5,1.2598,3.6000000000058208,14.900000000034197,0.050819
2024,471,07:51,7,26313,5.0539,5.5,6.5,1.267,3.599999999960346,14.900000000034197,0.050539
2024,472,07:52,7,26287,5.0608,5.5,6.5,1.2568,3.6000000000058208,14.900000000034197,0.050608
2024,473,07:53,7,25427,5.0538,5.5,6.5,1.2732,3.6000000000058208,14.900000000034197,0.050538
2024,474,07:54,7,25486,5.0506,5.5,6.5,1.2642,3.6000000000058208,14.900000000034197,0.050506
2024,475,07:55,7,25987,5.0437,5.5,6.5,1.2672,3.6000000000058208,14.899999999988722,0.050437
2024,476,07:56,7,25771,5.0689,5.5,6.5,1.2592,3.6000000000058208,15.000000000009095,0.050689
2024,477,07:57,7,25874,5.0777,5.5,6.5,1.2614,3.6000000000058208,14.900000000034197,0.050777
2024,478,07:58,7,26298,5.0654,5.5,6.5,1.2615,3.599999999960346,14.800000000013824,0.050654
2024,479,07:59,7,25247,5.0765,5.5,6.5,1.2964,0.0,14.899999999988722,0.050765
2024,480,08:00,8,35963,5.0151,5.5,6.5,1.2701,3.6000000000058208,15.000000000009095,0.050151
2024,481,08:01,8,30972,5.1129,5.5,6.5,1.2793,3.6999999999807187,14.900000000034197,0.051129
2024,482,08:02,8,30089,5.1257,5.5,6.5,1.2625,3.6000000000058208,14.900000000034197,0.051257
2024,483,08:03,8,31496,5.1049,5.5,6.5,1.2484,3.599999999960346,14.899999999988722,0.051049
2024,484,08:04,8,29961,5.0934,5.5,6.5,1.2433,3.6000000000058208,14.800000000013824,0.050934
2024,485,08:05,8,31803,5.0543,5.5,6.5,1.2482,3.6000000000058208,14.800000000013824,0.050543
2024,486,08:06,8,31591,5.095,5.5,6.5,1.2471,3.6000000000058208,14.900000000034197,0.05095
2024,487,08:07,8,31708,5.0899,5.5,6.5,1.2527,3.6000000000058208,14.899999999988722,0.050899
2024,488,08:08,8,29781,5.0713,5.5,6.5,1.2532,3.599999999960346,14.899999999988722,0.050713
2024,489,08:09,8,28967,5.067,5.5,6.5,1.2501,3.599999999960346,14.800000000013824,0.05067
2024,490,08:10,8,29942,5.0817,5.5,6.5,1.2495,3.6000000000058208,15.000000000009095,0.050817
2024,491,08:11,8,29671,5.0888,5.5,6.5,1.2669,3.599999999960346,14.900000000034197,0.050888
2024,492,08:12,8,29094,5.0833,5.5,6.5,1.2574,3.6000000000058208,14.900000000034197,0.050833
2024,493,08:13,8,28412,5.0747,5.5,6.5,1.2662,3.6000000000058208,14.899999999988722,0.050747
2024,494,08:14,8,29166,5.0635,5.5,6.5,1.2524,3.599999999960346,14.900000000034197,0.050635
2024,495,08:15,8,30225,5.0354,5.5,6.5,1.2534,3.599999999960346,14.900000000034197,0.050354
2024,496,08:16,8,29412,5.0811,5.5,6.5,1.8289,3.599999999960346,69.3000000000211,0.050811
2024,497,08:17,8,28092,5.1002,5.5,6.5,1.2933,2.899999999999636,20.000000000027285,0.051002
2024,498,08:18,8,27963,5.0687,5.5,6.5,1.26,3.6000000000058208,14.900000000034197,0.050687
2024,499,08:19,8,27719,5.0569,5.5,6.5,1.2621,3.6000000000058208,14.900000000034197,0.050569
2024,500,08:20,8,28773,5.0386,5.5,6.5,1.2526,3.599999999960346,14.800000000013824,0.050386
2024,501,08:21,8,28926,5.0338,5.5,6.5,1.2801,3.6000000000058208,15.999999999985448,0.050338
2024,502,08:22,8,28259,5.0349,5.5,6.5,1.2645,3.599999999960346,15.500000000020009,0.050349
2024,503,08:23,8,27199,5.0724,5.5,6.5,1.2578,3.6000000000058208,14.900000000034197,0.050724
2024,504,08:24,8,26679,5.0598,5.5,6.5,1.2548,3.6000000000058208,14.900000000034197,0.050598
2024,505,08:25,8,27989,5.064,5.5,6.5,1.2525,3.6000000000058208,14.900000000034197,0.05064
2024,506,08:26,8,27131,5.0868,5.5,6.5,1.2475,3.6000000000058208,14.800000000013824,0.050868
2024,507,08:27,8,27444,5.0849,5.5,6.5,1.2482,3.6000000000058208,14.800000000013824,0.050849
2024,508,08:28,8,26632,5.1168,5.5,6.5,1.259,3.6000000000058208,14.900000000034197,0.051168
2024,509,08:29,8,26738,5.1011,5.5,6.5,1.2547,3.6000000000058208,14.800000000013824,0.051011
2024,510,08:30,8,28637,5.0851,5.5,6.5,1.2828,3.599999999960346,14.800000000013824,0.050851
2024,511,08:31,8,27284,5.0603,5.5,6.5,1.2626,3.6000000000058208,14.800000000013824,0.050603
2024,512,08:32,8,26317,5.0641,5.5,6.5,1.2936,0.0,14.800000000013824,0.050641
2024,513,08:33,8,26955,5.1081,5.5,6.5,1.2641,3.6000000000058208,14.900000000034197,0.051081
2024,514,08:34,8,26764,5.0813,5.5,6.5,1.278,3.599999999960346,15.000000000009095,0.050813
2024,515,08:35,8,26964,5.1173,5.5,6.5,1.2904,3.6000000000058208,15.200000000004366,0.051173
2024,516,08:36,8,27047,5.127,5.5,6.5,1.2871,3.6000000000058208,15.099999999983993,0.05127
2024,517,08:37,8,26792,5.0879,5.5,6.5,1.2811,3.6000000000058208,15.000000000009095,0.050879
2024,518,08:38,8,26473,5.0606,5.5,6.5,1.293,3.6000000000058208,15.099999999983993,0.050606
2024,519,08:39,8,26157,5.0571,5.5,6.5,1.2715,3.6000000000058208,15.100000000029468,0.050571
2024,520,08:40,8,27072,5.0781,5.5,6.5,1.2744,3.599999999960346,14.900000000034197,0.050781
2024,521,08:41,8,26990,5.1145,5.5,6.5,1.2907,3.6000000000058208,14.900000000034197,0.051145
2024,522,08:42,8,26823,5.0922,5.5,6.5,1.3268,3.6000000000058208,15.000000000009095,0.050922
2024,523,08:43,8,25278,5.1092,5.5,6.5,1.3175,3.6000000000058208,15.000000000009095,0.051092
2024,524,08:44,8,26316,5.0504,5.5,6.5,1.2825,3.599999999960346,15.000000000009095,0.050504
2024,525,08:45,8,27087,5.0982,5.5,6.5,1.3046,3.6000000000058208,14.900000000034197,0.050982
2024,526,08:46,8,25818,5.1013,5.5,6.5,1.2793,3.6000000000058208,14.900000000034197,0.051013
2024,527,08:47,8,25817,5.1238,5.5,6.5,1.2664,3.6000000000058208,14.800000000013824,0.051238
2024,528,08:48,8,24790,5.1175,5.5,6.5,1.3236,3.6000000000058208,14.900000000034197,0.051175
2024,529,08:49,8,24774,5.124,5.5,6.5,1.296,3.6000000000058208,14.900000000034197,0.05124
2024,530,08:50,8,25478,5.1088,5.5,6.5,1.2991,3.6000000000058208,15.000000000009095,0.051088
2024,531,08:51,8,25172,5.1155,5.5,6.5,1.3009,3.6000000000058208,14.800000000013824,0.051155
2024,532,08:52,8,25426,5.0826,5.5,6.5,1.2945,3.6000000000058208,14.900000000034197,0.050826
2024,533,08:53,8,24593,5.0815,5.5,6.5,1.2989,3.599999999960346,14.900000000034197,0.050815
2024,534,08:54,8,25078,5.0748,5.5,6.5,1.2982,3.6000000000058208,14.899999999988722,0.050748
2024,535,08:55,8,25941,5.1062,5.5,6.5,1.2871,3.6000000000058208,14.800000000013824,0.051062
2024,536,08:56,8,25151,5.0945,5.5,6.5,1.286,3.6999999999807187,14.800000000013824,0.050945
2024,537,08:57,8,26257,5.0692,5.5,6.5,1.2897,3.6000000000058208,14.800000000013824,0.050692
2024,538,08:58,8,24533,5.0731,5.5,6.5,1.2974,3.599999999960346,14.900000000034197,0.050731
2024,539,08:59,8,24768,5.0613,5.5,6.5,1.3013,3.6000000000058208,14.899999999988722,0.050613
2024,540,09:00,9,27417,5.0526,5.5,6.5,1.2981,3.599999999960346,14.800000000013824,0.050526
2024,541,09:01,9,24683,5.0941,5.5,6.5,1.3163,3.6000000000058208,15.000000000009095,0.050941
2024,542,09:02,9,24137,5.0767,5.5,6.5,1.309,3.599999999960346,14.900000000034197,0.050767
2024,543,09:03,9,26911,5.0509,5.5,6.5,1.288,3.6000000000058208,14.900000000034197,0.050509
2024,544,09:04,9,26219,5.0608,5.5,6.5,1.29,3.6000000000058208,14.900000000034197,0.050608
2024,545,09:05,9,26259,5.0503,5.5,6.5,1.284,3.599999999960346,14.800000000013824,0.050503
2024,546,09:06,9,26587,5.0702,5.5,6.5,1.3086,3.6999999999807187,14.900000000034197,0.050702
2024,547,09:07,9,25596,5.0587,5.5,6.5,1.3069,3.599999999960346,14.899999999988722,0.050587
2024,548,09:08,9,26445,5.0182,5.5,6.5,1.2986,3.6000000000058208,14.899999999988722,0.050182
2024,549,09:09,9,25405,5.0444,5.5,6.5,1.3048,3.6000000000058208,14.900000000034197,0.050444
2024,550,09:10,9,25993,5.066,5.5,6.5,1.2957,3.599999999960346,14.800000000013824,0.05066
2024,551,09:11,9,26572,5.0833,5.5,6.5,1.3183,3.6000000000058208,15.000000000009095,0.050833
2024,552,09:12,9,26588,5.0704,5.5,6.5,1.3015,3.599999999960346,14.900000000034197,0.050704
2024,553,09:13,9,26358,5.13,5.5,6.5,1.3813,3.6000000000058208,14.800000000013824,0.0513
2024,554,09:14,9,25134,5.0871,5.5,6.5,1.3049,3.6000000000058208,14.900000000034197,0.050871
2024,555,09:15,9,26096,5.0607,5.5,6.5,1.3173,3.6000000000058208,14.99999999996362,0.050607
2024,556,09:16,9,25765,5.0425,5.5,6.5,1.3034,3.599999999960346,14.900000000034197,0.050425
2024,557,09:17,9,25109,5.0876,5.5,6.5,1.323,3.599999999960346,14.900000000034197,0.050876
2024,558,09:18,9,24786,5.091,5.5,6.5,1.2948,3.6000000000058208,14.900000000034197,0.05091
2024,559,09:19,9,25257,5.0736,5.5,6.5,1.2892,3.599999999960346,14.800000000013824,0.050736
2024,560,09:20,9,25677,5.0903,5.5,6.5,1.3026,3.6000000000058208,14.899999999988722,0.050903
2024,561,09:21,9,25776,5.0484,5.5,6.5,1.3155,3.599999999960346,14.900000000034197,0.050484
2024,562,09:22,9,26414,5.0642,5.5,6.5,1.3176,3.599999999960346,14.900000000034197,0.050642
2024,563,09:23,9,25050,5.0855,5.5,6.5,1.3045,3.599999999960346,14.900000000034197,0.050855
2024,564,09:24,9,25213,5.1069,5.5,6.5,1.3275,3.6000000000058208,15.000000000009095,0.051069
2024,565,09:25,9,25908,5.1156,5.5,6.5,1.2764,3.599999999960346,14.900000000034197,0.051156
2024,566,09:26,9,25246,5.1158,5.5,6.5,1.2211,3.6000000000058208,11.80000000003929,0.051158
2024,567,09:27,9,25644,5.1221,5.5,6.5,1.2281,3.6000000000058208,11.80000000003929,0.051221
2024,568,09:28,9,24693,5.0756,5.5,6.5,1.2219,3.599999999960346,11.80000000003929,0.050756
2024,569,09:29,9,26187,5.0608,5.5,6.5,1.2194,3.6000000000058208,11.80000000003929,0.050608
2024,570,09:30,9,30862,5.0819,5.5,6.5,1.2085,3.6000000000058208,11.80000000003929,0.050819
2024,571,09:31,9,28582,5.0604,5.5,6.5,1.2115,3.6000000000058208,11.80000000003929,0.050604
2024,572,09:32,9,27643,5.0787,5.5,6.5,1.2377,3.6000000000058208,11.80000000003929,0.050787
2024,573,09:33,9,26428,5.0755,5.5,6.5,1.2298,3.599999999960346,11.80000000003929,0.050755
2024,574,09:34,9,25433,5.0705,5.5,6.5,1.221,3.6000000000058208,11.80000000003929,0.050705
2024,575,09:35,9,25474,5.0505,5.5,6.5,1.2269,3.599999999960346,11.80000000003929,0.050505
2024,576,09:36,9,26404,5.0204,5.5,6.5,1.2238,3.6000000000058208,11.80000000003929,0.050204
2024,577,09:37,9,25878,4.9995,5.5,6.5,1.1872,3.6000000000058208,11.80000000003929,0.049995
2024,578,09:38,9,24326,5.0443,5.5,6.5,1.1809,3.3999999999650754,7.600000000002183,0.050443
2024,579,09:39,9,23900,5.0613,5.5,6.5,1.178,3.599999999960346,7.500000000027285,0.050613
2024,580,09:40,9,24390,5.0672,5.5,6.5,1.2077,3.599999999960346,11.300000000028376,0.050672
2024,581,09:41,9,25062,5.1439,5.5,6.5,1.4185,3.599999999960346,11.300000000028376,0.051439
2024,582,09:42,9,25142,5.0942,5.5,6.5,1.3379,3.599999999960346,11.300000000028376,0.050942
2024,583,09:43,9,24782,5.0933,5.5,6.5,1.3501,3.599999999960346,11.300000000028376,0.050933
2024,584,09:44,9,24175,5.1467,5.5,6.5,1.4095,3.599999999960346,11.300000000028376,0.051467
2024,585,09:45,9,25010,5.0866,5.5,6.5,1.3267,3.599999999960346,11.300000000028376,0.050866
2024,586,09:46,9,23608,5.1169,5.5,6.5,1.1735,3.6000000000058208,11.300000000028376,0.051169
2024,587,09:47,9,24238,5.0873,5.5,6.5,1.1802,3.6000000000058208,7.7000000000225555,0.050873
2024,588,09:48,9,23921,5.0668,5.5,6.5,1.1923,3.6000000000058208,11.300000000028376,0.050668
2024,589,09:49,9,23622,5.1002,5.5,6.5,1.2787,3.6999999999807187,11.300000000028376,0.051002
2024,590,09:50,9,24440,5.0776,5.5,6.5,1.3345,3.599999999960346,14.900000000034197,0.050776
2024,591,09:51,9,24323,5.0806,5.5,6.5,1.2736,3.599999999960346,14.899999999988722,0.050806
2024,592,09:52,9,24411,5.0242,5.5,6.5,1.1883,3.6000000000058208,11.300000000028376,0.050242
2024,593,09:53,9,23776,5.0637,5.5,6.5,1.2216,3.6000000000058208,11.300000000028376,0.050637
2024,594,09:54,9,23133,5.0678,5.5,6.5,1.2244,3.6000000000058208,11.300000000028376,0.050678
2024,595,09:55,9,22860,5.0607,5.5,6.5,1.1898,3.6000000000058208,11.300000000028376,0.050607
2024,596,09:56,9,22553,5.0855,5.5,6.5,1.2338,3.6000000000058208,11.300000000028376,0.050855
2024,597,09:57,9,22679,5.1137,5.5,6.5,1.2718,3.6000000000058208,11.300000000028376,0.051137
2024,598,09:58,9,22098,5.0789,5.5,6.5,1.1874,3.6000000000058208,11.300000000028376,0.050789
2024,599,09:59,9,22343,5.0741,5.5,6.5,1.185,3.6000000000058208,11.300000000028376,0.050741
2024,600,10:00,10,24603,5.0946,5.5,6.5,1.2234,3.599999999960346,11.300000000028376,0.050946
2024,601,10:01,10,23333,5.0836,5.5,6.5,1.2087,3.6000000000058208,11.300000000028376,0.050836
2024,602,10:02,10,22962,5.101,5.5,6.5,1.2065,3.6000000000058208,11.300000000028376,0.05101
2024,603,10:03,10,23893,5.1117,5.5,6.5,1.2408,3.6000000000058208,11.300000000028376,0.051117
2024,604,10:04,10,23683,5.0693,5.5,6.5,1.1872,3.599999999960346,11.300000000028376,0.050693
2024,605,10:05,10,24319,5.05,5.5,6.5,1.179,3.599999999960346,7.7000000000225555,0.0505
2024,606,10:06,10,23815,5.0811,5.5,6.5,1.1755,3.6999999999807187,7.7000000000225555,0.050811
2024,607,10:07,10,24023,5.0661,5.5,6.5,1.1916,3.6000000000058208,11.300000000028376,0.050661
2024,608,10:08,10,23508,5.0745,5.5,6.5,1.2113,3.6000000000058208,11.300000000028376,0.050745
2024,609,10:09,10,23278,5.0749,5.5,6.5,1.1682,3.6000000000058208,11.300000000028376,0.050749
2024,610,10:10,10,24007,5.0979,5.5,6.5,1.2254,3.6000000000058208,11.300000000028376,0.050979
2024,611,10:11,10,24713,5.049,5.5,6.5,1.1727,3.599999999960346,11.299999999982901,0.05049
2024,612,10:12,10,23508,5.0463,5.5,6.5,1.1905,3.6000000000058208,11.300000000028376,0.050463
2024,613,10:13,10,22918,5.1045,5.5,6.5,1.2169,3.6000000000058208,11.300000000028376,0.051045
2024,614,10:14,10,23405,5.1089,5.5,6.5,1.231,3.599999999960346,11.300000000028376,0.051089
2024,615,10:15,10,24127,5.051,5.5,6.5,1.1792,3.6000000000058208,11.200000000008004,0.05051
2024,616,10:16,10,23157,5.0684,5.5,6.5,1.1805,3.6000000000058208,11.300000000028376,0.050684
2024,617,10:17,10,23257,5.0461,5.5,6.5,1.2045,3.6000000000058208,11.300000000028376,0.050461
2024,618,10:18,10,23329,5.0595,5.5,6.5,1.1895,3.599999999960346,11.300000000028376,0.050595
2024,619,10:19,10,23129,5.0513,5.5,6.5,1.1791,3.6000000000058208,11.300000000028376,0.050513
2024,620,10:20,10,23763,5.0586,5.5,6.5,1.1802,3.6000000000058208,7.7000000000225555,0.050586
2024,621,10:21,10,24082,5.021,5.5,6.5,1.1842,3.599999999960346,6.300000000010186,0.05021
2024,622,10:22,10,23649,5.1418,5.5,6.5,1.4471,3.6000000000058208,11.300000000028376,0.051418
2024,623,10:23,10,23340,5.1296,5.5,6.5,1.4057,3.599999999960346,11.300000000028376,0.051296
2024,624,10:24,10,23057,5.1441,5.5,6.5,1.2954,3.6000000000058208,11.300000000028376,0.051441
2024,625,10:25,10,23370,5.1326,5.5,6.5,1.2811,3.6000000000058208,11.300000000028376,0.051326
2024,626,10:26,10,23567,5.1555,5.5,6.5,1.332,3.599999999960346,11.300000000028376,0.051555
2024,627,10:27,10,22822,5.087,5.5,6.5,1.2403,3.6000000000058208,11.300000000028376,0.05087
2024,628,10:28,10,23250,5.0454,5.5,6.5,1.1833,3.599999999960346,11.300000000028376,0.050454
2024,629,10:29,10,23719,5.081,5.5,6.5,1.2387,3.599999999960346,11.300000000028376,0.05081
2024,630,10:30,10,27953,5.0917,5.5,6.5,1.3514,3.6000000000058208,11.300000000028376,0.050917
2024,631,10:31,10,25465,5.0748,5.5,6.5,1.2092,3.599999999960346,11.300000000028376,0.050748
2024,632,10:32,10,25158,5.0317,5.5,6.5,1.2102,3.6000000000058208,11.300000000028376,0.050317
2024,633,10:33,10,24305,5.0503,5.5,6.5,1.1823,3.599999999960346,11.300000000028376,0.050503
2024,634,10:34,10,24011,5.016,5.5,6.5,1.1802,3.599999999960346,6.300000000010186,0.05016
2024,635,10:35,10,24388,5.0661,5.5,6.5,1.1863,3.599999999960346,11.300000000028376,0.050661
2024,636,10:36,10,24439,5.0282,5.5,6.5,1.2142,3.6000000000058208,11.300000000028376,0.050282
2024,637,10:37,10,24632,5.0708,5.5,6.5,1.2627,3.6000000000058208,11.300000000028376,0.050708
2024,638,10:38,10,24035,5.0611,5.5,6.5,1.2463,3.6000000000058208,11.300000000028376,0.050611
2024,639,10:39,10,24315,5.0293,5.5,6.5,1.1824,3.6000000000058208,11.300000000028376,0.050293
2024,640,10:40,10,24146,5.0565,5.5,6.5,1.1803,3.599999999960346,11.300000000028376,0.050565
2024,641,10:41,10,23934,5.0948,5.5,6.5,1.2656,3.6000000000058208,11.300000000028376,0.050948
2024,642,10:42,10,24172,5.0852,5.5,6.5,1.2212,3.599999999960346,11.300000000028376,0.050852
2024,643,10:43,10,23489,5.0735,5.5,6.5,1.1894,3.6000000000058208,11.300000000028376,0.050735
2024,644,10:44,10,22996,5.0783,5.5,6.5,1.1899,3.6000000000058208,11.300000000028376,0.050783
2024,645,10:45,10,23891,5.0721,5.5,6.5,1.1792,3.599999999960346,11.300000000028376,0.050721
2024,646,10:46,10,23778,5.0937,5.5,6.5,1.2425,3.6000000000058208,11.300000000028376,0.050937
2024,647,10:47,10,22792,5.0728,5.5,6.5,1.1981,3.599999999960346,11.300000000028376,0.050728
2024,648,10:48,10,23341,5.0693,5.5,6.5,1.2022,3.599999999960346,11.300000000028376,0.050693
2024,649,10:49,10,23089,5.0621,5.5,6.5,1.1819,3.6000000000058208,11.300000000028376,0.050621
2024,650,10:50,10,24233,5.0384,5.5,6.5,1.2256,3.6000000000058208,11.300000000028376,0.050384
2024,651,10:51,10,23346,5.1191,5.5,6.5,1.3271,3.6000000000058208,11.300000000028376,0.051191
2024,652,10:52,10,23517,5.1007,5.5,6.5,1.2301,3.6000000000058208,11.300000000028376,0.051007
2024,653,10:53,10,23975,5.0986,5.5,6.5,1.3673,3.6000000000058208,11.300000000028376,0.050986
2024,654,10:54,10,23391,5.0594,5.5,6.5,1.2011,3.599999999960346,11.300000000028376,0.050594
2024,655,10:55,10,23777,5.0499,5.5,6.5,1.1797,3.6000000000058208,11.300000000028376,0.050499
2024,656,10:56,10,24222,5.1177,5.5,6.5,1.2457,3.6999999999807187,11.300000000028376,0.051177
2024,657,10:57,10,23866,5.0776,5.5,6.5,1.2265,3.599999999960346,11.300000000028376,0.050776
2024,658,10:58,10,22315,5.0654,5.5,6.5,1.1671,3.6000000000058208,6.300000000010186,0.050654
2024,659,10:59,10,22481,5.0837,5.5,6.5,1.1936,3.599999999960346,11.300000000028376,0.050837
2024,660,11:00,11,29026,5.0858,5.5,6.5,1.2214,3.6000000000058208,11.300000000028376,0.050858
2024,661,11:01,11,26594,5.0905,5.5,6.5,1.2098,3.6000000000058208,11.300000000028376,0.050905
2024,662,11:02,11,25342,5.087,5.5,6.5,1.1642,3.6000000000058208,11.300000000028376,0.05087
2024,663,11:03,11,25009,5.078,5.5,6.5,1.1884,3.599999999960346,11.300000000028376,0.05078
2024,664,11:04,11,26038,5.1112,5.5,6.5,1.1691,3.6000000000058208,7.7000000000225555,0.051112
2024,665,11:05,11,26341,5.0922,5.5,6.5,1.2013,3.599999999960346,11.300000000028376,0.050922
2024,666,11:06,11,26162,5.1105,5.5,6.5,1.2375,3.6000000000058208,11.300000000028376,0.051105
2024,667,11:07,11,25965,5.0942,5.5,6.5,1.1691,3.599999999960346,11.200000000008004,0.050942
2024,668,11:08,11,24722,5.1218,5.5,6.5,1.1752,3.6000000000058208,11.300000000028376,0.051218
2024,669,11:09,11,24730,5.0842,5.5,6.5,1.193,3.6000000000058208,11.300000000028376,0.050842
2024,670,11:10,11,24847,5.0752,5.5,6.5,1.1726,3.6000000000058208,11.300000000028376,0.050752
2024,671,11:11,11,25027,5.0706,5.5,6.5,1.1785,3.6000000000058208,11.300000000028376,0.050706
2024,672,11:12,11,26052,5.0565,5.5,6.5,1.1699,3.6000000000058208,11.300000000028376,0.050565
2024,673,11:13,11,24725,5.09,5.5,6.5,1.1682,3.6000000000058208,7.7000000000225555,0.0509
2024,674,11:14,11,23630,5.0894,5.5,6.5,1.1638,3.6000000000058208,6.300000000010186,0.050894
2024,675,11:15,11,24766,5.0795,5.5,6.5,1.1621,3.6000000000058208,6.300000000032924,0.050795
2024,676,11:16,11,24333,5.0961,5.5,6.5,1.1883,3.6000000000058208,11.300000000028376,0.050961
2024,677,11:17,11,24532,5.0991,5.5,6.5,1.2105,3.599999999960346,11.300000000028376,0.050991
2024,678,11:18,11,24994,5.1351,5.5,6.5,1.1971,3.6000000000058208,11.300000000028376,0.051351
2024,679,11:19,11,23929,5.106,5.5,6.5,1.1658,3.599999999960346,11.300000000028376,0.05106
2024,680,11:20,11,24804,5.0842,5.5,6.5,1.1658,3.599999999960346,11.200000000008004,0.050842
2024,681,11:21,11,24558,5.1107,5.5,6.5,1.1956,3.6000000000058208,11.300000000028376,0.051107
2024,682,11:22,11,26208,5.0411,5.5,6.5,1.2402,3.599999999960346,11.300000000028376,0.050411
2024,683,11:23,11,24469,5.0407,5.5,6.5,1.1775,3.599999999960346,11.300000000028376,0.050407
2024,684,11:24,11,23726,5.0726,5.5,6.5,1.1618,3.6000000000058208,6.300000000010186,0.050726
2024,685,11:25,11,24818,5.0911,5.5,6.5,1.177,3.6000000000058208,11.300000000028376,0.050911
2024,686,11:26,11,25185,5.1252,5.5,6.5,1.2333,3.599999999960346,11.300000000028376,0.051252
2024,687,11:27,11,24986,5.0861,5.5,6.5,1.1789,3.6000000000058208,11.300000000028376,0.050861
2024,688,11:28,11,24460,5.0795,5.5,6.5,1.1594,3.6000000000058208,6.300000000010186,0.050795
2024,689,11:29,11,24454,5.0441,5.5,6.5,1.1613,3.599999999960346,6.300000000010186,0.050441
2024,690,11:30,11,27266,5.0536,5.5,6.5,1.1628,3.599999999960346,7.7000000000225555,0.050536
2024,691,11:31,11,26590,5.0083,5.5,6.5,1.1921,3.599999999960346,11.300000000028376,0.050083
2024,692,11:32,11,25688,5.0376,5.5,6.5,1.1775,3.6000000000058208,11.300000000028376,0.050376
2024,693,11:33,11,25059,5.0303,5.5,6.5,1.1714,3.6000000000058208,6.300000000032924,0.050303
2024,694,11:34,11,24947,5.0545,5.5,6.5,1.1732,3.599999999960346,6.300000000010186,0.050545
2024,695,11:35,11,26050,5.0587,5.5,6.5,1.1674,3.6000000000058208,11.300000000028376,0.050587
2024,696,11:36,11,26454,5.0325,5.5,6.5,1.1686,3.599999999960346,6.300000000010186,0.050325
2024,697,11:37,11,25915,5.0287,5.5,6.5,1.1804,3.6000000000058208,11.300000000028376,0.050287
2024,698,11:38,11,25222,5.0343,5.5,6.5,1.183,3.599999999960346,11.300000000028376,0.050343
2024,699,11:39,11,25619,5.0449,5.5,6.5,1.1799,3.6000000000058208,11.300000000028376,0.050449
2024,700,11:40,11,26612,5.0185,5.5,6.5,1.1821,3.6000000000058208,11.300000000028376,0.050185
2024,701,11:41,11,26407,5.0432,5.5,6.5,1.1613,3.6000000000058208,6.300000000010186,0.050432
2024,702,11:42,11,26344,5.0565,5.5,6.5,1.1892,3.6000000000058208,11.300000000028376,0.050565
2024,703,11:43,11,25629,5.0851,5.5,6.5,1.1986,3.6000000000058208,11.300000000028376,0.050851
2024,704,11:44,11,25133,5.0824,5.5,6.5,1.2064,3.6000000000058208,11.300000000028376,0.050824
2024,705,11:45,11,27452,5.0272,5.5,6.5,1.1738,3.6000000000058208,11.299999999982901,0.050272
2024,706,11:46,11,27384,5.0325,5.5,6.5,1.1738,3.6000000000058208,11.300000000028376,0.050325
2024,707,11:47,11,26213,5.0773,5.5,6.5,1.238,3.6000000000058208,11.300000000028376,0.050773
2024,708,11:48,11,27126,5.0614,5.5,6.5,1.192,3.599999999960346,11.300000000028376,0.050614
2024,709,11:49,11,26062,5.0593,5.5,6.5,1.1875,3.599999999960346,11.300000000028376,0.050593
2024,710,11:50,11,27172,5.0288,5.5,6.5,1.1757,3.6000000000058208,11.300000000028376,0.050288
2024,711,11:51,11,26442,5.0237,5.5,6.5,1.1851,3.599999999960346,11.300000000028376,0.050237
2024,712,11:52,11,26018,5.0305,5.5,6.5,1.2256,3.6000000000058208,11.300000000028376,0.050305
2024,713,11:53,11,25920,5.019,5.5,6.5,1.1806,3.6000000000058208,11.300000000028376,0.05019
2024,714,11:54,11,26674,5.068,5.5,6.5,1.1938,3.599999999960346,11.300000000028376,0.05068
2024,715,11:55,11,28163,5.037,5.5,6.5,1.1709,3.6000000000058208,11.300000000028376,0.05037
2024,716,11:56,11,27270,5.0355,5.5,6.5,1.2054,3.6000000000058208,11.300000000028376,0.050355
2024,717,11:57,11,26845,5.0694,5.5,6.5,1.1827,3.6000000000058208,11.300000000028376,0.050694
2024,718,11:58,11,26568,5.0156,5.5,6.5,1.1848,3.599999999960346,11.300000000028376,0.050156
2024,719,11:59,11,24530,5.0557,5.5,6.5,1.1906,3.6000000000058208,11.300000000028376,0.050557
2024,720,12:00,12,38305,5.0033,5.5,6.5,1.1709,3.599999999960346,11.300000000028376,0.050033
2024,721,12:01,12,34619,5.0497,5.5,6.5,1.1836,3.599999999960346,11.300000000028376,0.050497
2024,722,12:02,12,32722,5.1086,5.5,6.5,1.2382,3.6000000000058208,11.300000000028376,0.051086
2024,723,12:03,12,32777,5.1276,5.5,6.5,1.2114,3.6000000000058208,11.300000000028376,0.051276
2024,724,12:04,12,31243,5.0995,5.5,6.5,1.2022,3.6000000000058208,11.300000000028376,0.050995
2024,725,12:05,12,31459,5.138,5.5,6.5,1.2591,3.599999999960346,11.300000000028376,0.05138
2024,726,12:06,12,31359,5.1178,5.5,6.5,1.1985,3.6000000000058208,11.300000000028376,0.051178
2024,727,12:07,12,31370,5.1713,5.5,6.5,1.2453,3.599999999960346,11.300000000028376,0.051713
2024,728,12:08,12,30301,5.1091,5.5,6.5,1.2145,3.6000000000058208,11.300000000028376,0.051091
2024,729,12:09,12,29963,5.1033,5.5,6.5,1.252,3.599999999960346,11.300000000028376,0.051033
2024,730,12:10,12,31261,5.1005,5.5,6.5,1.2064,3.599999999960346,11.300000000028376,0.051005
2024,731,12:11,12,30178,5.1173,5.5,6.5,1.1908,3.6000000000058208,11.300000000028376,0.051173
2024,732,12:12,12,30081,5.0866,5.5,6.5,1.2042,3.6000000000058208,11.300000000028376,0.050866
2024,733,12:13,12,29951,5.0311,5.5,6.5,1.1982,3.6000000000058208,11.300000000028376,0.050311
2024,734,12:14,12,30043,5.1028,5.5,6.5,1.4436,3.6000000000058208,16.30000000000109,0.051028
2024,735,12:15,12,33763,5.2813,5.5,6.5,1.7111,3.6000000000058208,16.30000000000109,0.052813
2024,736,12:16,12,32010,5.164,5.5,6.5,1.5888,3.599999999960346,16.30000000000109,0.05164
2024,737,12:17,12,30888,5.1926,5.5,6.5,1.59,3.599999999960346,16.30000000000109,0.051926
2024,738,12:18,12,32191,5.1207,5.5,6.5,1.508,3.6000000000058208,16.30000000000109,0.051207
2024,739,12:19,12,33216,5.0891,5.5,6.5,1.227,3.6000000000058208,16.30000000000109,0.050891
2024,740,12:20,12,48152,5.1529,5.5,6.5,1.208,3.599999999960346,11.300000000028376,0.051529
2024,741,12:21,12,43063,5.1795,5.5,6.5,1.1934,3.6000000000058208,11.300000000028376,0.051795
2024,742,12:22,12,40548,5.1542,5.5,6.5,1.1841,3.599999999960346,11.300000000028376,0.051542
2024,743,12:23,12,38023,5.1754,5.5,6.5,1.1927,3.6000000000058208,11.300000000028376,0.051754
2024,744,12:24,12,38141,5.189,5.5,6.5,1.1921,3.6000000000058208,11.300000000028376,0.05189
2024,745,12:25,12,40584,5.1673,5.5,6.5,1.163,3.599999999960346,11.300000000028376,0.051673
2024,746,12:26,12,36726,5.1949,5.5,6.5,1.1687,3.6000000000058208,11.300000000028376,0.051949
2024,747,12:27,12,34416,5.2051,5.5,6.5,1.1756,3.6000000000058208,11.300000000028376,0.052051
2024,748,12:28,12,32174,5.1647,5.5,6.5,1.1759,3.599999999960346,11.300000000028376,0.051647
2024,749,12:29,12,33735,5.5168,5.5,6.5,2.3739,3.6000000000058208,26.2000000000171,0.055168
2024,750,12:30,12,57146,6.7498,6.5,11.5,5.7484,3.599999999960346,271.59999999998945,0.067498
2024,751,12:31,12,45962,6.0015,6.5,6.5,3.3172,3.6000000000058208,26.30000000003747,0.060015
2024,752,12:32,12,44459,5.9377,5.5,6.5,3.3228,3.599999999960346,26.30000000003747,0.059377
2024,753,12:33,12,61030,5.888,5.5,6.5,3.3085,3.6000000000058208,26.30000000003747,0.05888
2024,754,12:34,12,61468,5.258,5.5,6.5,1.4527,3.6000000000058208,26.30000000003747,0.05258
2024,755,12:35,12,62726,5.191,5.5,6.5,1.2819,3.599999999960346,11.300000000028376,0.05191
2024,756,12:36,12,59448,5.1929,5.5,6.5,1.3262,3.6000000000058208,11.300000000028376,0.051929
2024,757,12:37,12,58075,5.1886,5.5,6.5,1.2247,3.599999999960346,11.300000000028376,0.051886
2024,758,12:38,12,55042,5.1636,5.5,6.5,1.2012,3.599999999960346,11.300000000028376,0.051636
2024,759,12:39,12,52629,5.1697,5.5,6.5,1.2417,3.6000000000058208,11.300000000028376,0.051697
2024,760,12:40,12,54514,5.1668,5.5,6.5,1.1766,3.599999999960346,11.300000000028376,0.051668
2024,761,12:41,12,51587,5.199,5.5,6.5,1.2373,3.6000000000058208,11.300000000028376,0.05199
2024,762,12:42,12,50112,5.1942,5.5,6.5,1.253,3.599999999960346,11.300000000028376,0.051942
2024,763,12:43,12,47414,5.1876,5.5,6.5,1.2193,3.6000000000058208,11.300000000028376,0.051876
2024,764,12:44,12,46642,5.1683,5.5,6.5,1.2199,3.6000000000058208,11.300000000028376,0.051683
2024,765,12:45,12,48627,5.1929,5.5,6.5,1.327,3.6000000000058208,11.300000000028376,0.051929
2024,766,12:46,12,46276,5.1572,5.5,6.5,1.248,3.599999999960346,11.300000000028376,0.051572
2024,767,12:47,12,44591,5.121,5.5,6.5,1.2336,3.599999999960346,11.300000000028376,0.05121
2024,768,12:48,12,44048,5.1387,5.5,6.5,1.2443,3.599999999960346,11.300000000028376,0.051387
2024,769,12:49,12,44065,5.1019,5.5,6.5,1.1756,3.599999999960346,11.300000000028376,0.051019
2024,770,12:50,12,45364,5.1089,5.5,6.5,1.2078,3.599999999960346,11.300000000028376,0.051089
2024,771,12:51,12,44964,5.1111,5.5,6.5,1.1785,3.599999999960346,11.300000000028376,0.051111
2024,772,12:52,12,44861,5.1125,5.5,6.5,1.1821,3.6000000000058208,11.300000000028376,0.051125
2024,773,12:53,12,43725,5.1356,5.5,6.5,1.1684,3.599999999960346,11.300000000028376,0.051356
2024,774,12:54,12,42812,5.0809,5.5,6.5,1.1906,3.6000000000058208,11.300000000028376,0.050809
2024,775,12:55,12,45111,5.0432,5.5,6.5,1.1823,3.6000000000058208,11.300000000028376,0.050432
2024,776,12:56,12,42980,5.0395,5.5,6.5,1.1715,3.599999999960346,11.200000000008004,0.050395
2024,777,12:57,12,43025,5.108,5.5,6.5,1.2431,3.6000000000058208,11.300000000028376,0.05108
2024,778,12:58,12,42003,5.0921,5.5,6.5,1.2227,3.599999999960346,11.300000000028376,0.050921
2024,779,12:59,12,42670,5.0587,5.5,6.5,1.2204,3.6000000000058208,11.300000000028376,0.050587
2024,780,13:00,13,90226,4.9613,5.5,6.5,1.2498,3.599999999960346,11.300000000028376,0.049613
2024,781,13:01,13,69437,4.986,5.5,6.5,1.2228,3.599999999960346,11.300000000028376,0.04986
2024,782,13:02,13,62281,4.9966,5.5,6.5,1.187,3.599999999960346,11.300000000028376,0.049966
2024,783,13:03,13,59351,4.9751,5.5,6.5,1.2181,3.599999999960346,11.300000000028376,0.049751
2024,784,13:04,13,56851,5.015,5.5,6.5,1.2459,3.599999999960346,11.300000000028376,0.05015
2024,785,13:05,13,58829,5.0208,5.5,6.5,1.2192,3.599999999960346,11.300000000028376,0.050208
2024,786,13:06,13,59030,5.0265,5.5,6.5,1.2044,3.599999999960346,11.300000000028376,0.050265
2024,787,13:07,13,56059,5.0588,5.5,6.5,1.251,3.599999999960346,11.300000000028376,0.050588
2024,788,13:08,13,54600,5.0159,5.5,6.5,1.1785,3.6000000000058208,11.300000000028376,0.050159
2024,789,13:09,13,52871,5.0017,5.5,6.5,1.1783,3.6000000000058208,11.300000000028376,0.050017
2024,790,13:10,13,55523,5.0049,5.5,6.5,1.2372,3.599999999960346,11.300000000028376,0.050049
2024,791,13:11,13,52566,5.0286,5.5,6.5,1.1771,3.599999999960346,11.300000000028376,0.050286
2024,792,13:12,13,53180,5.0214,5.5,6.5,1.1772,3.599999999960346,11.300000000028376,0.050214
2024,793,13:13,13,50464,5.0257,5.5,6.5,1.1759,3.6000000000058208,11.300000000028376,0.050257
2024,794,13:14,13,49416,5.0962,5.5,6.5,1.4135,3.599999999960346,16.30000000000109,0.050962
2024,795,13:15,13,52732,5.2301,5.5,6.5,1.8196,3.6000000000058208,26.30000000003747,0.052301
2024,796,13:16,13,49221,5.1359,5.5,6.5,1.4513,3.599999999960346,16.30000000000109,0.051359
2024,797,13:17,13,48402,5.1469,5.5,6.5,1.5033,3.6000000000058208,16.30000000000109,0.051469
2024,798,13:18,13,52106,5.0763,5.5,6.5,1.4407,3.599999999960346,16.30000000000109,0.050763
2024,799,13:19,13,52351,5.0572,5.5,6.5,1.2068,3.599999999960346,16.30000000000109,0.050572
2024,800,13:20,13,61275,5.0009,5.5,6.5,1.2037,3.6000000000058208,11.300000000028376,0.050009
2024,801,13:21,13,55934,5.0201,5.5,6.5,1.2048,3.599999999960346,11.300000000028376,0.050201
2024,802,13:22,13,53700,5.0038,5.5,6.5,1.1732,3.6000000000058208,11.299999999982901,0.050038
2024,803,13:23,13,51928,5.0429,5.5,6.5,1.1824,3.599999999960346,11.300000000028376,0.050429
2024,804,13:24,13,50955,5.0243,5.5,6.5,1.186,3.599999999960346,11.300000000028376,0.050243
2024,805,13:25,13,52642,5.034,5.5,6.5,1.1854,3.599999999960346,11.300000000028376,0.05034
2024,806,13:26,13,49572,5.0194,5.5,6.5,1.2155,3.599999999960346,11.300000000028376,0.050194
2024,807,13:27,13,49304,4.9788,5.5,6.5,1.1853,3.599999999960346,11.300000000028376,0.049788
2024,808,13:28,13,47435,5.0469,5.5,6.5,1.1804,3.599999999960346,11.300000000028376,0.050469
2024,809,13:29,13,49650,5.243,5.5,6.5,2.0565,3.6000000000058208,26.30000000003747,0.05243
2024,810,13:30,13,90014,5.8106,6.5,6.5,3.6637,3.599999999960346,56.300000000010186,0.058106
2024,811,13:31,13,81799,5.554,6.5,6.5,2.5693,3.6000000000058208,26.30000000003747,0.05554
2024,812,13:32,13,76896,5.5783,6.5,6.5,2.6342,3.599999999960346,26.30000000003747,0.055783
2024,813,13:33,13,83086,5.4635,5.5,6.5,2.4813,3.599999999960346,26.30000000003747,0.054635
2024,814,13:34,13,80438,5.1578,5.5,6.5,1.3179,3.599999999960346,26.30000000003747,0.051578
2024,815,13:35,13,83967,5.1345,5.5,6.5,1.2173,3.599999999960346,11.300000000028376,0.051345
2024,816,13:36,13,83837,5.1557,5.5,6.5,1.2143,3.599999999960346,11.300000000028376,0.051557
2024,817,13:37,13,80659,5.1656,5.5,6.5,1.2239,3.6000000000058208,11.300000000028376,0.051656
2024,818,13:38,13,77101,5.1544,5.5,6.5,1.1923,3.6000000000058208,11.300000000028376,0.051544
2024,819,13:39,13,74391,5.1369,5.5,6.5,1.1914,3.599999999960346,11.300000000028376,0.051369
2024,820,13:40,13,78878,5.1043,5.5,6.5,1.1921,3.599999999960346,11.300000000028376,0.051043
2024,821,13:41,13,74961,5.0996,5.5,6.5,1.2246,3.599999999960346,11.300000000028376,0.050996
2024,822,13:42,13,73851,5.1441,5.5,6.5,1.2824,3.599999999960346,11.300000000028376,0.051441
2024,823,13:43,13,67526,5.1188,5.5,6.5,1.221,3.599999999960346,11.300000000028376,0.051188
2024,824,13:44,13,66890,5.11,5.5,6.5,1.1767,3.6000000000058208,11.300000000028376,0.0511
2024,825,13:45,13,81824,5.2516,6.5,6.5,1.4108,3.599999999960346,21.30000000001928,0.052516
2024,826,13:46,13,70919,5.1229,5.5,6.5,1.1991,3.6000000000058208,11.300000000028376,0.051229
2024,827,13:47,13,71461,5.1161,5.5,6.5,1.2312,3.599999999960346,11.300000000028376,0.051161
2024,828,13:48,13,69319,5.1117,5.5,6.5,1.2175,3.599999999960346,11.300000000028376,0.051117
2024,829,13:49,13,68096,5.0801,5.5,6.5,1.1851,3.599999999960346,11.300000000028376,0.050801
2024,830,13:50,13,69639,5.0831,5.5,6.5,1.1995,3.6000000000058208,11.300000000028376,0.050831
2024,831,13:51,13,68664,5.0731,5.5,6.5,1.1834,3.6000000000058208,11.300000000028376,0.050731
2024,832,13:52,13,67778,5.0615,5.5,6.5,1.19,3.599999999960346,11.300000000028376,0.050615
2024,833,13:53,13,63732,5.0765,5.5,6.5,1.1884,3.599999999960346,11.300000000028376,0.050765
2024,834,13:54,13,62799,5.0908,5.5,6.5,1.2319,3.6000000000058208,11.300000000028376,0.050908
2024,835,13:55,13,65657,5.0858,5.5,6.5,1.1959,3.599999999960346,11.300000000028376,0.050858
2024,836,13:56,13,61101,5.0901,5.5,6.5,1.193,3.599999999960346,11.300000000028376,0.050901
2024,837,13:57,13,56326,5.104,5.5,6.5,1.2215,3.599999999960346,11.300000000028376,0.05104
2024,838,13:58,13,51040,5.1249,5.5,6.5,1.1766,3.599999999960346,11.200000000008004,0.051249
2024,839,13:59,13,50912,5.2087,6.5,6.5,1.4395,3.6000000000058208,31.300000000010186,0.052087
2024,840,14:00,14,81493,5.3658,6.5,6.5,1.6679,3.599999999960346,21.30000000001928,0.053658
2024,841,14:01,14,72056,5.1028,5.5,6.5,1.2083,3.599999999960346,11.300000000028376,0.051028
2024,842,14:02,14,65811,5.0981,5.5,6.5,1.2418,3.599999999960346,11.300000000028376,0.050981
2024,843,14:03,14,77722,5.1004,5.5,6.5,1.2047,3.599999999960346,11.300000000028376,0.051004
2024,844,14:04,14,72953,5.114,5.5,6.5,1.1819,3.599999999960346,11.300000000028376,0.05114
2024,845,14:05,14,75256,5.0921,5.5,6.5,1.1838,3.599999999960346,11.300000000028376,0.050921
2024,846,14:06,14,72684,5.0813,5.5,6.5,1.1706,3.599999999960346,11.300000000028376,0.050813
2024,847,14:07,14,71302,5.0501,5.5,6.5,1.1819,3.599999999960346,11.300000000028376,0.050501
2024,848,14:08,14,67739,5.1031,5.5,6.5,1.1854,3.6000000000058208,11.300000000028376,0.051031
2024,849,14:09,14,66581,5.0972,5.5,6.5,1.1853,3.6000000000058208,11.300000000028376,0.050972
2024,850,14:10,14,70750,5.0894,5.5,6.5,1.1756,3.599999999960346,11.300000000028376,0.050894
2024,851,14:11,14,68354,5.1089,5.5,6.5,1.1699,3.599999999960346,11.300000000028376,0.051089
2024,852,14:12,14,66582,5.0915,5.5,6.5,1.162,3.599999999960346,11.300000000028376,0.050915
2024,853,14:13,14,65718,5.0619,5.5,6.5,1.1646,3.599999999960346,11.300000000028376,0.050619
2024,854,14:14,14,62477,5.0718,5.5,6.5,1.1781,3.599999999960346,11.300000000028376,0.050718
2024,855,14:15,14,65118,5.0596,5.5,6.5,1.2187,3.6000000000058208,11.300000000028376,0.050596
2024,856,14:16,14,63115,5.0855,5.5,6.5,1.2296,3.599999999960346,11.300000000028376,0.050855
2024,857,14:17,14,61856,5.094,5.5,6.5,1.1692,3.599999999960346,11.300000000028376,0.05094
2024,858,14:18,14,60480,5.0513,5.5,6.5,1.1657,3.599999999960346,11.299999999982901,0.050513
2024,859,14:19,14,60641,5.037,5.5,6.5,1.1883,3.6000000000058208,11.300000000028376,0.05037
2024,860,14:20,14,64922,5.0215,5.5,6.5,1.18,3.599999999960346,11.300000000028376,0.050215
2024,861,14:21,14,61138,5.0327,5.5,6.5,1.1648,3.599999999960346,7.7000000000225555,0.050327
2024,862,14:22,14,60391,5.0407,5.5,6.5,1.1916,3.599999999960346,11.300000000028376,0.050407
2024,863,14:23,14,60876,5.0344,5.5,6.5,1.1864,3.599999999960346,11.300000000028376,0.050344
2024,864,14:24,14,59635,5.0816,5.5,6.5,1.1752,3.599999999960346,11.300000000028376,0.050816
2024,865,14:25,14,61496,5.0421,5.5,6.5,1.1791,3.599999999960346,11.300000000028376,0.050421
2024,866,14:26,14,58517,5.0443,5.5,6.5,1.1799,3.599999999960346,11.300000000028376,0.050443
2024,867,14:27,14,57940,5.0,5.5,6.5,1.1738,3.599999999960346,7.7000000000225555,0.05
2024,868,14:28,14,55195,5.0148,5.5,6.5,1.1682,3.599999999960346,7.7000000000225555,0.050148
2024,869,14:29,14,53581,5.0121,5.5,6.5,1.1762,3.599999999960346,11.300000000028376,0.050121
2024,870,14:30,14,70131,4.9346,4.5,6.5,1.1857,3.599999999960346,11.300000000028376,0.049346
2024,871,14:31,14,66999,5.0081,5.5,6.5,1.1803,3.6000000000058208,11.299999999982901,0.050081
2024,872,14:32,14,63395,5.0004,5.5,6.5,1.1837,3.599999999960346,11.300000000028376,0.050004
2024,873,14:33,14,66608,5.0334,5.5,6.5,1.1766,3.6000000000058208,11.300000000028376,0.050334
2024,874,14:34,14,64511,5.028,5.5,6.5,1.1756,3.6000000000058208,11.200000000008004,0.05028
2024,875,14:35,14,67662,5.0283,5.5,6.5,1.1849,3.6000000000058208,11.300000000028376,0.050283
2024,876,14:36,14,65090,5.0157,5.5,6.5,1.1785,3.599999999960346,11.299999999982901,0.050157
2024,877,14:37,14,64940,4.9903,5.5,6.5,1.1821,3.6000000000058208,7.7000000000225555,0.049903
2024,878,14:38,14,63846,4.9832,5.5,6.5,1.1759,3.6000000000058208,11.300000000028376,0.049832
2024,879,14:39,14,62936,5.0398,5.5,6.5,1.184,3.599999999960346,11.300000000028376,0.050398
2024,880,14:40,14,66482,4.9864,5.5,6.5,1.1832,3.599999999960346,11.300000000028376,0.049864
2024,881,14:41,14,63626,5.0213,5.5,6.5,1.1895,3.599999999960346,11.300000000028376,0.050213
2024,882,14:42,14,61796,4.9971,5.5,6.5,1.1942,3.599999999960346,11.300000000005639,0.049971
2024,883,14:43,14,58837,5.0107,5.5,6.5,1.1805,3.6000000000058208,11.300000000028376,0.050107
2024,884,14:44,14,59489,4.9875,5.5,6.5,1.1887,3.599999999960346,11.300000000028376,0.049875
2024,885,14:45,14,66350,5.0432,5.5,6.5,1.3092,3.6000000000058208,20.30000000002019,0.050432
2024,886,14:46,14,59851,5.0354,5.5,6.5,1.1881,3.599999999960346,11.300000000028376,0.050354
2024,887,14:47,14,57985,5.0123,5.5,6.5,1.1883,3.599999999960346,11.300000000028376,0.050123
2024,888,14:48,14,58024,5.0067,5.5,6.5,1.1887,3.599999999960346,11.300000000028376,0.050067
2024,889,14:49,14,56707,4.9942,5.5,6.5,1.1853,3.599999999960346,11.300000000028376,0.049942
2024,890,14:50,14,60406,4.9966,5.5,6.5,1.182,3.599999999960346,11.300000000028376,0.049966
2024,891,14:51,14,58771,5.0107,5.5,6.5,1.1842,3.599999999960346,11.300000000028376,0.050107
2024,892,14:52,14,57466,5.0055,5.5,6.5,1.19,3.6000000000058208,11.300000000028376,0.050055
2024,893,14:53,14,56503,5.0194,5.5,6.5,1.1814,3.599999999960346,7.800000000042928,0.050194
2024,894,14:54,14,55825,5.0278,5.5,6.5,1.2032,3.6000000000058208,11.300000000028376,0.050278
2024,895,14:55,14,58283,4.9985,5.5,6.5,1.1883,3.599999999960346,11.300000000028376,0.049985
2024,896,14:56,14,55524,5.036,5.5,6.5,1.1776,3.6000000000058208,11.300000000028376,0.05036
2024,897,14:57,14,54030,5.0564,5.5,6.5,1.1651,3.599999999960346,11.300000000028376,0.050564
2024,898,14:58,14,49503,5.0937,5.5,6.5,1.1747,3.599999999960346,11.300000000028376,0.050937
2024,899,14:59,14,47791,5.0678,5.5,6.5,1.1994,3.599999999960346,11.300000000005639,0.050678
2024,900,15:00,15,70454,5.1839,5.5,6.5,1.5014,3.6000000000058208,20.299999999997453,0.051839
2024,901,15:01,15,61625,5.0813,5.5,6.5,1.2038,3.599999999960346,11.300000000028376,0.050813
2024,902,15:02,15,57692,5.1138,5.5,6.5,1.1821,3.599999999960346,11.300000000028376,0.051138
2024,903,15:03,15,60832,5.0307,5.5,6.5,1.2109,3.6000000000058208,11.300000000028376,0.050307
2024,904,15:04,15,61281,5.1133,5.5,6.5,1.2732,3.599999999960346,11.300000000028376,0.051133
2024,905,15:05,15,62639,5.0665,5.5,6.5,1.2018,3.6000000000058208,11.300000000028376,0.050665
2024,906,15:06,15,60527,5.0256,5.5,6.5,1.1776,3.599999999960346,11.300000000028376,0.050256
2024,907,15:07,15,59426,4.99,5.5,6.5,1.1842,3.599999999960346,11.300000000028376,0.0499
2024,908,15:08,15,57265,4.9637,5.5,6.5,1.1778,3.599999999960346,11.300000000028376,0.049637
2024,909,15:09,15,55024,5.0106,5.5,6.5,1.1796,3.6000000000058208,11.300000000028376,0.050106
2024,910,15:10,15,57629,5.0256,5.5,6.5,1.1898,3.6000000000058208,11.300000000028376,0.050256
2024,911,15:11,15,54829,5.0428,5.5,6.5,1.1771,3.6000000000058208,11.300000000028376,0.050428
2024,912,15:12,15,54930,5.0312,5.5,6.5,1.1809,3.6000000000058208,11.300000000028376,0.050312
2024,913,15:13,15,53628,5.0361,5.5,6.5,1.2006,3.599999999960346,11.300000000028376,0.050361
2024,914,15:14,15,53096,5.0191,5.5,6.5,1.181,3.599999999960346,11.300000000028376,0.050191
2024,915,15:15,15,56783,5.0356,5.5,6.5,1.1862,3.599999999960346,11.300000000028376,0.050356
2024,916,15:16,15,53691,5.0424,5.5,6.5,1.1914,3.599999999960346,11.300000000028376,0.050424
2024,917,15:17,15,52654,5.0529,5.5,6.5,1.1801,3.6000000000058208,11.300000000028376,0.050529
2024,918,15:18,15,51460,5.0202,5.5,6.5,1.1747,3.599999999960346,6.300000000010186,0.050202
2024,919,15:19,15,49182,5.0389,5.5,6.5,1.1794,3.6000000000058208,11.299999999982901,0.050389
2024,920,15:20,15,51585,5.0282,5.5,6.5,1.1769,3.6000000000058208,11.299999999982901,0.050282
2024,921,15:21,15,49970,5.0508,5.5,6.5,1.187,3.599999999960346,11.300000000028376,0.050508
2024,922,15:22,15,48484,5.0324,5.5,6.5,1.1818,3.599999999960346,11.300000000028376,0.050324
2024,923,15:23,15,47414,5.0487,5.5,6.5,1.1832,3.599999999960346,11.300000000028376,0.050487
2024,924,15:24,15,47479,5.0443,5.5,6.5,1.1794,3.6000000000058208,11.300000000028376,0.050443
2024,925,15:25,15,50905,5.0504,5.5,6.5,1.1781,3.6000000000058208,11.300000000028376,0.050504
2024,926,15:26,15,47938,5.0674,5.5,6.5,1.1931,3.6000000000058208,11.300000000028376,0.050674
2024,927,15:27,15,47527,5.0768,5.5,6.5,1.2222,3.599999999960346,11.300000000028376,0.050768
2024,928,15:28,15,45616,5.0371,5.5,6.5,1.172,3.599999999960346,6.300000000010186,0.050371
2024,929,15:29,15,44180,5.0916,5.5,6.5,1.1774,3.6000000000058208,11.300000000028376,0.050916
2024,930,15:30,15,49821,5.0667,5.5,6.5,1.1787,3.599999999960346,11.300000000028376,0.050667
2024,931,15:31,15,47253,5.0763,5.5,6.5,1.181,3.599999999960346,11.300000000028376,0.050763
2024,932,15:32,15,46414,5.0883,5.5,6.5,1.1706,3.6000000000058208,7.7000000000225555,0.050883
2024,933,15:33,15,45874,5.0413,5.5,6.5,1.1765,3.6000000000058208,7.7000000000225555,0.050413
2024,934,15:34,15,45501,5.0345,5.5,6.5,1.1828,3.599999999960346,11.199999999985266,0.050345
2024,935,15:35,15,47176,5.076,5.5,6.5,1.2,3.599999999960346,11.300000000028376,0.05076
2024,936,15:36,15,46315,5.0364,5.5,6.5,1.1883,3.599999999960346,11.300000000005639,0.050364
2024,937,15:37,15,46919,5.244,5.5,6.5,1.5872,3.599999999960346,11.300000000028376,0.05244
2024,938,15:38,15,43548,5.0362,5.5,6.5,1.1813,3.599999999960346,6.300000000010186,0.050362
2024,939,15:39,15,42206,5.0481,5.5,6.5,1.1904,3.599999999960346,11.300000000028376,0.050481
2024,940,15:40,15,44779,5.043,5.5,6.5,1.1835,3.6000000000058208,7.699999999977081,0.05043
2024,941,15:41,15,44146,5.0314,5.5,6.5,1.184,3.599999999960346,6.300000000010186,0.050314
2024,942,15:42,15,41833,5.0087,5.5,6.5,1.1832,3.599999999960346,6.300000000010186,0.050087
2024,943,15:43,15,40709,5.0561,5.5,6.5,1.1823,3.6000000000058208,11.299999999982901,0.050561
2024,944,15:44,15,39448,5.0491,5.5,6.5,1.1786,3.599999999960346,6.300000000010186,0.050491
2024,945,15:45,15,44806,5.0338,5.5,6.5,1.1732,3.6000000000058208,7.7000000000225555,0.050338
2024,946,15:46,15,41167,5.0308,5.5,6.5,1.1802,3.599999999960346,7.7000000000225555,0.050308
2024,947,15:47,15,40796,5.039,5.5,6.5,1.1763,3.599999999960346,11.300000000028376,0.05039
2024,948,15:48,15,40388,5.0612,5.5,6.5,1.175,3.599999999960346,11.300000000028376,0.050612
2024,949,15:49,15,39398,5.0724,5.5,6.5,1.1749,3.599999999960346,6.300000000010186,0.050724
2024,950,15:50,15,40957,5.0374,5.5,6.5,1.1713,3.6000000000058208,6.300000000010186,0.050374
2024,951,15:51,15,39995,5.0389,5.5,6.5,1.179,3.6000000000058208,7.7000000000225555,0.050389
2024,952,15:52,15,39822,5.0365,5.5,6.5,1.1786,3.599999999960346,7.7000000000225555,0.050365
2024,953,15:53,15,37929,5.0526,5.5,6.5,1.1787,3.6000000000058208,11.300000000028376,0.050526
2024,954,15:54,15,37476,5.0448,5.5,6.5,1.1896,3.6000000000058208,11.300000000028376,0.050448
2024,955,15:55,15,38941,5.0131,5.5,6.5,1.184,3.599999999960346,6.300000000010186,0.050131
2024,956,15:56,15,37693,5.0759,5.5,6.5,1.1803,3.599999999960346,6.300000000010186,0.050759
2024,957,15:57,15,37465,5.0669,5.5,6.5,1.1745,3.6000000000058208,6.300000000010186,0.050669
2024,958,15:58,15,35490,5.0593,5.5,6.5,1.1804,3.599999999960346,6.300000000010186,0.050593
2024,959,15:59,15,34844,5.0623,5.5,6.5,1.1753,3.599999999960346,11.200000000008004,0.050623
2024,960,16:00,16,42922,5.0841,5.5,6.5,1.2097,3.6000000000058208,11.300000000028376,0.050841
2024,961,16:01,16,40010,5.0962,5.5,6.5,1.191,3.599999999960346,11.300000000028376,0.050962
2024,962,16:02,16,38581,5.0862,5.5,6.5,1.1796,3.6000000000058208,11.300000000028376,0.050862
2024,963,16:03,16,38972,5.0463,5.5,6.5,1.1724,3.6000000000058208,6.300000000010186,0.050463
2024,964,16:04,16,37598,5.0437,5.5,6.5,1.1668,3.599999999960346,6.300000000010186,0.050437
2024,965,16:05,16,39708,5.0765,5.5,6.5,1.1689,3.599999999960346,6.300000000010186,0.050765
2024,966,16:06,16,37173,5.064,5.5,6.5,1.1686,3.6000000000058208,6.300000000010186,0.05064
2024,967,16:07,16,36748,5.0325,5.5,6.5,1.1757,3.6000000000058208,11.299999999982901,0.050325
2024,968,16:08,16,35731,5.04,5.5,6.5,1.179,3.599999999960346,11.300000000028376,0.0504
2024,969,16:09,16,35422,5.0276,5.5,6.5,1.1778,3.599999999960346,6.300000000010186,0.050276
2024,970,16:10,16,36846,5.0644,5.5,6.5,1.1703,3.599999999960346,11.299999999982901,0.050644
2024,971,16:11,16,34773,5.0834,5.5,6.5,1.1733,3.6000000000058208,7.7000000000225555,0.050834
2024,972,16:12,16,36304,5.039,5.5,6.5,1.1766,3.6000000000058208,11.300000000028376,0.05039
2024,973,16:13,16,35110,5.0619,5.5,6.5,1.177,3.599999999960346,6.300000000010186,0.050619
2024,974,16:14,16,34234,5.0509,5.5,6.5,1.181,3.599999999960346,11.299999999982901,0.050509
2024,975,16:15,16,36594,5.0479,5.5,6.5,1.185,3.6000000000058208,11.300000000028376,0.050479
2024,976,16:16,16,35492,5.0592,5.5,6.5,1.1793,3.599999999960346,6.300000000010186,0.050592
2024,977,16:17,16,35182,5.0393,5.5,6.5,1.1778,3.599999999960346,6.300000000010186,0.050393
2024,978,16:18,16,33694,5.0467,5.5,6.5,1.1791,3.6000000000058208,6.300000000010186,0.050467
2024,979,16:19,16,34014,5.075,5.5,6.5,1.1779,3.599999999960346,11.199999999962529,0.05075
2024,980,16:20,16,35597,5.0572,5.5,6.5,1.1846,3.6000000000058208,11.300000000028376,0.050572
2024,981,16:21,16,34246,5.0636,5.5,6.5,1.1781,3.6000000000058208,11.300000000028376,0.050636
2024,982,16:22,16,34534,5.0589,5.5,6.5,1.1759,3.6000000000058208,6.300000000010186,0.050589
2024,983,16:23,16,34362,5.0731,5.5,6.5,1.1671,3.6000000000058208,11.200000000008004,0.050731
2024,984,16:24,16,33741,5.0822,5.5,6.5,1.1829,3.599999999960346,11.300000000005639,0.050822
2024,985,16:25,16,34801,5.0916,5.5,6.5,1.1738,3.6000000000058208,6.300000000010186,0.050916
2024,986,16:26,16,33753,5.0785,5.5,6.5,1.1793,3.6000000000058208,11.299999999982901,0.050785
2024,987,16:27,16,32933,5.0702,5.5,6.5,1.2174,3.6000000000058208,11.300000000028376,0.050702
2024,988,16:28,16,32189,5.0728,5.5,6.5,1.1828,3.6000000000058208,11.300000000028376,0.050728
2024,989,16:29,16,31921,5.0591,5.5,6.5,1.1968,3.6000000000058208,11.300000000028376,0.050591
2024,990,16:30,16,35512,5.0698,5.5,6.5,1.2255,3.6000000000058208,11.300000000028376,0.050698
2024,991,16:31,16,33986,5.0715,5.5,6.5,1.1972,3.6000000000058208,11.300000000028376,0.050715
2024,992,16:32,16,34201,5.0828,5.5,6.5,1.2145,3.6000000000058208,11.300000000028376,0.050828
2024,993,16:33,16,33641,5.066,5.5,6.5,1.2535,3.6000000000058208,11.300000000028376,0.05066
2024,994,16:34,16,33772,5.0797,5.5,6.5,1.2592,3.6000000000058208,11.300000000028376,0.050797
2024,995,16:35,16,34791,5.0735,5.5,6.5,1.2423,3.6000000000058208,11.300000000028376,0.050735
2024,996,16:36,16,33227,5.0593,5.5,6.5,1.2268,3.6000000000058208,11.300000000028376,0.050593
2024,997,16:37,16,32917,5.0549,5.5,6.5,1.2298,3.6000000000058208,11.300000000028376,0.050549
2024,998,16:38,16,32043,5.1116,5.5,6.5,1.2964,3.599999999960346,11.300000000028376,0.051116
2024,999,16:39,16,31609,5.118,5.5,6.5,1.2737,3.6000000000058208,11.300000000028376,0.05118
2024,1000,16:40,16,32804,5.0768,5.5,6.5,1.257,3.599999999960346,11.300000000028376,0.050768
2024,1001,16:41,16,32582,5.0868,5.5,6.5,1.2053,3.599999999960346,11.300000000028376,0.050868
2024,1002,16:42,16,33196,5.1224,5.5,6.5,1.2152,3.599999999960346,11.300000000028376,0.051224
2024,1003,16:43,16,32777,5.0981,5.5,6.5,1.2085,3.599999999960346,11.300000000028376,0.050981
2024,1004,16:44,16,31847,5.0889,5.5,6.5,1.196,3.6000000000058208,11.300000000028376,0.050889
2024,1005,16:45,16,34876,5.1172,5.5,6.5,1.2017,3.599999999960346,11.300000000028376,0.051172
2024,1006,16:46,16,32515,5.0887,5.5,6.5,1.1928,3.599999999960346,11.300000000028376,0.050887
2024,1007,16:47,16,32561,5.0928,5.5,6.5,1.1933,3.6000000000058208,11.300000000028376,0.050928
2024,1008,16:48,16,31453,5.1368,5.5,6.5,1.19,3.599999999960346,11.300000000028376,0.051368
2024,1009,16:49,16,30382,5.0903,5.5,6.5,1.2008,3.599999999960346,11.300000000028376,0.050903
2024,1010,16:50,16,32734,5.1091,5.5,6.5,1.2271,3.6000000000058208,11.300000000028376,0.051091
2024,1011,16:51,16,31819,5.0835,5.5,6.5,1.2199,3.599999999960346,11.300000000028376,0.050835
2024,1012,16:52,16,30642,5.1213,5.5,6.5,1.2378,3.6000000000058208,11.300000000028376,0.051213
2024,1013,16:53,16,30116,5.0569,5.5,6.5,1.2098,3.6000000000058208,11.300000000028376,0.050569
2024,1014,16:54,16,29748,5.0623,5.5,6.5,1.1802,3.6000000000058208,11.200000000008004,0.050623
2024,1015,16:55,16,31638,5.0983,5.5,6.5,1.2178,3.599999999960346,11.300000000028376,0.050983
2024,1016,16:56,16,31674,5.0803,5.5,6.5,1.2084,3.599999999960346,11.300000000028376,0.050803
2024,1017,16:57,16,31080,5.1118,5.5,6.5,1.1993,3.6000000000058208,11.300000000028376,0.051118
2024,1018,16:58,16,28663,5.1278,5.5,6.5,1.238,3.599999999960346,11.300000000028376,0.051278
2024,1019,16:59,16,29365,5.126,5.5,6.5,1.2024,3.599999999960346,11.300000000028376,0.05126
2024,1020,17:00,17,34649,5.0849,5.5,6.5,1.2484,3.599999999960346,11.300000000028376,0.050849
2024,1021,17:01,17,34016,5.1719,5.5,6.5,1.2736,3.6000000000058208,11.300000000028376,0.051719
2024,1022,17:02,17,37510,5.1537,5.5,6.5,1.1926,3.6000000000058208,11.300000000028376,0.051537
2024,1023,17:03,17,33246,5.0935,5.5,6.5,1.1908,3.599999999960346,11.300000000028376,0.050935
2024,1024,17:04,17,32540,5.145,5.5,6.5,1.2426,3.6000000000058208,11.300000000028376,0.05145
2024,1025,17:05,17,33218,5.1941,5.5,6.5,1.3004,3.599999999960346,11.300000000028376,0.051941
2024,1026,17:06,17,32138,5.112,5.5,6.5,1.1876,3.6000000000058208,11.300000000005639,0.05112
2024,1027,17:07,17,31460,5.1257,5.5,6.5,1.1683,3.599999999960346,7.7000000000225555,0.051257
2024,1028,17:08,17,30633,5.1238,5.5,6.5,1.194,3.6000000000058208,11.300000000028376,0.051238
2024,1029,17:09,17,29735,5.1302,5.5,6.5,1.2066,3.6000000000058208,11.300000000028376,0.051302
2024,1030,17:10,17,31008,5.1289,5.5,6.5,1.2139,3.6000000000058208,11.300000000028376,0.051289
2024,1031,17:11,17,30525,5.1387,5.5,6.5,1.1776,3.6000000000058208,11.300000000028376,0.051387
2024,1032,17:12,17,29852,5.1199,5.5,6.5,1.1972,3.6000000000058208,11.300000000028376,0.051199
2024,1033,17:13,17,29067,5.1118,5.5,6.5,1.1911,3.599999999960346,11.300000000028376,0.051118
2024,1034,17:14,17,29218,5.1226,5.5,6.5,1.2237,3.6000000000058208,11.300000000028376,0.051226
2024,1035,17:15,17,30664,5.1481,5.5,6.5,1.2489,3.599999999960346,11.300000000028376,0.051481
2024,1036,17:16,17,29272,5.1096,5.5,6.5,1.2169,3.6000000000058208,11.300000000028376,0.051096
2024,1037,17:17,17,28469,5.1426,5.5,6.5,1.231,3.6000000000058208,11.300000000028376,0.051426
2024,1038,17:18,17,28127,5.1226,5.5,6.5,1.2063,3.599999999960346,11.300000000028376,0.051226
2024,1039,17:19,17,28115,5.1245,5.5,6.5,1.2144,3.599999999960346,11.300000000028376,0.051245
2024,1040,17:20,17,30797,5.1217,5.5,6.5,1.1746,3.6000000000058208,11.300000000028376,0.051217
2024,1041,17:21,17,29798,5.1244,5.5,6.5,1.1642,3.599999999960346,11.300000000028376,0.051244
2024,1042,17:22,17,29099,5.1303,5.5,6.5,1.1665,3.6000000000058208,11.300000000028376,0.051303
2024,1043,17:23,17,28675,5.1281,5.5,6.5,1.1783,3.6000000000058208,11.300000000028376,0.051281
2024,1044,17:24,17,30410,5.1275,5.5,6.5,1.1931,3.6000000000058208,11.300000000028376,0.051275
2024,1045,17:25,17,32185,5.1582,5.5,6.5,1.1882,3.599999999960346,11.300000000028376,0.051582
2024,1046,17:26,17,30766,5.1376,5.5,6.5,1.1709,3.6000000000058208,11.300000000028376,0.051376
2024,1047,17:27,17,31333,5.1248,5.5,6.5,1.1661,3.6000000000058208,11.300000000028376,0.051248
2024,1048,17:28,17,32561,5.1488,5.5,6.5,1.1612,3.6000000000058208,11.300000000028376,0.051488
2024,1049,17:29,17,37758,5.1376,5.5,6.5,1.1703,3.599999999960346,11.300000000028376,0.051376
2024,1050,17:30,17,35679,5.1765,5.5,6.5,1.1776,3.6000000000058208,11.300000000028376,0.051765
2024,1051,17:31,17,32312,5.1908,5.5,6.5,1.1617,3.6000000000058208,11.300000000028376,0.051908
2024,1052,17:32,17,30911,5.1772,5.5,6.5,1.1643,3.6000000000058208,11.300000000028376,0.051772
2024,1053,17:33,17,28449,5.1471,5.5,6.5,1.176,3.6000000000058208,11.300000000028376,0.051471
2024,1054,17:34,17,27670,5.1585,5.5,6.5,1.1583,3.6000000000058208,11.299999999982901,0.051585
2024,1055,17:35,17,27868,5.1523,5.5,6.5,1.1734,3.599999999960346,11.300000000028376,0.051523
2024,1056,17:36,17,27453,5.1469,5.5,6.5,1.1653,3.599999999960346,7.7000000000225555,0.051469
2024,1057,17:37,17,27245,5.1494,5.5,6.5,1.1821,3.6000000000058208,11.300000000028376,0.051494
2024,1058,17:38,17,26584,5.1281,5.5,6.5,1.1765,3.6000000000058208,11.300000000028376,0.051281
2024,1059,17:39,17,26108,5.1315,5.5,6.5,1.1654,3.599999999960346,6.300000000010186,0.051315
2024,1060,17:40,17,26790,5.1319,5.5,6.5,1.1706,3.599999999960346,11.200000000008004,0.051319
2024,1061,17:41,17,26004,5.1452,5.5,6.5,1.1772,3.599999999960346,11.299999999982901,0.051452
2024,1062,17:42,17,25622,5.1369,5.5,6.5,1.1808,3.6000000000058208,11.300000000028376,0.051369
2024,1063,17:43,17,25180,5.1124,5.5,6.5,1.1766,3.6000000000058208,11.299999999982901,0.051124
2024,1064,17:44,17,25961,5.1461,5.5,6.5,1.2059,3.6000000000058208,11.300000000028376,0.051461
2024,1065,17:45,17,26593,5.1377,5.5,6.5,1.2003,3.599999999960346,11.300000000028376,0.051377
2024,1066,17:46,17,26065,5.1288,5.5,6.5,1.1876,3.6000000000058208,11.300000000028376,0.051288
2024,1067,17:47,17,25472,5.1237,5.5,6.5,1.1751,3.6000000000058208,11.300000000028376,0.051237
2024,1068,17:48,17,24598,5.1299,5.5,6.5,1.1943,3.599999999960346,11.300000000028376,0.051299
2024,1069,17:49,17,24697,5.1102,5.5,6.5,1.1646,3.6999999999807187,6.300000000010186,0.051102
2024,1070,17:50,17,25523,5.0925,5.5,6.5,1.1699,3.6000000000058208,6.300000000010186,0.050925
2024,1071,17:51,17,25638,5.1065,5.5,6.5,1.1771,3.6000000000058208,11.299999999982901,0.051065
2024,1072,17:52,17,24804,5.1403,5.5,6.5,1.1916,3.599999999960346,11.300000000028376,0.051403
2024,1073,17:53,17,24790,5.1687,5.5,6.5,1.2238,3.6000000000058208,11.300000000028376,0.051687
2024,1074,17:54,17,24406,5.1012,5.5,6.5,1.175,3.6000000000058208,11.200000000008004,0.051012
2024,1075,17:55,17,25411,5.0927,5.5,6.5,1.185,3.6000000000058208,11.300000000028376,0.050927
2024,1076,17:56,17,24382,5.1081,5.5,6.5,1.2052,3.599999999960346,11.300000000028376,0.051081
2024,1077,17:57,17,24458,5.1175,5.5,6.5,1.2105,3.6000000000058208,11.300000000028376,0.051175
2024,1078,17:58,17,23555,5.0982,5.5,6.5,1.1889,3.599999999960346,11.300000000028376,0.050982
2024,1079,17:59,17,24681,5.1322,5.5,6.5,1.1808,3.6000000000058208,11.300000000028376,0.051322
2024,1080,18:00,18,30523,5.2727,5.5,6.5,1.6344,3.599999999960346,21.30000000001928,0.052727
2024,1081,18:01,18,27436,5.2373,5.5,6.5,1.451,3.599999999960346,15.800000000035652,0.052373
2024,1082,18:02,18,28690,5.1619,5.5,6.5,1.3277,3.599999999960346,15.90000000001055,0.051619
2024,1083,18:03,18,30481,5.212,6.5,6.5,1.3605,3.599999999960346,15.90000000001055,0.05212
2024,1084,18:04,18,28204,5.1663,5.5,6.5,1.2979,3.6000000000058208,15.70000000001528,0.051663
2024,1085,18:05,18,29635,5.2051,6.5,6.5,1.2617,3.6000000000058208,15.800000000035652,0.052051
2024,1086,18:06,18,28590,5.1437,5.5,6.5,1.2633,3.6000000000058208,15.799999999990177,0.051437
2024,1087,18:07,18,28452,5.1457,5.5,6.5,1.2495,3.599999999960346,15.70000000001528,0.051457
2024,1088,18:08,18,28200,5.1776,6.5,6.5,1.2973,3.6000000000058208,15.70000000001528,0.051776
2024,1089,18:09,18,27365,5.1777,6.5,6.5,1.2813,3.599999999960346,15.70000000001528,0.051777
2024,1090,18:10,18,27716,5.1432,5.5,6.5,1.2732,3.6000000000058208,15.70000000001528,0.051432
2024,1091,18:11,18,27039,5.1374,5.5,6.5,1.2746,3.599999999960346,15.800000000035652,0.051374
2024,1092,18:12,18,26546,5.1152,5.5,6.5,1.3193,3.6000000000058208,16.10000000000582,0.051152
2024,1093,18:13,18,25920,5.1064,5.5,6.5,1.2692,3.599999999960346,16.000000000030923,0.051064
2024,1094,18:14,18,25963,5.075,5.5,6.5,1.2786,3.6000000000058208,15.799999999990177,0.05075
2024,1095,18:15,18,27346,5.1105,5.5,6.5,1.2753,3.6000000000058208,15.70000000001528,0.051105
2024,1096,18:16,18,26018,5.1063,5.5,6.5,1.2598,3.6000000000058208,15.70000000001528,0.051063
2024,1097,18:17,18,25477,5.1224,5.5,6.5,1.2615,3.6000000000058208,15.799999999990177,0.051224
2024,1098,18:18,18,24681,5.1369,5.5,6.5,1.2736,3.599999999960346,15.800000000035652,0.051369
2024,1099,18:19,18,24758,5.1152,5.5,6.5,1.2634,3.599999999960346,15.799999999990177,0.051152
2024,1100,18:20,18,26028,5.1243,5.5,6.5,1.2716,3.6000000000058208,15.800000000035652,0.051243
2024,1101,18:21,18,25337,5.1035,5.5,6.5,1.2783,3.6000000000058208,15.800000000035652,0.051035
2024,1102,18:22,18,26017,5.1049,5.5,6.5,1.2878,3.6000000000058208,15.800000000035652,0.051049
2024,1103,18:23,18,25118,5.1137,5.5,6.5,1.2784,3.6000000000058208,15.70000000001528,0.051137
2024,1104,18:24,18,25577,5.0708,5.5,6.5,1.2874,3.6000000000058208,15.70000000001528,0.050708
2024,1105,18:25,18,26442,5.1229,5.5,6.5,1.2576,3.599999999960346,15.70000000001528,0.051229
2024,1106,18:26,18,24981,5.0851,5.5,6.5,1.2727,3.6000000000058208,15.70000000001528,0.050851
2024,1107,18:27,18,26079,5.0961,5.5,6.5,1.2692,3.6000000000058208,15.70000000001528,0.050961
2024,1108,18:28,18,26919,5.0869,5.5,6.5,1.2548,3.599999999960346,15.70000000001528,0.050869
2024,1109,18:29,18,30256,5.0758,5.5,6.5,1.2621,3.6000000000058208,15.70000000001528,0.050758
2024,1110,18:30,18,26228,5.1612,5.5,6.5,1.4594,3.6000000000058208,19.400000000041473,0.051612
2024,1111,18:31,18,24204,5.1842,5.5,6.5,1.4656,3.599999999960346,19.400000000041473,0.051842
2024,1112,18:32,18,23676,5.1931,5.5,6.5,1.4763,3.6000000000058208,19.400000000041473,0.051931
2024,1113,18:33,18,25118,5.2579,6.5,6.5,1.5063,3.6000000000058208,19.50000000001637,0.052579
2024,1114,18:34,18,24187,5.2493,6.5,6.5,1.4498,3.599999999960346,19.399999999995998,0.052493
2024,1115,18:35,18,26473,5.2667,6.5,6.5,1.4527,3.599999999960346,19.600000000036744,0.052667
2024,1116,18:36,18,27092,5.2158,6.5,6.5,1.4424,3.599999999960346,19.400000000041473,0.052158
2024,1117,18:37,18,26353,5.1966,5.5,6.5,1.4502,3.599999999960346,19.399999999995998,0.051966
2024,1118,18:38,18,25044,5.2116,6.5,6.5,1.4186,3.599999999960346,19.400000000041473,0.052116
2024,1119,18:39,18,24433,5.2478,6.5,6.5,1.509,3.6000000000058208,19.3000000000211,0.052478
2024,1120,18:40,18,25478,5.1544,5.5,6.5,1.429,3.6000000000058208,19.400000000041473,0.051544
2024,1121,18:41,18,24514,5.2322,6.5,6.5,1.484,3.6000000000058208,19.400000000041473,0.052322
2024,1122,18:42,18,24504,5.2163,5.5,6.5,1.4563,3.599999999960346,19.399999999995998,0.052163
2024,1123,18:43,18,23726,5.2262,5.5,6.5,1.4964,3.6000000000058208,19.400000000041473,0.052262
2024,1124,18:44,18,23805,5.1854,5.5,6.5,1.4215,3.6000000000058208,19.3000000000211,0.051854
2024,1125,18:45,18,25062,5.1994,5.5,6.5,1.4356,3.6000000000058208,19.3000000000211,0.051994
2024,1126,18:46,18,23821,5.2264,5.5,6.5,1.4525,3.6000000000058208,19.3000000000211,0.052264
2024,1127,18:47,18,23369,5.1934,5.5,6.5,1.4311,3.6000000000058208,19.399999999995998,0.051934
2024,1128,18:48,18,22266,5.1737,5.5,6.5,1.4787,3.599999999960346,19.50000000001637,0.051737
2024,1129,18:49,18,22559,5.1973,5.5,6.5,1.4269,3.6000000000058208,19.3000000000211,0.051973
2024,1130,18:50,18,24185,5.1426,5.5,6.5,1.43,3.6000000000058208,19.3000000000211,0.051426
2024,1131,18:51,18,23683,5.1563,5.5,6.5,1.475,3.6000000000058208,19.399999999995998,0.051563
2024,1132,18:52,18,22851,5.1785,5.5,6.5,1.4479,3.599999999960346,19.3000000000211,0.051785
2024,1133,18:53,18,22690,5.1868,5.5,6.5,1.4073,3.6000000000058208,19.3000000000211,0.051868
2024,1134,18:54,18,22653,5.1685,5.5,6.5,1.4509,3.6000000000058208,19.3000000000211,0.051685
2024,1135,18:55,18,23779,5.1665,5.5,6.5,1.4102,3.6000000000058208,19.3000000000211,0.051665
2024,1136,18:56,18,23436,5.1882,5.5,6.5,1.4195,3.6000000000058208,19.399999999995998,0.051882
2024,1137,18:57,18,23067,5.1785,5.5,6.5,1.3706,3.599999999960346,19.3000000000211,0.051785
2024,1138,18:58,18,22360,5.1655,5.5,6.5,1.3757,3.599999999960346,19.399999999995998,0.051655
2024,1139,18:59,18,23742,5.2036,5.5,6.5,1.5865,3.6999999999807187,19.3000000000211,0.052036
2024,1140,19:00,19,31223,5.3041,5.5,6.5,2.3763,3.599999999960346,26.30000000003747,0.053041
2024,1141,19:01,19,29554,5.3023,5.5,6.5,2.0211,3.6000000000058208,19.3000000000211,0.053023
2024,1142,19:02,19,27608,5.295,5.5,6.5,1.9665,3.599999999960346,19.400000000041473,0.05295
2024,1143,19:03,19,26137,5.3039,5.5,6.5,2.065,3.6000000000058208,19.50000000001637,0.053039
2024,1144,19:04,19,25032,5.1344,5.5,6.5,1.3755,3.6000000000058208,19.600000000036744,0.051344
2024,1145,19:05,19,26323,5.1209,5.5,6.5,1.3704,3.599999999960346,19.50000000001637,0.051209
2024,1146,19:06,19,25143,5.0932,5.5,6.5,1.3819,3.6000000000058208,19.399999999995998,0.050932
2024,1147,19:07,19,24855,5.0741,5.5,6.5,1.3464,3.6000000000058208,19.3000000000211,0.050741
2024,1148,19:08,19,23588,5.1064,5.5,6.5,1.3874,3.6000000000058208,19.3000000000211,0.051064
2024,1149,19:09,19,23761,5.089,5.5,6.5,1.3756,3.6000000000058208,19.399999999995998,0.05089
2024,1150,19:10,19,23970,5.0847,5.5,6.5,1.3888,3.599999999960346,19.3000000000211,0.050847
2024,1151,19:11,19,23306,5.1012,5.5,6.5,1.3661,3.599999999960346,19.200000000000728,0.051012
2024,1152,19:12,19,22973,5.1213,5.5,6.5,1.3749,3.6000000000058208,19.200000000000728,0.051213
2024,1153,19:13,19,22080,5.1638,5.5,6.5,1.4199,3.6000000000058208,19.3000000000211,0.051638
2024,1154,19:14,19,22277,5.1481,5.5,6.5,1.3613,3.599999999960346,19.200000000000728,0.051481
2024,1155,19:15,19,23282,5.1002,5.5,6.5,1.3414,3.6000000000058208,19.200000000000728,0.051002
2024,1156,19:16,19,22682,5.1144,5.5,6.5,1.3668,3.6000000000058208,19.3000000000211,0.051144
2024,1157,19:17,19,22261,5.1398,5.5,6.5,1.3691,3.6000000000058208,19.3000000000211,0.051398
2024,1158,19:18,19,22566,5.0859,5.5,6.5,1.3556,3.6000000000058208,19.3000000000211,0.050859
2024,1159,19:19,19,21660,5.1471,5.5,6.5,1.3503,3.6000000000058208,19.200000000000728,0.051471
2024,1160,19:20,19,23144,5.1335,5.5,6.5,1.3453,3.6000000000058208,19.399999999995998,0.051335
2024,1161,19:21,19,22229,5.1459,5.5,6.5,1.3781,3.6000000000058208,19.399999999995998,0.051459
2024,1162,19:22,19,22032,5.1201,5.5,6.5,1.3533,3.6999999999807187,19.3000000000211,0.051201
2024,1163,19:23,19,21808,5.1402,5.5,6.5,1.3841,3.6999999999807187,19.3000000000211,0.051402
2024,1164,19:24,19,21993,5.1977,5.5,6.5,1.4606,3.6000000000058208,19.3000000000211,0.051977
2024,1165,19:25,19,22071,5.1688,5.5,6.5,1.3877,3.599999999960346,19.3000000000211,0.051688
2024,1166,19:26,19,21573,5.1907,5.5,6.5,1.4225,3.6000000000058208,19.50000000001637,0.051907
2024,1167,19:27,19,21106,5.1559,5.5,6.5,1.3701,3.6000000000058208,19.399999999995998,0.051559
2024,1168,19:28,19,21027,5.1647,5.5,6.5,1.4054,3.599999999960346,19.3000000000211,0.051647
2024,1169,19:29,19,21406,5.1627,5.5,6.5,1.3919,3.6999999999807187,19.3000000000211,0.051627
2024,1170,19:30,19,23794,5.152,5.5,6.5,1.3705,3.6000000000058208,19.3000000000211,0.05152
2024,1171,19:31,19,22080,5.1856,5.5,6.5,1.3629,3.6000000000058208,19.200000000000728,0.051856
2024,1172,19:32,19,21949,5.1644,5.5,6.5,1.3551,3.599999999960346,19.3000000000211,0.051644
2024,1173,19:33,19,21978,5.1515,5.5,6.5,1.3423,3.6000000000058208,19.3000000000211,0.051515
2024,1174,19:34,19,21253,5.1402,5.5,6.5,1.3659,3.6000000000058208,19.399999999995998,0.051402
2024,1175,19:35,19,21808,5.1845,5.5,6.5,1.4132,3.6000000000058208,19.50000000001637,0.051845
2024,1176,19:36,19,21433,5.1601,5.5,6.5,1.3376,3.599999999960346,19.3000000000211,0.051601
2024,1177,19:37,19,21254,5.14,5.5,6.5,1.3729,3.6000000000058208,19.3000000000211,0.0514
2024,1178,19:38,19,21096,5.1583,5.5,6.5,1.364,3.6000000000058208,19.200000000000728,0.051583
2024,1179,19:39,19,22015,5.1218,5.5,6.5,1.384,3.599999999960346,19.3000000000211,0.051218
2024,1180,19:40,19,24074,5.0692,5.5,6.5,1.3592,3.599999999960346,19.3000000000211,0.050692
2024,1181,19:41,19,21603,5.1354,5.5,6.5,1.3756,3.6000000000058208,19.400000000041473,0.051354
2024,1182,19:42,19,21995,5.1187,5.5,6.5,1.3288,3.6000000000058208,19.3000000000211,0.051187
2024,1183,19:43,19,20991,5.1192,5.5,6.5,1.3435,3.599999999960346,19.200000000000728,0.051192
2024,1184,19:44,19,20926,5.1234,5.5,6.5,1.3653,3.6000000000058208,19.3000000000211,0.051234
2024,1185,19:45,19,22262,5.1096,5.5,6.5,1.3688,3.599999999960346,19.50000000001637,0.051096
2024,1186,19:46,19,21397,5.1703,5.5,6.5,1.3395,3.6000000000058208,19.399999999995998,0.051703
2024,1187,19:47,19,22301,5.1506,5.5,6.5,1.3578,3.599999999960346,19.200000000000728,0.051506
2024,1188,19:48,19,21654,5.1528,5.5,6.5,1.4064,3.6000000000058208,19.299999999975626,0.051528
2024,1189,19:49,19,21350,5.1353,5.5,6.5,1.3606,3.599999999960346,19.3000000000211,0.051353
2024,1190,19:50,19,24355,5.1433,5.5,6.5,1.3481,3.6000000000058208,19.400000000041473,0.051433
2024,1191,19:51,19,22971,5.1123,5.5,6.5,1.3679,3.599999999960346,19.3000000000211,0.051123
2024,1192,19:52,19,22178,5.1246,5.5,6.5,1.3651,3.599999999960346,19.3000000000211,0.051246
2024,1193,19:53,19,21425,5.1193,5.5,6.5,1.3459,3.6000000000058208,19.399999999995998,0.051193
2024,1194,19:54,19,21587,5.1392,5.5,6.5,1.3535,3.6000000000058208,19.3000000000211,0.051392
2024,1195,19:55,19,24651,5.0929,5.5,6.5,1.3426,3.6000000000058208,19.299999999975626,0.050929
2024,1196,19:56,19,21687,5.1609,5.5,6.5,1.3595,3.6000000000058208,19.3000000000211,0.051609
2024,1197,19:57,19,22182,5.1248,5.5,6.5,1.3607,3.6999999999807187,19.3000000000211,0.051248
2024,1198,19:58,19,22006,5.1315,5.5,6.5,1.3524,3.6000000000058208,19.3000000000211,0.051315
2024,1199,19:59,19,26806,5.1863,5.5,6.5,1.3501,3.6000000000058208,19.3000000000211,0.051863
2024,1200,20:00,20,27755,5.1738,5.5,6.5,1.3894,3.6000000000058208,19.299999999975626,0.051738
2024,1201,20:01,20,21688,5.1929,5.5,6.5,1.4468,3.6999999999807187,19.399999999995998,0.051929
2024,1202,20:02,20,20240,5.2025,5.5,6.5,1.4206,3.6000000000058208,19.50000000001637,0.052025
2024,1203,20:03,20,18271,5.1773,5.5,6.5,1.4884,3.6000000000058208,19.400000000041473,0.051773
2024,1204,20:04,20,17686,5.1041,5.5,6.5,1.4426,3.6000000000058208,19.399999999995998,0.051041
2024,1205,20:05,20,18216,5.1104,5.5,6.5,1.4287,3.599999999960346,19.399999999995998,0.051104
2024,1206,20:06,20,16974,5.1501,5.5,6.5,1.4854,3.599999999960346,19.399999999995998,0.051501
2024,1207,20:07,20,16820,5.1302,5.5,6.5,1.3978,3.6000000000058208,19.3000000000211,0.051302
2024,1208,20:08,20,16625,5.1156,5.5,6.5,1.4666,3.599999999960346,19.50000000001637,0.051156
2024,1209,20:09,20,15927,5.1319,5.5,6.5,1.4061,3.6000000000058208,19.3000000000211,0.051319
2024,1210,20:10,20,16301,5.105,5.5,6.5,1.4289,3.599999999960346,19.400000000041473,0.05105
2024,1211,20:11,20,16106,5.1181,5.5,6.5,1.4251,3.6000000000058208,19.399999999995998,0.051181
2024,1212,20:12,20,15467,5.1243,5.5,6.5,1.4105,3.6999999999807187,19.50000000001637,0.051243
2024,1213,20:13,20,15682,5.1323,5.5,6.5,1.3983,3.6000000000058208,19.50000000001637,0.051323
2024,1214,20:14,20,15956,5.1221,5.5,6.5,1.4269,3.6000000000058208,19.3000000000211,0.051221
2024,1215,20:15,20,17762,5.0774,5.5,6.5,1.4344,3.6999999999807187,19.399999999995998,0.050774
2024,1216,20:16,20,16297,5.1523,5.5,6.5,1.4308,3.6000000000058208,19.400000000041473,0.051523
2024,1217,20:17,20,15606,5.117,5.5,6.5,1.4494,3.6000000000058208,19.399999999995998,0.05117
2024,1218,20:18,20,15642,5.1341,5.5,6.5,1.4571,3.6000000000058208,19.400000000041473,0.051341
2024,1219,20:19,20,14735,5.1586,5.5,6.5,1.4403,3.599999999960346,19.3000000000211,0.051586
2024,1220,20:20,20,16261,5.142,5.5,6.5,1.418,3.6000000000058208,19.3000000000211,0.05142
2024,1221,20:21,20,15440,5.1272,5.5,6.5,1.4703,3.6000000000058208,19.399999999995998,0.051272
2024,1222,20:22,20,15133,5.143,5.5,6.5,1.48,3.6999999999807187,19.400000000041473,0.05143
2024,1223,20:23,20,14595,5.141,5.5,6.5,1.5053,3.6000000000058208,19.3000000000211,0.05141
2024,1224,20:24,20,14611,5.1454,5.5,6.5,1.4461,3.6000000000058208,19.299999999975626,0.051454
2024,1225,20:25,20,14749,5.1352,5.5,6.5,1.4644,3.6000000000058208,19.399999999995998,0.051352
2024,1226,20:26,20,14807,5.1092,5.5,6.5,1.4622,3.6000000000058208,19.399999999995998,0.051092
2024,1227,20:27,20,14453,5.1299,5.5,6.5,1.474,3.6999999999807187,19.3000000000211,0.051299
2024,1228,20:28,20,14288,5.1335,5.5,6.5,1.4336,3.6000000000058208,19.3000000000211,0.051335
2024,1229,20:29,20,14836,5.117,5.5,6.5,1.4196,3.6000000000058208,19.3000000000211,0.05117
2024,1230,20:30,20,16869,5.0681,5.5,6.5,1.4822,3.6000000000058208,19.399999999995998,0.050681
2024,1231,20:31,20,14846,5.131,5.5,6.5,1.5095,3.6999999999807187,19.399999999995998,0.05131
2024,1232,20:32,20,15420,5.1374,5.5,6.5,1.4534,3.599999999960346,19.299999999975626,0.051374
2024,1233,20:33,20,15326,5.1393,5.5,6.5,1.4558,3.6000000000058208,19.399999999995998,0.051393
2024,1234,20:34,20,14461,5.1253,5.5,6.5,1.4778,3.6999999999807187,19.3000000000211,0.051253
2024,1235,20:35,20,15247,5.1034,5.5,6.5,1.4186,3.6000000000058208,19.3000000000211,0.051034
2024,1236,20:36,20,15057,5.1038,5.5,6.5,1.4879,3.6000000000058208,19.399999999995998,0.051038
2024,1237,20:37,20,14405,5.0897,5.5,6.5,1.4796,3.6000000000058208,19.3000000000211,0.050897
2024,1238,20:38,20,14001,5.151,5.5,6.5,1.4422,3.6000000000058208,19.3000000000211,0.05151
2024,1239,20:39,20,14376,5.125,5.5,6.5,1.4602,3.6999999999807187,19.3000000000211,0.05125
2024,1240,20:40,20,14408,5.1517,5.5,6.5,1.4954,3.599999999960346,19.3000000000211,0.051517
2024,1241,20:41,20,14500,5.1439,5.5,6.5,1.4794,3.6000000000058208,19.200000000000728,0.051439
2024,1242,20:42,20,13968,5.0712,5.5,6.5,1.4719,3.6000000000058208,19.400000000041473,0.050712
2024,1243,20:43,20,13851,5.0941,5.5,6.5,1.4841,3.6000000000058208,19.3000000000211,0.050941
2024,1244,20:44,20,14655,5.1153,5.5,6.5,1.4795,3.6999999999807187,19.399999999995998,0.051153
2024,1245,20:45,20,16150,5.1044,5.5,6.5,1.4817,3.6000000000058208,19.399999999995998,0.051044
2024,1246,20:46,20,15413,5.13,5.5,6.5,1.4754,3.6000000000058208,19.3000000000211,0.0513
2024,1247,20:47,20,15198,5.1277,5.5,6.5,1.482,3.6000000000058208,19.399999999995998,0.051277
2024,1248,20:48,20,15199,5.112,5.5,6.5,1.5204,3.6000000000058208,19.399999999995998,0.05112
2024,1249,20:49,20,15678,5.3588,5.5,6.5,1.8801,3.6000000000058208,19.3000000000211,0.053588
2024,1250,20:50,20,18304,5.2307,5.5,6.5,1.641,3.6000000000058208,19.399999999995998,0.052307
2024,1251,20:51,20,16714,5.1573,5.5,6.5,1.5209,3.599999999960346,19.3000000000211,0.051573
2024,1252,20:52,20,17247,5.2446,6.5,6.5,1.5617,3.6000000000058208,19.400000000041473,0.052446
2024,1253,20:53,20,15032,5.199,5.5,6.5,1.6109,3.6000000000058208,19.3000000000211,0.05199
2024,1254,20:54,20,16529,5.1846,5.5,6.5,1.535,3.599999999960346,19.200000000000728,0.051846
2024,1255,20:55,20,17270,5.1178,5.5,6.5,1.5641,3.6000000000058208,19.3000000000211,0.051178
2024,1256,20:56,20,15283,5.2214,5.5,6.5,1.6075,3.6000000000058208,19.3000000000211,0.052214
2024,1257,20:57,20,13579,4.8631,4.5,6.5,1.5198,3.599999999960346,19.3000000000211,0.048631
2024,1258,20:58,20,7151,4.9046,3.5,6.5,1.7491,3.6999999999807187,19.3000000000211,0.049046
2024,1259,20:59,20,8998,4.9419,4.5,6.5,1.7259,3.599999999960346,19.3000000000211,0.049419
2024,1260,21:00,21,7693,5.0679,4.5,6.5,1.7974,0.0,19.400000000041473,0.050679
2024,1261,21:01,21,5202,5.1262,4.5,6.5,1.9093,0.0,19.3000000000211,0.051262
2024,1262,21:02,21,4998,5.1,4.5,6.5,1.851,3.6000000000058208,19.3000000000211,0.051
2024,1263,21:03,21,4251,5.1567,6.5,6.5,1.9042,3.6999999999807187,19.3000000000211,0.051567
2024,1264,21:04,21,4189,5.1055,4.5,6.5,1.8021,3.6999999999807187,19.3000000000211,0.051055
2024,1265,21:05,21,4191,5.1159,4.5,6.5,1.8917,3.6999999999807187,19.3000000000211,0.051159
2024,1266,21:06,21,4110,5.0654,4.5,6.5,1.8165,3.599999999960346,19.3000000000211,0.050654
2024,1267,21:07,21,3792,5.089,4.5,6.5,1.881,3.6999999999807187,19.399999999995998,0.05089
2024,1268,21:08,21,3744,5.1206,4.5,6.5,1.8538,3.6999999999807187,19.400000000041473,0.051206
2024,1269,21:09,21,3717,5.0341,4.5,6.5,1.7733,3.6999999999807187,19.400000000041473,0.050341
2024,1270,21:10,21,4001,5.0211,4.5,6.5,1.6965,3.6999999999807187,19.399999999995998,0.050211
2024,1271,21:11,21,3657,5.058,4.5,6.5,1.633,3.6999999999807187,19.3000000000211,0.05058
2024,1272,21:12,21,3479,5.113,4.5,6.5,1.8673,3.6999999999807187,19.3000000000211,0.05113
2024,1273,21:13,21,3566,5.1599,6.5,6.5,1.8728,3.6000000000058208,19.399999999995998,0.051599
2024,1274,21:14,21,3753,5.0932,6.5,6.5,1.7075,3.6999999999807187,19.399999999995998,0.050932
2024,1275,21:15,21,3650,5.1335,6.5,6.5,1.8672,3.6000000000058208,19.399999999995998,0.051335
2024,1276,21:16,21,3683,5.1094,4.5,6.5,1.9983,3.6999999999807187,19.399999999995998,0.051094
2024,1277,21:17,21,3871,5.0572,4.5,6.5,1.7883,3.6999999999807187,19.399999999995998,0.050572
2024,1278,21:18,21,3588,5.0642,4.5,6.5,1.7767,3.6999999999807187,19.400000000041473,0.050642
2024,1279,21:19,21,3587,5.0959,4.5,6.5,1.852,3.6000000000058208,19.399999999995998,0.050959
2024,1280,21:20,21,3848,4.9962,4.5,6.5,1.7894,3.6000000000058208,19.400000000041473,0.049962
2024,1281,21:21,21,3770,5.01,4.5,6.5,1.7675,3.6999999999807187,19.399999999995998,0.0501
2024,1282,21:22,21,3558,4.945,4.5,6.5,1.6928,3.6000000000058208,19.3000000000211,0.04945
2024,1283,21:23,21,3679,5.0124,4.5,6.5,1.8874,3.6999999999807187,19.399999999995998,0.050124
2024,1284,21:24,21,3394,5.0377,4.5,6.5,1.7786,3.6999999999807187,19.3000000000211,0.050377
2024,1285,21:25,21,3493,5.0339,4.5,6.5,1.9383,3.6999999999807187,19.3000000000211,0.050339
2024,1286,21:26,21,3599,5.0287,3.5,6.5,2.0409,3.6999999999807187,19.3000000000211,0.050287
2024,1287,21:27,21,3319,5.0549,4.5,6.5,1.8415,3.6999999999807187,19.3000000000211,0.050549
2024,1288,21:28,21,3351,5.0324,4.5,6.5,1.8704,3.6000000000058208,19.3000000000211,0.050324
2024,1289,21:29,21,3932,4.9584,3.5,6.5,1.8255,3.6000000000058208,19.399999999995998,0.049584
2024,1290,21:30,21,3979,4.9818,3.5,6.5,1.8485,3.6999999999807187,19.3000000000211,0.049818
2024,1291,21:31,21,3847,4.9131,3.5,6.5,1.757,3.6999999999807187,19.400000000041473,0.049131
2024,1292,21:32,21,3429,4.8984,3.5,6.5,1.6905,3.6999999999807187,19.3000000000211,0.048984
2024,1293,21:33,21,3458,4.8844,3.5,6.5,1.7219,3.599999999960346,19.3000000000211,0.048844
2024,1294,21:34,21,3475,4.8635,3.5,6.5,1.7476,3.6000000000058208,19.3000000000211,0.048635
2024,1295,21:35,21,3662,4.9135,3.5,6.5,1.7174,3.6000000000058208,19.3000000000211,0.049135
2024,1296,21:36,21,3525,4.9862,3.5,6.5,1.9395,3.6999999999807187,19.3000000000211,0.049862
2024,1297,21:37,21,3358,4.9892,3.5,6.5,1.9227,3.6999999999807187,19.399999999995998,0.049892
2024,1298,21:38,21,3484,5.0013,3.5,6.5,1.9507,3.6999999999807187,19.400000000041473,0.050013
2024,1299,21:39,21,3416,5.0258,4.5,6.5,1.8386,3.6000000000058208,19.50000000001637,0.050258
2024,1300,21:40,21,3503,5.051,4.5,6.5,1.9927,3.6999999999807187,19.50000000001637,0.05051
2024,1301,21:41,21,3647,5.0421,4.5,6.5,1.7296,3.6999999999807187,19.50000000001637,0.050421
2024,1302,21:42,21,3126,4.9662,4.5,6.5,1.6821,3.6999999999807187,19.50000000001637,0.049662
2024,1303,21:43,21,3327,5.0384,4.5,6.5,1.7682,3.6999999999807187,19.59999999999127,0.050384
2024,1304,21:44,21,3493,4.9356,4.5,6.5,1.5061,3.6000000000058208,19.50000000001637,0.049356
2024,1305,21:45,21,4336,4.9,3.5,6.5,1.8056,3.6000000000058208,19.50000000001637,0.049
2024,1306,21:46,21,3559,5.0233,4.5,6.5,1.8757,3.6999999999807187,19.50000000001637,0.050233
2024,1307,21:47,21,3512,4.9878,4.5,6.5,1.8002,3.6999999999807187,19.400000000041473,0.049878
2024,1308,21:48,21,3415,5.0072,4.5,6.5,1.8792,3.6000000000058208,19.400000000041473,0.050072
2024,1309,21:49,21,3961,4.9521,4.5,6.5,1.8905,3.599999999960346,19.400000000041473,0.049521
2024,1310,21:50,21,4161,5.0518,4.5,6.5,1.7618,3.6999999999807187,19.600000000036744,0.050518
2024,1311,21:51,21,3630,5.0748,4.5,6.5,1.8806,3.6999999999807187,19.59999999999127,0.050748
2024,1312,21:52,21,3386,5.0453,4.5,6.5,1.8989,3.6999999999807187,19.50000000001637,0.050453
2024,1313,21:53,21,3436,5.0951,4.5,6.5,1.9979,3.6999999999807187,19.50000000001637,0.050951
2024,1314,21:54,21,4118,5.0897,4.5,6.5,1.9403,3.6999999999807187,19.50000000001637,0.050897
2024,1315,21:55,21,4178,4.9906,4.5,6.5,1.8771,3.6999999999807187,19.800000000032014,0.049906
2024,1316,21:56,21,4076,5.0417,4.5,6.5,2.0837,3.6999999999807187,20.100000000002183,0.050417
2024,1317,21:57,21,3824,4.4385,3.5,6.5,2.0087,3.6999999999807187,19.99999999998181,0.044385
2024,1318,21:58,21,0,,,,,,,
2024,1319,21:59,21,0,,,,,,,
2024,1320,22:00,22,0,,,,,,,
2024,1321,22:01,22,6943,14.2595,7.5,41.5,13.8184,3.6999999999807187,68.30000000004475,0.142595
2024,1322,22:02,22,6348,13.3251,6.5,26.5,12.9863,3.6999999999807187,68.30000000004475,0.133251
2024,1323,22:03,22,6030,12.7862,6.5,26.5,12.1454,3.6999999999807187,68.30000000004475,0.127862
2024,1324,22:04,22,5619,11.9927,6.5,26.5,11.3539,3.6999999999807187,68.29999999999927,0.119927
2024,1325,22:05,22,9446,9.6132,6.5,26.5,9.5702,3.6999999999807187,41.30000000000109,0.096132
2024,1326,22:06,22,8662,9.408,6.5,26.5,9.107,3.6999999999807187,41.30000000000109,0.09408
2024,1327,22:07,22,7889,8.9406,5.5,26.5,8.6304,3.599999999960346,41.30000000000109,0.089406
2024,1328,22:08,22,7724,9.4131,5.5,26.5,9.0407,3.6000000000058208,41.30000000000109,0.094131
2024,1329,22:09,22,8295,9.5413,5.5,26.5,9.3513,3.6000000000058208,41.30000000000109,0.095413
2024,1330,22:10,22,9117,9.0367,5.5,26.5,8.7632,3.6999999999807187,41.30000000000109,0.090367
2024,1331,22:11,22,8425,9.4144,5.5,26.5,9.163,3.6999999999807187,41.30000000000109,0.094144
2024,1332,22:12,22,7916,9.7173,5.5,26.5,9.2943,3.6999999999807187,41.30000000000109,0.097173
2024,1333,22:13,22,7707,9.5567,5.5,26.5,9.2407,3.6000000000058208,41.30000000000109,0.095567
2024,1334,22:14,22,7787,9.6611,5.5,26.5,9.2916,3.6000000000058208,41.30000000000109,0.096611
2024,1335,22:15,22,8765,9.6491,5.5,26.5,9.2999,3.6999999999807187,41.30000000000109,0.096491
2024,1336,22:16,22,7540,10.2822,5.5,26.5,9.9837,3.6999999999807187,68.29999999999927,0.102822
2024,1337,22:17,22,7707,9.528,5.5,26.5,8.86,3.6999999999807187,41.30000000000109,0.09528
2024,1338,22:18,22,7969,9.6415,5.5,26.5,9.1221,3.6000000000058208,41.30000000000109,0.096415
2024,1339,22:19,22,7302,9.9774,5.5,26.5,9.2031,3.6999999999807187,41.30000000000109,0.099774
2024,1340,22:20,22,7941,9.9945,6.5,26.5,9.0212,3.6999999999807187,41.30000000000109,0.099945
2024,1341,22:21,22,7173,9.8024,5.5,26.5,9.053,3.6000000000058208,41.30000000000109,0.098024
2024,1342,22:22,22,6745,10.0552,5.5,26.5,9.4677,3.6999999999807187,41.30000000000109,0.100552
2024,1343,22:23,22,6551,9.6421,5.5,26.5,8.9652,3.6000000000058208,41.30000000000109,0.096421
2024,1344,22:24,22,7175,10.0236,5.5,26.5,9.1482,3.6000000000058208,41.30000000000109,0.100236
2024,1345,22:25,22,6994,10.4544,5.5,26.5,9.405,3.6000000000058208,41.30000000000109,0.104544
2024,1346,22:26,22,7227,10.5285,5.5,26.5,9.7921,3.6999999999807187,41.30000000000109,0.105285
2024,1347,22:27,22,6911,10.916,6.5,26.5,10.1674,3.6999999999807187,41.30000000000109,0.10916
2024,1348,22:28,22,6601,10.7782,5.5,26.5,10.1368,3.6999999999807187,41.30000000000109,0.107782
2024,1349,22:29,22,6741,11.0126,5.5,26.5,10.5013,3.6999999999807187,41.30000000000109,0.110126
2024,1350,22:30,22,8072,10.5083,5.5,26.5,10.235,3.599999999960346,56.300000000010186,0.105083
2024,1351,22:31,22,7218,10.6015,5.5,26.5,10.3532,3.6999999999807187,56.300000000010186,0.106015
2024,1352,22:32,22,6643,10.5647,5.5,26.5,10.2126,3.6000000000058208,56.300000000010186,0.105647
2024,1353,22:33,22,7134,10.3889,5.5,26.5,10.3553,3.6999999999807187,56.300000000010186,0.103889
2024,1354,22:34,22,7018,10.4083,5.5,26.5,10.749,3.6000000000058208,56.300000000010186,0.104083
2024,1355,22:35,22,6875,10.3986,5.5,26.5,10.4021,3.6999999999807187,56.300000000010186,0.103986
2024,1356,22:36,22,7533,10.2603,5.5,26.5,10.2292,3.6999999999807187,56.300000000010186,0.102603
2024,1357,22:37,22,7293,10.1345,5.5,26.5,10.1178,3.6000000000058208,56.300000000010186,0.101345
2024,1358,22:38,22,6592,10.5441,5.5,26.5,10.4967,3.6999999999807187,56.300000000010186,0.105441
2024,1359,22:39,22,6800,10.5324,5.5,26.5,10.573,3.6999999999807187,56.300000000010186,0.105324
2024,1360,22:40,22,6707,10.7364,5.5,26.5,10.5839,3.6000000000058208,56.300000000010186,0.107364
2024,1361,22:41,22,6334,10.5196,5.5,26.5,10.5158,3.6999999999807187,56.300000000010186,0.105196
2024,1362,22:42,22,6533,10.6749,5.5,26.5,10.5376,3.6999999999807187,56.300000000010186,0.106749
2024,1363,22:43,22,6273,10.6458,5.5,26.5,10.4805,3.6999999999807187,56.300000000010186,0.106458
2024,1364,22:44,22,6372,11.0136,6.5,26.5,10.6444,3.6999999999807187,56.300000000010186,0.110136
2024,1365,22:45,22,6902,10.4127,5.5,26.5,10.2693,3.6999999999807187,56.300000000010186,0.104127
2024,1366,22:46,22,6197,10.8196,5.5,26.5,10.4302,3.6999999999807187,56.300000000010186,0.108196
2024,1367,22:47,22,5987,10.543,5.5,26.5,10.3582,3.6999999999807187,56.300000000010186,0.10543
2024,1368,22:48,22,6200,10.9851,6.5,26.5,10.8195,3.6000000000058208,56.300000000010186,0.109851
2024,1369,22:49,22,6054,10.9357,5.5,26.5,10.8665,3.6999999999807187,56.300000000010186,0.109357
2024,1370,22:50,22,5935,10.8722,5.5,26.5,10.8798,3.6999999999807187,56.300000000010186,0.108722
2024,1371,22:51,22,5916,10.71,5.5,26.5,10.4796,3.6999999999807187,56.300000000010186,0.1071
2024,1372,22:52,22,5891,10.3004,5.5,26.5,10.2121,3.6999999999807187,56.300000000010186,0.103004
2024,1373,22:53,22,5878,10.178,5.5,26.5,9.7729,3.6999999999807187,56.300000000010186,0.10178
2024,1374,22:54,22,5789,10.6401,6.5,26.5,10.1633,3.6999999999807187,56.300000000010186,0.106401
2024,1375,22:55,22,6055,10.6951,5.5,26.5,10.3902,3.6000000000058208,56.300000000010186,0.106951
2024,1376,22:56,22,5867,10.5665,5.5,26.5,10.2035,3.6999999999807187,56.300000000010186,0.105665
2024,1377,22:57,22,5808,10.3148,5.5,26.5,9.9752,3.6999999999807187,56.300000000010186,0.103148
2024,1378,22:58,22,5785,10.5056,5.5,26.5,10.2753,3.6999999999807187,56.300000000010186,0.105056
2024,1379,22:59,22,6031,10.5411,6.5,26.5,10.2895,3.6999999999807187,56.300000000010186,0.105411
2024,1380,23:00,23,9297,6.157,6.5,6.5,3.99,3.6999999999807187,56.300000000010186,0.06157
2024,1381,23:01,23,11617,9.0085,6.5,26.5,11.0718,3.599999999960346,86.30000000002838,0.090085
2024,1382,23:02,23,11046,9.4414,5.5,26.5,11.5673,3.6999999999807187,86.30000000000564,0.094414
2024,1383,23:03,23,10001,8.9769,5.5,26.5,10.7761,3.6000000000058208,86.30000000000564,0.089769
2024,1384,23:04,23,9821,8.6116,5.5,26.5,9.8994,3.6000000000058208,86.30000000000564,0.086116
2024,1385,23:05,23,12652,8.1108,5.5,26.5,9.4272,3.6000000000058208,75.30000000001564,0.081108
2024,1386,23:06,23,12386,7.7327,5.5,26.5,8.7598,3.6000000000058208,70.89999999998327,0.077327
2024,1387,23:07,23,11369,7.8436,5.5,26.5,8.4752,3.6999999999807187,68.29999999999927,0.078436
2024,1388,23:08,23,11157,7.6357,5.5,26.5,7.8879,3.6999999999807187,68.30000000002201,0.076357
2024,1389,23:09,23,11758,7.3202,5.5,16.5,7.1836,3.6000000000058208,68.29999999999927,0.073202
2024,1390,23:10,23,11688,7.6752,5.5,26.5,7.6572,3.6000000000058208,58.1000000000131,0.076752
2024,1391,23:11,23,11192,7.8686,5.5,26.5,8.102,3.6000000000058208,56.100000000014916,0.078686
2024,1392,23:12,23,10961,8.0458,5.5,26.5,8.2828,3.6000000000058208,54.3999999999869,0.080458
2024,1393,23:13,23,10743,8.0044,5.5,26.5,7.9684,3.6999999999807187,53.20000000001528,0.080044
2024,1394,23:14,23,10874,7.9036,5.5,26.5,8.055,3.6000000000058208,52.899999999999636,0.079036
2024,1395,23:15,23,11198,8.3866,5.5,26.5,8.7744,3.599999999960346,53.20000000001528,0.083866
2024,1396,23:16,23,10892,7.8648,5.5,26.5,8.0228,3.6000000000058208,52.899999999999636,0.078648
2024,1397,23:17,23,10988,7.908,5.5,26.5,7.7689,3.6000000000058208,52.899999999999636,0.07908
2024,1398,23:18,23,10843,7.7713,5.5,26.5,7.7106,3.6000000000058208,52.899999999999636,0.077713
2024,1399,23:19,23,11106,7.8778,5.5,26.5,8.038,3.6999999999807187,53.00000000002001,0.078778
2024,1400,23:20,23,10785,7.9201,5.5,26.5,8.0524,3.6999999999807187,53.00000000002001,0.079201
2024,1401,23:21,23,10706,7.9542,5.5,26.5,8.0616,3.6000000000058208,52.80000000002474,0.079542
2024,1402,23:22,23,11104,8.4687,5.5,26.5,9.1584,3.6000000000058208,52.500000000009095,0.084687
2024,1403,23:23,23,10261,8.399,5.5,26.5,8.9336,3.6999999999807187,60.29999999998381,0.08399
2024,1404,23:24,23,10656,8.3827,5.5,26.5,8.8924,3.599999999960346,68.20000000000164,0.083827
2024,1405,23:25,23,11275,8.4322,5.5,26.5,9.0959,3.6000000000058208,67.69999999999072,0.084322
2024,1406,23:26,23,10532,8.4915,5.5,26.5,8.9003,3.6000000000058208,55.100000000015825,0.084915
2024,1407,23:27,23,10659,8.1839,5.5,26.5,8.2363,3.6000000000058208,52.500000000009095,0.081839
2024,1408,23:28,23,10187,7.961,5.5,26.5,7.7412,3.6999999999807187,52.60000000002947,0.07961
2024,1409,23:29,23,10475,8.1132,5.5,26.5,7.8804,3.6000000000058208,52.500000000009095,0.081132
2024,1410,23:30,23,12092,7.6987,5.5,26.5,7.5065,3.6000000000058208,52.4000000000342,0.076987
2024,1411,23:31,23,11441,7.7288,5.5,26.5,7.6533,3.6000000000058208,52.39999999998872,0.077288
2024,1412,23:32,23,11632,7.5667,5.5,26.5,7.4426,3.6000000000058208,52.4000000000342,0.075667
2024,1413,23:33,23,11766,7.5079,5.5,26.5,7.4587,3.6000000000058208,52.39999999998872,0.075079
2024,1414,23:34,23,12282,7.2144,5.5,26.5,7.1167,3.6000000000058208,52.200000000038926,0.072144
2024,1415,23:35,23,12145,7.3314,5.5,26.5,7.2122,3.599999999960346,53.09999999999491,0.073314
2024,1416,23:36,23,12173,7.3659,5.5,26.5,7.2805,3.6000000000058208,53.09999999999491,0.073659
2024,1417,23:37,23,12800,7.4679,5.5,26.5,7.3067,3.599999999960346,53.09999999999491,0.074679
2024,1418,23:38,23,11449,7.4939,5.5,26.5,7.2517,3.6999999999807187,53.29999999999018,0.074939
2024,1419,23:39,23,11554,7.3798,5.5,26.5,7.0841,3.6000000000058208,52.60000000002947,0.073798
2024,1420,23:40,23,12626,7.5801,5.5,20.5,7.1763,3.6999999999807187,52.700000000004366,0.075801
2024,1421,23:41,23,12051,7.4287,5.5,26.5,7.0943,3.6000000000058208,52.39999999998872,0.074287
2024,1422,23:42,23,12449,7.1193,5.5,20.5,6.9038,3.6000000000058208,52.39999999998872,0.071193
2024,1423,23:43,23,12605,7.4793,5.5,20.5,7.0789,3.6000000000058208,52.100000000018554,0.074793
2024,1424,23:44,23,12252,7.4112,5.5,26.5,6.9921,3.6999999999807187,52.100000000018554,0.074112
2024,1425,23:45,23,16232,7.1943,5.5,20.5,6.8478,3.6000000000058208,52.100000000018554,0.071943
2024,1426,23:46,23,14706,7.7218,5.5,26.5,7.7612,3.6000000000058208,52.300000000013824,0.077218
2024,1427,23:47,23,13727,7.4016,5.5,26.5,6.9833,3.599999999960346,52.100000000018554,0.074016
2024,1428,23:48,23,13060,7.3165,5.5,26.5,7.0646,3.6000000000058208,52.19999999999345,0.073165
2024,1429,23:49,23,13370,7.3232,5.5,26.5,6.9483,3.6000000000058208,52.4000000000342,0.073232
2024,1430,23:50,23,13810,7.2538,5.5,11.5,6.9409,3.6000000000058208,52.700000000004366,0.072538
2024,1431,23:51,23,13457,7.2999,5.5,26.5,6.9173,3.6000000000058208,52.80000000002474,0.072999
2024,1432,23:52,23,12859,7.298,5.5,26.5,7.0208,3.599999999960346,52.700000000004366,0.07298
2024,1433,23:53,23,13265,7.4971,5.5,26.5,7.2084,3.6000000000058208,52.39999999998872,0.074971
2024,1434,23:54,23,13322,7.1855,5.5,20.5,6.9047,3.6000000000058208,51.99999999999818,0.071855
2024,1435,23:55,23,13436,7.3015,5.5,26.5,7.0834,3.6000000000058208,52.09999999997308,0.073015
2024,1436,23:56,23,12626,7.2161,5.5,20.5,6.8775,3.6999999999807187,51.99999999999818,0.072161
2024,1437,23:57,23,13366,7.2565,5.5,20.5,6.9131,3.6000000000058208,52.200000000038926,0.072565
2024,1438,23:58,23,13161,7.482,5.5,20.5,7.085,3.6000000000058208,52.100000000018554,0.07482
2024,1439,23:59,23,10388,5.8145,3.5,6.5,5.0776,3.6000000000058208,26.30000000003747,0.058145
