session_date,side,entry_dt,exit_dt,bars_held,entry_price,exit_price,stop_price,target_at_entry,vwap_at_signal,dev_pct,exit_reason,lots,commission,pnl,r_multiple,equity
2024-01-02,1,2024-01-02 15:40:00,2024-01-02 23:59:55,88,2057.6,2059.645,2042.1680000000001,2070.407160460993,2070.407160460993,-0.6184851320810744,session_end,0.1,0.7000000000000001,19.75000000000073,0.13251684810783443,10019.75
2024-01-03,1,2024-01-03 11:40:00,2024-01-03 14:17:10,32,2050.979,2035.5966575,2035.5966575,2061.461667857143,2061.461667857143,-0.5116839193089338,sl,0.1,0.7000000000000001,-154.5234249999982,-1.0,9865.226575000002
2024-01-03,1,2024-01-03 14:25:00,2024-01-03 23:59:55,103,2036.066,2042.835,2020.795505,2058.120132947977,2058.120132947977,-1.073364600750213,session_end,0.1,0.7000000000000001,66.99000000000005,0.4432731224495351,9932.216575000002
2024-01-05,1,2024-01-05 13:35:00,2024-01-05 14:01:05,6,2029.337,2042.7838035714276,2014.1169725000002,2043.051928425357,2043.051928425357,-0.6711248125702165,tp,0.1,0.7000000000000001,133.7680357142761,0.8834940391157504,10065.984610714278
2024-01-05,-1,2024-01-05 15:05:00,2024-01-05 16:58:55,23,2057.496,2044.3516059113292,2072.92722,2042.9595681399626,2042.9595681399626,0.7116847580725649,tp,0.1,0.7000000000000001,130.7439408867088,0.8518052421435849,10196.728551600987
2024-01-08,1,2024-01-08 05:40:00,2024-01-08 15:31:25,119,2029.503,2031.7868808243738,2014.2817275,2040.8579093137253,2040.8579093137253,-0.5578001908791945,tp,0.1,0.7000000000000001,22.138808243739096,0.15004532796938747,10218.867359844726
2024-01-11,1,2024-01-11 16:25:00,2024-01-11 21:11:10,58,2019.282,2028.80144160105,2004.137385,2031.3354297800342,2031.3354297800342,-0.5929316056550322,tp,0.1,0.7000000000000001,94.49441601050175,0.6285694024608892,10313.361775855228
2024-01-12,-1,2024-01-12 11:40:00,2024-01-12 14:37:00,36,2046.616,2061.96562,2061.96562,2036.3161273809517,2036.3161273809517,0.5055144670630346,sl,0.1,0.7000000000000001,-154.19619999999958,-1.0,10159.16557585523
2024-01-12,-1,2024-01-12 14:45:00,2024-01-12 17:46:20,37,2060.704,2041.585302034429,2076.1592800000003,2039.4445056497168,2039.4445056497168,1.046019849580912,tp,0.1,0.7000000000000001,190.48697965571074,1.2370334258305842,10349.65255551094
2024-01-16,1,2024-01-16 12:15:00,2024-01-16 23:59:55,129,2036.424,2027.998,2021.15082,2047.3018866213151,2047.3018866213151,-0.5320117512952758,session_end,0.1,0.7000000000000001,-84.95999999999931,-0.5516860274022817,10264.692555510941
2024-01-17,1,2024-01-17 15:00:00,2024-01-17 23:59:55,96,2012.294,2009.416,1997.2017950000002,2024.3315175925934,2024.3315175925934,-0.5931349429797262,session_end,0.1,0.7000000000000001,-29.480000000001564,-0.19069446777327576,10235.212555510938
2024-01-18,-1,2024-01-18 21:35:00,2024-01-18 23:59:55,17,2023.202,2023.854,2038.376015,2012.866647361646,2012.866647361646,0.5149050808675746,session_end,0.1,0.7000000000000001,-7.220000000000437,-0.04296819266357924,10227.992555510938
2024-01-19,-1,2024-01-19 13:20:00,2024-01-19 14:46:35,18,2037.407,2026.9241854990591,2052.6875525,2026.1640989583334,2026.1640989583334,0.5584395186689826,tp,0.1,0.7000000000000001,104.12814500940776,0.6860232639455085,10332.120700520347
2024-01-24,1,2024-01-24 15:35:00,2024-01-24 23:58:55,89,2018.406,2016.27,2003.267955,2028.6138502673803,2028.6138502673803,-0.5072108852073612,session_end,0.1,0.7000000000000001,-22.059999999999672,-0.14110144341623893,10310.060700520346
2024-01-30,-1,2024-01-30 14:20:00,2024-01-30 15:15:00,12,2045.338,2035.0916129326042,2060.678035,2034.4591889534881,2034.4591889534881,0.5388071240765755,tp,0.1,0.7000000000000001,101.76387067395744,0.6679506968136502,10411.824571194304
2024-01-31,-1,2024-01-31 14:40:00,2024-01-31 19:00:10,53,2047.858,2039.9310482456146,2063.216935,2036.8452017045463,2036.8452017045463,0.5444595537340335,tp,0.1,0.7000000000000001,78.569517543853,0.5161133733807268,10490.394088738158
2024-02-01,1,2024-02-01 11:00:00,2024-02-01 13:40:30,33,2031.974,2040.9780182926834,2016.734195,2042.921929292929,2042.921929292929,-0.5359445770264242,tp,0.1,0.7000000000000001,89.3401829268344,0.590822408336818,10579.734271664991
2024-02-01,-1,2024-02-01 16:05:00,2024-02-01 23:59:55,83,2055.046,2055.058,2070.458845,2041.9042435233166,2041.9042435233166,0.6456353924773526,session_end,0.1,0.7000000000000001,-0.8200000000017099,-0.0007785713799217964,10578.91427166499
2024-02-02,1,2024-02-02 13:35:00,2024-02-02 21:57:55,101,2041.53,2039.675,2026.218525,2054.885921267894,2054.885921267894,-0.649545608821843,session_end,0.1,0.7000000000000001,-19.25000000000018,-0.1211509668402307,10559.66427166499
2024-02-05,1,2024-02-05 09:35:00,2024-02-05 18:33:00,108,2021.154,2026.88235135135,2005.995345,2031.3040724637679,2031.3040724637679,-0.5027347998855501,tp,0.1,0.7000000000000001,56.58351351350056,0.37789311461670405,10616.24778517849
2024-02-06,-1,2024-02-06 15:45:00,2024-02-06 23:58:50,87,2037.27,2035.501,2052.549525,2026.8560176366836,2026.8560176366836,0.517524790712416,session_end,0.1,0.7000000000000001,16.990000000000055,0.11577585036184139,10633.23778517849
2024-02-08,1,2024-02-08 13:50:00,2024-02-08 14:33:50,9,2022.002,2032.498665708812,2006.8369850000001,2032.9451506024095,2032.9451506024095,-0.5359539877001007,tp,0.1,0.7000000000000001,104.26665708812088,0.6921632262686334,10737.50444226661
2024-02-09,1,2024-02-09 16:05:00,2024-02-09 21:56:55,71,2021.412,2024.252,2006.25141,2031.7076157167535,2031.7076157167535,-0.5064515994897894,session_end,0.1,0.7000000000000001,27.699999999999182,0.18732780188633333,10765.20444226661
2024-02-13,1,2024-02-13 13:45:00,2024-02-13 14:32:10,10,2011.67,1996.5824750000002,1996.5824750000002,2022.97596060606,2022.97596060606,-0.5585316299396261,sl,0.1,0.7000000000000001,-151.57524999999913,-1.0,10613.62919226661
2024-02-13,1,2024-02-13 14:40:00,2024-02-13 23:58:55,100,1997.652,1991.361,1982.6696100000001,2021.722390151515,2021.722390151515,-1.1905141016769962,session_end,0.1,0.7000000000000001,-63.6099999999994,-0.4198929543283804,10550.01919226661
2024-02-15,-1,2024-02-15 14:35:00,2024-02-15 23:58:55,101,2007.573,2003.589,2022.6297975000002,1994.901310476189,1994.901310476189,0.6345271045407848,session_end,0.1,0.7000000000000001,39.14000000000151,0.2645980992970196,10589.159192266612
2024-02-23,-1,2024-02-23 16:35:00,2024-02-23 21:56:55,65,2036.873,2035.655,2052.1495475,2024.2421289782228,2024.2421289782228,0.6232639288139709,session_end,0.1,0.7000000000000001,11.480000000000746,0.0797300568076698,10600.639192266613
2024-02-29,-1,2024-02-29 13:50:00,2024-02-29 23:58:55,110,2046.393,2044.413,2061.7409475,2034.8551596385562,2034.8551596385562,0.5688778538665143,session_end,0.1,0.7000000000000001,19.100000000000183,0.12900747803574575,10619.739192266614
2024-03-01,-1,2024-03-01 11:40:00,2024-03-01 14:45:00,38,2056.729,2047.6885922787185,2072.1544675,2046.1400952380945,2046.1400952380945,0.5212206528147962,tp,0.1,0.7000000000000001,89.70407721281326,0.5860702582454121,10709.443269479427
2024-03-01,-1,2024-03-01 15:20:00,2024-03-01 16:11:50,11,2058.494,2073.932705,2073.932705,2047.8129139492746,2047.8129139492746,0.5249056677738845,sl,0.1,0.7000000000000001,-155.08705000000026,-1.0,10554.356219479427
2024-03-01,-1,2024-03-01 16:20:00,2024-03-01 21:56:55,68,2074.227,2083.446,2089.7837025,2049.0396556122446,2049.0396556122446,1.2308128990417193,session_end,0.1,0.7000000000000001,-92.89000000000051,-0.5926063058672,10461.466219479425
2024-03-04,-1,2024-03-04 14:20:00,2024-03-04 16:12:05,23,2095.368,2111.08326,2111.08326,2083.220751937984,2083.220751937984,0.5861475818468441,sl,0.1,0.7000000000000001,-157.85259999999943,-1.0,10303.613619479427
2024-03-04,-1,2024-03-04 16:20:00,2024-03-04 23:58:55,80,2115.017,2114.911,2130.8796275,2085.537917517007,2085.537917517007,1.4145550764244148,session_end,0.1,0.7000000000000001,0.3599999999976716,0.006682373396195946,10303.973619479424
2024-03-05,-1,2024-03-05 13:25:00,2024-03-05 23:58:50,115,2130.12,2128.594,2146.0959,2118.3156387163563,2118.3156387163563,0.5561428650351058,session_end,0.1,0.7000000000000001,14.5599999999984,0.09551887530592007,10318.533619479422
2024-03-06,-1,2024-03-06 14:00:00,2024-03-06 23:58:55,108,2139.485,2147.773,2155.5311375,2127.8030902777764,2127.8030902777764,0.5488247373820136,session_end,0.1,0.7000000000000001,-83.58000000000011,-0.516510593281406,10234.953619479422
2024-03-08,-1,2024-03-08 13:35:00,2024-03-08 17:19:10,45,2178.247,2194.5838525,2194.5838525,2162.136689161553,2162.136689161553,0.7502213398329252,sl,0.1,0.7000000000000001,-164.06852500000076,-1.0,10070.885094479421
2024-03-08,-1,2024-03-08 17:25:00,2024-03-08 21:56:55,55,2192.386,2178.633,2208.828895,2164.9979417862824,2164.9979417862824,1.2659161325162533,session_end,0.1,0.7000000000000001,136.83000000000158,0.8364098901075536,10207.715094479423
2024-03-12,1,2024-03-12 13:05:00,2024-03-12 23:58:55,119,2163.337,2156.984,2147.1119725000003,2177.4555265392783,2177.4555265392783,-0.6523681593559248,session_end,0.1,0.7000000000000001,-64.23000000000066,-0.3915555767162919,10143.485094479423
2024-03-13,-1,2024-03-13 15:25:00,2024-03-13 23:58:55,91,2172.819,2175.493,2189.1151425000003,2161.088494594595,2161.088494594595,0.5461370709679877,session_end,0.1,0.7000000000000001,-27.43999999999978,-0.16408791221603067,10116.045094479423
2024-03-14,1,2024-03-14 15:20:00,2024-03-14 23:58:55,92,2157.427,2161.689,2141.2462975000003,2169.546743659421,2169.546743659421,-0.5625941775669347,session_end,0.1,0.7000000000000001,41.91999999999716,0.2634001830266493,10157.96509447942
2024-03-20,-1,2024-03-20 18:05:00,2024-03-20 19:25:20,17,2170.461,2186.7394575,2186.7394575,2156.898173579109,2156.898173579109,0.6283711761135697,sl,0.1,0.7000000000000001,-163.48457500000058,-1.0,9994.480519479419
2024-03-20,-1,2024-03-20 19:35:00,2024-03-20 22:16:10,21,2186.01,2202.4050750000006,2202.4050750000006,2158.3759602836876,2158.3759602836876,1.2805943090970848,sl,0.1,0.7000000000000001,-164.6507500000036,-1.0,9829.829769479416
2024-03-20,-1,2024-03-20 22:30:00,2024-03-20 23:58:55,18,2207.758,2203.707,2224.316185,2160.8540609597935,2160.8540609597935,2.180199944612697,session_end,0.1,0.7000000000000001,39.809999999999306,0.24465241812432054,9869.639769479414
2024-03-21,1,2024-03-21 14:00:00,2024-03-21 15:00:40,13,2191.908,2175.46869,2175.46869,2204.452913690477,2204.452913690477,-0.566848745685286,sl,0.1,0.7000000000000001,-165.0930999999975,-1.0,9704.546669479418
2024-03-21,1,2024-03-21 15:10:00,2024-03-21 23:58:55,94,2171.989,2181.559,2155.6990825000003,2202.570300366301,2202.570300366301,-1.3917058793176036,session_end,0.1,0.7000000000000001,95.00000000000163,0.5874799550089984,9799.54666947942
2024-03-22,1,2024-03-22 07:25:00,2024-03-22 12:18:30,59,2164.488,2172.6604195011337,2148.25434,2176.1747003745327,2176.1747003745327,-0.540981400643362,tp,0.1,0.7000000000000001,81.02419501133845,0.5034243356787015,9880.570864490757
2024-03-22,1,2024-03-22 17:25:00,2024-03-22 20:56:55,43,2159.949,2165.407,2143.7493825,2172.1137934609246,2172.1137934609246,-0.5626451752995856,session_end,0.1,0.7000000000000001,53.880000000000834,0.33692153533872676,9934.450864490758
2024-03-26,-1,2024-03-26 09:15:00,2024-03-26 10:56:00,21,2183.791,2200.1694325000003,2200.1694325000003,2172.457478978979,2172.457478978979,0.5254888130830759,sl,0.1,0.7000000000000001,-164.48432500000143,-1.0,9769.966539490757
2024-03-26,-1,2024-03-26 11:05:00,2024-03-26 13:41:45,32,2198.575,2178.9650640243913,2215.0643125,2175.6088107769433,2175.6088107769433,1.0587008615225741,tp,0.1,0.7000000000000001,195.39935975608552,1.1892512787060203,9965.365899246843
2024-03-27,-1,2024-03-27 10:05:00,2024-03-27 23:58:55,155,2190.275,2191.1,2206.7020625,2178.7810000000004,2178.7810000000004,0.5319029310426099,session_end,0.1,0.7000000000000001,-8.94999999999818,-0.05022200408623405,9956.415899246844
2024-03-28,-1,2024-03-28 10:25:00,2024-03-28 16:38:10,75,2206.259,2222.8059425,2222.8059425,2194.317833333333,2194.317833333333,0.5484696192977975,sl,0.1,0.7000000000000001,-166.16942500000113,-1.0,9790.246474246844
2024-03-28,-1,2024-03-28 16:45:00,2024-03-28 20:56:55,51,2223.245,2232.793,2239.9193375,2200.938291044776,2200.938291044776,1.0130092718156158,session_end,0.1,0.7000000000000001,-96.1800000000023,-0.5726164532773896,9694.066474246842
2024-04-01,1,2024-04-01 12:10:00,2024-04-01 13:09:00,12,2244.923,2255.9403662420386,2228.0860775,2256.4386872146124,2256.4386872146124,-0.5135387582330603,tp,0.1,0.7000000000000001,109.4736624203886,0.6543574838002061,9803.54013666723
2024-04-01,1,2024-04-01 13:50:00,2024-04-01 20:02:45,75,2242.27,2244.501,2225.452975,2255.786148594378,2255.786148594378,-0.603233094717658,session_end,0.1,0.7000000000000001,21.61000000000222,0.1326631791294979,9825.150136667231
2024-04-02,-1,2024-04-02 14:05:00,2024-04-02 15:04:15,12,2273.099,2256.668287962964,2290.1472425,2255.8561538461554,2255.8561538461554,0.7674179988971654,tp,0.1,0.7000000000000001,163.60712037036302,0.9637774707296829,9988.757257037594
2024-04-02,-1,2024-04-02 18:10:00,2024-04-02 20:01:35,23,2270.852,2276.567,2287.88339,2257.2304074923554,2257.2304074923554,0.6069868836680165,session_end,0.1,0.7000000000000001,-57.85000000000146,-0.33555687468844947,9930.907257037594
2024-04-03,1,2024-04-03 08:05:00,2024-04-03 13:07:55,61,2270.349,2278.2651433121005,2253.3213825000003,2282.1974003436417,2282.1974003436417,-0.5186624234108566,tp,0.1,0.7000000000000001,78.46143312100303,0.4649002311744639,10009.368690158597
2024-04-03,-1,2024-04-03 16:25:00,2024-04-03 23:01:20,68,2290.464,2300.809,2307.64248,2278.748923011843,2278.748923011843,0.5135965998697242,session_end,0.1,0.7000000000000001,-104.15000000000255,-0.6022069472968641,9905.218690158594
2024-04-04,1,2024-04-04 12:20:00,2024-04-04 14:27:50,26,2284.936,2295.3192784200387,2267.7989800000005,2296.5139887387386,2296.5139887387386,-0.5069200011767502,tp,0.1,0.7000000000000001,103.1327842003855,0.6058975492844586,10008.351474358979
2024-04-04,1,2024-04-04 19:50:00,2024-04-04 23:58:55,38,2280.894,2288.959,2263.787295,2294.837212184874,2294.837212184874,-0.6111201313282479,session_end,0.1,0.7000000000000001,79.95000000000054,0.47145256786740636,10088.30147435898
2024-04-05,1,2024-04-05 01:25:00,2024-04-05 03:12:30,22,2271.1,2277.705451754386,2254.06675,2283.687950980392,2283.687950980392,-0.5547365162107027,tp,0.1,0.7000000000000001,65.35451754386195,0.3877974992667995,10153.655991902842
2024-04-05,-1,2024-04-05 08:15:00,2024-04-05 12:30:30,52,2290.833,2283.570817777778,2308.0142475000002,2279.5137659932657,2279.5137659932657,0.5004020671822604,tp,0.1,0.7000000000000001,71.92182222222236,0.422680729220749,10225.577814125065
2024-04-05,-1,2024-04-05 13:20:00,2024-04-05 14:33:00,15,2298.392,2315.62994,2315.62994,2283.9093927083336,2283.9093927083336,0.6376394500657862,sl,0.1,0.7000000000000001,-173.0793999999998,-1.0,10052.498414125064
2024-04-05,-1,2024-04-05 14:40:00,2024-04-05 20:00:55,65,2318.993,2323.647,2336.3854475000003,2285.5195729166667,2285.5195729166667,1.46449969100981,session_end,0.1,0.7000000000000001,-47.23999999999997,-0.2675874111449757,10005.258414125065
2024-04-08,-1,2024-04-08 02:00:00,2024-04-08 02:36:55,8,2324.264,2341.6959800000004,2341.6959800000004,2310.720534722222,2310.720534722222,0.589749607233057,sl,0.1,0.7000000000000001,-175.01980000000293,-1.0,9830.23861412506
2024-04-08,-1,2024-04-08 02:45:00,2024-04-08 12:02:05,112,2344.616,2333.9462037037047,2362.20062,2316.452409090909,2316.452409090909,1.2172316080586627,tp,0.1,0.7000000000000001,105.99796296295317,0.6067686589926461,9936.236577088015
2024-04-08,1,2024-04-08 14:05:00,2024-04-08 17:30:00,42,2319.733,2332.315061904763,2302.3350025000004,2333.387282051283,2333.387282051283,-0.5868842329184225,tp,0.1,0.7000000000000001,125.12061904762668,0.7231902352418921,10061.357196135641
2024-04-09,-1,2024-04-09 08:35:00,2024-04-09 12:25:05,47,2357.729,2349.182675615213,2375.4119675,2345.353129449838,2345.353129449838,0.5305542433638064,tp,0.1,0.7000000000000001,84.76324384786658,0.48330826739270344,10146.120439983508
2024-04-09,-1,2024-04-09 14:15:00,2024-04-09 14:40:40,6,2361.478,2349.9983162878793,2379.1890850000004,2349.6851783625734,2349.6851783625734,0.501953272124975,tp,0.1,0.7000000000000001,114.09683712120732,0.6481637749533975,10260.217277104715
2024-04-10,1,2024-04-10 12:35:00,2024-04-10 14:20:40,22,2329.807,2349.8364011627914,2312.3334474999997,2352.078375275939,2352.078375275939,-0.9461366385517657,tp,0.1,0.7000000000000001,199.59401162791602,1.146269550098155,10459.811288732632
2024-04-10,1,2024-04-10 15:10:00,2024-04-10 20:56:55,70,2337.73,2332.801,2320.197025,2349.684156593407,2349.684156593407,-0.5077131988114783,session_end,0.1,0.7000000000000001,-49.990000000000876,-0.28112741847861333,10409.82128873263
2024-04-11,-1,2024-04-11 17:10:00,2024-04-11 19:44:00,31,2352.454,2370.0974050000004,2370.0974050000004,2339.297018608414,2339.297018608414,0.5622407623727179,sl,0.1,0.7000000000000001,-177.13405000000256,-1.0,10232.687238732628
2024-04-11,-1,2024-04-11 19:50:00,2024-04-11 23:58:55,38,2370.034,2377.132,2387.809255,2342.1699635854343,2342.1699635854343,1.1921865982697726,session_end,0.1,0.7000000000000001,-71.67999999999957,-0.39931916588538113,10161.007238732629
2024-04-12,-1,2024-04-12 08:00:00,2024-04-12 14:18:10,76,2400.023,2418.0231725000003,2418.0231725000003,2387.3305468749995,2387.3305468749995,0.5312608738493461,sl,0.1,0.7000000000000001,-180.7017250000019,-1.0,9980.305513732626
2024-04-12,-1,2024-04-12 14:25:00,2024-04-12 15:30:45,14,2414.896,2393.5810931899655,2433.0077200000005,2391.91960115607,2391.91960115607,0.9631552345152167,tp,0.1,0.7000000000000001,212.449068100347,1.1768571295290733,10192.754581832973
2024-04-12,1,2024-04-12 16:20:00,2024-04-12 16:46:30,6,2380.913,2363.0561525000003,2363.0561525000003,2393.4515102040823,2393.4515102040823,-0.5270008667527608,sl,0.1,0.7000000000000001,-179.2684749999973,-1.0,10013.486106832976
2024-04-12,1,2024-04-12 16:55:00,2024-04-12 17:36:50,9,2369.642,2351.869685,2351.869685,2392.691585385879,2392.691585385879,-0.9624552335342106,sl,0.1,0.7000000000000001,-178.42314999999707,-1.0,9835.062956832979
2024-04-12,1,2024-04-12 17:45:00,2024-04-12 20:56:55,39,2348.316,2344.451,2330.70363,2391.1457887323945,2391.1457887323945,-1.7942774102092156,session_end,0.1,0.7000000000000001,-39.34999999999782,-0.2194480356703737,9795.712956832982
2024-04-15,1,2024-04-15 14:05:00,2024-04-15 16:41:20,32,2340.562,2353.8646549999994,2323.0077850000002,2355.4147919132147,2355.4147919132147,-0.633679977066417,tp,0.1,0.7000000000000001,132.32654999999505,0.757804037377904,9928.039506832976
2024-04-15,-1,2024-04-15 17:30:00,2024-04-15 19:24:00,23,2366.926,2384.677945,2384.677945,2354.043192857143,2354.043192857143,0.5511499186686492,sl,0.1,0.7000000000000001,-178.21944999999977,-1.0,9749.820056832976
2024-04-15,-1,2024-04-15 19:30:00,2024-04-15 23:58:55,42,2384.387,2381.969,2402.2699025,2355.8127749287746,2355.8127749287746,1.2122238819291906,session_end,0.1,0.7000000000000001,23.4800000000012,0.13521294991124175,9773.300056832977
2024-04-16,1,2024-04-16 06:45:00,2024-04-16 13:25:45,81,2370.27,2378.178610766046,2352.492975,2384.6195370370365,2384.6195370370365,-0.6043956619991725,tp,0.1,0.7000000000000001,78.38610766045967,0.4448781934010908,9851.686164493438
2024-04-16,-1,2024-04-16 15:10:00,2024-04-16 20:54:30,69,2391.055,2380.841095999999,2408.9879124999998,2377.7021804029305,2377.7021804029305,0.5606597708889829,tp,0.1,0.7000000000000001,101.43904000000639,0.5695619158349587,9953.125204493444
2024-04-17,1,2024-04-17 16:40:00,2024-04-17 23:02:50,65,2370.212,2364.977,2352.43541,2384.7403608333348,2384.7403608333348,-0.6080268137982108,session_end,0.1,0.7000000000000001,-53.050000000001276,-0.29448842550793736,9900.075204493443
2024-04-18,-1,2024-04-18 13:25:00,2024-04-18 13:44:15,4,2389.337,2377.042357723577,2407.2570275000003,2376.8549389233954,2376.8549389233954,0.5282005591090476,tp,0.1,0.7000000000000001,122.24642276423019,0.6860838955979739,10022.321627257672
2024-04-19,-1,2024-04-19 01:30:00,2024-04-19 01:43:20,3,2395.821,2413.7896575,2413.7896575,2380.764185185185,2380.764185185185,0.6320791831654903,sl,0.1,0.7000000000000001,-180.38657500000062,-1.0,9841.935052257671
2024-04-19,-1,2024-04-19 01:50:00,2024-04-19 03:09:00,16,2413.616,2394.3824774774776,2431.71812,2385.9404545454545,2385.9404545454545,1.1589998150148153,tp,0.1,0.7000000000000001,191.63522522522436,1.0625011060871556,10033.570277482897
2024-04-19,1,2024-04-19 11:15:00,2024-04-19 13:37:20,29,2374.231,2385.8333885480556,2356.4242675000005,2387.1965740740743,2387.1965740740743,-0.5423756976987328,tp,0.1,0.7000000000000001,115.32388548055387,0.6515731366243395,10148.89416296345
2024-04-19,-1,2024-04-19 17:00:00,2024-04-19 19:47:55,34,2399.659,2388.0184345991556,2417.6564425,2386.764908496731,2386.764908496731,0.5427049583792929,tp,0.1,0.7000000000000001,115.7056540084448,0.6467899759004346,10264.599816971895
2024-04-22,1,2024-04-22 03:20:00,2024-04-22 11:18:00,96,2364.809,2347.0729325,2347.0729325,2378.586858333333,2378.586858333333,-0.5786149152012311,sl,0.1,0.7000000000000001,-178.0606749999999,-1.0,10086.539141971894
2024-04-22,1,2024-04-22 11:25:00,2024-04-22 18:05:20,81,2344.989,2327.4015825,2327.4015825,2367.1616666666664,2367.1616666666664,-0.9382615044599665,sl,0.1,0.7000000000000001,-176.574174999999,-1.0,9909.964966971897
2024-04-22,1,2024-04-22 18:15:00,2024-04-22 22:04:10,34,2326.911,2329.644,2309.4591675,2355.8968820395735,2355.8968820395735,-1.2319249734923743,session_end,0.1,0.7000000000000001,26.6299999999972,0.15660246567228595,9936.594966971894
2024-04-23,1,2024-04-23 01:40:00,2024-04-23 01:53:10,3,2314.638,2297.278215,2297.278215,2331.641291666667,2331.641291666667,-0.7321577177278418,sl,0.1,0.7000000000000001,-174.297850000001,-1.0,9762.297116971893
2024-04-23,1,2024-04-23 02:00:00,2024-04-23 05:17:35,40,2299.108,2314.129346560846,2281.8646900000003,2327.1481458333337,2327.1481458333337,-1.2076002073030987,tp,0.1,0.7000000000000001,149.51346560845815,0.8711405502102528,9911.81058258035
2024-04-23,1,2024-04-23 06:45:00,2024-04-23 12:08:25,65,2299.8,2308.257897701149,2282.5515000000005,2312.622820987653,2312.622820987653,-0.553087207804627,tp,0.1,0.7000000000000001,83.87897701148795,0.49035554982456125,9995.689559591838
2024-04-23,-1,2024-04-23 13:50:00,2024-04-23 23:03:45,99,2323.44,2322.913,2340.8658,2308.6752018072284,2308.6752018072284,0.6395788450975152,session_end,0.1,0.7000000000000001,4.570000000000436,0.030242513973536035,10000.25955959184
2024-04-24,-1,2024-04-24 15:05:00,2024-04-24 17:42:00,32,2335.999,2322.125763364779,2353.5189925,2321.357810313075,2321.357810313075,0.6334951734537646,tp,0.1,0.7000000000000001,138.0323663522102,0.7918517450975441,10138.29192594405
2024-04-25,1,2024-04-25 03:15:00,2024-04-25 05:03:15,22,2306.95,2316.6795888888887,2289.647875,2318.78088034188,2318.78088034188,-0.5138424437984631,tp,0.1,0.7000000000000001,96.59588888888884,0.5623349090871237,10234.887814832939
2024-04-25,-1,2024-04-25 12:55:00,2024-04-25 13:07:45,3,2333.426,2321.5467728237804,2350.926695,2321.4434096774203,2321.4434096774203,0.5194005708825531,tp,0.1,0.7000000000000001,118.09227176219501,0.6787860239961545,10352.980086595133
2024-04-25,-1,2024-04-25 14:35:00,2024-04-25 23:02:05,90,2333.411,2332.539,2350.9115825000003,2321.4852685714295,2321.4852685714295,0.5134312756550599,session_end,0.1,0.7000000000000001,8.019999999998436,0.04982691290417499,10361.000086595132
2024-04-26,-1,2024-04-26 08:05:00,2024-04-26 13:31:45,66,2347.142,2340.1653220164603,2364.745565,2335.4330223367697,2335.4330223367697,0.5045735651814881,tp,0.1,0.7000000000000001,69.06677983539502,0.3963218804565647,10430.066866430527
2024-04-30,1,2024-04-30 07:40:00,2024-04-30 14:11:20,79,2316.365,2298.9922625,2298.9922625,2328.058423913043,2328.058423913043,-0.5015949682832941,sl,0.1,0.7000000000000001,-174.42737499999856,-1.0,10255.639491430527
2024-04-30,1,2024-04-30 14:20:00,2024-04-30 20:33:05,75,2304.203,2286.9214775,2286.9214775,2320.7624089147284,2320.7624089147284,-0.7166786591698648,sl,0.1,0.7000000000000001,-173.51522499999936,-1.0,10082.124266430528
2024-04-30,1,2024-04-30 20:40:00,2024-04-30 23:58:55,28,2288.107,2290.703,2270.9461975,2312.9195672043006,2312.9195672043006,-1.0745755086651094,session_end,0.1,0.7000000000000001,25.260000000000037,0.15127497679668517,10107.384266430528
2024-05-01,-1,2024-05-01 13:30:00,2024-05-01 18:38:50,62,2301.11,2318.3683250000004,2318.3683250000004,2289.0041039094654,2289.0041039094654,0.5305973925425084,sl,0.1,0.7000000000000001,-173.2832500000024,-1.0,9934.101016430526
2024-05-01,-1,2024-05-01 18:45:00,2024-05-01 23:58:55,51,2324.163,2324.493,2341.5942225000003,2293.394602222222,2293.394602222222,1.3441820150752468,session_end,0.1,0.7000000000000001,-3.9999999999992726,-0.018931546539545402,9930.101016430526
2024-05-02,1,2024-05-02 08:30:00,2024-05-02 13:12:25,57,2304.802,2287.5159850000005,2287.5159850000005,2318.3617124183006,2318.3617124183006,-0.5875145515620493,sl,0.1,0.7000000000000001,-173.56014999999678,-1.0,9756.54086643053
2024-05-02,1,2024-05-02 13:20:00,2024-05-02 17:55:50,56,2288.09,2308.540451937985,2270.929325,2311.6864114583336,2311.6864114583336,-1.0199225700106886,tp,0.1,0.7000000000000001,203.80451937984782,1.1917044019529932,9960.345385810379
2024-05-03,-1,2024-05-03 12:35:00,2024-05-03 12:45:20,3,2315.304,2301.9695773420485,2332.6687800000004,2301.855599337749,2301.855599337749,0.5839376139023722,tp,0.1,0.7000000000000001,132.64422657951565,0.767900466228268,10092.989612389894
2024-05-03,1,2024-05-03 13:35:00,2024-05-03 14:00:00,6,2282.208,2301.5401825396825,2265.09144,2301.975319018405,2301.975319018405,-0.8614696627964448,tp,0.1,0.7000000000000001,192.62182539682436,1.1294432140384814,10285.611437786718
2024-05-03,1,2024-05-03 14:20:00,2024-05-03 16:56:35,32,2286.37,2300.1760665024635,2269.222225,2301.3262810077517,2301.3262810077517,-0.6500286869883078,tp,0.1,0.7000000000000001,137.36066502463638,0.8051229096756698,10422.972102811354
2024-05-06,-1,2024-05-06 02:05:00,2024-05-06 13:40:10,140,2314.197,2331.5534775,2331.5534775,2300.75908,2300.75908,0.5868028563860066,sl,0.1,0.7000000000000001,-174.26477499999982,-1.0,10248.707327811355
2024-05-06,-1,2024-05-06 13:55:00,2024-05-06 23:59:55,109,2327.378,2326.074,2344.8333350000003,2314.246803393214,2314.246803393214,0.5667587652083765,session_end,0.1,0.7000000000000001,12.340000000000874,0.0747049541014297,10261.047327811355
2024-05-09,-1,2024-05-09 12:40:00,2024-05-09 13:12:05,7,2326.127,2312.913998945147,2343.5729525,2312.3878837719294,2312.3878837719294,0.5975258876349181,tp,0.1,0.7000000000000001,131.43001054853067,0.7573677077736463,10392.477338359886
2024-05-09,-1,2024-05-09 14:05:00,2024-05-09 19:48:50,69,2325.439,2342.8797925,2342.8797925,2313.3274871794865,2313.3274871794865,0.5269471308351598,sl,0.1,0.7000000000000001,-175.10792500000042,-1.0,10217.369413359886
2024-05-09,-1,2024-05-09 19:55:00,2024-05-09 23:58:55,37,2343.262,2346.655,2360.8364650000003,2319.3799421199433,2319.3799421199433,1.0330156540957847,session_end,0.1,0.7000000000000001,-34.630000000000294,-0.19306419854032547,10182.739413359885
2024-05-10,-1,2024-05-10 06:45:00,2024-05-10 13:03:25,76,2366.001,2361.3189455128195,2383.7460075000004,2352.587113168724,2352.587113168724,0.5724713340427915,tp,0.1,0.7000000000000001,46.12054487180721,0.2638519305884024,10228.859958231693
2024-05-13,1,2024-05-13 08:30:00,2024-05-13 23:58:55,174,2343.678,2338.494,2326.100415,2355.3672222222217,2355.3672222222217,-0.5015448169086846,session_end,0.1,0.7000000000000001,-52.53999999999742,-0.2949210599749478,10176.319958231696
2024-05-14,-1,2024-05-14 14:05:00,2024-05-14 23:58:55,107,2354.955,2355.521,2372.6171625,2342.92300591716,2342.92300591716,0.5153816003489687,session_end,0.1,0.7000000000000001,-6.360000000002583,-0.032045906043512526,10169.959958231693
2024-05-15,-1,2024-05-15 08:45:00,2024-05-15 12:00:45,40,2372.403,2361.663128472223,2390.1960225,2359.105046031746,2359.105046031746,0.5637923580650432,tp,0.1,0.7000000000000001,106.69871527776813,0.60360017685454,10276.65867350946
2024-05-15,-1,2024-05-15 12:45:00,2024-05-15 13:44:10,12,2375.625,2362.4837997967493,2393.4421875000003,2361.881083877997,2361.881083877997,0.5844881952878369,tp,0.1,0.7000000000000001,130.7120020325072,0.7375574962799554,10407.370675541968
2024-05-15,-1,2024-05-15 15:05:00,2024-05-15 23:58:55,95,2374.544,2391.726,2392.35308,2362.7168443830583,2362.7168443830583,0.5019287709034953,session_end,0.1,0.7000000000000001,-172.52000000000243,-0.9647887482116004,10234.850675541966
2024-05-16,1,2024-05-16 13:20:00,2024-05-16 23:58:55,116,2374.682,2378.156,2356.871885,2388.205411458333,2388.205411458333,-0.5693149924666872,session_end,0.1,0.7000000000000001,34.0400000000016,0.19505769614627447,10268.890675541967
2024-05-17,-1,2024-05-17 13:05:00,2024-05-17 14:54:15,22,2396.966,2414.943245,2414.943245,2382.3011231422493,2382.3011231422493,0.614211894357451,sl,0.1,0.7000000000000001,-180.47245000000038,-1.0,10088.418225541967
2024-05-17,-1,2024-05-17 15:00:00,2024-05-17 20:56:55,72,2413.396,2414.076,2431.4964700000005,2384.9648314814804,2384.9648314814804,1.195517356992147,session_end,0.1,0.7000000000000001,-7.499999999998363,-0.037568085248605394,10080.91822554197
2024-05-20,-1,2024-05-20 01:05:00,2024-05-20 06:37:40,67,2436.781,2434.697485232068,2455.0568575,2422.5255,2422.5255,0.5878575891151416,tp,0.1,0.7000000000000001,20.135147679317743,0.11400366674623859,10101.053373221286
2024-05-20,1,2024-05-20 12:10:00,2024-05-20 17:24:30,63,2424.109,2431.8133894230755,2405.9281825,2436.3623310502276,2436.3623310502276,-0.5043104998644122,tp,0.1,0.7000000000000001,76.34389423075554,0.42376474122109803,10177.397267452041
2024-05-21,1,2024-05-21 03:25:00,2024-05-21 07:34:25,50,2410.732,2418.1930555555546,2392.65151,2423.01631300813,2423.01631300813,-0.5104923537544759,tp,0.1,0.7000000000000001,73.91055555554594,0.4126578182092778,10251.307823007588
2024-05-21,-1,2024-05-21 15:05:00,2024-05-21 15:53:45,10,2432.96,2420.4887464912285,2451.2072000000003,2420.0837909760594,2420.0837909760594,0.5312918945981946,tp,0.1,0.7000000000000001,124.01253508771497,0.6834612164480757,10375.320358095303
2024-05-22,1,2024-05-22 14:10:00,2024-05-22 14:31:40,5,2400.254,2382.252095,2382.252095,2415.9867696078427,2415.9867696078427,-0.6533466907355875,sl,0.1,0.7000000000000001,-180.71905000000078,-1.0,10194.601308095302
2024-05-22,1,2024-05-22 14:40:00,2024-05-22 23:58:55,100,2388.339,2382.039,2370.4264575,2415.070394886363,2415.070394886363,-1.1059675503835547,session_end,0.1,0.7000000000000001,-63.699999999997274,-0.35170886544999497,10130.901308095305
2024-05-23,1,2024-05-23 01:35:00,2024-05-23 11:07:50,115,2367.151,2368.2050137844603,2349.3973674999997,2379.6899736842106,2379.6899736842106,-0.5297107532329098,tp,0.1,0.7000000000000001,9.840137844604943,0.059368908557755076,10140.74144593991
2024-05-23,1,2024-05-23 13:55:00,2024-05-23 17:29:20,43,2353.984,2336.32912,2336.32912,2367.7264331337315,2367.7264331337315,-0.5801739990523411,sl,0.1,0.7000000000000001,-177.24880000000047,-1.0,9963.492645939908
2024-05-23,1,2024-05-23 17:35:00,2024-05-23 23:58:55,65,2338.877,2332.014,2321.3354225000003,2363.0866366508685,2363.0866366508685,-1.026840754567456,session_end,0.1,0.7000000000000001,-69.3299999999983,-0.39124189372363777,9894.16264593991
2024-05-27,-1,2024-05-27 13:50:00,2024-05-27 23:59:55,64,2355.156,2352.504,2372.8196700000003,2343.039342369477,2343.039342369477,0.5202498058865829,session_end,0.1,0.7000000000000001,25.820000000000437,0.15013867446572476,9919.982645939912
2024-05-28,-1,2024-05-28 13:20:00,2024-05-28 14:04:00,9,2361.224,2349.3437341269832,2378.9331800000004,2348.8605479166663,2348.8605479166663,0.5254867980255971,tp,0.1,0.7000000000000001,118.10265873016924,0.6708535275499334,10038.085304670081
2024-05-29,1,2024-05-29 09:10:00,2024-05-29 23:59:55,166,2343.179,2338.433,2325.6051575,2355.8228106060596,2355.8228106060596,-0.5361740513417564,session_end,0.1,0.7000000000000001,-48.16000000000095,-0.2700604605964863,9989.92530467008
2024-05-30,-1,2024-05-30 13:50:00,2024-05-30 23:59:55,110,2346.836,2344.038,2364.43727,2335.004868473895,2335.004868473895,0.5059360554492567,session_end,0.1,0.7000000000000001,27.279999999997745,0.15896580189950818,10017.205304670077
2024-05-31,-1,2024-05-31 12:55:00,2024-05-31 13:55:40,13,2355.548,2344.4564720558874,2373.21461,2343.712216129032,2343.712216129032,0.5044682444201948,tp,0.1,0.7000000000000001,110.21527944112385,0.6278243502354016,10127.420584111202
2024-05-31,1,2024-05-31 15:15:00,2024-05-31 20:57:55,69,2331.83,2327.26,2314.341275,2344.0050664845176,2344.0050664845176,-0.5221433459985365,session_end,0.1,0.7000000000000001,-46.39999999999709,-0.26131121622644227,10081.020584111204
2024-06-03,-1,2024-06-03 14:05:00,2024-06-03 23:59:55,107,2339.76,2350.76,2357.3082000000004,2326.50490138067,2326.50490138067,0.5713118683498939,session_end,0.1,0.7000000000000001,-110.7,-0.6268449185671401,9970.320584111203
2024-06-04,1,2024-06-04 08:15:00,2024-06-04 14:17:30,73,2335.285,2317.7703625,2317.7703625,2347.1942828282836,2347.1942828282836,-0.5106216778034204,sl,0.1,0.7000000000000001,-175.84637499999934,-1.0,9794.474209111204
2024-06-04,1,2024-06-04 14:25:00,2024-06-04 23:59:55,103,2317.481,2328.855,2300.0998925000004,2340.1829219653164,2340.1829219653164,-0.9747281612567253,session_end,0.1,0.7000000000000001,113.03999999999796,0.6543886803530718,9907.514209111203
2024-06-05,-1,2024-06-05 14:00:00,2024-06-05 23:59:55,108,2345.792,2355.143,2363.38544,2334.0436944444455,2334.0436944444455,0.5021245139262114,session_end,0.1,0.7000000000000001,-94.21000000000113,-0.531504924562795,9813.304209111202
2024-06-06,-1,2024-06-06 01:35:00,2024-06-06 06:14:25,56,2370.762,2366.365729729731,2388.5427150000005,2358.3706754385967,2358.3706754385967,0.527920597515393,tp,0.1,0.7000000000000001,43.26270270269269,0.24724935247368784,9856.566911813894
2024-06-06,-1,2024-06-06 15:45:00,2024-06-06 23:59:55,87,2377.287,2376.861,2395.1166525,2364.245593474427,2364.245593474427,0.5514404493999039,session_end,0.1,0.7000000000000001,3.5599999999993086,0.023892781982146276,9860.126911813893
2024-06-07,1,2024-06-07 08:05:00,2024-06-07 09:19:25,15,2358.515,2340.8261375,2340.8261375,2377.1361030927833,2377.1361030927833,-0.7864548886561497,sl,0.1,0.7000000000000001,-177.58862499999685,-1.0,9682.538286813897
2024-06-07,1,2024-06-07 09:25:00,2024-06-07 12:30:05,38,2341.446,2323.885155,2323.885155,2373.1025575221242,2373.1025575221242,-1.335132247938218,sl,0.1,0.7000000000000001,-176.3084499999997,-1.0,9506.229836813896
2024-06-07,1,2024-06-07 12:40:00,2024-06-07 16:05:25,42,2321.8,2304.3865,2304.3865,2363.3906107456132,2363.3906107456132,-1.7629802943351778,sl,0.1,0.7000000000000001,-174.83500000000112,-1.0,9331.394836813895
2024-06-07,1,2024-06-07 16:15:00,2024-06-07 19:49:50,43,2308.369,2291.0562325,2291.0562325,2352.665388888889,2352.665388888889,-1.8820946275662802,sl,0.1,0.7000000000000001,-173.82767500000062,-1.0,9157.567161813895
2024-06-07,1,2024-06-07 19:55:00,2024-06-07 20:57:55,13,2290.936,2293.87,2273.7539800000004,2343.7478528591355,2343.7478528591355,-2.2568704562057964,session_end,0.1,0.7000000000000001,28.639999999997418,0.1707598990106976,9186.207161813893
2024-06-10,-1,2024-06-10 12:20:00,2024-06-10 23:59:55,128,2308.279,2310.062,2325.5910925000003,2296.278617117118,2296.278617117118,0.5255626557213365,session_end,0.1,0.7000000000000001,-18.529999999999017,-0.10299159388155256,9167.677161813894
2024-06-11,-1,2024-06-11 12:35:00,2024-06-11 16:21:45,46,2316.61,2307.1225229591832,2333.9845750000004,2305.0551445916117,2305.0551445916117,0.5003071373562131,tp,0.1,0.7000000000000001,94.17477040816884,0.5460552008217026,9261.851932222062
2024-06-12,-1,2024-06-12 12:40:00,2024-06-12 18:53:00,75,2329.679,2319.915202802359,2347.1515925000003,2314.0907631578943,2314.0907631578943,0.6769931884921829,tp,0.1,0.7000000000000001,96.93797197640997,0.5588064391498204,9358.789904198473
2024-06-13,1,2024-06-13 15:55:00,2024-06-13 23:59:55,85,2299.912,2302.404,2282.66266,2314.210820244328,2314.210820244328,-0.6206141687130914,session_end,0.1,0.7000000000000001,24.220000000001892,0.1444692956368308,9383.009904198474
2024-06-14,-1,2024-06-14 08:10:00,2024-06-14 20:57:55,154,2321.291,2332.957,2338.7006825000003,2307.485775510203,2307.485775510203,0.6013785496350004,session_end,0.1,0.7000000000000001,-117.35999999999713,-0.6700868898671538,9265.649904198477
2024-06-18,1,2024-06-18 10:45:00,2024-06-18 12:30:00,22,2307.477,2318.2917933333333,2290.1709225,2319.4781614987082,2319.4781614987082,-0.5204041882812398,tp,0.1,0.7000000000000001,107.44793333333455,0.6249130303116646,9373.097837531812
2024-06-18,-1,2024-06-18 17:30:00,2024-06-18 23:59:55,66,2331.653,2328.386,2349.1403975,2320.022565079364,2320.022565079364,0.5034836771183044,session_end,0.1,0.7000000000000001,31.969999999998254,0.18682025155543114,9405.06783753181
2024-06-20,-1,2024-06-20 14:00:00,2024-06-20 23:59:55,108,2349.337,2360.878,2366.9570275,2337.4340882936513,2337.4340882936513,0.5086094947399186,session_end,0.1,0.7000000000000001,-116.11000000000168,-0.6549933023657368,9288.957837531809
2024-06-21,1,2024-06-21 13:45:00,2024-06-21 14:05:45,5,2349.945,2332.3204125,2332.3204125,2362.246515151517,2362.246515151517,-0.5196119487440554,sl,0.1,0.7000000000000001,-176.9458749999996,-1.0,9112.011962531808
2024-06-21,1,2024-06-21 14:15:00,2024-06-21 17:29:55,39,2335.334,2317.818995,2317.818995,2361.40677777778,2361.40677777778,-1.1042899522089045,sl,0.1,0.7000000000000001,-175.85004999999745,-1.0,8936.16191253181
2024-06-21,1,2024-06-21 17:35:00,2024-06-21 20:57:55,41,2319.988,2321.571,2302.5880899999997,2354.9925505529245,2354.9925505529245,-1.4896883875359903,session_end,0.1,0.7000000000000001,15.130000000000837,0.09097748206744032,8951.291912531811
2024-06-26,1,2024-06-26 13:20:00,2024-06-26 23:59:55,116,2302.66,2298.47,2285.39005,2315.369861458332,2315.369861458332,-0.5478330555077073,session_end,0.1,0.7000000000000001,-42.60000000000055,-0.24261795778216402,8908.69191253181
2024-06-27,-1,2024-06-27 09:25:00,2024-06-27 14:01:05,56,2312.926,2330.272945,2330.272945,2300.632526548673,2300.632526548673,0.5348734884569906,sl,0.1,0.7000000000000001,-174.1694500000023,-1.0,8734.522462531808
2024-06-27,-1,2024-06-27 14:10:00,2024-06-27 23:59:55,106,2326.888,2327.852,2344.33966,2306.2875088235296,2306.2875088235296,0.8945108143517659,session_end,0.1,0.7000000000000001,-10.339999999999417,-0.05523829824784188,8724.18246253181
2024-07-01,-1,2024-07-01 11:55:00,2024-07-01 13:16:35,17,2338.077,2326.963278825995,2355.6125775000005,2326.3162762237757,2326.3162762237757,0.5092911869858042,tp,0.1,0.7000000000000001,110.4372117400515,0.6337813039807202,8834.61967427186
2024-07-03,-1,2024-07-03 08:00:00,2024-07-03 14:08:30,74,2345.39,2362.980425,2362.980425,2333.21234375,2333.21234375,0.5225266479777534,sl,0.1,0.7000000000000001,-176.60425000000322,-1.0,8658.015424271856
2024-07-03,-1,2024-07-03 14:15:00,2024-07-03 23:59:55,105,2362.793,2359.056,2380.5139475,2339.698924951266,2339.698924951266,0.9912632262810065,session_end,0.1,0.7000000000000001,36.6700000000008,0.21088037194399945,8694.685424271858
2024-07-05,-1,2024-07-05 13:10:00,2024-07-05 20:57:55,94,2376.18,2391.687,2394.00135,2363.366496835441,2363.366496835441,0.5432929332692177,session_end,0.1,0.7000000000000001,-155.7700000000006,-0.8701361008004398,8538.915424271858
2024-07-08,1,2024-07-08 09:50:00,2024-07-08 14:13:05,53,2369.308,2379.4947147058824,2351.53819,2381.9983064971752,2381.9983064971752,-0.532024160664127,tp,0.1,0.7000000000000001,101.16714705882423,0.5732596300063169,8640.082571330682
2024-07-08,1,2024-07-08 15:40:00,2024-07-08 23:59:55,88,2366.82,2361.78,2349.06885,2378.977492907801,2378.977492907801,-0.5128250664065396,session_end,0.1,0.7000000000000001,-51.09999999999964,-0.2839252668136965,8588.982571330682
2024-07-10,-1,2024-07-10 13:55:00,2024-07-10 17:21:35,42,2385.09,2372.9698076923078,2402.978175,2371.545293413173,2371.545293413173,0.5703119659739225,tp,0.1,0.7000000000000001,120.50192307692377,0.6775533170763561,8709.484494407605
2024-07-11,-1,2024-07-11 12:35:00,2024-07-11 14:57:15,29,2399.595,2417.5919625,2417.5919625,2379.842714128036,2379.842714128036,0.8330922776645898,sl,0.1,0.7000000000000001,-180.66962500000335,-1.0,8528.814869407603
2024-07-11,-1,2024-07-11 15:05:00,2024-07-11 23:59:55,95,2415.875,2415.986,2433.9940625,2384.4499898710874,2384.4499898710874,1.320451687502781,session_end,0.1,0.7000000000000001,-1.8099999999987633,-0.006126144771556296,8527.004869407603
2024-07-12,1,2024-07-12 12:40:00,2024-07-12 14:00:00,17,2394.077,2405.9566666666674,2376.1214225000003,2406.499126096492,2406.499126096492,-0.5187047841043703,tp,0.1,0.7000000000000001,118.09666666667162,0.6616142904157349,8645.101536074275
2024-07-15,-1,2024-07-15 14:30:00,2024-07-15 23:59:55,102,2423.454,2422.611,2441.6299050000002,2411.0996379310313,2411.0996379310313,0.5135358935059784,session_end,0.1,0.7000000000000001,7.730000000003019,0.04638008396282327,8652.831536074278
2024-07-16,-1,2024-07-16 09:40:00,2024-07-16 12:38:25,36,2442.116,2432.5398311258273,2460.4318700000003,2429.9770862068963,2429.9770862068963,0.5018530364884863,tp,0.1,0.7000000000000001,95.06168874172708,0.5228345076795435,8747.893224816005
2024-07-16,-1,2024-07-16 13:45:00,2024-07-16 15:42:55,24,2446.043,2464.3883225000004,2464.3883225000004,2432.834593939393,2432.834593939393,0.5428197253321381,sl,0.1,0.7000000000000001,-184.15322500000292,-1.0,8563.739999816002
2024-07-16,-1,2024-07-16 15:50:00,2024-07-16 23:59:55,86,2464.577,2468.394,2483.0613275000005,2435.290128070174,2435.290128070174,1.2019254540739728,session_end,0.1,0.7000000000000001,-38.86999999999553,-0.20649926268615898,8524.869999816006
2024-07-17,1,2024-07-17 16:25:00,2024-07-17 23:59:55,79,2455.67,2461.36,2437.2524750000002,2470.8017081218272,2470.8017081218272,-0.6153957264901408,session_end,0.1,0.7000000000000001,56.20000000000054,0.3089448772297094,8581.069999816007
2024-07-18,1,2024-07-18 18:40:00,2024-07-18 23:59:55,52,2451.958,2441.314,2433.568315,2464.2646473214263,2464.2646473214263,-0.5001957616372178,session_end,0.1,0.7000000000000001,-107.14000000000233,-0.578802736425348,8473.929999816004
2024-07-19,1,2024-07-19 11:55:00,2024-07-19 20:57:55,109,2409.018,2400.515,2390.950365,2421.8606480186477,2421.8606480186477,-0.5327989465126315,session_end,0.1,0.7000000000000001,-85.73000000000157,-0.47062053223901257,8388.199999816003
2024-07-22,1,2024-07-22 12:35:00,2024-07-22 23:59:55,125,2389.764,2395.847,2371.8407700000002,2404.68016004415,2404.68016004415,-0.6196732643178776,session_end,0.1,0.7000000000000001,60.130000000000834,0.339391951115961,8448.329999816004
2024-07-24,-1,2024-07-24 14:45:00,2024-07-24 17:05:20,29,2427.132,2416.2020772357723,2445.3354900000004,2414.936629001884,2414.936629001884,0.5073578681516168,tp,0.1,0.7000000000000001,108.5992276422774,0.6004300694112801,8556.92922745828
2024-07-24,1,2024-07-24 19:50:00,2024-07-24 23:59:55,38,2401.655,2398.733,2383.6425875000004,2415.2851883753506,2415.2851883753506,-0.5672700036125709,session_end,0.1,0.7000000000000001,-29.920000000000254,-0.16222146811261764,8527.00922745828
2024-07-25,1,2024-07-25 01:40:00,2024-07-25 10:37:25,108,2381.037,2377.7112624671922,2363.1792225,2395.5481583333335,2395.5481583333335,-0.6086981922116095,tp,0.1,0.7000000000000001,-33.9573753280758,-0.18623468305658983,8493.051852130206
2024-07-25,1,2024-07-25 12:10:00,2024-07-25 12:30:00,5,2365.187,2377.038056666667,2347.4480975,2377.2623047945212,2377.2623047945212,-0.5102425916592119,tp,0.1,0.7000000000000001,117.81056666667318,0.6680828572493408,8610.862418796878
2024-07-25,1,2024-07-25 13:55:00,2024-07-25 23:59:55,109,2363.822,2363.864,2346.093335,2376.2904001996008,2376.2904001996008,-0.5276459560055293,session_end,0.1,0.7000000000000001,-0.2800000000008368,0.002369044708099347,8610.582418796877
2024-07-26,-1,2024-07-26 14:05:00,2024-07-26 20:57:55,83,2385.99,2387.23,2403.884925,2371.9952169625244,2371.9952169625244,0.5893048576790825,session_end,0.1,0.7000000000000001,-13.100000000002364,-0.06929338904746639,8597.482418796875
2024-07-29,1,2024-07-29 14:50:00,2024-07-29 23:59:55,98,2380.474,2381.207,2362.6204450000005,2392.912745318351,2392.912745318351,-0.5209444156599377,session_end,0.1,0.7000000000000001,6.629999999997199,0.04105624902153844,8604.112418796873
2024-07-30,-1,2024-07-30 17:00:00,2024-07-30 23:59:55,72,2399.836,2409.923,2417.83477,2387.6108251633987,2387.6108251633987,0.5120044987132638,session_end,0.1,0.7000000000000001,-101.5699999999999,-0.560427184746508,8502.542418796871
2024-07-31,-1,2024-07-31 18:45:00,2024-07-31 19:40:15,12,2432.337,2450.5795275,2450.5795275,2418.8898837037036,2418.8898837037036,0.5582154188689923,sl,0.1,0.7000000000000001,-183.1252750000005,-1.0,8319.41714379687
2024-07-31,-1,2024-07-31 19:50:00,2024-07-31 23:59:55,38,2447.854,2445.86,2466.212905,2419.980702380953,2419.980702380953,1.1509305669935073,session_end,0.1,0.7000000000000001,19.239999999996872,0.10861214217294995,8338.657143796869
2024-08-01,1,2024-08-01 09:05:00,2024-08-01 11:52:40,34,2432.629,2442.7473720657267,2414.3842825,2445.113944954128,2445.113944954128,-0.5108737357580395,tp,0.1,0.7000000000000001,100.48372065726817,0.5545918738246813,8439.140864454137
2024-08-01,-1,2024-08-01 13:35:00,2024-08-01 14:24:20,10,2456.074,2443.966579457364,2474.494555,2443.476282208588,2443.476282208588,0.5151970527838857,tp,0.1,0.7000000000000001,120.37420542636191,0.6572777282028741,8559.515069880497
2024-08-02,-1,2024-08-02 06:00:00,2024-08-02 11:38:15,68,2466.784,2457.729967625899,2485.28488,2452.6183958333336,2452.6183958333336,0.576918292332175,tp,0.1,0.7000000000000001,89.84032374101098,0.4893838765562002,8649.355393621508
2024-08-02,-1,2024-08-02 12:35:00,2024-08-02 13:15:20,9,2473.519,2458.4902505241093,2492.0703925,2457.8645452538635,2457.8645452538635,0.6362415201575458,tp,0.1,0.7000000000000001,149.58749475890437,0.8101143607354768,8798.942888380414
2024-08-02,-1,2024-08-02 14:05:00,2024-08-02 14:32:00,6,2473.43,2459.278046934866,2491.980725,2458.953367850099,2458.953367850099,0.5882027833064314,tp,0.1,0.7000000000000001,140.81953065133968,0.7628787050174008,8939.762419031753
2024-08-02,1,2024-08-02 14:40:00,2024-08-02 15:08:05,6,2442.66,2424.34005,2424.34005,2459.1717888257576,2459.1717888257576,-0.6710100083588199,sl,0.1,0.7000000000000001,-183.89950000000061,-1.0,8755.862919031752
2024-08-02,1,2024-08-02 15:15:00,2024-08-02 20:57:55,69,2413.658,2441.956,2395.555565,2458.0869653916216,2458.0869653916216,-1.8072780181129173,session_end,0.1,0.7000000000000001,282.2800000000023,1.5632151144307693,9038.142919031754
2024-08-05,-1,2024-08-05 03:50:00,2024-08-05 05:37:20,22,2449.155,2440.942470149253,2467.5236625000002,2436.0556884057964,2436.0556884057964,0.5375826035723205,tp,0.1,0.7000000000000001,81.4252985074716,0.4470946020564724,9119.568217539227
2024-08-05,1,2024-08-05 06:20:00,2024-08-05 07:23:40,13,2426.954,2438.7379299242425,2408.7518450000002,2440.3161359649116,2440.3161359649116,-0.5499138315374699,tp,0.1,0.7000000000000001,117.13929924242329,0.6473920216722889,9236.70751678165
2024-08-05,1,2024-08-05 08:35:00,2024-08-05 11:00:00,30,2424.985,2406.7976125000005,2406.7976125000005,2438.0624093851134,2438.0624093851134,-0.5394000307166013,sl,0.1,0.7000000000000001,-182.57387499999658,-1.0,9054.133641781653
2024-08-05,1,2024-08-05 11:10:00,2024-08-05 11:46:20,8,2403.092,2385.06881,2385.06881,2434.310312189055,2434.310312189055,-1.2818748716137938,sl,0.1,0.7000000000000001,-180.93189999999885,-1.0,8873.201741781653
2024-08-05,1,2024-08-05 11:55:00,2024-08-05 12:24:35,6,2385.588,2367.6960900000004,2367.6960900000004,2431.836687645688,2431.836687645688,-1.9044119155272643,sl,0.1,0.7000000000000001,-179.61909999999824,-1.0,8693.582641781655
2024-08-05,1,2024-08-05 12:30:00,2024-08-05 23:59:55,126,2369.789,2404.901,2352.0155825,2429.57348,2429.57348,-2.463188723973059,session_end,0.1,0.7000000000000001,350.41999999999626,1.9755345307113572,9044.002641781652
2024-08-06,1,2024-08-06 06:10:00,2024-08-06 07:44:10,19,2398.112,2408.888226449276,2380.1261600000003,2410.1148716216226,2410.1148716216226,-0.500717694567927,tp,0.1,0.7000000000000001,107.06226449275782,0.599150578970784,9151.064906274409
2024-08-06,1,2024-08-06 12:35:00,2024-08-06 23:59:55,125,2397.685,2383.851,2379.7023625,2410.0428929359828,2410.0428929359828,-0.5155258013207796,session_end,0.1,0.7000000000000001,-139.03999999999832,-0.7692976072058395,9012.024906274411
2024-08-07,-1,2024-08-07 12:05:00,2024-08-07 15:45:00,45,2403.451,2393.15747883598,2421.4768825,2390.7940011494256,2390.7940011494256,0.5317061547110753,tp,0.1,0.7000000000000001,102.23521164020148,0.571041177263865,9114.260117914613
2024-08-08,-1,2024-08-08 11:05:00,2024-08-08 17:30:15,78,2406.573,2424.6222975,2424.6222975,2393.468191729323,2393.468191729323,0.5462704002441772,sl,0.1,0.7000000000000001,-181.19297500000192,-1.0,8933.067142914611
2024-08-08,-1,2024-08-08 17:40:00,2024-08-08 23:59:55,64,2421.462,2424.711,2439.622965,2401.4439017295576,2401.4439017295576,0.8367506838685796,session_end,0.1,0.7000000000000001,-33.189999999997966,-0.1789001850947783,8899.877142914613
2024-08-12,-1,2024-08-12 13:35:00,2024-08-12 17:49:40,51,2449.987,2468.3619025000003,2468.3619025000003,2435.8291676891613,2435.8291676891613,0.5842294894735681,sl,0.1,0.7000000000000001,-184.44902500000188,-1.0,8715.428117914611
2024-08-12,-1,2024-08-12 17:55:00,2024-08-12 23:59:55,61,2467.588,2475.643,2486.0949100000003,2441.356160465117,2441.356160465117,1.0747853983699012,session_end,0.1,0.7000000000000001,-81.24999999999837,-0.435242836324368,8634.178117914613
2024-08-14,-1,2024-08-14 08:45:00,2024-08-14 12:31:15,46,2477.75,2467.38844111111,2496.333125,2464.7212698412704,2464.7212698412704,0.5333150778374252,tp,0.1,0.7000000000000001,102.91558888890158,0.557578926520168,8737.093706803515
2024-08-14,1,2024-08-14 13:25:00,2024-08-14 23:59:55,115,2454.188,2449.47,2435.78159,2467.3252650103504,2467.3252650103504,-0.5343748227007745,session_end,0.1,0.7000000000000001,-47.88000000000302,-0.2563237480856011,8689.213706803512
2024-08-15,-1,2024-08-15 12:30:00,2024-08-15 12:38:30,2,2467.722,2455.199694260485,2486.2299150000003,2455.159486666666,2455.159486666666,0.5111689648468787,tp,0.1,0.7000000000000001,124.52305739515104,0.6765919197011122,8813.736764198662
2024-08-15,1,2024-08-15 13:00:00,2024-08-15 14:34:50,19,2441.244,2453.940891762452,2422.93467,2455.0624508547007,2455.0624508547007,-0.5657269879169704,tp,0.1,0.7000000000000001,126.26891762451741,0.6934656681840193,8940.005681823179
2024-08-16,-1,2024-08-16 12:00:00,2024-08-16 12:59:20,12,2472.137,2490.6780275000006,2490.6780275000006,2458.512027777779,2458.512027777779,0.5566770496783492,sl,0.1,0.7000000000000001,-186.1102750000038,-1.0,8753.895406823176
2024-08-16,-1,2024-08-16 13:05:00,2024-08-16 19:52:20,82,2488.82,2507.48615,2507.48615,2460.039839702762,2460.039839702762,1.169642045338371,sl,0.1,0.7000000000000001,-187.36150000000015,-1.0,8566.533906823175
2024-08-16,-1,2024-08-16 20:00:00,2024-08-16 20:57:55,12,2507.978,2507.927,2526.787835,2472.0773937500003,2472.0773937500003,1.4509904237094977,session_end,0.1,0.7000000000000001,-0.19000000000069128,0.0027113475477020836,8566.343906823175
2024-08-19,1,2024-08-19 11:10:00,2024-08-19 14:08:15,36,2488.608,2499.278264299802,2469.9434400000005,2501.255838308456,2501.255838308456,-0.5046600237820059,tp,0.1,0.7000000000000001,106.00264299801601,0.5716858206034199,8672.34654982119
2024-08-20,-1,2024-08-20 08:05:00,2024-08-20 15:03:00,84,2517.057,2512.6483851851854,2535.9349275,2503.0307182130587,2503.0307182130587,0.5625293243301978,tp,0.1,0.7000000000000001,43.38614814814427,0.23353277603245315,8715.732697969335
2024-08-21,1,2024-08-21 13:45:00,2024-08-21 17:49:45,49,2498.764,2511.057198748044,2480.02327,2512.630687878789,2512.630687878789,-0.5517598724583463,tp,0.1,0.7000000000000001,122.23198748043778,0.6559615739645034,8837.964685449773
2024-08-22,1,2024-08-22 13:35:00,2024-08-22 23:59:55,113,2486.474,2487.629,2467.8254450000004,2504.8545398773003,2504.8545398773003,-0.7359525107674827,session_end,0.1,0.7000000000000001,10.849999999997454,0.06193509363056603,8848.81468544977
2024-08-23,-1,2024-08-23 14:05:00,2024-08-23 20:57:55,83,2510.755,2512.472,2529.5856625,2494.8123353057217,2494.8123353057217,0.6381908758811359,session_end,0.1,0.7000000000000001,-17.87000000000098,-0.09118107236004558,8830.94468544977
2024-08-27,-1,2024-08-27 18:50:00,2024-08-27 23:59:55,50,2524.753,2525.369,2543.6886475,2512.1869764011794,2512.1869764011794,0.5002025612290257,session_end,0.1,0.7000000000000001,-6.859999999999855,-0.03253123506867071,8824.084685449769
2024-08-28,1,2024-08-28 12:15:00,2024-08-28 13:29:45,15,2499.171,2510.659736024844,2480.4272175,2511.69231632653,2511.69231632653,-0.5018654651524347,tp,0.1,0.7000000000000001,114.18736024844002,0.6129358375154093,8938.27204569821
2024-08-30,1,2024-08-30 15:20:00,2024-08-30 20:57:55,68,2504.272,2503.402,2485.48996,2517.75795652174,2517.75795652174,-0.5352760970065027,session_end,0.1,0.7000000000000001,-9.399999999998908,-0.04632084693674854,8928.87204569821
2024-09-03,1,2024-09-03 13:40:00,2024-09-03 19:21:25,69,2483.998,2493.3228534482764,2465.368015,2496.603042682927,2496.603042682927,-0.5071307879734485,tp,0.1,0.7000000000000001,92.54853448276371,0.5005293052182466,9021.420580180973
2024-09-04,1,2024-09-04 08:35:00,2024-09-04 10:47:35,27,2479.271,2489.363750645996,2460.6764675000004,2491.8211213592235,2491.8211213592235,-0.5061005884862414,tp,0.1,0.7000000000000001,100.22750645995693,0.5427805536921032,9121.648086640931
2024-09-05,-1,2024-09-05 08:25:00,2024-09-05 15:08:05,81,2511.453,2506.363621546961,2530.2888975,2498.9275627062707,2498.9275627062707,0.5039536752354334,tp,0.1,0.7000000000000001,50.19378453038989,0.2701956969684594,9171.84187117132
2024-09-06,1,2024-09-06 13:40:00,2024-09-06 15:00:45,17,2505.036,2516.82612962963,2486.24823,2517.6863983739845,2517.6863983739845,-0.502739276113146,tp,0.1,0.7000000000000001,117.20129629629973,0.6275427913813098,9289.04316746762
2024-09-06,1,2024-09-06 16:05:00,2024-09-06 20:57:55,59,2497.779,2497.6,2479.0456575000003,2516.396552677029,2516.396552677029,-0.7425122505891079,session_end,0.1,0.7000000000000001,-2.4900000000008733,-0.009555155466788166,9286.553167467619
2024-09-11,1,2024-09-11 12:40:00,2024-09-11 16:44:05,49,2507.742,2518.5219141666653,2488.9339350000005,2521.1770383771923,2521.1770383771923,-0.5345335996660833,tp,0.1,0.7000000000000001,107.09914166665094,0.5731538128279149,9393.65230913427
2024-09-12,-1,2024-09-12 12:50:00,2024-09-12 14:46:40,24,2534.546,2553.555095,2553.555095,2516.6200238095244,2516.6200238095244,0.7146281925887098,sl,0.1,0.7000000000000001,-190.79095000000342,-1.0,9202.861359134266
2024-09-12,-1,2024-09-12 14:55:00,2024-09-12 23:59:55,97,2550.84,2558.521,2569.9713,2520.2467216014907,2520.2467216014907,1.2166181245550958,session_end,0.1,0.7000000000000001,-77.5100000000004,-0.40148865994469984,9125.351359134265
2024-09-13,-1,2024-09-13 13:20:00,2024-09-13 20:57:55,92,2580.206,2579.166,2599.557545,2566.73855625,2566.73855625,0.5250999840704996,session_end,0.1,0.7000000000000001,9.699999999999637,0.05374247895968846,9135.051359134266
2024-09-17,1,2024-09-17 15:35:00,2024-09-17 23:59:55,89,2565.573,2574.112,2546.3312025,2578.829403743315,2578.829403743315,-0.5156565891490338,session_end,0.1,0.7000000000000001,84.69000000000214,0.4437735092056905,9219.741359134268
2024-09-18,-1,2024-09-18 18:10:00,2024-09-18 18:50:35,9,2587.841,2573.0425980825953,2607.2498075,2572.3972729357797,2572.3972729357797,0.6023263679850289,tp,0.1,0.7000000000000001,147.2840191740459,0.7624580705128131,9367.025378308314
2024-09-18,1,2024-09-18 19:25:00,2024-09-18 23:59:55,43,2559.718,2559.301,2540.520115,2572.9110414878396,2572.9110414878396,-0.5152739940893103,session_end,0.1,0.7000000000000001,-4.869999999999163,-0.021721142719623304,9362.155378308315
2024-09-19,-1,2024-09-19 06:00:00,2024-09-19 09:32:05,43,2574.612,2593.9215900000004,2593.9215900000004,2561.6618055555555,2561.6618055555555,0.5050118019634119,sl,0.1,0.7000000000000001,-193.79590000000297,-1.0,9168.359478308312
2024-09-19,-1,2024-09-19 09:40:00,2024-09-19 12:53:15,39,2593.252,2573.751090909092,2612.70139,2569.0668232758617,2569.0668232758617,0.9411462755689501,tp,0.1,0.7000000000000001,194.30909090907954,1.0026488795230972,9362.66856921739
2024-09-19,-1,2024-09-19 15:55:00,2024-09-19 23:59:55,85,2588.896,2587.381,2608.3127200000004,2574.9430567190234,2574.9430567190234,0.5407670373386565,session_end,0.1,0.7000000000000001,14.450000000003275,0.07802553675390665,9377.118569217393
2024-09-20,-1,2024-09-20 06:55:00,2024-09-20 16:47:35,119,2605.859,2625.4029425,2625.4029425,2591.8018212851416,2591.8018212851416,0.5441264296922684,sl,0.1,0.7000000000000001,-196.13942499999956,-1.0,9180.979144217394
2024-09-20,-1,2024-09-20 16:55:00,2024-09-20 20:57:55,49,2625.048,2622.196,2644.73586,2603.9206067323494,2603.9206067323494,0.8121174360299679,session_end,0.1,0.7000000000000001,27.81999999999862,0.14486084317949546,9208.799144217393
2024-09-24,-1,2024-09-24 14:50:00,2024-09-24 19:42:40,59,2643.912,2663.74134,2663.74134,2630.704963483146,2630.704963483146,0.5030034420634404,sl,0.1,0.7000000000000001,-198.99340000000228,-1.0,9009.80574421739
2024-09-24,-1,2024-09-24 19:50:00,2024-09-24 23:59:55,38,2663.147,2658.302,2683.1206025,2636.0460763305323,2636.0460763305323,1.0303091403953988,session_end,0.1,0.7000000000000001,47.749999999997996,0.242570162292944,9057.555744217389
2024-09-26,-1,2024-09-26 11:05:00,2024-09-26 13:11:50,26,2676.997,2665.4368459915604,2697.0744775,2663.0262443609017,2663.0262443609017,0.5239999293528108,tp,0.1,0.7000000000000001,114.9015400843944,0.5757772114768624,9172.457284301783
2024-09-27,1,2024-09-27 15:00:00,2024-09-27 20:57:55,72,2649.547,2658.044,2629.6753975,2666.867725925926,2666.867725925926,-0.6487095613232738,session_end,0.1,0.7000000000000001,84.26999999999843,0.42759510713843507,9256.727284301782
2024-09-30,1,2024-09-30 01:50:00,2024-09-30 05:04:05,39,2647.99,2656.5479722222226,2628.130075,2661.444333333334,2661.444333333334,-0.504456665321963,tp,0.1,0.7000000000000001,84.87972222222815,0.43091664355343356,9341.60700652401
2024-09-30,1,2024-09-30 10:35:00,2024-09-30 23:59:55,149,2641.923,2635.695,2622.1085774999997,2655.3428202099744,2655.3428202099744,-0.506500332371802,session_end,0.1,0.7000000000000001,-62.97999999999611,-0.31431650354682716,9278.627006524013
2024-10-01,-1,2024-10-01 12:25:00,2024-10-01 23:59:55,127,2656.081,2660.459,2676.0016075000003,2642.8092460850116,2642.8092460850116,0.5029971018408008,session_end,0.1,0.7000000000000001,-44.47999999999702,-0.2197724140691824,9234.147006524016
2024-10-04,1,2024-10-04 12:35:00,2024-10-04 14:53:45,28,2641.227,2658.8385898876386,2621.4177975,2660.6657980132427,2660.6657980132427,-0.7302795423518355,tp,0.1,0.7000000000000001,175.4158988763873,0.8890610254319251,9409.562905400404
2024-10-04,1,2024-10-04 16:35:00,2024-10-04 20:57:55,53,2644.541,2653.58,2624.7069425000004,2658.49274288107,2658.49274288107,-0.52395263889171,session_end,0.1,0.7000000000000001,89.6899999999976,0.4557312592241843,9499.2529054004
2024-10-08,1,2024-10-08 14:30:00,2024-10-08 15:33:20,13,2627.735,2608.0269875000004,2608.0269875000004,2641.5404540229874,2641.5404540229874,-0.5222692691295647,sl,0.1,0.7000000000000001,-197.78012499999767,-1.0,9301.472780400403
2024-10-08,1,2024-10-08 15:40:00,2024-10-08 23:59:55,88,2608.546,2621.929,2588.981905,2639.7437553191485,2639.7437553191485,-1.1841018756523,session_end,0.1,0.7000000000000001,133.13000000000267,0.6840592421985506,9434.602780400406
2024-10-10,-1,2024-10-10 19:25:00,2024-10-10 23:59:55,43,2630.441,2633.248,2650.1693075,2617.317705293275,2617.317705293275,0.5036757547646592,session_end,0.1,0.7000000000000001,-28.770000000002437,-0.1422828592873585,9405.832780400404
2024-10-11,-1,2024-10-11 15:05:00,2024-10-11 20:57:55,71,2655.8,2656.962,2675.7185000000004,2642.2086427255967,2642.2086427255967,0.5136936218784784,session_end,0.1,0.7000000000000001,-12.319999999998071,-0.05833772623439487,9393.512780400406
2024-10-15,-1,2024-10-15 14:50:00,2024-10-15 23:59:55,98,2663.364,2660.598,2683.33923,2649.9757397003755,2649.9757397003755,0.5074295623983556,session_end,0.1,0.7000000000000001,26.960000000000765,0.13847149694897506,9420.472780400407
2024-10-17,-1,2024-10-17 14:55:00,2024-10-17 23:59:55,97,2695.917,2693.804,2716.1363775,2681.795646182497,2681.795646182497,0.528744754943871,session_end,0.1,0.7000000000000001,20.42999999999829,0.1045037118476977,9440.902780400404
2024-10-21,1,2024-10-21 19:10:00,2024-10-21 23:59:55,46,2714.531,2721.545,2694.1720175,2728.8723036231886,2728.8723036231886,-0.5248616288923375,session_end,0.1,0.7000000000000001,69.44000000000123,0.3445162350328733,9510.342780400406
2024-10-23,1,2024-10-23 13:40:00,2024-10-23 15:13:20,19,2732.307,2711.8146975,2711.8146975,2747.9696859756086,2747.9696859756086,-0.5721746515564725,sl,0.1,0.7000000000000001,-205.62302499999822,-1.0,9304.719755400407
2024-10-23,1,2024-10-23 15:20:00,2024-10-23 23:59:55,92,2713.643,2721.32,2693.2906775,2745.5100932971004,2745.5100932971004,-1.1606073995100101,session_end,0.1,0.7000000000000001,76.07000000000134,0.37720510767260945,9380.789755400408
2024-10-25,-1,2024-10-25 15:30:00,2024-10-25 20:57:55,66,2741.52,2747.121,2762.0814,2727.789254480286,2727.789254480286,0.50268713014366,session_end,0.1,0.7000000000000001,-56.71000000000113,-0.2724036301030134,9324.079755400408
2024-10-29,-1,2024-10-29 14:15:00,2024-10-29 23:59:55,105,2766.125,2775.014,2786.8709375000003,2752.3372836257317,2752.3372836257317,0.5007095771385225,session_end,0.1,0.7000000000000001,-89.59000000000124,-0.42846942925572734,9234.489755400406
2024-10-31,1,2024-10-31 13:25:00,2024-10-31 14:34:35,14,2766.503,2745.7542275,2745.7542275,2782.211474120081,2782.211474120081,-0.5661314485471519,sl,0.1,0.7000000000000001,-208.18772500000085,-1.0,9026.302030400406
2024-10-31,1,2024-10-31 14:40:00,2024-10-31 23:59:55,100,2743.07,2746.752,2722.4969750000005,2779.997451704544,2779.997451704544,-1.3275534364938055,session_end,0.1,0.7000000000000001,36.11999999999789,0.17897222212094938,9062.422030400403
2024-11-01,1,2024-11-01 17:40:00,2024-11-01 20:57:55,40,2736.434,2736.752,2715.910745,2750.181362421382,2750.181362421382,-0.5018164478153102,session_end,0.1,0.7000000000000001,2.4799999999975624,0.015494618178244888,9064.9020304004
2024-11-06,1,2024-11-06 06:30:00,2024-11-06 11:56:25,66,2717.707,2697.3241975,2697.3241975,2739.5350448717954,2739.5350448717954,-0.8009952240936692,sl,0.1,0.7000000000000001,-204.52802499999797,-1.0,8860.374005400403
2024-11-06,1,2024-11-06 12:05:00,2024-11-06 13:04:30,12,2706.12,2685.8241,2685.8241,2730.7538701149424,2730.7538701149424,-0.9013397503271287,sl,0.1,0.7000000000000001,-203.65900000000073,-1.0,8656.715005400401
2024-11-06,1,2024-11-06 13:10:00,2024-11-06 13:38:20,6,2682.772,2662.65121,2662.65121,2728.1416561181427,2728.1416561181427,-1.6653884528412175,sl,0.1,0.7000000000000001,-201.90789999999942,-1.0,8454.807105400403
2024-11-06,1,2024-11-06 13:45:00,2024-11-06 23:59:55,111,2661.072,2664.109,2641.11396,2725.85263131313,2725.85263131313,-2.3788935090703145,session_end,0.1,0.7000000000000001,29.669999999998073,0.15216925108877474,8484.477105400401
2024-11-07,-1,2024-11-07 13:05:00,2024-11-07 14:41:05,20,2674.542,2694.6010650000003,2694.6010650000003,2660.7019118895964,2660.7019118895964,0.522290304235338,sl,0.1,0.7000000000000001,-201.29065000000372,-1.0,8283.186455400397
2024-11-07,-1,2024-11-07 14:50:00,2024-11-07 23:59:55,98,2691.19,2706.965,2711.3739250000003,2663.494511235956,2663.494511235956,1.0409628646532676,session_end,0.1,0.7000000000000001,-158.4500000000009,-0.7815625553503532,8124.736455400396
2024-11-08,1,2024-11-08 07:15:00,2024-11-08 11:42:45,54,2683.291,2693.474383333333,2663.1663175000003,2697.2248716475087,2697.2248716475087,-0.5182501390390309,tp,0.1,0.7000000000000001,101.1338333333304,0.5060146083463987,8225.870288733726
2024-11-11,1,2024-11-11 13:05:00,2024-11-11 13:41:10,8,2656.581,2636.6566425,2636.6566425,2670.4646390658168,2670.4646390658168,-0.5196151584568846,sl,0.1,0.7000000000000001,-199.9435750000004,-1.0,8025.926713733726
2024-11-11,1,2024-11-11 13:50:00,2024-11-11 14:44:00,11,2638.366,2618.578255,2618.578255,2669.291818273092,2669.291818273092,-1.1607317739105993,sl,0.1,0.7000000000000001,-198.57745000000085,-1.0,7827.349263733725
2024-11-11,1,2024-11-11 14:50:00,2024-11-11 23:59:55,98,2623.907,2624.099,2604.2276975000004,2666.603609550561,2666.603609550561,-1.6023794986823277,session_end,0.1,0.7000000000000001,1.2200000000000726,0.009756443349555199,7828.569263733725
2024-11-12,1,2024-11-12 06:00:00,2024-11-12 13:08:50,86,2606.922,2609.2304511677266,2587.370085,2620.165787037036,2620.165787037036,-0.5047500086623052,tp,0.1,0.7000000000000001,22.384511677266165,0.11806777841079073,7850.9537754109915
2024-11-12,1,2024-11-12 17:15:00,2024-11-12 23:59:55,69,2593.369,2599.017,2573.9187325000003,2608.4278832528166,2608.4278832528166,-0.578294050207968,session_end,0.1,0.7000000000000001,55.77999999999683,0.2903816104328497,7906.7337754109885
2024-11-13,1,2024-11-13 16:35:00,2024-11-13 23:37:25,73,2589.007,2569.5894475,2569.5894475,2607.1044865996655,2607.1044865996655,-0.6935275012029734,sl,0.1,0.7000000000000001,-194.87552500000055,-1.0,7711.858250410988
2024-11-14,1,2024-11-14 09:35:00,2024-11-14 13:38:30,49,2546.825,2557.5986411042945,2527.7238125,2561.0794043478268,2561.0794043478268,-0.5578860352229056,tp,0.1,0.7000000000000001,107.03641104294711,0.564029911977711,7818.894661453935
2024-11-14,-1,2024-11-14 15:35:00,2024-11-14 23:59:55,89,2571.853,2566.997,2591.1418975,2558.1518297682705,2558.1518297682705,0.5376017979736128,session_end,0.1,0.7000000000000001,47.860000000002216,0.2517510396848862,7866.754661453938
2024-11-18,-1,2024-11-18 01:25:00,2024-11-18 05:32:15,50,2589.611,2586.904060606061,2609.0330825,2575.129245098039,2575.129245098039,0.5646029196257748,tp,0.1,0.7000000000000001,26.36939393938683,0.13937431240644008,7893.124055393325
2024-11-18,-1,2024-11-18 13:40:00,2024-11-18 23:59:55,112,2603.096,2612.803,2622.61922,2588.635597560976,2588.635597560976,0.5603686533821682,session_end,0.1,0.7000000000000001,-97.7699999999988,-0.497202817977765,7795.354055393326
2024-11-19,-1,2024-11-19 10:10:00,2024-11-19 14:19:25,50,2634.477,2625.071153996101,2654.2355775,2621.4003879781426,2621.4003879781426,0.5008052978882531,tp,0.1,0.7000000000000001,93.35846003898659,0.4760386219047677,7888.712515432313
2024-11-20,1,2024-11-20 08:00:00,2024-11-20 12:44:50,57,2621.654,2631.6812774122823,2601.991595,2636.0297777777787,2636.0297777777787,-0.5446933072919631,tp,0.1,0.7000000000000001,99.57277412282274,0.509972071691243,7988.285289555136
2024-11-20,-1,2024-11-20 14:45:00,2024-11-20 23:59:55,99,2645.618,2652.223,2665.4601350000003,2632.3540009416215,2632.3540009416215,0.505574062364629,session_end,0.1,0.7000000000000001,-66.75000000000018,-0.33287748521013033,7921.535289555135
2024-11-22,-1,2024-11-22 07:50:00,2024-11-22 13:29:25,68,2697.501,2691.1397722567276,2717.7322575000003,2683.973515957447,2683.973515957447,0.5034693510279474,tp,0.1,0.7000000000000001,62.91227743272593,0.3144257218451481,7984.447566987861
2024-11-22,-1,2024-11-22 16:15:00,2024-11-22 21:57:55,69,2706.399,2715.671,2726.6969925,2691.9176461538455,2691.9176461538455,0.5373066990671187,session_end,0.1,0.7000000000000001,-93.41999999999935,-0.4567939415683571,7891.027566987862
2024-11-25,1,2024-11-25 01:35:00,2024-11-25 03:28:05,23,2697.021,2676.7933425,2676.7933425,2710.672026315789,2710.672026315789,-0.5024778425260594,sl,0.1,0.7000000000000001,-202.97657500000076,-1.0,7688.050991987861
2024-11-25,1,2024-11-25 03:35:00,2024-11-25 11:08:20,91,2671.477,2680.6771867167918,2651.4409225,2702.3944844961243,2702.3944844961243,-1.1460201193349724,tp,0.1,0.7000000000000001,91.30186716791904,0.45918103065791904,7779.352859155781
2024-11-25,1,2024-11-25 14:10:00,2024-11-25 14:20:20,3,2667.312,2647.30716,2647.30716,2681.1222411764716,2681.1222411764716,-0.5182061810943334,sl,0.1,0.7000000000000001,-200.74840000000057,-1.0,7578.60445915578
2024-11-25,1,2024-11-25 14:30:00,2024-11-25 17:20:25,35,2645.555,2625.7133375,2625.7133375,2680.4448888888896,2680.4448888888896,-1.3037160000471215,sl,0.1,0.7000000000000001,-199.11662499999983,-1.0,7379.487834155781
2024-11-25,1,2024-11-25 17:30:00,2024-11-25 23:54:35,65,2625.033,2605.3452525000002,2605.3452525000002,2672.4561396825407,2672.4561396825407,-1.775319676085554,sl,0.1,0.7000000000000001,-197.57747499999658,-1.0,7181.910359155784
2024-11-26,-1,2024-11-26 13:10:00,2024-11-26 13:52:20,9,2638.801,2625.4604939759033,2658.5920075,2624.9998375527425,2624.9998375527425,0.526158601980476,tp,0.1,0.7000000000000001,132.70506024096613,0.6740690702126523,7314.61541939675
2024-11-27,-1,2024-11-27 09:00:00,2024-11-27 15:03:00,73,2653.548,2643.7776833333332,2673.44961,2639.2312808641977,2639.2312808641977,0.5414159509023186,tp,0.1,0.7000000000000001,97.00316666666531,0.4909309682315331,7411.618586063416
2024-11-28,-1,2024-11-28 10:40:00,2024-11-28 15:32:30,59,2649.17,2638.266647849462,2669.0387750000004,2634.948687499999,2634.948687499999,0.539775691552288,tp,0.1,0.7000000000000001,108.33352150538012,0.5487682129642019,7519.952107568796
2024-11-29,-1,2024-11-29 02:15:00,2024-11-29 08:44:15,78,2656.464,2655.585913461538,2676.3874800000003,2641.5072777777773,2641.5072777777773,0.5656703030094575,tp,0.1,0.7000000000000001,8.080865384619575,0.04407295002991147,7528.032972953416
2024-12-02,-1,2024-12-02 11:45:00,2024-12-02 18:06:30,77,2645.641,2635.6542619047636,2665.4833075,2631.64251891253,2631.64251891253,0.5325944153411085,tp,0.1,0.7000000000000001,99.16738095236433,0.5033052781404784,7627.2003539057805
2024-12-05,1,2024-12-05 15:30:00,2024-12-05 23:59:55,90,2634.224,2633.775,2614.46732,2647.8326577060943,2647.8326577060943,-0.5131803804348576,session_end,0.1,0.7000000000000001,-5.190000000000691,-0.022726490483222384,7622.01035390578
2024-12-06,1,2024-12-06 01:15:00,2024-12-06 02:43:10,18,2615.669,2624.7468333333336,2596.0514825,2630.0085888888884,2630.0085888888884,-0.5444502709756519,tp,0.1,0.7000000000000001,90.07833333333728,0.4627411869689322,7712.0886872391175
2024-12-06,-1,2024-12-06 03:40:00,2024-12-06 10:41:10,85,2639.11,2635.3083554687482,2658.903325,2625.9940530303033,2625.9940530303033,0.5016175476291116,tp,0.1,0.7000000000000001,37.31644531251895,0.192066998912607,7749.405132551637
2024-12-09,-1,2024-12-09 01:25:00,2024-12-09 03:26:30,25,2648.272,2641.1333861788607,2668.13404,2634.8452843137256,2634.8452843137256,0.5093360041354298,tp,0.1,0.7000000000000001,70.68613821139188,0.3594099005509603,7820.091270763029
2024-12-09,-1,2024-12-09 10:05:00,2024-12-09 23:59:55,155,2657.082,2660.548,2677.010115,2643.259701101926,2643.259701101926,0.5233613213376946,session_end,0.1,0.7000000000000001,-35.35999999999895,-0.1739251303999333,7784.73127076303
2024-12-10,-1,2024-12-10 14:20:00,2024-12-10 23:59:55,104,2683.686,2696.089,2703.813645,2669.1340562015503,2669.1340562015503,0.5496330828481302,session_end,0.1,0.7000000000000001,-124.72999999999793,-0.6162171481064861,7660.001270763032
2024-12-11,1,2024-12-11 04:55:00,2024-12-11 06:07:55,15,2683.887,2695.1193310502285,2663.7578475000005,2697.9295734463276,2697.9295734463276,-0.5217361336955394,tp,0.1,0.7000000000000001,111.62331050228367,0.5580131130820605,7771.624581265316
2024-12-11,-1,2024-12-11 15:05:00,2024-12-11 23:59:55,95,2709.739,2720.021,2730.0620425,2695.3967101851854,2695.3967101851854,0.5306005517025354,session_end,0.1,0.7000000000000001,-103.52000000000153,-0.5059281847193929,7668.104581265315
2024-12-12,1,2024-12-12 14:00:00,2024-12-12 15:43:00,21,2697.622,2677.389835,2677.389835,2712.951938492063,2712.951938492063,-0.5718287254541552,sl,0.1,0.7000000000000001,-203.02164999999894,-1.0,7465.082931265316
2024-12-12,1,2024-12-12 15:50:00,2024-12-12 23:59:55,86,2679.493,2680.685,2659.3968025,2709.82466491228,2709.82466491228,-1.1264258277488077,session_end,0.1,0.7000000000000001,11.220000000000073,0.05931470368959134,7476.302931265316
2024-12-13,1,2024-12-13 09:05:00,2024-12-13 18:41:55,116,2672.672,2652.62696,2652.62696,2686.155626911315,2686.155626911315,-0.5085754069663981,sl,0.1,0.7000000000000001,-201.1503999999997,-1.0,7275.152531265317
2024-12-13,1,2024-12-13 18:50:00,2024-12-13 21:57:55,38,2653.895,2648.453,2633.9907875,2674.6127898230097,2674.6127898230097,-0.7772822257529651,session_end,0.1,0.7000000000000001,-55.120000000000076,-0.273409460434568,7220.032531265317
2024-12-17,1,2024-12-17 13:55:00,2024-12-17 17:58:30,49,2635.139,2646.959234883721,2615.3754575000003,2649.0348293413176,2649.0348293413176,-0.5240523524852753,tp,0.1,0.7000000000000001,117.50234883720786,0.5980828023984501,7337.534880102525
2024-12-18,1,2024-12-18 19:05:00,2024-12-18 19:56:40,11,2626.011,2606.3159175,2606.3159175,2644.3820705967964,2644.3820705967964,-0.694285852295653,sl,0.1,0.7000000000000001,-197.65082499999897,-1.0,7139.884055102526
2024-12-18,1,2024-12-18 20:05:00,2024-12-18 21:54:35,22,2605.401,2585.8604925,2585.8604925,2642.9654446749646,2642.9654446749646,-1.4234747090910775,sl,0.1,0.7000000000000001,-196.10507499999875,-1.0,6943.778980102527
2024-12-18,1,2024-12-18 23:01:00,2024-12-18 23:59:55,12,2584.088,2588.286,2564.7073400000004,2638.662196969696,2638.662196969696,-1.994446164049874,session_end,0.1,0.7000000000000001,41.27999999999865,0.21660769034696997,6985.058980102526
2024-12-19,-1,2024-12-19 01:40:00,2024-12-19 06:03:15,53,2610.958,2606.2832453703704,2630.5401850000003,2596.52,2596.52,0.5577272657249057,tp,0.1,0.7000000000000001,46.0475462962966,0.23872487312471058,7031.106526398823
2024-12-19,-1,2024-12-19 07:35:00,2024-12-19 12:39:20,61,2620.887,2611.8665706401785,2640.5436525000005,2607.4641336996333,2607.4641336996333,0.5173749516249551,tp,0.1,0.7000000000000001,89.50429359821719,0.4588995689790815,7120.61081999704
2024-12-19,1,2024-12-19 13:55:00,2024-12-19 23:59:55,109,2596.853,2593.58,2577.3766025,2611.122464071858,2611.122464071858,-0.5429451995043573,session_end,0.1,0.7000000000000001,-33.430000000001385,-0.1680495584463259,7087.180819997039
2024-12-20,-1,2024-12-20 14:25:00,2024-12-20 21:57:55,91,2615.612,2622.742,2635.2290900000003,2602.0412899807316,2602.0412899807316,0.523212681969743,session_end,0.1,0.7000000000000001,-72.0000000000011,-0.3634585965604501,7015.180819997038
2024-12-23,1,2024-12-23 16:00:00,2024-12-23 23:59:55,84,2609.899,2615.55,2590.3247575,2622.972203993056,2622.972203993056,-0.5006040084247465,session_end,0.1,0.7000000000000001,55.810000000002944,0.28869571836561936,7070.990819997041
2024-12-27,1,2024-12-27 14:10:00,2024-12-27 21:57:55,94,2615.215,2621.681,2595.6008875,2630.171244117645,2630.171244117645,-0.5704474243340922,session_end,0.1,0.7000000000000001,63.95999999999894,0.32966059514545565,7134.9508199970405
2024-12-30,1,2024-12-30 15:10:00,2024-12-30 23:59:55,94,2603.356,2606.736,2583.8308300000003,2619.0783305860796,2619.0783305860796,-0.604213719050495,session_end,0.1,0.7000000000000001,33.09999999999654,0.17310988841580757,7168.050819997037
2024-12-31,-1,2024-12-31 15:40:00,2024-12-31 21:57:55,76,2623.85,2624.483,2643.528875,2610.331296985817,2610.331296985817,0.5172409735796049,session_end,0.1,0.7000000000000001,-7.030000000002656,-0.032166472931011734,7161.020819997035
2025-01-02,-1,2025-01-02 15:35:00,2025-01-02 23:59:55,89,2652.207,2658.428,2672.0985525,2636.9811568627442,2636.9811568627442,0.5795582989845146,session_end,0.1,0.7000000000000001,-62.91000000000004,-0.3127458251436099,7098.110819997035
2025-01-03,1,2025-01-03 15:20:00,2025-01-03 21:57:55,80,2641.861,2640.428,2622.0470425,2656.8475105973016,2656.8475105973016,-0.5658589940647937,session_end,0.1,0.7000000000000001,-15.029999999999927,-0.07232275531023985,7083.080819997035
2025-01-06,1,2025-01-06 14:20:00,2025-01-06 15:25:00,14,2618.825,2636.4435549549526,2599.1838125,2637.009189922477,2637.009189922477,-0.6888747294434437,tp,0.1,0.7000000000000001,175.48554954952743,0.8970208626618347,7258.566369546563
2025-01-07,-1,2025-01-07 13:15:00,2025-01-07 15:07:25,23,2654.944,2643.823778084714,2674.85608,2641.607774633123,2641.607774633123,0.5069914426920236,tp,0.1,0.7000000000000001,110.50221915286038,0.5584661127961521,7369.068588699423
2025-01-08,-1,2025-01-08 14:35:00,2025-01-08 17:38:45,37,2665.019,2653.7518633491313,2685.0066425,2651.262343809524,2651.262343809524,0.5180232813453741,tp,0.1,0.7000000000000001,111.97136650868451,0.5637051318517593,7481.039955208108
2025-01-09,-1,2025-01-09 13:35:00,2025-01-09 17:05:55,43,2676.894,2665.1847130081287,2696.9707049999997,2663.4765715746416,2663.4765715746416,0.5035121603277204,tp,0.1,0.7000000000000001,116.39286991871067,0.5832275262236059,7597.432825126819
2025-01-10,-1,2025-01-10 14:35:00,2025-01-10 21:57:55,89,2692.945,2689.65,2713.1420875000003,2676.3316676190466,2676.3316676190466,0.6241689915740058,session_end,0.1,0.7000000000000001,32.250000000000725,0.16314233425983046,7629.68282512682
2025-01-13,1,2025-01-13 12:15:00,2025-01-13 23:59:55,129,2671.457,2668.119,2651.4210725,2685.7651893424036,2685.7651893424036,-0.5317549501004627,session_end,0.1,0.7000000000000001,-34.07999999999738,-0.16660072262687745,7595.602825126823
2025-01-15,-1,2025-01-15 14:00:00,2025-01-15 14:36:15,8,2693.821,2680.7207114285725,2714.0246575,2680.3609067460325,2680.3609067460325,0.5046556685677334,tp,0.1,0.7000000000000001,130.30288571427428,0.6484117329462402,7725.905710841097
2025-01-15,-1,2025-01-15 21:15:00,2025-01-15 23:59:55,21,2697.085,2695.063,2717.3131375000003,2683.4645692810464,2683.4645692810464,0.5091899060405441,session_end,0.1,0.7000000000000001,19.519999999999346,0.09995977138280336,7745.425710841097
2025-01-16,-1,2025-01-16 13:35:00,2025-01-16 23:59:55,113,2713.58,2714.676,2733.93185,2699.86864417178,2699.86864417178,0.5067230162383262,session_end,0.1,0.7000000000000001,-11.660000000000036,-0.05385259816675157,7733.765710841097
2025-01-21,-1,2025-01-21 15:00:00,2025-01-21 23:59:55,96,2738.173,2744.357,2758.7092975,2723.161091666667,2723.161091666667,0.5523510298146792,session_end,0.1,0.7000000000000001,-62.54000000000197,-0.30112536108322907,7671.225710841095
2025-01-23,1,2025-01-23 13:40:00,2025-01-23 16:16:45,32,2736.539,2750.1626128205135,2716.0149575000005,2751.284256097561,2751.284256097561,-0.5350866986911191,tp,0.1,0.7000000000000001,135.53612820513246,0.6637879852623297,7806.761839046228
2025-01-24,-1,2025-01-24 03:05:00,2025-01-24 16:49:20,165,2777.312,2773.5962910447743,2798.1418400000002,2763.237815315316,2763.237815315316,0.5115261743430928,tp,0.1,0.7000000000000001,36.45708955225636,0.1783839412700999,7843.218928598484
2025-01-27,1,2025-01-27 15:05:00,2025-01-27 23:59:55,95,2743.631,2741.771,2723.0537675,2759.957836095765,2759.957836095765,-0.5932096455112877,session_end,0.1,0.7000000000000001,-19.299999999996725,-0.0903911641179002,7823.918928598488
2025-01-28,-1,2025-01-28 16:05:00,2025-01-28 23:59:55,83,2757.887,2762.801,2778.5711525,2743.7121770293606,2743.7121770293606,0.5156270795851772,session_end,0.1,0.7000000000000001,-49.8399999999976,-0.23757318555835266,7774.07892859849
2025-01-30,-1,2025-01-30 10:35:00,2025-01-30 23:59:55,148,2778.676,2796.244,2799.51607,2764.7569514435704,2764.7569514435704,0.5021616294040061,session_end,0.1,0.7000000000000001,-176.3800000000021,-0.8429914102975684,7597.698928598488
2025-01-31,-1,2025-01-31 15:00:00,2025-01-31 18:22:05,41,2812.434,2799.9279878787875,2833.5272550000004,2797.846361111111,2797.846361111111,0.5200120739693204,tp,0.1,0.7000000000000001,124.36012121212734,0.5928915248600845,7722.059049810616
2025-02-03,-1,2025-02-03 08:30:00,2025-02-03 14:43:50,75,2798.143,2819.1290725000003,2819.1290725000003,2783.938727124183,2783.938727124183,0.5095576543263503,sl,0.1,0.7000000000000001,-210.56072500000317,-1.0,7511.498324810613
2025-02-03,-1,2025-02-03 14:50:00,2025-02-03 23:59:55,98,2826.219,2814.125,2847.4156425,2792.2099222846427,2792.2099222846427,1.2201295269190222,session_end,0.1,0.7000000000000001,120.2400000000005,0.570562059533722,7631.738324810613
2025-02-04,-1,2025-02-04 13:25:00,2025-02-04 23:59:55,115,2832.275,2841.308,2853.5170625,2817.2266097308493,2817.2266097308493,0.5361262106846887,session_end,0.1,0.7000000000000001,-91.02999999999902,-0.42524119303386443,7540.708324810615
2025-02-05,-1,2025-02-05 08:45:00,2025-02-05 13:46:35,61,2869.596,2859.29400909091,2891.1179700000002,2853.7623158730166,2853.7623158730166,0.5510334213721277,tp,0.1,0.7000000000000001,102.31990909089909,0.4786732306145671,7643.028233901514
2025-02-05,-1,2025-02-05 15:05:00,2025-02-05 20:01:45,60,2874.544,2862.6601138888914,2896.10308,2859.8691279926347,2859.8691279926347,0.5126588438561192,tp,0.1,0.7000000000000001,118.13886111108495,0.5512241761294312,7761.167095012599
2025-02-06,1,2025-02-06 08:25:00,2025-02-06 11:37:55,39,2850.338,2864.5433429256595,2828.960465,2866.8634785478553,2866.8634785478553,-0.5779828258947527,tp,0.1,0.7000000000000001,141.35342925659353,0.6644986396073869,7902.520524269193
2025-02-06,1,2025-02-06 14:50:00,2025-02-06 23:59:55,98,2848.37,2858.058,2827.007225,2864.0434279026213,2864.0434279026213,-0.5514206854812442,session_end,0.1,0.7000000000000001,96.18000000000102,0.45349913576303064,7998.700524269194
2025-02-07,-1,2025-02-07 15:10:00,2025-02-07 16:17:00,14,2880.95,2866.763532478631,2902.557125,2865.7335824175816,2865.7335824175816,0.5329496669238132,tp,0.1,0.7000000000000001,141.16467521368742,0.6565643287280812,8139.8651994828815
2025-02-10,-1,2025-02-10 06:50:00,2025-02-10 15:19:30,102,2889.52,2911.1914,2911.1914,2874.720678861788,2874.720678861788,0.5163222029657797,sl,0.1,0.7000000000000001,-217.41400000000175,-1.0,7922.451199482879
2025-02-10,-1,2025-02-10 15:25:00,2025-02-10 23:59:55,91,2909.356,2917.946,2931.17617,2889.235750450451,2889.235750450451,0.6978921518053743,session_end,0.1,0.7000000000000001,-86.59999999999691,-0.39367245993040867,7835.851199482882
2025-02-11,1,2025-02-11 09:45:00,2025-02-11 13:19:25,43,2904.494,2882.7102950000003,2882.7102950000003,2919.6171524216543,2919.6171524216543,-0.5200220312810824,sl,0.1,0.7000000000000001,-218.53704999999826,-1.0,7617.314149482885
2025-02-11,1,2025-02-11 13:25:00,2025-02-11 23:59:55,115,2888.849,2898.597,2867.1826325,2914.560027950312,2914.560027950312,-0.8820380333147906,session_end,0.1,0.7000000000000001,96.78000000000047,0.4499139045804543,7714.094149482886
2025-02-12,1,2025-02-12 13:20:00,2025-02-12 14:11:05,11,2874.357,2888.4515147058814,2852.7993225,2889.1859343749993,2889.1859343749993,-0.5123046668230821,tp,0.1,0.7000000000000001,140.24514705881467,0.6538048779086474,7854.339296541701
2025-02-12,-1,2025-02-12 17:10:00,2025-02-12 23:59:55,70,2905.517,2905.879,2927.3083775,2889.5315703883484,2889.5315703883484,0.5520247563693469,session_end,0.1,0.7000000000000001,-4.3200000000008005,-0.016612075120082566,7850.019296541699
2025-02-14,1,2025-02-14 14:10:00,2025-02-14 15:32:50,17,2916.062,2894.191535,2894.191535,2931.1072431372545,2931.1072431372545,-0.512834976354043,sl,0.1,0.7000000000000001,-219.40464999999966,-1.0,7630.6146465417005
2025-02-14,1,2025-02-14 15:40:00,2025-02-14 19:48:00,50,2902.477,2880.7084225,2880.7084225,2929.756790780141,2929.756790780141,-0.9332273199667288,sl,0.1,0.7000000000000001,-218.3857749999999,-1.0,7412.2288715417
2025-02-14,1,2025-02-14 19:55:00,2025-02-14 21:57:55,25,2880.398,2882.834,2858.795015,2921.304151324966,2921.304151324966,-1.3973776508841458,session_end,0.1,0.7000000000000001,23.659999999996945,0.11276219466891707,7435.888871541698
2025-02-18,-1,2025-02-18 14:35:00,2025-02-18 23:59:55,101,2924.379,2934.159,2946.3118425000002,2909.704978095239,2909.704978095239,0.5040896590953627,session_end,0.1,0.7000000000000001,-98.500000000002,-0.44590663522067653,7337.388871541696
2025-02-20,1,2025-02-20 14:10:00,2025-02-20 16:25:55,28,2928.618,2943.862859560066,2906.653365,2945.1821029411763,2945.1821029411763,-0.5638905290301582,tp,0.1,0.7000000000000001,151.7485956006629,0.6940638694914082,7489.137467142358
2025-02-24,-1,2025-02-24 14:05:00,2025-02-24 14:28:05,5,2955.89,2940.7995655105974,2978.059175,2940.557746548324,2940.557746548324,0.5229196219569551,tp,0.1,0.7000000000000001,150.2043448940247,0.6806944547734624,7639.341812036384
2025-02-25,1,2025-02-25 12:45:00,2025-02-25 14:05:50,17,2925.994,2940.1865897435896,2904.049045,2941.0793115468414,2941.0793115468414,-0.5121525110766044,tp,0.1,0.7000000000000001,141.22589743589452,0.646735878182001,7780.567709472278
2025-02-25,1,2025-02-25 15:20:00,2025-02-25 16:07:35,10,2920.495,2898.5912875,2898.5912875,2939.9063777173915,2939.9063777173915,-0.6594726234936952,sl,0.1,0.7000000000000001,-219.73712499999982,-1.0,7560.830584472278
2025-02-25,1,2025-02-25 16:15:00,2025-02-25 23:59:55,81,2897.656,2918.666,2875.92358,2937.9703111111116,2937.9703111111116,-1.3716888478655345,session_end,0.1,0.7000000000000001,209.4000000000022,0.9667584189887916,7770.230584472281
2025-02-26,1,2025-02-26 14:10:00,2025-02-26 15:56:25,22,2899.545,2914.331490401395,2877.7984125000003,2915.7745460784304,2915.7745460784304,-0.5558401660453455,tp,0.1,0.7000000000000001,147.16490401394987,0.6799453202207068,7917.3954884862305
2025-02-27,1,2025-02-27 05:05:00,2025-02-27 14:46:50,117,2895.947,2874.2273975000003,2874.2273975000003,2910.724942622951,2910.724942622951,-0.5100599649780897,sl,0.1,0.7000000000000001,-217.89602499999836,-1.0,7699.499463486232
2025-02-27,1,2025-02-27 14:55:00,2025-02-27 23:59:55,97,2872.068,2876.124,2850.5274900000004,2896.442859404097,2896.442859404097,-0.8458775330074149,session_end,0.1,0.7000000000000001,39.85999999999585,0.18829637738380478,7739.359463486229
2025-02-28,1,2025-02-28 04:10:00,2025-02-28 14:42:40,127,2860.257,2838.8050725000003,2838.8050725000003,2874.7416066666656,2874.7416066666656,-0.5029010827665029,sl,0.1,0.7000000000000001,-215.21927499999782,-1.0,7524.140188486232
2025-02-28,1,2025-02-28 14:50:00,2025-02-28 21:48:15,84,2837.517,2858.7880114942527,2816.2356225,2863.948867977528,2863.948867977528,-0.9217471817564238,tp,0.1,0.7000000000000001,212.0101149425289,0.999512907200341,7736.15030342876
2025-03-03,-1,2025-03-03 15:25:00,2025-03-03 23:59:55,91,2886.534,2890.985,2908.1830050000003,2869.004485585586,2869.004485585586,0.6131748661530293,session_end,0.1,0.7000000000000001,-45.21000000000022,-0.2055983635275606,7690.940303428761
2025-03-04,-1,2025-03-04 08:15:00,2025-03-04 13:07:55,59,2905.536,2927.3275200000003,2927.3275200000003,2890.1772390572387,2890.1772390572387,0.5319833238938807,sl,0.1,0.7000000000000001,-218.61520000000218,-1.0,7472.325103428759
2025-03-04,-1,2025-03-04 13:15:00,2025-03-04 15:00:00,22,2926.579,2902.650097222222,2948.5283425000002,2900.544924528302,2900.544924528302,0.8995404708631117,tp,0.1,0.7000000000000001,238.5890277777815,1.0901876800080952,7710.91413120654
2025-03-04,-1,2025-03-04 20:20:00,2025-03-04 23:59:55,32,2919.98,2914.462,2941.8798500000003,2905.007254098359,2905.007254098359,0.5121930721738932,session_end,0.1,0.7000000000000001,54.48000000000029,0.2519651961086477,7765.39413120654
2025-03-05,1,2025-03-05 13:50:00,2025-03-05 14:38:25,10,2896.473,2913.4725228571438,2874.7494525,2914.0694738955835,2914.0694738955835,-0.605338138078153,tp,0.1,0.7000000000000001,169.29522857143803,0.7825389871126704,7934.689359777978
2025-03-05,-1,2025-03-05 16:25:00,2025-03-05 17:55:15,19,2929.382,2914.7265837209325,2951.352365,2914.0330532994935,2914.0330532994935,0.5261589837886627,tp,0.1,0.7000000000000001,145.85416279067596,0.6670538372515663,8080.543522568654
2025-03-06,1,2025-03-06 08:50:00,2025-03-06 14:34:40,69,2902.666,2912.3846800766282,2880.8960050000005,2918.632006289308,2918.632006289308,-0.5490759456750582,tp,0.1,0.7000000000000001,96.48680076628061,0.44642546204664796,8177.030323334935
2025-03-07,-1,2025-03-07 15:05:00,2025-03-07 15:41:35,8,2929.755,2913.87947074468,2951.7281625000005,2913.423938305709,2913.423938305709,0.5648529717189613,tp,0.1,0.7000000000000001,158.0552925532009,0.7224963295711212,8335.085615888136
2025-03-10,1,2025-03-10 17:20:00,2025-03-10 23:59:55,68,2892.082,2884.746,2870.391385,2908.037691506411,2908.037691506411,-0.5483832466473307,session_end,0.1,0.7000000000000001,-74.05999999999786,-0.3382107883985674,8261.025615888138
2025-03-11,-1,2025-03-11 10:25:00,2025-03-11 23:59:55,151,2913.524,2915.649,2935.37543,2898.3528946666656,2898.3528946666656,0.5271478625480315,session_end,0.1,0.7000000000000001,-21.95,-0.09724764008579685,8239.075615888138
2025-03-12,-1,2025-03-12 16:10:00,2025-03-12 23:59:55,82,2935.363,2938.137,2957.3782225,2916.418209621994,2916.418209621994,0.6495052841019373,session_end,0.1,0.7000000000000001,-28.44000000000342,-0.1260037231056975,8210.635615888135
2025-03-13,-1,2025-03-13 14:40:00,2025-03-13 16:10:10,19,2957.884,2980.06813,2980.06813,2942.917882575758,2942.917882575758,0.5104327753479262,sl,0.1,0.7000000000000001,-222.54130000000094,-1.0,7988.094315888134
2025-03-13,-1,2025-03-13 16:20:00,2025-03-13 23:59:55,80,2978.808,2986.534,3001.14906,2945.989343537415,2945.989343537415,1.1141641273953908,session_end,0.1,0.7000000000000001,-77.96000000000113,-0.3458206548838795,7910.134315888132
2025-03-14,-1,2025-03-14 10:20:00,2025-03-14 10:40:50,5,3004.576,2988.5782864583325,3027.1103200000002,2988.2139193548383,2988.2139193548383,0.5490765081739655,tp,0.1,0.7000000000000001,159.2771354166751,0.7099266160091523,8069.411451304807
2025-03-18,-1,2025-03-18 08:45:00,2025-03-18 23:59:55,171,3026.696,3031.872,3049.39622,3011.0883888888884,3011.0883888888884,0.5190518873103751,session_end,0.1,0.7000000000000001,-52.45999999999931,-0.22801541130437905,8016.951451304808
2025-03-20,1,2025-03-20 10:20:00,2025-03-20 18:05:10,94,3032.081,3043.052486175116,3009.3403925000002,3048.178465053764,3048.178465053764,-0.5290361190672481,tp,0.1,0.7000000000000001,109.01486175115842,0.48246231659008637,8125.966313055967
2025-03-21,1,2025-03-21 13:40:00,2025-03-21 20:57:55,88,3016.764,3023.554,2994.1382700000004,3033.2893729674793,3033.2893729674793,-0.5422124612987214,session_end,0.1,0.7000000000000001,67.19999999999963,0.3001008144267628,8193.166313055966
2025-03-24,1,2025-03-24 18:10:00,2025-03-24 23:59:55,58,3004.192,3009.972,2981.6605600000003,3020.783623853212,3020.783623853212,-0.5510200638594498,session_end,0.1,0.7000000000000001,57.100000000002,0.25653043036753376,8250.266313055969
2025-03-25,-1,2025-03-25 14:05:00,2025-03-25 15:31:10,18,3033.809,3018.3926845878113,3056.5625675000006,3017.4749082840226,3017.4749082840226,0.5410680191956272,tp,0.1,0.7000000000000001,153.46315412188852,0.6775339916339975,8403.729467177856
2025-03-27,-1,2025-03-27 10:20:00,2025-03-27 13:37:20,40,3049.779,3036.2491595092033,3072.6523425,3031.6882943548394,3031.6882943548394,0.5994417592006417,tp,0.1,0.7000000000000001,134.59840490796688,0.5915112970829106,8538.327872085823
2025-03-27,-1,2025-03-27 14:40:00,2025-03-27 23:59:55,100,3055.988,3055.809,3078.90791,3036.833963068182,3036.833963068182,0.630443980956885,session_end,0.1,0.7000000000000001,1.0899999999963255,0.007809803790662005,8539.41787208582
2025-03-31,-1,2025-03-31 02:35:00,2025-03-31 13:33:55,132,3106.439,3111.4707037037047,3129.7372925,3089.2056075268815,3089.2056075268815,0.5574861197699803,tp,0.1,0.7000000000000001,-51.01703703704807,-0.21596877555317762,8488.400835048771
2025-04-01,1,2025-04-01 15:55:00,2025-04-01 23:59:55,85,3118.317,3115.229,3094.9296225000003,3134.3326239092476,3134.3326239092476,-0.5125532557297845,session_end,0.1,0.7000000000000001,-31.580000000001927,-0.13203703578993534,8456.82083504877
2025-04-02,-1,2025-04-02 22:10:00,2025-04-02 23:47:05,20,3141.874,3165.438055,3165.438055,3124.736736220471,3124.736736220471,0.5479746047419016,sl,0.1,0.7000000000000001,-236.3405500000028,-1.0,8220.480285048767
2025-04-03,1,2025-04-03 05:20:00,2025-04-03 10:26:20,62,3132.076,3108.58543,3108.58543,3148.9128385416666,3148.9128385416666,-0.5365133748665654,sl,0.1,0.7000000000000001,-235.60569999999933,-1.0,7984.874585048767
2025-04-03,1,2025-04-03 10:35:00,2025-04-03 12:25:20,23,3102.923,3079.6510774999997,3079.6510774999997,3137.476324146981,3137.476324146981,-1.1031102890119997,sl,0.1,0.7000000000000001,-233.41922500000072,-1.0,7751.455360048767
2025-04-03,1,2025-04-03 12:35:00,2025-04-03 14:26:00,23,3068.483,3124.250060693641,3045.4693775000005,3130.5063035320086,3130.5063035320086,-1.9810470741438264,tp,0.1,0.7000000000000001,556.9706069364081,2.4232195819515874,8308.425966985174
2025-04-03,1,2025-04-03 15:20:00,2025-04-03 20:45:45,66,3107.317,3119.9023755020094,3084.0121225000003,3124.2085452898546,3124.2085452898546,-0.5427629123996595,tp,0.1,0.7000000000000001,125.15375502009356,0.5400318238964994,8433.579722005268
2025-04-04,1,2025-04-04 02:40:00,2025-04-04 04:43:45,25,3092.666,3104.538690476191,3069.4710050000003,3110.738260416667,3110.738260416667,-0.5829085862800439,tp,0.1,0.7000000000000001,118.02690476190655,0.5118643257388389,8551.606626767174
2025-04-04,1,2025-04-04 08:20:00,2025-04-04 10:26:15,26,3086.972,3100.2032226666647,3063.81971,3102.840603333332,3102.840603333332,-0.5122114012643207,tp,0.1,0.7000000000000001,131.61222666664509,0.5714865642519384,8683.21885343382
2025-04-04,-1,2025-04-04 11:10:00,2025-04-04 11:45:25,8,3127.6,3102.1443557919615,3151.0570000000002,3100.953771144277,3100.953771144277,0.8586303060524993,tp,0.1,0.7000000000000001,253.85644208038394,1.0852045959857624,8937.075295514203
2025-04-04,1,2025-04-04 12:40:00,2025-04-04 14:01:00,17,3080.498,3057.3942650000004,3057.3942650000004,3101.9174232456135,3101.9174232456135,-0.6924402011688411,sl,0.1,0.7000000000000001,-231.73734999999687,-1.0,8705.337945514206
2025-04-04,1,2025-04-04 14:10:00,2025-04-04 14:50:15,9,3050.144,3027.26792,3027.26792,3098.9336627450975,3098.9336627450975,-1.5738369404750023,sl,0.1,0.7000000000000001,-229.4608,-1.0,8475.877145514207
2025-04-04,1,2025-04-04 15:00:00,2025-04-04 17:30:05,31,3038.554,3015.764845,3015.764845,3095.964298148148,3095.964298148148,-1.8563133361235482,sl,0.1,0.7000000000000001,-228.59154999999936,-1.0,8247.285595514208
2025-04-04,1,2025-04-04 17:40:00,2025-04-04 20:57:55,40,3025.433,3038.587,3002.7422525,3085.735792452829,3085.735792452829,-1.954065302684229,session_end,0.1,0.7000000000000001,130.83999999999997,0.5797076539677727,8378.125595514208
2025-04-07,-1,2025-04-07 01:15:00,2025-04-07 01:33:10,4,3006.628,3029.1777100000004,3029.1777100000004,2987.0266333333334,2987.0266333333334,0.657907313157645,sl,0.1,0.7000000000000001,-226.1971000000023,-1.0,8151.928495514205
2025-04-07,-1,2025-04-07 01:40:00,2025-04-07 03:49:55,26,3049.055,3018.5949962962964,3071.9229125,2995.874666666667,2995.874666666667,1.7743009720922722,tp,0.1,0.7000000000000001,303.9000370370348,1.3319975622481082,8455.828532551239
2025-04-07,-1,2025-04-07 05:20:00,2025-04-07 06:13:45,11,3038.174,3023.3541936936936,3060.960305,3021.3221302083334,3021.3221302083334,0.5572517284181691,tp,0.1,0.7000000000000001,147.4980630630642,0.6503821618426666,8603.326595614304
2025-04-07,-1,2025-04-07 11:10:00,2025-04-07 12:06:00,12,3040.506,3025.8547321839083,3063.309795,3024.804985074627,3024.804985074627,0.5170090304181214,tp,0.1,0.7000000000000001,145.81267816091605,0.6424925244281241,8749.13927377522
2025-04-07,1,2025-04-07 13:45:00,2025-04-07 14:11:40,6,3006.952,3025.2958882352946,2984.3998600000004,3025.686627272728,3025.686627272728,-0.618045738913278,tp,0.1,0.7000000000000001,182.73888235294345,0.813399004941195,8931.878156128163
2025-04-07,1,2025-04-07 14:30:00,2025-04-07 15:12:20,9,3008.837,2986.2707225,2986.2707225,3025.2214195402307,3025.2214195402307,-0.5414122561224041,sl,0.1,0.7000000000000001,-226.36277500000068,-1.0,8705.515381128162
2025-04-07,1,2025-04-07 15:20:00,2025-04-07 16:49:00,18,2995.168,2972.7042400000005,2972.7042400000005,3023.8175090579716,3023.8175090579716,-0.9510828273142381,sl,0.1,0.7000000000000001,-225.33759999999637,-1.0,8480.177781128166
2025-04-07,1,2025-04-07 16:55:00,2025-04-07 23:59:55,73,2972.261,2981.399,2949.9690425,3019.890373563219,3019.890373563219,-1.578894187041614,session_end,0.1,0.7000000000000001,90.6799999999992,0.4099236238001928,8570.857781128165
2025-04-08,-1,2025-04-08 06:35:00,2025-04-08 09:18:45,33,3013.279,3000.982313813815,3035.8785925,2998.1309936708867,2998.1309936708867,0.506799281325236,tp,0.1,0.7000000000000001,122.2668618618507,0.5441109695311968,8693.124642990017
2025-04-08,-1,2025-04-08 12:10:00,2025-04-08 12:54:40,9,3018.472,3003.1550670995675,3041.1105400000006,3002.733595890411,3002.733595890411,0.5259841942423733,tp,0.1,0.7000000000000001,152.46932900432677,0.6765866041022266,8845.593971994342
2025-04-08,-1,2025-04-08 13:15:00,2025-04-08 15:12:05,24,3018.53,3004.3835604395613,3041.1689750000005,3003.274200209644,3003.274200209644,0.5106859636487915,tp,0.1,0.7000000000000001,140.76439560438922,0.6248710270866386,8986.358367598732
2025-04-08,1,2025-04-08 16:40:00,2025-04-08 23:59:55,76,2988.41,2978.382,2965.996925,3004.1329850000016,3004.1329850000016,-0.524926329118603,session_end,0.1,0.7000000000000001,-100.97999999999793,-0.4474174114885986,8885.378367598734
2025-04-09,-1,2025-04-09 01:40:00,2025-04-09 05:15:25,44,2997.792,3020.27544,3020.27544,2982.197633333334,2982.197633333334,0.5238709363873821,sl,0.1,0.7000000000000001,-225.53439999999972,-1.0,8659.843967598734
2025-04-09,-1,2025-04-09 05:25:00,2025-04-09 06:58:10,19,3018.073,3040.7085475,3040.7085475,2999.6815205128214,2999.6815205128214,0.6128977146892389,sl,0.1,0.7000000000000001,-227.05547500000029,-1.0,8432.788492598733
2025-04-09,-1,2025-04-09 07:05:00,2025-04-09 11:26:20,53,3041.959,3064.7736925,3064.7736925,3005.5311470588235,3005.5311470588235,1.2138404546856112,sl,0.1,0.7000000000000001,-228.8469250000009,-1.0,8203.941567598733
2025-04-09,-1,2025-04-09 11:35:00,2025-04-09 14:17:50,33,3058.768,3081.7087600000004,3081.7087600000004,3020.975553956833,3020.975553956833,1.2512496499237362,sl,0.1,0.7000000000000001,-230.10760000000408,-1.0,7973.833967598728
2025-04-09,-1,2025-04-09 14:25:00,2025-04-09 23:59:55,103,3082.744,3086.883,3105.8645800000004,3029.201664739883,3029.201664739883,1.7704280267759003,session_end,0.1,0.7000000000000001,-42.08999999999669,-0.17901800041346821,7931.743967598732
2025-04-10,-1,2025-04-10 02:10:00,2025-04-10 07:30:40,65,3111.874,3113.027368518519,3135.213055,3091.3676410256408,3091.3676410256408,0.666820041097407,tp,0.1,0.7000000000000001,-12.233685185190733,-0.04941796137500233,7919.510282413541
2025-04-10,-1,2025-04-10 13:25:00,2025-04-10 15:01:10,20,3134.867,3158.3785025,3158.3785025,3114.847881987578,3114.847881987578,0.6435504644814601,sl,0.1,0.7000000000000001,-235.81502500000005,-1.0,7683.695257413541
2025-04-10,-1,2025-04-10 15:10:00,2025-04-10 22:33:10,77,3157.617,3181.2991275000004,3181.2991275000004,3117.733920329672,3117.733920329672,1.2763622774492696,sl,0.1,0.7000000000000001,-237.52127500000205,-1.0,7446.173982413539
2025-04-10,-1,2025-04-10 22:40:00,2025-04-10 23:59:55,16,3185.054,3189.071,3208.941905,3132.859997435899,3132.859997435899,1.6674062232865443,session_end,0.1,0.7000000000000001,-40.86999999999826,-0.16816041423472747,7405.303982413541
2025-04-11,-1,2025-04-11 00:45:00,2025-04-11 01:18:30,7,3212.638,3201.543277777778,3236.732785,3195.7647962962965,3195.7647962962965,0.5306931136909413,tp,0.1,0.7000000000000001,110.24722222222117,0.4604615572299986,7515.551204635763
2025-04-11,1,2025-04-11 05:45:00,2025-04-11 06:42:20,12,3189.288,3209.322912500001,3165.36834,3211.2873454106293,3211.2873454106293,-0.6870093840141309,tp,0.1,0.7000000000000001,199.64912500001157,0.8375918595833359,7715.200329635774
2025-04-11,-1,2025-04-11 09:50:00,2025-04-11 10:51:15,13,3226.673,3212.055135897437,3250.8730474999998,3210.582341807911,3210.582341807911,0.5015650270792127,tp,0.1,0.7000000000000001,145.47864102562636,0.6040427855591046,7860.678970661401
2025-04-11,-1,2025-04-11 12:55:00,2025-04-11 20:57:55,97,3229.573,3237.678,3253.7947975,3213.2583559139803,3213.2583559139803,0.5065308258224351,session_end,0.1,0.7000000000000001,-81.75000000000018,-0.33461595903441566,7778.928970661401
2025-04-14,-1,2025-04-14 02:05:00,2025-04-14 03:01:30,12,3243.508,3230.147222222223,3267.83431,3227.3108999999995,3227.3108999999995,0.5014887161940458,tp,0.1,0.7000000000000001,132.90777777777004,0.5492315841480601,7911.836748439171
2025-04-14,1,2025-04-14 10:25:00,2025-04-14 12:05:05,21,3207.479,3227.3933091954023,3183.4229075,3228.7788359999986,3228.7788359999986,-0.6613749991762682,tp,0.1,0.7000000000000001,198.4430919540244,0.8278280936690968,8110.279840393196
2025-04-14,1,2025-04-14 12:40:00,2025-04-14 23:59:55,119,3209.035,3212.688,3184.9672375,3226.9999934210523,3226.9999934210523,-0.5571891372082164,session_end,0.1,0.7000000000000001,35.83000000000247,0.15177979257524546,8146.109840393197
2025-04-15,-1,2025-04-15 22:55:00,2025-04-15 23:59:55,13,3240.808,3251.878,3265.1140600000003,3224.2123365019006,3224.2123365019006,0.5164722964916691,session_end,0.1,0.7000000000000001,-111.40000000000164,-0.45544197619852855,8034.709840393196
2025-04-16,-1,2025-04-16 05:10:00,2025-04-16 08:15:10,38,3287.457,3312.1129275000003,3312.1129275000003,3271.1077311827958,3271.1077311827958,0.5004044550769117,sl,0.1,0.7000000000000001,-247.25927500000415,-1.0,7787.450565393192
2025-04-16,-1,2025-04-16 08:25:00,2025-04-16 18:25:35,121,3313.631,3338.4832325,3338.4832325,3279.9522970297025,3279.9522970297025,1.029197985619109,sl,0.1,0.7000000000000001,-249.22232500000354,-1.0,7538.228240393189
2025-04-16,-1,2025-04-16 18:35:00,2025-04-16 23:59:55,53,3337.821,3350.231,3362.8546575,3297.748952167413,3297.748952167413,1.2169073029713715,session_end,0.1,0.7000000000000001,-124.8000000000031,-0.49573259520708274,7413.428240393186
2025-04-17,1,2025-04-17 01:50:00,2025-04-17 03:14:30,17,3328.539,3340.656377192982,3303.5749575000004,3345.8389090909086,3345.8389090909086,-0.5167735076524251,tp,0.1,0.7000000000000001,120.47377192981621,0.48539322880025254,7533.902012323002
2025-04-17,1,2025-04-17 07:20:00,2025-04-17 10:26:55,38,3318.513,3333.1897013333346,3293.6241525,3338.022142045456,3338.022142045456,-0.5859949758592459,tp,0.1,0.7000000000000001,146.06701333334678,0.5896898734798687,7679.969025656349
2025-04-17,1,2025-04-17 14:05:00,2025-04-17 20:30:10,78,3307.097,3325.082198509485,3282.2937725,3331.5021715976345,3331.5021715976345,-0.7317021073993324,tp,0.1,0.7000000000000001,179.1519850948469,0.725115250000616,7859.121010751196
2025-04-21,-1,2025-04-21 11:45:00,2025-04-21 14:09:10,29,3403.528,3429.05446,3429.05446,3383.7843900709213,3383.7843900709213,0.5825758280262497,sl,0.1,0.7000000000000001,-255.96460000000042,-1.0,7603.156410751196
2025-04-21,-1,2025-04-21 14:15:00,2025-04-21 23:59:55,105,3426.547,3434.647,3452.2461025000002,3388.808003898636,3388.808003898636,1.1150674826632858,session_end,0.1,0.7000000000000001,-81.6999999999991,-0.31518610426180615,7521.456410751197
2025-04-22,-1,2025-04-22 01:40:00,2025-04-22 03:03:40,17,3450.473,3476.3515475000004,3476.3515475000004,3429.1382666666673,3429.1382666666673,0.6237203539221339,sl,0.1,0.7000000000000001,-259.4854750000042,-1.0,7261.970935751193
2025-04-22,-1,2025-04-22 03:10:00,2025-04-22 06:18:05,38,3473.769,3499.8222675,3499.8222675,3443.192701754386,3443.192701754386,0.8876877042066353,sl,0.1,0.7000000000000001,-261.232675000004,-1.0,7000.738260751189
2025-04-22,-1,2025-04-22 06:25:00,2025-04-22 07:13:25,10,3485.963,3466.2767984496136,3512.1077225000004,3464.542365800866,3464.542365800866,0.617892117886843,tp,0.1,0.7000000000000001,196.16201550386614,0.7529703767323017,7196.900276255055
2025-04-22,1,2025-04-22 08:55:00,2025-04-22 10:05:10,15,3447.073,3464.8129628099173,3421.2199525,3466.211082554517,3466.211082554517,-0.5535030065271686,tp,0.1,0.7000000000000001,176.69962809917416,0.6861845904208225,7373.59990435423
2025-04-22,1,2025-04-22 12:50:00,2025-04-22 13:45:05,12,3435.569,3409.8022325,3409.8022325,3462.7749956709954,3462.7749956709954,-0.7852804673994194,sl,0.1,0.7000000000000001,-258.36767499999786,-1.0,7115.232229354232
2025-04-22,1,2025-04-22 13:55:00,2025-04-22 16:19:40,29,3425.963,3400.2682775000003,3400.2682775000003,3460.3921287425146,3460.3921287425146,-0.9942118541061631,sl,0.1,0.7000000000000001,-257.64722499999897,-1.0,6857.585004354233
2025-04-22,1,2025-04-22 16:25:00,2025-04-22 16:40:50,4,3398.028,3372.54279,3372.54279,3454.793987309645,3454.793987309645,-1.6450904892857028,sl,0.1,0.7000000000000001,-255.55209999999823,-1.0,6602.032904354235
2025-04-22,1,2025-04-22 16:50:00,2025-04-22 22:02:55,51,3386.25,3360.853125,3360.853125,3453.057328382839,3453.057328382839,-1.9368583264779162,sl,0.1,0.7000000000000001,-254.66874999999908,-1.0,6347.364154354236
2025-04-22,1,2025-04-22 22:10:00,2025-04-22 23:59:55,22,3332.959,3336.622,3307.9618075,3438.9702709973735,3438.9702709973735,-3.0841432940510076,session_end,0.1,0.7000000000000001,35.930000000000106,0.14653645604401427,6383.2941543542365
2025-04-23,-1,2025-04-23 00:55:00,2025-04-23 02:39:20,21,3369.636,3364.996252688171,3394.9082700000004,3349.4393181818177,3349.4393181818177,0.6023151907446227,tp,0.1,0.7000000000000001,45.69747311829069,0.18359044564769994,6428.991627472527
2025-04-23,1,2025-04-23 03:05:00,2025-04-23 05:41:25,32,3345.004,3319.91647,3319.91647,3363.9496711711704,3363.9496711711704,-0.5623500058068366,sl,0.1,0.7000000000000001,-251.57529999999787,-1.0,6177.41632747253
2025-04-23,1,2025-04-23 05:50:00,2025-04-23 06:55:40,14,3318.014,3293.1288950000003,3293.1288950000003,3352.7553476190474,3352.7553476190474,-1.0376494558051503,sl,0.1,0.7000000000000001,-249.55104999999838,-1.0,5927.8652774725315
2025-04-23,1,2025-04-23 07:05:00,2025-04-23 09:20:10,28,3310.47,3338.9102886904757,3285.641475,3346.1212176470585,3346.1212176470585,-1.0674663385977163,tp,0.1,0.7000000000000001,283.7028869047588,1.1454683147901858,6211.5681643772905
2025-04-23,1,2025-04-23 10:00:00,2025-04-23 11:22:35,17,3317.816,3337.279303921569,3292.93238,3338.4067999999993,3338.4067999999993,-0.6165306157416041,tp,0.1,0.7000000000000001,193.9330392156915,0.7821733301492891,6405.501203592982
2025-04-23,1,2025-04-23 12:10:00,2025-04-23 13:32:10,17,3319.124,3294.23057,3294.23057,3336.82203196347,3336.82203196347,-0.5304308049373369,sl,0.1,0.7000000000000001,-249.63429999999624,-1.0,6155.866903592986
2025-04-23,1,2025-04-23 13:40:00,2025-04-23 14:01:55,5,3287.71,3263.0521750000003,3263.0521750000003,3334.2407926829273,3334.2407926829273,-1.3969384810222074,sl,0.1,0.7000000000000001,-247.27824999999774,-1.0,5908.5886535929885
2025-04-23,1,2025-04-23 14:10:00,2025-04-23 23:51:30,105,3263.552,3316.889881995134,3239.0753600000003,3332.2155019607853,3332.2155019607853,-2.0603109828997335,tp,0.1,0.7000000000000001,532.6788199513401,2.179134145664369,6441.267473544329
2025-04-24,-1,2025-04-24 01:15:00,2025-04-24 02:37:15,17,3348.356,3344.2101021505373,3373.4686700000007,3330.437277777778,3330.437277777778,0.5394853805566989,tp,0.1,0.7000000000000001,40.75897849462926,0.16509187790318014,6482.026452038958
2025-04-24,1,2025-04-24 03:35:00,2025-04-24 07:04:30,42,3323.369,3334.376902777778,3298.4437325000004,3342.343531007752,3342.343531007752,-0.5673274105978822,tp,0.1,0.7000000000000001,109.37902777777872,0.44163629448622627,6591.405479816737
2025-04-24,1,2025-04-24 13:45:00,2025-04-24 16:04:25,28,3316.656,3332.394688368056,3291.78108,3334.207301010101,3334.207301010101,-0.5286354272201741,tp,0.1,0.7000000000000001,156.68688368056047,0.6327131250293953,6748.092363497298
2025-04-24,-1,2025-04-24 22:25:00,2025-04-24 23:59:55,19,3354.869,3349.074,3380.0305175000003,3333.518905138339,3333.518905138339,0.643182038914254,session_end,0.1,0.7000000000000001,57.250000000000725,0.2303120231122798,6805.342363497299
2025-04-25,1,2025-04-25 04:00:00,2025-04-25 05:52:25,23,3323.779,3298.8506575,3298.8506575,3350.3213888888895,3350.3213888888895,-0.7935623423192489,sl,0.1,0.7000000000000001,-249.9834249999987,-1.0,6555.3589384973
2025-04-25,1,2025-04-25 06:00:00,2025-04-25 13:27:15,90,3294.407,3269.6989475000005,3269.6989475000005,3339.5491481481486,3339.5491481481486,-1.3461292573902295,sl,0.1,0.7000000000000001,-247.78052499999666,-1.0,6307.578413497304
2025-04-25,1,2025-04-25 13:35:00,2025-04-25 19:43:25,74,3270.368,3306.856913135595,3245.84024,3316.5280746421254,3316.5280746421254,-1.3915629116785064,tp,0.1,0.7000000000000001,364.18913135594886,1.487657785937035,6671.767544853253
2025-04-28,1,2025-04-28 01:30:00,2025-04-28 03:22:00,23,3291.14,3293.311525,3266.45645,3308.104592592593,3308.104592592593,-0.5115041595263307,tp,0.1,0.7000000000000001,21.015250000002016,0.08797458226228498,6692.782794853255
2025-04-28,-1,2025-04-28 14:20:00,2025-04-28 14:47:15,6,3307.525,3332.3314375000004,3332.3314375000004,3290.9147596899224,3290.9147596899224,0.5058393038307027,sl,0.1,0.7000000000000001,-248.76437500000355,-1.0,6444.0184198532515
2025-04-28,-1,2025-04-28 14:55:00,2025-04-28 23:59:55,97,3329.796,3337.781,3354.76947,3292.146375232774,3292.146375232774,1.1451533580295308,session_end,0.1,0.7000000000000001,-80.55000000000128,-0.31973930735296346,6363.46841985325
2025-04-29,1,2025-04-29 05:20:00,2025-04-29 06:29:20,14,3306.085,3321.497465367965,3281.2893625,3323.392802083333,3323.392802083333,-0.5210729851878358,tp,0.1,0.7000000000000001,153.4246536796507,0.6215797181244137,6516.893073532901
2025-04-30,1,2025-04-30 08:15:00,2025-04-30 12:46:55,55,3285.288,3299.768700435731,3260.64834,3310.3742205387202,3310.3742205387202,-0.7593014826773813,tp,0.1,0.7000000000000001,144.10700435730797,0.5876988739183455,6661.0000778902095
2025-04-30,-1,2025-04-30 13:40:00,2025-04-30 14:02:00,5,3319.261,3300.3456488095244,3344.1554575,3300.0334105691063,3300.0334105691063,0.5824210557789141,tp,0.1,0.7000000000000001,188.45351190475577,0.75982178725829,6849.453589794965
2025-04-30,1,2025-04-30 22:15:00,2025-04-30 23:59:55,21,3276.654,3272.949,3252.079095,3301.1656333333326,3301.1656333333326,-0.7438322114282534,session_end,0.1,0.7000000000000001,-37.749999999999275,-0.15076355330773142,6811.703589794966
2025-05-01,1,2025-05-01 00:35:00,2025-05-01 02:24:40,22,3249.166,3249.60430952381,3224.7972550000004,3266.0434047619046,3266.0434047619046,-0.5180551102669259,tp,0.1,0.7000000000000001,3.6830952380994857,0.017986544806060094,6815.386685033066
2025-05-01,1,2025-05-01 04:20:00,2025-05-01 06:03:40,21,3226.06,3239.8300324074066,3201.8645500000002,3243.707121794872,3243.707121794872,-0.5454753197656546,tp,0.1,0.7000000000000001,137.0003240740669,0.5691166069408444,6952.387009107133
2025-05-01,1,2025-05-01 09:55:00,2025-05-01 12:56:05,37,3220.744,3232.714486021506,3196.5884200000005,3236.994357142857,3236.994357142857,-0.5030857439378128,tp,0.1,0.7000000000000001,119.00486021506076,0.49555779747396883,7071.391869322194
2025-05-01,1,2025-05-01 15:35:00,2025-05-01 19:43:05,50,3209.209,3228.1626122881335,3185.1399325,3230.994812834223,3230.994812834223,-0.675745833682435,tp,0.1,0.7000000000000001,188.83612288133628,0.7874676610605678,7260.22799220353
2025-05-02,1,2025-05-02 15:40:00,2025-05-02 20:57:55,64,3236.045,3241.009,3211.7746625000004,3253.335369680852,3253.335369680852,-0.5332641031273117,session_end,0.1,0.7000000000000001,48.939999999999415,0.20452950025931924,7309.16799220353
2025-05-05,-1,2025-05-05 01:35:00,2025-05-05 03:18:25,21,3267.624,3258.8966367521366,3292.13118,3250.9717105263153,3250.9717105263153,0.5118404881779421,tp,0.1,0.7000000000000001,86.57363247863195,0.3561145447115161,7395.741624682162
2025-05-05,-1,2025-05-05 08:45:00,2025-05-05 09:29:55,9,3277.212,3301.79109,3301.79109,3259.9792873015876,3259.9792873015876,0.5278012889663067,sl,0.1,0.7000000000000001,-246.49090000000177,-1.0,7149.250724682161
2025-05-05,-1,2025-05-05 09:35:00,2025-05-05 14:06:00,55,3300.239,3324.9907925,3324.9907925,3262.547844927536,3262.547844927536,1.155068273743615,sl,0.1,0.7000000000000001,-248.2179250000019,-1.0,6901.032799682159
2025-05-05,-1,2025-05-05 14:15:00,2025-05-05 23:59:55,105,3316.123,3334.129,3340.9939225000003,3279.6917339181296,3279.6917339181296,1.110280143261144,session_end,0.1,0.7000000000000001,-180.75999999999857,-0.7239779706603038,6720.27279968216
2025-05-06,-1,2025-05-06 01:05:00,2025-05-06 01:41:30,8,3349.846,3374.969845,3374.969845,3329.8893717948717,3329.8893717948717,0.6009547456629654,sl,0.1,0.7000000000000001,-251.93845000000073,-1.0,6468.33434968216
2025-05-06,-1,2025-05-06 01:50:00,2025-05-06 03:00:35,15,3377.792,3355.7899166666666,3403.1254400000003,3344.0065757575753,3344.0065757575753,1.0119574670620375,tp,0.1,0.7000000000000001,219.32083333333304,0.868499632633113,6687.655183015493
2025-05-06,-1,2025-05-06 07:35:00,2025-05-06 16:25:00,107,3378.13,3403.4659750000005,3403.4659750000005,3359.5423388278377,3359.5423388278377,0.5551697014382638,sl,0.1,0.7000000000000001,-254.05975000000416,-1.0,6433.595433015489
2025-05-06,-1,2025-05-06 16:35:00,2025-05-06 20:42:30,50,3404.904,3430.4407800000004,3430.4407800000004,3373.277975711892,3373.277975711892,0.936463716170374,sl,0.1,0.7000000000000001,-256.0678000000036,-1.0,6177.527633015486
2025-05-06,-1,2025-05-06 20:50:00,2025-05-06 22:59:15,14,3430.644,3383.288996831433,3456.37383,3382.095649333334,3382.095649333334,1.4362057050704773,tp,0.1,0.7000000000000001,472.85003168566783,1.8404708919012047,6650.377664701154
2025-05-07,1,2025-05-07 00:45:00,2025-05-07 01:02:40,4,3365.416,3382.5565277777782,3340.17538,3386.5121296296297,3386.5121296296297,-0.6219859496541479,tp,0.1,0.7000000000000001,170.70527777778062,0.6790850532902138,6821.0829424789345
2025-05-07,1,2025-05-07 20:55:00,2025-05-07 23:59:55,25,3366.065,3376.55,3340.8195125,3383.7904667994694,3383.7904667994694,-0.5252383968171617,session_end,0.1,0.7000000000000001,104.15000000000127,0.41532174809459266,6925.232942478936
2025-05-08,-1,2025-05-08 02:00:00,2025-05-08 03:40:50,21,3408.723,3396.006037878788,3434.2884225000003,3387.726875,3387.726875,0.6194013205388732,tp,0.1,0.7000000000000001,126.46962121211963,0.49742820096995527,7051.702563691056
2025-05-08,1,2025-05-08 05:15:00,2025-05-08 06:14:15,12,3374.963,3349.6507775000005,3349.6507775000005,3394.4131666666676,3394.4131666666676,-0.5750527619428223,sl,0.1,0.7000000000000001,-253.82222499999733,-1.0,6797.880338691059
2025-05-08,1,2025-05-08 06:20:00,2025-05-08 13:18:50,84,3342.005,3364.7164790356396,3316.9399625,3389.445153508772,3389.445153508772,-1.4030807803318777,tp,0.1,0.7000000000000001,226.41479035639514,0.9061019372358609,7024.295129047454
2025-05-08,1,2025-05-08 15:35:00,2025-05-08 16:13:20,8,3343.648,3318.5706400000004,3318.5706400000004,3363.690605169341,3363.690605169341,-0.5980664552924341,sl,0.1,0.7000000000000001,-251.4735999999977,-1.0,6772.821529047456
2025-05-08,1,2025-05-08 16:20:00,2025-05-08 23:59:55,80,3308.338,3316.474,3283.525465,3362.0741632653057,3362.0741632653057,-1.5976049503066012,session_end,0.1,0.7000000000000001,80.65999999999967,0.3278987818052432,6853.481529047456
2025-05-09,1,2025-05-09 01:35:00,2025-05-09 02:52:55,16,3295.119,3302.478470588236,3270.4056075000003,3313.5606403508777,3313.5606403508777,-0.5578331697264581,tp,0.1,0.7000000000000001,72.89470588236036,0.29779280963696453,6926.376234929817
2025-05-09,-1,2025-05-09 05:00:00,2025-05-09 20:57:55,192,3324.669,3326.904,3349.6040175000003,3306.210700000001,3306.210700000001,0.5592444546864154,session_end,0.1,0.7000000000000001,-23.050000000001273,-0.08963298301274865,6903.326234929816
2025-05-12,1,2025-05-12 01:15:00,2025-05-12 01:49:30,7,3261.93,3275.990603174604,3237.465525,3279.605411111111,3279.605411111111,-0.5420746974889206,tp,0.1,0.7000000000000001,139.9060317460424,0.57473553692055,7043.232266675858
2025-05-12,1,2025-05-12 07:05:00,2025-05-12 07:26:45,5,3254.814,3230.402895,3230.402895,3276.454584313726,3276.454584313726,-0.6600452946078548,sl,0.1,0.7000000000000001,-244.81104999999678,-1.0,6798.421216675862
2025-05-12,1,2025-05-12 07:35:00,2025-05-12 23:59:55,185,3231.264,3236.942,3207.0295200000005,3274.1517582417596,3274.1517582417596,-1.3109428459971322,session_end,0.1,0.7000000000000001,56.07999999999883,0.23429427823497645,6854.501216675861
2025-05-13,1,2025-05-13 01:45:00,2025-05-13 02:38:15,11,3217.556,3232.788575268816,3193.4243300000003,3235.9062301587296,3235.9062301587296,-0.5690749004746728,tp,0.1,0.7000000000000001,151.62575268816164,0.6312275639778065,7006.126969364022
2025-05-13,-1,2025-05-13 04:55:00,2025-05-13 12:02:20,86,3251.684,3246.8738958333324,3276.0716300000004,3234.68692937853,3234.68692937853,0.5267146711086441,tp,0.1,0.7000000000000001,47.4010416666777,0.19723540855211172,7053.5280110307
2025-05-13,1,2025-05-13 14:00:00,2025-05-13 14:41:30,9,3227.67,3245.651195075757,3203.4624750000003,3246.0571289682534,3246.0571289682534,-0.565628645423418,tp,0.1,0.7000000000000001,179.11195075757115,0.7427936179248915,7232.639961788272
2025-05-14,1,2025-05-14 12:15:00,2025-05-14 12:47:00,7,3213.709,3189.6061825,3189.6061825,3233.720089569162,3233.720089569162,-0.6180370908919599,sl,0.1,0.7000000000000001,-241.72817499999672,-1.0,6990.911786788275
2025-05-14,1,2025-05-14 12:55:00,2025-05-14 23:59:55,121,3186.5,3186.19,3162.60125,3232.2879623655926,3232.2879623655926,-1.4160700685867875,session_end,0.1,0.7000000000000001,-3.7999999999994545,-0.012971389717033216,6987.111786788276
2025-05-15,1,2025-05-15 02:25:00,2025-05-15 04:46:25,29,3165.093,3141.3548025,3141.3548025,3181.4819712643675,3181.4819712643675,-0.5150578067822572,sl,0.1,0.7000000000000001,-238.0819749999984,-1.0,6749.029811788278
2025-05-15,1,2025-05-15 04:55:00,2025-05-15 08:38:10,45,3136.322,3155.6717119741106,3112.799585,3166.340395480226,3166.340395480226,-0.9495787478549268,tp,0.1,0.7000000000000001,192.79711974110506,0.8226073714842026,6941.826931529383
2025-05-15,-1,2025-05-15 10:10:00,2025-05-15 13:15:50,38,3174.56,3198.3692,3198.3692,3157.14200136612,3157.14200136612,0.5546946772207859,sl,0.1,0.7000000000000001,-238.79200000000145,-1.0,6703.0349315293815
2025-05-15,-1,2025-05-15 13:25:00,2025-05-15 16:18:15,35,3196.363,3220.3357225,3220.3357225,3162.8726645962724,3162.8726645962724,1.0602967289550453,sl,0.1,0.7000000000000001,-240.42722500000144,-1.0,6462.60770652938
2025-05-15,-1,2025-05-15 16:25:00,2025-05-15 22:07:20,57,3219.705,3243.8527875,3243.8527875,3170.780499153975,3170.780499153975,1.5440362667516,sl,0.1,0.7000000000000001,-242.17787500000048,-1.0,6220.42983152938
2025-05-15,-1,2025-05-15 22:15:00,2025-05-15 23:59:55,21,3245.266,3237.249,3269.6054950000002,3183.7493346405236,3183.7493346405236,1.9340770546695352,session_end,0.1,0.7000000000000001,79.4700000000028,0.3293823474973587,6299.899831529383
2025-05-16,1,2025-05-16 01:50:00,2025-05-16 04:56:20,38,3215.747,3222.579409604519,3191.6288975,3232.7610909090904,3232.7610909090904,-0.5279570753646531,tp,0.1,0.7000000000000001,67.62409604518943,0.2832896826986721,6367.523927574573
2025-05-16,1,2025-05-16 08:15:00,2025-05-16 10:52:35,32,3197.548,3173.56639,3173.56639,3219.8291902356896,3219.8291902356896,-0.6911761127943815,sl,0.1,0.7000000000000001,-240.51609999999818,-1.0,6127.007827574575
2025-05-16,1,2025-05-16 11:00:00,2025-05-16 20:05:20,110,3176.088,3200.36628077455,3152.2673400000003,3215.8072424242405,3215.8072424242405,-1.2378149380070607,tp,0.1,0.7000000000000001,242.08280774549786,1.0192110871214284,6369.090635320073
2025-05-19,1,2025-05-19 01:35:00,2025-05-19 06:02:35,54,3223.131,3225.36461111111,3198.9575175,3240.3488333333335,3240.3488333333335,-0.5308790571056407,tp,0.1,0.7000000000000001,21.636111111103492,0.09239922758793077,6390.726746431176
2025-05-19,-1,2025-05-19 09:00:00,2025-05-19 12:56:05,48,3244.424,3231.460079569892,3268.75718,3227.225418209875,3227.225418209875,0.533061052787179,tp,0.1,0.7000000000000001,128.9392043010792,0.5327672104553484,6519.665950732256
2025-05-20,-1,2025-05-20 09:00:00,2025-05-20 13:59:25,60,3236.016,3260.28612,3260.28612,3217.2042314814807,3217.2042314814807,0.5845531450721588,sl,0.1,0.7000000000000001,-243.40120000000132,-1.0,6276.2647507322545
2025-05-20,-1,2025-05-20 14:05:00,2025-05-20 20:04:35,72,3270.799,3295.3299925,3295.3299925,3225.10108382643,3225.10108382643,1.4165266447824774,sl,0.1,0.7000000000000001,-246.00992500000137,-1.0,6030.254825732253
2025-05-20,-1,2025-05-20 20:10:00,2025-05-20 23:59:55,34,3295.334,3290.794,3320.049005,3242.7643099173574,3242.7643099173574,1.6236514606263341,session_end,0.1,0.7000000000000001,44.69999999999963,0.1836940757244419,6074.954825732253
2025-05-21,-1,2025-05-21 06:30:00,2025-05-21 08:13:55,21,3318.802,3304.5676394557827,3343.6930150000003,3302.1545769230765,3302.1545769230765,0.5037596723416751,tp,0.1,0.7000000000000001,141.64360544217453,0.5718674206020673,6216.598431174428
2025-05-21,-1,2025-05-21 19:30:00,2025-05-21 23:59:55,42,3324.629,3320.183,3349.5637175,3307.4451880341885,3307.4451880341885,0.5213181469549804,session_end,0.1,0.7000000000000001,43.759999999999124,0.1783056094379199,6260.358431174427
2025-05-22,1,2025-05-22 08:35:00,2025-05-22 10:58:00,29,3314.677,3289.8169225,3289.8169225,3333.0058608414247,3333.0058608414247,-0.5505049078069234,sl,0.1,0.7000000000000001,-249.30077499999987,-1.0,6011.057656174427
2025-05-22,1,2025-05-22 11:05:00,2025-05-22 23:59:55,143,3288.703,3300.207,3264.0377275,3326.7722443609027,3326.7722443609027,-1.1456974376742943,session_end,0.1,0.7000000000000001,114.33999999999905,0.4664047397003196,6125.397656174427
2025-05-23,-1,2025-05-23 05:25:00,2025-05-23 11:49:40,77,3321.099,3346.0072425000003,3346.0072425000003,3303.3479461538464,3303.3479461538464,0.536926600989902,sl,0.1,0.7000000000000001,-249.7824250000014,-1.0,5875.615231174425
2025-05-23,-1,2025-05-23 11:55:00,2025-05-23 20:57:55,109,3343.483,3356.404,3368.5591225000003,3316.9371060606063,3316.9371060606063,0.799424079851976,session_end,0.1,0.7000000000000001,-129.9099999999982,-0.515271051176264,5745.705231174427
2025-05-27,1,2025-05-27 05:50:00,2025-05-27 07:51:50,25,3322.518,3297.599115,3297.599115,3339.343461904763,3339.343461904763,-0.5078232322676338,sl,0.1,0.7000000000000001,-249.88885000000045,-1.0,5495.816381174427
2025-05-27,1,2025-05-27 08:00:00,2025-05-27 23:59:55,180,3296.312,3309.473,3271.58966,3332.3135208333347,3332.3135208333347,-1.0800310537507418,session_end,0.1,0.7000000000000001,130.9100000000006,0.5323525200284505,5626.726381174428
2025-05-28,-1,2025-05-28 07:55:00,2025-05-28 11:48:45,47,3321.55,3309.490124113475,3346.4616250000004,3305.064689473684,3305.064689473684,0.500498842851692,tp,0.1,0.7000000000000001,119.89875886525333,0.4841063514132556,5746.625140039681
2025-05-28,1,2025-05-28 16:50:00,2025-05-28 23:14:00,65,3290.905,3266.2232125000005,3266.2232125000005,3307.7307871287153,3307.7307871287153,-0.5061260485242794,sl,0.1,0.7000000000000001,-247.517874999997,-1.0,5499.1072650396845
2025-05-29,-1,2025-05-29 08:00:00,2025-05-29 12:24:10,53,3286.641,3311.2908075000005,3311.2908075000005,3269.1413749999997,3269.1413749999997,0.5367196761259767,sl,0.1,0.7000000000000001,-247.19807500000405,-1.0,5251.909190039681
2025-05-29,-1,2025-05-29 12:30:00,2025-05-29 23:59:55,126,3309.716,3315.602,3334.5388700000003,3277.0725044444457,3277.0725044444457,0.9985740477567442,session_end,0.1,0.7000000000000001,-59.559999999999675,-0.23712004292814923,5192.349190039681
2025-05-30,1,2025-05-30 13:55:00,2025-05-30 20:57:55,85,3281.268,3289.726,3256.6584900000003,3299.345122754491,3299.345122754491,-0.549521862064387,session_end,0.1,0.7000000000000001,83.88000000000083,0.3436882733544943,5276.229190039682
2025-06-02,-1,2025-06-02 06:20:00,2025-06-02 07:26:20,14,3333.841,3358.8448075,3358.8448075,3311.8923114035083,3311.8923114035083,0.664399277740001,sl,0.1,0.7000000000000001,-250.7380750000022,-1.0,5025.49111503968
2025-06-02,-1,2025-06-02 07:35:00,2025-06-02 19:52:05,148,3356.499,3381.6727425,3381.6727425,3317.4431703296696,3317.4431703296696,1.1765786983007045,sl,0.1,0.7000000000000001,-252.43742500000116,-1.0,4773.053690039679
2025-06-02,-1,2025-06-02 20:00:00,2025-06-02 23:59:55,36,3381.561,3387.554,3406.9227075000003,3346.4275166666657,3346.4275166666657,1.0515985527272862,session_end,0.1,0.7000000000000001,-60.629999999999384,-0.23630112444124246,4712.42369003968
2025-06-03,1,2025-06-03 13:50:00,2025-06-03 22:41:05,95,3344.098,3358.5594435897447,3319.017265,3362.891811244981,3362.891811244981,-0.5579516766563717,tp,0.1,0.7000000000000001,143.91443589744705,0.5765956854830889,4856.338125937127
2025-06-04,-1,2025-06-04 14:40:00,2025-06-04 23:59:55,100,3378.644,3378.141,3403.98383,3358.200389204545,3358.200389204545,0.6107173014863752,session_end,0.1,0.7000000000000001,4.329999999997017,0.019850172633348165,4860.668125937124
2025-06-05,-1,2025-06-05 10:05:00,2025-06-05 12:51:50,34,3390.375,3377.7995606060617,3415.8028125,3372.9751391184573,3372.9751391184573,0.5159350473626965,tp,0.1,0.7000000000000001,125.05439393938268,0.49455451167646575,4985.722519876507
2025-06-05,1,2025-06-05 15:35:00,2025-06-05 23:59:55,89,3355.546,3361.871,3330.379405,3377.3769688057037,3377.3769688057037,-0.6485349135737437,session_end,0.1,0.7000000000000001,62.550000000002726,0.2513252190056045,5048.27251987651
2025-06-06,1,2025-06-06 14:00:00,2025-06-06 14:22:50,5,3343.335,3318.2599875,3318.2599875,3361.958212301587,3361.958212301587,-0.555411790463744,sl,0.1,0.7000000000000001,-251.45012499999956,-1.0,4796.822394876511
2025-06-06,1,2025-06-06 14:30:00,2025-06-06 20:57:55,78,3324.206,3311.763,3299.274455,3360.904501915709,3360.904501915709,-1.091134898203914,session_end,0.1,0.7000000000000001,-125.13000000000211,-0.4990865989251871,4671.692394876509
2025-06-09,-1,2025-06-09 07:25:00,2025-06-09 10:41:25,40,3328.032,3313.8032031249995,3352.9922400000005,3310.366488764045,3310.366488764045,0.5332041420750759,tp,0.1,0.7000000000000001,141.58796875000627,0.5700584960321068,4813.280363626515
2025-06-09,-1,2025-06-09 16:25:00,2025-06-09 23:59:55,79,3334.286,3326.864,3359.293145,3316.1272546531295,3316.1272546531295,0.5485388210403077,session_end,0.1,0.7000000000000001,73.52000000000025,0.2967951759387173,4886.800363626516
2025-06-10,-1,2025-06-10 06:45:00,2025-06-10 15:17:55,103,3329.365,3324.052294171222,3354.3352375,3312.2754074074082,3312.2754074074082,0.5154490642417718,tp,0.1,0.7000000000000001,52.4270582877778,0.2127615257475122,4939.227421914294
2025-06-11,-1,2025-06-11 12:35:00,2025-06-11 12:56:45,5,3355.651,3337.4365881720432,3380.8183825,3337.0338178807947,3337.0338178807947,0.5597990053055155,tp,0.1,0.7000000000000001,181.4441182795661,0.723730877772308,5120.67154019386
2025-06-11,-1,2025-06-11 22:02:00,2025-06-11 23:59:55,24,3359.334,3365.475,3384.529005,3337.6145654761913,3337.6145654761913,0.5385263687942994,session_end,0.1,0.7000000000000001,-62.11000000000077,-0.24373878870038196,5058.561540193859
2025-06-12,1,2025-06-12 07:40:00,2025-06-12 10:16:00,32,3353.335,3367.9972018970184,3328.1849875000003,3371.5537789855066,3371.5537789855066,-0.5401449948393404,tp,0.1,0.7000000000000001,145.9220189701835,0.5829898453139329,5204.483559164043
2025-06-12,-1,2025-06-12 11:05:00,2025-06-12 23:59:55,143,3387.76,3395.98,3413.1682000000005,3368.934865914786,3368.934865914786,0.5601661900960946,session_end,0.1,0.7000000000000001,-82.899999999998,-0.3235176045528491,5121.583559164045
2025-06-13,-1,2025-06-13 02:55:00,2025-06-13 03:18:00,5,3442.884,3424.5047393162395,3468.7056300000004,3422.822747619048,3422.822747619048,0.585708167181524,tp,0.1,0.7000000000000001,183.0926068376055,0.7117777105380367,5304.676166001651
2025-06-13,-1,2025-06-13 13:15:00,2025-06-13 14:58:30,21,3440.766,3424.9996303538187,3466.571745,3423.5163008385753,3423.5163008385753,0.5045747600849326,tp,0.1,0.7000000000000001,156.96369646181375,0.6109635527353039,5461.639862463465
2025-06-16,1,2025-06-16 06:10:00,2025-06-16 13:54:55,93,3416.636,3391.01123,3391.01123,3435.335198198198,3435.335198198198,-0.5455857177497218,sl,0.1,0.7000000000000001,-256.947699999999,-1.0,5204.692162463466
2025-06-16,1,2025-06-16 14:00:00,2025-06-16 23:59:55,108,3388.123,3402.83,3362.7120775000003,3424.0386408730155,3424.0386408730155,-1.0502259070255944,session_end,0.1,0.7000000000000001,146.3699999999988,0.5787668668856878,5351.062162463465
2025-06-17,1,2025-06-17 03:25:00,2025-06-17 04:46:35,17,3377.96,3393.94366374269,3352.6253,3396.3517113821135,3396.3517113821135,-0.5414990243937152,tp,0.1,0.7000000000000001,159.1366374269017,0.6309000597082358,5510.198799890367
2025-06-17,1,2025-06-17 14:40:00,2025-06-17 17:16:15,32,3371.726,3389.182981481481,3346.438055,3390.585418560605,3390.585418560605,-0.5554179068168049,tp,0.1,0.7000000000000001,173.86981481480854,0.6903281971500977,5684.068614705176
2025-06-18,1,2025-06-18 19:30:00,2025-06-18 23:59:55,42,3365.38,3375.084,3340.13965,3385.5968746438734,3385.5968746438734,-0.598960106436363,session_end,0.1,0.7000000000000001,96.33999999999723,0.3844637653598191,5780.408614705173
2025-06-19,1,2025-06-19 06:10:00,2025-06-19 08:45:15,32,3354.982,3370.618858730159,3329.8196350000003,3375.279644144144,3375.279644144144,-0.6033616852895823,tp,0.1,0.7000000000000001,155.6685873015902,0.6214383556616883,5936.077202006763
2025-06-20,-1,2025-06-20 13:55:00,2025-06-20 20:57:55,85,3372.078,3368.644,3397.368585,3353.9790469061854,3353.9790469061854,0.5409232687529736,session_end,0.1,0.7000000000000001,33.64000000000196,0.1357817543564204,5969.717202006766
2025-06-23,-1,2025-06-23 11:45:00,2025-06-23 12:19:35,7,3379.051,3362.491057823131,3404.3938825,3361.9089609929097,3361.9089609929097,0.5092207791978571,tp,0.1,0.7000000000000001,164.89942176868846,0.6534356214952576,6134.616623775454
2025-06-23,-1,2025-06-23 13:45:00,2025-06-23 20:40:55,84,3382.107,3369.4034798387124,3407.4728025000004,3362.8036333333357,3362.8036333333357,0.5735055855029949,tp,0.1,0.7000000000000001,126.33520161287542,0.5008128625651536,6260.95182538833
2025-06-23,1,2025-06-23 22:25:00,2025-06-23 23:59:55,19,3351.582,3344.296,3326.445135,3369.1812496757484,3369.1812496757484,-0.5241555252466206,session_end,0.1,0.7000000000000001,-73.56000000000058,-0.2898531698364165,6187.391825388329
2025-06-24,1,2025-06-24 05:55:00,2025-06-24 13:36:50,93,3328.621,3303.6563425000004,3303.6563425000004,3348.0596173708914,3348.0596173708914,-0.5793838696971545,sl,0.1,0.7000000000000001,-250.34657499999702,-1.0,5937.0452503883325
2025-06-24,1,2025-06-24 13:45:00,2025-06-24 23:59:55,111,3298.848,3324.204,3274.10664,3333.1552676767656,3333.1552676767656,-1.0294080209675074,session_end,0.1,0.7000000000000001,252.86000000000223,1.0248426117238598,6189.905250388335
2025-06-26,1,2025-06-26 13:10:00,2025-06-26 17:21:40,51,3318.167,3334.3921810897423,3293.2807475,3337.7952742616026,3337.7952742616026,-0.5873270422776147,tp,0.1,0.7000000000000001,161.55181089742365,0.6519736585386808,6351.457061285759
2025-06-27,1,2025-06-27 04:00:00,2025-06-27 12:59:30,108,3294.463,3269.7545275,3269.7545275,3312.5301875,3312.5301875,-0.5473667098467694,sl,0.1,0.7000000000000001,-247.7847249999997,-1.0,6103.672336285759
2025-06-27,1,2025-06-27 13:05:00,2025-06-27 20:57:55,95,3263.7,3274.66,3239.22225,3295.245113588112,3295.245113588112,-0.9548489567093558,session_end,0.1,0.7000000000000001,108.90000000000036,0.44775357212162187,6212.57233628576
2025-06-30,-1,2025-06-30 19:15:00,2025-06-30 23:59:55,45,3303.155,3312.539,3327.9286625000004,3285.538588023088,3285.538588023088,0.5374434511675278,session_end,0.1,0.7000000000000001,-94.54000000000015,-0.378789369557284,6118.03233628576
2025-07-01,-1,2025-07-01 07:30:00,2025-07-01 23:59:55,186,3338.66,3338.251,3363.69995,3322.003181481483,3322.003181481483,0.5009723835091382,session_end,0.1,0.7000000000000001,3.3899999999965074,0.016333898430294213,6121.4223362857565
2025-07-02,-1,2025-07-02 20:00:00,2025-07-02 23:59:55,36,3358.363,3349.494,3383.5507225,3341.2722277777784,3341.2722277777784,0.5107716779357393,session_end,0.1,0.7000000000000001,87.98999999999687,0.35211599619614614,6209.412336285754
2025-07-03,1,2025-07-03 12:35:00,2025-07-03 23:59:55,125,3328.31,3330.933,3303.347675,3350.53528807947,3350.53528807947,-0.6626340620395681,session_end,0.1,0.7000000000000001,25.530000000000474,0.10507835307809073,6234.942336285754
2025-07-07,-1,2025-07-07 17:10:00,2025-07-07 23:59:55,70,3329.734,3334.751,3354.707005,3312.4777766990273,3312.4777766990273,0.524674412104044,session_end,0.1,0.7000000000000001,-50.870000000002804,-0.2008969285034069,6184.072336285752
2025-07-08,1,2025-07-08 14:05:00,2025-07-08 15:11:40,14,3312.109,3287.2681825,3287.2681825,3329.754803747536,3329.754803747536,-0.5313095044603455,sl,0.1,0.7000000000000001,-249.10817499999956,-1.0,5934.964161285752
2025-07-08,1,2025-07-08 15:20:00,2025-07-08 23:59:55,92,3293.605,3302.339,3268.9029625000003,3327.2951684782615,3327.2951684782615,-1.01207337411134,session_end,0.1,0.7000000000000001,86.63999999999923,0.35357407258409423,6021.604161285752
2025-07-09,-1,2025-07-09 14:55:00,2025-07-09 23:59:55,97,3311.923,3317.738,3336.7624225,3294.9236359404094,3294.9236359404094,0.51636595986646,session_end,0.1,0.7000000000000001,-58.85000000000055,-0.23410367129107015,5962.754161285751
2025-07-11,-1,2025-07-11 12:50:00,2025-07-11 20:57:55,98,3355.982,3355.204,3381.1518650000003,3336.9922683982695,3336.9922683982695,0.5673741524974696,session_end,0.1,0.7000000000000001,7.079999999997926,0.03090997905629543,5969.834161285749
2025-07-14,1,2025-07-14 14:40:00,2025-07-14 23:59:55,100,3343.994,3345.398,3318.9140450000004,3362.514431818182,3362.514431818182,-0.5503599224160204,session_end,0.1,0.7000000000000001,13.339999999999964,0.05598096168832891,5983.1741612857495
2025-07-15,1,2025-07-15 13:35:00,2025-07-15 23:59:55,113,3338.837,3331.117,3313.7957225,3356.7618967280164,3356.7618967280164,-0.5340383762545057,session_end,0.1,0.7000000000000001,-77.899999999998,-0.3082909807616567,5905.274161285752
2025-07-16,-1,2025-07-16 15:20:00,2025-07-16 15:56:10,8,3369.493,3336.5359188481684,3394.7641975,3335.4436159420306,3335.4436159420306,1.0202805976187446,tp,0.1,0.7000000000000001,328.8708115183152,1.3041361079874136,6234.144972804067
2025-07-16,-1,2025-07-16 16:15:00,2025-07-16 23:59:55,81,3354.353,3346.624,3379.5106475000002,3336.755983760685,3336.755983760685,0.5291221870955193,session_end,0.1,0.7000000000000001,76.59000000000269,0.3072226844739842,6310.73497280407
2025-07-17,1,2025-07-17 12:40:00,2025-07-17 14:33:40,23,3317.621,3332.485111111112,3292.7388425000004,3334.5354692982473,3334.5354692982473,-0.5069962354248158,tp,0.1,0.7000000000000001,147.94111111111926,0.5973803160402024,6458.676083915189
2025-07-21,-1,2025-07-21 12:25:00,2025-07-21 23:59:55,127,3380.961,3396.631,3406.3182075,3362.110667785235,3362.110667785235,0.5611008702218647,session_end,0.1,0.7000000000000001,-157.40000000000072,-0.6179702555969524,6301.276083915189
2025-07-22,-1,2025-07-22 13:00:00,2025-07-22 17:03:20,49,3407.653,3433.2103975,3433.2103975,3389.6188696581194,3389.6188696581194,0.5340904401947243,sl,0.1,0.7000000000000001,-256.27397500000205,-1.0,6045.002108915187
2025-07-22,-1,2025-07-22 17:10:00,2025-07-22 23:59:55,70,3430.777,3427.556,3456.5078275,3397.711260517799,3397.711260517799,0.9746337149659522,session_end,0.1,0.7000000000000001,31.510000000000037,0.12518058348492678,6076.512108915187
2025-07-23,1,2025-07-23 13:35:00,2025-07-23 23:59:55,113,3406.198,3390.07,3380.651515,3424.7574345603252,3424.7574345603252,-0.5437738267941291,session_end,0.1,0.7000000000000001,-161.979999999997,-0.6313197295048535,5914.53210891519
2025-07-24,1,2025-07-24 09:30:00,2025-07-24 14:30:45,61,3363.21,3374.594823754788,3337.9859250000004,3380.500070175438,3380.500070175438,-0.5109176103209319,tp,0.1,0.7000000000000001,113.14823754788158,0.45134752234872144,6027.680346463072
2025-07-25,1,2025-07-25 11:30:00,2025-07-25 20:57:55,114,3339.978,3336.93,3314.9281650000003,3357.729596618357,3357.729596618357,-0.5295273519423346,session_end,0.1,0.7000000000000001,-31.18000000000229,-0.12167744817481844,5996.50034646307
2025-07-28,1,2025-07-28 13:50:00,2025-07-28 23:59:55,110,3317.868,3312.529,3292.98399,3336.2761586345373,3336.2761586345373,-0.5496145331698837,session_end,0.1,0.7000000000000001,-54.08999999999942,-0.21455545147265223,5942.410346463071
2025-07-30,1,2025-07-30 13:15:00,2025-07-30 18:50:00,68,3309.359,3284.5388075,3284.5388075,3328.0417452830184,3328.0417452830184,-0.5633116023736693,sl,0.1,0.7000000000000001,-248.90192499999847,-1.0,5693.508421463072
2025-07-30,1,2025-07-30 19:00:00,2025-07-30 23:59:55,48,3280.277,3285.365,3255.6749225000003,3319.1304356725163,3319.1304356725163,-1.1695212473519776,session_end,0.1,0.7000000000000001,50.17999999999738,0.20681180278372,5743.68842146307
2025-07-31,-1,2025-07-31 08:20:00,2025-07-31 10:50:50,31,3312.4,3298.5313051282055,3337.2430000000004,3295.718066666668,3295.718066666668,0.5054872108699958,tp,0.1,0.7000000000000001,137.9869487179456,0.5582536276534392,5881.675370181016
2025-08-01,-1,2025-08-01 12:35:00,2025-08-01 13:16:15,9,3328.082,3353.0426150000003,3353.0426150000003,3293.0018200883005,3293.0018200883005,1.067010643521519,sl,0.1,0.7000000000000001,-250.30615000000415,-1.0,5631.369220181012
2025-08-01,-1,2025-08-01 13:25:00,2025-08-01 20:57:55,91,3352.021,3363.218,3377.1611575,3296.1203861283643,3296.1203861283643,1.6972715592268706,session_end,0.1,0.7000000000000001,-112.66999999999662,-0.445383049012309,5518.699220181015
2025-08-04,-1,2025-08-04 13:25:00,2025-08-04 23:59:55,115,3375.925,3377.505,3401.2444375000005,3358.6850134575557,3358.6850134575557,0.5122685358557139,session_end,0.1,0.7000000000000001,-16.49999999999927,-0.062402650137859894,5502.199220181016
2025-08-05,1,2025-08-05 11:00:00,2025-08-05 13:14:00,27,3353.328,3369.0807405063283,3328.1780400000002,3371.4785984848468,3371.4785984848468,-0.5391728867273778,tp,0.1,0.7000000000000001,156.82740506328338,0.6263525073729144,5659.0266252443
2025-08-05,-1,2025-08-05 15:20:00,2025-08-05 23:59:55,92,3387.814,3383.249,3413.222605,3370.417378623189,3370.417378623189,0.5179513222170145,session_end,0.1,0.7000000000000001,44.95000000000054,0.1796635431185632,5703.9766252443005
2025-08-07,-1,2025-08-07 07:50:00,2025-08-07 08:16:05,6,3396.352,3379.833833333335,3421.8246400000003,3379.2495744680864,3379.2495744680864,0.5033048064995455,tp,0.1,0.7000000000000001,164.48166666664912,0.6484670087852945,5868.45829191095
2025-08-07,-1,2025-08-07 19:45:00,2025-08-07 23:59:55,39,3399.579,3400.568,3425.0758425000004,3382.4604409282697,3382.4604409282697,0.5082708097248976,session_end,0.1,0.7000000000000001,-10.590000000000327,-0.03878911673082758,5857.86829191095
2025-08-11,1,2025-08-11 07:55:00,2025-08-11 23:59:55,181,3357.801,3349.089,3332.6174925,3375.3891561403516,3375.3891561403516,-0.5195743462186615,session_end,0.1,0.7000000000000001,-87.8199999999999,-0.34594069154187607,5770.04829191095
2025-08-14,1,2025-08-14 08:05:00,2025-08-14 23:59:55,179,3345.184,3335.612,3320.0951200000004,3362.3786443298977,3362.3786443298977,-0.5126175887110079,session_end,0.1,0.7000000000000001,-96.42000000000117,-0.38152360727143647,5673.628291910949
2025-08-19,1,2025-08-19 16:35:00,2025-08-19 23:59:55,77,3318.716,3314.293,3293.8256300000003,3335.772979061977,3335.772979061977,-0.510570688379582,session_end,0.1,0.7000000000000001,-44.92999999999775,-0.1776992467367838,5628.698291910951
2025-08-20,-1,2025-08-20 12:35:00,2025-08-20 23:59:55,125,3339.346,3346.935,3364.3910950000004,3321.9248730684326,3321.9248730684326,0.5258284759291575,session_end,0.1,0.7000000000000001,-76.58999999999942,-0.303013424385087,5552.108291910952
2025-08-22,-1,2025-08-22 14:05:00,2025-08-22 14:35:00,7,3348.193,3373.3044475000006,3373.3044475000006,3331.2712041420127,3331.2712041420127,0.5100243965985739,sl,0.1,0.7000000000000001,-251.81447500000394,-1.0,5300.293816910948
2025-08-22,-1,2025-08-22 14:45:00,2025-08-22 20:57:55,75,3373.479,3372.397,3398.7800925,3332.792010357816,3332.792010357816,1.2204028789008545,session_end,0.1,0.7000000000000001,10.1199999999988,0.04276495175059599,5310.413816910947
2025-08-28,-1,2025-08-28 16:25:00,2025-08-28 23:59:55,79,3414.921,3414.918,3440.5329075,3397.564916243652,3397.564916243652,0.512531303613782,session_end,0.1,0.7000000000000001,-0.6700000000029832,0.00011713301712110544,5309.743816910945
2025-08-29,-1,2025-08-29 14:00:00,2025-08-29 20:57:55,84,3428.785,3448.134,3454.5008875,3411.1836448412714,3411.1836448412714,0.5155939107918305,session_end,0.1,0.7000000000000001,-194.1900000000016,-0.7524142419739608,5115.553816910943
2025-09-01,-1,2025-09-01 02:10:00,2025-09-01 09:34:40,89,3466.466,3469.093918128655,3492.464495,3445.3062435897427,3445.3062435897427,0.6133346331570261,tp,0.1,0.7000000000000001,-26.979181286549828,-0.10107962513426084,5088.5746356243935
2025-09-02,1,2025-09-02 08:05:00,2025-09-02 11:51:15,46,3472.736,3487.1384577464783,3446.69048,3490.4586855670095,3490.4586855670095,-0.5097663994873796,tp,0.1,0.7000000000000001,143.32457746478377,0.5529725552217256,5231.8992130891775
2025-09-02,-1,2025-09-02 14:45:00,2025-09-02 19:18:20,55,3510.66,3536.98995,3536.98995,3487.42972410546,3487.42972410546,0.665498023777184,sl,0.1,0.7000000000000001,-263.9995000000028,-1.0,4967.899713089175
2025-09-02,-1,2025-09-02 19:25:00,2025-09-02 23:59:55,43,3537.418,3530.094,3563.948635,3496.251837625178,3496.251837625178,1.1787955870712314,session_end,0.1,0.7000000000000001,72.54000000000069,0.2760582247654475,5040.439713089176
2025-09-03,-1,2025-09-03 13:10:00,2025-09-03 23:59:55,118,3555.687,3560.391,3582.3546525,3537.7658481012672,3537.7658481012672,0.5081074517235348,session_end,0.1,0.7000000000000001,-47.740000000001785,-0.1763934789535799,4992.699713089174
2025-09-04,1,2025-09-04 02:50:00,2025-09-04 06:30:50,45,3530.997,3539.413290598291,3504.5145225,3551.669911764706,3551.669911764706,-0.5837933220095768,tp,0.1,0.7000000000000001,83.46290598291198,0.3178060133645458,5076.162619072086
2025-09-05,-1,2025-09-05 12:35:00,2025-09-05 20:57:55,101,3577.205,3586.695,3604.0340375,3552.6959039735098,3552.6959039735098,0.6884517191334667,session_end,0.1,0.7000000000000001,-95.60000000000237,-0.3537212246246324,4980.562619072084
2025-09-08,-1,2025-09-08 07:20:00,2025-09-08 13:50:40,79,3608.415,3635.4781125000004,3635.4781125000004,3588.7982386363637,3588.7982386363637,0.5471542298543298,sl,0.1,0.7000000000000001,-271.3311250000044,-1.0,4709.23149407208
2025-09-08,-1,2025-09-08 14:00:00,2025-09-08 23:59:55,108,3633.517,3635.055,3660.7683775,3602.14978373016,3602.14978373016,0.8686955887058158,session_end,0.1,0.7000000000000001,-16.08000000000011,-0.056437514030254016,4693.15149407208
2025-09-09,1,2025-09-09 20:40:00,2025-09-09 23:59:55,28,3628.572,3633.63,3601.35771,3646.8712177419357,3646.8712177419357,-0.5032181463566544,session_end,0.1,0.7000000000000001,49.879999999999924,0.18585823844752197,4743.03149407208
2025-09-15,-1,2025-09-15 13:40:00,2025-09-15 23:59:55,112,3661.89,3677.06,3689.354175,3641.8363292682925,3641.8363292682925,0.5502216167889513,session_end,0.1,0.7000000000000001,-152.40000000000072,-0.5523559327742427,4590.6314940720795
2025-09-17,-1,2025-09-17 18:10:00,2025-09-17 18:32:25,5,3705.352,3678.175717717716,3733.14214,3678.003920489295,3678.003920489295,0.7430274709187725,tp,0.1,0.7000000000000001,271.06282282283865,0.9779109526718398,4861.694316894918
2025-09-17,1,2025-09-17 18:50:00,2025-09-17 23:59:55,50,3655.735,3669.231,3628.3169875000003,3677.993764011798,3677.993764011798,-0.6043583931352885,session_end,0.1,0.7000000000000001,134.26000000000096,0.49223115643412124,4995.954316894919
2025-09-18,1,2025-09-18 06:15:00,2025-09-18 07:42:00,18,3637.312,3655.420423913045,3610.03216,3658.5233666666677,3658.5233666666677,-0.5812144555479877,tp,0.1,0.7000000000000001,180.38423913045045,0.663802423806197,5176.33855602537
2025-09-18,1,2025-09-18 13:40:00,2025-09-18 23:59:55,112,3640.994,3640.3,3613.6865450000005,3659.510851626016,3659.510851626016,-0.5077004107737826,session_end,0.1,0.7000000000000001,-7.6399999999996,-0.025414305360934166,5168.698556025371
2025-09-19,-1,2025-09-19 15:15:00,2025-09-19 20:57:55,69,3672.173,3684.96,3699.7142975,3652.5328588342427,3652.5328588342427,0.5392050373516174,session_end,0.1,0.7000000000000001,-128.5700000000026,-0.4642845893516848,5040.128556025368
2025-09-22,-1,2025-09-22 06:40:00,2025-09-22 17:09:45,126,3713.34,3741.19005,3741.19005,3692.7772999999993,3692.7772999999993,0.5585281300337517,sl,0.1,0.7000000000000001,-279.2005000000001,-1.0,4760.928056025368
2025-09-22,-1,2025-09-22 17:15:00,2025-09-22 23:59:55,69,3740.116,3747.861,3768.16687,3711.6807850241553,3711.6807850241553,0.7656562248162198,session_end,0.1,0.7000000000000001,-78.14999999999891,-0.2761055182958633,4682.77805602537
2025-09-23,-1,2025-09-23 08:45:00,2025-09-23 18:55:25,123,3770.226,3766.3361842878103,3798.502695,3750.0757253968236,3750.0757253968236,0.5370231450738348,tp,0.1,0.7000000000000001,38.19815712189829,0.1375626010108263,4720.976213147268
2025-09-24,1,2025-09-24 15:35:00,2025-09-24 19:23:10,46,3746.051,3717.9556175000002,3717.9556175000002,3765.4282860962567,3765.4282860962567,-0.5139066429098811,sl,0.1,0.7000000000000001,-281.65382499999686,-1.0,4439.322388147271
2025-09-24,1,2025-09-24 19:30:00,2025-09-24 23:59:55,42,3718.358,3742.981,3690.4703150000005,3759.0689715099725,3759.0689715099725,-1.0845896103256545,session_end,0.1,0.7000000000000001,245.53000000000048,0.8829345282693891,4684.852388147272
2025-09-25,1,2025-09-25 13:50:00,2025-09-25 17:16:30,42,3725.142,3742.6224388083715,3697.203435,3744.921018072289,3744.921018072289,-0.527554999877108,tp,0.1,0.7000000000000001,174.10438808371674,0.6256741822055542,4858.956776230989
2025-09-26,-1,2025-09-26 14:05:00,2025-09-26 20:57:55,83,3769.043,3761.14,3797.3108225000005,3747.7695769230772,3747.7695769230772,0.5669751739211321,session_end,0.1,0.7000000000000001,78.33000000000247,0.2795758322028564,4937.286776230992
2025-09-29,-1,2025-09-29 04:40:00,2025-09-29 23:59:55,220,3806.259,3832.933,3834.8059425,3786.668660714285,3786.668660714285,0.5167560470427782,session_end,0.1,0.7000000000000001,-267.43999999999977,-0.9343907845822673,4669.846776230992
2025-09-30,-1,2025-09-30 03:55:00,2025-09-30 06:58:55,37,3866.254,3855.177423694779,3895.2509050000003,3846.584180851064,3846.584180851064,0.5111111111725588,tp,0.1,0.7000000000000001,110.06576305220896,0.38199167480876783,4779.912539283201
2025-09-30,1,2025-09-30 08:20:00,2025-09-30 09:12:20,11,3832.784,3804.03812,3804.03812,3854.0248033333337,3854.0248033333337,-0.5509903131647592,sl,0.1,0.7000000000000001,-288.1587999999994,-1.0,4491.753739283202
2025-09-30,1,2025-09-30 09:20:00,2025-09-30 14:08:55,58,3801.831,3837.146896449705,3773.3172675000005,3849.932758928572,3849.932758928572,-1.249223348564583,tp,0.1,0.7000000000000001,352.45896449704725,1.2385574722532455,4844.212703780249
2025-09-30,-1,2025-09-30 19:55:00,2025-09-30 23:59:55,37,3859.579,3863.025,3888.5258425000006,3839.570522315203,3839.570522315203,0.5225318188113168,session_end,0.1,0.7000000000000001,-35.15999999999913,-0.11904579920935619,4809.05270378025
2025-10-01,-1,2025-10-01 08:05:00,2025-10-01 12:41:40,56,3884.761,3872.468820175436,3913.8967075,3864.308847079037,3864.308847079037,0.5303575291725035,tp,0.1,0.7000000000000001,122.22179824563845,0.4218939878004957,4931.274502025889
2025-10-02,-1,2025-10-02 12:10:00,2025-10-02 14:02:50,23,3889.901,3871.99859126984,3919.0752575,3869.98480593607,3869.98480593607,0.5159631126536262,tp,0.1,0.7000000000000001,178.32408730160006,0.6136371672924263,5109.598589327489
2025-10-02,1,2025-10-02 14:40:00,2025-10-02 23:47:20,98,3845.048,3863.305288766788,3816.21014,3871.7067689393925,3871.7067689393925,-0.6879722698289314,tp,0.1,0.7000000000000001,181.87288766788407,0.6331013732221682,5291.471476995373
2025-10-03,-1,2025-10-03 13:15:00,2025-10-03 20:57:55,93,3877.275,3887.144,3906.3545625,3857.644806079664,3857.644806079664,0.5080481720206231,session_end,0.1,0.7000000000000001,-99.38999999999687,-0.33937924616299386,5192.081476995377
2025-10-06,-1,2025-10-06 04:45:00,2025-10-06 12:27:50,93,3939.937,3929.7806901566023,3969.4865275,3917.335195906434,3917.335195906434,0.5787685495297434,tp,0.1,0.7000000000000001,100.86309843397594,0.3437046444616582,5292.944575429353
2025-10-06,-1,2025-10-06 14:35:00,2025-10-06 23:59:55,101,3954.601,3969.612,3984.2605075000006,3931.133526666668,3931.133526666668,0.5981474089807984,session_end,0.1,0.7000000000000001,-150.80999999999966,-0.5061108988407756,5142.134575429353
2025-10-07,-1,2025-10-07 13:10:00,2025-10-07 15:48:05,32,3984.758,3965.6988544973574,4014.643685,3962.82108438819,3962.82108438819,0.5530760825452188,tp,0.1,0.7000000000000001,189.89145502642424,0.6377349390734158,5332.026030455778
2025-10-07,-1,2025-10-07 22:25:00,2025-10-07 23:59:55,19,3989.511,3994.51,4019.4323325,3969.44267898833,3969.44267898833,0.5055324546665174,session_end,0.1,0.7000000000000001,-50.69000000000251,-0.1670714364074608,5281.3360304557755
2025-10-08,-1,2025-10-08 04:55:00,2025-10-08 16:12:35,136,4026.195,4056.3914625,4056.3914625,4004.780584745761,4004.780584745761,0.5333354675058929,sl,0.1,0.7000000000000001,-302.6646250000005,-1.0,4978.671405455775
2025-10-08,-1,2025-10-08 16:20:00,2025-10-08 22:08:40,58,4052.643,4032.317722661397,4083.0378225000004,4027.9559931972803,4027.9559931972803,0.6122337692956001,tp,0.1,0.7000000000000001,202.55277338602974,0.6687085387191428,5181.224178841805
2025-10-09,-1,2025-10-09 13:00:00,2025-10-09 13:44:45,9,4053.404,4033.299323170729,4083.8045300000003,4032.28839316239,4032.28839316239,0.5265026894805004,tp,0.1,0.7000000000000001,200.3467682927083,0.6613265238885836,5381.5709471345135
2025-10-09,1,2025-10-09 14:25:00,2025-10-09 16:41:25,28,4010.182,3980.105635,3980.105635,4032.8125038535613,4032.8125038535613,-0.5610229543759343,sl,0.1,0.7000000000000001,-301.46364999999895,-1.0,5080.107297134515
2025-10-09,1,2025-10-09 16:50:00,2025-10-09 17:14:10,5,3983.86,3953.9810500000003,3953.9810500000003,4029.9898531353115,4029.9898531353115,-1.1462895644606093,sl,0.1,0.7000000000000001,-299.48949999999803,-1.0,4780.617797134517
2025-10-09,1,2025-10-09 17:20:00,2025-10-09 23:59:55,68,3963.749,3989.994,3934.0208825,4028.14553205128,4028.14553205128,-1.5998436883302638,session_end,0.1,0.7000000000000001,261.75000000000347,0.8828342393358913,5042.3677971345205
2025-10-10,1,2025-10-10 04:10:00,2025-10-10 05:18:40,14,3955.253,3976.269600529101,3925.5886025000004,3979.9079600000005,3979.9079600000005,-0.6209053135992733,tp,0.1,0.7000000000000001,209.46600529100743,0.7084789276135117,5251.833802425528
2025-10-10,1,2025-10-10 07:10:00,2025-10-10 07:55:05,10,3954.727,3973.7986157894734,3925.0665475,3974.802445736434,3974.802445736434,-0.5066401666838842,tp,0.1,0.7000000000000001,190.01615789473527,0.6429981400140021,5441.849960320264
2025-10-10,-1,2025-10-10 09:10:00,2025-10-10 12:48:25,44,3997.008,3980.9695980392153,4026.98556,3975.6244484848476,3975.6244484848476,0.5391618799235893,tp,0.1,0.7000000000000001,159.6840196078454,0.5350135888572785,5601.533979928109
2025-10-10,-1,2025-10-10 15:10:00,2025-10-10 16:06:50,12,4010.725,3983.358109671848,4040.8054375,3981.879714285714,3981.879714285714,0.7261843096501822,tp,0.1,0.7000000000000001,272.9689032815184,0.9097903023568596,5874.502883209628
2025-10-10,-1,2025-10-10 18:25:00,2025-10-10 20:57:55,31,4006.671,4010.498,4036.7210325,3983.9274577677215,3983.9274577677215,0.5707192832526717,session_end,0.1,0.7000000000000001,-38.97000000000226,-0.1273542715802451,5835.532883209626
2025-10-13,-1,2025-10-13 05:25:00,2025-10-13 14:52:55,114,4071.1,4101.63325,4101.63325,4049.2809358974364,4049.2809358974364,0.5375661616755462,sl,0.1,0.7000000000000001,-306.0324999999995,-1.0,5529.500383209626
2025-10-13,-1,2025-10-13 15:00:00,2025-10-13 23:35:40,92,4097.405,4128.1355375,4128.1355375,4067.8428037037033,4067.8428037037033,0.7286588426993682,sl,0.1,0.7000000000000001,-308.00537500000536,-1.0,5221.495008209621
2025-10-14,-1,2025-10-14 03:30:00,2025-10-14 05:38:30,26,4159.312,4149.152534825873,4190.50684,4138.657015873017,4138.657015873017,0.500633032588044,tp,0.1,0.7000000000000001,100.89465174127035,0.3256777458748626,5322.389659950892
2025-10-14,1,2025-10-14 05:45:00,2025-10-14 08:13:10,30,4119.976,4139.302068027211,4089.07618,4148.912963768118,4148.912963768118,-0.6965550740758616,tp,0.1,0.7000000000000001,192.56068027211478,0.6254427380875263,5514.950340223007
2025-10-14,1,2025-10-14 12:35:00,2025-10-14 14:10:55,20,4115.407,4134.825868627451,4084.5414475000002,4137.4350938189855,4137.4350938189855,-0.5322523089699582,tp,0.1,0.7000000000000001,193.48868627451048,0.6291437234908106,5708.439026497517
2025-10-14,-1,2025-10-14 22:15:00,2025-10-14 23:59:55,21,4160.96,4161.711,4192.1672,4137.228642483663,4137.228642483663,0.573472233869428,session_end,0.1,0.7000000000000001,-8.210000000002037,-0.024064959368357553,5700.229026497515
2025-10-15,-1,2025-10-15 07:40:00,2025-10-15 09:20:50,21,4205.182,4187.367214285713,4236.720865,4182.3419528985505,4182.3419528985505,0.5439666903774351,tp,0.1,0.7000000000000001,177.447857142867,0.5648518332630692,5877.676883640383
2025-10-15,-1,2025-10-15 22:40:00,2025-10-15 23:59:55,16,4214.855,4209.556,4246.4664125,4193.677561538461,4193.677561538461,0.5039237793423874,session_end,0.1,0.7000000000000001,52.28999999999978,0.16762933323526483,5929.966883640383
2025-10-16,1,2025-10-16 05:55:00,2025-10-16 06:20:15,6,4206.422,4227.057587719297,4174.873834999999,4227.793077464787,4227.793077464787,-0.5065190531422166,tp,0.1,0.7000000000000001,205.65587719297292,0.6540978760348563,6135.622760833356
2025-10-16,-1,2025-10-16 13:25:00,2025-10-16 18:00:00,23,4254.443,4286.351322500001,4286.351322500001,4231.327249482403,4231.327249482403,0.545981181682957,sl,0.1,0.7000000000000001,-319.78322500000394,-1.0,5815.839535833352
2025-10-16,-1,2025-10-16 18:10:00,2025-10-16 20:48:30,32,4291.508,4323.69431,4323.69431,4235.2381936936945,4235.2381936936945,1.3296609005405593,sl,0.1,0.7000000000000001,-322.5631000000005,-1.0,5493.276435833352
2025-10-16,-1,2025-10-16 20:55:00,2025-10-16 22:18:25,5,4329.356,4361.82617,4361.82617,4245.142350152906,4245.142350152906,1.9832350225914355,sl,0.1,0.7000000000000001,-325.40170000000506,-1.0,5167.874735833347
2025-10-16,-1,2025-10-16 22:25:00,2025-10-16 23:59:55,19,4360.477,4365.904,4393.1805775,4247.935302083334,4247.935302083334,2.6505864592957695,session_end,0.1,0.7000000000000001,-54.970000000005896,-0.16594514774417338,5112.904735833341
2025-10-17,1,2025-10-17 01:35:00,2025-10-17 01:44:00,2,4322.927,4290.5050475,4290.5050475,4354.155289473684,4354.155289473684,-0.7164601949108507,sl,0.1,0.7000000000000001,-324.9195249999986,-1.0,4787.9852108333425
2025-10-17,1,2025-10-17 01:50:00,2025-10-17 02:30:35,9,4300.671,4340.355955555556,4268.4159675,4347.4267272727275,4347.4267272727275,-1.078206263458598,tp,0.1,0.7000000000000001,396.1495555555546,1.23034926582558,5184.134766388897
2025-10-17,-1,2025-10-17 04:00:00,2025-10-17 05:32:30,19,4366.775,4350.423186868687,4399.5258125,4344.548958333333,4344.548958333333,0.5115730511917836,tp,0.1,0.7000000000000001,162.81813131313066,0.49927961730149045,5346.952897702028
2025-10-17,1,2025-10-17 08:10:00,2025-10-17 11:58:55,46,4323.403,4290.9774775000005,4290.9774775000005,4351.370710884355,4351.370710884355,-0.6453647080472883,sl,0.1,0.7000000000000001,-324.95522499999714,-1.0,5021.997672702031
2025-10-17,1,2025-10-17 12:05:00,2025-10-17 14:02:45,24,4287.962,4255.802285000001,4255.802285000001,4345.197902298851,4345.197902298851,-1.3183841930086293,sl,0.1,0.7000000000000001,-322.29714999999777,-1.0,4699.700522702034
2025-10-17,1,2025-10-17 14:10:00,2025-10-17 16:34:30,29,4237.595,4205.8130375,4205.8130375,4338.254947058823,4338.254947058823,-2.3186845468134507,sl,0.1,0.7000000000000001,-318.5196250000019,-1.0,4381.180897702032
2025-10-17,1,2025-10-17 16:40:00,2025-10-17 20:57:55,52,4216.788,4250.998,4185.16209,4323.661678333334,4323.661678333334,-2.4706414673617836,session_end,0.1,0.7000000000000001,341.4000000000004,1.0817080046076242,4722.580897702032
2025-10-20,-1,2025-10-20 01:30:00,2025-10-20 03:34:40,25,4262.79,4252.007515873015,4294.7609250000005,4240.026592592592,4240.026592592592,0.536220868216429,tp,0.1,0.7000000000000001,107.12484126984855,0.3372590604427202,4829.705738971881
2025-10-20,1,2025-10-20 06:05:00,2025-10-20 07:12:15,14,4233.276,4252.10773255814,4201.52643,4254.787216894978,4254.787216894978,-0.507727314992328,tp,0.1,0.7000000000000001,187.61732558140176,0.5931334678907527,5017.323064553283
2025-10-20,-1,2025-10-20 12:00:00,2025-10-20 12:36:30,8,4279.302,4311.3967649999995,4311.3967649999995,4254.366773148149,4254.366773148149,0.587037464881536,sl,0.1,0.7000000000000001,-321.64764999999824,-1.0,4695.675414553285
2025-10-20,-1,2025-10-20 12:45:00,2025-10-20 15:18:45,31,4320.112,4352.51284,4352.51284,4256.717349673204,4256.717349673204,1.4908471743294893,sl,0.1,0.7000000000000001,-324.7084000000024,-1.0,4370.967014553283
2025-10-20,-1,2025-10-20 15:25:00,2025-10-20 19:57:20,55,4346.637,4379.2367775,4379.2367775,4268.085737837839,4268.085737837839,1.841452280712076,sl,0.1,0.7000000000000001,-326.69777500000527,-1.0,4044.2692395532777
2025-10-20,-1,2025-10-20 20:05:00,2025-10-20 23:59:55,35,4363.791,4360.591,4396.5194325,4287.862470954357,4287.862470954357,1.7702067069503804,session_end,0.1,0.7000000000000001,31.29999999999818,0.09777431290055864,4075.569239553276
2025-10-21,1,2025-10-21 05:35:00,2025-10-21 08:02:35,30,4322.055,4289.639587500001,4289.639587500001,4348.41432089552,4348.41432089552,-0.6071827325341483,sl,0.1,0.7000000000000001,-324.85412499999546,-1.0,3750.7151145532807
2025-10-21,1,2025-10-21 08:10:00,2025-10-21 08:14:55,1,4280.765,4248.6592625,4248.6592625,4339.787071428569,4339.787071428569,-1.3598955537959498,sl,0.1,0.7000000000000001,-321.7573750000003,-1.0,3428.9577395532806
2025-10-21,1,2025-10-21 08:20:00,2025-10-21 12:10:40,47,4265.152,4233.1633600000005,4233.1633600000005,4338.166913333332,4338.166913333332,-1.6848455763351495,sl,0.1,0.7000000000000001,-320.58639999999576,-1.0,3108.371339553285
2025-10-21,1,2025-10-21 12:20:00,2025-10-21 13:01:35,9,4230.712,4198.98166,4198.98166,4313.384448198195,4313.384448198195,-1.916405764218979,sl,0.1,0.7000000000000001,-318.0034000000007,-1.0,2790.3679395532845
2025-10-21,1,2025-10-21 13:10:00,2025-10-21 13:49:05,8,4201.16,4169.6513,4169.6513,4307.211964135017,4307.211964135017,-2.463367603417319,sl,0.1,0.7000000000000001,-315.78699999999407,-1.0,2474.5809395532906
2025-10-21,1,2025-10-21 13:55:00,2025-10-21 14:28:10,7,4176.81,4145.483925,4145.483925,4301.416096806384,4301.416096806384,-2.8956649159996575,sl,0.1,0.7000000000000001,-313.96074999999945,-1.0,2160.6201895532913
2025-10-21,1,2025-10-21 14:35:00,2025-10-21 14:43:15,2,4134.253,4103.2461025,4103.2461025,4295.091328571426,4295.091328571426,-3.745737081333189,sl,0.1,0.7000000000000001,-310.76897499999467,-1.0,1849.8512145532968
2025-10-21,1,2025-10-21 14:50:00,2025-10-21 23:59:55,98,4113.32,4093.199,4082.4701,4291.991288389511,4291.991288389511,-4.164518899957513,session_end,0.1,0.7000000000000001,-201.9099999999964,-0.6522225355673708,1647.9412145533006
2025-10-22,-1,2025-10-22 00:35:00,2025-10-22 01:04:50,6,4071.128,4101.66146,4101.66146,4050.2075476190475,4050.2075476190475,0.5178982097666441,sl,0.1,0.7000000000000001,-306.03460000000103,-1.0,1341.9066145532997
2025-10-22,-1,2025-10-22 01:10:00,2025-10-22 03:48:10,32,4111.207,4142.041052500001,4142.041052500001,4066.894714285714,4066.894714285714,1.0911712456780374,sl,0.1,0.7000000000000001,-309.04052500000324,-1.0,1032.8660895532958
2025-10-22,-1,2025-10-22 03:55:00,2025-10-22 08:04:00,50,4134.23,4118.419225694445,4165.236725,4098.310159574469,4098.310159574469,0.8761499014818044,tp,0.1,0.7000000000000001,157.40774305554334,0.5099143590803039,1190.2738326088383
2025-10-22,1,2025-10-22 08:15:00,2025-10-22 10:41:30,30,4088.004,4057.34397,4057.34397,4118.101668350169,4118.101668350169,-0.7331088637805352,sl,0.1,0.7000000000000001,-307.30030000000005,-1.0,882.9735326088376
2025-10-22,1,2025-10-22 10:50:00,2025-10-22 10:56:30,2,4059.26,4028.8155500000003,4028.8155500000003,4108.775335897435,4108.775335897435,-1.2044181502230162,sl,0.1,0.7000000000000001,-305.1444999999996,-1.0,577.8290326088372
2025-10-22,1,2025-10-22 11:05:00,2025-10-22 19:03:25,96,4025.19,4082.8859137426894,3995.001075,4107.077006265664,4107.077006265664,-1.9916964337622813,tp,0.1,0.7000000000000001,576.259137426893,1.9111615846768124,1154.0881700357295
2025-10-22,-1,2025-10-22 19:30:00,2025-10-22 23:12:10,33,4105.483,4085.3241616541345,4136.274122500001,4083.12063105413,4083.12063105413,0.5488661974722043,tp,0.1,0.7000000000000001,200.88838345865662,0.6546964419976958,1354.9765534943854
2025-10-23,-1,2025-10-23 06:00:00,2025-10-23 07:37:15,20,4110.285,4093.258976190478,4141.1121375,4086.1919629629638,4086.1919629629638,0.5911258515500832,tp,0.1,0.7000000000000001,169.5602380952203,0.5523063505173588,1524.5367915896059
2025-10-23,-1,2025-10-23 08:20:00,2025-10-23 12:23:20,49,4114.881,4101.07247972973,4145.7426075,4094.291100000001,4094.291100000001,0.5040774946363574,tp,0.1,0.7000000000000001,137.38520270270493,0.4474336040425145,1661.92199429231
2025-10-23,-1,2025-10-23 12:40:00,2025-10-23 20:00:05,89,4124.738,4114.664093055556,4155.673535000001,4101.364081140351,4101.364081140351,0.5696987245558501,tp,0.1,0.7000000000000001,100.03906944444388,0.3256419177636403,1761.9610637367532
2025-10-24,1,2025-10-24 06:05:00,2025-10-24 08:05:25,25,4095.4,4064.6845000000003,4064.6845000000003,4118.444668949773,4118.444668949773,-0.5589529737604287,sl,0.1,0.7000000000000001,-307.8549999999979,-1.0,1454.1060637367555
2025-10-24,1,2025-10-24 08:15:00,2025-10-24 12:30:55,52,4054.37,4093.568835555554,4023.962225,4109.922102693604,4109.922102693604,-1.353154665806321,tp,0.1,0.7000000000000001,391.2883555555407,1.2891056828575747,1845.3944192922963
2025-10-24,-1,2025-10-24 13:20:00,2025-10-24 20:01:00,81,4118.644,4101.847376388889,4149.53383,4093.3670854166653,4093.3670854166653,0.6185962327577915,tp,0.1,0.7000000000000001,167.266236111115,0.5437590174860613,2012.6606554034115
2025-10-27,-1,2025-10-27 01:10:00,2025-10-27 02:00:00,11,4094.41,4079.919444444444,4125.118075,4073.60680952381,4073.60680952381,0.5105964185733793,tp,0.1,0.7000000000000001,144.20555555556058,0.4718809484331349,2156.8662109589723
2025-10-27,1,2025-10-27 04:10:00,2025-10-27 05:13:15,13,4056.435,4074.4282741935467,4026.0117375,4076.9147733333316,4076.9147733333316,-0.5043832033927722,tp,0.1,0.7000000000000001,179.2327419354677,0.5914314480094562,2336.09895289444
2025-10-27,1,2025-10-27 08:55:00,2025-10-27 14:03:00,62,4040.682,4010.376885,4010.376885,4073.7601012461037,4073.7601012461037,-0.8131210582569899,sl,0.1,0.7000000000000001,-303.7511499999966,-1.0,2032.3478028944437
2025-10-27,1,2025-10-27 14:10:00,2025-10-27 15:02:20,11,4006.667,3976.6169975000003,3976.6169975000003,4059.4081176470577,4059.4081176470577,-1.3005250055433846,sl,0.1,0.7000000000000001,-301.20002499999663,-1.0,1731.1477778944463
2025-10-27,1,2025-10-27 15:10:00,2025-10-27 23:59:55,94,3974.687,3998.538,3944.8768475,4054.937054945053,4054.937054945053,-1.9787373726850748,session_end,0.1,0.7000000000000001,237.81000000000114,0.8000965442897459,1968.9577778944476
2025-10-29,-1,2025-10-29 07:15:00,2025-10-29 09:47:40,31,3995.006,4024.968545,4024.968545,3966.93931992337,3966.93931992337,0.7091658784731153,sl,0.1,0.7000000000000001,-300.3254500000032,-1.0,1668.6323278944437
2025-10-29,-1,2025-10-29 09:55:00,2025-10-29 15:50:30,72,4027.756,3993.0721964912254,4057.96417,3978.33468207283,3978.33468207283,1.2438575907190088,tp,0.1,0.7000000000000001,346.1380350877442,1.148159703443606,2014.770362982188
2025-10-29,1,2025-10-29 18:40:00,2025-10-29 22:04:40,29,3951.957,3922.3173225,3922.3173225,3992.954252976188,3992.954252976188,-1.0282049423828583,sl,0.1,0.7000000000000001,-297.09677499999833,-1.0,1717.67358798219
2025-10-29,1,2025-10-29 22:10:00,2025-10-29 23:59:55,22,3930.446,3952.868,3900.967655,3987.4793661417293,3987.4793661417293,-1.4296215956820844,session_end,0.1,0.7000000000000001,223.52000000000027,0.7606261477705086,1941.1935879821904
2025-10-30,1,2025-10-30 03:00:00,2025-10-30 04:09:35,14,3922.052,3942.998336734694,3892.6366100000005,3947.1808333333342,3947.1808333333342,-0.6371973921472122,tp,0.1,0.7000000000000001,208.76336734693888,0.7120876770525268,2149.9569553291294
2025-10-30,-1,2025-10-30 04:35:00,2025-10-30 05:31:20,12,3969.223,3948.10796969697,3998.9921725000004,3943.8245545454547,3943.8245545454547,0.6455141475602406,tp,0.1,0.7000000000000001,210.45030303029927,0.7092918119584825,2360.407258359429
2025-10-30,-1,2025-10-30 05:50:00,2025-10-30 09:10:10,41,3968.667,3998.4320025,3998.4320025,3948.762,3948.762,0.5038667815381083,sl,0.1,0.7000000000000001,-298.35002500000263,-1.0,2062.0572333594264
2025-10-30,-1,2025-10-30 09:20:00,2025-10-30 12:58:20,44,4004.533,3964.1954677419376,4034.5669975,3956.655098214287,3956.655098214287,1.2108308810473531,tp,0.1,0.7000000000000001,402.6753225806231,1.3430623831563575,2464.7325559400497
2025-10-30,-1,2025-10-30 13:55:00,2025-10-30 17:48:10,47,3987.926,4017.835445,4017.835445,3964.842482035931,3964.842482035931,0.5811836931346853,sl,0.1,0.7000000000000001,-299.7944500000023,-1.0,2164.9381059400475
2025-10-30,-1,2025-10-30 17:55:00,2025-10-30 22:55:25,49,4010.92,4041.0019,4041.0019,3972.7597806201575,3972.7597806201575,0.9583695335814858,sl,0.1,0.7000000000000001,-301.5190000000013,-1.0,1863.4191059400464
2025-11-03,-1,2025-11-03 01:30:00,2025-11-03 09:27:30,96,3998.968,4005.4455383480813,4028.9602600000003,3976.7248333333337,3976.7248333333337,0.5591703625123005,tp,0.1,0.7000000000000001,-65.47538348081453,-0.21597366614190985,1797.9437224592311
2025-11-03,-1,2025-11-03 15:05:00,2025-11-03 15:36:20,7,4026.709,4006.8987299465234,4056.9093175000003,4006.4236289134437,4006.4236289134437,0.5058094940412572,tp,0.1,0.7000000000000001,197.40270053476416,0.6559623107762403,1995.3464229939955
2025-11-04,1,2025-11-04 14:05:00,2025-11-04 14:34:05,6,3968.791,3939.0250675,3939.0250675,3988.7676143984218,3988.7676143984218,-0.5021629820227689,sl,0.1,0.7000000000000001,-298.3593249999996,-1.0,1696.9870979939951
2025-11-04,1,2025-11-04 14:40:00,2025-11-04 23:59:55,100,3934.322,3934.828,3904.8145850000005,3987.6493143939383,3987.6493143939383,-1.3386787599714396,session_end,0.1,0.7000000000000001,4.359999999998581,0.01714823206302095,1701.3470979939939
2025-11-05,-1,2025-11-05 03:50:00,2025-11-05 10:06:40,76,3964.823,3960.559915977962,3994.5591725,3944.0323333333336,3944.0323333333336,0.5277128813261115,tp,0.1,0.7000000000000001,41.93084022037674,0.14336357586160978,1743.2779382143708
2025-11-05,-1,2025-11-05 14:30:00,2025-11-05 23:03:20,91,3983.815,3969.4220126262617,4013.6936125,3962.8689367816087,3962.8689367816087,0.530438012301843,tp,0.1,0.7000000000000001,143.2298737373838,0.4817153866746091,1886.5078119517548
2025-11-06,-1,2025-11-06 07:25:00,2025-11-06 14:21:20,84,4005.754,3996.245356589147,4035.797155,3982.852054307115,3982.852054307115,0.5760556852237043,tp,0.1,0.7000000000000001,94.38643410852983,0.31649949583700143,1980.8942460602848
2025-11-06,1,2025-11-06 17:25:00,2025-11-06 19:12:05,22,3967.727,3993.3148014492754,3937.9690475,3994.2429768740026,3994.2429768740026,-0.6631663879079569,tp,0.1,0.7000000000000001,255.17801449275504,0.8598643152372734,2236.07226055304
2025-11-07,-1,2025-11-07 16:40:00,2025-11-07 17:06:40,6,4025.825,3999.6274382113816,4056.0186875,3999.259446666666,3999.259446666666,0.6637742233867758,tp,0.1,0.7000000000000001,261.2756178861826,0.8676502924201673,2497.3478784392228
2025-11-10,-1,2025-11-10 01:25:00,2025-11-10 06:35:10,63,4045.519,4075.8603925,4075.8603925,4020.173637254902,4020.173637254902,0.6326558263405001,sl,0.1,0.7000000000000001,-304.1139250000044,-1.0,2193.2339534392186
2025-11-10,-1,2025-11-10 06:45:00,2025-11-10 13:02:40,76,4073.3,4103.84975,4103.84975,4046.724997942387,4046.724997942387,0.6577294496450016,sl,0.1,0.7000000000000001,-306.1975000000013,-1.0,1887.0364534392174
2025-11-10,-1,2025-11-10 13:10:00,2025-11-10 23:59:55,118,4104.878,4120.053,4135.6645849999995,4063.8268670886064,4063.8268670886064,1.0117220604146637,session_end,0.1,0.7000000000000001,-152.4500000000018,-0.492909492884653,1734.586453439215
2025-11-11,1,2025-11-11 15:20:00,2025-11-11 20:53:00,67,4115.805,4130.8484666666645,4084.9364625000003,4136.441422101446,4136.441422101446,-0.502531523603321,tp,0.1,0.7000000000000001,149.73466666664245,0.48733979271496886,1884.3211201058575
2025-11-12,1,2025-11-12 04:05:00,2025-11-12 07:08:45,37,4108.159,4121.446476470589,4077.3478075,4130.230969387755,4130.230969387755,-0.5337829664044873,tp,0.1,0.7000000000000001,132.17476470589355,0.43125485878514525,2016.4958848117512
2025-11-12,-1,2025-11-12 15:15:00,2025-11-12 16:32:35,16,4161.764,4192.97723,4192.97723,4125.054906193077,4125.054906193077,0.8909358697685795,sl,0.1,0.7000000000000001,-312.83230000000293,-1.0,1703.6635848117476
2025-11-12,-1,2025-11-12 16:40:00,2025-11-12 23:59:55,76,4187.831,4191.195,4219.2397325,4129.719821666666,4129.719821666666,1.4085865590236926,session_end,0.1,0.7000000000000001,-34.33999999999578,-0.10710397180145916,1669.323584811751
2025-11-13,-1,2025-11-13 04:10:00,2025-11-13 14:08:40,120,4218.273,4215.746580867851,4249.9100475000005,4195.883579999999,4195.883579999999,0.5349033063496158,tp,0.1,0.7000000000000001,24.564191321493855,0.0798563498110675,1693.8877761332442
2025-11-13,1,2025-11-13 14:45:00,2025-11-13 18:35:10,47,4188.224,4156.81232,4156.81232,4215.6167843691155,4215.6167843691155,-0.6492118655232939,sl,0.1,0.7000000000000001,-314.8168000000016,-1.0,1379.0709761332419
2025-11-13,1,2025-11-13 18:45:00,2025-11-13 23:59:55,51,4155.948,4185.926,4124.77839,4211.852599259261,4211.852599259261,-1.326900643889815,session_end,0.1,0.7000000000000001,299.08000000000067,0.961770134435437,1678.1509761332418
2025-11-14,1,2025-11-14 06:55:00,2025-11-14 11:54:45,60,4172.024,4140.73382,4140.73382,4193.204628514057,4193.204628514057,-0.5063938060562071,sl,0.1,0.7000000000000001,-313.6017999999996,-1.0,1364.5491761332414
2025-11-14,1,2025-11-14 12:00:00,2025-11-14 13:11:45,15,4132.945,4101.9479125,4101.9479125,4182.620303240742,4182.620303240742,-1.1866437697508854,sl,0.1,0.7000000000000001,-310.67087499999906,-1.0,1053.8783011332416
2025-11-14,1,2025-11-14 13:20:00,2025-11-14 13:35:35,4,4077.155,4046.5763375000006,4046.5763375000006,4175.840916666666,4175.840916666666,-2.364300236453359,sl,0.1,0.7000000000000001,-306.4866249999961,-1.0,747.3916761332457
2025-11-14,1,2025-11-14 13:45:00,2025-11-14 21:57:55,99,4055.062,4084.674,4024.649035,4172.339928282829,4172.339928282829,-2.8101360459161695,session_end,0.1,0.7000000000000001,295.4200000000008,0.9736636990178398,1042.8116761332458
2025-11-17,1,2025-11-17 05:30:00,2025-11-17 07:31:40,25,4064.493,4079.7353148148154,4034.0093025,4085.2805252525263,4085.2805252525263,-0.5121319117059357,tp,0.1,0.7000000000000001,151.72314814815473,0.5000152889857129,1194.5348242813998
2025-11-17,1,2025-11-17 16:05:00,2025-11-17 17:19:05,15,4056.784,4077.7796159420304,4026.3581200000003,4078.512054404146,4078.512054404146,-0.5324871942132565,tp,0.1,0.7000000000000001,209.25615942030328,0.6900578041466829,1403.7909837017032
2025-11-17,1,2025-11-17 19:35:00,2025-11-17 20:00:00,6,4038.561,4008.2717925,4008.2717925,4076.7707127659583,4076.7707127659583,-0.9383704765677965,sl,0.1,0.7000000000000001,-303.59207499999974,-1.0,1100.1989087017027
2025-11-17,1,2025-11-17 20:10:00,2025-11-17 23:59:55,34,4021.147,4036.887,3990.9883975000002,4075.1489490358144,4075.1489490358144,-1.326637374778788,session_end,0.1,0.7000000000000001,156.70000000000238,0.5219074723373007,1256.8989087017053
2025-11-18,1,2025-11-18 03:20:00,2025-11-18 05:42:40,29,4009.951,4024.0692303921574,3979.8763675,4031.309216666667,4031.309216666667,-0.5309123045729551,tp,0.1,0.7000000000000001,140.4823039215733,0.4694398307995061,1397.3812126232788
2025-11-18,-1,2025-11-18 08:40:00,2025-11-18 14:04:15,65,4041.38,4071.6903500000003,4071.6903500000003,4020.986564102566,4020.986564102566,0.5083313652403652,sl,0.1,0.7000000000000001,-303.803500000002,-1.0,1093.577712623277
2025-11-18,-1,2025-11-18 14:10:00,2025-11-18 23:59:55,106,4071.349,4076.748,4101.884117500001,4029.797768627453,4029.797768627453,1.032377646750164,session_end,0.1,0.7000000000000001,-54.689999999998875,-0.17681281232992782,1038.8877126232783
2025-11-19,-1,2025-11-19 05:35:00,2025-11-19 14:59:05,113,4095.623,4126.3401725,4126.3401725,4071.9055547263697,4071.9055547263697,0.5841477645772314,sl,0.1,0.7000000000000001,-307.87172500000287,-1.0,731.0159876232756
2025-11-19,-1,2025-11-19 15:05:00,2025-11-19 15:53:35,10,4126.684,4092.671040350876,4157.63413,4091.3237891344374,4091.3237891344374,0.8635276181120163,tp,0.1,0.7000000000000001,339.4295964912424,1.098960154581711,1070.4455841145173
2025-11-19,1,2025-11-19 17:05:00,2025-11-19 18:52:55,22,4060.935,4090.410595870205,4030.4779875,4091.8921308943077,4091.8921308943077,-0.758442058137168,tp,0.1,0.7000000000000001,294.0559587020487,0.96777698962447,1364.5015428165661
2025-11-20,1,2025-11-20 02:05:00,2025-11-20 02:19:00,3,4070.956,4040.42383,4040.42383,4099.3834333333325,4099.3834333333325,-0.6945418450447548,sl,0.1,0.7000000000000001,-306.0216999999995,-1.0,1058.4798428165668
2025-11-20,1,2025-11-20 02:25:00,2025-11-20 12:11:05,118,4054.582,4070.9807351598133,4024.172635,4093.6185574712636,4093.6185574712636,-0.952654892578797,tp,0.1,0.7000000000000001,163.28735159813442,0.5392659517820728,1221.7671944147005
2025-11-20,-1,2025-11-20 13:40:00,2025-11-20 14:06:10,6,4092.943,4072.3646715976292,4123.6400725,4072.0787764227603,4072.0787764227603,0.5136374988210217,tp,0.1,0.7000000000000001,205.08328402370972,0.6703677818909572,1426.8504784384095
2025-11-20,-1,2025-11-20 14:50:00,2025-11-20 15:59:50,14,4102.832,4074.09563089005,4133.60324,4072.9334943820195,4072.9334943820195,0.73384467630537,tp,0.1,0.7000000000000001,286.66369109950375,0.9338710142961526,1713.5141695379134
2025-11-20,1,2025-11-20 17:00:00,2025-11-20 18:06:10,14,4049.112,4072.6335230414725,4018.74366,4073.669517973854,4073.669517973854,-0.6024793583663313,tp,0.1,0.7000000000000001,234.51523041472393,0.7745409542132498,1948.0293999526375
2025-11-21,1,2025-11-21 05:55:00,2025-11-21 06:00:10,2,4041.746,4062.274546296297,4011.432905,4062.4015610328643,4062.4015610328643,-0.5081245840112347,tp,0.1,0.7000000000000001,204.5854629629701,0.6772171002762016,2152.614862915608
2025-11-21,1,2025-11-21 06:30:00,2025-11-21 09:13:20,33,4031.954,4054.2629999999995,4001.7143450000003,4061.317799145299,4061.317799145299,-0.7245012727516956,tp,0.1,0.7000000000000001,222.38999999999288,0.7377398981568868,2375.004862915601
2025-11-21,1,2025-11-21 10:30:00,2025-11-21 12:30:10,25,4032.863,4051.3733311111114,4002.6165275,4053.7232486772477,4053.7232486772477,-0.5160132400275075,tp,0.1,0.7000000000000001,184.40331111111556,0.6119831365826731,2559.4081740267166
2025-11-21,-1,2025-11-21 13:50:00,2025-11-21 20:33:00,81,4076.529,4061.0472560975595,4107.1029675,4052.6979658634546,4052.6979658634546,0.5894230050636449,tp,0.1,0.7000000000000001,154.11743902440486,0.5063701301586225,2713.5256130511216
2025-11-24,-1,2025-11-24 12:45:00,2025-11-24 18:39:10,71,4079.36,4109.9552,4109.9552,4058.6321339869287,4058.6321339869287,0.51000842968091,sl,0.1,0.7000000000000001,-306.65200000000203,-1.0,2406.8736130511197
2025-11-24,-1,2025-11-24 18:45:00,2025-11-24 23:51:25,50,4112.709,4143.5543175,4143.5543175,4068.1401488888882,4068.1401488888882,1.0982254660846527,sl,0.1,0.7000000000000001,-309.1531750000042,-1.0,2097.7204380511157
2025-11-25,1,2025-11-25 08:55:00,2025-11-25 10:16:35,17,4112.019,4138.546369918699,4081.1788575000005,4140.258456386294,4140.258456386294,-0.6832654696389379,tp,0.1,0.7000000000000001,264.5736991869915,0.8601571772471345,2362.2941372381074
2025-11-25,1,2025-11-25 14:50:00,2025-11-25 16:17:00,18,4115.177,4136.480322222224,4084.3131725,4137.377393258427,4137.377393258427,-0.5362308329565899,tp,0.1,0.7000000000000001,212.3332222222387,0.6902359152384446,2574.6273594603463
2025-11-28,1,2025-11-28 09:15:00,2025-11-28 13:57:00,57,4162.28,4178.963475890985,4131.0629,4183.131103559871,4183.131103559871,-0.5025088394189359,tp,0.1,0.7000000000000001,166.13475890985393,0.5344338805009266,2740.7621183702004
2025-11-28,-1,2025-11-28 14:40:00,2025-11-28 19:44:55,61,4203.12,4219.26,4234.6434,4179.670693452381,4179.670693452381,0.5621927723738891,session_end,0.1,0.7000000000000001,-162.10000000000326,-0.5120006090713662,2578.6621183701973
2025-12-01,-1,2025-12-01 02:00:00,2025-12-01 02:40:15,9,4255.376,4234.492645833333,4287.29132,4230.899791666666,4230.899791666666,0.579562493577164,tp,0.1,0.7000000000000001,208.13354166667233,0.654336355288532,2786.79566003687
2025-12-01,-1,2025-12-01 10:10:00,2025-12-01 14:01:10,47,4260.338,4242.718551587303,4292.290535,4238.475393442625,4238.475393442625,0.5156596306112488,tp,0.1,0.7000000000000001,175.4944841269633,0.5514256822720368,2962.2901441638332
2025-12-02,1,2025-12-02 09:30:00,2025-12-02 13:00:20,43,4194.813,4211.364551282052,4163.3519025000005,4217.365383040935,4217.365383040935,-0.5358530975715499,tp,0.1,0.7000000000000001,164.8155128205206,0.5260958007600426,3127.105656984354
2025-12-02,1,2025-12-02 15:30:00,2025-12-02 20:35:45,62,4188.161,4206.207948043183,4156.749792500001,4211.507856630822,4211.507856630822,-0.5561038333087321,tp,0.1,0.7000000000000001,179.76948043182966,0.574538500093743,3306.875137416184
2025-12-03,-1,2025-12-03 13:55:00,2025-12-03 14:53:25,12,4235.988,4212.884876404493,4267.75791,4211.832693612772,4211.832693612772,0.5750894717152493,tp,0.1,0.7000000000000001,230.33123595506987,0.7272014178040479,3537.206373371254
2025-12-04,1,2025-12-04 05:50:00,2025-12-04 09:43:50,47,4180.378,4196.914002873566,4149.025165,4201.971357142857,4201.971357142857,-0.5124941441176388,tp,0.1,0.7000000000000001,164.6600287356585,0.5274165118901054,3701.8664021069126
2025-12-05,-1,2025-12-05 14:50:00,2025-12-05 16:10:10,17,4242.518,4220.725910652922,4274.336885000001,4218.606256554307,4218.606256554307,0.5695540655960142,tp,0.1,0.7000000000000001,217.2208934707822,0.684879100794318,3919.087295577695
2025-12-08,1,2025-12-08 15:10:00,2025-12-08 23:59:55,94,4180.624,4194.796,4149.26932,4208.637287545788,4208.637287545788,-0.6652696735982051,session_end,0.1,0.7000000000000001,141.0200000000048,0.4519899421713353,4060.1072955777
2025-12-09,-1,2025-12-09 16:05:00,2025-12-09 23:59:55,83,4216.577,4210.969,4248.201327500001,4194.940163212434,4194.940163212434,0.5170356654374055,session_end,0.1,0.7000000000000001,55.38000000000174,0.1773318341710212,4115.487295577702
2025-12-10,-1,2025-12-10 20:10:00,2025-12-10 23:59:55,34,4227.918,4232.509,4259.627385,4203.027556473829,4203.027556473829,0.5936421589180456,session_end,0.1,0.7000000000000001,-46.610000000003495,-0.14478363424583393,4068.8772955776985
2025-12-11,1,2025-12-11 03:10:00,2025-12-11 09:47:45,80,4213.691,4220.818331908832,4182.0883175,4235.459438596491,4235.459438596491,-0.5135437822466542,tp,0.1,0.7000000000000001,70.57331908832275,0.2255293331138044,4139.4506146660215
2025-12-11,-1,2025-12-11 14:45:00,2025-12-11 16:49:30,25,4243.773,4275.6012975,4275.6012975,4219.991049905837,4219.991049905837,0.5645379294037858,sl,0.1,0.7000000000000001,-318.9829750000019,-1.0,3820.4676396660197
2025-12-11,-1,2025-12-11 16:55:00,2025-12-11 23:59:55,73,4273.358,4276.621,4305.408185,4223.806770935959,4223.806770935959,1.1720879232614758,session_end,0.1,0.7000000000000001,-33.3299999999992,-0.10180908472134917,3787.1376396660207
2025-12-12,-1,2025-12-12 08:40:00,2025-12-12 11:02:30,29,4299.097,4331.3402275,4331.3402275,4276.3662467948725,4276.3662467948725,0.532280255981058,sl,0.1,0.7000000000000001,-323.132275000001,-1.0,3464.00536466602
2025-12-12,-1,2025-12-12 11:10:00,2025-12-12 15:29:15,52,4336.392,4299.633741441441,4368.91494,4285.579502487563,4285.579502487563,1.1850205434984513,tp,0.1,0.7000000000000001,366.8825855855874,1.130225574888338,3830.8879502516074
2025-12-12,1,2025-12-12 16:05:00,2025-12-12 17:53:20,22,4277.362,4298.023738317758,4245.281785,4299.8356899827295,4299.8356899827295,-0.521629001661213,tp,0.1,0.7000000000000001,205.91738317758137,0.6440648330367539,4036.805333429189
2025-12-15,1,2025-12-15 16:05:00,2025-12-15 23:59:55,83,4307.662,4304.211,4275.354535,4332.573674438689,4332.573674438689,-0.5748355668046536,session_end,0.1,0.7000000000000001,-35.21000000000022,-0.106817418203503,4001.595333429189
2025-12-16,1,2025-12-16 03:15:00,2025-12-16 12:16:10,109,4282.337,4289.718459183675,4250.219472500001,4306.669816239317,4306.669816239317,-0.5662453190017694,tp,0.1,0.7000000000000001,73.11459183674451,0.2298265077744401,4074.7099252659336
2025-12-16,-1,2025-12-16 14:00:00,2025-12-16 16:37:10,32,4313.037,4295.507486599666,4345.3847775,4290.6883750000015,4290.6883750000015,0.5223200344862778,tp,0.1,0.7000000000000001,174.5951340033451,0.5419078142334336,4249.305059269279
2025-12-17,-1,2025-12-17 14:05:00,2025-12-17 16:15:25,27,4344.764,4323.7291529914555,4377.349730000001,4321.9463540433935,4321.9463540433935,0.5294639054276554,tp,0.1,0.7000000000000001,209.64847008544604,0.6455232707244599,4458.953529354725
2025-12-18,-1,2025-12-18 16:15:00,2025-12-18 17:09:30,11,4362.47,4332.441604065039,4395.1885250000005,4330.725968376067,4330.725968376067,0.734115523727191,tp,0.1,0.7000000000000001,299.5839593496083,0.9177796350832019,4758.537488704334
2025-12-19,-1,2025-12-19 16:05:00,2025-12-19 21:57:55,71,4350.159,4339.438,4382.7851924999995,4326.548916234888,4326.548916234888,0.5473319318372452,session_end,0.1,0.7000000000000001,106.50999999999549,0.32860101588622653,4865.047488704329
2025-12-22,-1,2025-12-22 05:30:00,2025-12-22 16:14:55,129,4404.84,4437.876300000001,4437.876300000001,4382.591878787879,4382.591878787879,0.5089139447383387,sl,0.1,0.7000000000000001,-331.06300000000664,-1.0,4533.984488704323
2025-12-22,-1,2025-12-22 16:20:00,2025-12-22 23:59:55,80,4439.717,4460.341,4473.0148775,4403.808947278913,4403.808947278913,0.8166919399014588,session_end,0.1,0.7000000000000001,-206.94000000000705,-0.6193788177640037,4327.044488704316
2025-12-23,1,2025-12-23 14:35:00,2025-12-23 17:04:20,30,4457.869,4479.038805555557,4424.4349825,4482.880035238097,4482.880035238097,-0.5604775287448054,tp,0.1,0.7000000000000001,210.99805555557106,0.6331816257366396,4538.042544259887
2025-12-24,1,2025-12-24 03:00:00,2025-12-24 10:03:00,85,4477.672,4497.763158333333,4444.08946,4513.243083333333,4513.243083333333,-0.7897332954423525,tp,0.1,0.7000000000000001,200.21158333333625,0.5982620234602257,4738.2541275932235
2025-12-24,1,2025-12-24 14:55:00,2025-12-24 18:29:55,43,4465.721,4480.777,4432.2280925,4494.422323091249,4494.422323091249,-0.6399670752673428,session_end,0.1,0.7000000000000001,149.86000000000496,0.4495280082805739,4888.114127593229
2025-12-26,-1,2025-12-26 15:35:00,2025-12-26 17:31:10,24,4539.041,4515.463265079364,4573.0838075,4512.6457923351145,4512.6457923351145,0.5849053721370708,tp,0.1,0.7000000000000001,235.07734920636432,0.6925907894240639,5123.191476799593
2025-12-29,1,2025-12-29 06:50:00,2025-12-29 07:03:30,3,4484.229,4450.597282500001,4450.597282500001,4508.868276422763,4508.868276422763,-0.5461409585089845,sl,0.1,0.7000000000000001,-337.01717499999467,-1.0,4786.174301799599
2025-12-29,1,2025-12-29 07:10:00,2025-12-29 13:43:05,79,4459.661,4426.213542500001,4426.213542500001,4506.932492248061,4506.932492248061,-1.0472531445554842,sl,0.1,0.7000000000000001,-335.1745749999947,-1.0,4450.999726799604
2025-12-29,1,2025-12-29 13:50:00,2025-12-29 14:30:00,9,4417.073,4383.944952500001,4383.944952500001,4486.1467811244975,4486.1467811244975,-1.5392559471089937,sl,0.1,0.7000000000000001,-331.9804749999941,-1.0,4119.01925179961
2025-12-29,1,2025-12-29 14:40:00,2025-12-29 15:03:40,5,4372.142,4339.350935,4339.350935,4481.03815530303,4481.03815530303,-2.4311923158722464,sl,0.1,0.7000000000000001,-328.61064999999434,-1.0,3790.408601799616
2025-12-29,1,2025-12-29 15:10:00,2025-12-29 15:22:00,3,4343.902,4311.322735000001,4311.322735000001,4477.10412087912,4477.10412087912,-2.976915820598559,sl,0.1,0.7000000000000001,-326.49264999999394,-1.0,3463.9159517996222
2025-12-29,1,2025-12-29 15:30:00,2025-12-29 23:59:55,90,4319.838,4345.707,4287.439215,4473.908933691755,4473.908933691755,-3.4421003192990955,session_end,0.1,0.7000000000000001,257.990000000006,0.7984558680210098,3721.9059517996284
2025-12-30,-1,2025-12-30 05:40:00,2025-12-30 08:22:50,33,4378.189,4360.21726,4411.025417500001,4355.477240196081,4355.477240196081,0.5210280883685132,tp,0.1,0.7000000000000001,179.01739999999955,0.5473112284554069,3900.923351799628
2025-12-30,-1,2025-12-30 10:35:00,2025-12-30 14:40:40,50,4387.824,4369.619676136364,4420.73268,4362.0344527559055,4362.0344527559055,0.591468213365306,tp,0.1,0.7000000000000001,181.34323863635183,0.553176969226202,4082.26659043598
2025-12-30,1,2025-12-30 19:55:00,2025-12-30 23:59:55,37,4342.755,4338.984,4310.184337500001,4369.0658124128295,4369.0658124128295,-0.6014171802625798,session_end,0.1,0.7000000000000001,-38.40999999999731,-0.11577903888199409,4043.856590435983
2025-12-31,-1,2025-12-31 01:40:00,2025-12-31 02:50:30,15,4368.03,4353.984519607843,4400.790225,4346.186083333333,4346.186083333333,0.5028182467950431,tp,0.1,0.7000000000000001,139.75480392156607,0.428735773095472,4183.611394357549
2025-12-31,1,2025-12-31 05:45:00,2025-12-31 05:53:00,2,4324.937,4292.4999725,4292.4999725,4349.201384057971,4349.201384057971,-0.5557315452571588,sl,0.1,0.7000000000000001,-325.0702750000011,-1.0,3858.5411193575483
2025-12-31,1,2025-12-31 06:00:00,2025-12-31 09:44:00,45,4285.936,4336.725913793103,4253.79148,4347.061921296296,4347.061921296296,-1.407144006774464,tp,0.1,0.7000000000000001,507.1991379310355,1.5800489101440562,4365.740257288584
2025-12-31,1,2025-12-31 10:35:00,2025-12-31 13:31:20,36,4308.215,4330.660806584361,4275.9033875000005,4335.873085301838,4335.873085301838,-0.6379934273355692,tp,0.1,0.7000000000000001,223.7580658436098,0.6946668658013029,4589.498323132194
2025-12-31,1,2025-12-31 20:05:00,2025-12-31 21:57:55,23,4306.403,4318.909,4274.1049775,4329.710245504841,4329.710245504841,-0.5462893395556296,session_end,0.1,0.7000000000000001,124.35999999999403,0.38720636843941014,4713.858323132188
2026-01-02,-1,2026-01-02 04:05:00,2026-01-02 13:29:30,113,4377.568,4375.925508281574,4410.39976,4355.09712585034,4355.09712585034,0.5156113285366914,tp,0.1,0.7000000000000001,15.724917184258448,0.050027525738061046,4729.583240316447
2026-01-02,1,2026-01-02 14:40:00,2026-01-02 16:17:05,20,4351.281,4318.6463925,4318.6463925,4375.330481060607,4375.330481060607,-0.5490552351324022,sl,0.1,0.7000000000000001,-327.0460750000013,-1.0,4402.537165316446
2026-01-02,1,2026-01-02 16:25:00,2026-01-02 21:57:55,67,4318.691,4331.821,4286.3008175,4371.5301700507625,4371.5301700507625,-1.208036270973508,session_end,0.1,0.7000000000000001,130.6000000000011,0.40536974436622486,4533.137165316447
2026-01-05,-1,2026-01-05 01:05:00,2026-01-05 01:51:40,10,4416.975,4393.156651515152,4450.102312500001,4387.186756410257,4387.186756410257,0.682002961146461,tp,0.1,0.7000000000000001,237.48348484848685,0.7189942886205508,4770.620650164934
2026-01-05,-1,2026-01-05 08:45:00,2026-01-05 11:27:30,33,4430.065,4413.682154501217,4463.2904874999995,4407.755407936508,4407.755407936508,0.5055882189689076,tp,0.1,0.7000000000000001,163.12845498782445,0.4930806658226612,4933.749105152759
2026-01-05,-1,2026-01-05 14:50:00,2026-01-05 23:59:55,98,4436.839,4440.433,4470.115292500001,4414.467355805244,4414.467355805244,0.5090114476711897,session_end,0.1,0.7000000000000001,-36.64000000000051,-0.1080048205490435,4897.109105152758
2026-01-06,-1,2026-01-06 14:50:00,2026-01-06 23:59:55,98,4482.282,4493.294,4515.899115,4458.644146067416,4458.644146067416,0.5298102552862181,session_end,0.1,0.7000000000000001,-110.81999999999717,-0.32757123863840526,4786.289105152761
2026-01-07,1,2026-01-07 05:50:00,2026-01-07 08:21:25,31,4448.174,4468.396993333332,4414.8126950000005,4474.221361904761,4474.221361904761,-0.5815729665570945,tp,0.1,0.7000000000000001,201.52993333331943,0.6061811231105101,4987.819038486081
2026-01-07,1,2026-01-07 12:20:00,2026-01-07 16:22:50,49,4442.255,4460.909705782314,4408.938087500001,4466.160313063065,4466.160313063065,-0.5367208380978192,tp,0.1,0.7000000000000001,185.84705782313614,0.5599170025828143,5173.666096309217
2026-01-08,1,2026-01-08 05:45:00,2026-01-08 13:25:00,93,4418.697,4434.601568322982,4385.5567725,4443.524847826087,4443.524847826087,-0.5571556067296327,tp,0.1,0.7000000000000001,158.34568322981505,0.4799172945623709,5332.011779539032
2026-01-08,-1,2026-01-08 16:35:00,2026-01-08 23:59:55,77,4461.173,4475.695,4494.6317975,4435.5050879396995,4435.5050879396995,0.578342523606852,session_end,0.1,0.7000000000000001,-145.91999999999933,-0.4340263573429308,5186.091779539033
2026-01-09,-1,2026-01-09 14:25:00,2026-01-09 21:57:55,91,4493.971,4509.174,4527.6757824999995,4469.9135809248555,4469.9135809248555,0.5378161935329872,session_end,0.1,0.7000000000000001,-152.73000000000428,-0.45106358422578297,5033.361779539029
2026-01-12,-1,2026-01-12 00:40:00,2026-01-12 01:35:25,12,4586.718,4575.281342105263,4621.118385,4560.018041666666,4560.018041666666,0.5853147529122108,tp,0.1,0.7000000000000001,113.66657894736527,0.3324572644967943,5147.028358486395
2026-01-12,-1,2026-01-12 13:15:00,2026-01-12 20:46:50,91,4606.627,4591.997471887551,4641.176702500001,4580.860613207549,4580.860613207549,0.5648040614432636,tp,0.1,0.7000000000000001,145.59528112449408,0.42343427161056535,5292.623639610889
2026-01-13,-1,2026-01-13 13:35:00,2026-01-13 16:27:55,35,4613.433,4593.978427241962,4648.033747500001,4589.420221881389,4589.420221881389,0.5230132992435167,tp,0.1,0.7000000000000001,193.84572758038013,0.5622587418967664,5486.469367191269
2026-01-16,1,2026-01-16 15:30:00,2026-01-16 21:19:15,70,4565.327,4598.318826797386,4531.0870475,4603.282560931899,4603.282560931899,-0.8238699325948207,tp,0.1,0.7000000000000001,329.2182679738533,0.9635476800788569,5815.687635165123
2026-01-20,-1,2026-01-20 05:15:00,2026-01-20 09:30:20,52,4699.578,4734.824835,4734.824835,4674.3776534391545,4674.3776534391545,0.5401541859218209,sl,0.1,0.7000000000000001,-353.1683499999992,-1.0,5462.519285165124
2026-01-20,-1,2026-01-20 09:40:00,2026-01-20 23:44:10,157,4734.182,4769.688365,4769.688365,4693.820764367817,4693.820764367817,0.8599547715712381,sl,0.1,0.7000000000000001,-355.76365000000186,-1.0,5106.755635165122
2026-01-21,-1,2026-01-21 01:15:00,2026-01-21 01:54:55,8,4807.742,4843.800065,4843.800065,4783.188455555556,4783.188455555556,0.5148457911132831,sl,0.1,0.7000000000000001,-361.2806500000017,-1.0,4745.47498516512
2026-01-21,-1,2026-01-21 02:00:00,2026-01-21 05:18:25,40,4835.403,4871.6685225,4871.6685225,4798.282680555556,4798.282680555556,0.7731895328882168,sl,0.1,0.7000000000000001,-363.3552249999986,-1.0,4382.119760165122
2026-01-21,-1,2026-01-21 05:25:00,2026-01-21 07:04:20,20,4870.92,4837.103333333333,4907.4519,4827.259776923077,4827.259776923077,0.9035296439903643,tp,0.1,0.7000000000000001,337.46666666667517,0.9256750036726138,4719.586426831797
2026-01-21,-1,2026-01-21 08:20:00,2026-01-21 14:05:00,70,4865.335,4849.516503944774,4901.8250125,4839.0041200000005,4839.0041200000005,0.5436527712648296,tp,0.1,0.7000000000000001,157.48496055226207,0.43350207279940073,4877.07138738406
2026-01-21,1,2026-01-21 15:25:00,2026-01-21 15:53:55,6,4817.6,4849.545547368421,4781.468000000001,4849.905629729729,4849.905629729729,-0.6679125781574157,tp,0.1,0.7000000000000001,318.75547368420195,0.884134489328588,5195.826861068262
2026-01-21,1,2026-01-21 17:05:00,2026-01-21 18:58:35,23,4824.565,4846.597617474303,4788.3807625,4848.876399186991,4848.876399186991,-0.5036609964132298,tp,0.1,0.7000000000000001,219.62617474303153,0.6089009744727483,5415.453035811293
2026-01-21,1,2026-01-21 19:30:00,2026-01-21 19:37:00,2,4816.148,4780.02689,4780.02689,4846.556866096866,4846.556866096866,-0.6291964984499195,sl,0.1,0.7000000000000001,-361.91110000000043,-1.0,5053.541935811293
2026-01-21,1,2026-01-21 19:45:00,2026-01-21 23:59:55,39,4765.959,4778.432,4730.2143075,4845.817587201125,4845.817587201125,-1.649279729641797,session_end,0.1,0.7000000000000001,124.02999999999956,0.3489469100902222,5177.571935811293
2026-01-22,-1,2026-01-22 05:55:00,2026-01-22 13:42:45,94,4818.114,4812.876609756098,4854.249855,4793.405237089203,4793.405237089203,0.516444191266195,tp,0.1,0.7000000000000001,51.67390243901245,0.14493610968665832,5229.2458382503055
2026-01-22,-1,2026-01-22 14:35:00,2026-01-22 16:19:00,21,4842.694,4879.014205,4879.014205,4813.539404761905,4813.539404761905,0.6070604763137067,sl,0.1,0.7000000000000001,-363.90204999999986,-1.0,4865.343788250306
2026-01-22,-1,2026-01-22 16:25:00,2026-01-22 18:10:45,22,4878.3,4914.887250000001,4914.887250000001,4818.16145431472,4818.16145431472,1.2494401911619288,sl,0.1,0.7000000000000001,-366.57250000000494,-1.0,4498.771288250301
2026-01-22,-1,2026-01-22 18:20:00,2026-01-22 23:03:55,45,4911.532,4948.368490000001,4948.368490000001,4825.746603030303,4825.746603030303,1.7779196469997112,sl,0.1,0.7000000000000001,-369.06490000000593,-1.0,4129.706388250295
2026-01-23,1,2026-01-23 08:25:00,2026-01-23 12:53:20,54,4921.047,4942.623664502164,4884.1391475,4953.310595709571,4953.310595709571,-0.6522727595066683,tp,0.1,0.7000000000000001,215.06664502164023,0.5846090476861068,4344.773033271936
2026-01-23,-1,2026-01-23 16:10:00,2026-01-23 21:57:55,70,4974.033,4988.436,5011.338247500001,4943.185627147765,4943.185627147765,0.6251003944204301,session_end,0.1,0.7000000000000001,-144.72999999999337,-0.38608509432886573,4200.0430332719425
2026-01-26,-1,2026-01-26 01:30:00,2026-01-26 04:32:25,37,5074.319,5068.494839506172,5112.3763925,5047.364740740741,5047.364740740741,0.5361562052535038,tp,0.1,0.7000000000000001,57.54160493828458,0.1530362463436894,4257.584638210227
2026-01-26,-1,2026-01-26 06:50:00,2026-01-26 09:56:45,38,5106.864,5076.051945378151,5145.16548,5069.105825203253,5069.105825203253,0.7462395953280525,tp,0.1,0.7000000000000001,307.420546218488,0.8044612015475312,4565.005184428715
2026-01-26,1,2026-01-26 19:05:00,2026-01-26 21:32:00,30,5046.02,5008.17485,5008.17485,5080.326815866087,5080.326815866087,-0.6762422401408086,sl,0.1,0.7000000000000001,-379.151500000001,-1.0,4185.853684428715
2026-01-26,1,2026-01-26 21:40:00,2026-01-26 23:59:55,16,5001.583,5043.691,4964.0711275,5075.371450000003,5075.371450000003,-1.4537251258723771,session_end,0.1,0.7000000000000001,420.38000000000176,1.1225246087089085,4606.2336844287165
2026-01-27,-1,2026-01-27 01:15:00,2026-01-27 02:03:00,10,5071.619,5050.437805555556,5109.6561425,5042.094188888889,5042.094188888889,0.5851201902599079,tp,0.1,0.7000000000000001,211.11194444443464,0.5568555641224442,4817.345628873151
2026-01-27,-1,2026-01-27 07:10:00,2026-01-27 11:49:10,56,5093.505,5074.829901891255,5131.7062875,5066.916980620154,5066.916980620154,0.5273920903392262,tp,0.1,0.7000000000000001,186.0509810874526,0.488860437197182,5003.396609960604
2026-01-27,-1,2026-01-27 20:05:00,2026-01-27 20:46:40,9,5119.079,5157.4720925,5157.4720925,5077.854773858921,5077.854773858921,0.8115184064187559,sl,0.1,0.7000000000000001,-384.6309250000042,-1.0,4618.7656849606
2026-01-27,-1,2026-01-27 20:55:00,2026-01-27 23:59:55,23,5176.8,5172.532,5215.626,5080.4629966799475,5080.4629966799475,1.8957820061477382,session_end,0.1,0.7000000000000001,41.98000000000029,0.1099263380209145,4660.745684960601
2026-01-28,-1,2026-01-28 01:10:00,2026-01-28 03:03:50,23,5196.677,5235.6520775,5235.6520775,5170.1215,5170.1215,0.5144753367981633,sl,0.1,0.7000000000000001,-390.45077500000224,-1.0,4270.2949099605985
2026-01-28,-1,2026-01-28 03:10:00,2026-01-28 07:32:15,53,5244.975,5284.312312500001,5284.312312500001,5197.103552631579,5197.103552631579,0.9224935944203989,sl,0.1,0.7000000000000001,-394.07312500000734,-1.0,3876.2217849605913
2026-01-28,-1,2026-01-28 07:40:00,2026-01-28 11:04:55,41,5279.767,5246.281164141412,5319.3652525,5230.018644927535,5230.018644927535,0.9524794929895463,tp,0.1,0.7000000000000001,334.1583585858796,0.8456392326552291,4210.380143546471
2026-01-28,-1,2026-01-28 13:00:00,2026-01-28 14:06:20,14,5279.17,5250.483768244573,5318.763775,5248.614598290595,5248.614598290595,0.5839426983148541,tp,0.1,0.7000000000000001,286.1623175542689,0.7245136831592008,4496.54246110074
2026-01-28,-1,2026-01-28 14:40:00,2026-01-28 15:08:05,6,5281.833,5251.8450524861855,5321.4467475,5251.014823863634,5251.014823863634,0.5866804259695265,tp,0.1,0.7000000000000001,299.1794751381411,0.7570085994467887,4795.721936238881
2026-01-28,-1,2026-01-28 15:45:00,2026-01-28 18:21:35,32,5280.461,5320.064457500001,5320.064457500001,5252.442071428569,5252.442071428569,0.5330744859374663,sl,0.1,0.7000000000000001,-396.7345750000033,-1.0,4398.987361238878
2026-01-28,-1,2026-01-28 18:30:00,2026-01-28 20:25:50,24,5305.448,5345.23886,5345.23886,5258.369243243241,5258.369243243241,0.895054237912945,sl,0.1,0.7000000000000001,-398.60860000000065,-1.0,4000.378761238878
2026-01-28,-1,2026-01-28 20:35:00,2026-01-28 21:48:45,15,5359.628,5399.82521,5399.82521,5263.089834682861,5263.089834682861,1.8335173509907237,sl,0.1,0.7000000000000001,-402.6721000000027,-1.0,3597.7066612388753
2026-01-28,-1,2026-01-28 21:55:00,2026-01-28 23:01:45,2,5409.001,5449.5685075,5449.5685075,5270.541854879595,5270.541854879595,2.6286413984576926,sl,0.1,0.7000000000000001,-406.3750749999992,-1.0,3191.3315862388763
2026-01-29,-1,2026-01-29 00:35:00,2026-01-29 00:42:50,2,5521.417,5496.086333333334,5562.827627500001,5492.782119047619,5492.782119047619,0.5227839067710837,tp,0.1,0.7000000000000001,252.6066666666673,0.6116948280164676,3443.938252905544
2026-01-29,1,2026-01-29 01:05:00,2026-01-29 01:19:00,3,5468.614,5495.553277777778,5427.599395,5500.426217948718,5500.426217948718,-0.5793136147293202,tp,0.1,0.7000000000000001,268.69277777778444,0.6568215828917247,3712.6310306833284
2026-01-29,-1,2026-01-29 01:45:00,2026-01-29 02:02:55,4,5539.89,5505.532111111109,5581.439175,5500.639515873014,5500.639515873014,0.7146257087662985,tp,0.1,0.7000000000000001,342.8788888889147,0.8269210854100323,4055.5099195722432
2026-01-29,-1,2026-01-29 02:50:00,2026-01-29 03:04:25,3,5540.173,5512.917898148148,5581.7242975,5511.552225490195,5511.552225490195,0.519078352872913,tp,0.1,0.7000000000000001,271.8510185185158,0.6559386467258088,4327.360938090759
2026-01-29,-1,2026-01-29 04:00:00,2026-01-29 05:22:40,17,5545.792,5526.1373125,5587.385440000001,5517.430756944444,5517.430756944444,0.5150539138128526,tp,0.1,0.7000000000000001,195.84687500000365,0.4725429659100113,4523.207813090763
2026-01-29,-1,2026-01-29 05:50:00,2026-01-29 07:28:55,20,5558.3,5537.457552434457,5599.98725,5527.74422857143,5527.74422857143,0.5536484714756725,tp,0.1,0.7000000000000001,207.724475655429,0.4999717555258004,4730.932288746192
2026-01-29,1,2026-01-29 08:45:00,2026-01-29 12:13:10,42,5482.501,5529.850783105021,5441.382242500001,5537.203176190475,5537.203176190475,-0.98881464971173,tp,0.1,0.7000000000000001,472.79783105020834,1.151537302775296,5203.730119796401
2026-01-29,1,2026-01-29 15:00:00,2026-01-29 15:02:10,1,5497.433,5456.2022525,5456.2022525,5528.983979629628,5528.983979629628,-0.5641810456415496,sl,0.1,0.7000000000000001,-413.0074749999978,-1.0,4790.722644796403
2026-01-29,1,2026-01-29 15:10:00,2026-01-29 15:14:40,1,5415.121,5374.5075925,5374.5075925,5528.098117216116,5528.098117216116,-2.0444936905901483,sl,0.1,0.7000000000000001,-406.8340749999999,-1.0,4383.888569796403
2026-01-29,1,2026-01-29 15:20:00,2026-01-29 15:26:15,2,5332.543,5292.5489275,5292.5489275,5526.305021739129,5526.305021739129,-3.524787737428007,sl,0.1,0.7000000000000001,-400.64072499999673,-1.0,3983.2478447964068
2026-01-29,1,2026-01-29 15:35:00,2026-01-29 15:36:00,1,5162.944,5124.221920000001,5124.221920000001,5521.617778074866,5521.617778074866,-6.498064380688853,sl,0.1,0.7000000000000001,-387.9207999999955,-1.0,3595.3270447964114
2026-01-29,1,2026-01-29 15:45:00,2026-01-29 23:59:55,87,5121.793,5438.65,5083.3795525,5517.822808641974,5517.822808641974,-7.173233399631197,session_end,0.1,0.7000000000000001,3167.87,8.248595755431724,6763.197044796411
2026-01-30,1,2026-01-30 00:50:00,2026-01-30 01:11:05,5,5401.619,5361.1068575,5361.1068575,5431.0775,5431.0775,-0.5423417360551537,sl,0.1,0.7000000000000001,-405.82142499999753,-1.0,6357.375619796414
2026-01-30,1,2026-01-30 01:20:00,2026-01-30 01:59:25,8,5332.945,5292.9479125,5292.9479125,5409.797166666667,5409.797166666667,-1.421803152632068,sl,0.1,0.7000000000000001,-400.67087499999906,-1.0,5956.704744796415
2026-01-30,1,2026-01-30 02:05:00,2026-01-30 02:10:20,2,5296.146,5256.424905,5256.424905,5384.317366666667,5384.317366666667,-1.637270997664884,sl,0.1,0.7000000000000001,-397.91094999999876,-1.0,5558.7937947964165
2026-01-30,1,2026-01-30 02:20:00,2026-01-30 08:33:25,75,5146.323,5107.7255775,5107.7255775,5367.3872619047615,5367.3872619047615,-4.118498463371799,sl,0.1,0.7000000000000001,-386.6742249999999,-1.0,5172.119569796417
2026-01-30,1,2026-01-30 08:40:00,2026-01-30 09:12:30,7,5092.351,5054.1583675,5054.1583675,5235.051743589743,5235.051743589743,-2.7251735145585436,sl,0.1,0.7000000000000001,-382.6263249999949,-1.0,4789.493244796422
2026-01-30,1,2026-01-30 09:20:00,2026-01-30 09:28:10,2,5068.891,5030.8743175,5030.8743175,5224.754119047618,5224.754119047618,-2.9826019655069103,sl,0.1,0.7000000000000001,-380.8668249999966,-1.0,4408.626419796426
2026-01-30,1,2026-01-30 09:35:00,2026-01-30 09:41:45,2,5058.063,5020.127527500001,5020.127527500001,5220.060085507245,5220.060085507245,-3.104324142880032,sl,0.1,0.7000000000000001,-380.05472499999377,-1.0,4028.571694796432
2026-01-30,1,2026-01-30 09:50:00,2026-01-30 09:51:05,1,4982.14,4944.773950000001,4944.773950000001,5214.602415254236,5214.602415254236,-4.458900156492563,sl,0.1,0.7000000000000001,-374.3604999999963,-1.0,3654.211194796436
2026-01-30,1,2026-01-30 10:00:00,2026-01-30 16:35:35,80,5013.589,4975.9870825,4975.9870825,5210.905988888888,5210.905988888888,-3.7853204281458726,sl,0.1,0.7000000000000001,-376.71917500000126,-1.0,3277.4920197964348
2026-01-30,1,2026-01-30 16:45:00,2026-01-30 16:49:30,1,5010.642,4973.062185,4973.062185,5152.864339137644,5152.864339137644,-2.7609855368607077,sl,0.1,0.7000000000000001,-376.4981500000005,-1.0,2900.9938697964344
2026-01-30,1,2026-01-30 16:55:00,2026-01-30 17:07:20,3,4978.721,4941.3805925,4941.3805925,5151.1471863710985,5151.1471863710985,-3.3452681536070727,sl,0.1,0.7000000000000001,-374.10407499999855,-1.0,2526.889794796436
2026-01-30,1,2026-01-30 17:15:00,2026-01-30 17:42:40,6,4914.972,4878.10971,4878.10971,5147.370461352655,5147.370461352655,-4.517432018902122,sl,0.1,0.7000000000000001,-369.3229000000003,-1.0,2157.566894796436
2026-01-30,1,2026-01-30 17:50:00,2026-01-30 17:54:00,1,4857.373,4820.9427024999995,4820.9427024999995,5139.270763239874,5139.270763239874,-5.489013446375353,sl,0.1,0.7000000000000001,-365.0029750000005,-1.0,1792.5639197964356
2026-01-30,1,2026-01-30 18:00:00,2026-01-30 18:09:40,2,4849.984,4813.609120000001,4813.609120000001,5136.410018518517,5136.410018518517,-5.5760641671111255,sl,0.1,0.7000000000000001,-364.4487999999939,-1.0,1428.115119796441
2026-01-30,1,2026-01-30 18:15:00,2026-01-30 18:18:20,1,4808.665,4772.6000125,4772.6000125,5132.3375456621,5132.3375456621,-6.305977398849115,sl,0.1,0.7000000000000001,-361.34987499999914,-1.0,1066.765244796441
2026-01-30,1,2026-01-30 18:25:00,2026-01-30 21:57:55,43,4717.492,4891.558,4682.11081,5128.905168174962,5128.905168174962,-8.02342126987293,session_end,0.1,0.7000000000000001,1739.959999999998,4.91973277326171,2806.7252447964393
2026-02-02,1,2026-02-02 00:50:00,2026-02-02 00:56:45,2,4797.935,4761.9504875,4761.9504875,4824.593433333333,4824.593433333333,-0.5536618515620403,sl,0.1,0.7000000000000001,-360.54512500000163,-1.0,2446.180119796438
2026-02-02,1,2026-02-02 01:05:00,2026-02-02 01:07:35,1,4756.314,4720.641645000001,4720.641645000001,4812.948423076923,4812.948423076923,-1.1784236624057567,sl,0.1,0.7000000000000001,-357.42354999999696,-1.0,2088.756569796441
2026-02-02,1,2026-02-02 01:15:00,2026-02-02 02:32:00,16,4643.657,4753.412733333333,4608.829572500001,4792.548788888888,4792.548788888888,-3.1099795840251296,tp,0.1,0.7000000000000001,1096.857333333325,3.1514166050115042,3185.613903129766
2026-02-02,1,2026-02-02 02:50:00,2026-02-02 03:14:30,5,4729.332,4693.862010000001,4693.862010000001,4753.32662745098,4753.32662745098,-0.506300730776523,sl,0.1,0.7000000000000001,-355.39989999999597,-1.0,2830.2140031297704
2026-02-02,1,2026-02-02 03:20:00,2026-02-02 03:32:05,3,4717.047,4681.6691475,4681.6691475,4747.188558333333,4747.188558333333,-0.6367570607716867,sl,0.1,0.7000000000000001,-354.4785249999979,-1.0,2475.7354781297727
2026-02-02,1,2026-02-02 03:40:00,2026-02-02 04:01:55,5,4654.569,4619.6597325,4619.6597325,4742.096462121212,4742.096462121212,-1.8467773235055158,sl,0.1,0.7000000000000001,-349.7926750000017,-1.0,2125.942803129771
2026-02-02,1,2026-02-02 04:10:00,2026-02-02 05:31:45,17,4655.306,4620.391205,4620.391205,4731.476153333334,4731.476153333334,-1.6074191408478926,sl,0.1,0.7000000000000001,-349.84794999999684,-1.0,1776.0948531297745
2026-02-02,1,2026-02-02 05:40:00,2026-02-02 05:44:15,1,4623.239,4588.5647075,4588.5647075,4715.442465686276,4715.442465686276,-1.952583800062881,sl,0.1,0.7000000000000001,-347.44292499999864,-1.0,1428.6519281297751
2026-02-02,1,2026-02-02 05:50:00,2026-02-02 05:52:10,1,4553.593,4519.4410525,4519.4410525,4711.348885714286,4711.348885714286,-3.3421720516546545,sl,0.1,0.7000000000000001,-342.2194749999955,-1.0,1086.4324531297789
2026-02-02,1,2026-02-02 06:00:00,2026-02-02 06:17:30,4,4549.439,4515.3182075,4515.3182075,4706.608694444445,4706.608694444445,-3.338841289906607,sl,0.1,0.7000000000000001,-341.9079249999988,-1.0,744.5245281297794
2026-02-02,1,2026-02-02 06:25:00,2026-02-02 06:38:00,3,4460.281,4426.828892500001,4426.828892500001,4695.246781385282,4695.246781385282,-4.974185431769261,sl,0.1,0.7000000000000001,-335.2210749999933,-1.0,409.30345312978534
2026-02-02,1,2026-02-02 06:45:00,2026-02-02 09:12:00,30,4453.042,4656.9289333333345,4419.644185000001,4683.327545267491,4683.327545267491,-4.919345124606946,tp,0.1,0.7000000000000001,2038.1693333333412,6.1047985724017595,2447.472786463127
2026-02-02,-1,2026-02-02 09:30:00,2026-02-02 09:55:20,6,4690.078,4725.253585,4725.253585,4656.742204678363,4656.742204678363,0.7137241844362017,sl,0.1,0.7000000000000001,-352.45584999999954,-1.0,2095.0169364631274
2026-02-02,-1,2026-02-02 10:05:00,2026-02-02 10:37:40,7,4713.819,4661.688712598427,4749.172642500001,4659.606560606062,4659.606560606062,1.1644961583812508,tp,0.1,0.7000000000000001,520.6028740157369,1.4745379461698578,2615.6198104788646
2026-02-02,-1,2026-02-02 10:55:00,2026-02-02 11:12:55,4,4694.333,4729.5404975,4729.5404975,4662.223131043259,4662.223131043259,0.6828366652974285,sl,0.1,0.7000000000000001,-352.774975000005,-1.0,2262.8448354788597
2026-02-02,-1,2026-02-02 11:20:00,2026-02-02 12:23:45,13,4754.135,4789.791012500001,4789.791012500001,4664.542401960787,4664.542401960787,1.9225057960994532,sl,0.1,0.7000000000000001,-357.2601250000054,-1.0,1905.5847104788545
2026-02-02,-1,2026-02-02 12:30:00,2026-02-02 13:40:45,15,4778.002,4681.675985772362,4813.837015000001,4674.014893333336,4674.014893333336,2.223005468272348,tp,0.1,0.7000000000000001,962.5601422763855,2.688041688489234,2868.14485275524
2026-02-02,-1,2026-02-02 13:55:00,2026-02-02 14:23:10,6,4719.788,4682.877184108531,4755.18641,4681.959374251501,4681.959374251501,0.814661612791049,tp,0.1,0.7000000000000001,368.408158914687,1.042725249282891,3236.5530116699274
2026-02-02,-1,2026-02-02 14:30:00,2026-02-02 14:34:15,1,4721.431,4756.8417325,4756.8417325,4683.125919540234,4683.125919540234,0.8167531925667654,sl,0.1,0.7000000000000001,-354.8073250000045,-1.0,2881.745686669923
2026-02-02,-1,2026-02-02 14:40:00,2026-02-02 15:24:20,9,4779.357,4685.918217391309,4815.2021775,4683.990342803034,4683.990342803034,2.0359170326533738,tp,0.1,0.7000000000000001,933.6878260869132,2.60673231730239,3815.4335127568365
2026-02-02,1,2026-02-02 15:50:00,2026-02-02 15:57:35,2,4659.157,4624.213322500001,4624.213322500001,4685.843577192986,4685.843577192986,-0.5709554054088375,sl,0.1,0.7000000000000001,-350.13677499999466,-1.0,3465.296737756842
2026-02-02,1,2026-02-02 16:05:00,2026-02-02 16:11:05,2,4644.712,4684.935902061859,4609.876660000001,4685.035259930919,4685.035259930919,-0.8649616850805939,tp,0.1,0.7000000000000001,401.5390206185901,1.1546866504492115,3866.8357583754323
2026-02-02,1,2026-02-02 16:35:00,2026-02-02 16:40:10,2,4657.947,4684.803923333337,4623.012397500001,4684.872324120607,4684.872324120607,-0.5727759961023805,tp,0.1,0.7000000000000001,267.86923333336455,0.7687771267280575,4134.704991708797
2026-02-02,1,2026-02-02 16:50:00,2026-02-02 17:06:10,4,4657.396,4684.375734146345,4622.46553,4684.63770957096,4684.63770957096,-0.5842332164778407,tp,0.1,0.7000000000000001,269.09734146345437,0.7723839429113307,4403.802333172252
2026-02-02,1,2026-02-02 18:05:00,2026-02-02 19:40:30,20,4652.348,4681.241053672319,4617.45539,4684.035622887867,4684.035622887867,-0.6791392177383645,tp,0.1,0.7000000000000001,288.23053672319185,0.8280565332406858,4692.032869895444
2026-02-02,-1,2026-02-02 19:50:00,2026-02-02 19:55:25,2,4705.929,4681.41367433752,4741.2234675,4681.350470588238,4681.350470588238,0.5239092771595166,tp,0.1,0.7000000000000001,244.45325662479883,0.6945940086071553,4936.486126520243
2026-02-02,1,2026-02-02 20:25:00,2026-02-02 20:41:40,4,4656.942,4681.243297043013,4622.014935,4681.41819931973,4681.41819931973,-0.5207972943599085,tp,0.1,0.7000000000000001,242.3129704301271,0.6957726634921316,5178.79909695037
2026-02-02,1,2026-02-02 21:00:00,2026-02-02 21:26:55,6,4652.576,4680.764741245138,4617.681680000001,4681.058485449737,4681.058485449737,-0.6118912109038828,tp,0.1,0.7000000000000001,281.18741245137863,0.8078317974139725,5459.986509401749
2026-02-03,-1,2026-02-03 00:35:00,2026-02-03 00:48:45,3,4825.911,4806.151462962963,4862.1053325,4801.569928571428,4801.569928571428,0.5067003457306718,tp,0.1,0.7000000000000001,196.89537037037263,0.5459290356311213,5656.8818797721215
2026-02-03,-1,2026-02-03 01:15:00,2026-02-03 02:04:35,10,4829.809,4818.382972222222,4866.0325675,4805.132477777777,4805.132477777777,0.5174055520259321,tp,0.1,0.7000000000000001,113.56027777778472,0.3154307696992688,5770.442157549906
2026-02-03,1,2026-02-03 02:20:00,2026-02-03 02:47:10,6,4781.601,4745.7389925,4745.7389925,4816.466809523809,4816.466809523809,-0.7266594146274002,sl,0.1,0.7000000000000001,-359.3200749999989,-1.0,5411.122082549908
2026-02-03,1,2026-02-03 02:55:00,2026-02-03 03:38:45,9,4770.673,4801.347678294574,4734.8929525,4807.389919047619,4807.389919047619,-0.7630007065223732,tp,0.1,0.7000000000000001,306.04678294573824,0.8573123972117223,5717.168865495646
2026-02-03,-1,2026-02-03 05:30:00,2026-02-03 06:34:05,13,4839.702,4875.9997650000005,4875.9997650000005,4805.645611111111,4805.645611111111,0.7101416053232129,sl,0.1,0.7000000000000001,-363.67765000000253,-1.0,5353.491215495644
2026-02-03,-1,2026-02-03 06:40:00,2026-02-03 07:32:10,11,4875.175,4911.738812500001,4911.738812500001,4811.798808333332,4811.798808333332,1.316091844010475,sl,0.1,0.7000000000000001,-366.33812500000494,-1.0,4987.153090495639
2026-02-03,-1,2026-02-03 07:40:00,2026-02-03 16:17:05,104,4931.265,4968.2494875,4968.2494875,4822.0558550724645,4822.0558550724645,2.2681953136748154,sl,0.1,0.7000000000000001,-370.54487499999885,-1.0,4616.60821549564
2026-02-03,-1,2026-02-03 16:25:00,2026-02-03 19:06:20,33,4969.941,4883.731772197962,5007.2155575,4874.594792724195,4874.594792724195,1.9552949799656736,tp,0.1,0.7000000000000001,861.3922780203818,2.3128169342329126,5478.000493516022
2026-02-03,-1,2026-02-03 19:15:00,2026-02-03 20:34:35,16,4916.063,4952.933472500001,4952.933472500001,4883.8313282828285,4883.8313282828285,0.6584619647066742,sl,0.1,0.7000000000000001,-369.40472500000686,-1.0,5108.595768516016
2026-02-03,-1,2026-02-03 20:40:00,2026-02-03 23:59:55,28,4951.966,4947.533,4989.105745000001,4886.980442204303,4886.980442204303,1.332030249876234,session_end,0.1,0.7000000000000001,43.629999999999924,0.11936000099085076,5152.225768516016
2026-02-04,-1,2026-02-04 01:00:00,2026-02-04 01:00:10,1,5015.691,4986.127,5053.3086825,4986.127,4986.127,0.5935969942201603,tp,0.1,0.7000000000000001,294.939999999994,0.7859069999859565,5447.16576851601
2026-02-04,-1,2026-02-04 01:10:00,2026-02-04 03:38:10,30,5031.573,5069.309797500001,5069.309797500001,4990.5600476190475,4990.5600476190475,0.8200372701752716,sl,0.1,0.7000000000000001,-378.06797500000647,-1.0,5069.097793516004
2026-02-04,-1,2026-02-04 03:45:00,2026-02-04 09:23:10,68,5062.81,5057.017556547619,5100.781075000001,5030.711114814813,5030.711114814813,0.639062439711783,tp,0.1,0.7000000000000001,57.22443452381121,0.15254884019957463,5126.322228039815
2026-02-04,1,2026-02-04 11:20:00,2026-02-04 12:01:05,9,5030.017,5055.08307175926,4992.2918725,5056.241487745099,5056.241487745099,-0.5198127464600162,tp,0.1,0.7000000000000001,249.96071759260013,0.6644396830536914,5376.282945632415
2026-02-04,1,2026-02-04 14:35:00,2026-02-04 14:38:40,1,5014.994,4977.381545,4977.381545,5053.321400952383,5053.321400952383,-0.7600526051072759,sl,0.1,0.7000000000000001,-376.824549999995,-1.0,4999.45839563242
2026-02-04,1,2026-02-04 14:45:00,2026-02-04 15:22:40,8,4996.526,4959.052055,4959.052055,5052.598494350284,5052.598494350284,-1.1178603329245356,sl,0.1,0.7000000000000001,-375.4394499999973,-1.0,4624.018945632423
2026-02-04,1,2026-02-04 15:30:00,2026-02-04 15:33:45,1,4958.286,4921.098855,4921.098855,5049.388560931901,5049.388560931901,-1.8070318778371306,sl,0.1,0.7000000000000001,-372.5714499999987,-1.0,4251.447495632425
2026-02-04,1,2026-02-04 15:40:00,2026-02-04 16:48:20,14,4913.134,4876.285495,4876.285495,5048.023640070924,5048.023640070924,-2.671127349733049,sl,0.1,0.7000000000000001,-369.1850499999993,-1.0,3882.2624456324256
2026-02-04,1,2026-02-04 16:55:00,2026-02-04 23:16:30,65,4902.258,5013.015637328339,4865.491065,5038.27889901478,5038.27889901478,-2.7019623514966518,tp,0.1,0.7000000000000001,1106.876373283391,3.01242508597304,4989.138818915817
2026-02-05,1,2026-02-05 01:15:00,2026-02-05 02:11:20,12,4967.487,4930.2308475,4930.2308475,5008.580166666667,5008.580166666667,-0.822162475120611,sl,0.1,0.7000000000000001,-373.261525000001,-1.0,4615.877293915816
2026-02-05,1,2026-02-05 02:20:00,2026-02-05 02:45:30,6,4909.429,4872.6082825,4872.6082825,4983.87194047619,4983.87194047619,-1.4986629144618977,sl,0.1,0.7000000000000001,-368.9071749999977,-1.0,4246.970118915819
2026-02-05,1,2026-02-05 02:55:00,2026-02-05 02:59:40,1,4845.742,4809.398935,4809.398935,4967.150242857144,4967.150242857144,-2.441958405256012,sl,0.1,0.7000000000000001,-364.13065000000023,-1.0,3882.8394689158185
2026-02-05,1,2026-02-05 03:05:00,2026-02-05 06:09:25,37,4837.044,4915.386700913242,4800.76617,4959.415076576577,4959.415076576577,-2.4703634336884055,tp,0.1,0.7000000000000001,782.7270091324197,2.159520040565877,4665.566478048238
2026-02-05,-1,2026-02-05 08:15:00,2026-02-05 08:45:50,7,4940.67,4917.1096746031735,4977.725025000001,4916.456139730639,4916.456139730639,0.5020356038549646,tp,0.1,0.7000000000000001,234.90325396826557,0.635819983843654,4900.469732016504
2026-02-05,1,2026-02-05 09:05:00,2026-02-05 10:28:15,17,4884.295,4847.6627875,4847.6627875,4916.7260107033635,4916.7260107033635,-0.6585176931331926,sl,0.1,0.7000000000000001,-367.02212499999695,-1.0,4533.447607016507
2026-02-05,1,2026-02-05 10:35:00,2026-02-05 12:19:35,21,4863.973,4827.4932025,4827.4932025,4910.213177165357,4910.213177165357,-0.9435777122838532,sl,0.1,0.7000000000000001,-365.4979750000013,-1.0,4167.949632016506
2026-02-05,1,2026-02-05 12:25:00,2026-02-05 16:50:00,54,4824.745,4887.228001650167,4788.5594125,4904.417468680092,4904.417468680092,-1.6274097625211326,tp,0.1,0.7000000000000001,624.1300165016735,1.7267372444945701,4792.07964851818
2026-02-05,1,2026-02-05 18:15:00,2026-02-05 19:53:50,20,4861.438,4824.977215,4824.977215,4886.221402587521,4886.221402587521,-0.5079365125448033,sl,0.1,0.7000000000000001,-365.30785000000213,-1.0,4426.771798518178
2026-02-05,1,2026-02-05 20:00:00,2026-02-05 20:55:05,12,4829.437,4793.2162225,4793.2162225,4883.299466666668,4883.299466666668,-1.1048670480882392,sl,0.1,0.7000000000000001,-362.9077749999971,-1.0,4063.864023518181
2026-02-05,1,2026-02-05 21:05:00,2026-02-05 21:34:00,6,4823.574,4787.397195,4787.397195,4879.971426218711,4879.971426218711,-1.1553945975130386,sl,0.1,0.7000000000000001,-362.4680500000006,-1.0,3701.3959735181807
2026-02-05,1,2026-02-05 21:40:00,2026-02-05 23:46:50,14,4766.319,4730.571607500001,4730.571607500001,4877.752741025642,4877.752741025642,-2.2865292061153224,sl,0.1,0.7000000000000001,-358.17392499999477,-1.0,3343.222048518186
2026-02-06,-1,2026-02-06 00:35:00,2026-02-06 01:01:55,6,4734.393,4719.204347222222,4769.9009475,4697.275476190477,4697.275476190477,0.7916509048279294,tp,0.1,0.7000000000000001,151.18652777777862,0.4277536114352361,3494.408576295965
2026-02-06,-1,2026-02-06 01:15:00,2026-02-06 01:18:35,1,4747.454,4723.5559111111115,4783.059905,4723.5559111111115,4723.5559111111115,0.504166550307364,tp,0.1,0.7000000000000001,238.28088888888198,0.6711833020081349,3732.689465184847
2026-02-06,-1,2026-02-06 01:50:00,2026-02-06 02:09:25,4,4751.771,4787.4092825,4787.4092825,4725.974856060607,4725.974856060607,0.5424625547153881,sl,0.1,0.7000000000000001,-357.0828250000006,-1.0,3375.6066401848466
2026-02-06,-1,2026-02-06 02:15:00,2026-02-06 02:30:20,4,4787.557,4823.4636775,4823.4636775,4735.331913580248,4735.331913580248,1.1007799953845725,sl,0.1,0.7000000000000001,-359.76677500000113,-1.0,3015.8398651848456
2026-02-06,-1,2026-02-06 02:40:00,2026-02-06 05:41:45,37,4835.4,4871.6655,4871.6655,4747.376255208334,4747.376255208334,1.8570730452414332,sl,0.1,0.7000000000000001,-363.3550000000043,-1.0,2652.4848651848415
2026-02-06,-1,2026-02-06 05:50:00,2026-02-06 13:00:20,87,4872.884,4909.430630000001,4909.430630000001,4789.898745238095,4789.898745238095,1.736106735963409,sl,0.1,0.7000000000000001,-366.1663000000073,-1.0,2286.3185651848344
2026-02-06,-1,2026-02-06 13:10:00,2026-02-06 15:00:00,23,4914.398,4951.255985000001,4951.255985000001,4833.802036919829,4833.802036919829,1.6658411425446238,sl,0.1,0.7000000000000001,-369.2798500000055,-1.0,1917.038715184829
2026-02-06,-1,2026-02-06 15:10:00,2026-02-06 21:57:55,82,4957.614,4968.557,4994.796104999999,4846.0608287545765,4846.0608287545765,2.3037406089290657,session_end,0.1,0.7000000000000001,-110.13000000000211,-0.29430824317236076,1806.908715184827
2026-02-09,1,2026-02-09 01:40:00,2026-02-09 02:52:25,15,4983.123,5011.439137254903,4945.7495775,5023.258066666667,5023.258066666667,-0.8005674033258066,tp,0.1,0.7000000000000001,282.4613725490297,0.7576543800585321,2089.370087733857
2026-02-09,-1,2026-02-09 06:05:00,2026-02-09 06:22:10,4,5044.053,5017.504754385966,5081.8833975,5016.769271689499,5016.769271689499,0.5432027433329452,tp,0.1,0.7000000000000001,264.7824561403348,0.7017701998514172,2354.152543874192
2026-02-09,1,2026-02-09 10:30:00,2026-02-09 11:54:15,17,4991.449,5015.813713615024,4954.0131325,5018.089753968255,5018.089753968255,-0.5345909555930257,tp,0.1,0.7000000000000001,242.94713615024813,0.6508387608494768,2597.09968002444
2026-02-09,-1,2026-02-09 15:35:00,2026-02-09 23:10:00,80,5053.769,5031.41428446115,5091.672267500001,5016.637343137254,5016.637343137254,0.7397018027127246,tp,0.1,0.7000000000000001,222.84715538850543,0.5897833356675671,2819.946835412946
2026-02-10,-1,2026-02-10 09:10:00,2026-02-10 12:43:25,43,5057.847,5036.989155701757,5095.7808525,5032.42100909091,5032.42100909091,0.5061677245022789,tp,0.1,0.7000000000000001,207.87844298242527,0.5498477724676757,3027.8252783953712
2026-02-10,-1,2026-02-10 14:20:00,2026-02-10 14:47:35,6,5071.767,5038.6624114877595,5109.8052525,5037.825335271319,5037.825335271319,0.6761084885220027,tp,0.1,0.7000000000000001,330.345885122403,0.8702973017028031,3358.1711635177744
2026-02-10,1,2026-02-10 15:40:00,2026-02-10 17:26:45,22,5007.681,5036.698037480064,4970.1233925,5038.511744680853,5038.511744680853,-0.6116338760822925,tp,0.1,0.7000000000000001,289.47037480064574,0.7726007967910269,3647.6415383184203
2026-02-10,1,2026-02-10 18:25:00,2026-02-10 20:43:25,28,5006.002,5034.4283655914,4968.456985000001,5036.131303921569,5036.131303921569,-0.6008938626759811,tp,0.1,0.7000000000000001,283.5636559139919,0.7571275598478099,3931.2051942324124
2026-02-11,-1,2026-02-11 10:45:00,2026-02-11 12:41:20,24,5099.846,5060.104131578947,5138.094845,5053.114068475452,5053.114068475452,0.9247452341531263,tp,0.1,0.7000000000000001,396.7186842105246,1.039034470741597,4327.923878442937
2026-02-11,-1,2026-02-11 17:25:00,2026-02-11 23:11:45,58,5088.472,5066.812630325812,5126.63554,5061.89165151515,5061.89165151515,0.5260256504478836,tp,0.1,0.7000000000000001,215.89369674187475,0.5675408956870146,4543.817575184812
2026-02-12,1,2026-02-12 16:15:00,2026-02-12 16:18:20,1,4951.13,4913.9965250000005,4913.9965250000005,5063.400505128205,5063.400505128205,-2.2207803829525026,sl,0.1,0.7000000000000001,-372.03474999999634,-1.0,4171.782825184816
2026-02-12,1,2026-02-12 16:25:00,2026-02-12 16:28:15,1,4923.628,4886.70079,4886.70079,5062.047043147208,5062.047043147208,-2.7342998191726258,sl,0.1,0.7000000000000001,-369.9720999999983,-1.0,3801.810725184818
2026-02-12,1,2026-02-12 16:35:00,2026-02-12 23:00:45,66,4938.008,4900.97294,4900.97294,5060.5454262981575,5060.5454262981575,-2.4242826802940325,sl,0.1,0.7000000000000001,-371.05060000000157,-1.0,3430.7601251848164
2026-02-13,-1,2026-02-13 01:20:00,2026-02-13 05:19:05,48,4971.843,4970.73167989418,5009.1318225,4943.149854166667,4943.149854166667,0.5791579595589603,tp,0.1,0.7000000000000001,10.413201058196865,0.029803035636742574,3441.1733262430134
2026-02-13,1,2026-02-13 11:25:00,2026-02-13 12:17:25,11,4939.176,4968.011851473923,4902.1321800000005,4969.386546228711,4969.386546228711,-0.6115854732970053,tp,0.1,0.7000000000000001,287.6585147392296,0.7784254289628624,3728.831840982243
2026-02-13,-1,2026-02-13 13:35:00,2026-02-13 14:41:40,14,4993.625,4970.057242424244,5031.0771875,4968.189178936607,4968.189178936607,0.5113597761353711,tp,0.1,0.7000000000000001,234.97757575756333,0.6292758620776506,3963.8094167398067
2026-02-13,-1,2026-02-13 14:50:00,2026-02-13 19:01:50,51,4998.385,5035.872887500001,5035.872887500001,4970.289668539327,4970.289668539327,0.5687360968033921,sl,0.1,0.7000000000000001,-375.57887500000396,-1.0,3588.230541739803
2026-02-13,-1,2026-02-13 19:10:00,2026-02-13 21:57:55,34,5045.614,5042.883,5083.456105,4980.161266666669,4980.161266666669,1.3165684768520771,session_end,0.1,0.7000000000000001,26.609999999997672,0.07216828979253986,3614.8405417398008
2026-02-16,1,2026-02-16 03:10:00,2026-02-16 06:44:35,43,4991.867,5000.735079166667,4954.427997500001,5017.062122807017,5017.062122807017,-0.5032152719865227,tp,0.1,0.7000000000000001,87.98079166666575,0.23686739962334022,3702.8213334064667
2026-02-16,1,2026-02-16 15:05:00,2026-02-16 23:05:00,55,4974.089,4998.481219148938,4936.7833325,5001.574150092081,5001.574150092081,-0.5517992788644888,tp,0.1,0.7000000000000001,243.2221914893824,0.653847546058206,3946.0435248958493
2026-02-17,1,2026-02-17 01:00:00,2026-02-17 01:44:05,9,4935.969,4963.129300000001,4898.9492325,4972.167166666667,4972.167166666667,-0.7306404923433399,tp,0.1,0.7000000000000001,270.9030000000137,0.7336701939038761,4216.946524895863
2026-02-17,1,2026-02-17 05:15:00,2026-02-17 05:22:10,2,4928.389,4891.4260825,4891.4260825,4959.302198412698,4959.302198412698,-0.6224000308466353,sl,0.1,0.7000000000000001,-370.329175,-1.0,3846.6173498958633
2026-02-17,1,2026-02-17 05:30:00,2026-02-17 05:32:00,1,4900.709,4863.9536825000005,4863.9536825000005,4956.653833333333,4956.653833333333,-1.130991495842125,sl,0.1,0.7000000000000001,-368.25317499999363,-1.0,3478.36417489587
2026-02-17,1,2026-02-17 05:40:00,2026-02-17 10:11:45,55,4884.068,4936.060185792349,4847.43749,4954.478573529412,4954.478573529412,-1.4234610662403633,tp,0.1,0.7000000000000001,519.2218579234911,1.4193683296342088,3997.586032819361
2026-02-17,1,2026-02-17 14:00:00,2026-02-17 23:59:55,108,4870.951,4859.622,4834.4188675000005,4933.320341269839,4933.320341269839,-1.2704393174213853,session_end,0.1,0.7000000000000001,-113.98999999999724,-0.3101105581504137,3883.596032819364
2026-02-18,-1,2026-02-18 03:05:00,2026-02-18 09:04:45,72,4913.364,4914.886049382715,4950.21423,4887.268716216217,4887.268716216217,0.5333814303536808,tp,0.1,0.7000000000000001,-15.920493827155223,-0.041303660322215684,3867.675538992209
2026-02-18,-1,2026-02-18 13:00:00,2026-02-18 14:36:55,20,4943.346,4980.421095,4980.421095,4916.213455128207,4916.213455128207,0.5517263462899272,sl,0.1,0.7000000000000001,-371.45095000000146,-1.0,3496.224588992208
2026-02-18,-1,2026-02-18 14:45:00,2026-02-18 23:59:55,99,4981.874,4976.432,5019.238055,4921.307336158194,4921.307336158194,1.2278477996657304,session_end,0.1,0.7000000000000001,53.72000000000007,0.14564800314098686,3549.944588992208
2026-02-19,-1,2026-02-19 06:35:00,2026-02-19 10:03:15,42,5007.669,4989.827605555557,5045.2265175,4977.788504219409,4977.788504219409,0.5993624629752913,tp,0.1,0.7000000000000001,177.71394444442814,0.4750418992533956,3727.6585334366364
2026-02-19,-1,2026-02-19 15:30:00,2026-02-19 16:58:00,18,5016.021,4991.04577914614,5053.6411575,4989.515405017922,4989.515405017922,0.5334404811198736,tp,0.1,0.7000000000000001,249.05220853859356,0.6638786893398586,3976.71074197523
2026-02-20,-1,2026-02-20 06:40:00,2026-02-20 12:30:05,71,5026.99,5011.78844888889,5064.692425,5000.120241666667,5000.120241666667,0.539672188449962,tp,0.1,0.7000000000000001,151.3155111110944,0.4031982322386233,4128.026253086325
2026-02-20,-1,2026-02-20 13:50:00,2026-02-20 15:05:55,16,5041.066,5015.926835174953,5078.873995,5013.191136546185,5013.191136546185,0.5548434658922279,tp,0.1,0.7000000000000001,250.69164825046465,0.6649166353583782,4378.7179013367895
2026-02-20,-1,2026-02-20 15:45:00,2026-02-20 20:19:10,55,5045.001,5082.838507500001,5082.838507500001,5016.379900352734,5016.379900352734,0.5752873630092581,sl,0.1,0.7000000000000001,-379.07507500000355,-1.0,3999.642826336786
2026-02-20,-1,2026-02-20 20:25:00,2026-02-20 21:57:55,19,5086.032,5106.037,5124.177240000001,5027.840908163269,5027.840908163269,1.1578845253876209,session_end,0.1,0.7000000000000001,-200.75000000000108,-0.5244428924814661,3798.892826336785
2026-02-23,1,2026-02-23 08:25:00,2026-02-23 10:01:55,20,5128.407,5152.3464861111115,5089.943947500001,5154.528773927394,5154.528773927394,-0.5065695638264721,tp,0.1,0.7000000000000001,238.69486111111365,0.622402138028743,4037.587687447899
2026-02-23,-1,2026-02-23 14:40:00,2026-02-23 20:06:30,66,5184.249,5223.1308675,5223.1308675,5153.064410984848,5153.064410984848,0.6016825434795184,sl,0.1,0.7000000000000001,-389.51867500000225,-1.0,3648.069012447897
2026-02-23,-1,2026-02-23 20:15:00,2026-02-23 23:59:55,33,5222.993,5236.238,5262.1654475000005,5167.703276406037,5167.703276406037,1.0727245863178996,session_end,0.1,0.7000000000000001,-133.1499999999989,-0.33812030764735496,3514.9190124478982
2026-02-24,1,2026-02-24 01:15:00,2026-02-24 01:16:45,1,5185.839,5146.9452075,5146.9452075,5224.283522222221,5224.283522222221,-0.7387428736984818,sl,0.1,0.7000000000000001,-389.63792500000017,-1.0,3125.2810874478982
2026-02-24,1,2026-02-24 01:25:00,2026-02-24 05:57:40,55,5151.19,5185.098340375587,5112.5560749999995,5216.885833333332,5216.885833333332,-1.2621961729083526,tp,0.1,0.7000000000000001,338.38340375587615,0.8776830305382519,3463.6644912037746
2026-02-24,1,2026-02-24 12:20:00,2026-02-24 13:59:30,20,5151.688,5113.050340000001,5113.050340000001,5179.232484234235,5179.232484234235,-0.531642175130239,sl,0.1,0.7000000000000001,-387.07659999999413,-1.0,3076.5878912037806
2026-02-24,1,2026-02-24 14:05:00,2026-02-24 18:04:20,48,5118.483,5168.053762345683,5080.0943775000005,5175.469519723867,5175.469519723867,-1.1021612533216252,tp,0.1,0.7000000000000001,495.0076234568285,1.2912878638894452,3571.5955146606093
2026-02-25,-1,2026-02-25 01:15:00,2026-02-25 02:51:10,20,5174.685,5168.99362745098,5213.495137500001,5149.097922222222,5149.097922222222,0.5001570792940726,tp,0.1,0.7000000000000001,56.21372549020343,0.14664654432157734,3627.809240150813
2026-02-25,-1,2026-02-25 05:50:00,2026-02-25 07:54:20,25,5209.115,5181.16429432624,5248.1833625,5177.551876190476,5177.551876190476,0.6092188849826004,tp,0.1,0.7000000000000001,278.8070567375933,0.7154306934097692,3906.6162968884064
2026-02-25,-1,2026-02-25 16:55:00,2026-02-25 20:16:35,41,5212.031,5187.23499176955,5251.121232500001,5183.490706896553,5183.490706896553,0.5446675744182135,tp,0.1,0.7000000000000001,247.26008230449844,0.6343274686444865,4153.876379192905
2026-02-25,1,2026-02-25 21:00:00,2026-02-25 23:59:55,24,5152.355,5163.293,5113.7123375,5187.001996693125,5187.001996693125,-0.6708980778359311,session_end,0.1,0.7000000000000001,108.68000000000102,0.28305503017552824,4262.556379192906
2026-02-26,1,2026-02-26 15:25:00,2026-02-26 15:46:05,5,5154.974,5181.7723730158705,5116.311695,5182.294665765763,5182.294665765763,-0.530135153202514,tp,0.1,0.7000000000000001,267.2837301587031,0.6931395584373572,4529.8401093516095
2026-02-27,-1,2026-02-27 13:10:00,2026-02-27 16:11:10,37,5211.299,5250.3837425,5250.3837425,5183.662103375527,5183.662103375527,0.5389123763734798,sl,0.1,0.7000000000000001,-391.54742500000174,-1.0,4138.292684351608
2026-02-27,-1,2026-02-27 16:20:00,2026-02-27 21:57:55,68,5250.563,5279.513,5289.942222500001,5192.303540816328,5192.303540816328,1.1248756688537067,session_end,0.1,0.7000000000000001,-290.19999999999817,-0.7351592581595368,3848.09268435161
2026-03-02,1,2026-03-02 01:05:00,2026-03-02 02:41:10,20,5330.217,5342.833708333333,5290.2403724999995,5362.212166666666,5362.212166666666,-0.6065904454296579,tp,0.1,0.7000000000000001,125.46708333333008,0.3156021185962461,3973.55976768494
2026-03-02,-1,2026-03-02 06:25:00,2026-03-02 07:20:05,12,5378.757,5419.0976775,5419.0976775,5351.880625541127,5351.880625541127,0.503745810962423,sl,0.1,0.7000000000000001,-404.1067750000031,-1.0,3569.4529926849373
2026-03-02,-1,2026-03-02 07:30:00,2026-03-02 14:05:00,80,5408.745,5375.575872781066,5449.3105875,5357.701666666669,5357.701666666669,0.950385753094962,tp,0.1,0.7000000000000001,330.9912721893368,0.8176666298481071,3900.4442648742743
2026-03-02,1,2026-03-02 14:25:00,2026-03-02 14:26:40,1,5348.215,5308.1033875,5308.1033875,5375.389600192679,5375.389600192679,-0.5042071776845168,sl,0.1,0.7000000000000001,-401.81612499999864,-1.0,3498.628139874276
2026-03-02,1,2026-03-02 14:35:00,2026-03-02 16:01:05,18,5317.152,5277.27336,5277.27336,5374.826936190477,5374.826936190477,-1.0730101057235675,sl,0.1,0.7000000000000001,-399.48639999999904,-1.0,3099.141739874277
2026-03-02,1,2026-03-02 16:10:00,2026-03-02 23:59:55,82,5289.766,5345.778,5250.092755,5370.377321305842,5370.377321305842,-1.5090154091097847,session_end,0.1,0.7000000000000001,559.4200000000062,1.4118330880168912,3658.5617398742834
2026-03-03,1,2026-03-03 05:50:00,2026-03-03 06:14:20,5,5326.576,5286.62668,5286.62668,5360.378376190475,5360.378376190475,-0.6335164014039085,sl,0.1,0.7000000000000001,-400.19319999999715,-1.0,3258.3685398742864
2026-03-03,1,2026-03-03 06:20:00,2026-03-03 09:25:25,38,5302.753,5262.9823525,5262.9823525,5356.3483333333315,5356.3483333333315,-1.0022095276974867,sl,0.1,0.7000000000000001,-398.4064749999954,-1.0,2859.962064874291
2026-03-03,1,2026-03-03 09:35:00,2026-03-03 11:07:35,19,5266.702,5227.201735000001,5227.201735000001,5340.289546376811,5340.289546376811,-1.3833341008060445,sl,0.1,0.7000000000000001,-395.7026499999967,-1.0,2464.2594148742946
2026-03-03,1,2026-03-03 11:15:00,2026-03-03 11:28:50,3,5199.198,5160.204015,5160.204015,5328.19514691358,5328.19514691358,-2.419968551419716,sl,0.1,0.7000000000000001,-390.63985000000065,-1.0,2073.619564874294
2026-03-03,1,2026-03-03 11:35:00,2026-03-03 14:43:25,38,5117.47,5079.088975000001,5079.088975000001,5323.389348920863,5323.389348920863,-3.867382891364078,sl,0.1,0.7000000000000001,-384.5102499999968,-1.0,1689.1093148742966
2026-03-03,1,2026-03-03 14:50:00,2026-03-03 14:51:45,1,5057.07,5019.141975,5019.141975,5287.892335205992,5287.892335205992,-4.368883111856936,sl,0.1,0.7000000000000001,-379.9802500000016,-1.0,1309.1290648742943
2026-03-03,1,2026-03-03 15:00:00,2026-03-03 15:17:10,4,5038.722,5000.931585,5000.931585,5285.176727777778,5285.176727777778,-4.666811357157489,sl,0.1,0.7000000000000001,-378.60414999999483,-1.0,930.5249148742987
2026-03-03,1,2026-03-03 15:25:00,2026-03-03 23:59:55,91,5040.409,5125.146,5002.6059325,5278.484381081082,5278.484381081082,-4.510118130392645,session_end,0.1,0.7000000000000001,846.6700000000008,2.241537674158323,1777.1949148742988
2026-03-04,-1,2026-03-04 01:05:00,2026-03-04 03:02:35,24,5154.559,5152.947916666667,5193.2181925,5126.9488846153845,5126.9488846153845,0.5383633815316557,tp,0.1,0.7000000000000001,15.410833333332267,0.04167400375300691,1792.6057482076303
2026-03-04,-1,2026-03-04 10:10:00,2026-03-04 12:39:05,30,5194.894,5166.350561810154,5233.855705000001,5160.554434426228,5160.554434426228,0.6623138270911864,tp,0.1,0.7000000000000001,284.734381898458,0.7326023897015119,2077.3401301060885
2026-03-04,-1,2026-03-04 13:15:00,2026-03-04 14:00:00,10,5193.033,5167.787839285714,5231.980747500001,5166.739948637316,5166.739948637316,0.5190613738892977,tp,0.1,0.7000000000000001,251.75160714286613,0.648180250071879,2329.091737248955
2026-03-04,1,2026-03-04 15:15:00,2026-03-04 15:35:15,5,5134.579,5167.062626559715,5096.0696575,5167.420051912568,5167.420051912568,-0.6410655913352227,tp,0.1,0.7000000000000001,324.1362655971505,0.8435258680335929,2653.2280028461055
2026-03-04,1,2026-03-04 17:25:00,2026-03-04 23:45:35,65,5128.365,5158.296756410254,5089.9022625,5165.07512200957,5165.07512200957,-0.7093724901200462,tp,0.1,0.7000000000000001,298.6175641025391,0.7782014062377621,2951.845566948645
2026-03-05,1,2026-03-05 06:00:00,2026-03-05 07:02:30,13,5149.034,5172.735329365077,5110.416245,5177.043907407406,5177.043907407406,-0.5438896774106359,tp,0.1,0.7000000000000001,236.31329365077073,0.6137417715006348,3188.1588605994157
2026-03-05,1,2026-03-05 08:15:00,2026-03-05 08:55:15,9,5142.286,5169.748257009344,5103.718855,5171.035914141413,5171.035914141413,-0.5661034776679287,tp,0.1,0.7000000000000001,273.92257009344286,0.7120635195927595,3462.0814306928587
2026-03-05,1,2026-03-05 13:20:00,2026-03-05 13:23:10,1,5131.655,5093.1675875,5093.1675875,5167.262902083332,5167.262902083332,-0.6934116332437039,sl,0.1,0.7000000000000001,-385.5741249999966,-1.0,3076.5073056928622
2026-03-05,1,2026-03-05 13:30:00,2026-03-05 15:08:35,20,5121.624,5083.21182,5083.21182,5166.573604938271,5166.573604938271,-0.871991930884525,sl,0.1,0.7000000000000001,-384.8217999999935,-1.0,2691.685505692869
2026-03-05,1,2026-03-05 15:15:00,2026-03-05 23:59:55,92,5085.472,5086.434,5047.33096,5160.219898907103,5160.219898907103,-1.4548875896355329,session_end,0.1,0.7000000000000001,8.920000000004439,0.025222175378554333,2700.6055056928735
2026-03-06,-1,2026-03-06 01:45:00,2026-03-06 05:49:25,49,5118.064,5117.140495169084,5156.44948,5087.177595238096,5087.177595238096,0.6109852502692029,tp,0.1,0.7000000000000001,8.535048309164996,0.024058702168541373,2709.1405540020387
2026-03-06,1,2026-03-06 10:00:00,2026-03-06 13:30:05,43,5085.952,5106.919561728395,5047.807360000001,5114.2583611111095,5114.2583611111095,-0.5590617268873826,tp,0.1,0.7000000000000001,208.97561728394686,0.5496856630025856,2918.1161712859857
2026-03-06,-1,2026-03-06 15:05:00,2026-03-06 21:57:55,83,5147.507,5174.558,5186.1133025,5106.72744290976,5106.72744290976,0.8091886154529959,session_end,0.1,0.7000000000000001,-271.21000000000384,-0.7006887023174563,2646.906171285982
2026-03-09,-1,2026-03-09 01:20:00,2026-03-09 02:03:10,9,5079.13,5059.566861111111,5117.223475000001,5050.744479166668,5050.744479166668,0.5582547473869662,tp,0.1,0.7000000000000001,194.93138888888717,0.5135561638545294,2841.8375601748694
2026-03-09,-1,2026-03-09 02:15:00,2026-03-09 05:47:25,43,5094.4,5132.608,5132.608,5061.427401234569,5061.427401234569,0.6520907275560404,sl,0.1,0.7000000000000001,-382.7800000000054,-1.0,2459.057560174864
2026-03-09,-1,2026-03-09 05:55:00,2026-03-09 08:32:10,32,5126.515,5089.427385620915,5164.963862500001,5081.235561032864,5081.235561032864,0.8939545986705312,tp,0.1,0.7000000000000001,370.1761437908561,0.964595880543547,2829.2337039657205
2026-03-09,-1,2026-03-09 09:20:00,2026-03-09 10:31:40,15,5117.296,5092.627097883597,5155.67572,5090.4024345238095,5090.4024345238095,0.5293111069854091,tp,0.1,0.7000000000000001,245.98902116402934,0.6427587829302296,3075.22272512975
2026-03-09,-1,2026-03-09 18:55:00,2026-03-09 23:59:55,49,5124.58,5139.878,5163.01435,5094.044165198238,5094.044165198238,0.5993142935495945,session_end,0.1,0.7000000000000001,-153.67999999999773,-0.39802936695949315,2921.5427251297524
2026-03-10,-1,2026-03-10 01:50:00,2026-03-10 03:46:05,24,5170.522,5158.589870370369,5209.300915,5143.4745303030295,5143.4745303030295,0.5265889728314486,tp,0.1,0.7000000000000001,118.62129629631163,0.30769632491345367,3040.164021426064
2026-03-10,-1,2026-03-10 08:50:00,2026-03-10 10:32:30,21,5194.205,5169.230642857144,5233.1615375,5166.502779874213,5166.502779874213,0.5366438635006645,tp,0.1,0.7000000000000001,249.04357142856207,0.6410825690772975,3289.2075928546265
2026-03-10,-1,2026-03-10 13:10:00,2026-03-10 18:18:35,62,5200.359,5185.0033173515985,5239.361692500001,5171.149297468354,5171.149297468354,0.5647139707597109,tp,0.1,0.7000000000000001,152.85682648401854,0.39370827150976245,3442.064419338645
2026-03-11,1,2026-03-11 13:00:00,2026-03-11 14:30:35,19,5167.478,5196.091691570881,5128.721915,5198.193106837606,5198.193106837606,-0.5841377227341839,tp,0.1,0.7000000000000001,285.436915708812,0.7383019097744576,3727.5013350474574
2026-03-11,1,2026-03-11 15:35:00,2026-03-11 22:57:45,77,5169.263,5130.4935275,5130.4935275,5195.018006238858,5195.018006238858,-0.5026066552127797,sl,0.1,0.7000000000000001,-388.3947250000012,-1.0,3339.1066100474563
2026-03-12,-1,2026-03-12 08:05:00,2026-03-12 12:21:55,52,5184.479,5165.181110360363,5223.362592500001,5157.171249140895,5157.171249140895,0.5325448687336137,tp,0.1,0.7000000000000001,192.27889639637107,0.4962990402606692,3531.3855064438276
2026-03-12,1,2026-03-12 15:05:00,2026-03-12 18:49:15,45,5132.172,5093.68071,5093.68071,5164.667468692451,5164.667468692451,-0.6286555502220953,sl,0.1,0.7000000000000001,-385.61289999999934,-1.0,3145.7726064438284
2026-03-12,1,2026-03-12 18:55:00,2026-03-12 20:30:35,20,5098.528,5060.289040000001,5060.289040000001,5155.539034508079,5155.539034508079,-1.1065096030937436,sl,0.1,0.7000000000000001,-383.0895999999968,-1.0,2762.683006443832
2026-03-12,1,2026-03-12 20:40:00,2026-03-12 23:59:55,28,5070.248,5098.332,5032.22114,5149.747862903229,5149.747862903229,-1.543072884706842,session_end,0.1,0.7000000000000001,280.14000000000743,0.7385306070498796,3042.8230064438394
2026-03-13,1,2026-03-13 07:20:00,2026-03-13 11:57:40,56,5078.472,5100.383059440557,5040.38346,5108.563348484849,5108.563348484849,-0.5913570298351937,tp,0.1,0.7000000000000001,218.4105944055744,0.5752664565393577,3261.233600849414
2026-03-13,1,2026-03-13 14:55:00,2026-03-13 16:02:45,14,5064.291,5026.3088175,5026.3088175,5101.178108938546,5101.178108938546,-0.7225705151121689,sl,0.1,0.7000000000000001,-380.52182499999907,-1.0,2880.711775849415
2026-03-13,1,2026-03-13 16:10:00,2026-03-13 20:57:55,58,5037.108,5021.194,4999.3296900000005,5097.353599656355,5097.353599656355,-1.1736109431448383,session_end,0.1,0.7000000000000001,-159.8399999999976,-0.42124700654952246,2720.8717758494176
2026-03-16,1,2026-03-16 01:15:00,2026-03-16 01:55:35,9,4986.628,5012.342297101449,4949.22829,5020.244677777778,5020.244677777778,-0.6672817746525896,tp,0.1,0.7000000000000001,256.4429710144912,0.6875533821371699,2977.314746863909
2026-03-16,1,2026-03-16 09:10:00,2026-03-16 11:11:55,25,4984.833,5005.8329452736325,4947.4467525,5010.262072727272,5010.262072727272,-0.5129187326778603,tp,0.1,0.7000000000000001,209.29945273632876,0.5617024087168172,3186.614199600238
2026-03-16,1,2026-03-16 16:30:00,2026-03-16 18:27:40,24,4979.885,5005.726058069385,4942.535862500001,5007.280880471385,5007.280880471385,-0.5434162996029812,tp,0.1,0.7000000000000001,257.7105806938442,0.6918783082844904,3444.3247802940823
2026-03-17,1,2026-03-17 15:40:00,2026-03-17 23:59:55,88,4982.395,5002.848,4945.027037500001,5016.778347517731,5016.778347517731,-0.6841611317094337,session_end,0.1,0.7000000000000001,203.8299999999952,0.5473405193017891,3648.1547802940777
2026-03-18,1,2026-03-18 11:00:00,2026-03-18 11:48:35,10,4968.079,4930.8184075,4930.8184075,4996.79525,4996.79525,-0.5741429969539027,sl,0.1,0.7000000000000001,-373.305924999998,-1.0,3274.84885529408
2026-03-18,1,2026-03-18 11:55:00,2026-03-18 12:30:20,8,4932.52,4895.526100000001,4895.526100000001,4993.511737762236,4993.511737762236,-1.2209491228623524,sl,0.1,0.7000000000000001,-370.63899999999484,-1.0,2904.209855294085
2026-03-18,1,2026-03-18 12:40:00,2026-03-18 13:15:40,8,4883.631,4847.0037675,4847.0037675,4988.446517543858,4988.446517543858,-2.10412233898296,sl,0.1,0.7000000000000001,-366.9723249999999,-1.0,2537.2375302940854
2026-03-18,1,2026-03-18 13:25:00,2026-03-18 20:16:20,83,4858.41,4821.971925,4821.971925,4981.715143892337,4981.715143892337,-2.478657256100355,sl,0.1,0.7000000000000001,-365.08075000000025,-1.0,2172.1567802940854
2026-03-18,1,2026-03-18 20:25:00,2026-03-18 23:59:55,31,4822.049,4836.898,4785.8836325,4943.624151700679,4943.624151700679,-2.4612642055084346,session_end,0.1,0.7000000000000001,147.7900000000016,0.41058617750808846,2319.946780294087
2026-03-19,1,2026-03-19 06:20:00,2026-03-19 06:41:15,5,4822.222,4786.055335,4786.055335,4848.526039473684,4848.526039473684,-0.544568375187089,sl,0.1,0.7000000000000001,-362.3666499999974,-1.0,1957.58013029409
2026-03-19,1,2026-03-19 06:50:00,2026-03-19 07:59:25,14,4767.476,4731.71993,4731.71993,4845.074528455284,4845.074528455284,-1.6054041686760931,sl,0.1,0.7000000000000001,-358.26069999999453,-1.0,1599.3194302940956
2026-03-19,1,2026-03-19 08:05:00,2026-03-19 08:14:10,2,4737.106,4701.577705,4701.577705,4831.951142611685,4831.951142611685,-1.969341986356516,sl,0.1,0.7000000000000001,-355.9829500000007,-1.0,1243.3364802940941
2026-03-19,1,2026-03-19 08:20:00,2026-03-19 08:42:20,5,4729.512,4694.04066,4694.04066,4828.592540000001,4828.592540000001,-2.0499563626464172,sl,0.1,0.7000000000000001,-355.41340000000054,-1.0,887.9230802940929
2026-03-19,1,2026-03-19 08:50:00,2026-03-19 10:20:30,19,4711.185,4675.8511125,4675.8511125,4822.002383647799,4822.002383647799,-2.301572558822382,sl,0.1,0.7000000000000001,-354.03887499999945,-1.0,533.8842052940927
2026-03-19,1,2026-03-19 10:30:00,2026-03-19 12:01:45,19,4683.705,4648.5772125,4648.5772125,4803.5606164021165,4803.5606164021165,-2.499294294157111,sl,0.1,0.7000000000000001,-351.9778749999961,-1.0,181.90633029409582
2026-03-19,1,2026-03-19 12:10:00,2026-03-19 12:42:35,7,4629.427,4594.7062975,4594.7062975,4785.960038812784,4785.960038812784,-3.269804543783936,sl,0.1,0.7000000000000001,-347.9070249999979,-1.0,-166.0006947059028
2026-03-19,1,2026-03-19 12:50:00,2026-03-19 13:02:00,3,4557.608,4523.42594,4523.42594,4776.2965497835485,4776.2965497835485,-4.581605172598949,sl,0.1,0.7000000000000001,-342.5206000000009,-1.0,-508.52129470590444
2026-03-19,1,2026-03-19 13:10:00,2026-03-19 23:59:55,118,4536.217,4643.815,4502.1953725,4770.760185654008,4770.760185654008,-4.918706380581537,session_end,0.1,0.7000000000000001,1075.2799999999995,3.162635297209166,566.7587052940944
2026-03-20,-1,2026-03-20 01:45:00,2026-03-20 03:11:10,18,4686.332,4721.479490000001,4721.479490000001,4658.512230158731,4658.512230158731,0.6004120727684832,sl,0.1,0.7000000000000001,-352.1749000000029,-1.0,214.58380529409078
2026-03-20,-1,2026-03-20 03:20:00,2026-03-20 05:54:55,31,4733.018,4694.640995238097,4768.515635000001,4674.670300000003,4674.670300000003,1.2456108401911636,tp,0.1,0.7000000000000001,383.07004761902755,1.0811144111967481,597.6538529131176
2026-03-20,1,2026-03-20 06:40:00,2026-03-20 07:37:40,12,4668.378,4691.846287545789,4633.365165,4693.948550000002,4693.948550000002,-0.5458954167702191,tp,0.1,0.7000000000000001,233.98287545789282,0.670276701266538,831.6367283710097
2026-03-20,-1,2026-03-20 08:15:00,2026-03-20 08:45:50,7,4716.089,4694.000503174605,4751.4596675,4692.631143097645,4692.631143097645,0.5013041976878337,tp,0.1,0.7000000000000001,220.18496825394942,0.6244862872716425,1051.8216966249583
2026-03-20,1,2026-03-20 09:55:00,2026-03-20 12:09:45,27,4663.192,4687.326391954025,4628.21806,4693.085866946779,4693.085866946779,-0.639182145761477,tp,0.1,0.7000000000000001,240.64391954024978,0.6900678606420974,1292.4656161652074
2026-03-20,1,2026-03-20 13:15:00,2026-03-20 13:52:55,8,4662.118,4627.152115000001,4627.152115000001,4686.318294549267,4686.318294549267,-0.5179928682501534,sl,0.1,0.7000000000000001,-350.35884999999615,-1.0,942.1067661652105
2026-03-20,1,2026-03-20 14:00:00,2026-03-20 14:15:20,4,4616.43,4581.806775000001,4581.806775000001,4684.407527777777,4684.407527777777,-1.4509845135105386,sl,0.1,0.7000000000000001,-346.93224999999364,-1.0,595.1745161652161
2026-03-20,1,2026-03-20 14:25:00,2026-03-20 18:42:40,52,4569.023,4534.7553275,4534.7553275,4681.788652215799,4681.788652215799,-2.4084631022895806,sl,0.1,0.7000000000000001,-343.37672500000116,-1.0,251.79779116521422
2026-03-20,1,2026-03-20 18:50:00,2026-03-20 18:57:05,2,4511.239,4477.4047075,4477.4047075,4655.233802359882,4655.233802359882,-3.097036765087836,sl,0.1,0.7000000000000001,-339.0429249999972,-1.0,-87.2451338347837
2026-03-20,1,2026-03-20 19:05:00,2026-03-20 20:57:55,23,4500.742,4497.578,4466.986435000001,4653.2270298398835,4653.2270298398835,-3.2749429344978203,session_end,0.1,0.7000000000000001,-32.3399999999976,-0.0937326926685958,-119.58513383478203
2026-03-23,1,2026-03-23 00:35:00,2026-03-23 00:35:20,1,4401.287,4368.2773475,4368.2773475,4432.912928571429,4432.912928571429,-0.7153857764052399,sl,0.1,0.7000000000000001,-330.796524999999,-1.0,-450.3816588347818
2026-03-23,1,2026-03-23 00:45:00,2026-03-23 00:52:40,2,4362.345,4329.627412500001,4329.627412500001,4416.441203703704,4416.441203703704,-1.2276559610537792,sl,0.1,0.7000000000000001,-327.8758749999935,-1.0,-778.257533834776
2026-03-23,1,2026-03-23 01:00:00,2026-03-23 01:06:10,2,4354.495,4396.45008974359,4321.8362875,4399.262138888889,4399.262138888889,-1.0177079127227735,tp,0.1,0.7000000000000001,418.8508974359018,1.2846522882244866,-359.406636398875
2026-03-23,-1,2026-03-23 01:20:00,2026-03-23 01:51:55,7,4429.294,4408.1767121212115,4462.513705,4399.069791666668,4399.069791666668,0.6899119534503619,tp,0.1,0.7000000000000001,210.47287878788376,0.6356855931980161,-148.93375761099196
2026-03-23,1,2026-03-23 02:40:00,2026-03-23 03:40:50,13,4374.357,4341.5493225,4341.5493225,4405.817760416666,4405.817760416666,-0.7161045266130598,sl,0.1,0.7000000000000001,-328.77677499999953,-1.0,-477.71053261099223
2026-03-23,1,2026-03-23 03:50:00,2026-03-23 05:51:55,25,4351.863,4319.2240275,4319.2240275,4391.604710144927,4391.604710144927,-0.9125413781515781,sl,0.1,0.7000000000000001,-327.0897249999991,-1.0,-804.800257610992
2026-03-23,1,2026-03-23 06:00:00,2026-03-23 06:05:50,2,4310.587,4278.257597500001,4278.257597500001,4378.655314814814,4378.655314814814,-1.5618451304771523,sl,0.1,0.7000000000000001,-323.9940249999956,-1.0,-1128.7942826109884
2026-03-23,1,2026-03-23 06:15:00,2026-03-23 06:28:05,3,4294.701,4262.4907425,4262.4907425,4374.969971111111,4374.969971111111,-1.8348347906654003,sl,0.1,0.7000000000000001,-322.80257499999897,-1.0,-1451.596857610988
2026-03-23,1,2026-03-23 06:35:00,2026-03-23 06:43:15,2,4237.699,4205.9162575,4205.9162575,4369.407926160337,4369.407926160337,-3.022112569754407,sl,0.1,0.7000000000000001,-318.52742499999584,-1.0,-1770.1242826109847
2026-03-23,1,2026-03-23 06:50:00,2026-03-23 07:05:10,4,4206.463,4174.9145275,4174.9145275,4363.531426829268,4363.531426829268,-3.5984369417814577,sl,0.1,0.7000000000000001,-316.1847249999966,-1.0,-2086.309007610982
2026-03-23,1,2026-03-23 07:15:00,2026-03-23 07:22:15,2,4130.844,4099.86267,4099.86267,4353.310703065134,4353.310703065134,-5.112665239088578,sl,0.1,0.7000000000000001,-310.51329999999615,-1.0,-2396.822307610979
2026-03-23,1,2026-03-23 07:30:00,2026-03-23 11:05:30,44,4136.227,4313.442294486216,4105.2052975,4345.809433333333,4345.809433333333,-4.81942286117883,tp,0.1,0.7000000000000001,1771.452944862164,5.712623105911592,-625.3693627488155
2026-03-23,-1,2026-03-23 11:15:00,2026-03-23 12:59:00,21,4456.536,4489.96002,4489.96002,4314.791025925926,4314.791025925926,3.287887483348758,sl,0.1,0.7000000000000001,-334.9402000000038,-1.0,-960.3095627488201
2026-03-23,-1,2026-03-23 13:05:00,2026-03-23 14:17:30,15,4453.591,4486.9929325,4486.9929325,4327.604214437368,4327.604214437368,2.9119988639953727,sl,0.1,0.7000000000000001,-334.7193249999993,-1.0,-1295.0288877488201
2026-03-23,-1,2026-03-23 14:25:00,2026-03-23 22:06:10,81,4503.666,4363.68250922266,4537.443495,4338.64185549133,4338.64185549133,3.812774827203093,tp,0.1,0.7000000000000001,1399.134907773402,4.144282776959602,104.10602002458108
2026-03-23,-1,2026-03-23 22:15:00,2026-03-23 22:54:30,8,4397.595,4430.5769625,4430.5769625,4363.851116993463,4363.851116993463,0.7864471561115561,sl,0.1,0.7000000000000001,-330.5196250000001,-1.0,-226.41360497541973
2026-03-23,-1,2026-03-23 23:00:00,2026-03-23 23:59:55,12,4426.628,4441.507,4459.82771,4365.454892676767,4365.454892676767,1.4044723592514021,session_end,0.1,0.7000000000000001,-149.48999999999904,-0.4481665653103586,-375.9036049754195
2026-03-24,1,2026-03-24 00:35:00,2026-03-24 00:39:30,1,4371.674,4338.886445,4338.886445,4410.126333333334,4410.126333333334,-0.8806512647899134,sl,0.1,0.7000000000000001,-328.5755499999988,-1.0,-704.4791549754191
2026-03-24,1,2026-03-24 00:45:00,2026-03-24 01:47:35,13,4344.614,4312.029395,4312.029395,4396.49337037037,4396.49337037037,-1.1828260840977753,sl,0.1,0.7000000000000001,-326.5460500000001,-1.0,-1031.02520497542
2026-03-24,1,2026-03-24 01:55:00,2026-03-24 02:30:35,8,4326.356,4358.741105555556,4293.90833,4368.5145942028985,4368.5145942028985,-0.9629610545131768,tp,0.1,0.7000000000000001,323.1510555555604,0.9980718355295304,-707.8741494198603
2026-03-24,1,2026-03-24 04:20:00,2026-03-24 05:40:40,17,4330.237,4352.373977941175,4297.7602225,4356.818958333332,4356.818958333332,-0.6130495342764803,tp,0.1,0.7000000000000001,220.66977941175247,0.6816248299627397,-487.2043700081085
2026-03-24,-1,2026-03-24 06:25:00,2026-03-24 07:10:05,10,4385.42,4418.31065,4418.31065,4353.572216450215,4353.572216450215,0.7383886599679802,sl,0.1,0.7000000000000001,-329.60650000000277,-1.0,-816.810870008112
2026-03-24,-1,2026-03-24 07:20:00,2026-03-24 11:01:40,45,4422.942,4377.5022260101005,4456.114065000001,4359.0803390151505,4359.0803390151505,1.45955467751768,tp,0.1,0.7000000000000001,453.6977398989955,1.3698204796686202,-363.11313010911726
2026-03-24,-1,2026-03-24 11:10:00,2026-03-24 12:33:35,17,4413.36,4381.9072633333335,4446.4601999999995,4377.985088308457,4377.985088308457,0.8083492971698577,tp,0.1,0.7000000000000001,313.8273666666617,0.9502279945941808,-49.2857634424563
2026-03-24,1,2026-03-24 13:30:00,2026-03-24 13:57:10,6,4357.207,4380.874735528942,4324.527947500001,4381.516146090534,4381.516146090534,-0.5551878682961842,tp,0.1,0.7000000000000001,235.97735528942104,0.7242479116841696,186.691591846964
2026-03-24,-1,2026-03-24 14:25:00,2026-03-24 17:32:10,38,4406.624,4386.972858730159,4439.67368,4381.290598265896,4381.290598265896,0.5812191901669893,tp,0.1,0.7000000000000001,195.81141269840992,0.5945939951564113,382.5030045453732
2026-03-24,-1,2026-03-24 18:35:00,2026-03-24 18:58:50,5,4414.641,4387.566773127754,4447.7508075,4387.255822869955,4387.255822869955,0.6269221180736282,tp,0.1,0.7000000000000001,270.04226872246073,0.8177101866945642,652.5452732678332
2026-03-24,-1,2026-03-24 20:25:00,2026-03-24 23:16:45,23,4463.472,4496.94804,4496.94804,4388.782615646259,4388.782615646259,1.704524714599604,sl,0.1,0.7000000000000001,-335.46040000000465,-1.0,317.0848732678278
2026-03-25,-1,2026-03-25 01:40:00,2026-03-25 03:03:55,17,4588.365,4575.344490740741,4622.7777375000005,4563.815949999999,4563.815949999999,0.5383992314589611,tp,0.1,0.7000000000000001,129.5050925925869,0.3783630773128238,446.58996586041394
2026-03-25,1,2026-03-25 06:10:00,2026-03-25 08:20:45,27,4541.118,4566.222281666667,4507.059615000001,4571.855123873874,4571.855123873874,-0.6749475440010794,tp,0.1,0.7000000000000001,250.34281666666794,0.7370954807947372,696.9327825270811
2026-03-25,1,2026-03-25 09:50:00,2026-03-25 11:04:30,15,4538.219,4564.193377525252,4504.1823575,4565.255727401131,4565.255727401131,-0.5941009446270508,tp,0.1,0.7000000000000001,259.0437752525184,0.7631298394150271,955.9765577795988
2026-03-25,1,2026-03-25 12:35:00,2026-03-25 13:04:05,6,4537.894,4564.4939925213675,4503.859795,4565.0870286975705,4565.0870286975705,-0.59789722574814,tp,0.1,0.7000000000000001,265.29992521367313,0.7815664423883962,1221.2764829932712
2026-03-25,1,2026-03-25 19:00:00,2026-03-25 19:09:45,2,4538.563,4504.5237775000005,4504.5237775000005,4561.782025584796,4561.782025584796,-0.5108645142203818,sl,0.1,0.7000000000000001,-341.09222499999595,-1.0,880.1842579932745
2026-03-25,1,2026-03-25 19:15:00,2026-03-25 23:59:55,45,4509.136,4498.201,4475.317480000001,4561.198786435788,4561.198786435788,-1.14332413204333,session_end,0.1,0.7000000000000001,-110.050000000004,-0.32334354075815447,770.1342579932698
2026-03-26,1,2026-03-26 05:30:00,2026-03-26 05:54:50,5,4493.929,4460.2245325,4460.2245325,4521.207782828283,4521.207782828283,-0.6060168907154876,sl,0.1,0.7000000000000001,-337.74467499999736,-1.0,432.3895829932717
2026-03-26,1,2026-03-26 06:00:00,2026-03-26 14:34:25,103,4439.433,4471.923954022989,4406.137252500001,4517.444041666666,4517.444041666666,-1.7343998275130625,tp,0.1,0.7000000000000001,324.20954022989173,0.9758289410078502,756.5991232231627
2026-03-26,1,2026-03-26 15:35:00,2026-03-26 16:21:25,10,4442.892,4409.57031,4409.57031,4471.033836898397,4471.033836898397,-0.6320984794425489,sl,0.1,0.7000000000000001,-333.9168999999976,-1.0,422.6822232231643
2026-03-26,1,2026-03-26 16:30:00,2026-03-26 19:54:50,41,4396.845,4363.8686625,4363.8686625,4468.866469696971,4468.866469696971,-1.6109223711455427,sl,0.1,0.7000000000000001,-330.46337500000226,-1.0,92.21884822316133
2026-03-26,1,2026-03-26 20:00:00,2026-03-26 23:59:55,36,4364.292,4405.01,4331.559810000001,4454.252466666667,4454.252466666667,-2.019687194201402,session_end,0.1,0.7000000000000001,406.4799999999985,1.2439742039869681,498.6988482231591
2026-03-27,-1,2026-03-27 01:45:00,2026-03-27 05:33:30,46,4419.332,4452.476990000001,4452.476990000001,4396.980642857144,4396.980642857144,0.5083001031438119,sl,0.1,0.7000000000000001,-332.1499000000069,-1.0,166.54894822315146
2026-03-27,-1,2026-03-27 05:40:00,2026-03-27 08:26:35,34,4473.965,4434.243493399341,4507.519737500001,4423.659039215687,4423.659039215687,1.1415766978565847,tp,0.1,0.7000000000000001,396.5150660065927,1.1837823675616181,563.0640142297434
2026-03-27,1,2026-03-27 11:05:00,2026-03-27 12:16:25,15,4410.048,4431.255856009071,4376.97264,4432.743991228071,4432.743991228071,-0.5119513166783002,tp,0.1,0.7000000000000001,211.37856009071294,0.641198040144428,774.4425743204556
2026-03-27,-1,2026-03-27 14:05:00,2026-03-27 14:51:25,10,4457.866,4491.299995,4491.299995,4431.278227810651,4431.278227810651,0.6023605564152675,sl,0.1,0.7000000000000001,-335.0399500000032,-1.0,439.40262432045165
2026-03-27,-1,2026-03-27 15:00:00,2026-03-27 15:21:35,5,4509.851,4543.6748824999995,4543.6748824999995,4433.483127777777,4433.483127777777,1.7205743209957491,sl,0.1,0.7000000000000001,-338.93882499999853,-1.0,100.46379932045238
2026-03-27,-1,2026-03-27 15:30:00,2026-03-27 20:57:55,66,4543.785,4495.682,4577.8633875000005,4436.526078853047,4436.526078853047,2.417306226557314,session_end,0.1,0.7000000000000001,480.33000000000067,1.411539791898873,580.7937993204523
2026-03-30,-1,2026-03-30 01:45:00,2026-03-30 03:08:25,17,4471.227,4504.7612025,4504.7612025,4448.293944444444,4448.293944444444,0.5153111696718055,sl,0.1,0.7000000000000001,-336.0420249999999,-1.0,244.75177432045166
2026-03-30,-1,2026-03-30 03:15:00,2026-03-30 06:35:15,41,4504.696,4538.481220000001,4538.481220000001,4462.231277777778,4462.231277777778,0.9474009658072889,sl,0.1,0.7000000000000001,-338.5522000000066,-1.0,-93.8004256795557
2026-03-30,-1,2026-03-30 06:45:00,2026-03-30 11:50:30,62,4540.062,4574.112465,4574.112465,4486.1958456790135,4486.1958456790135,1.2032389172884328,sl,0.1,0.7000000000000001,-341.2046500000026,-1.0,-435.005075679559
2026-03-30,-1,2026-03-30 12:00:00,2026-03-30 14:21:30,29,4559.543,4515.306994186046,4593.7395725,4507.3857662037035,4507.3857662037035,1.1568731078505998,tp,0.1,0.7000000000000001,441.66005813953853,1.2935801040865675,6.654982459978783
2026-03-30,-1,2026-03-30 15:00:00,2026-03-30 17:31:40,31,4538.939,4519.199830158728,4572.9810425000005,4515.86537037037,4515.86537037037,0.5107355454163649,tp,0.1,0.7000000000000001,196.69169841272088,0.5798468126955652,203.34668087269893
2026-03-31,-1,2026-03-31 00:55:00,2026-03-31 01:23:50,6,4542.395,4576.462962500001,4576.462962500001,4519.324772727272,4519.324772727272,0.5098488918472482,sl,0.1,0.7000000000000001,-341.3796250000025,-1.0,-138.0329441273043
2026-03-31,-1,2026-03-31 01:30:00,2026-03-31 01:43:55,3,4581.664,4616.02648,4616.02648,4533.4259999999995,4533.4259999999995,1.0640407497552866,sl,0.1,0.7000000000000001,-344.32480000000686,-1.0,-482.3577441273119
2026-03-31,-1,2026-03-31 01:50:00,2026-03-31 03:22:50,19,4603.447,4562.313350000001,4637.9728525,4544.889863636363,4544.889863636363,1.2881860313506874,tp,0.1,0.7000000000000001,410.63649999998853,1.1913869469261893,-71.7212441273241
2026-03-31,1,2026-03-31 10:40:00,2026-03-31 11:11:15,7,4534.438,4561.275751243781,4500.429715,4562.053289062499,4562.053289062499,-0.6076384317771799,tp,0.1,0.7000000000000001,267.67751243780987,0.7891533267196824,195.95626831048503
2026-03-31,-1,2026-03-31 11:40:00,2026-03-31 14:03:05,29,4589.427,4623.8477025,4623.8477025,4561.687804761904,4561.687804761904,0.6173306118998215,sl,0.1,0.7000000000000001,-344.90702500000515,-1.0,-148.95075668952086
2026-03-31,-1,2026-03-31 14:10:00,2026-03-31 16:40:30,31,4605.506,4640.047295,4640.047295,4565.723917647058,4565.723917647058,0.8710246845901394,sl,0.1,0.7000000000000001,-346.1129499999999,-1.0,-495.0637066895215
2026-03-31,-1,2026-03-31 16:50:00,2026-03-31 19:02:20,27,4641.184,4675.992880000001,4675.992880000001,4573.696485148515,4573.696485148515,1.4779077507870513,sl,0.1,0.7000000000000001,-348.788800000005,-1.0,-843.8525066895272
2026-03-31,-1,2026-03-31 19:10:00,2026-03-31 23:55:30,46,4662.649,4697.6188675,4697.6188675,4583.95486231884,4583.95486231884,1.7190535257866364,sl,0.1,0.7000000000000001,-350.3986749999996,-1.0,-1194.2511816895276
2026-04-01,1,2026-04-01 04:20:00,2026-04-01 05:26:50,14,4669.22,4690.17331025641,4634.20085,4693.360871794872,4693.360871794872,-0.51661000415678,tp,0.1,0.7000000000000001,208.83310256410078,0.5983386306181054,-985.4180791254275
2026-04-01,-1,2026-04-01 06:50:00,2026-04-01 11:43:35,59,4724.447,4759.8803525,4759.8803525,4691.947727642276,4691.947727642276,0.6921810353169466,sl,0.1,0.7000000000000001,-355.0335250000018,-1.0,-1340.45160412543
2026-04-01,-1,2026-04-01 11:50:00,2026-04-01 23:15:10,123,4758.558,4794.247185,4794.247185,4707.309873239435,4707.309873239435,1.0880020253546638,sl,0.1,0.7000000000000001,-357.5918500000018,-1.0,-1698.0434541254326
2026-04-02,1,2026-04-02 01:05:00,2026-04-02 01:25:20,5,4744.051,4708.470617500001,4708.470617500001,4786.632628205128,4786.632628205128,-0.8888947932710332,sl,0.1,0.7000000000000001,-356.5038249999936,-1.0,-2054.547279125427
2026-04-02,1,2026-04-02 01:35:00,2026-04-02 05:33:50,48,4681.664,4646.55152,4646.55152,4765.917043859649,4765.917043859649,-1.770688475754643,sl,0.1,0.7000000000000001,-351.82479999999777,-1.0,-2406.3720791254254
2026-04-02,1,2026-04-02 05:40:00,2026-04-02 05:47:25,2,4646.816,4611.96488,4611.96488,4703.469877450978,4703.469877450978,-1.2078822429233411,sl,0.1,0.7000000000000001,-349.21119999999354,-1.0,-2755.5832791254197
2026-04-02,1,2026-04-02 05:55:00,2026-04-02 06:08:10,3,4604.311,4569.7786675,4569.7786675,4699.707330985913,4699.707330985913,-2.0323144455439293,sl,0.1,0.7000000000000001,-346.0233249999994,-1.0,-3101.60660412542
2026-04-02,1,2026-04-02 06:15:00,2026-04-02 13:58:30,93,4581.033,4651.45155788423,4546.6752525,4693.448251111107,4693.448251111107,-2.4012356178514915,tp,0.1,0.7000000000000001,703.4855788422981,2.0495685255335623,-2398.1210252831224
2026-04-02,-1,2026-04-02 14:25:00,2026-04-02 15:51:40,18,4674.87,4653.521312280699,4709.931525,4651.451151252407,4651.451151252407,0.504731705959588,tp,0.1,0.7000000000000001,212.7868771930087,0.6088921608315903,-2185.3341480901145
2026-04-02,-1,2026-04-02 19:10:00,2026-04-02 20:57:55,22,4679.497,4675.581,4714.5932275000005,4654.400118840577,4654.400118840577,0.5414743149693076,session_end,0.1,0.7000000000000001,38.46000000000167,0.11157894391926165,-2146.8741480901135
2026-04-06,-1,2026-04-06 02:20:00,2026-04-06 03:03:15,9,4663.196,4632.559435185184,4698.16997,4626.0120119047615,4626.0120119047615,0.8039643649763142,tp,0.1,0.7000000000000001,305.6656481481576,0.875981903536137,-1841.2084999419567
2026-04-06,-1,2026-04-06 05:00:00,2026-04-06 08:04:35,37,4659.001,4693.9435075,4693.9435075,4635.717294444444,4635.717294444444,0.5032059565735844,sl,0.1,0.7000000000000001,-350.1250749999992,-1.0,-2191.3335749419566
2026-04-06,-1,2026-04-06 08:10:00,2026-04-06 12:23:20,51,4684.528,4661.6975382882865,4719.66196,4646.276772108843,4646.276772108843,0.8288513530303138,tp,0.1,0.7000000000000001,227.60461711713725,0.6498117978079798,-1963.72895782482
2026-04-06,-1,2026-04-06 14:35:00,2026-04-06 15:06:40,7,4691.87,4664.156932780846,4727.0590250000005,4663.529614285712,4663.529614285712,0.6047111961699573,tp,0.1,0.7000000000000001,276.43067219154256,0.7875485955963201,-1687.2982856332783
2026-04-07,1,2026-04-07 01:55:00,2026-04-07 02:44:30,10,4627.285,4645.9014687499985,4592.5803625,4651.807615942028,4651.807615942028,-0.5276253441331871,tp,0.1,0.7000000000000001,185.46468749998604,0.5364259675669746,-1501.833598133293
2026-04-07,-1,2026-04-07 08:25:00,2026-04-07 10:48:20,29,4684.511,4654.317489664082,4719.644832500001,4647.79959570957,4647.79959570957,0.7900492165007902,tp,0.1,0.7000000000000001,301.2351033591829,0.8593856174363491,-1200.5984947741108
2026-04-07,1,2026-04-07 14:05:00,2026-04-07 14:33:50,6,4624.942,4653.282630268199,4590.254935,4654.077793885602,4654.077793885602,-0.6282940505210015,tp,0.1,0.7000000000000001,282.70630268198767,0.817037424993977,-917.8921920921239
2026-04-07,1,2026-04-07 15:05:00,2026-04-07 15:21:00,4,4628.337,4652.751722826086,4593.624472500001,4652.972337937384,4652.972337937384,-0.5281965193946915,tp,0.1,0.7000000000000001,243.44722826085382,0.7033403956564525,-674.4449638312708
2026-04-07,-1,2026-04-07 17:40:00,2026-04-07 19:46:00,26,4679.41,4714.505575,4714.505575,4653.476768867925,4653.476768867925,0.5596188060139508,sl,0.1,0.7000000000000001,-351.6557500000028,-1.0,-1026.1007138312743
2026-04-07,-1,2026-04-07 19:55:00,2026-04-07 22:01:10,14,4699.687,4734.9346525,4734.9346525,4656.490830543932,4656.490830543932,0.9301139212381581,sl,0.1,0.7000000000000001,-353.17652500000185,-1.0,-1379.277238831277
2026-04-07,-1,2026-04-07 22:10:00,2026-04-07 22:51:50,9,4744.697,4780.282227500001,4780.282227500001,4659.812473753279,4659.812473753279,1.8245160449180504,sl,0.1,0.7000000000000001,-356.55227500000655,-1.0,-1735.8295138312842
2026-04-07,-1,2026-04-07 23:00:00,2026-04-07 23:59:55,12,4818.31,4833.394,4854.447325000001,4663.553148989899,4663.553148989899,3.3185930569617867,session_end,0.1,0.7000000000000001,-151.53999999999832,-0.41740776330288926,-1887.3695138312833
2026-04-08,1,2026-04-08 01:30:00,2026-04-08 02:00:20,7,4794.24,4816.448305555556,4758.2832,4820.703833333334,4820.703833333334,-0.5499681011310282,tp,0.1,0.7000000000000001,221.38305555555854,0.6176385427945729,-1665.9864582757255
2026-04-08,-1,2026-04-08 05:55:00,2026-04-08 07:02:00,14,4836.66,4813.178384920635,4872.93495,4810.052288732396,4810.052288732396,0.5496865663922378,tp,0.1,0.7000000000000001,234.1161507936493,0.647323154942045,-1431.870307482077
2026-04-08,1,2026-04-08 09:45:00,2026-04-08 12:13:40,30,4782.925,4806.666630136984,4747.0530625,4811.284388888887,4811.284388888887,-0.5922096177621328,tp,0.1,0.7000000000000001,236.71630136983987,0.6618440985236426,-1195.1540061122378
2026-04-08,1,2026-04-08 12:25:00,2026-04-08 13:02:35,8,4770.09,4805.83779273504,4734.314325,4806.386884787469,4806.386884787469,-0.7604544882384336,tp,0.1,0.7000000000000001,356.77792735040094,0.9992206362295115,-838.3760787618376
2026-04-08,1,2026-04-08 13:40:00,2026-04-08 14:56:10,16,4777.204,4741.37497,4741.37497,4805.199556910567,4805.199556910567,-0.5865116854519719,sl,0.1,0.7000000000000001,-358.99029999999874,-1.0,-1197.366378761837
2026-04-08,1,2026-04-08 15:05:00,2026-04-08 18:43:50,44,4746.782,4711.181135000001,4711.181135000001,4801.728288213626,4801.728288213626,-1.14354217726996,sl,0.1,0.7000000000000001,-356.7086499999943,-1.0,-1554.075028761832
2026-04-08,1,2026-04-08 18:50:00,2026-04-08 23:59:55,50,4710.473,4715.618,4675.144452500001,4790.811775811209,4790.811775811209,-1.6780721007891595,session_end,0.1,0.7000000000000001,50.75000000000436,0.14563293325321494,-1503.3250287618284
2026-04-09,-1,2026-04-09 10:55:00,2026-04-09 15:18:05,53,4744.679,4780.2640925000005,4780.2640925000005,4720.76650763359,4720.76650763359,0.5130732970428535,sl,0.1,0.7000000000000001,-356.55092500000427,-1.0,-1859.8759537618334
2026-04-09,-1,2026-04-09 15:25:00,2026-04-09 23:59:55,91,4784.782,4763.786,4820.667865,4730.7160225225225,4730.7160225225225,1.1448896365712924,session_end,0.1,0.7000000000000001,209.26000000000096,0.585077160603485,-1650.6159537618332
2026-04-10,-1,2026-04-10 12:35:00,2026-04-10 15:36:40,37,4780.834,4760.778929590016,4816.690255,4756.898850993373,4756.898850993373,0.5016850211486644,tp,0.1,0.7000000000000001,199.85070409984183,0.5593186017330546,-1450.7652496619921
2026-04-13,-1,2026-04-13 01:05:00,2026-04-13 07:50:25,82,4704.309,4739.5913175000005,4739.5913175000005,4679.579961538461,4679.579961538461,0.5335850368358666,sl,0.1,0.7000000000000001,-353.52317500000316,-1.0,-1804.288424661996
2026-04-13,-1,2026-04-13 17:20:00,2026-04-13 23:59:55,68,4744.342,4757.511,4779.924565,4718.702153846152,4718.702153846152,0.5430591997199976,session_end,0.1,0.7000000000000001,-132.39000000000777,-0.3700969842955546,-1936.6784246620045
2026-04-14,-1,2026-04-14 07:10:00,2026-04-14 07:25:20,4,4793.442,4769.695911985018,4829.392815,4769.165713178294,4769.165713178294,0.5119089645856701,tp,0.1,0.7000000000000001,236.7608801498198,0.660515985937506,-1699.9175445121855
2026-04-14,-1,2026-04-14 14:10:00,2026-04-14 17:38:35,42,4802.006,4838.021045,4838.021045,4774.308719607842,4774.308719607842,0.5797023614851382,sl,0.1,0.7000000000000001,-360.850450000001,-1.0,-2060.767994512187
2026-04-14,-1,2026-04-14 17:45:00,2026-04-14 23:59:55,63,4836.832,4837.137,4873.1082400000005,4781.864839593112,4781.864839593112,1.1516983907804024,session_end,0.1,0.7000000000000001,-3.7499999999938156,-0.00840770708318669,-2064.5179945121818
2026-04-15,-1,2026-04-15 01:20:00,2026-04-15 02:21:10,13,4864.294,4840.676797619049,4900.776205,4835.796270833334,4835.796270833334,0.5895043457187061,tp,0.1,0.7000000000000001,235.47202380951313,0.6473622518417171,-1829.0459707026694
2026-04-15,1,2026-04-15 09:30:00,2026-04-15 13:21:15,47,4797.879,4818.595077083332,4761.8949075,4824.114830409357,4824.114830409357,-0.5373696796342027,tp,0.1,0.7000000000000001,206.46077083332494,0.5757009735157993,-1622.5851998693452
2026-04-15,1,2026-04-15 20:55:00,2026-04-15 23:14:30,16,4788.661,4812.914309523806,4752.7460425,4813.61677888446,4813.61677888446,-0.5185140411249034,tp,0.1,0.7000000000000001,241.83309523805912,0.6752982938600394,-1380.7521046312868
2026-04-16,1,2026-04-16 13:55:00,2026-04-16 23:59:55,109,4794.78,4791.743,4758.81915,4820.858543912176,4820.858543912176,-0.541896089134691,session_end,0.1,0.7000000000000001,-31.069999999993524,-0.08445295369824117,-1411.822104631281
2026-04-17,-1,2026-04-17 12:30:00,2026-04-17 13:07:40,8,4816.803,4852.9290225,4852.9290225,4791.975682222219,4791.975682222219,0.5232459311261262,sl,0.1,0.7000000000000001,-361.96022500000544,-1.0,-1773.7823296312872
2026-04-17,-1,2026-04-17 13:15:00,2026-04-17 20:57:55,93,4883.362,4833.259,4919.987215,4794.683537735847,4794.683537735847,1.8443545140814885,session_end,0.1,0.7000000000000001,500.33000000000067,1.3679919694669378,-1273.4523296312873
2026-04-20,-1,2026-04-20 01:05:00,2026-04-20 04:32:55,42,4787.902,4789.102765432099,4823.811265,4762.2986794871795,4762.2986794871795,0.5324491851391353,tp,0.1,0.7000000000000001,-12.707654320987057,-0.033438875234530645,-1286.159983952275
2026-04-20,-1,2026-04-20 13:30:00,2026-04-20 14:51:15,17,4824.27,4795.517820224719,4860.4520250000005,4793.262230452676,4793.262230452676,0.6467467886562357,tp,0.1,0.7000000000000001,286.8217977528155,0.794653692690818,-999.3381861994603
2026-04-20,-1,2026-04-20 22:05:00,2026-04-20 23:59:55,23,4825.047,4821.744,4861.2348525,4799.6108162055325,4799.6108162055325,0.531828199659073,session_end,0.1,0.7000000000000001,32.32999999999883,0.091273722307779,-967.0081861994622
2026-04-21,1,2026-04-21 06:55:00,2026-04-21 11:42:30,58,4776.934,4794.716240476191,4741.106995,4801.467030120482,4801.467030120482,-0.5111256615223949,tp,0.1,0.7000000000000001,177.12240476190965,0.4963362267147621,-789.8857814375533
2026-04-21,1,2026-04-21 13:10:00,2026-04-21 13:47:05,8,4768.451,4792.899990909091,4732.687617500001,4793.70391350211,4793.70391350211,-0.5295156722261042,tp,0.1,0.7000000000000001,243.78990909090754,0.6836319497768757,-546.0958723466465
2026-04-21,1,2026-04-21 14:40:00,2026-04-21 14:48:15,2,4761.569,4725.8572325000005,4725.8572325000005,4791.968971590908,4791.968971590908,-0.6374304961487935,sl,0.1,0.7000000000000001,-357.8176749999995,-1.0,-903.9135473466467
2026-04-21,1,2026-04-21 14:55:00,2026-04-21 17:12:20,28,4738.682,4703.141885,4703.141885,4791.082023277467,4791.082023277467,-1.0930416766616498,sl,0.1,0.7000000000000001,-356.10114999999786,-1.0,-1260.0146973466453
2026-04-21,1,2026-04-21 17:20:00,2026-04-21 23:59:55,68,4701.333,4737.92,4666.0730025,4782.768118589744,4782.768118589744,-1.7051342772141362,session_end,0.1,0.7000000000000001,365.17000000000445,1.0376347871267175,-894.8446973466416
2026-04-22,1,2026-04-22 15:40:00,2026-04-22 23:59:55,88,4728.186,4728.051,4692.724605,4753.752976950354,4753.752976950354,-0.538258447050594,session_end,0.1,0.7000000000000001,-2.049999999993088,-0.0038069568328970484,-896.8946973466354
2026-04-23,1,2026-04-23 02:15:00,2026-04-23 06:00:25,46,4707.76,4715.585856481481,4672.451800000001,4732.037969135802,4732.037969135802,-0.5206735300203478,tp,0.1,0.7000000000000001,77.55856481480514,0.22164416428706724,-819.336132531831
2026-04-23,1,2026-04-23 10:15:00,2026-04-23 11:47:30,19,4689.042,4710.5593179669,4653.874185000001,4712.765822493223,4712.765822493223,-0.5018989566663695,tp,0.1,0.7000000000000001,214.4731796690001,0.6118468823525185,-604.8629528628317
2026-04-23,-1,2026-04-23 12:35:00,2026-04-23 17:09:15,55,4738.602,4716.3789260162575,4774.141515,4711.59744481236,4711.59744481236,0.5786584169591767,tp,0.1,0.7000000000000001,221.53073983742325,0.6253060567580081,-383.33221302540915
2026-04-23,1,2026-04-23 17:45:00,2026-04-23 18:01:50,4,4677.763,4715.684995370368,4642.6797775000005,4716.012268388104,4716.012268388104,-0.8133093428362363,tp,0.1,0.7000000000000001,378.5199537036777,1.0809153968216103,-4.812259321732199
2026-04-23,1,2026-04-23 20:30:00,2026-04-23 23:59:55,30,4689.515,4695.322,4654.3436375,4714.066281842815,4714.066281842815,-0.522813646845474,session_end,0.1,0.7000000000000001,57.36999999999789,0.1651059153593994,52.55774067826496
2026-04-24,1,2026-04-24 03:10:00,2026-04-24 05:34:25,29,4670.712,4684.8542373737355,4635.681660000001,4694.376868421053,4694.376868421053,-0.5039298949385378,tp,0.1,0.7000000000000001,140.72237373735044,0.4037139626316875,193.28011441561466
2026-04-24,-1,2026-04-24 11:25:00,2026-04-24 20:57:55,115,4709.119,4708.715,4744.4373925,4684.613633819949,4684.613633819949,0.5299661427960014,session_end,0.1,0.7000000000000001,3.339999999995416,0.011438799203546372,196.62011441560935
2026-04-27,-1,2026-04-27 01:05:00,2026-04-27 08:20:25,88,4707.881,4710.1521833333345,4743.1901075000005,4682.877397435897,4682.877397435897,0.5340328272911032,tp,0.1,0.7000000000000001,-23.411833333341928,-0.06432287571511626,173.2082810822667
2026-04-27,1,2026-04-27 14:55:00,2026-04-27 23:59:55,97,4680.962,4692.147,4645.854785,4706.576367783987,4706.576367783987,-0.5440657026041892,session_end,0.1,0.7000000000000001,111.1499999999949,0.31859547959014956,284.3582810822609
2026-04-28,1,2026-04-28 05:10:00,2026-04-28 08:03:15,35,4653.853,4618.949102500001,4618.949102500001,4678.534618279569,4678.534618279569,-0.5236921446266752,sl,0.1,0.7000000000000001,-349.738974999994,-1.0,-65.38069391773388
2026-04-28,1,2026-04-28 08:10:00,2026-04-28 11:36:05,42,4622.238,4587.571215000001,4587.571215000001,4662.173816326532,4662.173816326532,-0.8656330269198462,sl,0.1,0.7000000000000001,-347.36784999999435,-1.0,-412.74854391772897
2026-04-28,1,2026-04-28 11:45:00,2026-04-28 23:59:55,135,4572.342,4595.875,4538.049435,4647.131920803782,4647.131920803782,-1.6092166540184483,session_end,0.1,0.7000000000000001,234.63000000000358,0.6862420469276805,-178.11854391772613
2026-04-29,1,2026-04-29 07:45:00,2026-04-29 13:20:05,68,4570.766,4536.485255,4536.485255,4594.015424731185,4594.015424731185,-0.5150162231457804,sl,0.1,0.7000000000000001,-343.50745000000023,-1.0,-521.6259939177271
2026-04-29,1,2026-04-29 13:30:00,2026-04-29 23:59:55,114,4537.9,4561.659,4503.86575,4581.257403292183,4581.257403292183,-0.9487330544000687,session_end,0.1,0.7000000000000001,236.89000000000016,0.6980908937320559,-284.7359939177277
2026-04-30,1,2026-04-30 04:35:00,2026-04-30 05:35:00,13,4541.476,4562.973176616916,4507.41493,4565.831257575758,4565.831257575758,-0.5331725200173819,tp,0.1,0.7000000000000001,214.27176616916478,0.6311362683825446,-70.46422774856364
2026-04-30,-1,2026-04-30 07:00:00,2026-04-30 08:04:35,13,4589.43,4623.850725,4623.850725,4564.492123015875,4564.492123015875,0.5460273851378089,sl,0.1,0.7000000000000001,-344.90724999999946,-1.0,-415.37147774856385
2026-04-30,-1,2026-04-30 08:10:00,2026-04-30 23:59:55,178,4620.011,4626.536,4654.661082500001,4569.087013605444,4569.087013605444,1.1078468465106686,session_end,0.1,0.7000000000000001,-65.94999999999636,-0.18831123995158117,-481.32147774856094
2026-05-01,1,2026-05-01 06:30:00,2026-05-01 12:25:00,72,4593.794,4598.626019015658,4559.340545,4618.9182008547,4618.9182008547,-0.5457057206606659,tp,0.1,0.7000000000000001,47.62019015658261,0.14024773468026014,-433.70128759197905
2026-05-01,-1,2026-05-01 14:00:00,2026-05-01 14:12:50,3,4625.144,4659.83258,4659.83258,4598.59736706349,4598.59736706349,0.5836156287291404,sl,0.1,0.7000000000000001,-347.5858,-1.0,-781.2870875919798
2026-05-01,-1,2026-05-01 14:20:00,2026-05-01 20:04:05,69,4654.441,4608.735027777777,4689.3493075,4599.647490310075,4599.647490310075,1.1936569010035836,tp,0.1,0.7000000000000001,456.35972222222955,1.3093150454866118,-324.927365369751
2026-05-04,1,2026-05-04 08:05:00,2026-05-04 10:12:30,26,4575.798,4541.479515,4541.479515,4601.294213058419,4601.294213058419,-0.555413583115185,sl,0.1,0.7000000000000001,-343.8848499999978,-1.0,-668.8122153697495
2026-05-04,1,2026-05-04 10:20:00,2026-05-04 16:10:40,71,4538.02,4503.984850000001,4503.984850000001,4595.543373655915,4595.543373655915,-1.2510462633318291,sl,0.1,0.7000000000000001,-341.051499999997,-1.0,-1009.8637153697473
2026-05-04,1,2026-05-04 16:20:00,2026-05-04 23:59:55,80,4522.611,4518.909,4488.6914175,4581.515107142856,4581.515107142856,-1.2883970861697671,session_end,0.1,0.7000000000000001,-37.72000000000226,-0.10914049428527776,-1047.5837153697503
2026-05-05,-1,2026-05-05 12:25:00,2026-05-05 19:56:20,91,4571.948,4553.08359693166,4606.237610000001,4544.229185682327,4544.229185682327,0.612068916006855,tp,0.1,0.7000000000000001,187.94403068339926,0.5501492454518885,-859.6396846863518
2026-05-06,-1,2026-05-06 03:10:00,2026-05-06 07:59:35,58,4644.644,4679.478830000001,4679.478830000001,4620.4157894736845,4620.4157894736845,0.5240915889319401,sl,0.1,0.7000000000000001,-349.0483000000069,-1.0,-1208.6879846863594
2026-05-06,-1,2026-05-06 08:05:00,2026-05-06 10:41:10,32,4677.778,4712.8613350000005,4712.8613350000005,4642.313670103092,4642.313670103092,0.762988725320711,sl,0.1,0.7000000000000001,-351.5333500000026,-1.0,-1560.2213346863628
2026-05-06,-1,2026-05-06 10:50:00,2026-05-06 12:19:10,18,4710.61,4661.267131519274,4745.939575,4655.601164102564,4655.601164102564,1.1812832319376028,tp,0.1,0.7000000000000001,492.72868480725884,1.3966448359688721,-1067.4926498791046
2026-05-06,-1,2026-05-06 13:35:00,2026-05-06 23:59:55,113,4697.832,4699.105,4733.065740000001,4663.2748139059295,4663.2748139059295,0.7408353029302628,session_end,0.1,0.7000000000000001,-13.429999999992287,-0.03613014116580323,-1080.9226498790977
2026-05-07,-1,2026-05-07 06:35:00,2026-05-07 16:01:30,114,4732.95,4725.453147569445,4768.447125,4702.817493670886,4702.817493670886,0.6406692662358939,tp,0.1,0.7000000000000001,74.26852430555009,0.21119604561087796,-1006.6541255735483
2026-05-07,1,2026-05-07 17:30:00,2026-05-07 23:59:55,66,4698.986,4704.161,4663.743605,4724.537409523809,4724.537409523809,-0.5397652153712051,session_end,0.1,0.7000000000000001,51.050000000001816,0.14684019062836537,-955.6041255735472
2026-05-08,-1,2026-05-08 14:00:00,2026-05-08 14:29:55,6,4748.117,4718.571285163777,4783.7278775,4718.194626984127,4718.194626984127,0.628913713015698,tp,0.1,0.7000000000000001,294.75714836222943,0.8296823024431998,-660.8469772113185
2026-05-11,1,2026-05-11 05:55:00,2026-05-11 11:38:20,69,4654.855,4675.507748201439,4619.9435875,4682.871014084509,4682.871014084509,-0.6005506878136192,tp,0.1,0.7000000000000001,205.82748201439864,0.5915758407494992,-455.0194951969206
2026-05-11,-1,2026-05-11 13:00:00,2026-05-11 13:23:50,5,4699.85,4735.098875000001,4735.098875000001,4676.201074786325,4676.201074786325,0.5059005127309689,sl,0.1,0.7000000000000001,-353.18875000000224,-1.0,-808.2082451969236
2026-05-11,-1,2026-05-11 13:30:00,2026-05-11 23:52:20,113,4728.483,4763.946622500001,4763.946622500001,4677.865203703704,4677.865203703704,1.0842936700300145,sl,0.1,0.7000000000000001,-355.3362250000038,-1.0,-1163.5444701969282
2026-05-12,1,2026-05-12 01:40:00,2026-05-12 07:07:05,66,4724.991,4689.5535675,4689.5535675,4753.866483333333,4753.866483333333,-0.6101871694342009,sl,0.1,0.7000000000000001,-355.07432499999885,-1.0,-1518.6187951969277
2026-05-12,1,2026-05-12 07:15:00,2026-05-12 15:18:10,97,4696.205,4660.9834625,4660.9834625,4726.251153256705,4726.251153256705,-0.6414418589629051,sl,0.1,0.7000000000000001,-352.9153749999961,-1.0,-1871.5341701969246
2026-05-12,1,2026-05-12 15:25:00,2026-05-12 19:24:25,48,4642.917,4703.4763376436795,4608.095122500001,4709.912918918918,4709.912918918918,-1.4186232329377058,tp,0.1,0.7000000000000001,604.893376436791,1.7391175316058085,-1266.6407937601343
2026-05-13,1,2026-05-13 13:40:00,2026-05-13 15:37:15,24,4674.596,4698.568989304814,4639.536529999999,4700.770520325205,4700.770520325205,-0.5591959916262071,tp,0.1,0.7000000000000001,239.02989304814292,0.6837807104560962,-1027.6109007119921
2026-05-14,1,2026-05-14 19:30:00,2026-05-14 23:59:55,42,4663.363,4652.432,4628.3877775,4690.711551282055,4690.711551282055,-0.585786420282956,session_end,0.1,0.7000000000000001,-110.01000000000495,-0.3125355385516256,-1137.6209007119978
2026-05-15,1,2026-05-15 05:10:00,2026-05-15 05:59:55,10,4593.507,4559.0556975,4559.0556975,4618.2428279569895,4618.2428279569895,-0.5381663304175829,sl,0.1,0.7000000000000001,-345.21302499999655,-1.0,-1482.833925711995
2026-05-15,1,2026-05-15 06:05:00,2026-05-15 13:37:30,91,4563.759,4529.5308075,4529.5308075,4611.716242009132,4611.716242009132,-1.0422419656113078,sl,0.1,0.7000000000000001,-342.9819249999975,-1.0,-1825.8158507119933
2026-05-15,1,2026-05-15 13:45:00,2026-05-15 20:57:55,87,4520.272,4539.882,4486.36996,4582.252557575758,4582.252557575758,-1.3522510336824434,session_end,0.1,0.7000000000000001,195.39999999999674,0.5784312684428343,-1630.4158507119973
2026-05-18,1,2026-05-18 00:35:00,2026-05-18 00:59:00,5,4492.639,4510.487454545454,4458.944207500001,4521.948285714286,4521.948285714286,-0.6510973556973265,tp,0.1,0.7000000000000001,177.78454545453934,0.5297095848105965,-1452.6313052574587
2026-05-18,-1,2026-05-18 02:15:00,2026-05-18 10:33:50,100,4536.655,4535.498134920637,4570.6799125,4512.133024691358,4512.133024691358,0.5495399885808685,tp,0.1,0.7000000000000001,10.86865079362433,0.0340005306218622,-1441.7626544638351
2026-05-18,-1,2026-05-18 11:45:00,2026-05-18 14:40:20,36,4562.333,4541.46620075758,4596.5504975,4536.0689621749425,4536.0689621749425,0.578828012625014,tp,0.1,0.7000000000000001,207.96799242419803,0.6098283266454353,-1233.7946620396378
2026-05-18,-1,2026-05-18 20:25:00,2026-05-18 23:59:55,31,4566.316,4582.066,4600.56337,4543.286096598642,4543.286096598642,0.5068556747636545,session_end,0.1,0.7000000000000001,-158.2,-0.4598893287280156,-1391.9946620396386
2026-05-19,1,2026-05-19 13:05:00,2026-05-19 13:30:10,6,4523.76,4489.831800000001,4489.831800000001,4547.802165605099,4547.802165605099,-0.5277970485751118,sl,0.1,0.7000000000000001,-339.9819999999938,-1.0,-1731.976662039633
2026-05-19,1,2026-05-19 13:40:00,2026-05-19 23:59:55,112,4483.475,4489.556,4449.848937500001,4545.954280487808,4545.954280487808,-1.3785946056871423,session_end,0.1,0.7000000000000001,60.10999999999221,0.18084186930894172,-1671.8666620396416
2026-05-20,1,2026-05-20 01:40:00,2026-05-20 05:21:45,45,4468.058,4475.078463541666,4434.547565,4491.675849999999,4491.675849999999,-0.5283740588715571,tp,0.1,0.7000000000000001,69.50463541665776,0.20950081792927328,-1602.3620266229846
2026-05-20,-1,2026-05-20 12:35:00,2026-05-20 14:01:45,18,4503.442,4481.740359126983,4537.217815,4480.203739514348,4480.203739514348,0.5210535467340675,tp,0.1,0.7000000000000001,216.31640873016914,0.6425201249182865,-1386.0456178928162
2026-05-20,-1,2026-05-20 14:30:00,2026-05-20 15:15:40,10,4506.871,4540.672532500001,4540.672532500001,4482.001863984673,4482.001863984673,0.5514753622470056,sl,0.1,0.7000000000000001,-338.71532500000575,-1.0,-1724.7609428928226
2026-05-20,-1,2026-05-20 15:25:00,2026-05-20 23:59:55,91,4536.395,4546.525,4570.417962500001,4484.734758558558,4484.734758558558,1.154276545399997,session_end,0.1,0.7000000000000001,-101.999999999992,-0.2977400924448936,-1826.7609428928154
2026-05-21,1,2026-05-21 07:30:00,2026-05-21 08:16:00,10,4513.078,4536.46334006734,4479.229915000001,4538.046948148147,4538.046948148147,-0.553320590003892,tp,0.1,0.7000000000000001,233.15340067339713,0.6908910819427442,-1593.607542219419
2026-05-21,1,2026-05-21 10:40:00,2026-05-21 17:10:25,79,4509.209,4525.925428802588,4475.3899325,4535.343244791667,4535.343244791667,-0.5786606079221244,tp,0.1,0.7000000000000001,166.46428802587872,0.4942900570096458,-1427.143254193541
2026-05-21,-1,2026-05-21 17:50:00,2026-05-21 23:59:55,62,4553.153,4535.503,4587.3016475,4526.459285046728,4526.459285046728,0.5921784172857192,session_end,0.1,0.7000000000000001,175.80000000000547,0.5168579516948795,-1251.3432541935363
2026-05-22,1,2026-05-22 14:15:00,2026-05-22 16:25:40,27,4498.058,4522.6653028764795,4464.322565,4524.4596822612075,4524.4596822612075,-0.583620677729424,tp,0.1,0.7000000000000001,245.3730287647948,0.7294200556915829,-1005.9702254287422
2026-05-26,1,2026-05-26 12:00:00,2026-05-26 13:44:00,21,4507.434,4530.411721544715,4473.628245000001,4532.409127314815,4532.409127314815,-0.5551821693052388,tp,0.1,0.7000000000000001,229.0772154471477,0.6796985171523361,-776.8930099815952
2026-05-26,1,2026-05-26 15:35:00,2026-05-26 23:42:15,86,4505.896,4520.818916666665,4472.10178,4528.556333333334,4528.556333333334,-0.5001667566021359,tp,0.1,0.7000000000000001,148.52916666665516,0.44158192337818764,-628.3638433149408
2026-05-27,1,2026-05-27 06:35:00,2026-05-27 10:46:30,51,4483.783,4450.154627500001,4450.154627500001,4506.927468354432,4506.927468354432,-0.5191667387310885,sl,0.1,0.7000000000000001,-336.98372499999385,-1.0,-965.3475683149354
2026-05-27,1,2026-05-27 10:55:00,2026-05-27 13:13:20,28,4445.011,4411.673417500001,4411.673417500001,4498.312353689568,4498.312353689568,-1.1839629954973006,sl,0.1,0.7000000000000001,-334.0758249999937,-1.0,-1299.4233933149299
2026-05-27,1,2026-05-27 13:20:00,2026-05-27 23:59:55,116,4411.725,4447.245,4378.637062500001,4487.835854166667,4487.835854166667,-1.6982763328098387,session_end,0.1,0.7000000000000001,354.4999999999953,1.073502994860289,-944.9233933149353
2026-05-28,1,2026-05-28 01:30:00,2026-05-28 03:19:00,22,4419.365,4386.2197625,4386.2197625,4445.894685185186,4445.894685185186,-0.5964757841330034,sl,0.1,0.7000000000000001,-332.1523749999989,-1.0,-1277.075768314935
2026-05-28,1,2026-05-28 03:25:00,2026-05-28 09:21:50,72,4386.74,4397.701741071428,4353.83945,4422.63380487805,4422.63380487805,-0.8139675692421996,tp,0.1,0.7000000000000001,108.9174107142815,0.3331780493465415,-1168.1583576006542
2026-05-28,-1,2026-05-28 12:55:00,2026-05-28 14:13:00,16,4420.516,4453.66987,4453.66987,4396.151447311828,4396.151447311828,0.5540881150276872,sl,0.1,0.7000000000000001,-332.23870000000096,-1.0,-1500.397057600656
2026-05-28,-1,2026-05-28 14:20:00,2026-05-28 16:20:20,25,4464.588,4498.07241,4498.07241,4399.698722868217,4399.698722868217,1.4699705867500916,sl,0.1,0.7000000000000001,-335.54410000000024,-1.0,-1835.9411576006569
2026-05-28,-1,2026-05-28 16:30:00,2026-05-28 23:59:55,78,4500.391,4495.178,4534.1439325,4409.772228956229,4409.772228956229,2.054704105776856,session_end,0.1,0.7000000000000001,51.42999999999738,0.1544458396318501,-1784.5111576006602
2026-05-29,-1,2026-05-29 09:50:00,2026-05-29 12:42:05,35,4537.262,4514.873813596492,4571.291465,4510.2601129943505,4510.2601129943505,0.5957281028701298,tp,0.1,0.7000000000000001,223.18186403507463,0.6579059178129046,-1561.3292935655863
2026-05-29,-1,2026-05-29 13:55:00,2026-05-29 15:03:30,14,4538.452,4572.490390000001,4572.490390000001,4515.781315369262,4515.781315369262,0.5048225996495824,sl,0.1,0.7000000000000001,-341.08390000000617,-1.0,-1902.4131935655932
2026-05-29,-1,2026-05-29 15:10:00,2026-05-29 20:57:55,70,4587.907,4540.567,4622.3163025,4518.345871794873,4518.345871794873,1.5420937259379872,session_end,0.1,0.7000000000000001,472.70000000000147,1.3757907472841067,-1429.7131935655925
2026-06-01,1,2026-06-01 07:45:00,2026-06-01 13:24:50,68,4498.416,4464.67788,4464.67788,4521.1765161290305,4521.1765161290305,-0.5095911660789557,sl,0.1,0.7000000000000001,-338.0811999999998,-1.0,-1767.794393565593
2026-06-01,1,2026-06-01 13:30:00,2026-06-01 23:59:55,114,4465.282,4484.379,4431.792385000001,4512.210977366255,4512.210977366255,-1.0394677376905812,session_end,0.1,0.7000000000000001,190.26999999999754,0.5702364747997263,-1577.5243935655963
2026-06-02,-1,2026-06-02 04:50:00,2026-06-02 13:00:00,99,4512.51,4513.497858974358,4546.353825,4488.659890804596,4488.659890804596,0.5315196467497836,tp,0.1,0.7000000000000001,-10.578589743575503,-0.029188750809270303,-1588.1029833091725
2026-06-02,1,2026-06-02 16:40:00,2026-06-02 23:59:55,76,4488.075,4474.289,4454.4144375,4511.378868333333,4511.378868333333,-0.5191953284558953,session_end,0.1,0.7000000000000001,-138.56000000000057,-0.40955940650130185,-1726.6629833091738
2026-06-03,1,2026-06-03 08:55:00,2026-06-03 11:08:25,27,4445.102,4467.865526315792,4411.763735,4471.574457943927,4471.574457943927,-0.5919046678716604,tp,0.1,0.7000000000000001,226.93526315791752,0.6828047685082638,-1499.727720151257
2026-06-03,1,2026-06-03 13:45:00,2026-06-03 23:45:05,109,4427.782,4456.749380952382,4394.573635000001,4466.049252525254,4466.049252525254,-0.856758409093194,tp,0.1,0.7000000000000001,288.97380952381974,0.8722916937459103,-1210.753910627438
2026-06-04,-1,2026-06-04 11:30:00,2026-06-04 14:43:35,39,4489.527,4473.841638257576,4523.198452500001,4466.984002415459,4466.984002415459,0.5045461898308498,tp,0.1,0.7000000000000001,156.15361742423994,0.4658356137865951,-1054.6002932031988
2026-06-05,1,2026-06-05 12:55:00,2026-06-05 13:47:55,11,4417.16,4384.0313,4384.0313,4454.632301075272,4454.632301075272,-0.8402332346541339,sl,0.1,0.7000000000000001,-331.98700000000207,-1.0,-1386.5872932032016
2026-06-05,1,2026-06-05 13:55:00,2026-06-05 14:33:45,8,4385.414,4352.523395,4352.523395,4451.039053892217,4451.039053892217,-1.4770495854159582,sl,0.1,0.7000000000000001,-329.60604999999595,-1.0,-1716.1933432031983
2026-06-05,1,2026-06-05 14:40:00,2026-06-05 18:43:35,49,4348.925,4316.3080625,4316.3080625,4446.610734848487,4446.610734848487,-2.2039198097655364,sl,0.1,0.7000000000000001,-326.8693749999995,-1.0,-2043.0627182031985
2026-06-05,1,2026-06-05 18:50:00,2026-06-05 20:57:55,26,4321.701,4328.864,4289.2882425,4422.8643967551625,4422.8643967551625,-2.2898824759236396,session_end,0.1,0.7000000000000001,70.92999999999556,0.22099323082892613,-1972.1327182032037
2026-06-08,1,2026-06-08 01:20:00,2026-06-08 05:35:05,52,4317.925,4285.5405625,4285.5405625,4342.394145833334,4342.394145833334,-0.5632640661328191,sl,0.1,0.7000000000000001,-324.54437499999875,-1.0,-2296.677093203203
2026-06-08,1,2026-06-08 05:45:00,2026-06-08 07:25:35,21,4288.325,4315.295127340825,4256.1625625,4319.633227053141,4319.633227053141,-0.7274744266790202,tp,0.1,0.7000000000000001,269.0012734082546,0.8385598056995945,-2027.6758197949493
2026-06-08,1,2026-06-08 08:15:00,2026-06-08 11:10:40,36,4292.047,4308.282159203981,4259.8566475,4313.776804713806,4313.776804713806,-0.5114962065189745,tp,0.1,0.7000000000000001,161.65159203981312,0.5043485995992563,-1866.024227755137
2026-06-08,-1,2026-06-08 12:00:00,2026-06-08 23:30:00,127,4331.413,4319.856022222222,4363.8985975,4309.447372685185,4309.447372685185,0.5122612113733793,tp,0.1,0.7000000000000001,114.8697777777732,0.3557569713094335,-1751.1544499773645
2026-06-09,1,2026-06-09 14:20:00,2026-06-09 14:47:00,6,4311.632,4279.29476,4279.29476,4333.2893178294535,4333.2893178294535,-0.5063663240571398,sl,0.1,0.7000000000000001,-324.07239999999837,-1.0,-2075.2268499773636
2026-06-09,1,2026-06-09 14:55:00,2026-06-09 15:31:50,8,4298.104,4265.86822,4265.86822,4332.144683426441,4332.144683426441,-0.7852157744541236,sl,0.1,0.7000000000000001,-323.05779999999976,-1.0,-2398.284649977364
2026-06-09,1,2026-06-09 15:40:00,2026-06-09 16:39:25,12,4270.096,4238.07028,4238.07028,4330.015363475175,4330.015363475175,-1.3830057967072376,sl,0.1,0.7000000000000001,-320.95719999999636,-1.0,-2719.241849977361
2026-06-09,1,2026-06-09 16:45:00,2026-06-09 23:45:40,73,4244.901,4213.0642425,4213.0642425,4325.855175787726,4325.855175787726,-1.8642828414393349,sl,0.1,0.7000000000000001,-319.067575000002,-1.0,-3038.309424977364
2026-06-10,1,2026-06-10 01:45:00,2026-06-10 05:32:20,46,4187.558,4189.719338383837,4156.151315,4209.202396825397,4209.202396825397,-0.5166156144403321,tp,0.1,0.7000000000000001,20.913383838366645,0.06881778143209541,-3017.396041138998
2026-06-10,-1,2026-06-10 06:10:00,2026-06-10 07:28:05,16,4214.23,4193.702164794006,4245.836725,4191.029445945945,4191.029445945945,0.553433335489733,tp,0.1,0.7000000000000001,204.57835205993143,0.6494768188096927,-2812.8176890790673
2026-06-10,1,2026-06-10 08:05:00,2026-06-10 12:27:20,53,4164.711,4133.475667500001,4133.475667500001,4193.247872852234,4193.247872852234,-0.6833336287545391,sl,0.1,0.7000000000000001,-313.0533249999946,-1.0,-3125.8710140790627
2026-06-10,1,2026-06-10 12:40:00,2026-06-10 13:45:45,14,4161.153,4180.361092929293,4129.944352500001,4182.69672368421,4182.69672368421,-0.5218815784708041,tp,0.1,0.7000000000000001,191.38092929292435,0.6154734174011435,-2934.490084786139
2026-06-10,1,2026-06-10 14:40:00,2026-06-10 14:56:15,4,4157.784,4126.60062,4126.60062,4179.807592803029,4179.807592803029,-0.5267609169603938,sl,0.1,0.7000000000000001,-312.53379999999487,-1.0,-3247.0238847861347
2026-06-10,1,2026-06-10 15:05:00,2026-06-10 18:50:45,46,4129.425,4098.4543125,4098.4543125,4178.673414364641,4178.673414364641,-1.1810067327825418,sl,0.1,0.7000000000000001,-310.40687500000166,-1.0,-3557.430759786137
2026-06-10,1,2026-06-10 19:00:00,2026-06-10 20:09:30,14,4101.633,4070.8707525,4070.8707525,4166.2724956140355,4166.2724956140355,-1.5473422749448313,sl,0.1,0.7000000000000001,-308.3224749999983,-1.0,-3865.753234786136
2026-06-10,1,2026-06-10 20:15:00,2026-06-10 22:20:50,14,4072.132,4041.59101,4041.59101,4161.325294924554,4161.325294924554,-2.144179764878772,sl,0.1,0.7000000000000001,-306.10989999999964,-1.0,-4171.863134786136
2026-06-10,1,2026-06-10 22:30:00,2026-06-10 23:59:55,18,4044.83,4047.346,4014.493775,4155.69958010336,4155.69958010336,-2.6674108165586645,session_end,0.1,0.7000000000000001,24.460000000000765,0.08293714857402579,-4147.403134786135
2026-06-11,-1,2026-06-11 01:15:00,2026-06-11 01:41:20,6,4086.666,4117.315995000001,4117.315995000001,4065.868777777778,4065.868777777778,0.5145818363980045,sl,0.1,0.7000000000000001,-307.1999500000067,-1.0,-4454.603084786142
2026-06-11,-1,2026-06-11 01:50:00,2026-06-11 02:29:45,8,4110.454,4083.222643678161,4141.282405,4078.8175303030307,4078.8175303030307,0.7829345014754109,tp,0.1,0.7000000000000001,271.61356321838576,0.8833203119602976,-4182.989521567757
2026-06-11,1,2026-06-11 02:45:00,2026-06-11 04:08:45,17,4059.478,4077.283632653063,4029.0319150000005,4081.9935454545457,4081.9935454545457,-0.5446247086623069,tp,0.1,0.7000000000000001,177.3563265306273,0.5848250326129936,-4005.6331950371296
2026-06-11,-1,2026-06-11 05:45:00,2026-06-11 06:07:40,5,4099.399,4079.541657534248,4130.1444925000005,4078.6228067632865,4078.6228067632865,0.5117461021917147,tp,0.1,0.7000000000000001,197.87342465752482,0.645861908562771,-3807.7597703796055
2026-06-11,-1,2026-06-11 07:20:00,2026-06-11 08:59:55,20,4104.813,4085.175560747665,4135.5990975,4081.472064393941,4081.472064393941,0.5745705283797197,tp,0.1,0.7000000000000001,195.674392523353,0.6378671168807638,-3612.0853778562523
2026-06-11,1,2026-06-11 12:35:00,2026-06-11 12:55:30,5,4062.753,4085.098746236561,4032.2823525000003,4085.4319006622536,4085.4319006622536,-0.559399868066556,tp,0.1,0.7000000000000001,222.757462365609,0.7333531798614071,-3389.327915490643
2026-06-11,1,2026-06-11 14:10:00,2026-06-11 14:26:05,4,4062.87,4084.199479768786,4032.398475,4084.531552941177,4084.531552941177,-0.5326572376582668,tp,0.1,0.7000000000000001,212.59479768786315,0.6999807121168489,-3176.73311780278
2026-06-11,-1,2026-06-11 17:35:00,2026-06-11 19:11:35,20,4148.702,4179.817265000001,4179.817265000001,4084.1998641390205,4084.1998641390205,1.5819288480045959,sl,0.1,0.7000000000000001,-311.8526500000036,-1.0,-3488.585767802784
2026-06-11,-1,2026-06-11 19:20:00,2026-06-11 22:43:55,29,4195.816,4227.28462,4227.28462,4091.028117816093,4091.028117816093,2.5580093602429494,sl,0.1,0.7000000000000001,-315.38620000000554,-1.0,-3803.9719678027905
2026-06-11,-1,2026-06-11 22:50:00,2026-06-11 23:59:55,14,4232.158,4219.96,4263.899185,4104.852614503818,4104.852614503818,3.0938110919612987,session_end,0.1,0.7000000000000001,121.2800000000032,0.3842956713809007,-3682.691967802788
2026-06-12,1,2026-06-12 01:05:00,2026-06-12 02:10:45,14,4184.898,4199.85276923077,4153.511265,4212.943820512821,4212.943820512821,-0.6723522012067198,tp,0.1,0.7000000000000001,148.84769230769672,0.47646782090490297,-3533.844275495092
2026-06-12,1,2026-06-12 06:00:00,2026-06-12 07:59:35,24,4173.273,4190.555350877193,4141.9734525,4194.28336574074,4194.28336574074,-0.5036227621928835,tp,0.1,0.7000000000000001,172.12350877192586,0.5521597677152585,-3361.720766723167
2026-06-12,-1,2026-06-12 08:20:00,2026-06-12 11:32:45,39,4217.989,4198.323782608694,4249.6239175,4191.049236666667,4191.049236666667,0.6449879685697274,tp,0.1,0.7000000000000001,195.95217391305306,0.6216301146132277,-3165.7685928101146
2026-06-12,-1,2026-06-12 15:25:00,2026-06-12 19:35:05,51,4227.853,4203.074004255319,4259.561897500001,4198.712025225224,4198.712025225224,0.6963558014724076,tp,0.1,0.7000000000000001,247.08995744681198,0.7814524533588948,-2918.6786353633033
2026-06-15,-1,2026-06-15 02:15:00,2026-06-15 05:42:10,42,4326.513,4318.196509803922,4358.9618475,4304.4810246913585,4304.4810246913585,0.511605816875942,tp,0.1,0.7000000000000001,82.4649019607812,0.2562953952702993,-2836.213733402523
2026-06-15,-1,2026-06-15 08:35:00,2026-06-15 17:10:30,104,4343.3,4331.359391585761,4375.874750000001,4317.105187702265,4317.105187702265,0.606559515212384,tp,0.1,0.7000000000000001,118.7060841423925,0.36656024725405423,-2717.507649260131
2026-06-15,1,2026-06-15 20:55:00,2026-06-15 23:59:55,25,4307.87,4315.805,4275.560975,4329.624443559097,4329.624443559097,-0.5044419866851959,session_end,0.1,0.7000000000000001,78.650000000004,0.24559701198041436,-2638.857649260128
2026-06-16,-1,2026-06-16 08:55:00,2026-06-16 14:16:50,65,4344.142,4329.98555360624,4376.723065,4322.282937694705,4322.282937694705,0.5081356917603682,tp,0.1,0.7000000000000001,140.86446393760235,0.4344991912867213,-2497.993185322526
2026-06-17,-1,2026-06-17 14:25:00,2026-06-17 14:47:35,5,4358.134,4331.7384425612045,4390.8200050000005,4331.1702543352585,4331.1702543352585,0.6293390484351868,tp,0.1,0.7000000000000001,263.2555743879555,0.8075492076439187,-2234.7376109345714
2026-06-17,-1,2026-06-17 15:25:00,2026-06-17 18:02:25,32,4358.862,4336.907658950617,4391.553465,4332.449599999999,4332.449599999999,0.6117416807341629,tp,0.1,0.7000000000000001,218.84341049383403,0.6715618602403863,-2015.8942004407381
2026-06-17,1,2026-06-17 18:10:00,2026-06-17 19:10:55,13,4295.136,4262.92248,4262.92248,4336.741831804281,4336.741831804281,-0.9619855970749343,sl,0.1,0.7000000000000001,-322.83520000000243,-1.0,-2338.7294004407413
2026-06-17,1,2026-06-17 19:20:00,2026-06-17 23:59:55,44,4243.92,4277.931,4212.0906,4333.951010057472,4333.951010057472,-2.070605086426256,session_end,0.1,0.7000000000000001,339.40999999999514,1.0685404060396966,-1999.319400440747
2026-06-18,1,2026-06-18 08:00:00,2026-06-18 10:56:50,36,4288.911,4256.7441675,4256.7441675,4311.870555555554,4311.870555555554,-0.5374130613846408,sl,0.1,0.7000000000000001,-322.36832500000054,-1.0,-2321.687725440748
2026-06-18,1,2026-06-18 11:05:00,2026-06-18 16:36:00,67,4251.67,4219.782475,4219.782475,4300.774796992479,4300.774796992479,-1.1481837418460286,sl,0.1,0.7000000000000001,-319.57525000000095,-1.0,-2641.26297544075
2026-06-18,1,2026-06-18 16:45:00,2026-06-18 23:45:10,73,4222.034,4190.368745,4190.368745,4281.893703150912,4281.893703150912,-1.3939557422219457,sl,0.1,0.7000000000000001,-317.35254999999887,-1.0,-2958.6155254407495
2026-06-19,1,2026-06-19 03:50:00,2026-06-19 04:54:10,13,4159.185,4127.991112500001,4127.991112500001,4180.904188405798,4180.904188405798,-0.5195811103741305,sl,0.1,0.7000000000000001,-312.6388749999962,-1.0,-3271.2544004407464
2026-06-19,1,2026-06-19 05:00:00,2026-06-19 07:57:35,36,4126.059,4161.197382456141,4095.1135575000003,4172.145894444444,4172.145894444444,-1.1044890473701774,tp,0.1,0.7000000000000001,350.6838245614079,1.1354945871638742,-2920.5705758793392
2026-06-19,-1,2026-06-19 13:10:00,2026-06-19 13:37:55,6,4182.547,4160.507955010225,4213.916102499999,4160.29943670886,4160.29943670886,0.5372344859104747,tp,0.1,0.7000000000000001,219.69044989774994,0.702571742043787,-2700.88012598159
2026-06-22,-1,2026-06-22 00:55:00,2026-06-22 01:00:15,2,4188.318,4219.730385000001,4219.730385000001,4165.937424242424,4165.937424242424,0.5368197714021727,sl,0.1,0.7000000000000001,-314.8238500000054,-1.0,-3015.703975981596
2026-06-22,-1,2026-06-22 01:10:00,2026-06-22 02:13:00,13,4213.775,4186.632717948718,4245.3783125,4174.5093809523805,4174.5093809523805,0.9404606736962929,tp,0.1,0.7000000000000001,270.72282051281655,0.8588429472790661,-2744.9811554687803
2026-06-22,-1,2026-06-22 10:15:00,2026-06-22 12:57:55,33,4212.994,4194.203458064518,4244.591455,4190.800238482385,4190.800238482385,0.5276500968612925,tp,0.1,0.7000000000000001,187.20541935481998,0.5946852977710372,-2557.775736113961
2026-06-22,1,2026-06-22 15:50:00,2026-06-22 18:45:35,36,4170.052,4192.533505185188,4138.77661,4194.108208771933,4194.108208771933,-0.572903882681868,tp,0.1,0.7000000000000001,224.11505185188327,0.718824135692264,-2333.6606842620786
2026-06-23,1,2026-06-23 01:40:00,2026-06-23 03:22:10,21,4162.327,4131.1095475,4131.1095475,4183.866683333334,4183.866683333334,-0.5146837832838852,sl,0.1,0.7000000000000001,-312.87452500000035,-1.0,-2646.5352092620797
2026-06-23,1,2026-06-23 03:30:00,2026-06-23 07:40:55,51,4140.687,4109.6318475,4109.6318475,4166.95419047619,4166.95419047619,-0.6301770856086476,sl,0.1,0.7000000000000001,-311.25152500000075,-1.0,-2957.786734262081
2026-06-23,1,2026-06-23 07:50:00,2026-06-23 13:48:45,72,4106.78,4132.55524040404,4075.97915,4144.723297872341,4144.723297872341,-0.9197067001290373,tp,0.1,0.7000000000000001,257.05240404040234,0.836835360194298,-2700.7343302216796
2026-06-23,1,2026-06-23 20:15:00,2026-06-23 23:59:55,33,4110.227,4099.406,4079.4002975,4131.398096021947,4131.398096021947,-0.510023375433989,session_end,0.1,0.7000000000000001,-108.90999999999913,-0.35102684109660803,-2809.6443302216794
2026-06-24,1,2026-06-24 01:05:00,2026-06-24 01:25:05,5,4073.434,4095.247941176471,4042.8832450000004,4098.545641025641,4098.545641025641,-0.609792917162365,tp,0.1,0.7000000000000001,217.43941176470963,0.7140229816405892,-2592.2049184569696
2026-06-24,1,2026-06-24 02:35:00,2026-06-24 05:30:00,36,4068.934,4075.6522323232334,4038.4169950000005,4090.827849462366,4090.827849462366,-0.5282757001179129,tp,0.1,0.7000000000000001,66.48232323233223,0.22014717116680652,-2525.722595224637
2026-06-24,1,2026-06-24 11:05:00,2026-06-24 12:25:00,17,4052.048,4021.65764,4021.65764,4075.9036817042597,4075.9036817042597,-0.5806732335334203,sl,0.1,0.7000000000000001,-304.6035999999987,-1.0,-2830.3261952246357
2026-06-24,1,2026-06-24 12:35:00,2026-06-24 12:59:25,5,4019.402,3989.2564850000003,3989.2564850000003,4071.8362317880783,4071.8362317880783,-1.2872873270018652,sl,0.1,0.7000000000000001,-302.15514999999704,-1.0,-3132.4813452246326
2026-06-24,1,2026-06-24 13:05:00,2026-06-24 23:59:55,119,3980.082,4012.41,3950.231385,4069.175632696389,4069.175632696389,-2.1865272165072813,session_end,0.1,0.7000000000000001,322.57999999999976,1.082992762460678,-2809.9013452246327
2026-06-25,1,2026-06-25 02:10:00,2026-06-25 02:22:35,3,3966.077,3989.8804523809526,3936.3314225000004,3991.252307692308,3991.252307692308,-0.6299102575864098,tp,0.1,0.7000000000000001,237.33452380952423,0.800235005723205,-2572.5668214151083
2026-06-25,-1,2026-06-25 12:50:00,2026-06-25 23:59:55,122,4014.321,4014.811,4044.4284075,3987.3031147186116,3987.3031147186116,0.6774475003336865,session_end,0.1,0.7000000000000001,-5.600000000002365,-0.01627506453354492,-2578.1668214151105
2026-06-26,1,2026-06-26 02:45:00,2026-06-26 04:14:15,18,3992.473,4009.404713333333,3962.5294525,4016.122828282828,4016.122828282828,-0.5885484407092794,tp,0.1,0.7000000000000001,168.61713333332938,0.5654544884280303,-2409.549688081781
2026-06-26,-1,2026-06-26 07:00:00,2026-06-26 13:00:00,73,4031.953,4062.1926475,4062.1926475,4011.2347698412696,4011.2347698412696,0.5188733981669647,sl,0.1,0.7000000000000001,-303.09647500000045,-1.0,-2712.646163081781
2026-06-26,-1,2026-06-26 13:15:00,2026-06-26 14:11:20,12,4050.495,4080.8737125000002,4080.8737125000002,4026.1495890985348,4026.1495890985348,0.6075137140381732,sl,0.1,0.7000000000000001,-304.48712500000346,-1.0,-3017.1332880817845
2026-06-26,-1,2026-06-26 14:20:00,2026-06-26 20:57:55,80,4088.81,4088.42,4119.4760750000005,4029.0472267441887,4029.0472267441887,1.4855316874549889,session_end,0.1,0.7000000000000001,3.1999999999987265,0.012717636671790104,-3013.9332880817856
2026-06-29,1,2026-06-29 09:55:00,2026-06-29 14:15:30,53,4034.666,4004.4060050000003,4004.4060050000003,4059.846932773108,4059.846932773108,-0.6200463512527954,sl,0.1,0.7000000000000001,-303.2999499999989,-1.0,-3317.2332380817843
2026-06-29,1,2026-06-29 14:25:00,2026-06-29 23:59:55,103,4020.493,4015.108,3990.3393025,4052.685963391137,4052.685963391137,-0.7961377635127507,session_end,0.1,0.7000000000000001,-54.54999999999764,-0.17858506407049352,-3371.7832380817817
2026-06-30,1,2026-06-30 01:10:00,2026-06-30 04:01:30,35,3963.613,3974.7944722222223,3933.8859025,3996.8948095238097,3996.8948095238097,-0.8286385081962047,tp,0.1,0.7000000000000001,111.1147222222251,0.37613736834625827,-3260.6685158595574
2026-06-30,-1,2026-06-30 04:35:00,2026-06-30 05:30:00,12,3996.246,3977.0526363636372,4026.217845,3975.038545454546,3975.038545454546,0.533289282683679,tp,0.1,0.7000000000000001,191.23363636362848,0.6403797843063324,-3069.4348794959296
2026-06-30,-1,2026-06-30 06:25:00,2026-06-30 06:34:25,2,3999.943,4029.9425725000006,4029.9425725000006,3977.9798181818187,3977.9798181818187,0.551842463298735,sl,0.1,0.7000000000000001,-300.6957250000034,-1.0,-3370.130604495933
2026-06-30,-1,2026-06-30 06:40:00,2026-06-30 14:21:05,93,4022.389,4052.5569175000005,4052.5569175000005,3979.5311458333335,3979.5311458333335,1.0716803714759187,sl,0.1,0.7000000000000001,-302.37917500000384,-1.0,-3672.5097794959365
2026-06-30,-1,2026-06-30 14:30:00,2026-06-30 20:31:20,73,4054.27,4011.8418970189714,4084.6770250000004,4004.7201877394646,4004.7201877394646,1.2369856054412067,tp,0.1,0.7000000000000001,423.5810298102859,1.3953388396605055,-3248.9287496856505
2026-07-01,-1,2026-07-01 11:05:00,2026-07-01 13:22:45,28,4006.578,4036.627335,4036.627335,3979.9930050125304,3979.9930050125304,0.6675889870662242,sl,0.1,0.7000000000000001,-301.19335000000154,-1.0,-3550.122099685652
2026-07-01,-1,2026-07-01 13:30:00,2026-07-01 13:40:20,3,4046.954,4077.306155,4077.306155,3988.2099300411533,3988.2099300411533,1.4752751482728403,sl,0.1,0.7000000000000001,-304.2215500000004,-1.0,-3854.343649685652
2026-07-01,-1,2026-07-01 13:50:00,2026-07-01 23:59:55,110,4090.062,4035.329,4120.737465,3990.269122489961,3990.269122489961,2.503612524452993,session_end,0.1,0.7000000000000001,546.6299999999972,1.7842598311060405,-3307.7136496856547
2026-07-02,-1,2026-07-02 12:35:00,2026-07-02 23:59:55,125,4127.152,4126.335,4158.105640000001,4063.361121412803,4063.361121412803,1.5768443087558828,session_end,0.1,0.7000000000000001,7.470000000000073,0.026394310976027072,-3300.2436496856553
2026-07-03,-1,2026-07-03 01:05:00,2026-07-03 01:24:50,4,4160.979,4192.1863425,4192.1863425,4138.535897435897,4138.535897435897,0.5419815876914442,sl,0.1,0.7000000000000001,-312.77342499999867,-1.0,-3613.0170746856547
2026-07-03,-1,2026-07-03 01:30:00,2026-07-03 05:48:10,52,4187.584,4171.9656231884055,4218.99088,4150.047,4150.047,0.9121342481181605,tp,0.1,0.7000000000000001,155.48376811594318,0.4972915746993681,-3457.5333065697123
2026-07-06,1,2026-07-06 05:10:00,2026-07-06 17:23:40,147,4153.598,4156.696190705125,4122.446015,4174.31105376344,4174.31105376344,-0.5011378762629671,tp,0.1,0.7000000000000001,30.281907051254894,0.09945403816564298,-3427.251399518458
2026-07-07,-1,2026-07-07 12:00:00,2026-07-07 15:51:25,47,4156.751,4140.8320543859645,4187.926632500001,4134.7920231481485,4134.7920231481485,0.5287080155293339,tp,0.1,0.7000000000000001,158.48945614035694,0.51062141607024,-3268.761943378102
2026-07-07,1,2026-07-07 19:10:00,2026-07-07 23:59:55,46,4111.455,4098.656,4080.6190875,4140.887134782608,4140.887134782608,-0.7129664205194118,session_end,0.1,0.7000000000000001,-128.68999999999977,-0.41506798282684493,-3397.4519433781024
2026-07-08,1,2026-07-08 08:20:00,2026-07-08 08:56:35,8,4088.866,4058.199505,4058.199505,4119.737586666666,4119.737586666666,-0.7544797699558277,sl,0.1,0.7000000000000001,-307.3649499999994,-1.0,-3704.8168933781017
2026-07-08,1,2026-07-08 09:05:00,2026-07-08 15:30:35,78,4055.683,4025.2653775000003,4025.2653775000003,4115.764596330276,4115.764596330276,-1.4619785685489992,sl,0.1,0.7000000000000001,-304.8762249999965,-1.0,-4009.693118378098
2026-07-08,1,2026-07-08 15:40:00,2026-07-08 18:46:30,38,4029.367,4085.6538459259273,3999.1467475000004,4091.0596578014206,4091.0596578014206,-1.5018030275911214,tp,0.1,0.7000000000000001,562.1684592592708,1.8625537932195464,-3447.524659118828
2026-07-09,-1,2026-07-09 06:05:00,2026-07-09 13:15:25,87,4093.028,4123.72571,4123.72571,4070.309990867581,4070.309990867581,0.5578692822749606,sl,0.1,0.7000000000000001,-307.67709999999914,-1.0,-3755.201759118827
2026-07-09,-1,2026-07-09 13:25:00,2026-07-09 23:59:55,115,4125.375,4123.707,4156.3153125,4090.4263871635626,4090.4263871635626,0.8540824239270322,session_end,0.1,0.7000000000000001,15.979999999996654,0.05391025058326968,-3739.221759118831
2026-07-10,1,2026-07-10 08:50:00,2026-07-10 12:13:55,41,4096.088,4113.711267123285,4065.36734,4117.287128930816,4117.287128930816,-0.5153910394470448,tp,0.1,0.7000000000000001,175.53267123285588,0.5736617352389439,-3563.689087885976
2026-07-10,1,2026-07-10 13:30:00,2026-07-10 15:52:30,29,4087.595,4110.8431105263135,4056.9380375,4112.643384773661,4112.643384773661,-0.6073559615243773,tp,0.1,0.7000000000000001,231.78110526313668,0.7583305269174618,-3331.907982622839
2026-07-13,1,2026-07-13 14:00:00,2026-07-13 14:16:50,4,4043.448,4013.12214,4013.12214,4065.203902777779,4065.203902777779,-0.5334025868410296,sl,0.1,0.7000000000000001,-303.9585999999992,-1.0,-3635.866582622839
2026-07-13,1,2026-07-13 14:25:00,2026-07-13 16:35:30,27,4021.08,3990.9219000000003,3990.9219000000003,4064.1978246628137,4064.1978246628137,-1.0601310891255205,sl,0.1,0.7000000000000001,-302.2809999999965,-1.0,-3938.147582622836
2026-07-13,1,2026-07-13 16:45:00,2026-07-13 23:59:55,75,4000.683,4000.993,3970.6778775000002,4056.8252504145944,4056.8252504145944,-1.3841426965299046,session_end,0.1,0.7000000000000001,2.399999999999454,0.010331569217887648,-3935.7475826228365
2026-07-14,-1,2026-07-14 05:45:00,2026-07-14 08:09:30,29,4032.138,4015.5068831615126,4062.3790350000004,4011.0398647343013,4011.0398647343013,0.5260514972990992,tp,0.1,0.7000000000000001,165.61116838487288,0.549951972162561,-3770.1364142379643
2026-07-14,-1,2026-07-14 12:35:00,2026-07-14 23:59:55,125,4095.965,4053.283,4126.684737500001,4018.049207505521,4018.049207505521,1.943773917666032,session_end,0.1,0.7000000000000001,426.12000000000245,1.3893998931468579,-3344.0164142379617
2026-07-15,-1,2026-07-15 12:40:00,2026-07-15 16:10:50,43,4063.708,4039.6476975945006,4094.1858100000004,4034.7187565789463,4034.7187565789463,0.7153223102352032,tp,0.1,0.7000000000000001,239.90302405499443,0.7894367215196627,-3104.113390182967
2026-07-15,-1,2026-07-15 17:45:00,2026-07-15 23:59:55,63,4062.387,4058.06,4092.8549025,4039.579123630671,4039.579123630671,0.5638428081799175,session_end,0.1,0.7000000000000001,42.57000000000225,0.14201830926826092,-3061.5433901829656
2026-07-16,1,2026-07-16 12:45:00,2026-07-16 19:35:20,83,4003.048,3973.02514,3973.02514,4033.881958605662,4033.881958605662,-0.7658121611555596,sl,0.1,0.7000000000000001,-300.9285999999958,-1.0,-3362.4719901829612
2026-07-16,1,2026-07-16 19:45:00,2026-07-16 23:59:55,39,3975.862,3985.862,3946.043035,4018.8282433192708,4018.8282433192708,-1.0730053813808844,session_end,0.1,0.7000000000000001,99.3,0.33535704542394484,-3263.171990182962
2026-07-17,1,2026-07-17 12:45:00,2026-07-17 13:38:30,11,3969.941,3989.5895480572617,3940.1664425,3990.915871459696,3990.915871459696,-0.5250141104085142,tp,0.1,0.7000000000000001,195.78548057261906,0.6599106655829217,-3067.3865096103436
2026-07-17,-1,2026-07-17 15:05:00,2026-07-17 20:57:55,71,4012.425,4017.912,4042.5181875000003,3990.202703499082,3990.202703499082,0.5565706344051953,session_end,0.1,0.7000000000000001,-55.569999999996256,-0.18233362617368482,-3122.9565096103397
2026-07-20,-1,2026-07-20 02:50:00,2026-07-20 05:12:55,29,4025.027,4012.740704301074,4055.2147025000004,4004.3110098039215,4004.3110098039215,0.517092457238786,tp,0.1,0.7000000000000001,122.16295698926096,0.406996713278394,-3000.7935526210786
2026-07-20,-1,2026-07-20 11:35:00,2026-07-20 12:02:30,6,4036.68,4015.2572314814793,4066.9551,4014.7412086330914,4014.7412086330914,0.551960642425896,tp,0.1,0.7000000000000001,213.5276851852057,0.7076035593117896,-2787.2658674358736
2026-07-21,-1,2026-07-21 03:30:00,2026-07-21 06:41:40,39,4047.316,4077.67087,4077.67087,4026.9847936507936,4026.9847936507936,0.5064386232935664,sl,0.1,0.7000000000000001,-304.2487000000012,-1.0,-3091.5145674358755
2026-07-21,-1,2026-07-21 06:50:00,2026-07-21 12:43:40,71,4082.903,4052.1338991228054,4113.5247725,4041.075467479675,4041.075467479675,1.0359997692999152,tp,0.1,0.7000000000000001,306.99100877194434,1.0048112295653133,-2784.523558663932
2026-07-21,-1,2026-07-21 15:20:00,2026-07-21 23:59:55,92,4076.846,4080.922,4107.422345,4053.569728260868,4053.569728260868,0.5766835975746535,session_end,0.1,0.7000000000000001,-41.46000000000022,-0.1333056648857157,-2825.983558663933
2026-07-22,-1,2026-07-22 01:15:00,2026-07-22 06:25:55,63,4121.091,4121.682034632035,4151.999182500001,4097.177711111111,4097.177711111111,0.58599578982815,tp,0.1,0.7000000000000001,-6.610346320342797,-0.019122270681372934,-2832.5939049842764
2026-07-22,-1,2026-07-22 13:35:00,2026-07-22 20:46:35,87,4142.252,4128.846878179381,4173.3188900000005,4120.457619631899,4120.457619631899,0.5285427585600555,tp,0.1,0.7000000000000001,133.3512182061957,0.4314922356444287,-2699.2426867780814
2026-07-23,1,2026-07-23 07:40:00,2026-07-23 12:30:20,59,4100.985,4070.2276125,4070.2276125,4123.976789855074,4123.976789855074,-0.5612250270663278,sl,0.1,0.7000000000000001,-308.2738749999982,-1.0,-3007.5165617780804
2026-07-23,1,2026-07-23 12:40:00,2026-07-23 13:10:20,7,4073.152,4042.60336,4042.60336,4110.064769736843,4110.064769736843,-0.8978147986511176,sl,0.1,0.7000000000000001,-306.18639999999976,-1.0,-3313.702961778081
2026-07-23,1,2026-07-23 13:20:00,2026-07-23 23:59:55,116,4048.929,4046.985,4018.5620325000004,4107.443614583334,4107.443614583334,-1.4243558785716695,session_end,0.1,0.7000000000000001,-20.1399999999996,-0.06401692892120303,-3333.8429617780803
2026-07-24,-1,2026-07-24 10:30:00,2026-07-24 13:30:20,37,4062.088,4044.702248971195,4092.5536600000005,4041.36188888889,4041.36188888889,0.5089648409775347,tp,0.1,0.7000000000000001,173.15751028805317,0.5706671389625285,-3160.685451490028
2026-07-24,-1,2026-07-24 14:00:00,2026-07-24 19:15:45,64,4067.296,4050.7426522366527,4097.80072,4045.10065277778,4045.10065277778,0.5591294052643293,tp,0.1,0.7000000000000001,164.8334776334712,0.5426487364364244,-2995.8519738565574
2026-07-27,1,2026-07-27 14:00:00,2026-07-27 16:31:10,31,4074.294,4091.805582491585,4043.7367950000003,4094.670164682544,4094.670164682544,-0.5014607735599089,tp,0.1,0.7000000000000001,174.4158249158516,0.573075400436178,-2821.4361489407056
2026-07-28,1,2026-07-28 10:00:00,2026-07-28 15:20:40,65,4023.396,4040.426951086956,3993.2205300000005,4047.598061111111,4047.598061111111,-0.5922539923475019,tp,0.1,0.7000000000000001,169.60951086955612,0.5643972102822522,-2651.8266380711502
2026-07-28,1,2026-07-28 22:35:00,2026-07-28 23:59:55,17,4017.558,4025.178,3987.426315,4037.7329909909895,4037.7329909909895,-0.5001566729659601,session_end,0.1,0.7000000000000001,75.4999999999989,0.25288993961007933,-2576.326638071152
2026-07-29,1,2026-07-29 13:55:00,2026-07-29 16:55:15,37,4009.326,4026.23504761905,3979.2560550000003,4029.880606786428,4029.880606786428,-0.5136779176923442,tp,0.1,0.7000000000000001,168.39047619049944,0.562323862549469,-2407.9361618806524
2026-07-29,-1,2026-07-29 17:25:00,2026-07-29 18:00:05,8,4047.278,4077.632585,4077.632585,4026.6137719298267,4026.6137719298267,0.5127441875379674,sl,0.1,0.7000000000000001,-304.2458500000004,-1.0,-2712.1820118806536
2026-07-29,-1,2026-07-29 18:10:00,2026-07-29 18:54:00,9,4076.514,4107.087855000001,4107.087855000001,4027.545207951073,4027.545207951073,1.218677619112242,sl,0.1,0.7000000000000001,-306.4385500000055,-1.0,-3018.62056188066
2026-07-29,-1,2026-07-29 19:00:00,2026-07-29 23:59:55,48,4106.615,4084.914,4137.4146125,4029.852188596493,4029.852188596493,1.9070876004083213,session_end,0.1,0.7000000000000001,216.30999999999568,0.7045867866032273,-2802.310561880664
2026-07-30,1,2026-07-30 03:25:00,2026-07-30 08:20:45,60,4056.851,4058.250986666666,4026.4246175000003,4077.407536585365,4077.407536585365,-0.5037891454570574,tp,0.1,0.7000000000000001,13.299866666658819,0.04601226145322699,-2789.010695214005
2026-07-30,-1,2026-07-30 10:45:00,2026-07-30 13:59:10,39,4080.99,4111.597425,4111.597425,4060.524816537466,4060.524816537466,0.5149872099628185,sl,0.1,0.7000000000000001,-306.7742500000015,-1.0,-3095.784945214007
2026-07-30,-1,2026-07-30 14:05:00,2026-07-30 23:59:55,107,4107.697,4106.003,4138.504727500001,4065.25800986193,4065.25800986193,1.0434759622922565,session_end,0.1,0.7000000000000001,16.240000000004148,0.05498620435409871,-3079.5449452140037
2026-07-31,1,2026-07-31 08:25:00,2026-07-31 13:39:30,63,4060.475,4030.0214375,4030.0214375,4081.1544686468637,4081.1544686468637,-0.5151598354921969,sl,0.1,0.7000000000000001,-305.2356249999986,-1.0,-3384.780570214003
2026-07-31,1,2026-07-31 13:45:00,2026-07-31 20:57:55,87,4025.413,4043.897,3995.2224025,4069.9064282828285,4069.9064282828285,-1.0973084779659505,session_end,0.1,0.7000000000000001,184.13999999999925,0.6122435967025808,-3200.6405702140037
