session_date,side,entry_dt,exit_dt,bars_held,entry_price,exit_price,stop_price,target_at_entry,vwap_at_signal,dev_pct,exit_reason,lots,commission,pnl,r_multiple,equity
2024-01-02,-1,2024-01-02 05:55:00,2024-01-02 11:34:20,68,2074.661,2071.527576086956,2080.884983,2068.231302816901,2068.231302816901,0.3146261820056911,tp,0.1,0.7000000000000001,30.634239130442257,0.5034435204987378,10030.634239130442
2024-01-02,1,2024-01-02 15:35:00,2024-01-02 15:37:15,1,2064.19,2057.99743,2057.99743,2070.4661051693406,2070.4661051693406,-0.3045983295063431,sl,0.1,0.7000000000000001,-62.6257000000016,-1.0,9968.00853913044
2024-01-02,1,2024-01-02 15:45:00,2024-01-02 23:59:55,87,2058.973,2059.645,2052.796081,2070.345934744268,2070.345934744268,-0.553648284178366,session_end,0.1,0.7000000000000001,6.0200000000002545,0.10879210169342121,9974.02853913044
2024-01-03,1,2024-01-03 09:45:00,2024-01-03 11:41:45,24,2055.134,2048.968598,2048.968598,2062.8336566951566,2062.8336566951566,-0.37740108951049617,sl,0.1,0.7000000000000001,-62.35402000000086,-1.0,9911.67451913044
2024-01-03,1,2024-01-03 11:50:00,2024-01-03 12:06:35,4,2049.661,2043.512017,2043.512017,2061.290867370892,2061.290867370892,-0.5672109431991289,sl,0.1,0.7000000000000001,-62.18983000000044,-1.0,9849.48468913044
2024-01-03,1,2024-01-03 12:15:00,2024-01-03 13:47:45,19,2045.572,2039.435284,2039.435284,2060.7984331065763,2060.7984331065763,-0.7381329906994196,sl,0.1,0.7000000000000001,-62.06715999999979,-1.0,9787.41752913044
2024-01-03,1,2024-01-03 13:55:00,2024-01-03 14:17:15,5,2041.252,2035.128244,2035.128244,2058.831390219561,2058.831390219561,-0.85771425010562,sl,0.1,0.7000000000000001,-61.93755999999958,-1.0,9725.47996913044
2024-01-03,1,2024-01-03 14:25:00,2024-01-03 23:59:55,103,2036.066,2042.835,2029.9578020000001,2058.120132947977,2058.120132947977,-1.073364600750213,session_end,0.1,0.7000000000000001,66.99000000000005,1.1081828061238541,9792.46996913044
2024-01-04,1,2024-01-04 14:50:00,2024-01-04 15:13:45,5,2036.632,2044.9329816849818,2030.5221040000001,2045.0457331460677,2045.0457331460677,-0.4130094994537916,tp,0.1,0.7000000000000001,82.30981684981707,1.3586125991312774,9874.779785980258
2024-01-05,1,2024-01-05 10:10:00,2024-01-05 13:30:05,41,2037.855,2031.741435,2031.741435,2044.3752909836053,2044.3752909836053,-0.31800868520951986,sl,0.1,0.7000000000000001,-61.83565000000108,-1.0,9812.944135980257
2024-01-05,1,2024-01-05 13:40:00,2024-01-05 14:01:05,5,2027.309,2042.7838035714276,2021.227073,2042.9578821138205,2042.9578821138205,-0.7659424724718195,tp,0.1,0.7000000000000001,154.0480357142763,2.5443915343653014,9966.992171694532
2024-01-05,-1,2024-01-05 15:05:00,2024-01-05 15:24:45,4,2057.496,2063.668488,2063.668488,2042.9595681399626,2042.9595681399626,0.7116847580725649,sl,0.1,0.7000000000000001,-62.42487999999703,-1.0,9904.567291694535
2024-01-05,-1,2024-01-05 15:30:00,2024-01-05 16:58:55,18,2059.757,2044.3516059113292,2065.936271,2043.4303817204293,2043.4303817204293,0.8030671573824184,tp,0.1,0.7000000000000001,153.35394088670847,2.493076301180336,10057.921232581244
2024-01-08,1,2024-01-08 03:50:00,2024-01-08 05:35:15,22,2036.171,2030.0624870000001,2030.0624870000001,2043.37193115942,2043.37193115942,-0.3557076931802579,sl,0.1,0.7000000000000001,-61.78512999999903,-1.0,9996.136102581246
2024-01-08,1,2024-01-08 05:45:00,2024-01-08 11:18:30,67,2029.511,2023.4224669999999,2023.4224669999999,2040.6973115942028,2040.6973115942028,-0.5477692125477562,sl,0.1,0.7000000000000001,-61.58533000000098,-1.0,9934.550772581244
2024-01-08,1,2024-01-08 11:25:00,2024-01-08 15:31:25,50,2020.827,2031.7868808243738,2014.764519,2035.1823454987837,2035.1823454987837,-0.7049415267636566,tp,0.1,0.7000000000000001,108.8988082437384,1.8078210594596436,10043.449580824983
2024-01-09,1,2024-01-09 16:05:00,2024-01-09 23:59:55,83,2027.765,2030.569,2021.6817050000002,2034.4588791019012,2034.4588791019012,-0.3300326770362239,session_end,0.1,0.7000000000000001,27.3399999999986,0.4609344113675077,10070.789580824981
2024-01-10,-1,2024-01-10 10:05:00,2024-01-10 12:56:55,35,2039.052,2031.4372591397848,2045.1691559999997,2030.4679132231402,2030.4679132231402,0.42180360108545367,tp,0.1,0.7000000000000001,75.44740860215079,1.2448171765139444,10146.236989427132
2024-01-10,1,2024-01-10 15:05:00,2024-01-10 23:59:55,95,2025.11,2026.527,2019.03467,2031.3148591160223,2031.3148591160223,-0.3045741081574362,session_end,0.1,0.7000000000000001,13.470000000001438,0.23323835906858859,10159.706989427134
2024-01-11,-1,2024-01-11 13:25:00,2024-01-11 13:30:00,2,2038.916,2045.0327479999996,2045.0327479999996,2031.7458146997928,2031.7458146997928,0.35620525204706555,sl,0.1,0.7000000000000001,-61.86747999999689,-1.0,10097.839509427136
2024-01-11,1,2024-01-11 16:25:00,2024-01-11 21:11:10,58,2019.282,2028.80144160105,2013.224154,2031.3354297800342,2031.3354297800342,-0.5929316056550322,tp,0.1,0.7000000000000001,94.49441601050175,1.5714235061522348,10192.333925437639
2024-01-12,-1,2024-01-12 10:45:00,2024-01-12 12:03:20,16,2042.258,2048.3847739999997,2048.3847739999997,2035.5500878552964,2035.5500878552964,0.3306925329357053,sl,0.1,0.7000000000000001,-61.96773999999614,-1.0,10130.366185437642
2024-01-12,-1,2024-01-12 12:10:00,2024-01-12 14:02:10,23,2051.531,2057.6855929999997,2057.6855929999997,2036.7432020547938,2036.7432020547938,0.7253147048829033,sl,0.1,0.7000000000000001,-62.2459299999975,-1.0,10068.120255437645
2024-01-12,-1,2024-01-12 14:10:00,2024-01-12 17:46:20,44,2056.242,2041.585302034429,2062.410726,2038.6887303921562,2038.6887303921562,0.8602720634292229,tp,0.1,0.7000000000000001,145.86697965571085,2.375968387244201,10213.987235093355
2024-01-12,-1,2024-01-12 19:10:00,2024-01-12 21:57:55,34,2048.608,2049.164,2054.753824,2041.9170847826092,2041.9170847826092,0.32922077333550065,session_end,0.1,0.7000000000000001,-6.2600000000004,-0.09046793399877141,10207.727235093354
2024-01-15,-1,2024-01-15 03:00:00,2024-01-15 07:32:10,55,2056.35,2053.3076370370372,2062.51905,2050.217351851852,2050.217351851852,0.30307265434737984,tp,0.1,0.7000000000000001,29.723629629626704,0.49316555433376047,10237.450864722981
2024-01-16,1,2024-01-16 08:40:00,2024-01-16 12:12:50,43,2043.435,2037.304695,2037.304695,2050.0979695512824,2050.0979695512824,-0.32893401444412296,sl,0.1,0.7000000000000001,-62.00304999999908,-1.0,10175.447814722982
2024-01-16,1,2024-01-16 12:20:00,2024-01-16 13:14:50,11,2037.957,2031.843129,2031.843129,2047.233518018018,2047.233518018018,-0.45637285320842425,sl,0.1,0.7000000000000001,-61.83871000000018,-1.0,10113.609104722982
2024-01-16,1,2024-01-16 13:20:00,2024-01-16 17:07:35,46,2033.088,2026.988736,2026.988736,2046.4944250000003,2046.4944250000003,-0.6589035784937614,sl,0.1,0.7000000000000001,-61.692639999999486,-1.0,10051.916464722983
2024-01-16,1,2024-01-16 17:15:00,2024-01-16 23:59:55,69,2026.692,2027.998,2020.611924,2044.508032206119,2044.508032206119,-0.870797860691605,session_end,0.1,0.7000000000000001,12.360000000000401,0.214799946579623,10064.276464722983
2024-01-17,1,2024-01-17 05:20:00,2024-01-17 07:44:45,29,2020.039,2024.8023949275373,2013.978883,2027.1118802083338,2027.1118802083338,-0.3505667485705552,tp,0.1,0.7000000000000001,46.933949275373195,0.7860235912173522,10111.210413998357
2024-01-17,1,2024-01-17 14:55:00,2024-01-17 14:59:25,1,2017.695,2011.641915,2011.641915,2024.3901294227196,2024.3901294227196,-0.33311906261085067,sl,0.1,0.7000000000000001,-61.2308500000001,-1.0,10049.979563998357
2024-01-17,1,2024-01-17 15:05:00,2024-01-17 15:32:10,6,2013.005,2006.965985,2006.965985,2024.2661215469623,2024.2661215469623,-0.5599620240791179,sl,0.1,0.7000000000000001,-61.090150000000634,-1.0,9988.889413998355
2024-01-17,1,2024-01-17 15:40:00,2024-01-17 17:30:05,23,2009.644,2003.615068,2003.615068,2023.7469317375894,2023.7469317375894,-0.6988982424519539,sl,0.1,0.7000000000000001,-60.98931999999941,-1.0,9927.900093998356
2024-01-17,1,2024-01-17 17:40:00,2024-01-17 23:59:55,64,2005.477,2009.416,1999.460569,2021.9355275157232,2021.9355275157232,-0.8134545979283305,session_end,0.1,0.7000000000000001,38.689999999998506,0.6547070846486636,9966.590093998355
2024-01-18,-1,2024-01-18 12:30:00,2024-01-18 13:30:00,13,2016.671,2010.7157088477359,2022.7210129999999,2010.427139999999,2010.427139999999,0.3138318158598317,tp,0.1,0.7000000000000001,58.852911522641804,0.9843435298840465,10025.443005520996
2024-01-18,-1,2024-01-18 18:25:00,2024-01-18 23:01:00,44,2017.518,2023.570554,2023.570554,2011.5045279034678,2011.5045279034678,0.30203621280755716,sl,0.1,0.7000000000000001,-61.22553999999873,-1.0,9964.217465520998
2024-01-19,-1,2024-01-19 07:50:00,2024-01-19 13:12:25,65,2029.24,2035.3277199999998,2035.3277199999998,2023.0855851063843,2023.0855851063843,0.30364088098094966,sl,0.1,0.7000000000000001,-61.57719999999763,-1.0,9902.640265521
2024-01-19,-1,2024-01-19 13:20:00,2024-01-19 14:46:35,18,2037.407,2026.9241854990591,2043.5192209999998,2026.1640989583334,2026.1640989583334,0.5584395186689826,tp,0.1,0.7000000000000001,104.12814500940776,1.7150581598638222,10006.768410530409
2024-01-22,1,2024-01-22 06:15:00,2024-01-22 08:28:00,27,2020.841,2026.037792079208,2014.7784769999998,2027.271942222222,2027.271942222222,-0.3206990678860378,tp,0.1,0.7000000000000001,51.2679207920808,0.8571995651328717,10058.03633132249
2024-01-22,1,2024-01-22 14:45:00,2024-01-22 15:15:25,7,2018.385,2025.1060364298721,2012.329845,2025.18631638418,2025.18631638418,-0.33931773726622266,tp,0.1,0.7000000000000001,66.51036429872129,1.1099693451071218,10124.54669562121
2024-01-23,-1,2024-01-23 05:45:00,2024-01-23 07:05:35,17,2030.616,2036.7078479999998,2036.7078479999998,2024.204200483092,2024.204200483092,0.318288022293907,sl,0.1,0.7000000000000001,-61.618479999998,-1.0,10062.928215621212
2024-01-23,-1,2024-01-23 07:15:00,2024-01-23 10:05:40,35,2033.885,2026.8616198347117,2039.9866549999997,2025.7196800766292,2025.7196800766292,0.40666139567046045,tp,0.1,0.7000000000000001,69.53380165288245,1.151061501394061,10132.462017274094
2024-01-24,-1,2024-01-24 09:40:00,2024-01-24 14:39:25,60,2033.364,2028.93736952381,2039.4640919999997,2027.0471594827588,2027.0471594827588,0.31278702557956595,tp,0.1,0.7000000000000001,43.56630476189984,0.725666182770722,10176.028322035994
2024-01-24,1,2024-01-24 15:05:00,2024-01-24 15:37:50,7,2021.59,2015.52523,2015.52523,2028.8395451197057,2028.8395451197057,-0.35577210317437113,sl,0.1,0.7000000000000001,-61.347699999999534,-1.0,10114.680622035996
2024-01-24,1,2024-01-24 15:45:00,2024-01-24 16:07:30,5,2018.352,2012.2969440000002,2012.2969440000002,2028.4974338624343,2028.4974338624343,-0.5007121869064711,sl,0.1,0.7000000000000001,-61.250559999999226,-1.0,10053.430062035995
2024-01-24,1,2024-01-24 16:15:00,2024-01-24 23:58:55,81,2013.721,2016.27,2007.679837,2028.0822341880344,2028.0822341880344,-0.7070341599720831,session_end,0.1,0.7000000000000001,24.789999999999782,0.42193862340743615,10078.220062035996
2024-01-25,-1,2024-01-25 14:15:00,2024-01-25 16:25:10,27,2022.873,2016.8790177664973,2028.9416189999997,2016.1994064327487,2016.1994064327487,0.3304531062748153,tp,0.1,0.7000000000000001,59.2398223350272,0.9877011942095961,10137.459884371023
2024-01-29,-1,2024-01-29 07:15:00,2024-01-29 10:41:45,42,2031.051,2026.7581276041662,2037.1441529999997,2024.886153256705,2024.886153256705,0.30326874098173107,tp,0.1,0.7000000000000001,42.22872395833683,0.7045403908015805,10179.68860832936
2024-01-29,-1,2024-01-29 13:45:00,2024-01-29 14:38:40,11,2035.192,2027.6348038095239,2041.2975759999997,2027.184665656566,2027.184665656566,0.39746425078764624,tp,0.1,0.7000000000000001,74.87196190476133,1.2377531932247676,10254.560570234122
2024-01-29,-1,2024-01-29 20:20:00,2024-01-29 23:59:55,32,2034.193,2031.162,2040.2955789999999,2027.3542226775967,2027.3542226775967,0.33917493280092426,session_end,0.1,0.7000000000000001,29.60999999999949,0.49667525811628327,10284.17057023412
2024-01-30,-1,2024-01-30 14:10:00,2024-01-30 14:25:00,4,2040.777,2046.8993309999998,2046.8993309999998,2034.354208823529,2034.354208823529,0.3150528629022534,sl,0.1,0.7000000000000001,-61.92330999999804,-1.0,10222.247260234122
2024-01-30,-1,2024-01-30 14:35:00,2024-01-30 15:15:00,9,2047.345,2035.0916129326042,2053.4870349999997,2034.6729599999996,2034.6729599999996,0.6218955207425806,tp,0.1,0.7000000000000001,121.83387067395806,1.995004435402364,10344.08113090808
2024-01-31,-1,2024-01-31 14:15:00,2024-01-31 14:42:35,6,2044.234,2050.366702,2050.366702,2036.612443469786,2036.612443469786,0.3780324801068704,sl,0.1,0.7000000000000001,-62.027019999998814,-1.0,10282.054110908082
2024-01-31,-1,2024-01-31 14:50:00,2024-01-31 19:00:10,51,2051.704,2039.9310482456146,2057.859112,2036.998310861424,2036.998310861424,0.7211193578439501,tp,0.1,0.7000000000000001,117.0295175438553,1.9127112153906687,10399.083628451937
2024-01-31,-1,2024-01-31 19:40:00,2024-01-31 20:02:00,5,2047.304,2040.20454513889,2053.4459119999997,2040.0786779661025,2040.0786779661025,0.3540952666148843,tp,0.1,0.7000000000000001,70.29454861110189,1.1559030577303386,10469.37817706304
2024-01-31,1,2024-01-31 20:30:00,2024-01-31 21:22:55,11,2033.697,2039.8857044270842,2027.595909,2040.097508807589,2040.097508807589,-0.3177303427706175,tp,0.1,0.7000000000000001,61.18704427084303,1.0143602885261516,10530.565221333882
2024-02-01,1,2024-02-01 10:40:00,2024-02-01 13:40:30,37,2035.556,2040.9780182926834,2029.4493320000001,2043.1974361979162,2043.1974361979162,-0.3761719773992331,tp,0.1,0.7000000000000001,53.52018292683333,0.8878848977352989,10584.085404260715
2024-02-01,-1,2024-02-01 14:25:00,2024-02-01 15:00:00,8,2047.187,2041.3619157407413,2053.328561,2041.0775838150294,2041.0775838150294,0.3023851829010075,tp,0.1,0.7000000000000001,57.55084259258574,0.9484696576747603,10641.6362468533
2024-02-01,-1,2024-02-01 15:10:00,2024-02-01 16:01:50,11,2048.037,2054.1811109999994,2054.1811109999994,2041.4152976190483,2041.4152976190483,0.3286054723297031,sl,0.1,0.7000000000000001,-62.14110999999612,-1.0,10579.495136853304
2024-02-01,-1,2024-02-01 16:10:00,2024-02-01 16:43:10,7,2055.923,2062.0907689999995,2062.0907689999995,2041.9724089347085,2041.9724089347085,0.6844162538210989,sl,0.1,0.7000000000000001,-62.377689999996804,-1.0,10517.117446853308
2024-02-01,-1,2024-02-01 16:50:00,2024-02-01 23:59:55,74,2063.208,2055.058,2069.3976239999997,2042.7017219471952,2042.7017219471952,1.0070377790251157,session_end,0.1,0.7000000000000001,80.8000000000009,1.3167197232013714,10597.91744685331
2024-02-02,1,2024-02-02 13:35:00,2024-02-02 13:40:20,2,2041.53,2035.40541,2035.40541,2054.885921267894,2054.885921267894,-0.649545608821843,sl,0.1,0.7000000000000001,-61.945899999998986,-1.0,10535.97154685331
2024-02-02,1,2024-02-02 13:50:00,2024-02-02 14:03:25,3,2034.036,2027.933892,2027.933892,2054.563336345382,2054.563336345382,-0.9987930759965858,sl,0.1,0.7000000000000001,-61.72108000000044,-1.0,10474.25046685331
2024-02-02,1,2024-02-02 14:10:00,2024-02-02 21:57:55,94,2031.359,2039.675,2025.264923,2054.017451960785,2054.017451960785,-1.1049785355581445,session_end,0.1,0.7000000000000001,82.4600000000003,1.3646036963431987,10556.71046685331
2024-02-05,1,2024-02-05 08:05:00,2024-02-05 13:21:25,64,2026.558,2020.478326,2020.478326,2032.7712199312716,2032.7712199312716,-0.3091946535667819,sl,0.1,0.7000000000000001,-61.496740000000685,-1.0,10495.21372685331
2024-02-05,1,2024-02-05 13:30:00,2024-02-05 18:33:00,61,2017.392,2026.88235135135,2011.3398240000001,2029.2372767489703,2029.2372767489703,-0.5821042656921197,tp,0.1,0.7000000000000001,94.2035135135,1.568089122218212,10589.417240366809
2024-02-06,-1,2024-02-06 15:10:00,2024-02-06 23:58:50,94,2034.27,2035.501,2040.3728099999998,2026.5112234432231,2026.5112234432231,0.3817041064117044,session_end,0.1,0.7000000000000001,-13.009999999999945,-0.20171035965399908,10576.407240366809
2024-02-07,-1,2024-02-07 14:50:00,2024-02-07 17:27:55,32,2044.151,2035.152850877193,2050.283453,2034.4603183520599,2034.4603183520599,0.47625316456348965,tp,0.1,0.7000000000000001,89.28149122807035,1.4673001363087694,10665.688731594879
2024-02-08,1,2024-02-08 12:05:00,2024-02-08 13:49:35,21,2027.74,2021.65678,2021.65678,2034.0514793103441,2034.0514793103441,-0.31011896082801377,sl,0.1,0.7000000000000001,-61.53219999999983,-1.0,10604.15653159488
2024-02-08,1,2024-02-08 13:55:00,2024-02-08 14:33:50,8,2022.635,2032.498665708812,2016.5670949999999,2032.8822984031933,2032.8822984031933,-0.5032164632073665,tp,0.1,0.7000000000000001,97.9366570881205,1.625547154876662,10702.093188683
2024-02-09,1,2024-02-09 13:15:00,2024-02-09 13:31:15,4,2026.601,2032.8623117283953,2020.521197,2032.9773647798747,2032.9773647798747,-0.31283500200522524,tp,0.1,0.7000000000000001,61.91311728395185,1.0298543765965935,10764.006305966952
2024-02-09,1,2024-02-09 14:05:00,2024-02-09 21:56:55,95,2025.964,2024.252,2019.886108,2032.6974151873767,2032.6974151873767,-0.3316733290948365,session_end,0.1,0.7000000000000001,-17.81999999999989,-0.28167660761329477,10746.186305966952
2024-02-12,1,2024-02-12 14:25:00,2024-02-12 18:50:50,54,2015.43,2021.5553797935113,2009.38371,2023.1336310211962,2023.1336310211962,-0.3805547445380609,tp,0.1,0.7000000000000001,60.553797935112286,1.0130807145392018,10806.740103902064
2024-02-13,-1,2024-02-13 11:25:00,2024-02-13 13:30:00,26,2028.948,2023.0985555555549,2035.0348439999998,2022.144564476886,2022.144564476886,0.3372130580029949,tp,0.1,0.7000000000000001,57.79444444445225,0.9609979234633766,10864.534548346517
2024-02-13,1,2024-02-13 13:40:00,2024-02-13 13:47:25,2,2015.586,2009.539242,2009.539242,2023.0386585365848,2023.0386585365848,-0.3674748628858397,sl,0.1,0.7000000000000001,-61.167579999999546,-1.0,10803.366968346516
2024-02-13,1,2024-02-13 13:55:00,2024-02-13 14:30:40,8,2006.155,2000.1365349999999,2000.1365349999999,2022.7957125748496,2022.7957125748496,-0.826762310740793,sl,0.1,0.7000000000000001,-60.88465000000106,-1.0,10742.482318346516
2024-02-13,1,2024-02-13 14:40:00,2024-02-13 15:05:20,6,1997.652,1991.659044,1991.659044,2021.722390151515,2021.722390151515,-1.1905141016769962,sl,0.1,0.7000000000000001,-60.629560000000495,-1.0,10681.852758346515
2024-02-13,1,2024-02-13 15:15:00,2024-02-13 23:58:55,93,1991.164,1991.361,1985.190508,2020.6717950819668,2020.6717950819668,-1.4604942353228543,session_end,0.1,0.7000000000000001,1.270000000001164,0.03297903470869532,10683.122758346515
2024-02-15,-1,2024-02-15 13:40:00,2024-02-15 14:32:35,11,2002.065,2008.0711949999998,2008.0711949999998,1994.3419024390232,1994.3419024390232,0.3914122022623247,sl,0.1,0.7000000000000001,-60.76194999999707,-1.0,10622.360808346519
2024-02-15,-1,2024-02-15 14:40:00,2024-02-15 23:58:55,100,2006.24,2003.589,2012.2587199999998,1994.9696998106047,1994.9696998106047,0.5681439768469403,session_end,0.1,0.7000000000000001,25.810000000000674,0.4404591009384311,10648.17080834652
2024-02-16,1,2024-02-16 13:35:00,2024-02-16 15:13:00,20,1998.87,2004.3213644688635,1992.87339,2004.9279376278114,2004.9279376278114,-0.30142916931776315,tp,0.1,0.7000000000000001,53.8136446886363,0.9090743718307017,10701.984453035157
2024-02-16,-1,2024-02-16 16:20:00,2024-02-16 21:56:55,68,2010.558,2013.4,2016.5896739999998,2004.5587363945565,2004.5587363945565,0.30165060747082284,session_end,0.1,0.7000000000000001,-29.12000000000098,-0.471179311083486,10672.864453035156
2024-02-20,-1,2024-02-20 10:25:00,2024-02-20 23:58:50,151,2025.678,2024.559,2031.7550339999998,2019.4837519999996,2019.4837519999996,0.3099677327832446,session_end,0.1,0.7000000000000001,10.49000000000142,0.18413587944385368,10683.354453035156
2024-02-22,1,2024-02-22 15:20:00,2024-02-22 23:58:55,92,2021.043,2024.846,2014.9798709999998,2028.351105072463,2028.351105072463,-0.35965691808580563,session_end,0.1,0.7000000000000001,37.33000000000111,0.6272338919393002,10720.684453035157
2024-02-23,1,2024-02-23 06:35:00,2024-02-23 10:52:40,52,2018.521,2023.036166666666,2012.465437,2025.1541329113927,2025.1541329113927,-0.3291913836606945,tp,0.1,0.7000000000000001,44.45166666666118,0.7456229365735603,10765.136119701818
2024-02-23,-1,2024-02-23 16:00:00,2024-02-23 16:33:30,7,2030.157,2036.2474709999997,2036.2474709999997,2023.903111979165,2023.903111979165,0.3080625739409937,sl,0.1,0.7000000000000001,-61.604709999997525,-1.0,10703.53140970182
2024-02-23,-1,2024-02-23 16:40:00,2024-02-23 21:56:55,64,2036.678,2035.655,2042.788034,2024.3042599999983,2024.3042599999983,0.6145192818001508,session_end,0.1,0.7000000000000001,9.530000000001383,0.16742951021224586,10713.061409701822
2024-02-26,1,2024-02-26 15:20:00,2024-02-26 20:08:35,58,2025.752,2031.527125864454,2019.674744,2032.4963605072467,2032.4963605072467,-0.33096543924772254,tp,0.1,0.7000000000000001,57.05125864454139,0.9502851063792783,10770.112668346363
2024-02-28,-1,2024-02-28 14:00:00,2024-02-28 23:58:50,108,2035.841,2034.735,2041.9485229999996,2029.7660079365087,2029.7660079365087,0.3012658621526413,session_end,0.1,0.7000000000000001,10.359999999999946,0.18108814326201533,10780.472668346363
2024-02-29,1,2024-02-29 12:25:00,2024-02-29 13:30:05,14,2028.756,2034.6919279835413,2022.669732,2035.0475268456398,2035.0475268456398,-0.31073116289530806,tp,0.1,0.7000000000000001,58.65927983541205,0.9752984889165557,10839.131948181775
2024-02-29,-1,2024-02-29 13:40:00,2024-02-29 13:51:10,3,2041.014,2047.1370419999996,2047.1370419999996,2034.7392621951242,2034.7392621951242,0.3088473261235568,sl,0.1,0.7000000000000001,-61.93041999999714,-1.0,10777.201528181778
2024-02-29,-1,2024-02-29 14:00:00,2024-02-29 23:58:55,108,2047.633,2044.413,2053.7758989999998,2035.0068621031764,2035.0068621031764,0.6203978046430544,session_end,0.1,0.7000000000000001,31.500000000000274,0.5241824747566542,10808.701528181778
2024-03-01,-1,2024-03-01 10:35:00,2024-03-01 14:45:00,51,2052.078,2047.6885922787185,2058.2342339999996,2045.2676351706027,2045.2676351706027,0.3328349166797076,tp,0.1,0.7000000000000001,43.19407721281486,0.7130020920715135,10851.895605394593
2024-03-01,-1,2024-03-01 15:15:00,2024-03-01 15:24:00,2,2055.665,2061.8319949999996,2061.8319949999996,2047.7575264116567,2047.7575264116567,0.3878620142229882,sl,0.1,0.7000000000000001,-62.36994999999588,-1.0,10789.525655394598
2024-03-01,-1,2024-03-01 15:30:00,2024-03-01 15:52:55,5,2063.717,2069.908151,2069.908151,2047.9640367383506,2047.9640367383506,0.7699336013127404,sl,0.1,0.7000000000000001,-62.61150999999991,-1.0,10726.914145394598
2024-03-01,-1,2024-03-01 16:00:00,2024-03-01 16:21:05,5,2069.279,2075.486837,2075.486837,2048.54896875,2048.54896875,1.01208375129306,sl,0.1,0.7000000000000001,-62.77836999999927,-1.0,10664.135775394598
2024-03-01,-1,2024-03-01 16:30:00,2024-03-01 16:53:40,5,2074.22,2080.4426599999997,2080.4426599999997,2049.301955387205,2049.301955387205,1.2155868268855443,sl,0.1,0.7000000000000001,-62.926599999999056,-1.0,10601.209175394599
2024-03-01,-1,2024-03-01 17:00:00,2024-03-01 18:19:05,16,2081.074,2087.3172219999997,2087.3172219999997,2050.158232026143,2050.158232026143,1.5118719857649283,sl,0.1,0.7000000000000001,-63.13221999999605,-1.0,10538.076955394603
2024-03-01,-1,2024-03-01 18:25:00,2024-03-01 21:56:55,43,2085.892,2083.446,2092.1496759999995,2052.782970588235,2052.782970588235,1.616660401379664,session_end,0.1,0.7000000000000001,23.759999999999128,0.3908799368967045,10561.836955394601
2024-03-04,-1,2024-03-04 14:00:00,2024-03-04 14:31:55,7,2091.691,2097.9660729999996,2097.9660729999996,2082.9972341269836,2082.9972341269836,0.41671999034863005,sl,0.1,0.7000000000000001,-63.45072999999793,-1.0,10498.386225394604
2024-03-04,-1,2024-03-04 14:40:00,2024-03-04 15:23:50,9,2096.109,2102.3973269999997,2102.3973269999997,2083.5148039772725,2083.5148039772725,0.6050927019410233,sl,0.1,0.7000000000000001,-63.58326999999754,-1.0,10434.802955394607
2024-03-04,-1,2024-03-04 15:30:00,2024-03-04 15:57:50,6,2101.079,2107.382237,2107.382237,2084.3835582437273,2084.3835582437273,0.8047915025009622,sl,0.1,0.7000000000000001,-63.732369999996266,-1.0,10371.070585394611
2024-03-04,-1,2024-03-04 16:05:00,2024-03-04 16:13:40,2,2108.813,2115.139439,2115.139439,2085.1183583765114,2085.1183583765114,1.136393122639714,sl,0.1,0.7000000000000001,-63.96438999999937,-1.0,10307.106195394612
2024-03-04,-1,2024-03-04 16:20:00,2024-03-04 23:58:55,80,2115.017,2114.911,2121.3620509999996,2085.537917517007,2085.537917517007,1.4145550764244148,session_end,0.1,0.7000000000000001,0.3599999999976716,0.01670593349049058,10307.466195394609
2024-03-05,-1,2024-03-05 08:35:00,2024-03-05 13:09:50,55,2121.309,2127.672927,2127.672927,2114.954733009709,2114.954733009709,0.30524374302347923,sl,0.1,0.7000000000000001,-64.33926999999876,-1.0,10243.12692539461
2024-03-05,-1,2024-03-05 13:15:00,2024-03-05 13:30:25,4,2127.24,2133.6217199999996,2133.6217199999996,2118.1960471698117,2118.1960471698117,0.42543053756656773,sl,0.1,0.7000000000000001,-64.5171999999986,-1.0,10178.609725394612
2024-03-05,-1,2024-03-05 13:40:00,2024-03-05 15:00:45,17,2131.097,2137.490291,2137.490291,2118.6085406504067,2118.6085406504067,0.5922736130262742,sl,0.1,0.7000000000000001,-64.63290999999863,-1.0,10113.976815394613
2024-03-05,-1,2024-03-05 15:10:00,2024-03-05 23:58:50,94,2132.476,2128.594,2138.873428,2119.6664624542127,2119.6664624542127,0.6034221785524648,session_end,0.1,0.7000000000000001,38.120000000000616,0.6068063603060802,10152.096815394614
2024-03-06,-1,2024-03-06 12:35:00,2024-03-06 14:00:20,18,2133.519,2139.9195569999997,2139.9195569999997,2127.0068730684316,2127.0068730684316,0.3071511904493134,sl,0.1,0.7000000000000001,-64.70556999999935,-1.0,10087.391245394614
2024-03-06,-1,2024-03-06 14:10:00,2024-03-06 14:33:50,5,2137.572,2143.984716,2143.984716,2127.9222382352923,2127.9222382352923,0.45296588341035315,sl,0.1,0.7000000000000001,-64.82715999999819,-1.0,10022.564085394615
2024-03-06,-1,2024-03-06 14:40:00,2024-03-06 18:29:45,46,2143.811,2150.242433,2150.242433,2128.336804924241,2128.336804924241,0.7317072673708411,sl,0.1,0.7000000000000001,-65.01432999999743,-1.0,9957.549755394619
2024-03-06,-1,2024-03-06 18:35:00,2024-03-06 23:58:55,53,2148.669,2147.773,2155.1150069999994,2131.6830381165905,2131.6830381165905,0.8006331888106909,session_end,0.1,0.7000000000000001,8.259999999997309,0.1390007798626022,9965.809755394615
2024-03-07,-1,2024-03-07 04:05:00,2024-03-07 11:21:20,88,2157.234,2153.5333860294136,2163.7057019999997,2148.5886768707483,2148.5886768707483,0.4018602174626982,tp,0.1,0.7000000000000001,36.30613970586346,0.5718146432864875,10002.11589510048
2024-03-07,-1,2024-03-07 13:25:00,2024-03-07 14:11:40,10,2160.758,2154.326598039218,2167.2402739999998,2154.0216977225696,2154.0216977225696,0.31226715517964115,tp,0.1,0.7000000000000001,63.614019607818406,0.9921521306846763,10065.729914708298
2024-03-08,-1,2024-03-08 08:30:00,2024-03-08 13:30:00,61,2166.249,2162.070908436213,2172.7477469999994,2158.93602614379,2158.93602614379,0.33738720221462765,tp,0.1,0.7000000000000001,41.08091563786893,0.6429072502417966,10106.810830346167
2024-03-08,-1,2024-03-08 13:40:00,2024-03-08 17:04:25,41,2180.178,2186.7185339999996,2186.7185339999996,2162.2374044715434,2162.2374044715434,0.8285905835966806,sl,0.1,0.7000000000000001,-66.10533999999753,-1.0,10040.705490346169
2024-03-08,-1,2024-03-08 17:10:00,2024-03-08 21:56:55,58,2191.044,2178.633,2197.617132,2164.605271035597,2164.605271035597,1.2203485465858062,session_end,0.1,0.7000000000000001,123.41000000000058,1.8881409957992754,10164.11549034617
2024-03-12,1,2024-03-12 11:20:00,2024-03-12 12:30:00,15,2171.204,2164.690388,2164.690388,2178.235245098039,2178.235245098039,-0.32564182927449375,sl,0.1,0.7000000000000001,-65.83612000000194,-1.0,10098.279370346167
2024-03-12,1,2024-03-12 13:00:00,2024-03-12 13:04:00,1,2169.838,2163.3284860000003,2163.3284860000003,2177.537074786325,2177.537074786325,-0.3534302527124671,sl,0.1,0.7000000000000001,-65.79513999999854,-1.0,10032.484230346168
2024-03-12,1,2024-03-12 13:10:00,2024-03-12 13:38:55,6,2163.181,2156.691457,2156.691457,2177.3656402953584,2177.3656402953584,-0.6544211055624729,sl,0.1,0.7000000000000001,-65.5954300000014,-1.0,9966.888800346167
2024-03-12,1,2024-03-12 13:45:00,2024-03-12 19:01:30,64,2158.509,2152.033473,2152.033473,2176.727929292929,2176.727929292929,-0.8354020292667417,sl,0.1,0.7000000000000001,-65.45527000000057,-1.0,9901.433530346167
2024-03-12,1,2024-03-12 19:10:00,2024-03-12 23:58:55,46,2154.21,2156.984,2147.74737,2171.990684057971,2171.990684057971,-0.8195331678271516,session_end,0.1,0.7000000000000001,27.039999999998873,0.4292370134140267,9928.473530346166
2024-03-13,-1,2024-03-13 13:40:00,2024-03-13 17:01:50,41,2169.439,2175.9473169999997,2175.9473169999997,2160.223115853659,2160.223115853659,0.426570944395244,sl,0.1,0.7000000000000001,-65.78316999999807,-1.0,9862.690360346167
2024-03-13,-1,2024-03-13 17:10:00,2024-03-13 23:58:55,70,2176.401,2175.493,2182.9302029999994,2162.2728446601946,2162.2728446601946,0.6541336989332698,session_end,0.1,0.7000000000000001,8.379999999999018,0.13906750946477814,9871.070360346166
2024-03-14,1,2024-03-14 12:35:00,2024-03-14 14:22:50,22,2164.616,2158.122152,2158.122152,2171.0628068432675,2171.0628068432675,-0.3005351490846348,sl,0.1,0.7000000000000001,-65.63848000000071,-1.0,9805.431880346167
2024-03-14,1,2024-03-14 14:30:00,2024-03-14 15:40:40,15,2162.141,2155.6545770000002,2155.6545770000002,2170.029661877395,2170.029661877395,-0.3670070514383983,sl,0.1,0.7000000000000001,-65.56422999999832,-1.0,9739.867650346168
2024-03-14,1,2024-03-14 15:50:00,2024-03-14 23:58:55,86,2154.954,2161.689,2148.4891380000004,2169.147578070176,2169.147578070176,-0.6579348595024136,session_end,0.1,0.7000000000000001,66.64999999999672,1.0417855787176693,9806.517650346164
2024-03-15,1,2024-03-15 12:45:00,2024-03-15 14:53:30,26,2158.859,2165.1690355805245,2152.382423,2165.884624183007,2165.884624183007,-0.32839349352184355,tp,0.1,0.7000000000000001,62.40035580524527,0.9742855802570738,9868.918006151409
2024-03-15,1,2024-03-15 15:50:00,2024-03-15 20:56:55,62,2158.501,2155.766,2152.025497,2164.9801719298243,2164.9801719298243,-0.3010499594559571,session_end,0.1,0.7000000000000001,-28.050000000001273,-0.42236101195537673,9840.868006151408
2024-03-18,-1,2024-03-18 10:55:00,2024-03-18 23:58:55,145,2158.141,2161.781,2164.6154229999997,2151.107838422392,2151.107838422392,0.3288613174686748,session_end,0.1,0.7000000000000001,-37.09999999999873,-0.5622122620038981,9803.76800615141
2024-03-19,1,2024-03-19 08:15:00,2024-03-19 12:42:40,54,2152.516,2157.3494484649136,2146.058452,2159.3516582491584,2159.3516582491584,-0.31957084075659764,tp,0.1,0.7000000000000001,47.634484649135445,0.7484959407059226,9851.402490800545
2024-03-19,1,2024-03-19 14:05:00,2024-03-19 17:01:50,36,2150.528,2156.513699346407,2144.076416,2157.1398106508896,2157.1398106508896,-0.30597509805811507,tp,0.1,0.7000000000000001,59.15699346407273,0.9277875551813872,9910.559484264619
2024-03-20,1,2024-03-20 12:45:00,2024-03-20 13:54:15,14,2149.999,2156.4776305220885,2143.5490029999996,2156.7544389978216,2156.7544389978216,-0.3166998928721575,tp,0.1,0.7000000000000001,64.08630522088679,1.0044393078149512,9974.645789485505
2024-03-20,-1,2024-03-20 14:05:00,2024-03-20 14:47:00,9,2163.44,2156.729690207157,2169.93032,2156.511818540434,2156.511818540434,0.3210824721680673,tp,0.1,0.7000000000000001,66.40309792842963,1.0338950610822093,10041.048887413934
2024-03-20,-1,2024-03-20 18:05:00,2024-03-20 18:45:10,9,2170.461,2176.9723829999994,2176.9723829999994,2156.898173579109,2156.898173579109,0.6283711761135697,sl,0.1,0.7000000000000001,-65.81382999999569,-1.0,9975.235057413938
2024-03-20,-1,2024-03-20 18:55:00,2024-03-20 19:25:15,7,2180.036,2186.5761079999997,2186.5761079999997,2157.489964023495,2157.489964023495,1.0438303932828754,sl,0.1,0.7000000000000001,-66.10107999999691,-1.0,9909.133977413941
2024-03-20,-1,2024-03-20 19:35:00,2024-03-20 22:12:00,20,2186.01,2192.56803,2192.56803,2158.3759602836876,2158.3759602836876,1.2805943090970848,sl,0.1,0.7000000000000001,-66.2802999999969,-1.0,9842.853677413945
2024-03-20,-1,2024-03-20 22:26:00,2024-03-20 23:58:55,19,2206.857,2203.707,2213.477571,2160.670212239584,2160.670212239584,2.362914408279659,session_end,0.1,0.7000000000000001,30.80000000000091,0.4757897770449295,9873.653677413946
2024-03-21,-1,2024-03-21 01:15:00,2024-03-21 03:43:55,30,2209.065,2202.622333333333,2215.6921949999996,2199.655122222222,2199.655122222222,0.42692500669335104,tp,0.1,0.7000000000000001,63.72666666667264,0.9721558919976971,9937.380344080619
2024-03-21,-1,2024-03-21 10:25:00,2024-03-21 12:33:35,26,2211.126,2204.7173511111123,2217.7593779999997,2204.0948186666674,2204.0948186666674,0.3218410239548603,tp,0.1,0.7000000000000001,63.3864888888791,0.9661214676577087,10000.766832969497
2024-03-21,1,2024-03-21 13:50:00,2024-03-21 14:01:35,3,2196.313,2189.724061,2189.724061,2204.581038152611,2204.581038152611,-0.37812346238797007,sl,0.1,0.7000000000000001,-66.5893900000021,-1.0,9934.177442969496
2024-03-21,1,2024-03-21 14:10:00,2024-03-21 14:27:30,4,2183.949,2177.397153,2177.397153,2204.239400000001,2204.239400000001,-0.9197458316007299,sl,0.1,0.7000000000000001,-66.2184700000018,-1.0,9867.958972969494
2024-03-21,1,2024-03-21 14:35:00,2024-03-21 15:01:50,6,2179.717,2173.177849,2173.177849,2203.5992428571435,2203.5992428571435,-1.0875272776946128,sl,0.1,0.7000000000000001,-66.09150999999947,-1.0,9801.867462969494
2024-03-21,1,2024-03-21 15:10:00,2024-03-21 23:58:55,94,2171.989,2181.559,2165.473033,2202.570300366301,2202.570300366301,-1.3917058793176036,session_end,0.1,0.7000000000000001,95.00000000000163,1.4686998875225166,9896.867462969496
2024-03-22,1,2024-03-22 02:00:00,2024-03-22 07:18:05,64,2173.648,2167.1270560000003,2167.1270560000003,2183.0444999999995,2183.0444999999995,-0.4333397692992325,sl,0.1,0.7000000000000001,-65.90943999999872,-1.0,9830.958022969497
2024-03-22,1,2024-03-22 07:25:00,2024-03-22 12:18:30,59,2164.488,2172.6604195011337,2157.9945359999997,2176.1747003745327,2176.1747003745327,-0.540981400643362,tp,0.1,0.7000000000000001,81.02419501133845,1.2585608391967185,9911.982217980836
2024-03-22,1,2024-03-22 16:00:00,2024-03-22 17:24:45,17,2166.19,2159.69143,2159.69143,2172.7867673611104,2172.7867673611104,-0.3033554631371298,sl,0.1,0.7000000000000001,-65.685700000002,-1.0,9846.296517980834
2024-03-22,1,2024-03-22 17:30:00,2024-03-22 20:56:55,42,2158.644,2165.407,2152.168068,2172.050211111111,2172.050211111111,-0.6205524643104761,session_end,0.1,0.7000000000000001,66.93000000000374,1.044328445697168,9913.226517980836
2024-03-25,-1,2024-03-25 01:25:00,2024-03-25 03:29:40,25,2173.343,2171.5923821138217,2179.8630289999996,2166.540607843137,2166.540607843137,0.3137209675303365,tp,0.1,0.7000000000000001,16.806178861781337,0.2684984815524883,9930.032696842618
2024-03-25,-1,2024-03-25 12:35:00,2024-03-25 19:11:30,80,2176.022,2171.7127681159436,2182.550066,2169.54436754967,2169.54436754967,0.3023276476128616,tp,0.1,0.7000000000000001,42.39231884056316,0.660108504426336,9972.425015683182
2024-03-26,-1,2024-03-26 08:40:00,2024-03-26 09:27:25,10,2178.598,2185.133794,2185.133794,2172.009030448718,2172.009030448718,0.30236842753482107,sl,0.1,0.7000000000000001,-66.05793999999896,-1.0,9906.367075683183
2024-03-26,-1,2024-03-26 09:35:00,2024-03-26 09:41:40,2,2187.151,2193.7124529999996,2193.7124529999996,2172.8798014492754,2172.8798014492754,0.6560509486634656,sl,0.1,0.7000000000000001,-66.31452999999802,-1.0,9840.052545683186
2024-03-26,-1,2024-03-26 09:50:00,2024-03-26 10:53:20,13,2191.828,2198.403484,2198.403484,2173.3122372881353,2173.3122372881353,0.8560556735777504,sl,0.1,0.7000000000000001,-66.4548399999996,-1.0,9773.597705683185
2024-03-26,-1,2024-03-26 11:00:00,2024-03-26 13:41:45,33,2197.731,2178.9650640243913,2204.324193,2175.439916666667,2175.439916666667,1.0256584501548314,tp,0.1,0.7000000000000001,186.95935975608955,2.8462591608663366,9960.557065439274
2024-03-26,-1,2024-03-26 14:05:00,2024-03-26 14:31:15,6,2185.638,2179.217209770116,2192.1949139999997,2179.0893915187385,2179.0893915187385,0.3005663056666455,tp,0.1,0.7000000000000001,63.50790229884005,0.9792396590658689,10024.064967738115
2024-03-27,-1,2024-03-27 09:45:00,2024-03-27 11:01:00,16,2188.92,2195.48676,2195.48676,2178.40673931624,2178.40673931624,0.4878685183968738,sl,0.1,0.7000000000000001,-66.36759999999704,-1.0,9957.697367738117
2024-03-27,-1,2024-03-27 11:10:00,2024-03-27 23:58:55,142,2194.42,2191.1,2201.00326,2180.1233184079606,2180.1233184079606,0.6571729897601287,session_end,0.1,0.7000000000000001,32.500000000001634,0.5043094150922527,9990.19736773812
2024-03-28,-1,2024-03-28 05:50:00,2024-03-28 07:30:55,21,2199.825,2193.866505555555,2206.424475,2192.9587595238095,2192.9587595238095,0.3138335568920988,tp,0.1,0.7000000000000001,58.88494444445023,0.9028740080756481,10049.08231218257
2024-03-28,-1,2024-03-28 10:25:00,2024-03-28 10:49:55,5,2206.259,2212.8777769999997,2212.8777769999997,2194.317833333333,2194.317833333333,0.5484696192977975,sl,0.1,0.7000000000000001,-66.88776999999682,-1.0,9982.194542182573
2024-03-28,-1,2024-03-28 10:55:00,2024-03-28 16:26:50,67,2211.987,2218.622961,2218.622961,2195.011484732824,2195.011484732824,0.7749396932766474,sl,0.1,0.7000000000000001,-67.05960999999952,-1.0,9915.134932182573
2024-03-28,-1,2024-03-28 16:35:00,2024-03-28 20:49:20,51,2221.048,2227.7111439999994,2227.7111439999994,2200.7088165829146,2200.7088165829146,0.9272777599342382,sl,0.1,0.7000000000000001,-67.33143999999648,-1.0,9847.803492182577
2024-04-01,-1,2024-04-01 01:05:00,2024-04-01 04:03:15,36,2259.046,2265.8231379999997,2265.8231379999997,2250.725192307692,2250.725192307692,0.3688947775892334,sl,0.1,0.7000000000000001,-68.47137999999923,-1.0,9779.332112182577
2024-04-01,1,2024-04-01 09:45:00,2024-04-01 13:09:00,41,2249.94,2255.9403662420386,2243.19018,2258.2013817663815,2258.2013817663815,-0.3658390183039967,tp,0.1,0.7000000000000001,59.303662420385805,0.8889668527514187,9838.635774602964
2024-04-01,1,2024-04-01 13:45:00,2024-04-01 13:49:45,1,2248.858,2242.1114260000004,2242.1114260000004,2255.8531494949502,2255.8531494949502,-0.3123053243305104,sl,0.1,0.7000000000000001,-68.16573999999783,-1.0,9770.470034602966
2024-04-01,1,2024-04-01 13:55:00,2024-04-01 14:04:15,2,2243.039,2236.3098830000004,2236.3098830000004,2255.705406187625,2255.705406187625,-0.563788434107584,sl,0.1,0.7000000000000001,-67.9911699999986,-1.0,9702.478864602966
2024-04-01,1,2024-04-01 14:10:00,2024-04-01 14:39:25,6,2237.049,2230.337853,2230.337853,2255.434347058824,2255.434347058824,-0.8178401239157492,sl,0.1,0.7000000000000001,-67.81146999999983,-1.0,9634.667394602968
2024-04-01,1,2024-04-01 14:45:00,2024-04-01 20:02:45,64,2230.978,2244.501,2224.285066,2254.5552099811675,2254.5552099811675,-1.0491075967647279,session_end,0.1,0.7000000000000001,134.5300000000014,2.0204890710112835,9769.197394602968
2024-04-02,-1,2024-04-02 08:10:00,2024-04-02 12:19:20,50,2262.238,2255.384339002269,2269.0247139999997,2252.767423469388,2252.767423469388,0.4212408450046478,tp,0.1,0.7000000000000001,67.83660997730912,1.0098644200611764,9837.034004580279
2024-04-02,-1,2024-04-02 13:40:00,2024-04-02 14:03:35,5,2263.688,2270.4790639999997,2270.4790639999997,2255.5655101626035,2255.5655101626035,0.36381075169059507,sl,0.1,0.7000000000000001,-68.61063999999551,-1.0,9768.423364580281
2024-04-02,-1,2024-04-02 14:10:00,2024-04-02 14:24:10,3,2268.482,2275.287446,2275.287446,2255.940515686276,2255.940515686276,0.5558428613934252,sl,0.1,0.7000000000000001,-68.75445999999847,-1.0,9699.668904580283
2024-04-02,-1,2024-04-02 14:30:00,2024-04-02 15:04:15,7,2275.227,2256.668287962964,2282.0526809999997,2256.335919540231,2256.335919540231,0.8366919258908945,tp,0.1,0.7000000000000001,184.88712037036004,2.7189539090731802,9884.556024950643
2024-04-02,-1,2024-04-02 17:50:00,2024-04-02 18:09:20,4,2264.02,2270.8120599999997,2270.8120599999997,2257.047361370717,2257.047361370717,0.3116743914939596,sl,0.1,0.7000000000000001,-68.62059999999765,-1.0,9815.935424950647
2024-04-02,-1,2024-04-02 18:15:00,2024-04-02 19:48:40,19,2271.623,2278.437869,2278.437869,2257.295817351599,2257.295817351599,0.6350156917057895,sl,0.1,0.7000000000000001,-68.84868999999817,-1.0,9747.086734950648
2024-04-03,1,2024-04-03 07:20:00,2024-04-03 08:12:30,11,2275.055,2268.2298349999996,2268.2298349999996,2283.207628787878,2283.207628787878,-0.3584049336863161,sl,0.1,0.7000000000000001,-68.95165000000198,-1.0,9678.135084950645
2024-04-03,1,2024-04-03 08:20:00,2024-04-03 13:07:55,58,2269.1,2278.2651433121005,2262.2927,2281.8146333333325,2281.8146333333325,-0.5598453593345145,tp,0.1,0.7000000000000001,90.95143312100554,1.3463698253493503,9769.086518071652
2024-04-03,-1,2024-04-03 15:30:00,2024-04-03 16:31:20,13,2286.697,2293.5570909999997,2293.5570909999997,2278.360055555554,2278.360055555554,0.3685301813456587,sl,0.1,0.7000000000000001,-69.30090999999557,-1.0,9699.785608071656
2024-04-03,-1,2024-04-03 16:40:00,2024-04-03 20:40:25,49,2293.234,2300.1137019999996,2300.1137019999996,2278.960859999999,2278.960859999999,0.6265416949723904,sl,0.1,0.7000000000000001,-69.49701999999725,-1.0,9630.288588071659
2024-04-03,-1,2024-04-03 20:50:00,2024-04-03 23:01:20,15,2299.873,2300.809,2306.772619,2282.2404313333327,2282.2404313333327,0.7745489223648534,session_end,0.1,0.7000000000000001,-10.06000000000149,-0.13565966468585816,9620.228588071657
2024-04-04,1,2024-04-04 12:00:00,2024-04-04 14:27:50,30,2289.442,2295.3192784200387,2282.573674,2296.805266203704,2296.805266203704,-0.32411394702209,tp,0.1,0.7000000000000001,58.07278420038692,0.855707550870309,9678.301372272044
2024-04-04,1,2024-04-04 16:40:00,2024-04-04 18:05:10,18,2288.12,2294.67648233487,2281.25564,2295.0556058333336,2295.0556058333336,-0.30354845501898486,tp,0.1,0.7000000000000001,64.86482334869997,0.9551483801650795,9743.166195620744
2024-04-04,-1,2024-04-04 18:45:00,2024-04-04 19:02:05,4,2301.892,2294.914114766082,2308.7976759999997,2294.813968888889,2294.813968888889,0.3128589597433525,tp,0.1,0.7000000000000001,69.07885233917732,1.0104565047531735,9812.245047959921
2024-04-04,1,2024-04-04 19:40:00,2024-04-04 23:58:55,40,2284.985,2288.959,2278.1300450000003,2294.9237810734467,2294.9237810734467,-0.43251027137833087,session_end,0.1,0.7000000000000001,39.03999999999705,0.5797266356963432,9851.285047959918
2024-04-05,1,2024-04-05 01:15:00,2024-04-05 01:23:00,2,2277.68,2270.84696,2270.84696,2285.0627777777777,2285.0627777777777,-0.326502092210938,sl,0.1,0.7000000000000001,-69.03039999999983,-1.0,9782.254647959919
2024-04-05,1,2024-04-05 01:30:00,2024-04-05 03:12:30,21,2270.798,2277.705451754386,2263.9856059999997,2282.9657685185184,2282.9657685185184,-0.53212661731681,tp,0.1,0.7000000000000001,68.37451754386329,1.0139536489501766,9850.629165503782
2024-04-05,-1,2024-04-05 07:30:00,2024-04-05 09:43:35,27,2286.095,2292.9532849999996,2292.9532849999996,2278.64797037037,2278.64797037037,0.3303068191093531,sl,0.1,0.7000000000000001,-69.28284999999796,-1.0,9781.346315503784
2024-04-05,-1,2024-04-05 09:50:00,2024-04-05 12:30:30,33,2292.231,2283.570817777778,2299.107693,2280.9926398305092,2280.9926398305092,0.49631287588600786,tp,0.1,0.7000000000000001,85.90182222222374,1.2593527473485797,9867.248137726008
2024-04-05,-1,2024-04-05 13:00:00,2024-04-05 13:18:55,4,2290.975,2297.8479249999996,2297.8479249999996,2283.722794871795,2283.722794871795,0.31762633996092954,sl,0.1,0.7000000000000001,-69.42924999999669,-1.0,9797.81888772601
2024-04-05,-1,2024-04-05 13:25:00,2024-04-05 13:50:45,6,2293.448,2300.3283439999996,2300.3283439999996,2283.979813664597,2283.979813664597,0.41826929810186086,sl,0.1,0.7000000000000001,-69.50343999999696,-1.0,9728.315447726014
2024-04-05,-1,2024-04-05 14:00:00,2024-04-05 14:24:25,5,2299.764,2306.6632919999997,2306.6632919999997,2284.5281607142856,2284.5281607142856,0.6707879355237634,sl,0.1,0.7000000000000001,-69.69291999999605,-1.0,9658.622527726018
2024-04-05,-1,2024-04-05 14:30:00,2024-04-05 14:33:25,1,2311.471,2318.405413,2318.405413,2285.147723180077,2285.147723180077,1.1509880325513948,sl,0.1,0.7000000000000001,-70.0441299999995,-1.0,9588.578397726018
2024-04-05,-1,2024-04-05 14:40:00,2024-04-05 15:20:30,9,2318.993,2325.9499789999995,2325.9499789999995,2285.5195729166667,2285.5195729166667,1.46449969100981,sl,0.1,0.7000000000000001,-70.26978999999592,-1.0,9518.308607726023
2024-04-05,-1,2024-04-05 15:30:00,2024-04-05 20:00:55,55,2324.667,2323.647,2331.6410009999995,2287.48233781362,2287.48233781362,1.624609797944947,session_end,0.1,0.7000000000000001,9.499999999999819,0.14625750698917908,9527.808607726023
2024-04-08,-1,2024-04-08 01:35:00,2024-04-08 01:58:05,5,2316.723,2323.6731689999997,2323.6731689999997,2308.5999649122805,2308.5999649122805,0.3514916057805574,sl,0.1,0.7000000000000001,-70.20168999999733,-1.0,9457.606917726025
2024-04-08,-1,2024-04-08 02:05:00,2024-04-08 02:15:50,3,2324.469,2331.442407,2331.442407,2311.2592933333335,2311.2592933333335,0.5704988057679162,sl,0.1,0.7000000000000001,-70.43406999999952,-1.0,9387.172847726026
2024-04-08,-1,2024-04-08 02:25:00,2024-04-08 02:34:40,2,2328.354,2335.3390619999996,2335.3390619999996,2313.5510517241382,2313.5510517241382,0.6421275322535352,sl,0.1,0.7000000000000001,-70.55061999999744,-1.0,9316.622227726028
2024-04-08,-1,2024-04-08 02:40:00,2024-04-08 12:02:05,113,2347.271,2333.9462037037047,2354.312813,2315.57184375,2315.57184375,1.3683944350733273,tp,0.1,0.7000000000000001,132.54796296295518,1.8922394412200179,9449.170190688983
2024-04-08,1,2024-04-08 12:30:00,2024-04-08 13:03:25,7,2326.832,2333.6712799145307,2319.8515039999997,2333.8913444444456,2333.8913444444456,-0.3022567636337343,tp,0.1,0.7000000000000001,67.69279914530834,0.9797699066843827,9516.862989834292
2024-04-08,1,2024-04-08 14:05:00,2024-04-08 17:30:00,42,2319.733,2332.315061904763,2312.7738010000003,2333.387282051283,2333.387282051283,-0.5868842329184225,tp,0.1,0.7000000000000001,125.12061904762668,1.8079755881047304,9641.98360888192
2024-04-08,-1,2024-04-08 18:25:00,2024-04-08 23:01:30,44,2340.78,2338.582,2347.8023399999997,2332.598263197587,2332.598263197587,0.35176382199500145,session_end,0.1,0.7000000000000001,21.280000000003202,0.3130010794123422,9663.263608881922
2024-04-09,-1,2024-04-09 01:35:00,2024-04-09 01:45:55,3,2348.024,2341.322420634921,2355.0680719999996,2341.0201578947367,2341.0201578947367,0.30313032894364594,tp,0.1,0.7000000000000001,66.31579365078942,0.9513786010533736,9729.579402532712
2024-04-09,-1,2024-04-09 07:15:00,2024-04-09 09:20:55,26,2355.125,2362.1903749999997,2362.1903749999997,2343.804718390805,2343.804718390805,0.4825180835440718,sl,0.1,0.7000000000000001,-71.35374999999677,-1.0,9658.225652532714
2024-04-09,-1,2024-04-09 09:30:00,2024-04-09 12:25:05,36,2364.797,2349.182675615213,2371.8913909999997,2346.69819005848,2346.69819005848,0.7748678555492812,tp,0.1,0.7000000000000001,155.4432438478687,2.2009393596698685,9813.668896380583
2024-04-09,-1,2024-04-09 13:35:00,2024-04-09 14:33:30,12,2356.579,2363.648737,2363.648737,2349.3143711656444,2349.3143711656444,0.3080528056687809,sl,0.1,0.7000000000000001,-71.39736999999805,-1.0,9742.271526380586
2024-04-09,1,2024-04-09 16:00:00,2024-04-09 17:47:35,22,2340.46,2349.253067292645,2333.43862,2349.7582604166673,2349.7582604166673,-0.39860527674053764,tp,0.1,0.7000000000000001,87.23067292644991,1.2523275043716224,9829.502199307035
2024-04-10,-1,2024-04-10 05:25:00,2024-04-10 07:47:20,29,2359.426,2353.529107526881,2366.504278,2352.0264179487167,2352.0264179487167,0.31373295788568145,tp,0.1,0.7000000000000001,58.26892473118896,0.8330970432524597,9887.771124038225
2024-04-10,1,2024-04-10 12:35:00,2024-04-10 13:13:40,8,2329.807,2322.8175789999996,2322.8175789999996,2352.078375275939,2352.078375275939,-0.9461366385517657,sl,0.1,0.7000000000000001,-70.5942100000022,-1.0,9817.176914038222
2024-04-10,1,2024-04-10 13:20:00,2024-04-10 14:20:40,13,2324.991,2349.8364011627914,2318.016027,2351.133648958334,2351.133648958334,-1.111108633484444,tp,0.1,0.7000000000000001,247.75401162791405,3.5620784715284044,10064.930925666136
2024-04-10,1,2024-04-10 15:05:00,2024-04-10 15:10:25,2,2340.589,2333.5672329999998,2333.5672329999998,2349.7442605893193,2349.7442605893193,-0.3924154957615043,sl,0.1,0.7000000000000001,-70.91767000000182,-1.0,9994.013255666134
2024-04-10,1,2024-04-10 15:20:00,2024-04-10 20:56:55,68,2331.878,2332.801,2324.8823660000003,2349.503155797102,2349.503155797102,-0.7527402443986817,session_end,0.1,0.7000000000000001,8.529999999997745,0.13193943536780084,10002.543255666133
2024-04-11,-1,2024-04-11 03:10:00,2024-04-11 05:43:15,31,2346.787,2341.2925122549022,2353.8273609999997,2339.2061973684213,2339.2061973684213,0.32873556167170703,tp,0.1,0.7000000000000001,54.24487745097558,0.7804269901923604,10056.788133117108
2024-04-11,1,2024-04-11 08:15:00,2024-04-11 10:56:40,33,2332.442,2338.243029262086,2325.444674,2340.16546969697,2340.16546969697,-0.33264612258286513,tp,0.1,0.7000000000000001,57.310292620861034,0.829035157442425,10114.098425737968
2024-04-11,-1,2024-04-11 13:50:00,2024-04-11 14:16:30,6,2346.35,2338.661722222222,2353.3890499999998,2338.486641566265,2338.486641566265,0.3394442496544892,tp,0.1,0.7000000000000001,76.18277777777784,1.0922323009181547,10190.281203515746
2024-04-11,-1,2024-04-11 16:15:00,2024-04-11 17:08:40,11,2345.938,2352.975814,2352.975814,2338.855873504273,2338.855873504273,0.302225826559219,sl,0.1,0.7000000000000001,-71.07813999999799,-1.0,10119.203063515748
2024-04-11,-1,2024-04-11 17:15:00,2024-04-11 18:07:45,11,2353.998,2361.0599939999997,2361.0599939999997,2339.366524959742,2339.366524959742,0.6280749460801426,sl,0.1,0.7000000000000001,-71.31993999999686,-1.0,10047.883123515752
2024-04-11,-1,2024-04-11 18:15:00,2024-04-11 19:42:45,18,2361.1,2368.1832999999997,2368.1832999999997,2340.3020578386604,2340.3020578386604,0.8880880180285119,sl,0.1,0.7000000000000001,-71.53299999999781,-1.0,9976.350123515755
2024-04-11,-1,2024-04-11 19:50:00,2024-04-11 20:39:30,10,2370.034,2377.1441019999997,2377.1441019999997,2342.1699635854343,2342.1699635854343,1.1921865982697726,sl,0.1,0.7000000000000001,-71.80101999999643,-1.0,9904.549103515757
2024-04-11,-1,2024-04-11 20:45:00,2024-04-11 23:58:55,27,2377.496,2377.132,2384.628488,2343.596525435074,2343.596525435074,1.4498218527021571,session_end,0.1,0.7000000000000001,2.9400000000003272,0.051034085160752606,9907.489103515758
2024-04-12,-1,2024-04-12 01:05:00,2024-04-12 02:06:05,13,2386.63,2393.78989,2393.78989,2377.034294871795,2377.034294871795,0.4037470199277355,sl,0.1,0.7000000000000001,-72.29889999999905,-1.0,9835.190203515758
2024-04-12,-1,2024-04-12 02:15:00,2024-04-12 03:42:35,18,2393.696,2385.395696969698,2400.8770879999997,2382.7031851851852,2382.7031851851852,0.46245016514543813,tp,0.1,0.7000000000000001,82.30303030302075,1.1558559135192725,9917.49323381878
2024-04-12,-1,2024-04-12 06:50:00,2024-04-12 13:42:45,83,2393.733,2400.914199,2400.914199,2385.8815691056907,2385.8815691056907,0.3293302985384382,sl,0.1,0.7000000000000001,-72.51198999999652,-1.0,9844.981243818784
2024-04-12,-1,2024-04-12 13:50:00,2024-04-12 14:11:55,5,2402.885,2410.093655,2410.093655,2391.212485943776,2391.212485943776,0.48680383381445425,sl,0.1,0.7000000000000001,-72.78654999999908,-1.0,9772.194693818783
2024-04-12,-1,2024-04-12 14:20:00,2024-04-12 14:53:55,7,2416.078,2423.3262339999997,2423.3262339999997,2391.788165697675,2391.788165697675,1.0145059938971137,sl,0.1,0.7000000000000001,-73.18233999999684,-1.0,9699.012353818787
2024-04-12,-1,2024-04-12 15:00:00,2024-04-12 15:30:45,7,2426.624,2393.5810931899655,2433.9038719999994,2392.927460185186,2392.927460185186,1.410909456160487,tp,0.1,0.7000000000000001,329.7290681003431,4.538940631103962,10028.74142191913
2024-04-12,1,2024-04-12 16:20:00,2024-04-12 16:29:15,2,2380.913,2373.770261,2373.770261,2393.4515102040823,2393.4515102040823,-0.5270008667527608,sl,0.1,0.7000000000000001,-72.12738999999893,-1.0,9956.61403191913
2024-04-12,1,2024-04-12 16:35:00,2024-04-12 16:47:00,3,2370.071,2362.960787,2362.960787,2393.17806197655,2393.17806197655,-0.9647030592233603,sl,0.1,0.7000000000000001,-71.80212999999931,-1.0,9884.811901919133
2024-04-12,1,2024-04-12 16:55:00,2024-04-12 17:12:50,4,2369.642,2362.533074,2362.533074,2392.691585385879,2392.691585385879,-0.9624552335342106,sl,0.1,0.7000000000000001,-71.78925999999883,-1.0,9813.022641919133
2024-04-12,1,2024-04-12 17:20:00,2024-04-12 17:44:15,5,2356.772,2349.701684,2349.701684,2392.0290625000007,2392.0290625000007,-1.4727689998540934,sl,0.1,0.7000000000000001,-71.40315999999821,-1.0,9741.619481919135
2024-04-12,1,2024-04-12 17:50:00,2024-04-12 18:32:45,9,2349.008,2341.960976,2341.960976,2390.949566978193,2390.949566978193,-1.7576308408422658,sl,0.1,0.7000000000000001,-71.17023999999965,-1.0,9670.449241919136
2024-04-12,1,2024-04-12 18:40:00,2024-04-12 19:03:05,5,2340.928,2333.9052159999997,2333.9052159999997,2389.1567328869055,2389.1567328869055,-2.0178346704216557,sl,0.1,0.7000000000000001,-70.92784000000229,-1.0,9599.521401919133
2024-04-12,1,2024-04-12 19:10:00,2024-04-12 20:56:55,22,2338.775,2344.451,2331.758675,2387.816463768117,2387.816463768117,-2.056814856306576,session_end,0.1,0.7000000000000001,56.059999999999306,0.8089705080651037,9655.581401919133
2024-04-15,1,2024-04-15 00:55:00,2024-04-15 01:06:30,3,2352.08,2358.556307692308,2345.02376,2359.43296969697,2359.43296969697,-0.3154134824998085,tp,0.1,0.7000000000000001,64.06307692308182,0.9178128425773903,9719.644478842214
2024-04-15,1,2024-04-15 08:30:00,2024-04-15 10:57:35,30,2349.927,2355.4422302798976,2342.877219,2357.0962222222224,2357.0962222222224,-0.3074639954829561,tp,0.1,0.7000000000000001,54.45230279897423,0.7823264694176022,9774.096781641188
2024-04-15,1,2024-04-15 13:45:00,2024-04-15 14:06:05,5,2345.442,2338.405674,2338.405674,2355.630149494949,2355.630149494949,-0.43277801895745865,sl,0.1,0.7000000000000001,-71.06325999999918,-1.0,9703.03352164119
2024-04-15,1,2024-04-15 14:15:00,2024-04-15 16:41:20,30,2332.418,2353.8646549999994,2325.4207460000002,2355.127643274853,2355.127643274853,-0.963902883976461,tp,0.1,0.7000000000000001,213.76654999999283,3.065010216865021,9916.800071641183
2024-04-15,-1,2024-04-15 17:30:00,2024-04-15 18:54:00,17,2366.926,2374.0267779999995,2374.0267779999995,2354.043192857143,2354.043192857143,0.5511499186686492,sl,0.1,0.7000000000000001,-71.70777999999537,-1.0,9845.092291641187
2024-04-15,-1,2024-04-15 19:00:00,2024-04-15 19:14:25,3,2375.937,2383.0648109999997,2383.0648109999997,2355.139941520468,2355.139941520468,0.8861706309501985,sl,0.1,0.7000000000000001,-71.97810999999838,-1.0,9773.114181641187
2024-04-15,-1,2024-04-15 19:20:00,2024-04-15 22:14:55,23,2380.785,2387.927355,2387.927355,2355.5663283045974,2355.5663283045974,1.0702594697703909,sl,0.1,0.7000000000000001,-72.12354999999953,-1.0,9700.990631641189
2024-04-15,-1,2024-04-15 22:20:00,2024-04-15 23:58:55,20,2390.165,2381.969,2397.335495,2358.2360065104167,2358.2360065104167,1.3595964696098175,session_end,0.1,0.7000000000000001,81.25999999999912,1.1430173230718506,9782.250631641187
2024-04-16,1,2024-04-16 06:35:00,2024-04-16 07:54:05,16,2375.501,2368.3744970000002,2368.3744970000002,2384.882415611814,2384.882415611814,-0.3961166198372256,sl,0.1,0.7000000000000001,-71.96502999999957,-1.0,9710.285601641188
2024-04-16,1,2024-04-16 08:00:00,2024-04-16 13:25:45,66,2365.629,2378.178610766046,2358.5321129999998,2382.5588524305554,2382.5588524305554,-0.7052649471140365,tp,0.1,0.7000000000000001,124.79610766046044,1.7683261359587346,9835.081709301649
2024-04-16,1,2024-04-16 14:00:00,2024-04-16 14:51:55,11,2366.448,2377.5426760299624,2359.3486559999997,2378.003926587302,2378.003926587302,-0.4885368967398719,tp,0.1,0.7000000000000001,110.24676029962556,1.5627748183440953,9945.328469601274
2024-04-16,-1,2024-04-16 15:05:00,2024-04-16 16:46:35,21,2388.777,2395.943331,2395.943331,2377.631071823205,2377.631071823205,0.4716218722779687,sl,0.1,0.7000000000000001,-72.363309999999,-1.0,9872.965159601275
2024-04-16,-1,2024-04-16 16:55:00,2024-04-16 20:54:30,48,2396.358,2380.841095999999,2403.547074,2378.7502019704434,2378.7502019704434,0.7442899222831679,tp,0.1,0.7000000000000001,154.46904000000978,2.158400928965429,10027.434199601284
2024-04-17,1,2024-04-17 06:20:00,2024-04-17 06:53:55,7,2372.95,2381.4493943089433,2365.83115,2381.796940789474,2381.796940789474,-0.37341305789592705,tp,0.1,0.7000000000000001,84.29394308943465,1.1939279952441277,10111.72814269072
2024-04-17,-1,2024-04-17 08:35:00,2024-04-17 12:23:45,46,2390.564,2384.0482781531537,2397.7356919999997,2381.601375404531,2381.601375404531,0.37987568737998273,tp,0.1,0.7000000000000001,64.4572184684619,0.9085334181733247,10176.185361159181
2024-04-17,-1,2024-04-17 13:40:00,2024-04-17 15:16:00,20,2391.392,2384.909143897997,2398.5661759999994,2384.148600609757,2384.148600609757,0.30199037880447477,tp,0.1,0.7000000000000001,64.12856102002642,0.9036377281520643,10240.313922179208
2024-04-17,1,2024-04-17 16:35:00,2024-04-17 16:43:25,2,2375.461,2368.334617,2368.334617,2384.8059597989964,2384.8059597989964,-0.39181216235235855,sl,0.1,0.7000000000000001,-71.96382999999805,-1.0,10168.35009217921
2024-04-17,1,2024-04-17 16:50:00,2024-04-17 20:52:10,49,2364.939,2357.8441829999997,2357.8441829999997,2384.5549876237633,2384.5549876237633,-0.8253316751305122,sl,0.1,0.7000000000000001,-71.64817000000149,-1.0,10096.701922179209
2024-04-17,1,2024-04-17 22:01:00,2024-04-17 23:02:50,13,2363.91,2364.977,2356.8182699999998,2382.185197089948,2382.185197089948,-0.8896956087141558,session_end,0.1,0.7000000000000001,9.970000000000073,0.15045694069007035,10106.671922179208
2024-04-18,-1,2024-04-18 07:00:00,2024-04-18 13:00:25,73,2380.618,2387.759854,2387.759854,2373.0548214285723,2373.0548214285723,0.3214918805303952,sl,0.1,0.7000000000000001,-72.11853999999967,-1.0,10034.553382179209
2024-04-18,-1,2024-04-18 13:10:00,2024-04-18 13:29:50,4,2384.133,2391.2853989999994,2391.2853989999994,2376.6851202531648,2376.6851202531648,0.31328844041578185,sl,0.1,0.7000000000000001,-72.22398999999605,-1.0,9962.329392179214
2024-04-18,-1,2024-04-18 13:35:00,2024-04-18 13:44:15,2,2388.102,2377.042357723577,2395.2663059999995,2377.014503067485,2377.014503067485,0.46970672320708046,tp,0.1,0.7000000000000001,109.89642276422892,1.5437143913762759,10072.225814943442
2024-04-18,-1,2024-04-18 16:15:00,2024-04-18 19:29:20,39,2384.979,2378.6247260371956,2392.1339369999996,2377.623746153846,2377.623746153846,0.31273887881471896,tp,0.1,0.7000000000000001,62.842739628042,0.8880964238824725,10135.068554571484
2024-04-19,-1,2024-04-19 01:10:00,2024-04-19 01:21:40,3,2386.684,2393.844052,2393.844052,2377.766583333333,2377.766583333333,0.37415012596380537,sl,0.1,0.7000000000000001,-72.30051999999723,-1.0,10062.768034571487
2024-04-19,-1,2024-04-19 01:30:00,2024-04-19 01:31:50,1,2395.821,2403.0084629999997,2403.0084629999997,2380.764185185185,2380.764185185185,0.6320791831654903,sl,0.1,0.7000000000000001,-72.57462999999753,-1.0,9990.19340457149
2024-04-19,-1,2024-04-19 01:40:00,2024-04-19 01:46:15,2,2409.262,2416.489786,2416.489786,2383.2263083333332,2383.2263083333332,1.0913647426482151,sl,0.1,0.7000000000000001,-72.97785999999924,-1.0,9917.215544571489
2024-04-19,-1,2024-04-19 01:55:00,2024-04-19 02:01:05,2,2406.326,2413.544978,2413.544978,2386.8958695652173,2386.8958695652173,0.8147875524341727,sl,0.1,0.7000000000000001,-72.8897799999988,-1.0,9844.325764571491
2024-04-19,-1,2024-04-19 02:10:00,2024-04-19 03:09:00,12,2411.68,2394.3824774774776,2418.9150399999994,2389.570801282051,2389.570801282051,0.9242747151956955,tp,0.1,0.7000000000000001,172.27522522522287,2.390798464489942,10016.600989796714
2024-04-19,1,2024-04-19 03:20:00,2024-04-19 06:58:35,44,2383.937,2389.321510040161,2376.7851889999997,2394.143383333334,2394.143383333334,-0.42549178149684136,tp,0.1,0.7000000000000001,53.14510040160876,0.7528876308617133,10069.746090198323
2024-04-19,1,2024-04-19 08:10:00,2024-04-19 11:12:35,37,2381.798,2374.6526059999997,2374.6526059999997,2389.134000000001,2389.134000000001,-0.30799863046615145,sl,0.1,0.7000000000000001,-72.15394000000124,-1.0,9997.592150198321
2024-04-19,1,2024-04-19 11:20:00,2024-04-19 13:37:20,28,2375.417,2385.8333885480556,2368.290749,2387.104386029412,2387.104386029412,-0.4915321717006581,tp,0.1,0.7000000000000001,103.46388548055693,1.4616926274496211,10101.056035678877
2024-04-19,-1,2024-04-19 15:05:00,2024-04-19 17:00:50,24,2393.727,2400.908181,2400.908181,2385.9109659300175,2385.9109659300175,0.33060890295660195,sl,0.1,0.7000000000000001,-72.51180999999924,-1.0,10028.54422567888
2024-04-19,-1,2024-04-19 17:10:00,2024-04-19 19:47:55,32,2398.437,2388.0184345991556,2405.632311,2386.887446601941,2386.887446601941,0.48431497742034135,tp,0.1,0.7000000000000001,103.48565400844272,1.4479659601710544,10132.029879687321
2024-04-22,1,2024-04-22 03:05:00,2024-04-22 03:17:25,3,2372.003,2364.8869910000003,2364.8869910000003,2379.4296306306305,2379.4296306306305,-0.31369411116612966,sl,0.1,0.7000000000000001,-71.8600899999985,-1.0,10060.169789687323
2024-04-22,1,2024-04-22 03:25:00,2024-04-22 06:45:35,41,2364.828,2357.733516,2357.733516,2378.26569105691,2378.26569105691,-0.564221697658465,sl,0.1,0.7000000000000001,-71.64484000000193,-1.0,9988.524949687322
2024-04-22,1,2024-04-22 06:55:00,2024-04-22 11:07:40,51,2356.663,2349.593011,2349.593011,2372.655345381525,2372.655345381525,-0.6737533714132617,sl,0.1,0.7000000000000001,-71.39989000000078,-1.0,9917.12505968732
2024-04-22,1,2024-04-22 11:15:00,2024-04-22 11:18:30,1,2349.179,2342.131463,2342.131463,2367.476750617284,2367.476750617284,-0.7723307361948281,sl,0.1,0.7000000000000001,-71.1753699999992,-1.0,9845.94968968732
2024-04-22,1,2024-04-22 11:25:00,2024-04-22 12:02:00,8,2344.989,2337.954033,2337.954033,2367.1616666666664,2367.1616666666664,-0.9382615044599665,sl,0.1,0.7000000000000001,-71.04967000000052,-1.0,9774.90001968732
2024-04-22,1,2024-04-22 12:10:00,2024-04-22 12:51:35,9,2344.384,2337.350848,2337.350848,2365.6822260273975,2365.6822260273975,-0.8992850262531935,sl,0.1,0.7000000000000001,-71.03151999999973,-1.0,9703.868499687322
2024-04-22,1,2024-04-22 13:00:00,2024-04-22 16:21:05,41,2336.993,2329.982021,2329.982021,2364.283112179487,2364.283112179487,-1.15779755979618,sl,0.1,0.7000000000000001,-70.80979000000134,-1.0,9633.05870968732
2024-04-22,1,2024-04-22 16:30:00,2024-04-22 18:29:55,24,2331.656,2324.661032,2324.661032,2358.524667508417,2358.524667508417,-1.1402326157066232,sl,0.1,0.7000000000000001,-70.64967999999972,-1.0,9562.40902968732
2024-04-22,1,2024-04-22 18:35:00,2024-04-22 22:04:10,30,2328.422,2329.644,2321.436734,2355.375217488789,2355.375217488789,-1.145028498582205,session_end,0.1,0.7000000000000001,11.519999999997527,0.17493965154651642,9573.929029687317
2024-04-23,1,2024-04-23 01:40:00,2024-04-23 01:42:45,1,2314.638,2307.694086,2307.694086,2331.641291666667,2331.641291666667,-0.7321577177278418,sl,0.1,0.7000000000000001,-70.1391399999995,-1.0,9503.789889687318
2024-04-23,1,2024-04-23 01:50:00,2024-04-23 01:52:35,1,2307.229,2300.307313,2300.307313,2329.51646969697,2329.51646969697,-0.9598760080832911,sl,0.1,0.7000000000000001,-69.9168700000002,-1.0,9433.873019687318
2024-04-23,1,2024-04-23 02:00:00,2024-04-23 05:17:35,40,2299.108,2314.129346560846,2292.210676,2327.1481458333337,2327.1481458333337,-1.2076002073030987,tp,0.1,0.7000000000000001,149.51346560845815,2.1778513755256035,9583.386485295776
2024-04-23,1,2024-04-23 05:55:00,2024-04-23 06:44:15,10,2306.487,2299.567539,2299.567539,2313.677427230046,2313.677427230046,-0.31121137049197045,sl,0.1,0.7000000000000001,-69.89460999999956,-1.0,9513.491875295776
2024-04-23,1,2024-04-23 06:50:00,2024-04-23 09:17:25,30,2301.744,2294.838768,2294.838768,2312.4879593495925,2312.4879593495925,-0.4642601188986151,sl,0.1,0.7000000000000001,-69.7523200000007,-1.0,9443.739555295775
2024-04-23,1,2024-04-23 09:25:00,2024-04-23 12:08:25,33,2294.153,2308.257897701149,2287.270541,2310.465651917403,2310.465651917403,-0.7060114442240772,tp,0.1,0.7000000000000001,140.34897701149185,2.0493979987602304,9584.088532307267
2024-04-23,-1,2024-04-23 13:20:00,2024-04-23 13:45:15,6,2315.401,2322.347203,2322.347203,2308.4070416666664,2308.4070416666664,0.3062050238865249,sl,0.1,0.7000000000000001,-70.16202999999969,-1.0,9513.926502307268
2024-04-23,-1,2024-04-23 13:55:00,2024-04-23 23:03:45,98,2328.107,2322.913,2335.091321,2308.7842105788422,2308.7842105788422,0.8401733402488171,session_end,0.1,0.7000000000000001,51.2399999999996,0.7436657049411142,9565.166502307267
2024-04-24,-1,2024-04-24 04:05:00,2024-04-24 07:03:00,36,2329.859,2323.9858710317453,2336.8485769999998,2321.7009421768707,2321.7009421768707,0.3507797957601504,tp,0.1,0.7000000000000001,58.031289682546046,0.8402695854491267,9623.197791989813
2024-04-24,1,2024-04-24 09:20:00,2024-04-24 12:40:05,41,2315.181,2321.109948464912,2308.235457,2323.059123511904,2323.059123511904,-0.3387612236061891,tp,0.1,0.7000000000000001,58.58948464912082,0.8536335409502525,9681.787276638934
2024-04-24,-1,2024-04-24 14:55:00,2024-04-24 15:03:55,2,2329.413,2336.401239,2336.401239,2321.2391471135934,2321.2391471135934,0.3520900850121205,sl,0.1,0.7000000000000001,-70.58238999999794,-1.0,9611.204886638936
2024-04-24,-1,2024-04-24 15:10:00,2024-04-24 17:42:00,31,2333.37,2322.125763364779,2340.37011,2321.430495421245,2321.430495421245,0.5155659237854234,tp,0.1,0.7000000000000001,111.74236635221114,1.6062942775500948,9722.947252991147
2024-04-24,1,2024-04-24 20:35:00,2024-04-24 23:58:55,29,2314.657,2316.06,2307.713029,2321.912275303643,2321.912275303643,-0.31374033296285586,session_end,0.1,0.7000000000000001,13.329999999997927,0.20204577467269996,9736.277252991145
2024-04-25,1,2024-04-25 03:15:00,2024-04-25 05:03:15,22,2306.95,2316.6795888888887,2300.02915,2318.78088034188,2318.78088034188,-0.5138424437984631,tp,0.1,0.7000000000000001,96.59588888888884,1.4058372727177908,9832.873141880034
2024-04-25,-1,2024-04-25 07:55:00,2024-04-25 12:51:20,60,2325.576,2332.5527279999997,2332.5527279999997,2317.8804719298246,2317.8804719298246,0.33364654320318166,sl,0.1,0.7000000000000001,-70.46727999999639,-1.0,9762.405861880037
2024-04-25,-1,2024-04-25 13:00:00,2024-04-25 13:07:45,2,2330.835,2321.5467728237804,2337.8275049999997,2321.507365384616,2321.507365384616,0.4010168028840814,tp,0.1,0.7000000000000001,92.18227176219607,1.328311839064826,9854.588133642234
2024-04-25,1,2024-04-25 13:20:00,2024-04-25 13:35:20,4,2313.99,2321.449481595093,2307.04803,2321.522361458334,2321.522361458334,-0.32424247051429594,tp,0.1,0.7000000000000001,73.89481595093166,1.0745482327197209,9928.482949593166
2024-04-25,-1,2024-04-25 14:35:00,2024-04-25 14:35:35,1,2333.411,2340.411233,2340.411233,2321.4852685714295,2321.4852685714295,0.5134312756550599,sl,0.1,0.7000000000000001,-70.70232999999753,-1.0,9857.780619593168
2024-04-25,-1,2024-04-25 14:45:00,2024-04-25 23:02:05,88,2340.885,2332.539,2347.907655,2321.699776836159,2321.699776836159,0.8256116210667895,session_end,0.1,0.7000000000000001,82.76000000000003,1.1884394150076132,9940.540619593168
2024-04-26,-1,2024-04-26 06:45:00,2024-04-26 08:01:50,16,2341.4,2348.4242,2348.4242,2333.9194259259257,2333.9194259259257,0.3211153731710678,sl,0.1,0.7000000000000001,-70.94199999999837,-1.0,9869.59861959317
2024-04-26,-1,2024-04-26 08:10:00,2024-04-26 13:31:45,65,2346.663,2340.1653220164603,2353.702989,2335.54725170068,2335.54725170068,0.47585199962138214,tp,0.1,0.7000000000000001,64.27677983539688,0.9229670647979423,9933.875399428567
2024-04-26,1,2024-04-26 14:40:00,2024-04-26 17:48:00,38,2332.221,2339.3189624413144,2325.224337,2340.189927083333,2340.189927083333,-0.34204177151163867,tp,0.1,0.7000000000000001,70.27962441314394,1.0144782507481775,10004.155023841711
2024-04-29,-1,2024-04-29 08:25:00,2024-04-29 12:26:50,49,2338.343,2333.7561476510073,2345.3580289999995,2330.8262376237635,2330.8262376237635,0.32174266168728943,tp,0.1,0.7000000000000001,45.16852348992579,0.6538607821853316,10049.323547331636
2024-04-29,-1,2024-04-29 16:10:00,2024-04-29 19:01:10,35,2341.366,2335.343389619883,2348.390098,2334.0555592783508,2334.0555592783508,0.31310054692565514,tp,0.1,0.7000000000000001,59.5261038011693,0.8574211777963582,10108.849651132807
2024-04-30,1,2024-04-30 05:45:00,2024-04-30 07:43:00,24,2322.524,2315.556428,2315.556428,2330.437301932366,2330.437301932366,-0.342459414194424,sl,0.1,0.7000000000000001,-70.37572000000019,-1.0,10038.473931132805
2024-04-30,1,2024-04-30 07:50:00,2024-04-30 11:49:00,48,2316.739,2309.788783,2309.788783,2327.8091241134744,2327.8091241134744,-0.4745717335256766,sl,0.1,0.7000000000000001,-70.20217000000066,-1.0,9968.271761132804
2024-04-30,1,2024-04-30 11:55:00,2024-04-30 12:30:00,8,2312.688,2305.749936,2305.749936,2323.4253624708626,2323.4253624708626,-0.46538454152723213,sl,0.1,0.7000000000000001,-70.0806399999994,-1.0,9898.191121132806
2024-04-30,1,2024-04-30 12:40:00,2024-04-30 14:32:45,23,2305.503,2298.586491,2298.586491,2322.650382675439,2322.650382675439,-0.7392796954511891,sl,0.1,0.7000000000000001,-69.86509000000133,-1.0,9828.326031132805
2024-04-30,1,2024-04-30 14:40:00,2024-04-30 18:55:00,52,2298.364,2291.468908,2291.468908,2320.308367424242,2320.308367424242,-0.9472821687335333,sl,0.1,0.7000000000000001,-69.65092000000205,-1.0,9758.675111132803
2024-04-30,1,2024-04-30 19:05:00,2024-04-30 20:34:50,18,2292.636,2285.758092,2285.758092,2314.6700538573514,2314.6700538573514,-0.9534211504821092,sl,0.1,0.7000000000000001,-69.47907999999934,-1.0,9689.196031132802
2024-04-30,1,2024-04-30 20:40:00,2024-04-30 23:58:55,28,2288.107,2290.703,2281.242679,2312.9195672043006,2312.9195672043006,-1.0745755086651094,session_end,0.1,0.7000000000000001,25.260000000000037,0.3781874419917129,9714.456031132802
2024-05-01,-1,2024-05-01 11:30:00,2024-05-01 13:27:05,24,2294.761,2301.645283,2301.645283,2287.6650567632855,2287.6650567632855,0.30959266592702417,sl,0.1,0.7000000000000001,-69.54282999999869,-1.0,9644.913201132804
2024-05-01,-1,2024-05-01 13:35:00,2024-05-01 14:05:45,7,2300.426,2307.3272779999998,2307.3272779999998,2289.08004601227,2289.08004601227,0.4982112358891648,sl,0.1,0.7000000000000001,-69.7127799999982,-1.0,9575.200421132806
2024-05-01,-1,2024-05-01 14:15:00,2024-05-01 18:38:35,53,2309.843,2316.7725289999994,2316.7725289999994,2289.7596998050685,2289.7596998050685,0.8798215898658001,sl,0.1,0.7000000000000001,-69.99528999999548,-1.0,9505.20513113281
2024-05-01,-1,2024-05-01 18:45:00,2024-05-01 23:58:55,51,2324.163,2324.493,2331.135489,2293.394602222222,2293.394602222222,1.3441820150752468,session_end,0.1,0.7000000000000001,-3.9999999999992726,-0.047328866348865975,9501.20513113281
2024-05-02,1,2024-05-02 05:25:00,2024-05-02 08:13:10,34,2314.071,2307.128787,2307.128787,2321.4665282051283,2321.4665282051283,-0.31958368190922226,sl,0.1,0.7000000000000001,-70.12212999999811,-1.0,9431.083001132813
2024-05-02,1,2024-05-02 08:20:00,2024-05-02 09:33:20,15,2307.135,2300.213595,2300.213595,2318.596371666667,2318.596371666667,-0.4969546147604956,sl,0.1,0.7000000000000001,-69.9140500000005,-1.0,9361.168951132813
2024-05-02,1,2024-05-02 09:40:00,2024-05-02 13:01:50,41,2300.078,2293.177766,2293.177766,2316.643186781609,2316.643186781609,-0.7163030921763369,sl,0.1,0.7000000000000001,-69.70234000000183,-1.0,9291.466611132812
2024-05-02,1,2024-05-02 13:10:00,2024-05-02 17:55:50,58,2289.865,2308.540451937985,2282.9954049999997,2311.980900843882,2311.980900843882,-0.9584811377893993,tp,0.1,0.7000000000000001,186.05451937985146,2.7185666604777756,9477.521130512661
2024-05-03,-1,2024-05-03 12:35:00,2024-05-03 12:45:20,3,2315.304,2301.9695773420485,2322.2499119999998,2301.855599337749,2301.855599337749,0.5839376139023722,tp,0.1,0.7000000000000001,132.64422657951565,1.9197511655707957,9610.165357092177
2024-05-03,1,2024-05-03 13:35:00,2024-05-03 14:00:00,6,2282.208,2301.5401825396825,2275.3613760000003,2301.975319018405,2301.975319018405,-0.8614696627964448,tp,0.1,0.7000000000000001,192.62182539682436,2.8236080350962784,9802.787182489003
2024-05-03,1,2024-05-03 14:15:00,2024-05-03 14:21:10,2,2290.23,2283.35931,2283.35931,2301.4084961013646,2301.4084961013646,-0.48837466796549334,sl,0.1,0.7000000000000001,-69.40690000000195,-1.0,9733.380282489
2024-05-03,1,2024-05-03 14:30:00,2024-05-03 16:56:35,30,2286.855,2300.1760665024635,2279.994435,2301.160244252874,2301.160244252874,-0.6252386937766286,tp,0.1,0.7000000000000001,132.5106650246351,1.9416865086860344,9865.890947513635
2024-05-06,-1,2024-05-06 01:05:00,2024-05-06 02:02:50,12,2305.627,2312.5438809999996,2312.5438809999996,2294.8756666666663,2294.8756666666663,0.47145618782254217,sl,0.1,0.7000000000000001,-69.86880999999649,-1.0,9796.022137513639
2024-05-06,-1,2024-05-06 02:10:00,2024-05-06 07:39:40,66,2313.967,2320.908901,2320.908901,2301.2722051282053,2301.2722051282053,0.5499694839919896,sl,0.1,0.7000000000000001,-70.11900999999689,-1.0,9725.903127513642
2024-05-06,-1,2024-05-06 07:45:00,2024-05-06 12:46:05,61,2323.172,2330.1415159999997,2330.1415159999997,2309.082643369176,2309.082643369176,0.6118601545681225,sl,0.1,0.7000000000000001,-70.39515999999658,-1.0,9655.507967513646
2024-05-06,-1,2024-05-06 12:55:00,2024-05-06 23:59:55,121,2326.051,2326.074,2333.0291529999995,2313.365552688173,2313.365552688173,0.5473171888945177,session_end,0.1,0.7000000000000001,-0.9300000000013825,-0.003296001105183517,9654.577967513644
2024-05-07,1,2024-05-07 08:15:00,2024-05-07 13:04:30,58,2314.235,2319.8620138888896,2307.292295,2322.9064225589223,2322.9064225589223,-0.37652926841914336,tp,0.1,0.7000000000000001,55.570138888894505,0.8104930122898071,9710.14810640254
2024-05-08,1,2024-05-08 08:00:00,2024-05-08 10:05:15,26,2305.823,2313.5110867768594,2298.905531,2314.9417552083332,2314.9417552083332,-0.3937358332159301,tp,0.1,0.7000000000000001,76.18086776859563,1.1114016957444381,9786.328974171134
2024-05-09,-1,2024-05-09 05:20:00,2024-05-09 07:07:30,22,2318.507,2312.606968627451,2325.462521,2311.3791536458334,2311.3791536458334,0.30935410760662746,tp,0.1,0.7000000000000001,58.30031372549165,0.8482515360889977,9844.629287896625
2024-05-09,-1,2024-05-09 12:35:00,2024-05-09 13:12:05,8,2323.151,2312.913998945147,2330.1204529999995,2312.303355408388,2312.303355408388,0.4724572390581713,tp,0.1,0.7000000000000001,101.67001054852953,1.4688385236048496,9946.299298445156
2024-05-09,-1,2024-05-09 13:50:00,2024-05-09 14:07:25,4,2320.83,2327.79249,2327.79249,2313.145309236947,2313.145309236947,0.3311590816393564,sl,0.1,0.7000000000000001,-70.32489999999889,-1.0,9875.974398445156
2024-05-09,-1,2024-05-09 14:15:00,2024-05-09 19:39:00,65,2333.257,2340.256771,2340.256771,2313.535547758284,2313.535547758284,0.8514436815463239,sl,0.1,0.7000000000000001,-70.69770999999783,-1.0,9805.27668844516
2024-05-09,-1,2024-05-09 19:45:00,2024-05-09 23:16:00,31,2340.991,2348.0139729999996,2348.0139729999996,2319.1828248945144,2319.1828248945144,0.9416538821806231,sl,0.1,0.7000000000000001,-70.92972999999638,-1.0,9734.346958445163
2024-05-10,-1,2024-05-10 06:15:00,2024-05-10 06:51:25,8,2359.893,2366.972679,2366.972679,2351.814231111111,2351.814231111111,0.3431295202715259,sl,0.1,0.7000000000000001,-71.49678999999942,-1.0,9662.850168445162
2024-05-10,-1,2024-05-10 07:00:00,2024-05-10 09:13:10,27,2368.425,2375.530275,2375.530275,2353.079732142857,2353.079732142857,0.6552165507414566,sl,0.1,0.7000000000000001,-71.75274999999893,-1.0,9591.097418445164
2024-05-10,-1,2024-05-10 09:20:00,2024-05-10 13:03:25,45,2374.152,2361.3189455128195,2381.2744559999996,2356.9645267857136,2356.9645267857136,0.7300904624879416,tp,0.1,0.7000000000000001,127.63054487180561,1.8017737824117521,9718.72796331697
2024-05-10,-1,2024-05-10 13:25:00,2024-05-10 14:29:15,13,2370.545,2361.8591782273593,2377.656635,2361.4604565217383,2361.4604565217383,0.3840438425812091,tp,0.1,0.7000000000000001,86.15821772640793,1.221353707359995,9804.886181043377
2024-05-10,-1,2024-05-10 16:55:00,2024-05-10 19:29:15,31,2369.758,2362.90970100143,2376.8672739999997,2362.1079261083732,2362.1079261083732,0.32304086563048057,tp,0.1,0.7000000000000001,67.78298998569589,0.963290906859079,9872.669171029074
2024-05-13,1,2024-05-13 06:15:00,2024-05-13 08:36:05,29,2350.064,2343.0138079999997,2343.0138079999997,2357.5359377777772,2357.5359377777772,-0.3172141581360813,sl,0.1,0.7000000000000001,-71.20192000000152,-1.0,9801.467251029071
2024-05-13,1,2024-05-13 08:45:00,2024-05-13 15:04:00,76,2343.598,2336.567206,2336.567206,2355.025876190476,2355.025876190476,-0.4879511646413392,sl,0.1,0.7000000000000001,-71.00793999999787,-1.0,9730.459311029073
2024-05-13,1,2024-05-13 15:10:00,2024-05-13 23:58:55,94,2336.5,2338.494,2329.4905,2350.118750000001,2350.118750000001,-0.5794068916730715,session_end,0.1,0.7000000000000001,19.24000000000142,0.28447107496969953,9749.699311029075
2024-05-14,-1,2024-05-14 09:20:00,2024-05-14 12:30:00,39,2348.177,2342.222858888889,2355.2215309999997,2341.1943348214277,2341.1943348214277,0.3023313816070823,tp,0.1,0.7000000000000001,58.84141111111312,0.8452146936555025,9808.54072214019
2024-05-14,-1,2024-05-14 13:15:00,2024-05-14 14:01:00,10,2349.79,2356.8393699999997,2356.8393699999997,2342.4803752620546,2342.4803752620546,0.31179022095877423,sl,0.1,0.7000000000000001,-71.19369999999726,-1.0,9737.347022140191
2024-05-14,-1,2024-05-14 14:10:00,2024-05-14 18:05:40,48,2351.033,2358.0860989999996,2358.0860989999996,2342.977987254902,2342.977987254902,0.34392182892588896,sl,0.1,0.7000000000000001,-71.23098999999748,-1.0,9666.116032140195
2024-05-14,-1,2024-05-14 18:15:00,2024-05-14 23:58:55,57,2358.607,2355.521,2365.682821,2345.0896111111106,2345.0896111111106,0.5786511877667535,session_end,0.1,0.7000000000000001,30.159999999997854,0.4361331356460016,9696.276032140191
2024-05-15,-1,2024-05-15 08:25:00,2024-05-15 08:49:25,5,2366.867,2373.967601,2373.967601,2358.6862211221123,2358.6862211221123,0.34704823407978547,sl,0.1,0.7000000000000001,-71.70600999999643,-1.0,9624.570022140195
2024-05-15,-1,2024-05-15 08:55:00,2024-05-15 12:00:45,38,2373.769,2361.663128472223,2380.8903069999997,2359.368559190031,2359.368559190031,0.6094825988062491,tp,0.1,0.7000000000000001,120.35871527776798,1.6999507994497343,9744.928737417964
2024-05-15,-1,2024-05-15 12:35:00,2024-05-15 13:44:10,14,2370.934,2362.4837997967493,2378.046802,2361.760216335542,2361.760216335542,0.3884934465825832,tp,0.1,0.7000000000000001,83.80200203250915,1.1880269130577985,9828.730739450473
2024-05-15,1,2024-05-15 13:55:00,2024-05-15 14:08:50,3,2353.676,2362.37319723866,2346.614972,2362.4360718562884,2362.4360718562884,-0.3737274401398301,tp,0.1,0.7000000000000001,86.2719723866001,1.2317182765257289,9915.002711837073
2024-05-15,-1,2024-05-15 14:45:00,2024-05-15 15:07:35,5,2370.278,2377.3888339999994,2377.3888339999994,2362.516516949154,2362.516516949154,0.32744672874652064,sl,0.1,0.7000000000000001,-71.80833999999614,-1.0,9843.194371837077
2024-05-15,-1,2024-05-15 15:15:00,2024-05-15 17:10:50,24,2380.791,2387.933373,2387.933373,2362.887862477233,2362.887862477233,0.7572148389644248,sl,0.1,0.7000000000000001,-72.1237299999968,-1.0,9771.07064183708
2024-05-15,-1,2024-05-15 17:20:00,2024-05-15 23:58:55,68,2388.24,2391.726,2395.4047199999995,2365.32367147436,2365.32367147436,0.9678729723856512,session_end,0.1,0.7000000000000001,-35.56000000000331,-0.48655076541727343,9735.510641837076
2024-05-16,1,2024-05-16 10:35:00,2024-05-16 13:19:35,33,2381.242,2374.0982740000004,2374.0982740000004,2389.535742782152,2389.535742782152,-0.34913655538954647,sl,0.1,0.7000000000000001,-72.13725999999788,-1.0,9663.373381837078
2024-05-16,1,2024-05-16 13:25:00,2024-05-16 23:58:55,115,2377.141,2378.156,2370.0095770000003,2388.1401563146997,2388.1401563146997,-0.459694808349964,session_end,0.1,0.7000000000000001,9.449999999998727,0.14232783555258174,9672.823381837077
2024-05-17,-1,2024-05-17 06:40:00,2024-05-17 12:51:00,75,2385.943,2393.100829,2393.100829,2378.7546687500007,2378.7546687500007,0.3036391833460785,sl,0.1,0.7000000000000001,-72.27828999999765,-1.0,9600.545091837079
2024-05-17,-1,2024-05-17 13:00:00,2024-05-17 13:11:05,3,2393.317,2400.4969509999996,2400.4969509999996,2382.2114455128194,2382.2114455128194,0.4660818210782455,sl,0.1,0.7000000000000001,-72.49950999999619,-1.0,9528.045581837083
2024-05-17,-1,2024-05-17 13:20:00,2024-05-17 14:46:00,18,2403.14,2410.3494199999996,2410.3494199999996,2382.6432270833325,2382.6432270833325,0.8587216367141021,sl,0.1,0.7000000000000001,-72.79419999999682,-1.0,9455.251381837086
2024-05-17,-1,2024-05-17 14:55:00,2024-05-17 20:33:05,68,2415.225,2422.4706749999996,2422.4706749999996,2384.8027364990676,2384.8027364990676,1.2778945207715962,sl,0.1,0.7000000000000001,-73.15674999999665,-1.0,9382.09463183709
2024-05-20,-1,2024-05-20 01:05:00,2024-05-20 05:34:40,54,2436.781,2444.0913429999996,2444.0913429999996,2422.5255,2422.5255,0.5878575891151416,sl,0.1,0.7000000000000001,-73.80342999999648,-1.0,9308.291201837093
2024-05-20,-1,2024-05-20 05:40:00,2024-05-20 06:37:40,12,2447.519,2434.697485232068,2454.8615569999997,2432.895681372549,2432.895681372549,0.6038408773516696,tp,0.1,0.7000000000000001,127.51514767931603,1.7461920646896856,9435.80634951641
2024-05-20,-1,2024-05-20 09:10:00,2024-05-20 10:35:35,18,2445.484,2436.8783818897637,2452.8204519999995,2436.0217303030304,2436.0217303030304,0.38999117203226924,tp,0.1,0.7000000000000001,85.35618110236264,1.1729945360832168,9521.162530618773
2024-05-20,1,2024-05-20 11:45:00,2024-05-20 12:14:20,6,2428.054,2420.769838,2420.769838,2436.638091016548,2436.638091016548,-0.3557192612437615,sl,0.1,0.7000000000000001,-73.54161999999924,-1.0,9447.620910618773
2024-05-20,1,2024-05-20 12:20:00,2024-05-20 12:22:20,1,2422.889,2415.6203330000003,2415.6203330000003,2436.1710101351346,2436.1710101351346,-0.5477452149138803,sl,0.1,0.7000000000000001,-73.38666999999823,-1.0,9374.234240618774
2024-05-20,1,2024-05-20 12:30:00,2024-05-20 12:42:15,3,2418.393,2411.137821,2411.137821,2435.9302422222218,2435.9302422222218,-0.7190781541528249,sl,0.1,0.7000000000000001,-73.25179000000226,-1.0,9300.982450618772
2024-05-20,1,2024-05-20 12:50:00,2024-05-20 17:24:30,55,2413.605,2431.8133894230755,2406.364185,2435.3997987012976,2435.3997987012976,-0.8948550752496275,tp,0.1,0.7000000000000001,181.3838942307546,2.514687838741244,9482.366344849526
2024-05-21,1,2024-05-21 02:05:00,2024-05-21 02:55:35,11,2419.5,2412.2415,2412.2415,2427.203726666666,2427.203726666666,-0.32118138996813084,sl,0.1,0.7000000000000001,-73.28499999999913,-1.0,9409.081344849528
2024-05-21,1,2024-05-21 03:05:00,2024-05-21 03:26:10,5,2415.919,2408.671243,2408.671243,2424.023923423423,2424.023923423423,-0.33303810846973236,sl,0.1,0.7000000000000001,-73.17757000000093,-1.0,9335.903774849527
2024-05-21,1,2024-05-21 03:35:00,2024-05-21 07:34:25,48,2410.337,2418.1930555555546,2403.105989,2422.4051589147284,2422.4051589147284,-0.50095496494753,tp,0.1,0.7000000000000001,77.86055555554576,1.086439441947293,9413.764330405073
2024-05-21,-1,2024-05-21 12:25:00,2024-05-21 15:53:45,42,2426.909,2420.4887464912285,2434.189727,2418.421048098434,2418.421048098434,0.3509294590468107,tp,0.1,0.7000000000000001,63.50253508771566,0.8818148941406133,9477.266865492787
2024-05-22,1,2024-05-22 03:55:00,2024-05-22 07:16:05,41,2413.688,2418.135155172414,2406.4469360000003,2420.99614893617,2420.99614893617,-0.30492196112801423,tp,0.1,0.7000000000000001,43.77155172414113,0.614157694561769,9521.038417216929
2024-05-22,1,2024-05-22 11:45:00,2024-05-22 14:09:35,29,2407.997,2400.773009,2400.773009,2417.1113368794317,2417.1113368794317,-0.3767653041249212,sl,0.1,0.7000000000000001,-72.93990999999842,-1.0,9448.098507216931
2024-05-22,1,2024-05-22 14:15:00,2024-05-22 14:23:55,2,2393.944,2386.7621679999997,2386.7621679999997,2415.8690370370364,2415.8690370370364,-0.9075838425383996,sl,0.1,0.7000000000000001,-72.51832000000213,-1.0,9375.580187216929
2024-05-22,1,2024-05-22 14:30:00,2024-05-22 18:29:15,48,2386.452,2379.292644,2379.292644,2415.407657088122,2415.407657088122,-1.2047513802785137,sl,0.1,0.7000000000000001,-72.29356000000116,-1.0,9303.286627216927
2024-05-22,1,2024-05-22 18:35:00,2024-05-22 23:58:55,53,2379.53,2382.039,2372.39141,2409.769059790731,2409.769059790731,-1.2557452203888277,session_end,0.1,0.7000000000000001,24.390000000000146,0.35146996815897913,9327.676627216928
2024-05-23,1,2024-05-23 01:30:00,2024-05-23 05:50:00,53,2371.377,2364.262869,2364.262869,2380.3089074074073,2380.3089074074073,-0.3742962680046146,sl,0.1,0.7000000000000001,-71.84130999999816,-1.0,9255.83531721693
2024-05-23,1,2024-05-23 06:00:00,2024-05-23 11:07:50,62,2360.176,2368.2050137844603,2353.095472,2373.243032407406,2373.243032407406,-0.5532527527990809,tp,0.1,0.7000000000000001,79.59013784460403,1.133956928700861,9335.425455061533
2024-05-23,1,2024-05-23 12:55:00,2024-05-23 13:12:20,4,2360.908,2367.9308343881844,2353.825276,2368.013275268816,2368.013275268816,-0.30058004079423367,tp,0.1,0.7000000000000001,69.52834388184492,0.9915442685871453,9404.953798943377
2024-05-23,1,2024-05-23 13:50:00,2024-05-23 14:17:15,6,2356.224,2349.1553280000003,2349.1553280000003,2367.8113012048184,2367.8113012048184,-0.4884595828617487,sl,0.1,0.7000000000000001,-71.38671999999879,-1.0,9333.567078943379
2024-05-23,1,2024-05-23 14:25:00,2024-05-23 14:33:20,2,2352.503,2345.445491,2345.445491,2367.2632023121378,2367.2632023121378,-0.6253509241253299,sl,0.1,0.7000000000000001,-71.2750900000021,-1.0,9262.291988943378
2024-05-23,1,2024-05-23 14:40:00,2024-05-23 16:59:25,28,2347.193,2340.151421,2340.151421,2366.9288285984835,2366.9288285984835,-0.8336891401237393,sl,0.1,0.7000000000000001,-71.11579000000184,-1.0,9191.176198943376
2024-05-23,1,2024-05-23 17:05:00,2024-05-23 17:38:05,7,2341.552,2334.527344,2334.527344,2363.7623195121946,2363.7623195121946,-0.9424517570274075,sl,0.1,0.7000000000000001,-70.9465600000005,-1.0,9120.229638943374
2024-05-23,1,2024-05-23 17:45:00,2024-05-23 20:39:40,35,2334.001,2326.998997,2326.998997,2362.8248732394363,2362.8248732394363,-1.2233819597389748,sl,0.1,0.7000000000000001,-70.72003000000059,-1.0,9049.509608943374
2024-05-23,1,2024-05-23 20:45:00,2024-05-23 23:58:55,27,2328.358,2332.014,2321.372926,2358.5423647925036,2358.5423647925036,-1.2839228688252884,session_end,0.1,0.7000000000000001,35.85999999999949,0.5234017563736421,9085.369608943374
2024-05-24,-1,2024-05-24 07:15:00,2024-05-24 13:31:15,76,2340.156,2347.1764679999997,2347.1764679999997,2332.962810344829,2332.962810344829,0.3088000212959284,sl,0.1,0.7000000000000001,-70.9046799999971,-1.0,9014.464928943376
2024-05-27,-1,2024-05-27 02:55:00,2024-05-27 05:37:35,33,2345.998,2341.0781119402986,2353.035994,2338.4501761904758,2338.4501761904758,0.32339041842848654,tp,0.1,0.7000000000000001,48.498880597014065,0.6990469244079417,9062.96380954039
2024-05-27,-1,2024-05-27 13:20:00,2024-05-27 14:18:25,12,2350.207,2357.2576209999997,2357.2576209999997,2342.7187083333324,2342.7187083333324,0.32265041636369735,sl,0.1,0.7000000000000001,-71.20620999999865,-1.0,8991.757599540391
2024-05-27,-1,2024-05-27 14:25:00,2024-05-27 23:59:55,57,2356.38,2352.504,2363.4491399999997,2343.569494219653,2343.569494219653,0.5484798215735053,session_end,0.1,0.7000000000000001,38.060000000002034,0.548298661506268,9029.817599540394
2024-05-28,1,2024-05-28 06:25:00,2024-05-28 11:56:00,67,2343.667,2348.3404254079255,2336.635999,2352.033562770563,2352.033562770563,-0.3538241503986145,tp,0.1,0.7000000000000001,46.03425407925606,0.6646884857398992,9075.85185361965
2024-05-28,-1,2024-05-28 12:40:00,2024-05-28 13:23:55,9,2356.767,2363.8373009999996,2363.8373009999996,2348.5297346491225,2348.5297346491225,0.35074136934902483,sl,0.1,0.7000000000000001,-71.40300999999745,-1.0,9004.448843619652
2024-05-28,-1,2024-05-28 13:30:00,2024-05-28 14:04:00,7,2360.87,2349.3437341269832,2367.95261,2349.026015432098,2349.026015432098,0.5069115663119473,tp,0.1,0.7000000000000001,114.56265873016655,1.6274037216530017,9119.011502349818
2024-05-28,-1,2024-05-28 15:20:00,2024-05-28 23:59:55,92,2358.357,2359.816,2365.4320709999997,2349.708250905796,2349.708250905796,0.3715248091263638,session_end,0.1,0.7000000000000001,-15.289999999998326,-0.20621701181513,9103.721502349821
2024-05-29,1,2024-05-29 08:10:00,2024-05-29 09:12:25,13,2349.34,2342.29198,2342.29198,2356.8591683673467,2356.8591683673467,-0.31880005679557344,sl,0.1,0.7000000000000001,-71.18020000000179,-1.0,9032.541302349819
2024-05-29,1,2024-05-29 09:20:00,2024-05-29 12:53:10,43,2343.084,2336.054748,2336.054748,2355.586922619047,2355.586922619047,-0.5333881971579868,sl,0.1,0.7000000000000001,-70.99251999999815,-1.0,8961.54878234982
2024-05-29,1,2024-05-29 13:00:00,2024-05-29 23:59:55,120,2337.762,2338.433,2330.7487140000003,2352.174376068375,2352.174376068375,-0.6157654047989534,session_end,0.1,0.7000000000000001,6.009999999998217,0.09567555066196262,8967.558782349819
2024-05-30,1,2024-05-30 05:40:00,2024-05-30 07:00:35,17,2327.228,2333.2747857142845,2320.246316,2334.6001029411755,2334.6001029411755,-0.31451223410488777,tp,0.1,0.7000000000000001,59.767857142843965,0.8660927240884174,9027.326639492663
2024-05-30,-1,2024-05-30 11:00:00,2024-05-30 12:02:15,13,2340.601,2334.049130787036,2347.6228029999997,2333.6926502525243,2333.6926502525243,0.30029017517440737,tp,0.1,0.7000000000000001,64.81869212963993,0.9330750539376187,9092.145331622303
2024-05-30,-1,2024-05-30 12:35:00,2024-05-30 13:57:05,17,2341.501,2348.525503,2348.525503,2334.178651214127,2334.178651214127,0.3169144222112228,sl,0.1,0.7000000000000001,-70.94502999999641,-1.0,9021.200301622306
2024-05-30,-1,2024-05-30 14:05:00,2024-05-30 23:59:55,107,2349.027,2344.038,2356.0740809999998,2335.237468441814,2335.237468441814,0.5932814861621067,session_end,0.1,0.7000000000000001,49.190000000000325,0.7079526970103281,9070.390301622307
2024-05-31,-1,2024-05-31 12:45:00,2024-05-31 13:03:35,4,2352.576,2359.633728,2359.633728,2343.5891078431373,2343.5891078431373,0.38880075548945614,sl,0.1,0.7000000000000001,-71.2772799999977,-1.0,8999.113021622308
2024-05-31,-1,2024-05-31 13:10:00,2024-05-31 13:55:40,10,2354.472,2344.4564720558874,2361.535416,2343.955766877637,2343.955766877637,0.45193826914550395,tp,0.1,0.7000000000000001,99.45527944112818,1.4179439444190847,9098.568301063437
2024-05-31,1,2024-05-31 14:45:00,2024-05-31 15:20:10,8,2336.223,2329.214331,2329.214331,2344.3141186440675,2344.3141186440675,-0.34501002147039656,sl,0.1,0.7000000000000001,-70.78668999999827,-1.0,9027.781611063438
2024-05-31,1,2024-05-31 15:30:00,2024-05-31 17:28:50,24,2331.283,2324.289151,2324.289151,2343.78351702509,2343.78351702509,-0.5366970513154092,sl,0.1,0.7000000000000001,-70.63848999999955,-1.0,8957.143121063438
2024-05-31,1,2024-05-31 17:35:00,2024-05-31 20:57:55,41,2324.485,2327.26,2317.5115450000003,2342.374298578199,2342.374298578199,-0.7651338468441022,session_end,0.1,0.7000000000000001,27.05000000000091,0.39793760768516584,8984.19312106344
2024-06-03,1,2024-06-03 05:45:00,2024-06-03 07:00:45,16,2315.682,2324.0232162698408,2308.7349539999996,2325.3242294685992,2325.3242294685992,-0.419026703679337,tp,0.1,0.7000000000000001,82.7121626984097,1.2006853373132547,9066.90528376185
2024-06-03,-1,2024-06-03 12:40:00,2024-06-03 14:00:00,17,2333.444,2340.4443319999996,2340.4443319999996,2325.686322368421,2325.686322368421,0.3363384630311254,sl,0.1,0.7000000000000001,-70.70331999999617,-1.0,8996.201963761854
2024-06-03,-1,2024-06-03 14:10:00,2024-06-03 16:39:00,30,2339.51,2346.52853,2346.52853,2326.58242745098,2326.58242745098,0.5598156504297909,sl,0.1,0.7000000000000001,-70.88529999999828,-1.0,8925.316663761854
2024-06-03,-1,2024-06-03 16:45:00,2024-06-03 17:06:55,5,2347.38,2354.4221399999997,2354.4221399999997,2328.973330845771,2328.973330845771,0.7931035065790558,sl,0.1,0.7000000000000001,-71.12139999999563,-1.0,8854.19526376186
2024-06-03,-1,2024-06-03 17:15:00,2024-06-03 23:59:55,69,2350.729,2350.76,2357.7811869999996,2329.5770901771334,2329.5770901771334,0.906705766979391,session_end,0.1,0.7000000000000001,-1.0100000000040383,-0.00439579948750718,8853.185263761856
2024-06-04,1,2024-06-04 08:00:00,2024-06-04 08:56:10,12,2339.809,2332.789573,2332.789573,2347.518694444445,2347.518694444445,-0.3274178162088683,sl,0.1,0.7000000000000001,-70.89427000000178,-1.0,8782.290993761853
2024-06-04,1,2024-06-04 09:05:00,2024-06-04 13:57:00,59,2332.063,2325.066811,2325.066811,2346.0569067278293,2346.0569067278293,-0.599640472807223,sl,0.1,0.7000000000000001,-70.66188999999959,-1.0,8711.629103761854
2024-06-04,1,2024-06-04 14:05:00,2024-06-04 14:13:15,2,2329.094,2322.106718,2322.106718,2340.6247642998014,2340.6247642998014,-0.496395854517814,sl,0.1,0.7000000000000001,-70.5728200000005,-1.0,8641.056283761853
2024-06-04,1,2024-06-04 14:20:00,2024-06-04 23:59:55,104,2319.46,2328.855,2312.50162,2340.309465116278,2340.309465116278,-0.8941110322449616,session_end,0.1,0.7000000000000001,93.24999999999982,1.3501705856822905,8734.306283761853
2024-06-05,-1,2024-06-05 05:05:00,2024-06-05 06:11:55,14,2339.855,2333.60193918919,2346.8745649999996,2332.4396584699457,2332.4396584699457,0.3194012545191219,tp,0.1,0.7000000000000001,61.83060810809984,0.890804602679844,8796.136891869952
2024-06-05,-1,2024-06-05 12:55:00,2024-06-05 14:40:35,22,2343.009,2350.0380269999996,2350.0380269999996,2333.366962365592,2333.366962365592,0.4165241812010169,sl,0.1,0.7000000000000001,-70.99026999999587,-1.0,8725.146621869957
2024-06-05,-1,2024-06-05 14:50:00,2024-06-05 15:16:40,6,2346.722,2353.762166,2353.762166,2334.5795224719113,2334.5795224719113,0.5234551837047513,sl,0.1,0.7000000000000001,-71.10165999999772,-1.0,8654.044961869959
2024-06-05,-1,2024-06-05 15:25:00,2024-06-05 23:59:55,91,2351.919,2355.143,2358.9747569999995,2335.1858396396406,2335.1858396396406,0.7191573396552843,session_end,0.1,0.7000000000000001,-32.940000000001604,-0.4569318359462109,8621.104961869958
2024-06-06,-1,2024-06-06 01:15:00,2024-06-06 01:31:00,4,2363.649,2370.7399469999996,2370.7399469999996,2356.2066222222224,2356.2066222222224,0.3155656090451357,sl,0.1,0.7000000000000001,-71.60946999999688,-1.0,8549.49549186996
2024-06-06,-1,2024-06-06 01:40:00,2024-06-06 06:14:25,55,2370.529,2366.365729729731,2377.640587,2359.005,2359.005,0.4915631802391264,tp,0.1,0.7000000000000001,40.932702702690946,0.585420704305406,8590.42819457265
2024-06-06,1,2024-06-06 12:55:00,2024-06-06 13:33:00,8,2356.554,2363.913346707819,2349.484338,2364.2189043010753,2364.2189043010753,-0.3234008613654914,tp,0.1,0.7000000000000001,72.89346707818986,1.0409757507245907,8663.321661650842
2024-06-06,-1,2024-06-06 15:25:00,2024-06-06 23:59:55,91,2372.567,2376.861,2379.6847009999997,2364.00710990991,2364.00710990991,0.36124637926387027,session_end,0.1,0.7000000000000001,-43.63999999999869,-0.6032846841978987,8619.681661650842
2024-06-07,-1,2024-06-07 04:30:00,2024-06-07 05:51:40,17,2384.282,2377.9663166666664,2391.434846,2376.2213333333325,2376.2213333333325,0.33968496761809625,tp,0.1,0.7000000000000001,62.45683333333709,0.8829608988273688,8682.13849498418
2024-06-07,1,2024-06-07 08:05:00,2024-06-07 08:14:45,2,2358.515,2351.4394549999997,2351.4394549999997,2377.1361030927833,2377.1361030927833,-0.7864548886561497,sl,0.1,0.7000000000000001,-71.45545000000148,-1.0,8610.683044984178
2024-06-07,1,2024-06-07 08:20:00,2024-06-07 08:35:40,4,2356.011,2348.942967,2348.942967,2376.4802866666664,2376.4802866666664,-0.8623377514067634,sl,0.1,0.7000000000000001,-71.38033000000014,-1.0,8539.302714984178
2024-06-07,1,2024-06-07 08:45:00,2024-06-07 09:25:10,9,2347.199,2340.157403,2340.157403,2375.2771476190474,2375.2771476190474,-1.1817209476874515,sl,0.1,0.7000000000000001,-71.11596999999911,-1.0,8468.18674498418
2024-06-07,1,2024-06-07 09:35:00,2024-06-07 10:50:35,16,2340.811,2333.788567,2333.788567,2372.520243478261,2372.520243478261,-1.3380388877829061,sl,0.1,0.7000000000000001,-70.92433000000092,-1.0,8397.262414984178
2024-06-07,1,2024-06-07 11:00:00,2024-06-07 12:30:00,19,2333.703,2326.701891,2326.701891,2367.9312032828275,2367.9312032828275,-1.4450674595355082,sl,0.1,0.7000000000000001,-70.71108999999815,-1.0,8326.551324984179
2024-06-07,1,2024-06-07 12:40:00,2024-06-07 12:46:50,2,2321.8,2314.8346,2314.8346,2363.3906107456132,2363.3906107456132,-1.7629802943351778,sl,0.1,0.7000000000000001,-70.35400000000045,-1.0,8256.19732498418
2024-06-07,1,2024-06-07 12:55:00,2024-06-07 13:51:00,12,2316.82,2309.86954,2309.86954,2362.514046236559,2362.514046236559,-1.9330698291215913,sl,0.1,0.7000000000000001,-70.20460000000021,-1.0,8185.9927249841785
2024-06-07,1,2024-06-07 14:00:00,2024-06-07 18:34:20,55,2309.59,2302.66123,2302.66123,2359.201390873016,2359.201390873016,-2.1064073234810454,sl,0.1,0.7000000000000001,-69.98769999999986,-1.0,8116.005024984179
2024-06-07,1,2024-06-07 18:40:00,2024-06-07 19:33:00,11,2300.728,2293.825816,2293.825816,2346.874993303572,2346.874993303572,-1.9693419306715259,sl,0.1,0.7000000000000001,-69.72184000000034,-1.0,8046.283184984179
2024-06-07,1,2024-06-07 19:40:00,2024-06-07 20:13:40,7,2293.951,2287.069147,2287.069147,2344.4034399717516,2344.4034399717516,-2.1535943477527097,sl,0.1,0.7000000000000001,-69.51852999999865,-1.0,7976.764654984179
2024-06-10,-1,2024-06-10 12:00:00,2024-06-10 16:26:25,54,2305.061,2311.9761829999998,2311.9761829999998,2296.0200046296304,2296.0200046296304,0.39736131880268244,sl,0.1,0.7000000000000001,-69.85182999999616,-1.0,7906.912824984183
2024-06-10,-1,2024-06-10 16:35:00,2024-06-10 23:59:55,77,2313.415,2310.062,2320.3552449999997,2298.7118375209384,2298.7118375209384,0.6395174131489031,session_end,0.1,0.7000000000000001,32.83000000000065,0.48312415483893917,7939.742824984185
2024-06-11,1,2024-06-11 02:15:00,2024-06-11 06:35:35,53,2299.835,2304.1123143459913,2292.935495,2307.767425925926,2307.767425925926,-0.34611052379862833,tp,0.1,0.7000000000000001,42.073143459912714,0.6199451041765107,7981.815968444097
2024-06-11,-1,2024-06-11 12:20:00,2024-06-11 16:21:45,49,2313.652,2307.1225229591832,2320.592956,2304.8564864864866,2304.8564864864866,0.3809136735839395,tp,0.1,0.7000000000000001,64.594770408168,0.940717250018136,8046.410738852265
2024-06-11,-1,2024-06-11 18:30:00,2024-06-11 23:59:55,54,2314.909,2315.202,2321.8537269999997,2307.497303303303,2307.497303303303,0.32193739451233255,session_end,0.1,0.7000000000000001,-3.6300000000012007,-0.04219028336177028,8042.780738852264
2024-06-12,-1,2024-06-12 12:35:00,2024-06-12 12:45:25,3,2325.162,2332.1374859999996,2332.1374859999996,2314.0011324503307,2314.0011324503307,0.4805255880706857,sl,0.1,0.7000000000000001,-70.45485999999819,-1.0,7972.325878852265
2024-06-12,-1,2024-06-12 12:55:00,2024-06-12 18:53:00,72,2336.522,2319.915202802359,2343.5315659999997,2314.43667204301,2314.43667204301,0.9575257869305964,tp,0.1,0.7000000000000001,165.36797197640846,2.369161970604386,8137.693850828674
2024-06-13,1,2024-06-13 01:35:00,2024-06-13 03:14:05,20,2311.472,2315.9995350877193,2304.537584,2318.4724736842104,2318.4724736842104,-0.30358237003459393,tp,0.1,0.7000000000000001,44.575350877191156,0.6529079143390127,8182.269201705865
2024-06-13,1,2024-06-13 11:40:00,2024-06-13 12:30:05,11,2307.684,2314.326521111111,2300.760948,2314.842080952382,2314.842080952382,-0.3127030138230219,tp,0.1,0.7000000000000001,65.72521111110909,0.9594787257283082,8247.994412816974
2024-06-13,-1,2024-06-13 12:55:00,2024-06-13 13:50:15,12,2323.403,2314.866629518072,2330.3732089999994,2314.492161290323,2314.492161290323,0.38325205235224824,tp,0.1,0.7000000000000001,84.6637048192786,1.2246936185024486,8332.658117636252
2024-06-13,1,2024-06-13 14:15:00,2024-06-13 15:01:00,10,2306.436,2314.580933333333,2299.516692,2314.7380331384015,2314.7380331384015,-0.3582925160285552,tp,0.1,0.7000000000000001,80.74933333333028,1.1771312005959307,8413.407450969584
2024-06-13,1,2024-06-13 15:40:00,2024-06-13 15:54:50,3,2306.789,2299.868633,2299.868633,2314.3785629432623,2314.3785629432623,-0.3296376429256369,sl,0.1,0.7000000000000001,-69.9036700000017,-1.0,8343.503780969582
2024-06-13,1,2024-06-13 16:00:00,2024-06-13 23:59:55,84,2299.069,2302.404,2292.171793,2314.133102430555,2314.133102430555,-0.6499454337677466,session_end,0.1,0.7000000000000001,32.65000000000036,0.48352905748660957,8376.153780969582
2024-06-14,-1,2024-06-14 07:50:00,2024-06-14 09:49:20,24,2315.018,2321.963054,2321.963054,2307.0675780141833,2307.0675780141833,0.34738566230968704,sl,0.1,0.7000000000000001,-70.150539999998,-1.0,8306.003240969583
2024-06-14,-1,2024-06-14 09:55:00,2024-06-14 10:21:25,6,2320.768,2327.7303039999997,2327.7303039999997,2309.3849607843126,2309.3849607843126,0.4957180985451416,sl,0.1,0.7000000000000001,-70.32303999999677,-1.0,8235.680200969588
2024-06-14,-1,2024-06-14 10:30:00,2024-06-14 11:43:35,15,2328.401,2335.3862029999996,2335.3862029999996,2310.2393320105807,2310.2393320105807,0.7871551547688775,sl,0.1,0.7000000000000001,-70.55202999999729,-1.0,8165.1281709695895
2024-06-14,-1,2024-06-14 11:50:00,2024-06-14 20:57:55,110,2334.8,2332.957,2341.8044,2312.4612828638487,2312.4612828638487,0.9696472456560243,session_end,0.1,0.7000000000000001,17.73000000000302,0.26312032436759086,8182.858170969593
2024-06-17,1,2024-06-17 06:40:00,2024-06-17 09:14:20,31,2315.741,2322.3677227272724,2308.793777,2323.6287958333323,2323.6287958333323,-0.33851344274253886,tp,0.1,0.7000000000000001,65.56722727272408,0.9538664193264406,8248.425398242316
2024-06-17,1,2024-06-17 15:35:00,2024-06-17 20:00:00,54,2314.518,2320.739167361112,2307.574446,2321.8946078431363,2321.8946078431363,-0.31696562877041995,tp,0.1,0.7000000000000001,61.51167361111838,0.8959629839577663,8309.937071853436
2024-06-18,1,2024-06-18 08:05:00,2024-06-18 10:44:00,32,2314.34,2307.39698,2307.39698,2321.961946735396,2321.961946735396,-0.32868526317264957,sl,0.1,0.7000000000000001,-70.13020000000161,-1.0,8239.806871853434
2024-06-18,1,2024-06-18 10:50:00,2024-06-18 12:30:00,21,2308.623,2318.2917933333333,2301.697131,2319.389380769231,2319.389380769231,-0.46733769064839165,tp,0.1,0.7000000000000001,95.98793333333269,1.396040458364584,8335.794805186766
2024-06-18,-1,2024-06-18 14:00:00,2024-06-18 23:59:55,108,2326.728,2328.386,2333.7081839999996,2318.3549712301588,2318.3549712301588,0.36351330466747767,session_end,0.1,0.7000000000000001,-17.279999999999017,-0.23752955509482382,8318.514805186767
2024-06-20,-1,2024-06-20 05:05:00,2024-06-20 08:03:40,36,2341.433,2337.1903281250006,2348.4572989999997,2334.125161202186,2334.125161202186,0.3126798390731892,tp,0.1,0.7000000000000001,41.726718749993594,0.6039993279043988,8360.24152393676
2024-06-20,-1,2024-06-20 13:45:00,2024-06-20 14:03:25,4,2345.116,2352.151348,2352.151348,2337.2578797979804,2337.2578797979804,0.33974086773453893,sl,0.1,0.7000000000000001,-71.05347999999886,-1.0,8289.188043936761
2024-06-20,-1,2024-06-20 14:10:00,2024-06-20 14:22:30,3,2351.66,2358.7149799999997,2358.7149799999997,2337.599397058824,2337.599397058824,0.6049626364110636,sl,0.1,0.7000000000000001,-71.24979999999887,-1.0,8217.938243936762
2024-06-20,-1,2024-06-20 14:30:00,2024-06-20 14:49:05,4,2355.594,2362.660782,2362.660782,2337.970054597701,2337.970054597701,0.7528516187658171,sl,0.1,0.7000000000000001,-71.36781999999876,-1.0,8146.570423936764
2024-06-20,-1,2024-06-20 14:55:00,2024-06-20 23:59:55,97,2362.276,2360.878,2369.362828,2338.57558566108,2338.57558566108,1.0144386388184161,session_end,0.1,0.7000000000000001,13.279999999996836,0.19726738111884326,8159.85042393676
2024-06-21,1,2024-06-21 13:30:00,2024-06-21 13:45:00,4,2355.356,2348.289932,2348.289932,2362.4456316872447,2362.4456316872447,-0.30009713629606677,sl,0.1,0.7000000000000001,-71.36068000000087,-1.0,8088.48974393676
2024-06-21,1,2024-06-21 13:55:00,2024-06-21 14:25:00,7,2335.992,2328.9840240000003,2328.9840240000003,2362.018757485032,2362.018757485032,-1.1009547406270608,sl,0.1,0.7000000000000001,-70.77975999999872,-1.0,8017.709983936761
2024-06-21,1,2024-06-21 14:35:00,2024-06-21 15:15:25,9,2335.203,2328.197391,2328.197391,2360.76981809524,2360.76981809524,-1.0858880818767698,sl,0.1,0.7000000000000001,-70.75608999999822,-1.0,7946.953893936763
2024-06-21,1,2024-06-21 15:25:00,2024-06-21 17:28:45,25,2324.953,2317.978141,2317.978141,2359.17486756757,2359.17486756757,-1.4492510935750127,sl,0.1,0.7000000000000001,-70.44858999999924,-1.0,7876.505303936763
2024-06-21,1,2024-06-21 17:35:00,2024-06-21 20:57:55,41,2319.988,2321.571,2313.0280359999997,2354.9925505529245,2354.9925505529245,-1.4896883875359903,session_end,0.1,0.7000000000000001,15.130000000000837,0.22744370516859783,7891.635303936764
2024-06-24,-1,2024-06-24 07:45:00,2024-06-24 09:32:55,22,2331.641,2325.165029239766,2338.635923,2324.0361917562727,2324.0361917562727,0.32750386034115275,tp,0.1,0.7000000000000001,64.05970760233849,0.9258101569143915,7955.695011539103
2024-06-24,-1,2024-06-24 13:35:00,2024-06-24 23:59:55,113,2332.518,2331.008,2339.5155539999996,2325.4878834355823,2325.4878834355823,0.3022856672137286,session_end,0.1,0.7000000000000001,14.400000000002183,0.21578968879701516,7970.095011539105
2024-06-25,-1,2024-06-25 10:10:00,2024-06-25 11:42:15,19,2334.761,2328.370173809522,2341.7652829999997,2327.5201639344255,2327.5201639344255,0.3093995135750643,tp,0.1,0.7000000000000001,63.20826190478037,0.9124169012700168,8033.303273443886
2024-06-25,1,2024-06-25 15:35:00,2024-06-25 23:59:55,89,2318.007,2320.096,2311.052979,2327.6594447415323,2327.6594447415323,-0.41429792332026677,session_end,0.1,0.7000000000000001,20.18999999999942,0.30040173879255444,8053.493273443884
2024-06-26,1,2024-06-26 10:25:00,2024-06-26 12:04:45,20,2308.916,2315.6630370370353,2301.9892520000003,2316.6767879999993,2316.6767879999993,-0.33482391847572807,tp,0.1,0.7000000000000001,66.7703703703517,0.9740555072936543,8120.263643814236
2024-06-26,1,2024-06-26 13:10:00,2024-06-26 13:26:15,4,2306.226,2299.307322,2299.307322,2315.51859599156,2315.51859599156,-0.4017715948239114,sl,0.1,0.7000000000000001,-69.88678,-1.0,8050.3768638142365
2024-06-26,1,2024-06-26 13:35:00,2024-06-26 23:59:55,113,2298.426,2298.47,2291.530722,2315.065341513291,2315.065341513291,-0.7182882148121776,session_end,0.1,0.7000000000000001,-0.26000000000130974,0.006381178539845569,8050.116863814235
2024-06-27,-1,2024-06-27 08:50:00,2024-06-27 10:07:05,16,2307.113,2314.0343389999994,2314.0343389999994,2300.029204402516,2300.029204402516,0.30924805580160525,sl,0.1,0.7000000000000001,-69.91338999999535,-1.0,7980.203473814239
2024-06-27,-1,2024-06-27 10:15:00,2024-06-27 12:30:00,28,2314.031,2320.9730929999996,2320.9730929999996,2301.575653116531,2301.575653116531,0.5428171290633761,sl,0.1,0.7000000000000001,-70.12092999999659,-1.0,7910.082543814244
2024-06-27,-1,2024-06-27 12:40:00,2024-06-27 14:01:05,17,2323.914,2330.885742,2330.885742,2304.3019133771936,2304.3019133771936,0.8552953286369177,sl,0.1,0.7000000000000001,-70.41741999999722,-1.0,7839.665123814246
2024-06-27,-1,2024-06-27 14:10:00,2024-06-27 23:59:55,106,2326.888,2327.852,2333.8686639999996,2306.2875088235296,2306.2875088235296,0.8945108143517659,session_end,0.1,0.7000000000000001,-10.339999999999417,-0.13809574561961188,7829.3251238142475
2024-06-28,-1,2024-06-28 10:20:00,2024-06-28 13:11:30,35,2332.92,2339.91876,2339.91876,2324.8961411290325,2324.8961411290325,0.3480524883592325,sl,0.1,0.7000000000000001,-70.68759999999948,-1.0,7758.637523814248
2024-06-28,-1,2024-06-28 13:20:00,2024-06-28 13:33:50,3,2336.503,2327.318430041152,2343.5125089999997,2327.244845833333,2327.244845833333,0.40127510362249397,tp,0.1,0.7000000000000001,91.14569958847987,1.310301471736267,7849.783223402728
2024-07-01,-1,2024-07-01 11:05:00,2024-07-01 13:16:35,27,2332.794,2326.963278825995,2339.7923819999996,2325.6245375939843,2325.6245375939843,0.3082811644837927,tp,0.1,0.7000000000000001,57.60721174004793,0.833152745020919,7907.3904351427755
2024-07-02,1,2024-07-02 11:45:00,2024-07-02 12:55:55,15,2321.384,2328.4858903225813,2314.419848,2329.052586288416,2329.052586288416,-0.3293221601595062,tp,0.1,0.7000000000000001,70.31890322581312,1.0197781901631813,7977.709338368589
2024-07-03,-1,2024-07-03 07:00:00,2024-07-03 07:57:15,12,2340.214,2347.234642,2347.234642,2331.9376587301585,2331.9376587301585,0.35489118840114486,sl,0.1,0.7000000000000001,-70.90641999999953,-1.0,7906.802918368589
2024-07-03,-1,2024-07-03 08:05:00,2024-07-03 12:35:20,55,2346.627,2353.6668809999996,2353.6668809999996,2333.3476219931267,2333.3476219931267,0.5694555702559023,sl,0.1,0.7000000000000001,-71.09880999999696,-1.0,7835.704108368593
2024-07-03,-1,2024-07-03 12:45:00,2024-07-03 14:00:00,16,2352.738,2359.7962139999995,2359.7962139999995,2338.022094771241,2338.022094771241,0.6328385545136139,sl,0.1,0.7000000000000001,-71.2821399999968,-1.0,7764.421968368596
2024-07-03,-1,2024-07-03 14:10:00,2024-07-03 23:59:55,106,2362.847,2359.056,2369.935541,2339.5664039215676,2339.5664039215676,0.9988430351565162,session_end,0.1,0.7000000000000001,37.21000000000167,0.5348068100333156,7801.631968368598
2024-07-05,-1,2024-07-05 12:35:00,2024-07-05 13:10:40,8,2370.287,2377.3978609999995,2377.3978609999995,2363.0111688741704,2363.0111688741704,0.3112270996727193,sl,0.1,0.7000000000000001,-71.80860999999659,-1.0,7729.8233583686015
2024-07-05,-1,2024-07-05 13:20:00,2024-07-05 13:41:25,5,2375.505,2382.631515,2382.631515,2363.5334947916645,2363.5334947916645,0.505324135860752,sl,0.1,0.7000000000000001,-71.96514999999927,-1.0,7657.858208368602
2024-07-05,-1,2024-07-05 13:50:00,2024-07-05 15:33:35,21,2380.496,2387.637488,2387.637488,2364.0671726907613,2364.0671726907613,0.6952352073199249,sl,0.1,0.7000000000000001,-72.11487999999754,-1.0,7585.743328368605
2024-07-05,-1,2024-07-05 15:40:00,2024-07-05 18:42:20,37,2384.455,2391.6083649999996,2391.6083649999996,2366.1072969858133,2366.1072969858133,0.7748889087803982,sl,0.1,0.7000000000000001,-72.23364999999667,-1.0,7513.509678368609
2024-07-05,-1,2024-07-05 18:50:00,2024-07-05 20:57:55,26,2392.112,2391.687,2399.2883359999996,2369.626406342182,2369.626406342182,0.9498794239284032,session_end,0.1,0.7000000000000001,3.550000000001819,0.059222422138568945,7517.059678368611
2024-07-08,1,2024-07-08 07:00:00,2024-07-08 09:48:25,34,2377.025,2369.8939250000003,2369.8939250000003,2384.46636111111,2384.46636111111,-0.3120975507342566,sl,0.1,0.7000000000000001,-72.01074999999783,-1.0,7445.048928368613
2024-07-08,1,2024-07-08 09:55:00,2024-07-08 14:13:05,52,2369.971,2379.4947147058824,2362.8610869999998,2381.8928333333333,2381.8928333333333,-0.49974260666778647,tp,0.1,0.7000000000000001,94.53714705882412,1.339498065008967,7539.586075427437
2024-07-08,1,2024-07-08 15:30:00,2024-07-08 15:45:15,4,2369.644,2362.5350679999997,2362.5350679999997,2379.1051039426525,2379.1051039426525,-0.4009114152563468,sl,0.1,0.7000000000000001,-71.78932000000096,-1.0,7467.796755427436
2024-07-08,1,2024-07-08 15:55:00,2024-07-08 23:59:55,85,2354.45,2361.78,2347.38665,2378.658642233857,2378.658642233857,-1.0188785310992257,session_end,0.1,0.7000000000000001,72.60000000000382,1.0377512087041538,7540.39675542744
2024-07-09,1,2024-07-09 15:00:00,2024-07-09 16:00:20,13,2355.063,2362.5693862847224,2347.997811,2363.0244907407414,2363.0244907407414,-0.3403896477695925,tp,0.1,0.7000000000000001,74.36386284722339,1.062446635853963,7614.760618274664
2024-07-10,-1,2024-07-10 11:50:00,2024-07-10 13:53:15,25,2377.203,2384.3346089999995,2384.3346089999995,2370.1298896713615,2370.1298896713615,0.3030471182165634,sl,0.1,0.7000000000000001,-72.01608999999571,-1.0,7542.7445282746685
2024-07-10,-1,2024-07-10 14:00:00,2024-07-10 17:21:35,41,2383.241,2372.9698076923078,2390.3907229999995,2371.621987103174,2371.621987103174,0.490909300054476,tp,0.1,0.7000000000000001,102.01192307692217,1.436586047836102,7644.756451351591
2024-07-11,-1,2024-07-11 12:35:00,2024-07-11 12:42:10,2,2399.595,2406.7937849999994,2406.7937849999994,2379.842714128036,2379.842714128036,0.8330922776645898,sl,0.1,0.7000000000000001,-72.68784999999589,-1.0,7572.068601351595
2024-07-11,-1,2024-07-11 12:50:00,2024-07-11 14:52:50,25,2408.363,2415.5880889999994,2415.5880889999994,2380.324373376624,2380.324373376624,1.1773658639482438,sl,0.1,0.7000000000000001,-72.95088999999571,-1.0,7499.1177113516
2024-07-11,-1,2024-07-11 15:00:00,2024-07-11 23:59:55,96,2417.742,2415.986,2424.995226,2384.2769907407414,2384.2769907407414,1.4026687918029321,session_end,0.1,0.7000000000000001,16.86000000000313,0.2420991707690286,7515.977711351603
2024-07-12,1,2024-07-12 07:30:00,2024-07-12 08:40:30,15,2401.269,2408.138717948718,2394.065193,2408.6074129629633,2408.6074129629633,-0.30710330472095426,tp,0.1,0.7000000000000001,67.99717948718062,0.9536232645763811,7583.974890838784
2024-07-12,1,2024-07-12 10:50:00,2024-07-12 12:31:15,21,2400.257,2393.0562290000003,2393.0562290000003,2407.4118948717946,2407.4118948717946,-0.30058814975574305,sl,0.1,0.7000000000000001,-72.70770999999804,-1.0,7511.267180838786
2024-07-12,1,2024-07-12 12:40:00,2024-07-12 14:00:00,17,2394.077,2405.9566666666674,2386.894769,2406.499126096492,2406.499126096492,-0.5187047841043703,tp,0.1,0.7000000000000001,118.09666666667162,1.6540357260392744,7629.363847505458
2024-07-12,-1,2024-07-12 16:20:00,2024-07-12 20:57:55,56,2414.45,2411.531,2421.6933499999996,2406.5716411564626,2406.5716411564626,0.3288436840273815,session_end,0.1,0.7000000000000001,28.48999999999869,0.40299032906044513,7657.8538475054565
2024-07-15,-1,2024-07-15 11:10:00,2024-07-15 14:40:40,43,2416.807,2424.0574209999995,2424.0574209999995,2409.2165783582072,2409.2165783582072,0.3172160490029985,sl,0.1,0.7000000000000001,-73.20420999999733,-1.0,7584.649637505459
2024-07-15,-1,2024-07-15 14:50:00,2024-07-15 14:58:10,2,2424.601,2431.8748029999997,2431.8748029999997,2411.3726985018698,2411.3726985018698,0.5515863021254903,sl,0.1,0.7000000000000001,-73.43802999999589,-1.0,7511.211607505464
2024-07-15,-1,2024-07-15 15:05:00,2024-07-15 23:59:55,95,2432.905,2422.611,2440.203715,2411.6928186003656,2411.6928186003656,0.8820435685494932,session_end,0.1,0.7000000000000001,102.24000000000323,1.4103852527466085,7613.451607505467
2024-07-16,-1,2024-07-16 07:20:00,2024-07-16 09:51:50,31,2435.892,2443.1996759999997,2443.1996759999997,2427.73359469697,2427.73359469697,0.3354530052563868,sl,0.1,0.7000000000000001,-73.77675999999902,-1.0,7539.674847505468
2024-07-16,-1,2024-07-16 10:00:00,2024-07-16 12:38:25,32,2442.49,2432.5398311258273,2449.8174699999995,2430.3965472222217,2430.3965472222217,0.49680998730756976,tp,0.1,0.7000000000000001,98.80168874172504,1.3579269344225064,7638.4765362471935
2024-07-16,-1,2024-07-16 13:40:00,2024-07-16 14:51:20,15,2442.555,2449.8826649999996,2449.8826649999996,2432.7613638211374,2432.7613638211374,0.4052857927411426,sl,0.1,0.7000000000000001,-73.97664999999797,-1.0,7564.499886247196
2024-07-16,-1,2024-07-16 15:00:00,2024-07-16 15:22:10,5,2452.051,2459.4071529999997,2459.4071529999997,2433.943275925925,2433.943275925925,0.7465960383633861,sl,0.1,0.7000000000000001,-74.26152999999722,-1.0,7490.238356247199
2024-07-16,-1,2024-07-16 15:30:00,2024-07-16 19:51:40,53,2459.986,2467.3659579999994,2467.3659579999994,2434.692629928314,2434.692629928314,1.0381133848682096,sl,0.1,0.7000000000000001,-74.49957999999533,-1.0,7415.7387762472035
2024-07-16,-1,2024-07-16 20:00:00,2024-07-16 23:59:55,36,2468.6,2468.394,2476.0057999999995,2441.166356249998,2441.166356249998,1.1227069257215025,session_end,0.1,0.7000000000000001,1.3600000000013095,0.027816036079848717,7417.098776247205
2024-07-17,-1,2024-07-17 01:55:00,2024-07-17 02:36:35,9,2480.19,2474.0048763440855,2487.63057,2471.938268115942,2471.938268115942,0.33654691103589307,tp,0.1,0.7000000000000001,61.15123655914594,0.8312701387010404,7478.250012806351
2024-07-17,1,2024-07-17 03:30:00,2024-07-17 07:44:00,51,2465.281,2470.519512681159,2457.885157,2473.41240079365,2473.41240079365,-0.32820652112219595,tp,0.1,0.7000000000000001,51.68512681159136,0.7083050142031527,7529.935139617943
2024-07-17,-1,2024-07-17 08:20:00,2024-07-17 09:24:40,13,2478.33,2471.169391369047,2485.7649899999997,2470.812034999999,2470.812034999999,0.30603157556665933,tp,0.1,0.7000000000000001,70.90608630952993,0.9630959330077431,7600.841225927473
2024-07-17,-1,2024-07-17 13:40:00,2024-07-17 14:10:00,7,2479.776,2471.798128431373,2487.2153279999998,2471.5643333333337,2471.5643333333337,0.3355229946809502,tp,0.1,0.7000000000000001,79.07871568627051,1.0723914268368224,7679.9199416137435
2024-07-17,1,2024-07-17 15:00:00,2024-07-17 16:23:25,17,2463.827,2456.435519,2456.435519,2471.62587037037,2471.62587037037,-0.3154955798064097,sl,0.1,0.7000000000000001,-74.61481000000113,-1.0,7605.305131613743
2024-07-17,1,2024-07-17 16:30:00,2024-07-17 23:59:55,78,2453.385,2461.36,2446.0248450000004,2470.7172626262623,2470.7172626262623,-0.7014263788257683,session_end,0.1,0.7000000000000001,79.04999999999909,1.0835369635558045,7684.355131613742
2024-07-18,-1,2024-07-18 07:05:00,2024-07-18 08:56:30,23,2473.449,2466.36896105919,2480.869347,2465.0159901960787,2465.0159901960787,0.3411949389931655,tp,0.1,0.7000000000000001,70.10038940810027,0.9541385248978588,7754.455521021842
2024-07-18,1,2024-07-18 16:05:00,2024-07-18 19:02:15,36,2458.079,2450.704763,2450.704763,2465.587816062175,2465.587816062175,-0.3039362870531826,sl,0.1,0.7000000000000001,-74.44236999999994,-1.0,7680.0131510218425
2024-07-18,1,2024-07-18 19:10:00,2024-07-18 23:59:55,46,2444.146,2441.314,2436.8135620000003,2463.897871014491,2463.897871014491,-0.8038430183121406,session_end,0.1,0.7000000000000001,-29.020000000003346,-0.3862289732283272,7650.993151021839
2024-07-19,1,2024-07-19 01:25:00,2024-07-19 02:57:15,19,2423.859,2428.179319047619,2416.587423,2431.1311862745097,2431.1311862745097,-0.3014722659101467,tp,0.1,0.7000000000000001,42.5031904761925,0.5941378393736686,7693.496341498032
2024-07-19,1,2024-07-19 06:10:00,2024-07-19 11:05:15,60,2417.763,2410.5097109999997,2410.5097109999997,2426.9497567567564,2426.9497567567564,-0.3784073704529205,sl,0.1,0.7000000000000001,-73.23289000000223,-1.0,7620.26345149803
2024-07-19,1,2024-07-19 11:15:00,2024-07-19 12:31:15,16,2412.413,2405.175761,2405.175761,2422.424862962963,2422.424862962963,-0.4143725205447823,sl,0.1,0.7000000000000001,-73.07239000000045,-1.0,7547.19106149803
2024-07-19,1,2024-07-19 12:40:00,2024-07-19 13:06:25,6,2404.148,2396.935556,2396.935556,2420.9974375,2420.9974375,-0.6951447878184915,sl,0.1,0.7000000000000001,-72.82444000000233,-1.0,7474.366621498028
2024-07-19,1,2024-07-19 13:15:00,2024-07-19 20:57:55,93,2396.794,2400.515,2389.6036179999996,2420.173028301886,2420.173028301886,-0.9682997053449895,session_end,0.1,0.7000000000000001,36.51000000000003,0.5174968450911073,7510.876621498028
2024-07-22,1,2024-07-22 12:05:00,2024-07-22 12:34:10,6,2397.44,2390.24768,2390.24768,2405.0475873563223,2405.0475873563223,-0.31933203304158253,sl,0.1,0.7000000000000001,-72.62320000000109,-1.0,7438.253421498027
2024-07-22,1,2024-07-22 12:40:00,2024-07-22 14:30:05,23,2393.609,2386.428173,2386.428173,2404.598245614035,2404.598245614035,-0.4616881690853891,sl,0.1,0.7000000000000001,-72.50827000000136,-1.0,7365.745151498026
2024-07-22,1,2024-07-22 14:40:00,2024-07-22 23:59:55,100,2387.072,2395.847,2379.910784,2403.1597840909094,2403.1597840909094,-0.6734377047272326,session_end,0.1,0.7000000000000001,87.0500000000009,1.225350554989562,7452.795151498027
2024-07-23,1,2024-07-23 06:15:00,2024-07-23 07:45:55,19,2390.157,2397.007422939068,2382.9865290000002,2398.234626666667,2398.234626666667,-0.3391922781956022,tp,0.1,0.7000000000000001,67.80422939067812,0.955365824513885,7520.599380888705
2024-07-23,-1,2024-07-23 08:55:00,2024-07-23 13:52:50,60,2405.386,2400.6523363453816,2412.6021579999997,2397.3576464174457,2397.3576464174457,0.334111749847748,tp,0.1,0.7000000000000001,46.6366365461834,0.6559811543231899,7567.236017434889
2024-07-23,-1,2024-07-23 20:55:00,2024-07-23 23:59:55,25,2409.877,2408.629,2417.1066309999997,2402.2756540504647,2402.2756540504647,0.3185457063027964,session_end,0.1,0.7000000000000001,11.780000000000474,0.17262291809915323,7579.016017434889
2024-07-24,-1,2024-07-24 13:00:00,2024-07-24 13:24:45,5,2421.488,2414.143136458334,2428.7524639999997,2414.0126655982913,2414.0126655982913,0.3108241521942765,tp,0.1,0.7000000000000001,72.74863541665745,1.0110675118860641,7651.764652851547
2024-07-24,-1,2024-07-24 13:40:00,2024-07-24 14:53:20,15,2423.632,2430.9028959999996,2430.9028959999996,2414.2369532520333,2414.2369532520333,0.3903530154847602,sl,0.1,0.7000000000000001,-73.40895999999539,-1.0,7578.355692851552
2024-07-24,-1,2024-07-24 15:00:00,2024-07-24 17:05:20,26,2430.367,2416.2020772357723,2437.658101,2415.1749185185195,2415.1749185185195,0.6280738245984013,tp,0.1,0.7000000000000001,140.9492276422787,1.9427686935386381,7719.304920493831
2024-07-24,1,2024-07-24 18:05:00,2024-07-24 19:56:00,23,2407.37,2400.1478899999997,2400.1478899999997,2416.061231182796,2416.061231182796,-0.3596858833971435,sl,0.1,0.7000000000000001,-72.92110000000157,-1.0,7646.383820493829
2024-07-24,1,2024-07-24 20:05:00,2024-07-24 23:59:55,35,2399.362,2398.733,2392.163914,2415.097869294606,2415.097869294606,-0.6526596497395634,session_end,0.1,0.7000000000000001,-6.989999999999054,-0.08738434078169062,7639.39382049383
2024-07-25,1,2024-07-25 01:30:00,2024-07-25 01:38:40,2,2388.059,2380.894823,2380.894823,2396.68462962963,2396.68462962963,-0.35964805394366084,sl,0.1,0.7000000000000001,-72.34177000000109,-1.0,7567.0520504938295
2024-07-25,1,2024-07-25 01:45:00,2024-07-25 02:41:35,12,2377.867,2370.733399,2370.733399,2394.6545396825395,2394.6545396825395,-0.7036313340116679,sl,0.1,0.7000000000000001,-72.03600999999999,-1.0,7495.01604049383
2024-07-25,1,2024-07-25 02:50:00,2024-07-25 03:22:00,7,2373.959,2366.837123,2366.837123,2387.820279411765,2387.820279411765,-0.5770023619683482,sl,0.1,0.7000000000000001,-71.9187700000004,-1.0,7423.0972704938295
2024-07-25,1,2024-07-25 03:30:00,2024-07-25 10:37:25,86,2370.73,2377.7112624671922,2363.61781,2384.758341269842,2384.758341269842,-0.591122422171101,tp,0.1,0.7000000000000001,69.11262467192209,0.9815911086729092,7492.209895165752
2024-07-25,1,2024-07-25 11:45:00,2024-07-25 12:30:00,10,2369.381,2377.038056666667,2362.272857,2377.5768486997645,2377.5768486997645,-0.34578687558555227,tp,0.1,0.7000000000000001,75.87056666667358,1.0772232166217586,7568.0804618324255
2024-07-25,1,2024-07-25 12:55:00,2024-07-25 13:58:10,13,2369.469,2362.360593,2362.360593,2376.7896688172045,2376.7896688172045,-0.3102575256848106,sl,0.1,0.7000000000000001,-71.7840700000017,-1.0,7496.296391832424
2024-07-25,1,2024-07-25 14:05:00,2024-07-25 17:28:10,41,2363.995,2356.903015,2356.903015,2376.148732741617,2376.148732741617,-0.5108995314283282,sl,0.1,0.7000000000000001,-71.61985000000023,-1.0,7424.676541832424
2024-07-25,1,2024-07-25 17:35:00,2024-07-25 23:59:55,65,2354.938,2363.864,2347.8731860000003,2373.5625552922584,2373.5625552922584,-0.7837398365920795,session_end,0.1,0.7000000000000001,88.5599999999993,1.2634444445388273,7513.236541832423
2024-07-26,-1,2024-07-26 01:50:00,2024-07-26 02:47:40,12,2371.701,2378.8161029999997,2378.8161029999997,2364.083484848485,2364.083484848485,0.3204842468581571,sl,0.1,0.7000000000000001,-71.85102999999636,-1.0,7441.385511832427
2024-07-26,-1,2024-07-26 02:55:00,2024-07-26 05:00:40,26,2376.013,2369.803683333333,2383.1410389999996,2367.6264761904763,2367.6264761904763,0.35590596296599575,tp,0.1,0.7000000000000001,61.393166666668364,0.8711114889617023,7502.778678499096
2024-07-26,-1,2024-07-26 13:25:00,2024-07-26 14:04:35,8,2379.173,2386.3105189999997,2386.3105189999997,2371.5570734989647,2371.5570734989647,0.3208198776262228,sl,0.1,0.7000000000000001,-72.07518999999884,-1.0,7430.703488499097
2024-07-26,-1,2024-07-26 14:10:00,2024-07-26 20:57:55,82,2386.132,2387.23,2393.290396,2372.079683333333,2372.079683333333,0.5954823847577326,session_end,0.1,0.7000000000000001,-11.679999999999563,-0.1533863172699562,7419.023488499098
2024-07-29,1,2024-07-29 14:45:00,2024-07-29 15:15:10,7,2381.297,2374.153109,2374.153109,2392.978242937852,2392.978242937852,-0.4911763394648201,sl,0.1,0.7000000000000001,-72.13891000000167,-1.0,7346.884578499096
2024-07-29,1,2024-07-29 15:25:00,2024-07-29 23:59:55,91,2373.854,2381.207,2366.732438,2392.3730063063053,2392.3730063063053,-0.7732074495718068,session_end,0.1,0.7000000000000001,72.83000000000065,1.0324982075561877,7419.714578499097
2024-07-30,-1,2024-07-30 13:30:00,2024-07-30 15:23:20,23,2394.626,2387.452663043478,2401.809878,2386.7790493827156,2386.7790493827156,0.3277827756745113,tp,0.1,0.7000000000000001,71.03336956522234,0.9985326806110032,7490.74794806432
2024-07-30,-1,2024-07-30 16:50:00,2024-07-30 17:01:30,3,2396.875,2404.0656249999997,2404.0656249999997,2387.5171402640262,2387.5171402640262,0.3918447150892133,sl,0.1,0.7000000000000001,-72.60624999999727,-1.0,7418.141698064323
2024-07-30,-1,2024-07-30 17:10:00,2024-07-30 20:20:30,39,2403.458,2410.668374,2410.668374,2387.7781901294497,2387.7781901294497,0.6576326869665696,sl,0.1,0.7000000000000001,-72.80373999999775,-1.0,7345.337958064325
2024-07-30,-1,2024-07-30 20:30:00,2024-07-30 23:59:55,30,2411.958,2409.923,2419.1938739999996,2390.7978224932253,2390.7978224932253,0.8832481487185376,session_end,0.1,0.7000000000000001,19.650000000003093,0.28123762243516764,7364.987958064328
2024-07-31,-1,2024-07-31 03:30:00,2024-07-31 06:34:05,37,2417.945,2425.1988349999997,2425.1988349999997,2408.6495119047618,2408.6495119047618,0.38876507557270995,sl,0.1,0.7000000000000001,-73.23834999999526,-1.0,7291.749608064333
2024-07-31,-1,2024-07-31 06:40:00,2024-07-31 18:40:30,145,2422.691,2429.9590729999995,2429.9590729999995,2413.42565625,2413.42565625,0.38664309902544103,sl,0.1,0.7000000000000001,-73.38072999999731,-1.0,7218.368878064336
2024-07-31,-1,2024-07-31 18:50:00,2024-07-31 19:26:05,8,2434.394,2441.6971819999994,2441.6971819999994,2418.953224188791,2418.953224188791,0.6374152115479667,sl,0.1,0.7000000000000001,-73.73181999999652,-1.0,7144.63705806434
2024-07-31,-1,2024-07-31 19:35:00,2024-07-31 23:59:55,41,2445.46,2445.86,2452.7963799999998,2419.6206709219864,2419.6206709219864,1.0675776326613584,session_end,0.1,0.7000000000000001,-4.70000000000091,-0.05452280279921506,7139.937058064339
2024-08-01,-1,2024-08-01 01:25:00,2024-08-01 02:00:55,8,2456.984,2450.0455069444447,2464.3549519999997,2448.1873627450977,2448.1873627450977,0.3596798753600554,tp,0.1,0.7000000000000001,68.68493055555227,0.9413292958026931,7208.621988619891
2024-08-01,1,2024-08-01 02:55:00,2024-08-01 05:20:15,30,2437.82,2446.7528072916666,2430.5065400000003,2449.2089285714287,2449.2089285714287,-0.4680665841813458,tp,0.1,0.7000000000000001,88.6280729166645,1.2214201337898385,7297.250061536556
2024-08-01,1,2024-08-01 08:30:00,2024-08-01 11:52:40,41,2436.791,2442.7473720657267,2429.4806270000004,2445.831423202614,2445.831423202614,-0.37011639954975867,tp,0.1,0.7000000000000001,58.863720657265546,0.8147836048484418,7356.113782193822
2024-08-01,-1,2024-08-01 12:35:00,2024-08-01 14:02:50,18,2453.908,2461.2697239999998,2461.2697239999998,2442.8030562913896,2442.8030562913896,0.4572388134132882,sl,0.1,0.7000000000000001,-74.31723999999868,-1.0,7281.796542193823
2024-08-01,-1,2024-08-01 14:40:00,2024-08-01 14:56:30,4,2452.231,2444.130245810056,2459.587693,2444.055305871212,2444.055305871212,0.33439071976624934,tp,0.1,0.7000000000000001,80.30754189944382,1.101140714984938,7362.104084093267
2024-08-01,1,2024-08-01 17:45:00,2024-08-01 19:31:40,22,2436.309,2443.669277065528,2429.000073,2444.1486150234746,2444.1486150234746,-0.3231438127340967,tp,0.1,0.7000000000000001,72.90277065527953,1.0070256640308368,7435.006854748547
2024-08-02,1,2024-08-02 01:15:00,2024-08-02 01:56:35,9,2437.692,2445.9491086956527,2430.378924,2448.0119444444445,2448.0119444444445,-0.42450546321998955,tp,0.1,0.7000000000000001,81.87108695652732,1.1290883201067285,7516.877941705075
2024-08-02,-1,2024-08-02 03:00:00,2024-08-02 05:48:55,34,2455.599,2462.965797,2462.965797,2447.702606481482,2447.702606481482,0.32530069206258466,sl,0.1,0.7000000000000001,-74.36796999999679,-1.0,7442.509971705078
2024-08-02,-1,2024-08-02 05:55:00,2024-08-02 11:38:15,69,2463.5,2457.729967625899,2470.8904999999995,2452.4355140845073,2452.4355140845073,0.4550776504171977,tp,0.1,0.7000000000000001,57.00032374100992,0.7807364013397425,7499.510295446088
2024-08-02,-1,2024-08-02 12:35:00,2024-08-02 13:15:20,9,2473.519,2458.4902505241093,2480.9395569999997,2457.8645452538635,2457.8645452538635,0.6362415201575458,tp,0.1,0.7000000000000001,149.58749475890437,2.025285901838717,7649.097790204993
2024-08-02,-1,2024-08-02 13:30:00,2024-08-02 14:04:00,7,2466.029,2473.4270869999996,2473.4270869999996,2458.5805627572017,2458.5805627572017,0.3051125253502385,sl,0.1,0.7000000000000001,-74.68086999999578,-1.0,7574.416920204997
2024-08-02,-1,2024-08-02 14:10:00,2024-08-02 14:32:00,5,2469.766,2459.278046934866,2477.1752979999997,2459.0263823529413,2459.0263823529413,0.43906066744709854,tp,0.1,0.7000000000000001,104.17953065134206,1.4155123825677953,7678.596450856339
2024-08-02,1,2024-08-02 14:40:00,2024-08-02 14:43:50,1,2442.66,2435.33202,2435.33202,2459.1717888257576,2459.1717888257576,-0.6710100083588199,sl,0.1,0.7000000000000001,-73.97980000000025,-1.0,7604.616650856339
2024-08-02,1,2024-08-02 14:50:00,2024-08-02 15:07:05,4,2433.466,2426.165602,2426.165602,2458.920759363296,2458.920759363296,-1.034387109321979,sl,0.1,0.7000000000000001,-73.7039799999986,-1.0,7530.912670856341
2024-08-02,1,2024-08-02 15:15:00,2024-08-02 20:57:55,69,2413.658,2441.956,2406.417026,2458.0869653916216,2458.0869653916216,-1.8072780181129173,session_end,0.1,0.7000000000000001,282.2800000000023,3.908037786076972,7813.192670856343
2024-08-05,1,2024-08-05 00:55:00,2024-08-05 01:07:55,3,2421.29,2427.8469743589744,2414.0261299999997,2428.735196969697,2428.735196969697,-0.3088108155658634,tp,0.1,0.7000000000000001,64.86974358974457,0.9026833298192637,7878.062414446088
2024-08-05,-1,2024-08-05 01:20:00,2024-08-05 01:34:30,3,2437.605,2429.314388888889,2444.917815,2428.5182604166666,2428.5182604166666,0.37688576332809964,tp,0.1,0.7000000000000001,82.20611111111047,1.1337099476892694,7960.268525557199
2024-08-05,-1,2024-08-05 01:45:00,2024-08-05 02:54:30,14,2438.435,2445.7503049999996,2445.7503049999996,2430.1261904761905,2430.1261904761905,0.3418468372698701,sl,0.1,0.7000000000000001,-73.85304999999626,-1.0,7886.415475557202
2024-08-05,-1,2024-08-05 03:00:00,2024-08-05 03:50:15,11,2442.762,2450.090286,2450.090286,2433.5166249999997,2433.5166249999997,0.38211676486904655,sl,0.1,0.7000000000000001,-73.98285999999935,-1.0,7812.4326155572035
2024-08-05,-1,2024-08-05 04:00:00,2024-08-05 04:26:50,6,2451.086,2458.4392579999994,2458.4392579999994,2436.696468749999,2436.696468749999,0.5889338879110667,sl,0.1,0.7000000000000001,-74.23257999999642,-1.0,7738.200035557207
2024-08-05,-1,2024-08-05 04:35:00,2024-08-05 05:37:20,13,2453.661,2440.942470149253,2461.0219829999996,2438.957003030302,2438.957003030302,0.6045615790429314,tp,0.1,0.7000000000000001,126.48529850747018,1.7278303523792606,7864.685334064678
2024-08-05,1,2024-08-05 05:55:00,2024-08-05 06:18:45,5,2433.146,2425.846562,2425.846562,2440.8486338028165,2440.8486338028165,-0.31850126612336294,sl,0.1,0.7000000000000001,-73.6943800000001,-1.0,7790.990954064677
2024-08-05,1,2024-08-05 06:25:00,2024-08-05 07:23:40,12,2425.654,2438.7379299242425,2418.377038,2440.117681818181,2440.117681818181,-0.5925608394185039,tp,0.1,0.7000000000000001,130.13929924242512,1.7979934379542821,7921.130253307103
2024-08-05,1,2024-08-05 08:10:00,2024-08-05 08:57:25,10,2430.739,2423.446783,2423.446783,2438.5216887755105,2438.5216887755105,-0.32149350205071786,sl,0.1,0.7000000000000001,-73.62217000000165,-1.0,7847.508083307101
2024-08-05,1,2024-08-05 09:05:00,2024-08-05 10:42:50,20,2425.795,2418.517615,2418.517615,2437.3939189602447,2437.3939189602447,-0.47493016496827145,sl,0.1,0.7000000000000001,-73.47384999999868,-1.0,7774.034233307102
2024-08-05,1,2024-08-05 10:50:00,2024-08-05 10:57:35,2,2415.978,2408.730066,2408.730066,2435.0859846153844,2435.0859846153844,-0.7835856612840753,sl,0.1,0.7000000000000001,-73.17933999999987,-1.0,7700.854893307103
2024-08-05,1,2024-08-05 11:05:00,2024-08-05 11:22:20,4,2406.811,2399.590567,2399.590567,2434.53477443609,2434.53477443609,-1.13860663347932,sl,0.1,0.7000000000000001,-72.90432999999958,-1.0,7627.950563307104
2024-08-05,1,2024-08-05 11:30:00,2024-08-05 11:40:35,3,2397.742,2390.5487740000003,2390.5487740000003,2433.3674239130437,2433.3674239130437,-1.4630928138173194,sl,0.1,0.7000000000000001,-72.63225999999868,-1.0,7555.318303307105
2024-08-05,1,2024-08-05 11:50:00,2024-08-05 12:21:25,7,2383.764,2376.612708,2376.612708,2432.163050469484,2432.163050469484,-1.9909253394889395,sl,0.1,0.7000000000000001,-72.21292000000012,-1.0,7483.1053833071055
2024-08-05,1,2024-08-05 12:30:00,2024-08-05 23:59:55,126,2369.789,2404.901,2362.679633,2429.57348,2429.57348,-2.463188723973059,session_end,0.1,0.7000000000000001,350.41999999999626,4.938836326778393,7833.525383307102
2024-08-06,1,2024-08-06 05:50:00,2024-08-06 06:15:15,6,2402.555,2395.347335,2395.347335,2410.6928309523814,2410.6928309523814,-0.3390656348843912,sl,0.1,0.7000000000000001,-72.77664999999907,-1.0,7760.748733307102
2024-08-06,1,2024-08-06 06:25:00,2024-08-06 07:44:10,16,2402.21,2408.888226449276,2395.00337,2409.6299675324685,2409.6299675324685,-0.3104405088441341,tp,0.1,0.7000000000000001,66.08226449275826,0.9266781351721545,7826.8309977998615
2024-08-06,1,2024-08-06 12:35:00,2024-08-06 13:05:50,7,2397.685,2390.4919449999998,2390.4919449999998,2410.0428929359828,2410.0428929359828,-0.5155258013207796,sl,0.1,0.7000000000000001,-72.63055000000186,-1.0,7754.20044779986
2024-08-06,1,2024-08-06 13:15:00,2024-08-06 15:08:20,23,2391.51,2384.33547,2384.33547,2409.2247138364783,2409.2247138364783,-0.7369886974222424,sl,0.1,0.7000000000000001,-72.44530000000232,-1.0,7681.755147799857
2024-08-06,1,2024-08-06 15:15:00,2024-08-06 23:59:55,93,2385.937,2383.851,2378.779189,2407.0846985428043,2407.0846985428043,-0.8812817660984715,session_end,0.1,0.7000000000000001,-21.559999999997853,-0.29142987988922514,7660.195147799859
2024-08-07,-1,2024-08-07 04:50:00,2024-08-07 07:50:45,37,2393.572,2388.557030141844,2400.752716,2385.7272873563215,2385.7272873563215,0.32879754049218357,tp,0.1,0.7000000000000001,49.44969858156291,0.6983941236718453,7709.644846381423
2024-08-07,-1,2024-08-07 10:50:00,2024-08-07 12:46:20,24,2397.203,2404.3946089999995,2404.3946089999995,2389.9730628205134,2389.9730628205134,0.30253216205515354,sl,0.1,0.7000000000000001,-72.61608999999517,-1.0,7637.028756381427
2024-08-07,-1,2024-08-07 12:55:00,2024-08-07 15:45:00,35,2404.558,2393.15747883598,2411.7716739999996,2391.552845161291,2391.552845161291,0.5449662074195312,tp,0.1,0.7000000000000001,113.3052116402012,1.5804042661230195,7750.333968021629
2024-08-07,1,2024-08-07 18:45:00,2024-08-07 23:59:55,51,2385.654,2384.855,2378.497038,2393.1468185185195,2393.1468185185195,-0.3125933795883994,session_end,0.1,0.7000000000000001,-8.689999999999781,-0.11163954761810609,7741.64396802163
2024-08-08,-1,2024-08-08 04:10:00,2024-08-08 10:43:45,79,2395.833,2403.0204989999997,2403.0204989999997,2388.51914,2388.51914,0.3083232567271801,sl,0.1,0.7000000000000001,-72.57498999999662,-1.0,7669.068978021633
2024-08-08,-1,2024-08-08 10:50:00,2024-08-08 11:09:20,4,2400.996,2408.1989879999996,2408.1989879999996,2393.2093551282046,2393.2093551282046,0.3276414098496463,sl,0.1,0.7000000000000001,-72.7298799999955,-1.0,7596.339098021637
2024-08-08,-1,2024-08-08 11:15:00,2024-08-08 14:10:20,36,2410.239,2417.469717,2417.469717,2393.691522222222,2393.691522222222,0.6900211503629344,sl,0.1,0.7000000000000001,-73.00716999999914,-1.0,7523.331928021638
2024-08-08,-1,2024-08-08 14:20:00,2024-08-08 20:50:25,79,2419.526,2426.784578,2426.784578,2397.3986540697656,2397.3986540697656,0.9244956358263402,sl,0.1,0.7000000000000001,-73.28577999999943,-1.0,7450.04614802164
2024-08-08,-1,2024-08-08 22:01:00,2024-08-08 23:59:55,24,2426.881,2424.711,2434.1616429999995,2405.0639980158703,2405.0639980158703,0.9214932327128538,session_end,0.1,0.7000000000000001,21.00000000000073,0.2980505980035269,7471.04614802164
2024-08-09,-1,2024-08-09 10:50:00,2024-08-09 12:24:00,19,2430.752,2423.7930033783787,2438.0442559999997,2423.099097435898,2423.099097435898,0.31847242947132814,tp,0.1,0.7000000000000001,68.88996621621281,0.9542995503204419,7539.936114237853
2024-08-09,-1,2024-08-09 13:25:00,2024-08-09 13:42:50,4,2431.44,2424.295976626016,2438.7343199999996,2424.1818126293992,2424.1818126293992,0.30268717190984035,tp,0.1,0.7000000000000001,70.74023373984055,0.9793953890128935,7610.676347977695
2024-08-09,-1,2024-08-09 14:30:00,2024-08-09 20:57:55,78,2432.145,2430.921,2439.4414349999997,2424.472305555555,2424.472305555555,0.3155818454561332,session_end,0.1,0.7000000000000001,11.540000000001601,0.1677531561646479,7622.2163479776955
2024-08-12,-1,2024-08-12 06:55:00,2024-08-12 09:17:20,29,2436.945,2444.255835,2444.255835,2429.7132068273086,2429.7132068273086,0.3004796266562195,sl,0.1,0.7000000000000001,-73.8083499999977,-1.0,7548.407997977698
2024-08-12,-1,2024-08-12 09:25:00,2024-08-12 13:33:10,50,2442.984,2450.3129519999998,2450.3129519999998,2432.544243362832,2432.544243362832,0.4289236122071213,sl,0.1,0.7000000000000001,-73.98951999999845,-1.0,7474.418477977701
2024-08-12,-1,2024-08-12 13:40:00,2024-08-12 15:15:25,20,2452.052,2459.408156,2459.408156,2435.9235203252033,2435.9235203252033,0.6643262622890581,sl,0.1,0.7000000000000001,-74.26155999999828,-1.0,7400.156917977702
2024-08-12,-1,2024-08-12 15:25:00,2024-08-12 17:35:10,27,2459.046,2466.4231379999997,2466.4231379999997,2437.8500936936944,2437.8500936936944,0.8692046472061716,sl,0.1,0.7000000000000001,-74.47137999999832,-1.0,7325.685537977704
2024-08-12,-1,2024-08-12 17:45:00,2024-08-12 23:23:25,56,2467.705,2475.1081149999995,2475.1081149999995,2441.1064107981224,2441.1064107981224,1.0920904178511972,sl,0.1,0.7000000000000001,-74.73114999999616,-1.0,7250.954387977708
2024-08-13,1,2024-08-13 01:20:00,2024-08-13 07:27:35,74,2464.564,2464.898200374532,2457.1703079999997,2472.330302083333,2472.330302083333,-0.31477598590995715,tp,0.1,0.7000000000000001,2.6420037453197436,0.04520074335419569,7253.596391723027
2024-08-13,-1,2024-08-13 13:45:00,2024-08-13 14:33:40,10,2473.708,2464.7782911877393,2481.1291239999996,2464.410224242424,2464.410224242424,0.37681533967951636,tp,0.1,0.7000000000000001,88.59708812260742,1.2032825232756295,7342.193479845635
2024-08-14,1,2024-08-14 02:35:00,2024-08-14 06:00:50,42,2456.976,2463.0432083333335,2449.6050720000003,2465.9084301075263,2465.9084301075263,-0.3620341290263272,tp,0.1,0.7000000000000001,59.97208333333383,0.8231267939848999,7402.165563178969
2024-08-14,-1,2024-08-14 08:05:00,2024-08-14 12:30:00,54,2471.742,2479.157226,2479.157226,2464.1586683848805,2464.1586683848805,0.3088206823997863,sl,0.1,0.7000000000000001,-74.8522599999962,-1.0,7327.313303178973
2024-08-14,1,2024-08-14 13:20:00,2024-08-14 13:21:55,1,2458.781,2451.404657,2451.404657,2467.4076885416653,2467.4076885416653,-0.34863263908971437,sl,0.1,0.7000000000000001,-74.46342999999906,-1.0,7252.849873178975
2024-08-14,1,2024-08-14 13:30:00,2024-08-14 15:45:05,28,2451.005,2443.651985,2443.651985,2467.2328539094638,2467.2328539094638,-0.6570256992070099,sl,0.1,0.7000000000000001,-74.23015000000142,-1.0,7178.619723178974
2024-08-14,1,2024-08-14 15:55:00,2024-08-14 23:59:55,85,2443.816,2449.47,2436.484552,2464.891083769632,2464.891083769632,-0.8570595231868893,session_end,0.1,0.7000000000000001,55.83999999999996,0.7711982680638348,7234.459723178974
2024-08-15,-1,2024-08-15 11:35:00,2024-08-15 12:26:50,11,2462.554,2469.9416619999997,2469.9416619999997,2454.4362410071935,2454.4362410071935,0.33024931987966966,sl,0.1,0.7000000000000001,-74.57661999999637,-1.0,7159.883103178978
2024-08-15,1,2024-08-15 13:00:00,2024-08-15 13:08:00,2,2441.244,2433.9202680000003,2433.9202680000003,2455.0624508547007,2455.0624508547007,-0.5657269879169704,sl,0.1,0.7000000000000001,-73.93731999999837,-1.0,7085.945783178979
2024-08-15,1,2024-08-15 13:15:00,2024-08-15 14:34:50,16,2437.927,2453.940891762452,2430.6132190000003,2454.7127327044022,2454.7127327044022,-0.6887255066207357,tp,0.1,0.7000000000000001,159.4389176245175,2.189550351924963,7245.384700803497
2024-08-16,-1,2024-08-16 08:35:00,2024-08-16 11:18:35,33,2463.214,2470.6036419999996,2470.6036419999996,2455.844339805827,2455.844339805827,0.3005956067539834,sl,0.1,0.7000000000000001,-74.5964199999964,-1.0,7170.788280803501
2024-08-16,-1,2024-08-16 11:25:00,2024-08-16 12:47:40,17,2469.425,2476.833275,2476.833275,2457.9913041362543,2457.9913041362543,0.46418780426706946,sl,0.1,0.7000000000000001,-74.78274999999776,-1.0,7096.005530803503
2024-08-16,-1,2024-08-16 12:55:00,2024-08-16 13:41:00,10,2485.987,2493.4449609999997,2493.4449609999997,2459.6618279569916,2459.6618279569916,1.0693613139841904,sl,0.1,0.7000000000000001,-75.27960999999614,-1.0,7020.725920803507
2024-08-16,-1,2024-08-16 13:50:00,2024-08-16 18:41:25,59,2497.469,2504.961407,2504.961407,2461.6519086345406,2461.6519086345406,1.4537226502226857,sl,0.1,0.7000000000000001,-75.6240699999973,-1.0,6945.10185080351
2024-08-16,-1,2024-08-16 18:50:00,2024-08-16 20:57:55,26,2505.204,2507.927,2512.719612,2470.05338421829,2470.05338421829,1.4236378859819117,session_end,0.1,0.7000000000000001,-27.929999999999563,-0.3623124770145223,6917.17185080351
2024-08-19,1,2024-08-19 10:40:00,2024-08-19 14:08:15,42,2492.799,2499.278264299802,2485.320603,2501.7455234374984,2501.7455234374984,-0.35685178024147685,tp,0.1,0.7000000000000001,64.09264299801798,0.8663974779357021,6981.264493801529
2024-08-20,-1,2024-08-20 07:45:00,2024-08-20 08:05:30,5,2513.211,2520.7506329999997,2520.7506329999997,2502.5705913978495,2502.5705913978495,0.4247396112895695,sl,0.1,0.7000000000000001,-76.09632999999867,-1.0,6905.168163801531
2024-08-20,-1,2024-08-20 08:15:00,2024-08-20 09:10:50,12,2516.732,2524.2821959999997,2524.2821959999997,2503.348026936027,2503.348026936027,0.5365603551501688,sl,0.1,0.7000000000000001,-76.20195999999687,-1.0,6828.966203801534
2024-08-20,-1,2024-08-20 09:20:00,2024-08-20 13:30:55,51,2523.079,2530.648237,2530.648237,2505.2739166666674,2505.2739166666674,0.711821698006576,sl,0.1,0.7000000000000001,-76.39236999999703,-1.0,6752.573833801536
2024-08-20,-1,2024-08-20 13:40:00,2024-08-20 13:58:20,4,2523.551,2531.1216529999997,2531.1216529999997,2511.312408536585,2511.312408536585,0.48952855971347575,sl,0.1,0.7000000000000001,-76.40652999999766,-1.0,6676.16730380154
2024-08-20,-1,2024-08-20 14:05:00,2024-08-20 15:03:00,12,2529.759,2512.6483851851854,2537.3482769999996,2511.8093214990135,2511.8093214990135,0.7162437987231467,tp,0.1,0.7000000000000001,170.40614814814654,2.2545777173261157,6846.5734519496855
2024-08-20,1,2024-08-20 16:05:00,2024-08-20 17:24:20,16,2504.827,2512.1660769230775,2497.312519,2512.5044576856653,2512.5044576856653,-0.3054505102344992,tp,0.1,0.7000000000000001,72.690769230773,0.9766578587499448,6919.26422118046
2024-08-21,1,2024-08-21 09:05:00,2024-08-21 11:46:15,33,2506.901,2513.168541371159,2499.3802969999997,2514.7481681957183,2514.7481681957183,-0.31494876090916585,tp,0.1,0.7000000000000001,61.975413711590406,0.8333717434605414,6981.23963489205
2024-08-21,1,2024-08-21 13:35:00,2024-08-21 14:00:10,6,2504.981,2497.466057,2497.466057,2512.748573619633,2512.748573619633,-0.31219094906630357,sl,0.1,0.7000000000000001,-75.8494300000013,-1.0,6905.390204892048
2024-08-21,1,2024-08-21 14:10:00,2024-08-21 17:49:45,44,2497.818,2511.057198748044,2490.3245460000003,2512.2774029411776,2512.2774029411776,-0.5785349549441432,tp,0.1,0.7000000000000001,131.69198748043692,1.7667685353168001,7037.082192372485
2024-08-21,-1,2024-08-21 18:20:00,2024-08-21 19:20:30,13,2518.931,2511.339729885058,2526.487793,2511.1144045454553,2511.1144045454553,0.31187728605149956,tp,0.1,0.7000000000000001,75.21270114941835,1.0045624003386215,7112.294893521905
2024-08-22,1,2024-08-22 02:40:00,2024-08-22 05:55:00,40,2500.809,2505.716525821595,2493.3065730000003,2510.1771354166667,2510.1771354166667,-0.37535739146562724,tp,0.1,0.7000000000000001,48.37525821594845,0.6541251013298646,7160.670151737853
2024-08-22,1,2024-08-22 12:10:00,2024-08-22 13:31:40,17,2497.5,2490.0075,2490.0075,2505.604141552511,2505.604141552511,-0.32631417776333427,sl,0.1,0.7000000000000001,-75.62499999999837,-1.0,7085.045151737855
2024-08-22,1,2024-08-22 13:40:00,2024-08-22 14:10:20,7,2486.35,2478.89095,2478.89095,2504.7467865853655,2504.7467865853655,-0.7345966739595876,sl,0.1,0.7000000000000001,-75.29049999999934,-1.0,7009.754651737856
2024-08-22,1,2024-08-22 14:20:00,2024-08-22 23:59:55,104,2475.367,2487.629,2467.940899,2503.758319767441,2503.758319767441,-1.1360249726532343,session_end,0.1,0.7000000000000001,121.91999999999716,1.6512029664018424,7131.674651737852
2024-08-23,-1,2024-08-23 08:50:00,2024-08-23 13:48:35,60,2499.783,2494.69920808081,2507.2823489999996,2492.0202138364784,2492.0202138364784,0.31415419987582155,tp,0.1,0.7000000000000001,50.13791919189934,0.6778977640846066,7181.812570929753
2024-08-23,-1,2024-08-23 14:05:00,2024-08-23 15:29:05,17,2510.755,2518.287265,2518.287265,2494.8123353057217,2494.8123353057217,0.6381908758811359,sl,0.1,0.7000000000000001,-76.02264999999825,-1.0,7105.789920929754
2024-08-23,-1,2024-08-23 15:35:00,2024-08-23 20:57:55,65,2515.837,2512.472,2523.3845109999997,2496.549768270946,2496.549768270946,0.7747184524364326,session_end,0.1,0.7000000000000001,32.949999999997814,0.44584234458219263,7138.739920929753
2024-08-26,-1,2024-08-26 07:40:00,2024-08-26 13:50:10,75,2520.705,2517.883659638554,2528.2671149999996,2512.849295289855,2512.849295289855,0.31405403917128455,tp,0.1,0.7000000000000001,27.513403614458912,0.37308879347193147,7166.253324544212
2024-08-27,-1,2024-08-27 17:40:00,2024-08-27 23:04:55,53,2519.612,2527.170836,2527.170836,2511.5436037735844,2511.5436037735844,0.32069505838217666,sl,0.1,0.7000000000000001,-76.28835999999701,-1.0,7089.964964544215
2024-08-28,1,2024-08-28 05:10:00,2024-08-28 11:05:25,72,2509.913,2502.383261,2502.383261,2517.833822580645,2517.833822580645,-0.31311925790895934,sl,0.1,0.7000000000000001,-75.99739000000064,-1.0,7013.967574544215
2024-08-28,1,2024-08-28 11:15:00,2024-08-28 12:29:35,15,2504.359,2496.845923,2496.845923,2512.5017790123447,2512.5017790123447,-0.3242496813493677,sl,0.1,0.7000000000000001,-75.83077000000067,-1.0,6938.136804544214
2024-08-28,1,2024-08-28 12:35:00,2024-08-28 13:29:45,11,2494.64,2510.659736024844,2487.1560799999997,2511.3149370860924,2511.3149370860924,-0.663793172250819,tp,0.1,0.7000000000000001,159.49736024843952,2.1405541514131206,7097.634164792653
2024-08-28,1,2024-08-28 16:20:00,2024-08-28 19:01:50,33,2501.685,2509.038505116957,2494.179945,2509.9171760204067,2509.9171760204067,-0.32774691129250344,tp,0.1,0.7000000000000001,72.83505116956967,0.9798069590371935,7170.469215962223
2024-08-29,-1,2024-08-29 09:55:00,2024-08-29 12:14:10,28,2523.439,2516.9676940639265,2531.0093169999996,2515.862170868347,2515.862170868347,0.3004866172395898,tp,0.1,0.7000000000000001,64.0130593607335,0.8548262821852245,7234.482275322956
2024-08-29,1,2024-08-29 12:40:00,2024-08-29 13:52:20,15,2509.04,2516.343554216867,2501.5128799999998,2516.8827543859647,2516.8827543859647,-0.3133540635622002,tp,0.1,0.7000000000000001,72.33554216866814,0.9702986290728226,7306.817817491625
2024-08-29,-1,2024-08-29 15:10:00,2024-08-29 23:59:55,94,2524.59,2519.715,2532.1637699999997,2516.601441391941,2516.601441391941,0.31818938336258107,session_end,0.1,0.7000000000000001,48.05,0.6436688729655526,7354.867817491626
2024-08-30,-1,2024-08-30 08:25:00,2024-08-30 10:34:45,26,2525.18,2518.267562169314,2532.7555399999997,2516.8428729372945,2516.8428729372945,0.33256454555453857,tp,0.1,0.7000000000000001,68.4243783068603,0.9124679997315301,7423.292195798485
2024-08-30,1,2024-08-30 14:30:00,2024-08-30 15:31:45,13,2510.069,2502.538793,2502.538793,2518.262653256706,2518.262653256706,-0.32473392900976195,sl,0.1,0.7000000000000001,-76.00206999999791,-1.0,7347.290125798489
2024-08-30,1,2024-08-30 15:40:00,2024-08-30 16:42:05,13,2505.764,2498.246708,2498.246708,2517.4852535461005,2517.4852535461005,-0.46793734062620673,sl,0.1,0.7000000000000001,-75.87291999999998,-1.0,7271.417205798489
2024-08-30,1,2024-08-30 16:50:00,2024-08-30 20:57:55,50,2499.992,2503.402,2492.492024,2516.4426419141932,2516.4426419141932,-0.6533684352799835,session_end,0.1,0.7000000000000001,33.39999999999854,0.4546681216046327,7304.817205798487
2024-09-02,1,2024-09-02 02:30:00,2024-09-02 04:05:15,20,2492.611,2498.013408163265,2485.133167,2500.8884777777785,2500.8884777777785,-0.32814249218624597,tp,0.1,0.7000000000000001,53.32408163265136,0.7224563805136053,7358.141287431139
2024-09-02,-1,2024-09-02 08:55:00,2024-09-02 09:53:15,12,2506.719,2498.5835254237286,2514.239157,2498.17807788162,2498.17807788162,0.33908399859000005,tp,0.1,0.7000000000000001,80.65474576271463,1.081822437519794,7438.796033193854
2024-09-03,-1,2024-09-03 08:25:00,2024-09-03 10:20:00,24,2503.522,2497.3258682795695,2511.032566,2495.987371287129,2495.987371287129,0.3013888932054951,tp,0.1,0.7000000000000001,61.261317204304575,0.8249886520444023,7500.057350398158
2024-09-03,1,2024-09-03 11:50:00,2024-09-03 12:13:35,5,2487.634,2496.952623287671,2480.171098,2497.1789272300466,2497.1789272300466,-0.3843908470224891,tp,0.1,0.7000000000000001,92.48623287671016,1.248659474246178,7592.543583274868
2024-09-03,1,2024-09-03 13:35:00,2024-09-03 13:41:55,2,2489.059,2481.591823,2481.591823,2496.668165644172,2496.668165644172,-0.30761659678512143,sl,0.1,0.7000000000000001,-75.37176999999993,-1.0,7517.171813274868
2024-09-03,1,2024-09-03 13:50:00,2024-09-03 19:21:25,67,2477.481,2493.3228534482764,2470.048557,2496.4108453815265,2496.4108453815265,-0.7602452703904279,tp,0.1,0.7000000000000001,157.71853448276198,2.1314463425115915,7674.890347757631
2024-09-04,1,2024-09-04 06:50:00,2024-09-04 08:35:30,22,2485.322,2477.866034,2477.866034,2493.8864024390246,2493.8864024390246,-0.3452604108432415,sl,0.1,0.7000000000000001,-75.2596599999999,-1.0,7599.630687757632
2024-09-04,1,2024-09-04 08:45:00,2024-09-04 10:47:35,25,2477.636,2489.363750645996,2470.2030919999997,2491.556785714286,2491.556785714286,-0.5577952625431181,tp,0.1,0.7000000000000001,116.57750645995911,1.5778145842778568,7716.20819421759
2024-09-04,-1,2024-09-04 14:40:00,2024-09-04 23:59:55,100,2498.25,2495.929,2505.74475,2489.2593560606065,2489.2593560606065,0.3602133268099414,session_end,0.1,0.7000000000000001,22.509999999999128,0.3096834450782164,7738.71819421759
2024-09-05,-1,2024-09-05 06:25:00,2024-09-05 08:23:30,24,2504.991,2512.505973,2512.505973,2496.810556277055,2496.810556277055,0.32943803855145787,sl,0.1,0.7000000000000001,-75.84972999999827,-1.0,7662.868464217592
2024-09-05,-1,2024-09-05 08:30:00,2024-09-05 12:35:20,50,2514.03,2521.57209,2521.57209,2499.071413398693,2499.071413398693,0.5986858367108193,sl,0.1,0.7000000000000001,-76.12089999999917,-1.0,7586.747564217592
2024-09-05,-1,2024-09-05 12:45:00,2024-09-05 15:08:05,29,2521.916,2506.363621546961,2529.4817479999997,2504.73638453159,2504.73638453159,0.6885201802039199,tp,0.1,0.7000000000000001,154.82378453039183,2.0556299856987237,7741.571348747984
2024-09-05,-1,2024-09-05 18:00:00,2024-09-05 23:59:55,60,2515.174,2517.382,2522.719522,2506.919567129629,2506.919567129629,0.32866761975156844,session_end,0.1,0.7000000000000001,-22.780000000000836,-0.29262389003704653,7718.791348747984
2024-09-06,-1,2024-09-06 12:50:00,2024-09-06 13:03:35,3,2525.676,2517.9733974358983,2533.2530279999996,2517.9041796536803,2517.9041796536803,0.31080691670308414,tp,0.1,0.7000000000000001,76.32602564101653,1.0165730632250478,7795.117374389001
2024-09-06,1,2024-09-06 13:30:00,2024-09-06 14:30:35,13,2508.662,2501.1360139999997,2501.1360139999997,2517.801380658437,2517.801380658437,-0.36223590663263816,sl,0.1,0.7000000000000001,-75.95986000000103,-1.0,7719.157514389
2024-09-06,1,2024-09-06 14:55:00,2024-09-06 15:00:45,2,2506.799,2516.82612962963,2499.2786029999997,2516.880569832402,2516.880569832402,-0.39873047425014213,tp,0.1,0.7000000000000001,99.57129629630053,1.3333245079521396,7818.728810685301
2024-09-06,1,2024-09-06 15:10:00,2024-09-06 15:16:40,2,2508.123,2516.74395992714,2500.598631,2516.766705128205,2516.766705128205,-0.34555070640772506,tp,0.1,0.7000000000000001,85.5095992714012,1.1457385897926968,7904.2384099567025
2024-09-06,1,2024-09-06 15:50:00,2024-09-06 16:04:05,3,2508.29,2500.7651299999998,2500.7651299999998,2516.593331578947,2516.593331578947,-0.3291485944512952,sl,0.1,0.7000000000000001,-75.94870000000192,-1.0,7828.2897099567
2024-09-06,1,2024-09-06 16:10:00,2024-09-06 16:21:20,3,2499.871,2492.371387,2492.371387,2516.3064123711333,2516.3064123711333,-0.6526793513854147,sl,0.1,0.7000000000000001,-75.69612999999954,-1.0,7752.593579956701
2024-09-06,1,2024-09-06 16:30:00,2024-09-06 16:41:35,3,2494.26,2486.7772200000004,2486.7772200000004,2515.8669158249154,2515.8669158249154,-0.858627127255361,sl,0.1,0.7000000000000001,-75.52779999999821,-1.0,7677.065779956703
2024-09-06,1,2024-09-06 16:50:00,2024-09-06 20:57:55,50,2487.148,2497.6,2479.686556,2515.3652013201317,2515.3652013201317,-1.1238209586940149,session_end,0.1,0.7000000000000001,103.8199999999977,1.400801239009464,7780.885779956701
2024-09-09,1,2024-09-09 05:50:00,2024-09-09 07:33:20,21,2489.759,2495.8930518518523,2482.289723,2497.6099619047623,2497.6099619047623,-0.31475939096459826,tp,0.1,0.7000000000000001,60.64051851852291,0.8212376983544953,7841.526298475224
2024-09-09,-1,2024-09-09 12:35:00,2024-09-09 14:22:00,22,2503.513,2496.444709302326,2511.023539,2495.744314569537,2495.744314569537,0.310656239311126,tp,0.1,0.7000000000000001,69.98290697674001,0.9411163030608207,7911.509205451965
2024-09-09,-1,2024-09-09 17:00:00,2024-09-09 23:59:55,72,2504.39,2506.912,2511.9031699999996,2496.813776960785,2496.813776960785,0.30409648926469135,session_end,0.1,0.7000000000000001,-25.919999999999344,-0.33567721747278834,7885.5892054519645
2024-09-10,-1,2024-09-10 13:00:00,2024-09-10 14:09:25,14,2513.878,2504.923055226825,2521.419634,2504.390157051283,2504.390157051283,0.37826945302608067,tp,0.1,0.7000000000000001,88.84944773175157,1.1874011352414489,7974.438653183716
2024-09-10,-1,2024-09-10 15:30:00,2024-09-10 23:59:55,90,2513.031,2518.777,2520.570093,2505.1397284946243,2505.1397284946243,0.31378575078921866,session_end,0.1,0.7000000000000001,-58.16000000000095,-0.7621606471760193,7916.2786531837155
2024-09-11,-1,2024-09-11 06:40:00,2024-09-11 10:06:00,42,2527.361,2521.2799586776855,2534.9430829999997,2519.7061062500006,2519.7061062500006,0.3054083859586357,tp,0.1,0.7000000000000001,60.110413223143766,0.8020277966245621,7976.3890664068595
2024-09-11,1,2024-09-11 12:35:00,2024-09-11 12:45:30,3,2511.446,2503.911662,2503.911662,2521.262002207505,2521.262002207505,-0.38871415183838753,sl,0.1,0.7000000000000001,-76.04337999999935,-1.0,7900.345686406859
2024-09-11,1,2024-09-11 12:55:00,2024-09-11 16:44:05,46,2506.032,2518.5219141666653,2498.5139040000004,2520.883430107526,2520.883430107526,-0.5915358849770407,tp,0.1,0.7000000000000001,124.1991416666513,1.6613134717441072,8024.544828073511
2024-09-12,-1,2024-09-12 12:35:05,2024-09-12 12:45:55,3,2524.551,2532.124653,2532.124653,2516.382753863135,2516.382753863135,0.32315219631757236,sl,0.1,0.7000000000000001,-76.43652999999922,-1.0,7948.108298073512
2024-09-12,-1,2024-09-12 12:55:00,2024-09-12 13:09:25,3,2533.025,2540.6240749999997,2540.6240749999997,2516.7305408602156,2516.7305408602156,0.6470680462366156,sl,0.1,0.7000000000000001,-76.6907499999963,-1.0,7871.417548073516
2024-09-12,-1,2024-09-12 13:15:00,2024-09-12 13:42:00,6,2538.164,2545.778492,2545.778492,2517.1546802935013,2517.1546802935013,0.8377244303492719,sl,0.1,0.7000000000000001,-76.844919999997,-1.0,7794.572628073519
2024-09-12,-1,2024-09-12 13:50:00,2024-09-12 14:59:00,14,2546.983,2554.623949,2554.623949,2518.1287590361453,2518.1287590361453,1.144688922693846,sl,0.1,0.7000000000000001,-77.10948999999637,-1.0,7717.463138073523
2024-09-12,-1,2024-09-12 15:05:00,2024-09-12 23:59:55,95,2552.77,2558.521,2560.42831,2520.6069180478835,2520.6069180478835,1.2753111848559129,session_end,0.1,0.7000000000000001,-58.21000000000204,-0.7509489691590381,7659.253138073521
2024-09-13,-1,2024-09-13 13:00:00,2024-09-13 16:06:25,38,2575.866,2583.593598,2583.593598,2566.4897414529914,2566.4897414529914,0.36465209253905906,sl,0.1,0.7000000000000001,-77.97597999999944,-1.0,7581.277158073522
2024-09-13,-1,2024-09-13 16:15:00,2024-09-13 20:57:55,57,2583.363,2579.166,2591.1130889999995,2568.8827837606837,2568.8827837606837,0.5627238553155752,session_end,0.1,0.7000000000000001,41.269999999996614,0.5415421680963721,7622.547158073518
2024-09-17,1,2024-09-17 10:25:00,2024-09-17 11:41:40,16,2572.631,2579.6394142857134,2564.913107,2580.374302666667,2580.374302666667,-0.30184778458759454,tp,0.1,0.7000000000000001,69.3841428571357,0.908073522879051,7691.931300930654
2024-09-17,1,2024-09-17 12:40:00,2024-09-17 13:52:45,15,2569.195,2579.262674698794,2561.487415,2579.5272565789455,2579.5272565789455,-0.40301014662402757,tp,0.1,0.7000000000000001,99.9767469879378,1.3062035253316882,7791.908047918592
2024-09-17,1,2024-09-17 15:25:00,2024-09-17 15:34:05,2,2570.805,2563.092585,2563.092585,2578.9525900900894,2578.9525900900894,-0.31544163011562487,sl,0.1,0.7000000000000001,-77.82414999999965,-1.0,7714.083897918593
2024-09-17,1,2024-09-17 15:40:00,2024-09-17 23:59:55,88,2564.734,2574.112,2557.039798,2578.7592340425526,2578.7592340425526,-0.5438558922992958,session_end,0.1,0.7000000000000001,93.08000000000156,1.218839848498908,7807.163897918595
2024-09-18,-1,2024-09-18 11:45:00,2024-09-18 13:41:55,24,2579.923,2572.5754136178866,2587.6627689999996,2571.896420803783,2571.896420803783,0.31140753303408714,tp,0.1,0.7000000000000001,72.7758638211315,0.9493288988487051,7879.939761739726
2024-09-18,-1,2024-09-18 18:05:00,2024-09-18 18:10:25,2,2583.05,2590.79915,2590.79915,2572.3301213517666,2572.3301213517666,0.4192066390983535,sl,0.1,0.7000000000000001,-78.19149999999645,-1.0,7801.74826173973
2024-09-18,-1,2024-09-18 18:20:00,2024-09-18 18:34:10,3,2592.422,2600.1992659999996,2600.1992659999996,2572.549237121212,2572.549237121212,0.7715406411812309,sl,0.1,0.7000000000000001,-78.472659999996,-1.0,7723.275601739734
2024-09-18,-1,2024-09-18 18:40:00,2024-09-18 18:50:35,3,2590.529,2573.0425980825953,2598.3005869999997,2572.9535915178567,2572.9535915178567,0.682636038988243,tp,0.1,0.7000000000000001,174.16401917404693,2.2500426125841875,7897.439620913781
2024-09-18,1,2024-09-18 19:10:00,2024-09-18 19:22:50,3,2562.786,2555.097642,2555.097642,2573.0510731884056,2573.0510731884056,-0.3983043047686657,sl,0.1,0.7000000000000001,-77.5835799999988,-1.0,7819.856040913783
2024-09-18,1,2024-09-18 19:35:00,2024-09-18 19:46:40,3,2557.896,2550.2223120000003,2550.2223120000003,2572.8205517730494,2572.8205517730494,-0.5794439010826323,sl,0.1,0.7000000000000001,-77.43687999999857,-1.0,7742.419160913784
2024-09-18,1,2024-09-18 19:55:00,2024-09-18 23:59:55,37,2550.493,2559.301,2542.841521,2572.4836820083674,2572.4836820083674,-0.8588269057986413,session_end,0.1,0.7000000000000001,87.37999999999992,1.1511499933542086,7829.799160913784
2024-09-19,-1,2024-09-19 02:50:00,2024-09-19 04:22:30,19,2565.516,2559.8687243589743,2573.212548,2557.7882745098036,2557.7882745098036,0.30198846273452956,tp,0.1,0.7000000000000001,55.77275641025771,0.7337413657429084,7885.571917324042
2024-09-19,-1,2024-09-19 05:30:00,2024-09-19 06:03:40,7,2568.706,2576.4121179999997,2576.4121179999997,2560.8329797979795,2560.8329797979795,0.30687359402253245,sl,0.1,0.7000000000000001,-77.76117999999606,-1.0,7807.810737324046
2024-09-19,-1,2024-09-19 06:10:00,2024-09-19 07:55:35,22,2575.331,2583.0569929999997,2583.0569929999997,2562.051063063063,2562.051063063063,0.5186249848217759,sl,0.1,0.7000000000000001,-77.95992999999562,-1.0,7729.850807324051
2024-09-19,-1,2024-09-19 08:05:00,2024-09-19 09:23:25,16,2582.349,2590.096047,2590.096047,2565.854427835052,2565.854427835052,0.6422060420181961,sl,0.1,0.7000000000000001,-78.17046999999839,-1.0,7651.680337324053
2024-09-19,-1,2024-09-19 09:30:00,2024-09-19 12:53:15,41,2590.662,2573.751090909092,2598.4339859999995,2568.652631578947,2568.652631578947,0.8585383694912923,tp,0.1,0.7000000000000001,168.4090909090781,2.175880024862161,7820.089428233131
2024-09-19,-1,2024-09-19 13:10:00,2024-09-19 13:44:15,7,2582.217,2574.014028455286,2589.963651,2573.8480084388198,2573.8480084388198,0.3245914884557626,tp,0.1,0.7000000000000001,81.32971544714273,1.058905525073267,7901.419143680274
2024-09-19,-1,2024-09-19 14:35:00,2024-09-19 16:17:20,21,2583.576,2591.3267279999995,2591.3267279999995,2574.157783809525,2574.157783809525,0.3650404124244828,sl,0.1,0.7000000000000001,-78.20727999999527,-1.0,7823.211863680279
2024-09-19,-1,2024-09-19 16:25:00,2024-09-19 23:59:55,79,2588.414,2587.381,2596.179242,2575.3808130287653,2575.3808130287653,0.5065925359555282,session_end,0.1,0.7000000000000001,9.630000000003566,0.13302869376129733,7832.841863680283
2024-09-20,-1,2024-09-20 06:30:00,2024-09-20 07:06:40,8,2599.572,2607.370716,2607.370716,2591.213923076924,2591.213923076924,0.3216861737597525,sl,0.1,0.7000000000000001,-78.68715999999786,-1.0,7754.154703680285
2024-09-20,-1,2024-09-20 07:15:00,2024-09-20 12:06:05,59,2608.003,2615.827009,2615.827009,2592.4810210727983,2592.4810210727983,0.5982099309943573,sl,0.1,0.7000000000000001,-78.94008999999933,-1.0,7675.214613680286
2024-09-20,-1,2024-09-20 12:15:00,2024-09-20 16:00:50,46,2615.634,2623.480902,2623.480902,2599.499470521544,2599.499470521544,0.620043576128233,sl,0.1,0.7000000000000001,-79.16901999999773,-1.0,7596.045593680288
2024-09-20,-1,2024-09-20 16:10:00,2024-09-20 20:57:55,58,2621.523,2622.196,2629.387569,2602.9833109965653,2602.9833109965653,0.7127279274154049,session_end,0.1,0.7000000000000001,-7.429999999997745,-0.0855736658931707,7588.615593680291
2024-09-23,-1,2024-09-23 03:25:00,2024-09-23 06:52:20,42,2629.723,2625.157894308943,2637.6121689999995,2621.2312479674792,2621.2312479674792,0.3232165051858843,tp,0.1,0.7000000000000001,44.95105691056942,0.5786548229676894,7633.56665059086
2024-09-23,1,2024-09-23 07:40:00,2024-09-23 10:14:55,31,2615.572,2623.016953551912,2607.725284,2624.696452898551,2624.696452898551,-0.34739075783340634,tp,0.1,0.7000000000000001,73.74953551912022,0.9487986505325295,7707.316186109981
2024-09-23,-1,2024-09-23 13:55:00,2024-09-23 23:59:55,109,2633.948,2626.399,2641.8498439999994,2623.451871257485,2623.451871257485,0.39926895009109903,session_end,0.1,0.7000000000000001,74.78999999999978,0.9553466254206523,7782.106186109981
2024-09-24,-1,2024-09-24 05:00:00,2024-09-24 05:46:10,10,2638.161,2630.946857487923,2646.0754829999996,2629.951133333334,2629.951133333334,0.31127447817975507,tp,0.1,0.7000000000000001,71.4414251207716,0.9115115304534178,7853.547611230752
2024-09-24,-1,2024-09-24 14:20:00,2024-09-24 14:52:35,7,2638.39,2646.3051699999996,2646.3051699999996,2630.4073565891467,2630.4073565891467,0.3049011929944107,sl,0.1,0.7000000000000001,-79.85169999999762,-1.0,7773.695911230755
2024-09-24,-1,2024-09-24 15:00:00,2024-09-24 16:40:20,21,2643.707,2651.6381209999995,2651.6381209999995,2630.8632175925927,2630.8632175925927,0.48749331860526884,sl,0.1,0.7000000000000001,-80.01120999999621,-1.0,7693.684701230759
2024-09-24,-1,2024-09-24 16:50:00,2024-09-24 19:28:40,32,2653.323,2661.2829689999994,2661.2829689999994,2632.560936468647,2632.560936468647,0.7904684462600592,sl,0.1,0.7000000000000001,-80.29968999999546,-1.0,7613.385011230764
2024-09-24,-1,2024-09-24 19:35:00,2024-09-24 23:59:55,41,2659.688,2658.302,2667.6670639999998,2635.7070695035463,2635.7070695035463,0.9091461935854324,session_end,0.1,0.7000000000000001,13.159999999999673,0.1737045848986833,7626.5450112307635
2024-09-25,-1,2024-09-25 03:00:00,2024-09-25 03:23:55,5,2670.172,2660.9134166666663,2678.182516,2660.463194444444,2660.463194444444,0.3673159461841888,tp,0.1,0.7000000000000001,91.88583333333717,1.1558036128176912,7718.430844564101
2024-09-26,-1,2024-09-26 08:30:00,2024-09-26 11:04:55,31,2668.952,2676.9588559999997,2676.9588559999997,2660.926372549019,2660.926372549019,0.3031323051323019,sl,0.1,0.7000000000000001,-80.76855999999516,-1.0,7637.662284564106
2024-09-26,-1,2024-09-26 11:10:00,2024-09-26 13:11:50,25,2678.699,2665.4368459915604,2686.7350969999998,2663.1384701492534,2663.1384701492534,0.5859638928152339,tp,0.1,0.7000000000000001,131.92154008439667,1.650322788343665,7769.583824648503
2024-09-26,-1,2024-09-26 18:20:00,2024-09-26 23:59:55,56,2675.299,2672.7,2683.3248969999995,2666.1258356060584,2666.1258356060584,0.34141915855492705,session_end,0.1,0.7000000000000001,25.2900000000016,0.3238267323889544,7794.8738246485045
2024-09-27,1,2024-09-27 09:20:00,2024-09-27 11:11:40,23,2659.333,2667.28725,2651.355001,2668.0065163690474,2668.0065163690474,-0.324250196390866,tp,0.1,0.7000000000000001,78.84249999999774,0.9970231883959365,7873.716324648502
2024-09-27,1,2024-09-27 14:50:00,2024-09-27 15:03:15,3,2654.188,2646.225436,2646.225436,2667.0195674157308,2667.0195674157308,-0.4835010426348627,sl,0.1,0.7000000000000001,-80.3256399999993,-1.0,7793.390684648503
2024-09-27,1,2024-09-27 15:10:00,2024-09-27 20:57:55,70,2647.885,2658.044,2639.941345,2666.6531300366305,2666.6531300366305,-0.7063022117305322,session_end,0.1,0.7000000000000001,100.8899999999965,1.2788823280970292,7894.2806846485
2024-09-30,1,2024-09-30 01:50:00,2024-09-30 05:04:05,39,2647.99,2656.5479722222226,2640.04603,2661.444333333334,2661.444333333334,-0.504456665321963,tp,0.1,0.7000000000000001,84.87972222222815,1.0772916088835962,7979.160406870728
2024-09-30,1,2024-09-30 10:20:00,2024-09-30 10:50:00,7,2646.508,2638.568476,2638.568476,2655.5978709677424,2655.5978709677424,-0.3420461760060113,sl,0.1,0.7000000000000001,-80.09523999999892,-1.0,7899.065166870729
2024-09-30,1,2024-09-30 11:00:00,2024-09-30 14:16:45,40,2637.009,2629.097973,2629.097973,2654.7200606060615,2654.7200606060615,-0.6664944025029195,sl,0.1,0.7000000000000001,-79.81027000000104,-1.0,7819.254896870729
2024-09-30,1,2024-09-30 14:25:00,2024-09-30 23:59:55,103,2631.779,2635.695,2623.883663,2650.728010597303,2650.728010597303,-0.7173316357349956,session_end,0.1,0.7000000000000001,38.46000000000167,0.4959889615858327,7857.71489687073
2024-10-01,-1,2024-10-01 09:35:00,2024-10-01 12:25:05,35,2648.772,2656.7183159999995,2656.7183159999995,2640.687488405797,2640.687488405797,0.30692808709053504,sl,0.1,0.7000000000000001,-80.1631599999957,-1.0,7777.551736870735
2024-10-01,-1,2024-10-01 12:35:00,2024-10-01 13:33:45,12,2653.787,2661.7483609999995,2661.7483609999995,2642.9714260485657,2642.9714260485657,0.4115471640832816,sl,0.1,0.7000000000000001,-80.3136099999967,-1.0,7697.238126870738
2024-10-01,-1,2024-10-01 13:40:00,2024-10-01 13:50:50,3,2661.803,2669.788409,2669.788409,2643.8235355691068,2643.8235355691068,0.6826085095353562,sl,0.1,0.7000000000000001,-80.55408999999891,-1.0,7616.68403687074
2024-10-01,-1,2024-10-01 14:00:00,2024-10-01 23:59:55,108,2668.587,2660.459,2676.592761,2644.3713998015874,2644.3713998015874,0.9151929339512869,session_end,0.1,0.7000000000000001,80.58000000000156,1.0152688794981846,7697.264036870742
2024-10-02,1,2024-10-02 05:30:00,2024-10-02 07:58:50,30,2649.537,2655.614859649123,2641.588389,2657.991583333333,2657.991583333333,-0.31693416134780994,tp,0.1,0.7000000000000001,60.078596491231835,0.7646442440224256,7757.342633361974
2024-10-02,1,2024-10-02 12:30:00,2024-10-02 13:06:25,8,2645.593,2654.0396815286617,2637.6562209999997,2654.2079766666666,2654.2079766666666,-0.32855287691577817,tp,0.1,0.7000000000000001,83.76681528661884,1.0642455243697426,7841.109448648593
2024-10-02,1,2024-10-02 15:05:00,2024-10-02 18:02:05,36,2645.872,2653.4272183641974,2637.9343839999997,2654.2680313075502,2654.2680313075502,-0.31573794389641935,tp,0.1,0.7000000000000001,74.85218364197571,0.9518246239421783,7915.961632290568
2024-10-03,1,2024-10-03 07:45:00,2024-10-03 12:30:00,58,2646.824,2652.00828,2638.883528,2655.7791523297487,2655.7791523297487,-0.3395482761372703,tp,0.1,0.7000000000000001,51.14279999999944,0.6528931781385031,7967.104432290567
2024-10-03,1,2024-10-03 12:55:00,2024-10-03 14:13:30,16,2643.832,2651.4089274509806,2635.9005039999997,2651.847510752689,2651.847510752689,-0.3043165461047975,tp,0.1,0.7000000000000001,75.06927450980747,0.9552961321521946,8042.173706800375
2024-10-03,-1,2024-10-03 16:40:00,2024-10-03 23:59:55,76,2660.439,2655.902,2668.4203169999996,2651.3549283333327,2651.3549283333327,0.34218623729755226,session_end,0.1,0.7000000000000001,44.66999999999807,0.5684525498736539,8086.843706800373
2024-10-04,1,2024-10-04 12:35:00,2024-10-04 12:55:50,5,2641.227,2633.3033189999996,2633.3033189999996,2660.6657980132427,2660.6657980132427,-0.7302795423518355,sl,0.1,0.7000000000000001,-79.93681000000215,-1.0,8006.90689680037
2024-10-04,1,2024-10-04 13:05:00,2024-10-04 14:53:45,22,2642.457,2658.8385898876386,2634.5296289999997,2659.9126910828004,2659.9126910828004,-0.6566828731393441,tp,0.1,0.7000000000000001,163.11589887638712,2.066459345429683,8170.022795676758
2024-10-04,-1,2024-10-04 15:10:00,2024-10-04 15:26:50,4,2666.939,2658.99715225225,2674.9398169999995,2658.889510989009,2658.889510989009,0.3050893607073532,tp,0.1,0.7000000000000001,78.71847747749761,0.9926295961712556,8248.741273154255
2024-10-04,1,2024-10-04 15:45:00,2024-10-04 20:57:55,63,2649.803,2653.58,2641.853591,2658.9312160493805,2658.9312160493805,-0.3451279970685062,session_end,0.1,0.7000000000000001,37.070000000000434,0.4751296605823305,8285.811273154255
2024-10-07,-1,2024-10-07 08:10:00,2024-10-07 12:25:15,52,2654.901,2649.7392315436236,2662.8657029999995,2646.739918367346,2646.739918367346,0.3097237312879114,tp,0.1,0.7000000000000001,50.91768456376194,0.6480804690867222,8336.728957718018
2024-10-07,1,2024-10-07 12:50:00,2024-10-07 13:12:35,5,2641.132,2649.400419831223,2633.208604,2649.598112554112,2649.598112554112,-0.32158131883246904,tp,0.1,0.7000000000000001,81.98419831223127,1.0435449435094475,8418.71315603025
2024-10-07,1,2024-10-07 15:00:00,2024-10-07 15:34:35,7,2640.92,2648.7256075268815,2632.99724,2648.9190629629625,2648.9190629629625,-0.30150271764170733,tp,0.1,0.7000000000000001,77.35607526881431,0.9852131740556958,8496.069231299063
2024-10-08,1,2024-10-08 07:05:00,2024-10-08 09:48:40,33,2632.311,2640.4097934472934,2624.414067,2641.9422215686272,2641.9422215686272,-0.3659702127356252,tp,0.1,0.7000000000000001,80.28793447293246,1.025561879186927,8576.357165771995
2024-10-08,-1,2024-10-08 11:25:00,2024-10-08 12:32:05,14,2649.866,2641.703873333332,2657.8155979999997,2640.8779403892927,2640.8779403892927,0.34149854004148766,tp,0.1,0.7000000000000001,80.92126666667973,1.0267345174772717,8657.278432438676
2024-10-08,1,2024-10-08 14:20:00,2024-10-08 14:32:30,3,2632.621,2624.723137,2624.723137,2641.6618062015496,2641.6618062015496,-0.34203114798185047,sl,0.1,0.7000000000000001,-79.67863000000143,-1.0,8577.599802438674
2024-10-08,1,2024-10-08 14:40:00,2024-10-08 15:06:15,6,2624.305,2616.432085,2616.432085,2641.3427916666656,2641.3427916666656,-0.6472575888522877,sl,0.1,0.7000000000000001,-79.42914999999921,-1.0,8498.170652438675
2024-10-08,1,2024-10-08 15:15:00,2024-10-08 23:59:55,93,2612.544,2621.929,2604.7063679999997,2640.544620218578,2640.544620218578,-1.0623990219205544,session_end,0.1,0.7000000000000001,93.15000000000218,1.1974279986608154,8591.320652438677
2024-10-09,1,2024-10-09 07:10:00,2024-10-09 09:25:30,28,2610.621,2617.726234513274,2602.789137,2618.7552480620147,2618.7552480620147,-0.3104432179384074,tp,0.1,0.7000000000000001,70.35234513273899,0.90722150186667,8661.672997571415
2024-10-09,1,2024-10-09 13:40:00,2024-10-09 15:16:25,20,2609.364,2617.002765027322,2601.535908,2617.8042347560972,2617.8042347560972,-0.32484227212999545,tp,0.1,0.7000000000000001,75.68765027321824,0.9758144165042557,8737.360647844635
2024-10-09,1,2024-10-09 17:05:00,2024-10-09 23:59:55,71,2607.673,2608.538,2599.849981,2616.5285609756093,2616.5285609756093,-0.3377016825803153,session_end,0.1,0.7000000000000001,7.9500000000023645,0.11057112350107344,8745.310647844635
2024-10-10,-1,2024-10-10 12:50:00,2024-10-10 23:24:25,115,2624.704,2632.5781119999997,2632.5781119999997,2613.7559729437216,2613.7559729437216,0.4214443570978066,sl,0.1,0.7000000000000001,-79.44111999999514,-1.0,8665.869527844641
2024-10-11,-1,2024-10-11 12:35:00,2024-10-11 12:47:20,3,2648.87,2640.8628888888875,2656.8166099999994,2640.8217615894023,2640.8217615894023,0.3041378455531928,tp,0.1,0.7000000000000001,79.37111111112408,1.0076134491453466,8745.240638955765
2024-10-11,-1,2024-10-11 13:20:00,2024-10-11 15:14:50,23,2649.62,2657.5688599999994,2657.5688599999994,2641.030013541665,2641.030013541665,0.32761787688780103,sl,0.1,0.7000000000000001,-80.18859999999513,-1.0,8665.05203895577
2024-10-11,-1,2024-10-11 15:20:00,2024-10-11 20:57:55,68,2656.998,2656.962,2664.968994,2642.441700181158,2642.441700181158,0.5531550542000604,session_end,0.1,0.7000000000000001,-0.339999999999418,0.004516375247561239,8664.712038955771
2024-10-14,-1,2024-10-14 03:15:00,2024-10-14 06:24:20,38,2656.199,2664.1675969999997,2664.1675969999997,2648.0408675213666,2648.0408675213666,0.30681673301508716,sl,0.1,0.7000000000000001,-80.38596999999591,-1.0,8584.326068955774
2024-10-14,-1,2024-10-14 06:30:00,2024-10-14 10:55:25,54,2665.563,2656.1799147582697,2673.5596889999997,2653.0411538461535,2653.0411538461535,0.4736581690649213,tp,0.1,0.7000000000000001,93.13085241730441,1.1733712842566348,8677.45692137308
2024-10-14,1,2024-10-14 14:55:00,2024-10-14 23:59:55,97,2647.051,2649.418,2639.1098469999997,2655.2819283054,2655.2819283054,-0.31433303621836706,session_end,0.1,0.7000000000000001,22.970000000001892,0.2980675476218788,8700.42692137308
2024-10-15,1,2024-10-15 05:30:00,2024-10-15 06:33:15,13,2639.521,2646.7745769230773,2631.602437,2647.564762626263,2647.564762626263,-0.30357189896613807,tp,0.1,0.7000000000000001,71.83576923077162,0.9160218745594372,8772.262690603853
2024-10-15,-1,2024-10-15 14:25:00,2024-10-15 16:08:05,21,2659.553,2667.5316589999998,2667.5316589999998,2649.6915154142594,2649.6915154142594,0.3738165189464225,sl,0.1,0.7000000000000001,-80.4865899999988,-1.0,8691.776100603853
2024-10-15,-1,2024-10-15 16:15:00,2024-10-15 23:59:55,81,2668.069,2660.598,2676.0732069999995,2651.123896581197,2651.123896581197,0.6413356780771023,session_end,0.1,0.7000000000000001,74.01000000000003,0.9333841566067037,8765.786100603853
2024-10-16,-1,2024-10-16 06:20:00,2024-10-16 13:01:10,81,2675.187,2683.212561,2683.212561,2665.8462456140346,2665.8462456140346,0.3527680713558696,sl,0.1,0.7000000000000001,-80.95560999999925,-1.0,8684.830490603854
2024-10-16,-1,2024-10-16 13:10:00,2024-10-16 13:59:05,10,2682.215,2672.511136726546,2690.261645,2671.9791919831214,2671.9791919831214,0.3818633037073053,tp,0.1,0.7000000000000001,96.33863273454317,1.2059514584593256,8781.169123338397
2024-10-16,-1,2024-10-16 14:20:00,2024-10-16 14:43:55,5,2680.829,2672.7670946969683,2688.871487,2672.642005813952,2672.642005813952,0.30653167046788715,tp,0.1,0.7000000000000001,79.91905303031835,1.002414464957435,8861.088176368716
2024-10-17,-1,2024-10-17 14:15:00,2024-10-17 23:59:55,105,2690.104,2693.804,2698.1743119999996,2681.3137465886953,2681.3137465886953,0.3271811597007706,session_end,0.1,0.7000000000000001,-37.70000000000273,-0.4584705027513621,8823.388176368713
2024-10-18,-1,2024-10-18 01:45:00,2024-10-18 05:38:00,47,2704.774,2712.888322,2712.888322,2696.4344523809523,2696.4344523809523,0.3117838674559395,sl,0.1,0.7000000000000001,-81.84321999999902,-1.0,8741.544956368714
2024-10-18,-1,2024-10-18 12:35:00,2024-10-18 13:06:25,7,2716.427,2707.403508492569,2724.5762809999997,2707.1986390728475,2707.1986390728475,0.3401250574766099,tp,0.1,0.7000000000000001,89.53491507431117,1.1072745567899365,8831.079871443024
2024-10-18,-1,2024-10-18 14:20:00,2024-10-18 20:57:55,80,2716.866,2721.877,2725.0165979999997,2707.719587209302,2707.719587209302,0.3370331563802687,session_end,0.1,0.7000000000000001,-50.809999999999675,-0.6148015151771858,8780.269871443024
2024-10-21,-1,2024-10-21 11:45:00,2024-10-21 14:35:45,35,2737.809,2731.045652380953,2746.022427,2729.5959728132384,2729.5959728132384,0.3002835316434733,tp,0.1,0.7000000000000001,66.93347619047181,0.8234501407326615,8847.203347633496
2024-10-21,1,2024-10-21 15:10:00,2024-10-21 23:59:55,94,2720.381,2721.545,2712.219857,2730.8515705128207,2730.8515705128207,-0.3829600490097908,session_end,0.1,0.7000000000000001,10.940000000002147,0.1426270805449974,8858.143347633499
2024-10-22,-1,2024-10-22 14:55:00,2024-10-22 23:59:55,97,2742.737,2746.65,2750.9652109999997,2733.2244581005593,2733.2244581005593,0.34728365873167666,session_end,0.1,0.7000000000000001,-39.83000000000011,-0.47555902492050567,8818.313347633499
2024-10-23,-1,2024-10-23 05:50:00,2024-10-23 12:08:10,76,2752.925,2748.7342620689647,2761.183775,2744.6407333333336,2744.6407333333336,0.3012695456364449,tp,0.1,0.7000000000000001,41.20737931035528,0.5074285146448034,8859.520726943854
2024-10-23,1,2024-10-23 13:10:00,2024-10-23 14:10:20,13,2739.301,2731.0830969999997,2731.0830969999997,2748.38721835443,2748.38721835443,-0.33276673291712355,sl,0.1,0.7000000000000001,-82.87903000000206,-1.0,8776.641696943852
2024-10-23,1,2024-10-23 14:20:00,2024-10-23 14:40:25,5,2725.167,2716.9914989999997,2716.9914989999997,2747.3264699612396,2747.3264699612396,-0.8074384389254042,sl,0.1,0.7000000000000001,-82.45501000000168,-1.0,8694.18668694385
2024-10-23,1,2024-10-23 14:50:00,2024-10-23 15:14:00,5,2718.588,2710.432236,2710.432236,2746.4988586142317,2746.4988586142317,-1.0155241290835437,sl,0.1,0.7000000000000001,-82.2576400000009,-1.0,8611.92904694385
2024-10-23,1,2024-10-23 15:20:00,2024-10-23 23:59:55,92,2713.643,2721.32,2705.502071,2745.5100932971004,2745.5100932971004,-1.1606073995100101,session_end,0.1,0.7000000000000001,76.07000000000134,0.9430127691815026,8687.99904694385
2024-10-24,-1,2024-10-24 06:30:00,2024-10-24 12:43:15,75,2733.188,2741.3875639999997,2741.3875639999997,2724.207087606837,2724.207087606837,0.3314877357982466,sl,0.1,0.7000000000000001,-82.69563999999555,-1.0,8605.303406943854
2024-10-24,-1,2024-10-24 12:50:00,2024-10-24 13:52:20,13,2739.086,2731.103173694778,2747.3032579999995,2730.4129404761898,2730.4129404761898,0.31693226308475325,tp,0.1,0.7000000000000001,79.12826305221806,0.9714708124318505,8684.431669996073
2024-10-25,1,2024-10-25 08:40:00,2024-10-25 11:32:25,35,2719.951,2726.517316425121,2711.791147,2728.533400641026,2728.533400641026,-0.31401120613048306,tp,0.1,0.7000000000000001,64.9631642512093,0.804710136949874,8749.394834247283
2024-10-25,-1,2024-10-25 14:15:00,2024-10-25 20:33:25,76,2737.656,2745.8689679999998,2745.8689679999998,2726.868728070175,2726.868728070175,0.3978105663158152,sl,0.1,0.7000000000000001,-82.82967999999819,-1.0,8666.565154247284
2024-10-28,-1,2024-10-28 06:15:00,2024-10-28 08:33:55,28,2741.681,2734.88948366013,2749.906043,2732.7923933333327,2732.7923933333327,0.32487307445401525,tp,0.1,0.7000000000000001,67.21516339870213,0.8257119555326683,8733.780317645986
2024-10-28,-1,2024-10-28 13:40:00,2024-10-28 23:59:55,112,2742.624,2744.525,2750.8518719999993,2734.1106788617867,2734.1106788617867,0.31391637524295984,session_end,0.1,0.7000000000000001,-19.710000000002946,-0.23104394429087072,8714.070317645983
2024-10-29,-1,2024-10-29 02:15:00,2024-10-29 03:16:00,13,2757.335,2749.853371794871,2765.607005,2748.2433888888886,2748.2433888888886,0.3305788398452064,tp,0.1,0.7000000000000001,74.11628205129254,0.9044516057629834,8788.186599697276
2024-10-29,-1,2024-10-29 13:45:00,2024-10-29 14:17:55,7,2760.65,2768.9319499999997,2768.9319499999997,2751.928681818183,2751.928681818183,0.3160626305210274,sl,0.1,0.7000000000000001,-83.51949999999597,-1.0,8704.667099697279
2024-10-29,-1,2024-10-29 14:25:00,2024-10-29 23:59:55,103,2770.835,2775.014,2779.147505,2752.533354527939,2752.533354527939,0.6640844312382839,session_end,0.1,0.7000000000000001,-42.490000000000876,-0.5027365397073627,8662.17709969728
2024-10-30,1,2024-10-30 13:50:00,2024-10-30 14:44:00,11,2772.708,2780.9253181818162,2764.389876,2781.110859437749,2781.110859437749,-0.30176285167738703,tp,0.1,0.7000000000000001,81.47318181816154,0.9878811835236232,8743.65028151544
2024-10-31,1,2024-10-31 10:15:00,2024-10-31 13:22:50,38,2775.277,2766.951169,2766.951169,2783.7799186991856,2783.7799186991856,-0.3066843984985244,sl,0.1,0.7000000000000001,-83.95831000000108,-1.0,8659.69197151544
2024-10-31,1,2024-10-31 13:30:00,2024-10-31 13:50:10,5,2767.299,2758.997103,2758.997103,2782.118599794237,2782.118599794237,-0.532475495305359,sl,0.1,0.7000000000000001,-83.71896999999827,-1.0,8575.97300151544
2024-10-31,1,2024-10-31 14:00:00,2024-10-31 14:34:25,7,2755.447,2747.180659,2747.180659,2781.3763998015856,2781.3763998015856,-0.9315495667337215,sl,0.1,0.7000000000000001,-83.36341000000012,-1.0,8492.60959151544
2024-10-31,1,2024-10-31 14:40:00,2024-10-31 14:59:10,4,2743.07,2734.84079,2734.84079,2779.997451704544,2779.997451704544,-1.3275534364938055,sl,0.1,0.7000000000000001,-82.99209999999967,-1.0,8409.61749151544
2024-10-31,1,2024-10-31 15:05:00,2024-10-31 23:59:55,95,2733.673,2746.752,2725.4719809999997,2778.8504751381197,2778.8504751381197,-1.6254913872569783,session_end,0.1,0.7000000000000001,130.0900000000018,1.5948018167010756,8539.707491515443
2024-11-01,-1,2024-11-01 13:05:00,2024-11-01 14:23:50,16,2759.865,2751.4579670542635,2768.1445949999993,2750.9001220806795,2750.9001220806795,0.328633447894227,tp,0.1,0.7000000000000001,83.37032945736318,1.015391809108635,8623.077820972805
2024-11-01,1,2024-11-01 14:45:00,2024-11-01 20:57:55,75,2739.874,2736.752,2731.6543779999997,2751.3784378531072,2751.3784378531072,-0.41793370533498203,session_end,0.1,0.7000000000000001,-31.919999999998435,-0.3798228191028512,8591.157820972807
2024-11-05,-1,2024-11-05 09:15:00,2024-11-05 10:25:40,15,2744.659,2735.732372000001,2752.892977,2735.1270195195207,2735.1270195195207,0.3489593138587007,tp,0.1,0.7000000000000001,88.56627999999255,1.0841210753927777,8679.7241009728
2024-11-05,-1,2024-11-05 13:50:00,2024-11-05 15:09:50,16,2745.562,2737.5400294659307,2753.7986859999996,2736.8257259036154,2736.8257259036154,0.3209475127790416,tp,0.1,0.7000000000000001,79.51970534069169,0.9739318136043339,8759.24380631349
2024-11-06,-1,2024-11-06 01:55:00,2024-11-06 02:33:20,8,2749.613,2742.0440000000012,2757.8618389999997,2740.811007246377,2740.811007246377,0.3209084001183859,tp,0.1,0.7000000000000001,74.98999999998595,0.9175836745024024,8834.233806313478
2024-11-06,1,2024-11-06 03:30:00,2024-11-06 04:40:50,15,2731.564,2740.105910714286,2723.369308,2741.4623333333343,2741.4623333333343,-0.3602760910935061,tp,0.1,0.7000000000000001,84.71910714286132,1.0423711732284873,8918.952913456338
2024-11-06,1,2024-11-06 06:25:00,2024-11-06 06:27:30,1,2728.615,2720.429155,2720.429155,2739.7811861471864,2739.7811861471864,-0.4073203438147378,sl,0.1,0.7000000000000001,-82.55844999999972,-1.0,8836.39446345634
2024-11-06,1,2024-11-06 06:35:00,2024-11-06 06:38:45,1,2709.518,2701.389446,2701.389446,2739.2026286919836,2739.2026286919836,-1.0818888818800076,sl,0.1,0.7000000000000001,-81.98553999999895,-1.0,8754.40892345634
2024-11-06,1,2024-11-06 06:45:00,2024-11-06 11:58:45,63,2704.4,2696.2868,2696.2868,2738.3727942386836,2738.3727942386836,-1.2405649921061337,sl,0.1,0.7000000000000001,-81.83200000000234,-1.0,8672.576923456338
2024-11-06,1,2024-11-06 12:05:00,2024-11-06 12:32:15,6,2706.12,2698.00164,2698.00164,2730.7538701149424,2730.7538701149424,-0.9013397503271287,sl,0.1,0.7000000000000001,-81.88359999999939,-1.0,8590.693323456338
2024-11-06,1,2024-11-06 12:40:00,2024-11-06 13:00:00,5,2701.298,2693.194106,2693.194106,2729.45459868421,2729.45459868421,-1.0310887273148674,sl,0.1,0.7000000000000001,-81.73893999999855,-1.0,8508.95438345634
2024-11-06,1,2024-11-06 13:10:00,2024-11-06 13:30:35,5,2682.772,2674.723684,2674.723684,2728.1416561181427,2728.1416561181427,-1.6653884528412175,sl,0.1,0.7000000000000001,-81.18315999999886,-1.0,8427.77122345634
2024-11-06,1,2024-11-06 13:40:00,2024-11-06 14:34:00,11,2662.038,2654.051886,2654.051886,2726.2382398373975,2726.2382398373975,-2.356791086652416,sl,0.1,0.7000000000000001,-80.56113999999816,-1.0,8347.210083456343
2024-11-06,1,2024-11-06 14:40:00,2024-11-06 23:59:55,100,2656.972,2664.109,2649.001084,2721.875043560605,2721.875043560605,-2.386536579417305,session_end,0.1,0.7000000000000001,70.66999999999716,0.8953801545518135,8417.880083456339
2024-11-07,1,2024-11-07 01:20:00,2024-11-07 02:17:25,12,2650.585,2657.2760432098767,2642.633245,2661.8576875,2661.8576875,-0.4258374725752444,tp,0.1,0.7000000000000001,66.21043209876625,0.8414549001920437,8484.090515555106
2024-11-07,-1,2024-11-07 07:35:00,2024-11-07 08:54:50,16,2666.214,2658.408169811321,2674.2126419999995,2657.564932234433,2657.564932234433,0.3277273740304887,tp,0.1,0.7000000000000001,77.3583018867901,0.9758944316647047,8561.448817441895
2024-11-07,-1,2024-11-07 10:25:00,2024-11-07 13:06:20,33,2667.745,2675.7482349999996,2675.7482349999996,2659.042910666667,2659.042910666667,0.3270571263986216,sl,0.1,0.7000000000000001,-80.73234999999677,-1.0,8480.716467441898
2024-11-07,-1,2024-11-07 13:15:00,2024-11-07 14:01:40,10,2677.746,2685.7792379999996,2685.7792379999996,2660.9037620545073,2660.9037620545073,0.6348872208910168,sl,0.1,0.7000000000000001,-81.03237999999529,-1.0,8399.684087441903
2024-11-07,-1,2024-11-07 14:10:00,2024-11-07 14:34:15,5,2683.175,2691.224525,2691.224525,2662.2931627450985,2662.2931627450985,0.7862145892798458,sl,0.1,0.7000000000000001,-81.19524999999904,-1.0,8318.488837441904
2024-11-07,-1,2024-11-07 14:40:00,2024-11-07 15:26:55,10,2690.842,2698.914526,2698.914526,2663.1785284090915,2663.1785284090915,1.0405975902585523,sl,0.1,0.7000000000000001,-81.42525999999926,-1.0,8237.063577441906
2024-11-07,-1,2024-11-07 15:35:00,2024-11-07 20:15:45,57,2698.881,2706.9776429999997,2706.9776429999997,2665.024344919787,2665.024344919787,1.2699004099053357,sl,0.1,0.7000000000000001,-81.66642999999858,-1.0,8155.397147441907
2024-11-07,-1,2024-11-07 20:25:00,2024-11-07 23:59:55,31,2709.776,2706.965,2717.9053279999994,2672.5125408163285,2672.5125408163285,1.393855355765443,session_end,0.1,0.7000000000000001,27.409999999996945,0.34578503905856134,8182.807147441903
2024-11-08,1,2024-11-08 06:20:00,2024-11-08 07:26:40,14,2689.987,2681.917039,2681.917039,2698.731934210525,2698.731934210525,-0.3233160767068825,sl,0.1,0.7000000000000001,-81.39961000000149,-1.0,8101.407537441902
2024-11-08,1,2024-11-08 07:35:00,2024-11-08 11:42:45,50,2683.427,2693.474383333333,2675.3767190000003,2696.6234120879117,2696.6234120879117,-0.49157446414246414,tp,0.1,0.7000000000000001,99.77383333333073,1.2480785867391841,8201.181370775234
2024-11-08,-1,2024-11-08 14:10:00,2024-11-08 14:39:45,6,2702.806,2693.4960866666656,2710.914418,2693.332711764705,2693.332711764705,0.35360608044056996,tp,0.1,0.7000000000000001,92.39913333334407,1.1481787610523575,8293.580504108577
2024-11-08,1,2024-11-08 17:00:00,2024-11-08 21:57:55,60,2683.483,2684.819,2675.4325510000003,2692.768830065358,2692.768830065358,-0.3467185879870568,session_end,0.1,0.7000000000000001,12.659999999997854,0.1659534766321495,8306.240504108575
2024-11-11,1,2024-11-11 02:35:00,2024-11-11 06:22:10,46,2669.617,2673.684521929825,2661.608149,2678.6515752688174,2678.6515752688174,-0.33748604530285714,tp,0.1,0.7000000000000001,39.97521929825034,0.5078783373326596,8346.215723406825
2024-11-11,1,2024-11-11 11:00:00,2024-11-11 13:00:10,25,2662.043,2654.0568710000002,2654.0568710000002,2672.0872626262626,2672.0872626262626,-0.3750911419117267,sl,0.1,0.7000000000000001,-80.56128999999892,-1.0,8265.654433406826
2024-11-11,1,2024-11-11 13:10:00,2024-11-11 13:33:10,5,2655.024,2647.058928,2647.058928,2670.368446202531,2670.368446202531,-0.5738888288739429,sl,0.1,0.7000000000000001,-80.35071999999964,-1.0,8185.303713406826
2024-11-11,1,2024-11-11 13:40:00,2024-11-11 14:00:25,5,2640.72,2632.7978399999997,2632.7978399999997,2669.6663567073165,2669.6663567073165,-1.0866098167823057,sl,0.1,0.7000000000000001,-79.92160000000077,-1.0,8105.382113406826
2024-11-11,1,2024-11-11 14:10:00,2024-11-11 14:38:40,6,2629.655,2621.766035,2621.766035,2668.4642323529406,2668.4642323529406,-1.4577947825307498,sl,0.1,0.7000000000000001,-79.58965000000099,-1.0,8025.792463406824
2024-11-11,1,2024-11-11 14:45:00,2024-11-11 17:26:55,33,2620.094,2612.233718,2612.233718,2666.8511864406773,2666.8511864406773,-1.755391777340133,sl,0.1,0.7000000000000001,-79.30282000000098,-1.0,7946.489643406823
2024-11-11,1,2024-11-11 17:35:00,2024-11-11 23:59:55,65,2614.887,2624.099,2607.042339,2658.836928909952,2658.836928909952,-1.6523927598660073,session_end,0.1,0.7000000000000001,91.41999999999989,1.1743018595704628,8037.909643406823
2024-11-12,1,2024-11-12 05:25:00,2024-11-12 06:04:30,8,2612.119,2604.282643,2604.282643,2621.2534230769224,2621.2534230769224,-0.34948635627032487,sl,0.1,0.7000000000000001,-79.06357000000135,-1.0,7958.846073406821
2024-11-12,1,2024-11-12 06:10:00,2024-11-12 07:24:55,15,2607.446,2599.623662,2599.623662,2619.781198198197,2619.781198198197,-0.47227983034257837,sl,0.1,0.7000000000000001,-78.92337999999945,-1.0,7879.922693406823
2024-11-12,1,2024-11-12 07:30:00,2024-11-12 07:38:40,2,2604.446,2596.632662,2596.632662,2617.3900740740733,2617.3900740740733,-0.4970437613765042,sl,0.1,0.7000000000000001,-78.83337999999931,-1.0,7801.089313406823
2024-11-12,1,2024-11-12 07:45:00,2024-11-12 13:08:50,65,2597.005,2609.2304511677266,2589.2139850000003,2616.804019713261,2616.804019713261,-0.7582730523103842,tp,0.1,0.7000000000000001,121.55451167726532,1.5691731010307213,7922.643825084089
2024-11-12,1,2024-11-12 15:40:00,2024-11-12 23:59:55,88,2598.98,2599.017,2591.18306,2609.311684397161,2609.311684397161,-0.3948621568964302,session_end,0.1,0.7000000000000001,-0.3300000000019282,0.004745451420660714,7922.3138250840875
2024-11-13,-1,2024-11-13 01:20:00,2024-11-13 04:57:50,44,2608.235,2606.856183615819,2616.0597049999997,2600.259270833333,2600.259270833333,0.30593984438010946,tp,0.1,0.7000000000000001,13.088163841809365,0.17621320985021385,7935.401988925896
2024-11-13,-1,2024-11-13 14:15:00,2024-11-13 14:37:15,5,2615.683,2607.900635238096,2623.5300489999995,2607.770332358675,2607.770332358675,0.3053247267416854,tp,0.1,0.7000000000000001,77.12364761903864,0.9917568708828433,8012.525636544935
2024-11-13,1,2024-11-13 15:10:00,2024-11-13 16:33:35,17,2598.741,2590.944777,2590.944777,2607.7550989010992,2607.7550989010992,-0.34426541452769993,sl,0.1,0.7000000000000001,-78.66222999999827,-1.0,7933.863406544937
2024-11-13,1,2024-11-13 16:40:00,2024-11-13 17:11:10,7,2590.31,2582.53907,2582.53907,2607.0181233333337,2607.0181233333337,-0.6414463782841682,sl,0.1,0.7000000000000001,-78.40930000000135,-1.0,7855.454106544936
2024-11-13,1,2024-11-13 17:20:00,2024-11-13 20:30:40,39,2582.17,2574.42349,2574.42349,2606.225850961538,2606.225850961538,-0.9274848897926466,sl,0.1,0.7000000000000001,-78.16509999999944,-1.0,7777.2890065449365
2024-11-13,1,2024-11-13 20:40:00,2024-11-13 23:59:55,28,2576.102,2571.05,2568.373694,2602.188543010753,2602.188543010753,-1.0030419617693787,session_end,0.1,0.7000000000000001,-51.2199999999968,-0.6537008239580182,7726.06900654494
2024-11-14,1,2024-11-14 02:40:00,2024-11-14 04:57:45,28,2559.123,2565.0770649717515,2551.445631,2568.0455624999995,2568.0455624999995,-0.34723147557081957,tp,0.1,0.7000000000000001,58.840649717514495,0.7755345577047881,7784.9096562624545
2024-11-14,1,2024-11-14 05:40:00,2024-11-14 09:30:40,47,2556.664,2548.994008,2548.994008,2564.5907205882354,2564.5907205882354,-0.31070145127904847,sl,0.1,0.7000000000000001,-77.39992000000093,-1.0,7707.509736262454
2024-11-14,1,2024-11-14 09:40:00,2024-11-14 13:38:30,48,2544.443,2557.5986411042945,2536.809671,2560.933727011495,2560.933727011495,-0.6443051156481971,tp,0.1,0.7000000000000001,130.8564110429432,1.7234474112531926,7838.366147305397
2024-11-14,-1,2024-11-14 15:10:00,2024-11-14 16:18:45,14,2566.938,2574.638814,2574.638814,2557.8481190476186,2557.8481190476186,0.3550398823430878,sl,0.1,0.7000000000000001,-77.7081399999981,-1.0,7760.658007305399
2024-11-14,-1,2024-11-14 16:25:00,2024-11-14 23:59:55,79,2576.115,2566.997,2583.8433449999993,2558.7883781725886,2558.7883781725886,0.6814991804779462,session_end,0.1,0.7000000000000001,90.47999999999938,1.1798127542184629,7851.138007305399
2024-11-15,1,2024-11-15 06:10:00,2024-11-15 08:02:10,23,2557.535,2565.942357638888,2549.8623949999997,2567.3627792792786,2567.3627792792786,-0.3818423854392057,tp,0.1,0.7000000000000001,83.37357638888243,1.095763125938064,7934.511583694281
2024-11-15,-1,2024-11-15 15:10:00,2024-11-15 15:33:35,5,2575.096,2567.169413978493,2582.8212879999996,2567.0766446886437,2567.0766446886437,0.31393123099891246,tp,0.1,0.7000000000000001,78.56586021506864,1.0260570248652525,8013.07744390935
2024-11-18,-1,2024-11-18 01:25:00,2024-11-18 01:34:50,2,2589.611,2597.3798329999995,2597.3798329999995,2575.129245098039,2575.129245098039,0.5646029196257748,sl,0.1,0.7000000000000001,-78.38832999999632,-1.0,7934.689113909353
2024-11-18,-1,2024-11-18 01:40:00,2024-11-18 05:32:15,47,2594.348,2586.904060606061,2602.1310439999997,2577.9870333333333,2577.9870333333333,0.6334580607083781,tp,0.1,0.7000000000000001,73.73939393938763,0.9564303367601369,8008.428507848741
2024-11-18,-1,2024-11-18 09:50:00,2024-11-18 13:41:20,47,2595.61,2603.3968299999997,2603.3968299999997,2586.5804124293786,2586.5804124293786,0.34984752560320653,sl,0.1,0.7000000000000001,-78.56829999999555,-1.0,7929.860207848746
2024-11-18,-1,2024-11-18 13:50:00,2024-11-18 15:28:20,20,2604.089,2611.9012669999997,2611.9012669999997,2588.810403614458,2588.810403614458,0.5892318867478361,sl,0.1,0.7000000000000001,-78.82266999999793,-1.0,7851.037537848748
2024-11-18,-1,2024-11-18 15:35:00,2024-11-18 23:59:55,89,2612.172,2612.803,2620.008516,2590.8996051693402,2590.8996051693402,0.8222200037452909,session_end,0.1,0.7000000000000001,-7.009999999998581,-0.08052047619118885,7844.0275378487495
2024-11-19,-1,2024-11-19 02:45:00,2024-11-19 07:07:55,53,2623.352,2620.0887274509805,2631.2220559999996,2615.270570707072,2615.270570707072,0.3083401535294287,tp,0.1,0.7000000000000001,31.93272549019348,0.4146441332843695,7875.960263338943
2024-11-19,-1,2024-11-19 09:20:00,2024-11-19 12:55:30,44,2629.82,2637.70946,2637.70946,2620.4831666666664,2620.4831666666664,0.35872519438050804,sl,0.1,0.7000000000000001,-79.59459999999872,-1.0,7796.365663338945
2024-11-19,-1,2024-11-19 13:05:00,2024-11-19 14:19:25,15,2638.05,2625.071153996101,2645.96415,2624.2597505307854,2624.2597505307854,0.5244812167100076,tp,0.1,0.7000000000000001,129.0884600389898,1.639954512348088,7925.454123377935
2024-11-19,-1,2024-11-19 20:55:00,2024-11-19 23:59:55,25,2634.108,2635.265,2642.010324,2626.1251261620196,2626.1251261620196,0.3029700968441133,session_end,0.1,0.7000000000000001,-12.26999999999698,-0.1464126249442246,7913.184123377938
2024-11-20,1,2024-11-20 06:20:00,2024-11-20 07:58:35,20,2629.769,2621.879693,2621.879693,2638.142837719299,2638.142837719299,-0.3164096196745513,sl,0.1,0.7000000000000001,-79.59306999999917,-1.0,7833.591053377939
2024-11-20,1,2024-11-20 08:05:00,2024-11-20 12:44:50,56,2621.204,2631.6812774122823,2613.340388,2635.8706958762896,2635.8706958762896,-0.555611316564252,tp,0.1,0.7000000000000001,104.07277412282092,1.3323746660290405,7937.66382750076
2024-11-20,-1,2024-11-20 14:25:00,2024-11-20 15:16:30,11,2640.76,2648.68228,2648.68228,2632.133806358383,2632.133806358383,0.3262255748881253,sl,0.1,0.7000000000000001,-79.92279999999774,-1.0,7857.741027500762
2024-11-20,-1,2024-11-20 15:25:00,2024-11-20 17:09:25,21,2645.695,2653.6320849999997,2653.6320849999997,2632.886672972975,2632.886672972975,0.4880888782240912,sl,0.1,0.7000000000000001,-80.0708499999957,-1.0,7777.670177500767
2024-11-20,-1,2024-11-20 17:15:00,2024-11-20 23:59:55,69,2654.564,2652.223,2662.5276919999997,2634.540859903384,2634.540859903384,0.7644459193301153,session_end,0.1,0.7000000000000001,22.709999999998946,0.2939591335275084,7800.380177500766
2024-11-21,-1,2024-11-21 08:25:00,2024-11-21 13:00:20,56,2665.936,2661.2565886752136,2673.9338079999998,2657.4825049504952,2657.4825049504952,0.3170668116839297,tp,0.1,0.7000000000000001,46.09411324786542,0.5850867293621906,7846.474290748632
2024-11-21,-1,2024-11-21 14:20:00,2024-11-21 14:52:55,7,2670.975,2661.922122659176,2678.9879249999994,2661.70289244186,2661.70289244186,0.3505878730731975,tp,0.1,0.7000000000000001,89.82877340824125,1.1297843597468644,7936.303064156873
2024-11-21,-1,2024-11-21 17:55:00,2024-11-21 23:59:55,61,2671.401,2669.258,2679.4152029999996,2662.7298565891474,2662.7298565891474,0.3278080722027648,session_end,0.1,0.7000000000000001,20.73000000000029,0.2674002642558596,7957.0330641568735
2024-11-22,-1,2024-11-22 02:40:00,2024-11-22 06:55:20,52,2684.608,2692.661824,2692.661824,2676.0239010416662,2676.0239010416662,0.32255313396018886,sl,0.1,0.7000000000000001,-81.23823999999622,-1.0,7875.794824156877
2024-11-22,-1,2024-11-22 07:05:00,2024-11-22 08:20:20,16,2691.569,2699.6437069999997,2699.6437069999997,2682.989050980393,2682.989050980393,0.321523824946455,sl,0.1,0.7000000000000001,-81.44706999999762,-1.0,7794.347754156879
2024-11-22,-1,2024-11-22 08:30:00,2024-11-22 09:38:55,14,2696.93,2705.0207899999996,2705.0207899999996,2685.0115473856213,2685.0115473856213,0.4470726625390821,sl,0.1,0.7000000000000001,-81.60789999999743,-1.0,7712.739854156882
2024-11-22,-1,2024-11-22 09:45:00,2024-11-22 13:29:25,45,2704.886,2691.1397722567276,2713.0006579999995,2686.7034757834754,2686.7034757834754,0.6809841272561419,tp,0.1,0.7000000000000001,136.76227743272358,1.6939996415465925,7849.5021315896065
2024-11-22,-1,2024-11-22 15:35:00,2024-11-22 18:06:55,31,2700.749,2708.8512469999996,2708.8512469999996,2691.433110516933,2691.433110516933,0.348156134605447,sl,0.1,0.7000000000000001,-81.72246999999807,-1.0,7767.779661589608
2024-11-22,-1,2024-11-22 18:15:00,2024-11-22 21:57:55,45,2708.912,2715.671,2717.0387359999995,2693.3950152207,2693.3950152207,0.577913179884044,session_end,0.1,0.7000000000000001,-68.29000000000015,-0.8316992209418709,7699.489661589609
2024-11-25,1,2024-11-25 01:05:00,2024-11-25 01:33:05,6,2704.057,2695.9448289999996,2695.9448289999996,2714.795423076923,2714.795423076923,-0.3972646699359383,sl,0.1,0.7000000000000001,-81.82171000000217,-1.0,7617.667951589607
2024-11-25,1,2024-11-25 01:40:00,2024-11-25 03:19:45,20,2698.783,2690.686651,2690.686651,2710.0449833333328,2710.0449833333328,-0.4141807018836615,sl,0.1,0.7000000000000001,-81.66348999999919,-1.0,7536.004461589608
2024-11-25,1,2024-11-25 03:25:00,2024-11-25 03:28:05,1,2686.615,2678.5551549999996,2678.5551549999996,2703.9017845528456,2703.9017845528456,-0.6410101377151843,sl,0.1,0.7000000000000001,-81.29845000000223,-1.0,7454.706011589606
2024-11-25,1,2024-11-25 03:35:00,2024-11-25 05:32:50,24,2671.477,2663.462569,2663.462569,2702.3944844961243,2702.3944844961243,-1.1460201193349724,sl,0.1,0.7000000000000001,-80.84431000000059,-1.0,7373.861701589605
2024-11-25,1,2024-11-25 05:40:00,2024-11-25 05:49:50,2,2668.377,2660.371869,2660.371869,2691.072274509805,2691.072274509805,-0.842926989537546,sl,0.1,0.7000000000000001,-80.75130999999892,-1.0,7293.110391589606
2024-11-25,1,2024-11-25 05:55:00,2024-11-25 11:08:20,63,2661.036,2680.6771867167918,2653.052892,2689.894687793428,2689.894687793428,-1.0769636419183324,tp,0.1,0.7000000000000001,195.7118671679171,2.460343354592215,7488.822258757524
2024-11-25,1,2024-11-25 14:10:00,2024-11-25 14:15:15,2,2667.312,2659.310064,2659.310064,2681.1222411764716,2681.1222411764716,-0.5182061810943334,sl,0.1,0.7000000000000001,-80.71936000000115,-1.0,7408.102898757523
2024-11-25,1,2024-11-25 14:25:00,2024-11-25 15:10:30,10,2640.804,2632.881588,2632.881588,2680.6499181117542,2680.6499181117542,-1.488684435894718,sl,0.1,0.7000000000000001,-79.92411999999895,-1.0,7328.178778757523
2024-11-25,1,2024-11-25 15:20:00,2024-11-25 18:08:40,34,2631.922,2624.026234,2624.026234,2678.1412427536243,2678.1412427536243,-1.7278305570637502,sl,0.1,0.7000000000000001,-79.65766000000094,-1.0,7248.521118757522
2024-11-25,1,2024-11-25 18:15:00,2024-11-25 23:42:30,54,2623.245,2615.3752649999997,2615.3752649999997,2670.576145357687,2670.576145357687,-1.771701789515901,sl,0.1,0.7000000000000001,-79.39735000000219,-1.0,7169.123768757521
2024-11-26,-1,2024-11-26 01:20:00,2024-11-26 03:02:30,21,2628.576,2624.355791666667,2636.4617279999998,2619.783020833333,2619.783020833333,0.3377561842450721,tp,0.1,0.7000000000000001,41.502083333331754,0.5351704158871968,7210.625852090852
2024-11-26,1,2024-11-26 07:30:00,2024-11-26 09:16:40,22,2616.215,2622.970882882884,2608.366355,2624.8230240740745,2624.8230240740745,-0.3272801249945149,tp,0.1,0.7000000000000001,66.85882882883725,0.8607706021719286,7277.48468091969
2024-11-26,-1,2024-11-26 10:35:00,2024-11-26 13:05:45,31,2631.887,2639.7826609999997,2639.7826609999997,2623.3597362204723,2623.3597362204723,0.32747181642364054,sl,0.1,0.7000000000000001,-79.65660999999564,-1.0,7197.828070919695
2024-11-26,-1,2024-11-26 13:15:00,2024-11-26 13:52:20,8,2641.599,2625.4604939759033,2649.523797,2625.095967505241,2625.095967505241,0.6278449511475448,tp,0.1,0.7000000000000001,160.68506024096843,2.0364567097551536,7358.513131160664
2024-11-26,-1,2024-11-26 14:25:00,2024-11-26 14:32:20,2,2633.546,2625.668250957853,2641.4466379999994,2625.6396368015403,2625.6396368015403,0.3019021760395053,tp,0.1,0.7000000000000001,78.0774904214666,0.9971028975314453,7436.590621582131
2024-11-27,-1,2024-11-27 02:45:00,2024-11-27 06:59:35,51,2639.873,2647.792619,2647.792619,2631.5878838383837,2631.5878838383837,0.3146623455925918,sl,0.1,0.7000000000000001,-79.89618999999784,-1.0,7356.694431582133
2024-11-27,-1,2024-11-27 07:05:00,2024-11-27 12:15:20,63,2646.55,2654.48965,2654.48965,2636.9338764705876,2636.9338764705876,0.36559974504615256,sl,0.1,0.7000000000000001,-80.09649999999802,-1.0,7276.597931582135
2024-11-27,-1,2024-11-27 12:25:00,2024-11-27 15:03:00,32,2653.064,2643.7776833333332,2661.0231919999997,2642.064119686801,2642.064119686801,0.4135546988350223,tp,0.1,0.7000000000000001,92.16316666666607,1.1667411298366515,7368.7610982488
2024-11-27,1,2024-11-27 19:45:00,2024-11-27 23:59:55,39,2634.777,2637.23,2626.872669,2642.8188769338963,2642.8188769338963,-0.30385649973914064,session_end,0.1,0.7000000000000001,23.829999999999746,0.31033619416999586,7392.5910982488
2024-11-28,1,2024-11-28 01:10:00,2024-11-28 03:21:35,27,2626.014,2630.150908333333,2618.1359580000003,2635.9332142857143,2635.9332142857143,-0.3738984824160135,tp,0.1,0.7000000000000001,40.6690833333294,0.5251188472126745,7433.260181582131
2024-11-28,-1,2024-11-28 08:45:00,2024-11-28 10:38:45,23,2640.902,2648.824706,2648.824706,2632.632576190476,2632.632576190476,0.31644840548084063,sl,0.1,0.7000000000000001,-79.92705999999835,-1.0,7353.333121582133
2024-11-28,-1,2024-11-28 10:45:00,2024-11-28 15:32:30,58,2648.733,2638.266647849462,2656.6791989999997,2635.054944444443,2635.054944444443,0.5184542957770125,tp,0.1,0.7000000000000001,103.96352150538114,1.3171520308689402,7457.296643087513
2024-11-29,-1,2024-11-29 02:10:00,2024-11-29 02:22:05,3,2651.494,2659.448482,2659.448482,2641.002576923077,2641.002576923077,0.39700540879966784,sl,0.1,0.7000000000000001,-80.24481999999644,-1.0,7377.051823087517
2024-11-29,-1,2024-11-29 02:30:00,2024-11-29 08:44:15,75,2660.745,2655.585913461538,2668.7272349999994,2643.299711111111,2643.299711111111,0.6618919835441215,tp,0.1,0.7000000000000001,50.89086538461906,0.6463210539983144,7427.942688472136
2024-11-29,-1,2024-11-29 10:00:00,2024-11-29 13:16:40,40,2664.22,2657.555411949685,2672.2126599999997,2656.099569444443,2656.099569444443,0.3080807154104021,tp,0.1,0.7000000000000001,65.94588050314705,0.8338385531618759,7493.888568975284
2024-12-02,1,2024-12-02 00:45:00,2024-12-02 01:21:15,8,2633.001,2625.101997,2625.101997,2643.250759259259,2643.250759259259,-0.39005982399297,sl,0.1,0.7000000000000001,-79.69002999999994,-1.0,7414.1985389752845
2024-12-02,1,2024-12-02 01:30:00,2024-12-02 01:45:05,4,2627.445,2637.2246746031747,2619.5626650000004,2637.9251481481483,2637.9251481481483,-0.39901238879114664,tp,0.1,0.7000000000000001,97.09674603174498,1.240707810969055,7511.295285007029
2024-12-02,1,2024-12-02 03:00:00,2024-12-02 07:26:20,54,2626.882,2630.141960674157,2619.001354,2635.1807500000004,2635.1807500000004,-0.31691374491106983,tp,0.1,0.7000000000000001,31.899606741569006,0.4136666808986055,7543.194891748599
2024-12-02,-1,2024-12-02 11:15:00,2024-12-02 13:42:20,30,2639.841,2647.7605229999995,2647.7605229999995,2631.168028395062,2631.168028395062,0.3289592877205091,sl,0.1,0.7000000000000001,-79.89522999999572,-1.0,7463.299661748602
2024-12-02,-1,2024-12-02 13:50:00,2024-12-02 18:06:30,52,2644.884,2635.6542619047636,2652.818652,2633.319905622491,2633.319905622491,0.4409108955094501,tp,0.1,0.7000000000000001,91.59738095236371,1.1632190164403517,7554.897042700966
2024-12-03,-1,2024-12-03 06:20:00,2024-12-03 08:06:10,22,2648.851,2641.502572164949,2656.797553,2640.0847807017544,2640.0847807017544,0.3310014648818484,tp,0.1,0.7000000000000001,72.78427835051097,0.924731494907454,7627.681321051477
2024-12-03,-1,2024-12-03 13:55:00,2024-12-03 15:01:30,14,2651.571,2643.027251851851,2659.5257129999995,2642.381460079839,2642.381460079839,0.34968607143806807,tp,0.1,0.7000000000000001,84.73748148149006,1.0740485732356913,7712.418802532968
2024-12-04,1,2024-12-04 13:05:00,2024-12-04 13:23:35,4,2633.041,2643.8965500000004,2625.141877,2644.0342834394905,2644.0342834394905,-0.41783813124839875,tp,0.1,0.7000000000000001,107.85550000000221,1.3742728148428658,7820.274302532971
2024-12-04,-1,2024-12-04 14:30:00,2024-12-04 23:59:55,102,2652.536,2650.495,2660.4936079999998,2644.141769157088,2644.141769157088,0.3158579067254107,session_end,0.1,0.7000000000000001,19.710000000001674,0.25648410929518545,7839.984302532972
2024-12-05,1,2024-12-05 15:05:00,2024-12-05 17:12:15,26,2639.107,2631.189679,2631.189679,2648.1359677716405,2648.1359677716405,-0.34301364741797136,sl,0.1,0.7000000000000001,-79.87320999999902,-1.0,7760.111092532974
2024-12-05,1,2024-12-05 17:20:00,2024-12-05 23:59:55,68,2628.267,2633.775,2620.3821989999997,2646.678988782053,2646.678988782053,-0.6957960848333629,session_end,0.1,0.7000000000000001,54.38000000000265,0.6985591646511001,7814.491092532977
2024-12-06,1,2024-12-06 01:10:00,2024-12-06 02:43:10,19,2619.359,2624.7468333333336,2611.500923,2630.9850238095237,2630.9850238095237,-0.4410714505976453,tp,0.1,0.7000000000000001,53.17833333333674,0.685642725737323,7867.669425866314
2024-12-06,-1,2024-12-06 03:25:00,2024-12-06 03:52:30,6,2634.059,2641.961177,2641.961177,2625.1798577235772,2625.1798577235772,0.33946787494211833,sl,0.1,0.7000000000000001,-79.72176999999938,-1.0,7787.947655866314
2024-12-06,-1,2024-12-06 04:00:00,2024-12-06 10:41:10,81,2640.936,2635.3083554687482,2648.858808,2627.172815972223,2627.172815972223,0.524658444392303,tp,0.1,0.7000000000000001,55.57644531251917,0.710309341240133,7843.524101178833
2024-12-09,-1,2024-12-09 01:15:00,2024-12-09 03:26:30,27,2642.915,2641.1333861788607,2650.8437449999997,2633.290788888889,2633.290788888889,0.3671342015057143,tp,0.1,0.7000000000000001,17.116138211392173,0.2247031303364256,7860.640239390226
2024-12-09,-1,2024-12-09 07:35:00,2024-12-09 10:17:20,33,2650.03,2657.98009,2657.98009,2640.743815018314,2640.743815018314,0.35367629864622463,sl,0.1,0.7000000000000001,-80.20089999999819,-1.0,7780.439339390228
2024-12-09,-1,2024-12-09 10:25:00,2024-12-09 13:58:10,43,2658.092,2666.066276,2666.066276,2643.7062626666648,2643.7062626666648,0.5462875182951609,sl,0.1,0.7000000000000001,-80.44275999999918,-1.0,7699.996579390228
2024-12-09,-1,2024-12-09 14:05:00,2024-12-09 14:43:35,8,2664.705,2672.6991149999994,2672.6991149999994,2647.3051134122275,2647.3051134122275,0.6592510436123136,sl,0.1,0.7000000000000001,-80.64114999999511,-1.0,7619.355429390234
2024-12-09,-1,2024-12-09 14:50:00,2024-12-09 23:59:55,98,2672.993,2660.548,2681.0119789999994,2648.344868913856,2648.344868913856,0.9302274554690989,session_end,0.1,0.7000000000000001,123.75000000000163,1.5519432087303078,7743.105429390236
2024-12-10,-1,2024-12-10 10:50:00,2024-12-10 14:19:55,42,2675.263,2683.2887889999997,2683.2887889999997,2666.9928923076914,2666.9928923076914,0.30894749348878675,sl,0.1,0.7000000000000001,-80.95788999999805,-1.0,7662.147539390238
2024-12-10,-1,2024-12-10 14:25:00,2024-12-10 16:08:35,21,2683.868,2691.9196039999997,2691.9196039999997,2669.218615606936,2669.218615606936,0.5481710755166792,sl,0.1,0.7000000000000001,-81.2160399999977,-1.0,7580.931499390241
2024-12-10,-1,2024-12-10 16:15:00,2024-12-10 23:48:25,79,2689.464,2697.5323919999996,2697.5323919999996,2671.31477008547,2671.31477008547,0.6791311199147678,sl,0.1,0.7000000000000001,-81.38391999999676,-1.0,7499.547579390244
2024-12-11,1,2024-12-11 04:40:00,2024-12-11 05:05:45,6,2686.339,2678.279983,2678.279983,2698.6189285714286,2698.6189285714286,-0.4565456960590865,sl,0.1,0.7000000000000001,-81.2901700000004,-1.0,7418.257409390244
2024-12-11,1,2024-12-11 05:15:00,2024-12-11 06:07:55,11,2680.106,2695.1193310502285,2672.0656820000004,2696.88505026455,2696.88505026455,-0.6209219137058575,tp,0.1,0.7000000000000001,149.43331050228318,1.867255878465082,7567.690719892527
2024-12-11,-1,2024-12-11 14:05:00,2024-12-11 15:11:50,14,2703.052,2711.1611559999997,2711.1611559999997,2694.909693452381,2694.909693452381,0.30182111732281636,sl,0.1,0.7000000000000001,-81.7915599999953,-1.0,7485.899159892531
2024-12-11,-1,2024-12-11 15:20:00,2024-12-11 17:06:50,22,2711.832,2719.9674959999998,2719.9674959999998,2695.645887067396,2695.645887067396,0.597912841962283,sl,0.1,0.7000000000000001,-82.05495999999876,-1.0,7403.844199892534
2024-12-11,-1,2024-12-11 17:15:00,2024-12-11 23:59:55,69,2719.027,2720.021,2727.184081,2697.7680072815533,2697.7680072815533,0.7851487845239242,session_end,0.1,0.7000000000000001,-10.640000000001418,-0.1218573163611054,7393.204199892532
2024-12-12,1,2024-12-12 01:35:00,2024-12-12 04:25:45,35,2710.926,2712.3853364779875,2702.793222,2719.661535087719,2719.661535087719,-0.32938051195514384,tp,0.1,0.7000000000000001,13.893364779875629,0.1794388679965858,7407.097564672407
2024-12-12,1,2024-12-12 13:55:00,2024-12-12 14:10:55,4,2701.824,2693.718528,2693.718528,2713.0357235528936,2713.0357235528936,-0.41975943973122376,sl,0.1,0.7000000000000001,-81.75472000000191,-1.0,7325.3428446724065
2024-12-12,1,2024-12-12 14:20:00,2024-12-12 14:36:20,4,2689.34,2681.27198,2681.27198,2712.521182170542,2712.521182170542,-0.8520000626151445,sl,0.1,0.7000000000000001,-81.38020000000161,-1.0,7243.962644672405
2024-12-12,1,2024-12-12 14:45:00,2024-12-12 23:59:55,99,2681.946,2680.685,2673.900162,2711.7295979284368,2711.7295979284368,-1.1051285478954143,session_end,0.1,0.7000000000000001,-13.309999999999672,-0.156726993508938,7230.652644672406
2024-12-13,-1,2024-12-13 01:20:00,2024-12-13 02:15:15,12,2692.046,2685.781543209876,2700.1221379999997,2683.3624687499996,2683.3624687499996,0.3332397823304908,tp,0.1,0.7000000000000001,61.944567901238585,0.7756748077018911,7292.597212573644
2024-12-13,1,2024-12-13 09:00:00,2024-12-13 10:06:25,14,2674.944,2666.919168,2666.919168,2686.2720694444442,2686.2720694444442,-0.4157274153825351,sl,0.1,0.7000000000000001,-80.9483200000006,-1.0,7211.648892573643
2024-12-13,1,2024-12-13 10:15:00,2024-12-13 13:47:20,43,2669.684,2661.6749480000003,2661.6749480000003,2684.4540704607048,2684.4540704607048,-0.5519770527555242,sl,0.1,0.7000000000000001,-80.79051999999884,-1.0,7130.858372573644
2024-12-13,1,2024-12-13 13:55:00,2024-12-13 18:06:45,51,2662.477,2654.489569,2654.489569,2680.040556886228,2680.040556886228,-0.6518952424558232,sl,0.1,0.7000000000000001,-80.57431000000015,-1.0,7050.284062573644
2024-12-13,1,2024-12-13 18:15:00,2024-12-13 20:58:05,33,2655.85,2647.88245,2647.88245,2675.245108066971,2675.245108066971,-0.7346470051550571,sl,0.1,0.7000000000000001,-80.37549999999847,-1.0,6969.908562573646
2024-12-16,-1,2024-12-16 11:30:00,2024-12-16 14:42:10,39,2662.678,2655.840914772727,2670.6660339999994,2654.35460869565,2654.35460869565,0.31182311802782703,tp,0.1,0.7000000000000001,67.67085227272837,0.8559158896010272,7037.579414846376
2024-12-17,1,2024-12-17 09:00:00,2024-12-17 11:02:45,25,2644.333,2636.400001,2636.400001,2653.1630277777786,2653.1630277777786,-0.33316941647503456,sl,0.1,0.7000000000000001,-80.02999000000109,-1.0,6957.549424846375
2024-12-17,1,2024-12-17 11:10:00,2024-12-17 17:58:30,82,2637.709,2646.959234883721,2629.795873,2650.792773631841,2650.792773631841,-0.4932967134177506,tp,0.1,0.7000000000000001,91.80234883721077,1.168973388613794,7049.351773683586
2024-12-18,1,2024-12-18 14:30:00,2024-12-18 19:00:00,55,2638.638,2630.7220859999998,2630.7220859999998,2646.7116954022986,2646.7116954022986,-0.3046495550046199,sl,0.1,0.7000000000000001,-79.85914000000157,-1.0,6969.492633683583
2024-12-18,1,2024-12-18 19:10:00,2024-12-18 19:51:40,9,2616.945,2609.094165,2609.094165,2644.2738275362303,2644.2738275362303,-1.0352682559255488,sl,0.1,0.7000000000000001,-79.20835000000189,-1.0,6890.2842836835825
2024-12-18,1,2024-12-18 20:00:00,2024-12-18 20:29:20,6,2604.68,2596.8659599999996,2596.8659599999996,2643.118972222221,2643.118972222221,-1.4564789790697548,sl,0.1,0.7000000000000001,-78.84040000000205,-1.0,6811.44388368358
2024-12-18,1,2024-12-18 20:35:00,2024-12-18 21:54:45,16,2592.07,2584.29379,2584.29379,2641.974200404858,2641.974200404858,-1.8886899197278915,sl,0.1,0.7000000000000001,-78.46209999999992,-1.0,6732.981783683581
2024-12-18,1,2024-12-18 23:01:00,2024-12-18 23:59:55,12,2584.088,2588.286,2576.335736,2638.662196969696,2638.662196969696,-1.994446164049874,session_end,0.1,0.7000000000000001,41.27999999999865,0.5415192258674059,6774.26178368358
2024-12-19,-1,2024-12-19 01:15:00,2024-12-19 01:36:00,5,2601.53,2609.33459,2609.33459,2593.6137,2593.6137,0.30813378260609064,sl,0.1,0.7000000000000001,-78.74589999999735,-1.0,6695.515883683582
2024-12-19,-1,2024-12-19 01:45:00,2024-12-19 06:03:15,52,2614.174,2606.2832453703704,2622.016522,2597.32396031746,2597.32396031746,0.6508829834409033,tp,0.1,0.7000000000000001,78.20754629629555,1.0061501427257251,6773.723429979878
2024-12-19,-1,2024-12-19 07:20:00,2024-12-19 10:47:25,42,2616.445,2624.294335,2624.294335,2607.059458333333,2607.059458333333,0.3613282250451198,sl,0.1,0.7000000000000001,-79.19334999999883,-1.0,6694.530079979879
2024-12-19,-1,2024-12-19 11:00:00,2024-12-19 12:39:20,20,2619.512,2611.8665706401785,2627.370536,2611.05822979798,2611.05822979798,0.32424670217619334,tp,0.1,0.7000000000000001,75.75429359821719,0.9728821449468427,6770.284373578097
2024-12-19,1,2024-12-19 13:10:00,2024-12-19 14:00:50,11,2603.125,2595.315625,2595.315625,2611.660453586499,2611.660453586499,-0.32534679517127774,sl,0.1,0.7000000000000001,-78.79374999999818,-1.0,6691.490623578098
2024-12-19,1,2024-12-19 14:10:00,2024-12-19 15:21:05,15,2598.575,2590.779275,2590.779275,2610.8689098039226,2610.8689098039226,-0.4700507849260286,sl,0.1,0.7000000000000001,-78.65724999999948,-1.0,6612.8333735781
2024-12-19,1,2024-12-19 15:30:00,2024-12-19 23:59:55,90,2590.479,2593.58,2582.707563,2609.510304659499,2609.510304659499,-0.7315090737681506,session_end,0.1,0.7000000000000001,30.31000000000113,0.3990253025277258,6643.143373578101
2024-12-20,-1,2024-12-20 02:00:00,2024-12-20 02:28:00,6,2603.853,2596.552603448276,2611.664559,2595.996375,2595.996375,0.3025090895976344,tp,0.1,0.7000000000000001,72.30396551724134,0.9345633249040758,6715.447339095343
2024-12-20,-1,2024-12-20 07:05:00,2024-12-20 11:18:20,51,2606.35,2601.0563987654323,2614.1690499999995,2598.4053117647063,2598.4053117647063,0.30569473512579654,tp,0.1,0.7000000000000001,52.236012345676315,0.6770133500320241,6767.683351441019
2024-12-20,-1,2024-12-20 13:50:00,2024-12-20 15:06:05,16,2612.815,2620.653445,2620.653445,2601.598550200803,2601.598550200803,0.4346154712580148,sl,0.1,0.7000000000000001,-79.08444999999865,-1.0,6688.598901441021
2024-12-20,-1,2024-12-20 15:15:00,2024-12-20 15:55:05,9,2622.182,2630.0485459999995,2630.0485459999995,2602.8638406193068,2602.8638406193068,0.7442056352853383,sl,0.1,0.7000000000000001,-79.36545999999744,-1.0,6609.233441441023
2024-12-20,-1,2024-12-20 16:05:00,2024-12-20 21:57:55,71,2628.924,2622.742,2636.810772,2604.119776338514,2604.119776338514,0.9552833893248887,session_end,0.1,0.7000000000000001,61.11999999999789,0.7838441380072756,6670.353441441021
2024-12-23,-1,2024-12-23 07:10:00,2024-12-23 09:58:25,34,2633.279,2626.412299719887,2641.178837,2625.036751937984,2625.036751937984,0.3115288978708148,tp,0.1,0.7000000000000001,67.96700280113036,0.8692205016525143,6738.320444242152
2024-12-23,1,2024-12-23 11:05:00,2024-12-23 15:27:45,53,2618.142,2610.287574,2610.287574,2626.048162907268,2626.048162907268,-0.30150486267175264,sl,0.1,0.7000000000000001,-79.24425999999876,-1.0,6659.0761842421525
2024-12-23,1,2024-12-23 15:35:00,2024-12-23 23:59:55,89,2612.522,2615.55,2604.684434,2623.2668458110525,2623.2668458110525,-0.41034124409574985,session_end,0.1,0.7000000000000001,29.580000000002475,0.38634443397353063,6688.656184242156
2024-12-26,-1,2024-12-26 15:15:00,2024-12-26 23:01:00,82,2634.881,2628.8124387626276,2642.7856429999997,2626.608182149363,2626.608182149363,0.3140863531418015,tp,0.1,0.7000000000000001,59.9856123737225,0.7677211023157359,6748.641796615879
2024-12-27,1,2024-12-27 10:00:00,2024-12-27 12:19:25,28,2624.112,2631.103012471654,2616.239664,2632.0752486111096,2632.0752486111096,-0.30209047462854677,tp,0.1,0.7000000000000001,69.21012471653903,0.8880480294100744,6817.851921332418
2024-12-27,1,2024-12-27 13:25:00,2024-12-27 14:30:55,14,2621.038,2613.174886,2613.174886,2630.751316770184,2630.751316770184,-0.36905110370157407,sl,0.1,0.7000000000000001,-79.33114000000224,-1.0,6738.520781332416
2024-12-27,1,2024-12-27 14:40:00,2024-12-27 21:57:55,88,2614.909,2621.681,2607.064273,2629.676499999998,2629.676499999998,-0.5638526259788254,session_end,0.1,0.7000000000000001,67.01999999999934,0.8632550246808852,6805.540781332415
2024-12-30,1,2024-12-30 08:45:00,2024-12-30 12:44:30,48,2613.815,2620.0967203947357,2605.973555,2622.489955555555,2622.489955555555,-0.33216354316634533,tp,0.1,0.7000000000000001,62.11720394735657,0.80109219598373,6867.657985279771
2024-12-30,1,2024-12-30 13:50:00,2024-12-30 15:07:00,16,2611.907,2604.0712790000002,2604.0712790000002,2620.008908634537,2620.008908634537,-0.3087931727206857,sl,0.1,0.7000000000000001,-79.05720999999922,-1.0,6788.600775279772
2024-12-30,1,2024-12-30 15:15:00,2024-12-30 16:22:35,14,2604.021,2596.2089370000003,2596.2089370000003,2618.9911074681227,2618.9911074681227,-0.5738319395307817,sl,0.1,0.7000000000000001,-78.82062999999853,-1.0,6709.780145279774
2024-12-30,1,2024-12-30 16:30:00,2024-12-30 23:59:55,78,2596.586,2606.736,2588.796242,2617.672205387204,2617.672205387204,-0.8085697416064842,session_end,0.1,0.7000000000000001,100.8000000000009,1.302992981296753,6810.580145279775
2024-12-31,-1,2024-12-31 08:40:00,2024-12-31 12:08:35,42,2616.443,2609.5094850574715,2624.292329,2607.923296474359,2607.923296474359,0.32676204615223875,tp,0.1,0.7000000000000001,68.63514942528745,0.8833258158154712,6879.215294705064
2024-12-31,-1,2024-12-31 15:15:00,2024-12-31 15:54:40,8,2618.069,2625.923207,2625.923207,2610.073684881604,2610.073684881604,0.308834772178536,sl,0.1,0.7000000000000001,-79.2420699999986,-1.0,6799.973224705065
2024-12-31,-1,2024-12-31 16:00:00,2024-12-31 21:57:55,72,2625.691,2624.483,2633.5680729999995,2610.623733506946,2610.623733506946,0.5788948556271863,session_end,0.1,0.7000000000000001,11.37999999999629,0.15335645613537946,6811.353224705061
2025-01-02,-1,2025-01-02 10:20:00,2025-01-02 15:34:15,63,2643.318,2651.247954,2651.247954,2633.4411008064512,2633.4411008064512,0.37678454970990505,sl,0.1,0.7000000000000001,-79.99953999999725,-1.0,6731.353684705064
2025-01-02,-1,2025-01-02 15:40:00,2025-01-02 23:59:55,88,2652.711,2658.428,2660.6691329999994,2637.0640939716304,2637.0640939716304,0.5933267251310894,session_end,0.1,0.7000000000000001,-57.870000000000985,-0.7183845758798403,6673.483684705063
2025-01-03,1,2025-01-03 08:50:00,2025-01-03 11:04:50,27,2650.258,2658.423554292928,2642.307226,2659.2954040880495,2659.2954040880495,-0.33927799349329596,tp,0.1,0.7000000000000001,80.95554292928391,1.0270137590288044,6754.439227634348
2025-01-03,1,2025-01-03 13:30:00,2025-01-03 15:19:30,22,2649.716,2641.7668519999997,2641.7668519999997,2658.1324348785865,2658.1324348785865,-0.32076787321457234,sl,0.1,0.7000000000000001,-80.1914800000015,-1.0,6674.2477476343465
2025-01-03,1,2025-01-03 15:25:00,2025-01-03 21:57:55,79,2642.65,2640.428,2634.7220500000003,2656.7646542145585,2656.7646542145585,-0.5340388051328145,session_end,0.1,0.7000000000000001,-22.920000000002073,-0.28027421969112676,6651.327747634345
2025-01-06,1,2025-01-06 05:40:00,2025-01-06 11:14:30,67,2632.704,2636.162385572137,2624.8058880000003,2640.618953431371,2640.618953431371,-0.30011726686552453,tp,0.1,0.7000000000000001,33.88385572136649,0.4378749721625513,6685.21160335571
2025-01-06,-1,2025-01-06 11:30:00,2025-01-06 13:35:00,26,2644.942,2637.6070276073588,2652.8768259999997,2636.275080917872,2636.275080917872,0.3283769263985063,tp,0.1,0.7000000000000001,72.64972392641248,0.9244024245322484,6757.861327282124
2025-01-06,1,2025-01-06 13:45:00,2025-01-06 14:17:05,7,2624.86,2616.98542,2616.98542,2637.506048484845,2637.506048484845,-0.4785599825295531,sl,0.1,0.7000000000000001,-79.44580000000151,-1.0,6678.415527282123
2025-01-06,1,2025-01-06 14:25:00,2025-01-06 15:25:00,13,2622.941,2636.4435549549526,2615.072177,2636.917126204236,2636.917126204236,-0.5292402277474805,tp,0.1,0.7000000000000001,134.32554954952758,1.7159561163026684,6812.7410768316495
2025-01-07,-1,2025-01-07 12:10:00,2025-01-07 13:19:55,14,2649.763,2657.7122889999996,2657.7122889999996,2640.8287739726024,2640.8287739726024,0.34056452716805624,sl,0.1,0.7000000000000001,-80.19288999999681,-1.0,6732.548186831653
2025-01-07,-1,2025-01-07 13:25:00,2025-01-07 15:07:25,21,2659.947,2643.823778084714,2667.926841,2641.8135434782603,2641.8135434782603,0.6856637012273903,tp,0.1,0.7000000000000001,160.53221915286196,2.0204941320618413,6893.080405984516
2025-01-07,-1,2025-01-07 15:25:00,2025-01-07 23:59:55,91,2651.997,2649.905,2659.9529909999997,2643.9243828828817,2643.9243828828817,0.308560909303422,session_end,0.1,0.7000000000000001,20.219999999996435,0.26294650157342975,6913.300405984512
2025-01-08,-1,2025-01-08 13:25:00,2025-01-08 14:37:00,15,2658.969,2666.945907,2666.945907,2650.522940993789,2650.522940993789,0.31841109072034585,sl,0.1,0.7000000000000001,-80.46906999999756,-1.0,6832.831335984514
2025-01-08,-1,2025-01-08 14:45:00,2025-01-08 17:38:45,35,2665.445,2653.7518633491313,2673.441335,2651.4285263653483,2651.4285263653483,0.5277145318275842,tp,0.1,0.7000000000000001,116.23136650868837,1.462312003045033,6949.062702493204
2025-01-08,-1,2025-01-08 20:55:00,2025-01-08 23:59:55,25,2663.83,2662.605,2671.82149,2654.332234666665,2654.332234666665,0.3600252149495923,session_end,0.1,0.7000000000000001,11.549999999999091,0.15328806017400093,6960.612702493203
2025-01-09,-1,2025-01-09 11:30:00,2025-01-09 17:05:55,68,2670.98,2665.1847130081287,2678.9929399999996,2661.812652173913,2661.812652173913,0.34355715525727004,tp,0.1,0.7000000000000001,57.252869918713074,0.7232410316153104,7017.865572411916
2025-01-10,1,2025-01-10 13:35:00,2025-01-10 13:44:45,2,2666.596,2675.85375609756,2658.596212,2675.8865961145184,2675.8865961145184,-0.3455339298737129,tp,0.1,0.7000000000000001,91.87756097560104,1.1572501793247536,7109.743133387517
2025-01-10,-1,2025-01-10 14:05:00,2025-01-10 15:23:40,16,2685.901,2693.9587029999993,2693.9587029999993,2675.9672573964485,2675.9672573964485,0.3701555979869726,sl,0.1,0.7000000000000001,-81.27702999999492,-1.0,7028.466103387522
2025-01-10,-1,2025-01-10 15:30:00,2025-01-10 21:57:55,78,2694.58,2689.65,2702.6637399999995,2677.0929229390676,2677.0929229390676,0.6549483923659729,session_end,0.1,0.7000000000000001,48.59999999999836,0.6098662252868218,7077.06610338752
2025-01-13,1,2025-01-13 10:30:00,2025-01-13 12:22:20,23,2678.432,2670.3967039999998,2670.3967039999998,2687.0257248677244,2687.0257248677244,-0.31913445369588483,sl,0.1,0.7000000000000001,-81.05296000000017,-1.0,6996.013143387521
2025-01-13,1,2025-01-13 12:30:00,2025-01-13 16:00:45,43,2669.024,2661.016928,2661.016928,2685.4713466666667,2685.4713466666667,-0.6118794261969253,sl,0.1,0.7000000000000001,-80.7707199999988,-1.0,6915.242423387523
2025-01-13,1,2025-01-13 16:10:00,2025-01-13 18:27:50,28,2666.678,2658.6779659999997,2658.6779659999997,2681.6119793814432,2681.6119793814432,-0.5588981365193796,sl,0.1,0.7000000000000001,-80.70034000000142,-1.0,6834.542083387521
2025-01-13,1,2025-01-13 18:35:00,2025-01-13 23:59:55,53,2661.582,2668.119,2653.597254,2679.1217526158443,2679.1217526158443,-0.6541790270909368,session_end,0.1,0.7000000000000001,64.67000000000262,0.8186860295869388,6899.212083387523
2025-01-14,-1,2025-01-14 21:55:00,2025-01-14 23:59:55,13,2677.939,2675.688,2685.9728169999994,2669.953717997466,2669.953717997466,0.3016450041154403,session_end,0.1,0.7000000000000001,21.80999999999749,0.28019059931286416,6921.022083387521
2025-01-15,-1,2025-01-15 09:10:00,2025-01-15 13:32:35,53,2685.303,2693.3589089999996,2693.3589089999996,2677.14886060606,2677.14886060606,0.3028833963347047,sl,0.1,0.7000000000000001,-81.25908999999702,-1.0,6839.762993387525
2025-01-15,-1,2025-01-15 13:50:00,2025-01-15 14:36:15,10,2688.905,2680.7207114285725,2696.971715,2680.2373092369485,2680.2373092369485,0.3262095760296813,tp,0.1,0.7000000000000001,81.14288571427714,1.0145751487969743,6920.9058791018015
2025-01-15,-1,2025-01-15 17:00:00,2025-01-15 21:12:30,51,2689.324,2697.391972,2697.391972,2680.8979656862753,2680.8979656862753,0.31655566240665994,sl,0.1,0.7000000000000001,-81.37971999999827,-1.0,6839.526159101804
2025-01-15,-1,2025-01-15 21:20:00,2025-01-15 23:59:55,20,2696.705,2695.063,2704.7951149999994,2683.516897135417,2683.516897135417,0.4932558046760434,session_end,0.1,0.7000000000000001,15.719999999998254,0.20296374031764988,6855.246159101802
2025-01-16,-1,2025-01-16 09:30:00,2025-01-16 13:30:10,49,2705.241,2713.356723,2713.356723,2697.0755745614047,2697.0755745614047,0.3015089942341613,sl,0.1,0.7000000000000001,-81.85722999999889,-1.0,6773.388929101804
2025-01-16,-1,2025-01-16 13:40:00,2025-01-16 14:55:40,16,2710.949,2719.081847,2719.081847,2699.9401310975622,2699.9401310975622,0.4068745368058342,sl,0.1,0.7000000000000001,-82.02846999999856,-1.0,6691.360459101805
2025-01-16,-1,2025-01-16 15:05:00,2025-01-16 23:59:55,95,2718.072,2714.676,2726.226216,2701.4948397790067,2701.4948397790067,0.6109084488328335,session_end,0.1,0.7000000000000001,33.26000000000185,0.41647167551119874,6724.620459101807
2025-01-17,1,2025-01-17 10:00:00,2025-01-17 12:39:00,32,2704.938,2711.633548565122,2696.823186,2713.0596500000006,2713.0596500000006,-0.3029844920660169,tp,0.1,0.7000000000000001,66.25548565121953,0.8251019142425117,6790.8759447530265
2025-01-17,1,2025-01-17 20:05:00,2025-01-17 21:57:55,23,2700.573,2702.941,2692.4712809999996,2711.114618257262,2711.114618257262,-0.39091369232020473,session_end,0.1,0.7000000000000001,22.979999999999382,0.2922836499266231,6813.855944753026
2025-01-20,-1,2025-01-20 04:45:00,2025-01-20 13:35:45,107,2705.902,2703.8343323108384,2714.0197059999996,2697.349698830409,2697.349698830409,0.3178602008226229,tp,0.1,0.7000000000000001,19.97667689161681,0.2547108369238547,6833.832621644644
2025-01-21,-1,2025-01-21 02:05:00,2025-01-21 05:01:25,36,2719.844,2728.0035319999997,2728.0035319999997,2711.0143866666663,2711.0143866666663,0.3260445011581827,sl,0.1,0.7000000000000001,-82.29531999999672,-1.0,6751.5373016446465
2025-01-21,-1,2025-01-21 05:10:00,2025-01-21 08:44:20,43,2728.909,2722.142793269231,2737.095727,2719.0089059139773,2719.0089059139773,0.36515489391842504,tp,0.1,0.7000000000000001,66.96206730769227,0.8264849592235577,6818.49936895234
2025-01-21,-1,2025-01-21 14:25:00,2025-01-21 15:01:00,8,2731.366,2739.5600979999995,2739.5600979999995,2722.7429865125246,2722.7429865125246,0.31763973060684525,sl,0.1,0.7000000000000001,-82.64097999999485,-1.0,6735.858388952345
2025-01-21,-1,2025-01-21 15:10:00,2025-01-21 17:08:50,24,2737.375,2745.5871249999996,2745.5871249999996,2723.3219661172166,2723.3219661172166,0.5147953145904309,sl,0.1,0.7000000000000001,-82.8212499999956,-1.0,6653.03713895235
2025-01-21,-1,2025-01-21 17:15:00,2025-01-21 23:59:55,69,2742.969,2744.357,2751.1979069999998,2725.340977455717,2725.340977455717,0.6481582558074632,session_end,0.1,0.7000000000000001,-14.579999999999199,-0.1686736768321685,6638.45713895235
2025-01-22,-1,2025-01-22 05:55:00,2025-01-22 06:19:20,5,2757.615,2749.651193333333,2765.8878449999993,2749.3343497652577,2749.3343497652577,0.30546121956609007,tp,0.1,0.7000000000000001,78.93806666666642,0.9626442495498365,6717.395205619017
2025-01-22,-1,2025-01-22 09:25:00,2025-01-22 12:31:30,38,2759.341,2752.2063288888903,2767.6190229999997,2750.0639483775817,2750.0639483775817,0.3398303384156398,tp,0.1,0.7000000000000001,70.64671111109583,0.8618810446781452,6788.041916730113
2025-01-22,-1,2025-01-22 13:05:00,2025-01-22 13:35:20,7,2761.239,2752.5924018404926,2769.522717,2752.409744161361,2752.409744161361,0.3232351526698176,tp,0.1,0.7000000000000001,85.76598159507448,1.0438065616567611,6873.807898325187
2025-01-23,1,2025-01-23 09:30:00,2025-01-23 10:52:25,17,2743.907,2752.1749282051287,2735.675279,2752.999076023393,2752.999076023393,-0.32962510239927095,tp,0.1,0.7000000000000001,81.97928205128555,1.0043984976080274,6955.787180376474
2025-01-23,1,2025-01-23 12:40:00,2025-01-23 16:16:45,44,2743.819,2750.1626128205135,2735.587543,2751.9855043859648,2751.9855043859648,-0.3006921501867059,tp,0.1,0.7000000000000001,62.73612820513499,0.7706549181406893,7018.523308581609
2025-01-24,-1,2025-01-24 02:15:00,2025-01-24 03:04:00,10,2768.805,2777.1114149999994,2777.1114149999994,2759.913524691359,2759.913524691359,0.3244295601487296,sl,0.1,0.7000000000000001,-83.76414999999561,-1.0,6934.7591585816135
2025-01-24,-1,2025-01-24 03:10:00,2025-01-24 15:24:20,147,2776.479,2784.8084369999997,2784.8084369999997,2763.5895877192984,2763.5895877192984,0.4659487913083548,sl,0.1,0.7000000000000001,-83.99436999999871,-1.0,6850.764788581615
2025-01-24,-1,2025-01-24 15:30:00,2025-01-24 16:49:20,16,2785.002,2773.5962910447743,2793.3570059999997,2773.241930107525,2773.241930107525,0.42299122067651285,tp,0.1,0.7000000000000001,113.35708955225691,1.3651347414024595,6964.121878133872
2025-01-27,1,2025-01-27 02:15:00,2025-01-27 07:26:30,63,2758.778,2750.5016659999997,2750.5016659999997,2767.105425925926,2767.105425925926,-0.3001665873697757,sl,0.1,0.7000000000000001,-83.46334000000134,-1.0,6880.65853813387
2025-01-27,1,2025-01-27 07:35:00,2025-01-27 08:39:25,13,2750.64,2758.741367313916,2742.3880799999997,2759.4663498168493,2759.4663498168493,-0.32212205876106914,tp,0.1,0.7000000000000001,80.31367313915943,0.9817554355732716,6960.972211273031
2025-01-27,-1,2025-01-27 10:40:00,2025-01-27 12:38:30,24,2768.072,2760.7316192052986,2776.3762159999997,2759.46371875,2759.46371875,0.3126615215621693,tp,0.1,0.7000000000000001,72.70380794701559,0.8839342322865836,7033.676019220045
2025-01-27,1,2025-01-27 14:25:00,2025-01-27 15:05:30,9,2750.87,2742.61739,2742.61739,2760.402545279384,2760.402545279384,-0.34777700432864017,sl,0.1,0.7000000000000001,-83.22610000000005,-1.0,6950.449919220046
2025-01-27,1,2025-01-27 15:15:00,2025-01-27 16:56:05,21,2741.57,2733.34529,2733.34529,2759.774708561021,2759.774708561021,-0.6594816781443332,sl,0.1,0.7000000000000001,-82.9470999999996,-1.0,6867.502819220046
2025-01-27,1,2025-01-27 17:05:00,2025-01-27 23:59:55,71,2732.674,2741.771,2724.475978,2757.6961398374,2757.6961398374,-0.9066132949250235,session_end,0.1,0.7000000000000001,90.27000000000207,1.1096579150434296,6957.772819220048
2025-01-28,-1,2025-01-28 14:05:00,2025-01-28 16:47:50,33,2750.807,2759.0594209999995,2759.0594209999995,2742.1801252465484,2742.1801252465484,0.31363274331507224,sl,0.1,0.7000000000000001,-83.22420999999686,-1.0,6874.548609220052
2025-01-28,-1,2025-01-28 16:55:00,2025-01-28 23:59:55,73,2758.867,2762.801,2767.1436009999998,2744.3987249589486,2744.3987249589486,0.5259722251644409,session_end,0.1,0.7000000000000001,-40.03999999999742,-0.47531589356547993,6834.5086092200545
2025-01-29,1,2025-01-29 15:30:00,2025-01-29 20:26:00,60,2750.296,2758.985777551022,2742.045112,2761.1320555555562,2761.1320555555562,-0.3913813370067869,tp,0.1,0.7000000000000001,86.19777551021961,1.0531930079552563,6920.706384730274
2025-01-30,-1,2025-01-30 08:10:00,2025-01-30 12:35:45,54,2771.238,2779.5517139999997,2779.5517139999997,2761.885217687075,2761.885217687075,0.33851089296008013,sl,0.1,0.7000000000000001,-83.83713999999891,-1.0,6836.8692447302765
2025-01-30,-1,2025-01-30 12:45:00,2025-01-30 14:56:30,27,2780.505,2788.8465149999997,2788.8465149999997,2767.0612690631815,2767.0612690631815,0.48521625042889915,sl,0.1,0.7000000000000001,-84.11514999999618,-1.0,6752.7540947302805
2025-01-30,-1,2025-01-30 15:05:00,2025-01-30 16:00:20,12,2788.865,2797.2315949999993,2797.2315949999993,2769.596104051566,2769.596104051566,0.6950975963705214,sl,0.1,0.7000000000000001,-84.36594999999507,-1.0,6668.388144730285
2025-01-30,-1,2025-01-30 16:10:00,2025-01-30 23:59:55,81,2797.125,2796.244,2805.5163749999997,2771.089333333334,2771.089333333334,0.9380847580036924,session_end,0.1,0.7000000000000001,8.109999999998582,0.10498875333302228,6676.4981447302835
2025-01-31,-1,2025-01-31 12:20:00,2025-01-31 15:00:25,33,2805.11,2813.52533,2813.52533,2795.984855855856,2795.984855855856,0.328422527930079,sl,0.1,0.7000000000000001,-84.85329999999813,-1.0,6591.644844730286
2025-01-31,-1,2025-01-31 15:10:00,2025-01-31 18:22:05,39,2814.59,2799.9279878787875,2823.03377,2798.0200677655675,2798.0200677655675,0.5915766089430178,tp,0.1,0.7000000000000001,145.92012121212684,1.736429594981025,6737.5649659424125
2025-02-03,1,2025-02-03 01:20:00,2025-02-03 02:39:15,16,2782.827,2774.4785190000002,2774.4785190000002,2791.7063125000004,2791.7063125000004,-0.3182932409549656,sl,0.1,0.7000000000000001,-84.18480999999993,-1.0,6653.380155942414
2025-02-03,1,2025-02-03 02:45:00,2025-02-03 04:09:55,17,2776.144,2782.473697278912,2767.815568,2785.817661616162,2785.817661616162,-0.34916720323032313,tp,0.1,0.7000000000000001,62.59697278912135,0.760010681351819,6715.977128731534
2025-02-03,-1,2025-02-03 08:15:00,2025-02-03 11:05:10,35,2793.326,2801.7059779999995,2801.7059779999995,2783.571104377105,2783.571104377105,0.35254697131551493,sl,0.1,0.7000000000000001,-84.49977999999483,-1.0,6631.47734873154
2025-02-03,-1,2025-02-03 11:15:00,2025-02-03 12:49:15,19,2802.025,2810.431075,2810.431075,2787.2649999999994,2787.2649999999994,0.5283853526665342,sl,0.1,0.7000000000000001,-84.76074999999874,-1.0,6546.716598731542
2025-02-03,-1,2025-02-03 12:55:00,2025-02-03 14:36:30,21,2809.481,2817.909443,2817.909443,2789.2243591397837,2789.2243591397837,0.7260133375022526,sl,0.1,0.7000000000000001,-84.98442999999789,-1.0,6461.732168731543
2025-02-03,-1,2025-02-03 14:45:00,2025-02-03 14:50:15,2,2818.629,2827.0848869999995,2827.0848869999995,2792.0318154425595,2792.0318154425595,0.9510523630344689,sl,0.1,0.7000000000000001,-85.25886999999621,-1.0,6376.473298731547
2025-02-03,-1,2025-02-03 15:00:00,2025-02-03 23:59:55,96,2830.22,2814.125,2838.7106599999993,2792.616558333332,2792.616558333332,1.3460831761701981,session_end,0.1,0.7000000000000001,160.249999999998,1.8956123552233615,6536.723298731546
2025-02-04,1,2025-02-04 07:30:00,2025-02-04 08:19:05,10,2807.605,2817.1041936026945,2799.182185,2817.661077777779,2817.661077777779,-0.35584754521600437,tp,0.1,0.7000000000000001,94.29193602694504,1.1277932143463458,6631.015234758492
2025-02-04,-1,2025-02-04 13:20:00,2025-02-04 13:28:25,2,2825.942,2834.419826,2834.419826,2817.1428187500005,2817.1428187500005,0.3143142474377056,sl,0.1,0.7000000000000001,-85.47825999999823,-1.0,6545.536974758494
2025-02-04,-1,2025-02-04 13:35:00,2025-02-04 15:14:20,20,2835.819,2844.3264569999997,2844.3264569999997,2817.443630879346,2817.443630879346,0.6545958513071594,sl,0.1,0.7000000000000001,-85.77456999999704,-1.0,6459.762404758496
2025-02-04,-1,2025-02-04 15:20:00,2025-02-04 23:59:55,92,2842.69,2841.308,2851.21807,2819.6641775362323,2819.6641775362323,0.8159596680719262,session_end,0.1,0.7000000000000001,13.12000000000062,0.16205307883261832,6472.882404758497
2025-02-05,-1,2025-02-05 04:15:00,2025-02-05 08:22:30,50,2857.711,2866.2841329999997,2866.2841329999997,2847.992343137255,2847.992343137255,0.3418603594987273,sl,0.1,0.7000000000000001,-86.43132999999871,-1.0,6386.451074758499
2025-02-05,-1,2025-02-05 08:30:00,2025-02-05 10:31:55,25,2865.49,2874.0864699999993,2874.0864699999993,2853.3841862745103,2853.3841862745103,0.42610153178721094,sl,0.1,0.7000000000000001,-86.664699999995,-1.0,6299.786374758503
2025-02-05,-1,2025-02-05 10:40:00,2025-02-05 13:46:35,38,2872.717,2859.29400909091,2881.3351509999998,2856.668255208334,2856.668255208334,0.5638822345680906,tp,0.1,0.7000000000000001,133.52990909090005,1.557525611826773,6433.3162838494045
2025-02-05,-1,2025-02-05 14:35:00,2025-02-05 15:43:00,14,2869.134,2877.7414019999997,2877.7414019999997,2859.514743809525,2859.514743809525,0.33882518743608236,sl,0.1,0.7000000000000001,-86.77401999999638,-1.0,6346.542263849407
2025-02-05,-1,2025-02-05 15:50:00,2025-02-05 20:01:45,51,2879.935,2862.6601138888914,2888.5748049999997,2860.6161508771947,2860.6161508771947,0.6764748607348456,tp,0.1,0.7000000000000001,172.04886111108573,1.9994532412605353,6518.591124960494
2025-02-06,1,2025-02-06 07:00:00,2025-02-06 08:22:05,17,2859.289,2850.7111330000002,2850.7111330000002,2868.6694980158736,2868.6694980158736,-0.3272247995931882,sl,0.1,0.7000000000000001,-86.4786699999997,-1.0,6432.112454960494
2025-02-06,1,2025-02-06 08:30:00,2025-02-06 11:37:55,38,2851.647,2864.5433429256595,2843.092059,2866.7143480392165,2866.7143480392165,-0.5275324362038459,tp,0.1,0.7000000000000001,128.2634292565961,1.5074730410951758,6560.37588421709
2025-02-06,1,2025-02-06 14:10:00,2025-02-06 14:56:40,10,2855.079,2846.5137630000004,2846.5137630000004,2864.423993137255,2864.423993137255,-0.3249691093063327,sl,0.1,0.7000000000000001,-86.35236999999798,-1.0,6474.023514217093
2025-02-06,1,2025-02-06 15:05:00,2025-02-06 23:59:55,95,2838.704,2858.058,2830.1878880000004,2863.719449355432,2863.719449355432,-0.8730586147696756,session_end,0.1,0.7000000000000001,192.83999999999816,2.2726333331454875,6666.8635142170915
2025-02-07,-1,2025-02-07 14:40:00,2025-02-07 15:31:10,11,2875.66,2884.2869799999994,2884.2869799999994,2865.3598541666656,2865.3598541666656,0.3614431122246039,sl,0.1,0.7000000000000001,-86.96979999999549,-1.0,6579.893714217096
2025-02-07,-1,2025-02-07 15:40:00,2025-02-07 16:17:00,8,2885.63,2866.763532478631,2894.28689,2866.2756134751767,2866.2756134751767,0.6753672408130019,tp,0.1,0.7000000000000001,187.96467521369033,2.1793585827438697,6767.858389430787
2025-02-07,1,2025-02-07 17:20:00,2025-02-07 21:57:55,56,2857.472,2861.072,2848.8995840000002,2866.5812195512813,2866.5812195512813,-0.31991835740544067,session_end,0.1,0.7000000000000001,35.29999999999909,0.41995162157318533,6803.158389430786
2025-02-10,-1,2025-02-10 06:10:00,2025-02-10 06:48:15,8,2882.235,2890.881705,2890.881705,2873.624292792792,2873.624292792792,0.30105561220739585,sl,0.1,0.7000000000000001,-87.16704999999656,-1.0,6715.99133943079
2025-02-10,-1,2025-02-10 06:55:00,2025-02-10 08:38:30,21,2888.218,2896.8826539999995,2896.8826539999995,2874.8837329317266,2874.8837329317266,0.4655063756135182,sl,0.1,0.7000000000000001,-87.346539999997,-1.0,6628.644799430793
2025-02-10,-1,2025-02-10 08:45:00,2025-02-10 10:12:50,18,2897.483,2906.175449,2906.175449,2878.659115873016,2878.659115873016,0.6531646634819401,sl,0.1,0.7000000000000001,-87.6244899999967,-1.0,6541.020309430796
2025-02-10,-1,2025-02-10 10:20:00,2025-02-10 23:02:45,141,2904.633,2913.3468989999997,2913.3468989999997,2882.102303763441,2882.102303763441,0.7835667806472411,sl,0.1,0.7000000000000001,-87.83898999999856,-1.0,6453.181319430798
2025-02-11,-1,2025-02-11 01:15:00,2025-02-11 02:12:15,12,2930.307,2939.0979209999996,2939.0979209999996,2920.5803000000005,2920.5803000000005,0.33247502217280345,sl,0.1,0.7000000000000001,-88.60920999999799,-1.0,6364.572109430799
2025-02-11,-1,2025-02-11 02:20:00,2025-02-11 02:36:00,4,2937.775,2927.535360215055,2946.5883249999997,2926.4116785714295,2926.4116785714295,0.38975450761385966,tp,0.1,0.7000000000000001,101.69639784945211,1.1618361724939963,6466.268507280252
2025-02-11,1,2025-02-11 02:45:00,2025-02-11 03:36:30,11,2917.184,2924.891019379846,2908.432448,2926.900722222223,2926.900722222223,-0.33127950492497305,tp,0.1,0.7000000000000001,76.3701937984586,0.8806460133980473,6542.638701078711
2025-02-11,1,2025-02-11 07:05:00,2025-02-11 09:40:45,32,2913.223,2904.483331,2904.483331,2922.6673078431377,2922.6673078431377,-0.32521005102534584,sl,0.1,0.7000000000000001,-88.09669000000049,-1.0,6454.542011078711
2025-02-11,1,2025-02-11 09:50:00,2025-02-11 12:49:25,36,2905.519,2896.8024429999996,2896.8024429999996,2919.4937853107363,2919.4937853107363,-0.4752633960225882,sl,0.1,0.7000000000000001,-87.86557000000194,-1.0,6366.676441078709
2025-02-11,1,2025-02-11 12:55:00,2025-02-11 13:19:15,5,2892.077,2883.4007690000003,2883.4007690000003,2915.641923655916,2915.641923655916,-0.8101277274233478,sl,0.1,0.7000000000000001,-87.46230999999916,-1.0,6279.21413107871
2025-02-11,1,2025-02-11 13:25:00,2025-02-11 23:59:55,115,2888.849,2898.597,2880.1824530000004,2914.560027950312,2914.560027950312,-0.8820380333147906,session_end,0.1,0.7000000000000001,96.78000000000047,1.1247847614511595,6375.994131078711
2025-02-12,1,2025-02-12 10:45:00,2025-02-12 13:30:00,34,2881.053,2872.4098409999997,2872.4098409999997,2890.8091472868214,2890.8091472868214,-0.3375403490742172,sl,0.1,0.7000000000000001,-87.13159000000196,-1.0,6288.862541078708
2025-02-12,1,2025-02-12 13:40:00,2025-02-12 14:11:05,7,2871.695,2888.4515147058814,2863.0799150000003,2888.799688008129,2888.799688008129,-0.5939556169074578,tp,0.1,0.7000000000000001,166.86514705881274,1.9450202413419544,6455.727688137522
2025-02-12,-1,2025-02-12 14:35:00,2025-02-12 15:04:40,6,2897.972,2888.741697222221,2906.665916,2888.594316190475,2888.594316190475,0.32667044162744374,tp,0.1,0.7000000000000001,91.60302777779343,1.061696797827313,6547.3307159153155
2025-02-12,-1,2025-02-12 16:50:00,2025-02-12 17:14:10,5,2899.077,2907.774231,2907.774231,2889.2667846534646,2889.2667846534646,0.339661100133143,sl,0.1,0.7000000000000001,-87.67230999999647,-1.0,6459.658405915319
2025-02-12,-1,2025-02-12 17:20:00,2025-02-12 23:59:55,68,2905.09,2905.879,2913.80527,2889.6978709935884,2889.6978709935884,0.5329494533321703,session_end,0.1,0.7000000000000001,-8.589999999997598,-0.09053075808320199,6451.068405915321
2025-02-13,-1,2025-02-13 03:40:00,2025-02-13 08:13:05,55,2916.933,2912.9151496598647,2925.6837989999995,2907.3542045454546,2907.3542045454546,0.3288658616001094,tp,0.1,0.7000000000000001,39.478503401352825,0.4591409698857819,6490.546909316674
2025-02-13,-1,2025-02-13 19:00:00,2025-02-13 23:59:55,48,2924.132,2931.316,2932.904396,2914.6976549707606,2914.6976549707606,0.325448679490383,session_end,0.1,0.7000000000000001,-72.53999999999742,-0.8189324786523396,6418.006909316677
2025-02-14,1,2025-02-14 13:45:00,2025-02-14 15:19:05,19,2918.074,2909.319778,2909.319778,2931.4616939393936,2931.4616939393936,-0.45885620703155616,sl,0.1,0.7000000000000001,-88.24222000000027,-1.0,6329.764689316677
2025-02-14,1,2025-02-14 15:25:00,2025-02-14 15:30:45,2,2905.819,2897.1015429999998,2897.1015429999998,2930.2485054054046,2930.2485054054046,-0.8355948432440885,sl,0.1,0.7000000000000001,-87.87457000000195,-1.0,6241.890119316675
2025-02-14,1,2025-02-14 15:40:00,2025-02-14 16:25:40,10,2902.477,2893.769569,2893.769569,2929.756790780141,2929.756790780141,-0.9332273199667288,sl,0.1,0.7000000000000001,-87.77430999999815,-1.0,6154.115809316678
2025-02-14,1,2025-02-14 16:35:00,2025-02-14 18:07:45,19,2892.765,2884.0867049999997,2884.0867049999997,2928.0891716917918,2928.0891716917918,-1.20862684217177,sl,0.1,0.7000000000000001,-87.48295000000162,-1.0,6066.632859316676
2025-02-14,1,2025-02-14 18:15:00,2025-02-14 21:57:55,45,2884.38,2882.834,2875.72686,2924.7237343987836,2924.7237343987836,-1.3788732906451244,session_end,0.1,0.7000000000000001,-16.160000000002764,-0.1786634678278978,6050.472859316673
2025-02-17,-1,2025-02-17 01:40:00,2025-02-17 03:45:30,26,2895.548,2904.2346439999997,2904.2346439999997,2886.7545833333334,2886.7545833333334,0.304075612015866,sl,0.1,0.7000000000000001,-87.56643999999888,-1.0,5962.906419316674
2025-02-17,-1,2025-02-17 03:55:00,2025-02-17 05:59:40,25,2903.818,2896.3547769953047,2912.529454,2893.494776595745,2893.494776595745,0.35806953888627074,tp,0.1,0.7000000000000001,73.93223004695464,0.8567138166252909,6036.83864936363
2025-02-18,-1,2025-02-18 03:10:00,2025-02-18 10:45:00,92,2907.546,2907.6361020671848,2916.2686379999996,2898.83548245614,2898.83548245614,0.3035017888081487,tp,0.1,0.7000000000000001,-1.6010206718494375,-0.010329680904440433,6035.237628691781
2025-02-18,-1,2025-02-18 12:50:00,2025-02-18 14:51:25,25,2917.736,2926.4892079999995,2926.4892079999995,2908.463688311689,2908.463688311689,0.32315382605883286,sl,0.1,0.7000000000000001,-88.23207999999632,-1.0,5947.0055486917845
2025-02-18,-1,2025-02-18 15:00:00,2025-02-18 19:49:55,58,2928.011,2936.795033,2936.795033,2910.1394925925933,2910.1394925925933,0.6130636504819937,sl,0.1,0.7000000000000001,-88.54032999999909,-1.0,5858.465218691785
2025-02-18,-1,2025-02-18 19:55:00,2025-02-18 23:59:55,37,2936.423,2934.159,2945.2322689999996,2915.1755251046047,2915.1755251046047,0.7281199609630218,session_end,0.1,0.7000000000000001,21.93999999999669,0.25700202820457696,5880.405218691782
2025-02-19,-1,2025-02-19 09:20:00,2025-02-19 11:59:05,32,2945.805,2935.330949883451,2954.6424149999993,2932.915544642858,2932.915544642858,0.439049647394806,tp,0.1,0.7000000000000001,104.04050116548824,1.1851938736100325,5984.44571985727
2025-02-19,1,2025-02-19 16:00:00,2025-02-19 20:25:25,54,2925.765,2933.698105442179,2916.987705,2935.5848020833346,2935.5848020833346,-0.3332658649953326,tp,0.1,0.7000000000000001,78.63105442179112,0.9038212162379449,6063.076774279061
2025-02-20,-1,2025-02-20 07:35:00,2025-02-20 12:23:10,58,2950.758,2945.742586711711,2959.6102739999997,2941.862443223442,2941.862443223442,0.3026333470168255,tp,0.1,0.7000000000000001,49.45413288288982,0.5665677867956941,6112.530907161951
2025-02-20,1,2025-02-20 13:50:00,2025-02-20 14:05:40,4,2936.523,2927.713431,2927.713431,2945.4805230923694,2945.4805230923694,-0.30341477467951117,sl,0.1,0.7000000000000001,-88.7956900000001,-1.0,6023.735217161951
2025-02-20,1,2025-02-20 14:15:00,2025-02-20 16:25:55,27,2925.65,2943.862859560066,2916.87305,2945.0745087719297,2945.0745087719297,-0.6615115751368127,tp,0.1,0.7000000000000001,181.42859560066137,2.0750784224663756,6205.163812762613
2025-02-21,1,2025-02-21 01:50:00,2025-02-21 02:19:45,6,2930.827,2940.0306111111113,2922.0345190000003,2941.8142575757574,2941.8142575757574,-0.37268694131601166,tp,0.1,0.7000000000000001,91.33611111111058,1.0467592834276365,6296.499923873724
2025-02-21,1,2025-02-21 03:30:00,2025-02-21 08:21:10,59,2928.408,2919.6227759999997,2919.6227759999997,2938.9512460317465,2938.9512460317465,-0.3562408885102508,sl,0.1,0.7000000000000001,-88.55224000000199,-1.0,6207.947683873722
2025-02-21,1,2025-02-21 08:30:00,2025-02-21 11:09:25,32,2919.544,2931.9881340852116,2910.785368,2933.416918300654,2933.416918300654,-0.4746143725358817,tp,0.1,0.7000000000000001,123.74134085211772,1.42078512777015,6331.68902472584
2025-02-21,-1,2025-02-21 18:55:00,2025-02-21 19:58:10,13,2942.502,2933.0946129707104,2951.3295059999996,2932.7369640234942,2932.7369640234942,0.3345181002201479,tp,0.1,0.7000000000000001,93.37387029289566,1.0656902447067111,6425.062895018736
2025-02-24,1,2025-02-24 01:15:00,2025-02-24 01:37:05,5,2924.35,2931.4248157894745,2915.57695,2933.2227888888888,2933.2227888888888,-0.30295308363721585,tp,0.1,0.7000000000000001,70.04815789474542,0.8064260193974405,6495.111052913481
2025-02-24,-1,2025-02-24 03:00:00,2025-02-24 05:56:50,36,2940.891,2936.199368544601,2949.7136729999997,2931.5354166666675,2931.5354166666675,0.3214043835106022,tp,0.1,0.7000000000000001,46.21631455399147,0.5317698451930978,6541.327367467473
2025-02-24,-1,2025-02-24 08:55:00,2025-02-24 10:37:55,21,2946.93,2938.801612860893,2955.7707899999996,2937.7109392523366,2937.7109392523366,0.31431141247727473,tp,0.1,0.7000000000000001,80.58387139106962,0.9194186423506495,6621.911238858543
2025-02-24,-1,2025-02-24 12:05:00,2025-02-24 14:28:05,29,2949.751,2940.7995655105974,2958.600253,2939.154306896553,2939.154306896553,0.3622196044102436,tp,0.1,0.7000000000000001,88.814344894028,1.0115469056431021,6710.725583752571
2025-02-24,-1,2025-02-24 20:50:00,2025-02-24 23:59:55,26,2950.665,2950.095,2959.5169949999995,2941.6943960000003,2941.6943960000003,0.30391001907459153,session_end,0.1,0.7000000000000001,5.000000000001637,0.0643922641167549,6715.725583752573
2025-02-25,1,2025-02-25 04:05:00,2025-02-25 08:00:40,48,2938.814,2929.997558,2929.997558,2948.2270306122455,2948.2270306122455,-0.3198712485275311,sl,0.1,0.7000000000000001,-88.86441999999825,-1.0,6626.861163752575
2025-02-25,1,2025-02-25 08:10:00,2025-02-25 08:56:25,10,2932.568,2942.035119937695,2923.770296,2942.556833333334,2942.556833333334,-0.3433182060884863,tp,0.1,0.7000000000000001,93.9711993769486,1.0760898454522667,6720.832363129523
2025-02-25,1,2025-02-25 12:35:00,2025-02-25 14:05:50,19,2927.26,2940.1865897435896,2918.4782200000004,2941.266835540839,2941.266835540839,-0.47528280575973947,tp,0.1,0.7000000000000001,128.56589743589376,1.4719783168776344,6849.398260565417
2025-02-25,1,2025-02-25 15:10:00,2025-02-25 15:19:25,2,2929.187,2920.399439,2920.399439,2940.063997252747,2940.063997252747,-0.37160746374758963,sl,0.1,0.7000000000000001,-88.57561000000096,-1.0,6760.822650565417
2025-02-25,1,2025-02-25 15:25:00,2025-02-25 15:31:55,2,2910.58,2901.8482599999998,2901.8482599999998,2939.767091891892,2939.767091891892,-0.9907448781307537,sl,0.1,0.7000000000000001,-88.01740000000173,-1.0,6672.805250565415
2025-02-25,1,2025-02-25 15:40:00,2025-02-25 16:07:35,6,2906.388,2897.668836,2897.668836,2939.271330673759,2939.271330673759,-1.1185367723850994,sl,0.1,0.7000000000000001,-87.89164000000092,-1.0,6584.913610565414
2025-02-25,1,2025-02-25 16:15:00,2025-02-25 23:59:55,81,2897.656,2918.666,2888.963032,2937.9703111111116,2937.9703111111116,-1.3716888478655345,session_end,0.1,0.7000000000000001,209.4000000000022,2.416896047472004,6794.313610565417
2025-02-26,1,2025-02-26 06:15:00,2025-02-26 08:54:40,32,2910.714,2917.2699418238985,2901.981858,2919.6121644444443,2919.6121644444443,-0.30869389277801446,tp,0.1,0.7000000000000001,64.85941823898592,0.7507827774558308,6859.173028804403
2025-02-26,1,2025-02-26 14:00:00,2025-02-26 14:09:10,2,2906.068,2897.3497960000004,2897.3497960000004,2915.9368482142845,2915.9368482142845,-0.3382565785100882,sl,0.1,0.7000000000000001,-87.88203999999787,-1.0,6771.290988804405
2025-02-26,1,2025-02-26 14:15:00,2025-02-26 15:56:25,21,2896.255,2914.331490401395,2887.5662350000002,2915.659423001948,2915.659423001948,-0.6647869380433912,tp,0.1,0.7000000000000001,180.0649040139495,2.0804441599462304,6951.355892818355
2025-02-27,1,2025-02-27 04:35:00,2025-02-27 05:19:05,9,2900.856,2892.153432,2892.153432,2911.9895666666666,2911.9895666666666,-0.38382921404010867,sl,0.1,0.7000000000000001,-87.72568000000156,-1.0,6863.630212818353
2025-02-27,1,2025-02-27 05:25:00,2025-02-27 08:27:05,37,2892.192,2883.515424,2883.515424,2909.7168435897433,2909.7168435897433,-0.6028539728320146,sl,0.1,0.7000000000000001,-87.46575999999841,-1.0,6776.164452818355
2025-02-27,1,2025-02-27 08:35:00,2025-02-27 14:46:50,75,2882.458,2873.810626,2873.810626,2903.2569757281544,2903.2569757281544,-0.7155231487196906,sl,0.1,0.7000000000000001,-87.17374000000127,-1.0,6688.990712818354
2025-02-27,1,2025-02-27 14:55:00,2025-02-27 23:59:55,97,2872.068,2876.124,2863.4517960000003,2896.442859404097,2896.442859404097,-0.8458775330074149,session_end,0.1,0.7000000000000001,39.85999999999585,0.47074094345951195,6728.85071281835
2025-02-28,1,2025-02-28 03:45:00,2025-02-28 08:15:45,55,2863.868,2855.2763959999997,2855.2763959999997,2875.8871592592586,2875.8871592592586,-0.4185372579902923,sl,0.1,0.7000000000000001,-86.61604000000189,-1.0,6642.234672818348
2025-02-28,1,2025-02-28 08:25:00,2025-02-28 14:03:25,68,2855.105,2846.539685,2846.539685,2868.415288778878,2868.415288778878,-0.46425595453255636,sl,0.1,0.7000000000000001,-86.35314999999828,-1.0,6555.88152281835
2025-02-28,1,2025-02-28 14:10:00,2025-02-28 14:45:15,8,2845.306,2836.770082,2836.770082,2864.8448401960786,2864.8448401960786,-0.6835741999464868,sl,0.1,0.7000000000000001,-86.05918000000038,-1.0,6469.82234281835
2025-02-28,1,2025-02-28 14:55:00,2025-02-28 21:48:15,83,2835.74,2858.7880114942527,2827.23278,2863.7974134078213,2863.7974134078213,-0.979465700908044,tp,0.1,0.7000000000000001,229.78011494252934,2.7092295126084713,6699.60245776088
2025-03-03,-1,2025-03-03 12:05:00,2025-03-03 15:21:20,40,2876.049,2884.677147,2884.677147,2867.17117816092,2867.17117816092,0.3097590372953024,sl,0.1,0.7000000000000001,-86.98146999999899,-1.0,6612.620987760881
2025-03-03,-1,2025-03-03 15:30:00,2025-03-03 23:59:55,90,2889.236,2890.985,2897.9037079999994,2869.1071218637994,2869.1071218637994,0.7011023737284962,session_end,0.1,0.7000000000000001,-18.19000000000251,-0.20178344725045574,6594.430987760878
2025-03-04,-1,2025-03-04 07:30:00,2025-03-04 08:19:10,10,2899.399,2908.0971969999996,2908.0971969999996,2889.288975925925,2889.288975925925,0.3521462947753128,sl,0.1,0.7000000000000001,-87.6819699999971,-1.0,6506.7490177608815
2025-03-04,-1,2025-03-04 08:25:00,2025-03-04 08:37:15,3,2907.448,2916.1703439999997,2916.1703439999997,2890.5365478547847,2890.5365478547847,0.5859103271945908,sl,0.1,0.7000000000000001,-87.92343999999794,-1.0,6418.825577760884
2025-03-04,-1,2025-03-04 08:45:00,2025-03-04 12:25:05,45,2913.73,2922.4711899999998,2922.4711899999998,2891.4470634920635,2891.4470634920635,0.7722581813747149,sl,0.1,0.7000000000000001,-88.11189999999733,-1.0,6330.713677760887
2025-03-04,-1,2025-03-04 12:35:00,2025-03-04 15:00:00,30,2919.837,2902.650097222222,2928.5965109999997,2899.294253863135,2899.294253863135,0.7082843043441621,tp,0.1,0.7000000000000001,171.1690277777796,1.9620847302752922,6501.882705538666
2025-03-04,-1,2025-03-04 16:50:00,2025-03-04 23:59:55,74,2912.547,2914.462,2921.2846409999997,2903.2284999999993,2903.2284999999993,0.32047081378544606,session_end,0.1,0.7000000000000001,-19.849999999999635,-0.21916670643712952,6482.032705538667
2025-03-05,1,2025-03-05 01:20:00,2025-03-05 02:17:00,12,2904.196,2911.962425925926,2895.483412,2913.7762083333337,2913.7762083333337,-0.32784632896696336,tp,0.1,0.7000000000000001,76.96425925925887,0.8914028674288287,6558.996964797926
2025-03-05,-1,2025-03-05 06:20:00,2025-03-05 09:36:30,40,2920.24,2913.728578260872,2929.0007199999995,2911.523302631579,2911.523302631579,0.3001589360635307,tp,0.1,0.7000000000000001,64.41421739127854,0.7432518947218983,6623.411182189205
2025-03-05,1,2025-03-05 13:45:00,2025-03-05 14:38:25,11,2900.003,2913.4725228571438,2891.302991,2914.162708080809,2914.162708080809,-0.48735123956623416,tp,0.1,0.7000000000000001,133.99522857143603,1.5482194164561658,6757.406410760641
2025-03-05,-1,2025-03-05 15:40:00,2025-03-05 17:55:15,28,2923.0,2914.7265837209325,2931.769,2913.683081560285,2913.683081560285,0.3197471440416966,tp,0.1,0.7000000000000001,82.03416279067532,0.9434845796633301,6839.440573551316
2025-03-06,1,2025-03-06 08:00:00,2025-03-06 08:50:50,11,2910.279,2901.548163,2901.548163,2919.8716249999998,2919.8716249999998,-0.33025852634872604,sl,0.1,0.7000000000000001,-88.00837000000065,-1.0,6751.432203551316
2025-03-06,1,2025-03-06 09:00:00,2025-03-06 09:36:45,8,2904.806,2896.091582,2896.091582,2918.360546296296,2918.360546296296,-0.46300126670243397,sl,0.1,0.7000000000000001,-87.84418000000024,-1.0,6663.588023551316
2025-03-06,1,2025-03-06 09:45:00,2025-03-06 14:34:40,58,2898.931,2912.3846800766282,2890.234207,2917.0209501424492,2917.0209501424492,-0.6221227222095658,tp,0.1,0.7000000000000001,133.8368007662819,1.546970254049749,6797.424824317598
2025-03-07,-1,2025-03-07 08:00:00,2025-03-07 13:24:50,65,2917.199,2912.79558125,2925.9505969999996,2907.932777777778,2907.932777777778,0.3179138903371248,tp,0.1,0.7000000000000001,43.33418750000128,0.5031560239805813,6840.7590118175995
2025-03-07,-1,2025-03-07 13:45:00,2025-03-07 13:57:20,3,2922.962,2913.003705588823,2931.730886,2912.9229303030306,2912.9229303030306,0.346853313277267,tp,0.1,0.7000000000000001,98.88294411177121,1.135639625281627,6939.641955929371
2025-03-07,-1,2025-03-07 14:55:00,2025-03-07 15:41:35,10,2925.066,2913.87947074468,2933.8411979999996,2913.261788640596,2913.261788640596,0.4058925087169058,tp,0.1,0.7000000000000001,111.16529255319783,1.2747893842760032,7050.807248482569
2025-03-07,1,2025-03-07 18:25:00,2025-03-07 21:57:55,43,2903.669,2911.318,2894.957993,2913.5835912518833,2913.5835912518833,-0.3386582516976511,session_end,0.1,0.7000000000000001,75.79000000000342,0.8780844740453596,7126.5972484825725
2025-03-10,1,2025-03-10 08:35:00,2025-03-10 09:17:50,9,2902.517,2911.3346741741743,2893.809449,2912.0833640776696,2912.0833640776696,-0.33051471659082343,tp,0.1,0.7000000000000001,87.47674174174499,1.0126468595101576,7214.073990224318
2025-03-10,1,2025-03-10 10:35:00,2025-03-10 14:16:00,45,2901.478,2909.0577884990253,2892.773566,2911.185059055118,2911.185059055118,-0.33410995377515545,tp,0.1,0.7000000000000001,75.09788499025198,0.8707962515454776,7289.17187521457
2025-03-10,1,2025-03-10 16:50:00,2025-03-10 17:37:15,10,2899.256,2890.558232,2890.558232,2908.414812706271,2908.414812706271,-0.3132741817455121,sl,0.1,0.7000000000000001,-87.67767999999997,-1.0,7201.49419521457
2025-03-10,1,2025-03-10 17:45:00,2025-03-10 23:59:55,63,2886.378,2884.746,2877.718866,2907.6373787167463,2907.6373787167463,-0.7301762892495302,session_end,0.1,0.7000000000000001,-17.020000000000618,-0.1884715030394567,7184.47419521457
2025-03-11,-1,2025-03-11 02:25:00,2025-03-11 05:56:25,43,2897.131,2893.7155234741776,2905.8223929999995,2888.417948275862,2888.417948275862,0.30122204888429344,tp,0.1,0.7000000000000001,33.45476525822214,0.3929722802573038,7217.928960472792
2025-03-11,-1,2025-03-11 08:15:00,2025-03-11 10:03:10,22,2904.203,2912.9156089999997,2912.9156089999997,2895.3435976430974,2895.3435976430974,0.3063160574144734,sl,0.1,0.7000000000000001,-87.82608999999702,-1.0,7130.102870472795
2025-03-11,-1,2025-03-11 10:10:00,2025-03-11 13:38:40,42,2911.568,2920.3027039999997,2920.3027039999997,2898.00850546448,2898.00850546448,0.4676312892100328,sl,0.1,0.7000000000000001,-88.0470399999951,-1.0,7042.0558304728
2025-03-11,-1,2025-03-11 13:45:00,2025-03-11 23:59:55,111,2919.759,2915.649,2928.5182769999997,2901.913407070705,2901.913407070705,0.6170788172266944,session_end,0.1,0.7000000000000001,40.40000000000127,0.46921680864759596,7082.455830472802
2025-03-12,-1,2025-03-12 15:10:00,2025-03-12 16:09:00,12,2925.041,2933.816123,2933.816123,2915.7049432234444,2915.7049432234444,0.3194272725778344,sl,0.1,0.7000000000000001,-88.45122999999894,-1.0,6994.004600472803
2025-03-12,-1,2025-03-12 16:15:00,2025-03-12 23:59:55,81,2933.782,2938.137,2942.583346,2916.5102709401717,2916.5102709401717,0.5931825178949701,session_end,0.1,0.7000000000000001,-44.250000000000185,-0.4948106800937206,6949.754600472803
2025-03-13,-1,2025-03-13 13:45:00,2025-03-13 14:41:30,12,2952.025,2960.881075,2960.881075,2942.2751343434347,2942.2751343434347,0.330674910140121,sl,0.1,0.7000000000000001,-89.26074999999692,-1.0,6860.493850472806
2025-03-13,-1,2025-03-13 14:50:00,2025-03-13 15:56:20,14,2969.28,2978.18784,2978.18784,2943.168134831461,2943.168134831461,0.8891223324568199,sl,0.1,0.7000000000000001,-89.77839999999851,-1.0,6770.715450472808
2025-03-13,-1,2025-03-13 16:05:00,2025-03-13 20:41:30,56,2977.565,2986.4976949999996,2986.4976949999996,2945.4808022452503,2945.4808022452503,1.0883689253826663,sl,0.1,0.7000000000000001,-90.02694999999513,-1.0,6680.688500472813
2025-03-13,-1,2025-03-13 20:50:00,2025-03-13 23:59:55,26,2988.268,2986.534,2997.2328039999998,2953.7741733333337,2953.7741733333337,1.1660446820075667,session_end,0.1,0.7000000000000001,16.639999999999237,0.1934230798576272,6697.328500472812
2025-03-14,-1,2025-03-14 09:20:00,2025-03-14 10:40:50,17,2996.464,2988.5782864583325,3005.4533919999994,2987.1072916666662,2987.1072916666662,0.314525305453348,tp,0.1,0.7000000000000001,78.15713541667428,0.8772243486175559,6775.485635889487
2025-03-14,-1,2025-03-14 11:05:00,2025-03-14 13:32:45,30,2997.946,2990.0926563786,3006.939838,2988.7188132832075,2988.7188132832075,0.3075795111917597,tp,0.1,0.7000000000000001,77.83343621399744,0.873191580880138,6853.319072103484
2025-03-14,1,2025-03-14 15:20:00,2025-03-14 16:22:10,13,2980.455,2989.322358843537,2971.513635,2989.6874800724636,2989.6874800724636,-0.31056691157024857,tp,0.1,0.7000000000000001,87.97358843537204,0.9917231701800645,6941.292660538857
2025-03-17,-1,2025-03-17 10:50:00,2025-03-17 12:15:30,18,2998.285,2989.8711848072567,3007.2798549999993,2988.734571794872,2988.734571794872,0.3195977419765261,tp,0.1,0.7000000000000001,83.43815192743186,0.93540309351776,7024.730812466289
2025-03-17,-1,2025-03-17 14:40:00,2025-03-17 23:59:55,100,2999.226,2999.929,3008.223678,2989.982263257576,2989.982263257576,0.30833750606867294,session_end,0.1,0.7000000000000001,-7.7299999999997455,-0.07813126897850714,7017.000812466289
2025-03-18,-1,2025-03-18 03:20:00,2025-03-18 05:23:45,25,3013.861,3007.8247656249996,3022.9025829999996,3004.817441666666,3004.817441666666,0.3022832005493006,tp,0.1,0.7000000000000001,59.66234375000276,0.6676081362080583,7076.663156216292
2025-03-18,-1,2025-03-18 07:20:00,2025-03-18 09:03:05,21,3018.502,3027.5575059999996,3027.5575059999996,3009.4317310606057,3009.4317310606057,0.30068031934404316,sl,0.1,0.7000000000000001,-91.25505999999696,-1.0,6985.408096216295
2025-03-18,-1,2025-03-18 09:10:00,2025-03-18 12:52:30,45,3026.522,3035.601566,3035.601566,3011.7972181818177,3011.7972181818177,0.4883224451299846,sl,0.1,0.7000000000000001,-91.49565999999886,-1.0,6893.912436216297
2025-03-18,-1,2025-03-18 13:00:00,2025-03-18 23:59:55,120,3034.364,3031.872,3043.467092,3015.9184978632475,3015.9184978632475,0.6108255959106526,session_end,0.1,0.7000000000000001,24.220000000001892,0.2737531379448032,6918.132436216299
2025-03-19,-1,2025-03-19 06:00:00,2025-03-19 08:00:05,25,3044.565,3035.475385416668,3053.6986949999996,3034.050175925926,3034.050175925926,0.3490161157549958,tp,0.1,0.7000000000000001,90.1961458333215,0.9951738681149976,7008.32858204962
2025-03-19,1,2025-03-19 09:00:00,2025-03-19 10:22:30,17,3025.227,3034.1940537634405,3016.151319,3035.0269783950616,3035.0269783950616,-0.3226158602464761,tp,0.1,0.7000000000000001,88.97053763440617,0.9880309547504822,7097.299119684027
2025-03-19,-1,2025-03-19 18:40:00,2025-03-19 23:59:55,52,3044.036,3050.125,3053.168108,3034.293633928571,3034.293633928571,0.32007008032557827,session_end,0.1,0.7000000000000001,-61.58999999999942,-0.6667682861394195,7035.709119684027
2025-03-20,1,2025-03-20 08:25:00,2025-03-20 10:17:15,23,3040.243,3031.1222709999997,3031.1222709999997,3049.652417491749,3049.652417491749,-0.307999608016782,sl,0.1,0.7000000000000001,-91.9072900000021,-1.0,6943.8018296840255
2025-03-20,1,2025-03-20 10:25:00,2025-03-20 18:05:10,93,3033.04,3043.052486175116,3023.94088,3048.056590666667,3048.056590666667,-0.48956081433524756,tp,0.1,0.7000000000000001,99.4248617511601,1.100379616393252,7043.226691435186
2025-03-21,1,2025-03-21 05:40:00,2025-03-21 08:02:25,29,3026.228,3034.008439236111,3017.149316,3035.5223750000005,3035.5223750000005,-0.305577553188033,tp,0.1,0.7000000000000001,77.10439236110851,0.8570007763361732,7120.3310837962945
2025-03-21,1,2025-03-21 13:40:00,2025-03-21 13:57:20,4,3016.764,3007.713708,3007.713708,3033.2893729674793,3033.2893729674793,-0.5422124612987214,sl,0.1,0.7000000000000001,-91.202919999999,-1.0,7029.128163796296
2025-03-21,1,2025-03-21 14:05:00,2025-03-21 20:57:55,83,3005.441,3023.554,2996.424677,3032.6195207100586,3032.6195207100586,-0.8931888924765677,session_end,0.1,0.7000000000000001,180.43000000000285,2.008912058718463,7209.558163796299
2025-03-24,-1,2025-03-24 10:30:00,2025-03-24 12:51:05,29,3032.743,3023.396523809525,3041.8412289999997,3022.56403968254,3022.56403968254,0.33608751325337105,tp,0.1,0.7000000000000001,92.76476190474732,1.0272852211650223,7302.322925701046
2025-03-24,1,2025-03-24 14:35:00,2025-03-24 23:59:55,101,3010.862,3009.972,3001.8294140000003,3023.343966666668,3023.343966666668,-0.41482103276841986,session_end,0.1,0.7000000000000001,-9.599999999998726,-0.09853213686533308,7292.722925701048
2025-03-25,-1,2025-03-25 13:40:00,2025-03-25 15:31:10,23,3028.002,3018.3926845878113,3037.0860059999995,3017.1141158536575,3017.1141158536575,0.36068851652512507,tp,0.1,0.7000000000000001,95.39315412188607,1.0578279464136242,7388.116079822934
2025-03-26,-1,2025-03-26 08:00:00,2025-03-26 09:11:55,15,3030.57,3022.067168181818,3039.66171,3021.3438229166672,3021.3438229166672,0.30472126387937304,tp,0.1,0.7000000000000001,84.3283181818213,0.9352291063157995,7472.444398004755
2025-03-27,-1,2025-03-27 10:05:00,2025-03-27 10:19:25,3,3041.664,3050.788992,3050.788992,3031.3232892561987,3031.3232892561987,0.342101773854223,sl,0.1,0.7000000000000001,-91.94991999999566,-1.0,7380.49447800476
2025-03-27,-1,2025-03-27 10:25:00,2025-03-27 13:37:20,39,3050.905,3036.2491595092033,3060.057715,3031.833090666667,3031.833090666667,0.6307870110728212,tp,0.1,0.7000000000000001,145.85840490796892,1.6012560743776403,7526.352882912729
2025-03-27,-1,2025-03-27 14:15:00,2025-03-27 14:39:30,5,3047.262,3056.403786,3056.403786,3036.4244502923984,3036.4244502923984,0.3566711401812969,sl,0.1,0.7000000000000001,-92.11785999999684,-1.0,7434.235022912732
2025-03-27,-1,2025-03-27 14:45:00,2025-03-27 23:59:55,99,3055.161,3055.809,3064.326483,3036.9375951035786,3036.9375951035786,0.6008653232072453,session_end,0.1,0.7000000000000001,-7.180000000001383,-0.07070003839406551,7427.055022912731
2025-03-28,-1,2025-03-28 02:00:00,2025-03-28 06:32:35,55,3073.966,3083.1878979999997,3083.1878979999997,3064.1847916666666,3064.1847916666666,0.3190312921048205,sl,0.1,0.7000000000000001,-92.91897999999783,-1.0,7334.1360429127335
2025-03-28,-1,2025-03-28 06:40:00,2025-03-28 08:18:05,20,3081.567,3073.6977020202,3090.8117009999996,3071.7634416666656,3071.7634416666656,0.3178649176199849,tp,0.1,0.7000000000000001,77.99297979800194,0.8512225522275426,7412.129022710736
2025-03-28,-1,2025-03-28 14:00:00,2025-03-28 14:30:40,7,3083.603,3074.3755287356307,3092.8538089999997,3074.110083333332,3074.110083333332,0.30862319206149913,tp,0.1,0.7000000000000001,91.57471264369342,0.9974772221942619,7503.703735354429
2025-03-28,-1,2025-03-28 15:55:00,2025-03-28 18:37:30,33,3083.842,3075.6063460388627,3093.0935259999997,3074.564526178009,3074.564526178009,0.30127758722000164,tp,0.1,0.7000000000000001,81.65653961137359,0.8901941108026667,7585.360274965803
2025-03-31,-1,2025-03-31 01:35:00,2025-03-31 02:22:20,10,3094.94,3104.22482,3104.22482,3084.598850877193,3084.598850877193,0.3337111118964365,sl,0.1,0.7000000000000001,-93.54819999999854,-1.0,7491.812074965805
2025-03-31,-1,2025-03-31 02:30:00,2025-03-31 03:06:05,8,3098.688,3107.9840639999998,3107.9840639999998,3088.712422222222,3088.712422222222,0.32570457856158247,sl,0.1,0.7000000000000001,-93.6606399999966,-1.0,7398.151434965808
2025-03-31,-1,2025-03-31 03:15:00,2025-03-31 05:54:30,32,3109.051,3118.3781529999997,3118.3781529999997,3092.6699786324784,3092.6699786324784,0.5300119793179288,sl,0.1,0.7000000000000001,-93.97152999999726,-1.0,7304.179904965811
2025-03-31,-1,2025-03-31 06:00:00,2025-03-31 06:13:10,3,3116.547,3125.896641,3125.896641,3100.8531990740735,3100.8531990740735,0.5099338766068708,sl,0.1,0.7000000000000001,-94.19640999999793,-1.0,7209.983494965813
2025-03-31,-1,2025-03-31 06:20:00,2025-03-31 13:33:55,87,3120.784,3111.4707037037047,3130.1463519999998,3101.9084035087712,3101.9084035087712,0.6078869533961615,tp,0.1,0.7000000000000001,92.43296296295448,0.9947603226513808,7302.416457928768
2025-03-31,-1,2025-03-31 14:50:00,2025-03-31 16:11:45,17,3121.206,3112.3084072164947,3130.569618,3111.645604868914,3111.645604868914,0.30694032495672313,tp,0.1,0.7000000000000001,88.27592783505388,0.9502302190783009,7390.692385763822
2025-03-31,-1,2025-03-31 18:25:00,2025-03-31 23:59:55,55,3122.762,3120.679,3132.1302859999996,3113.006068627452,3113.006068627452,0.3136335476805932,session_end,0.1,0.7000000000000001,20.130000000000837,0.22234590190779907,7410.822385763823
2025-04-01,-1,2025-04-01 02:30:00,2025-04-01 05:52:30,41,3142.789,3138.842171428572,3152.2173669999997,3131.054288888889,3131.054288888889,0.3714151860087333,tp,0.1,0.7000000000000001,38.76828571428341,0.4186121065746104,7449.590671478107
2025-04-01,1,2025-04-01 07:40:00,2025-04-01 10:15:55,32,3128.052,3136.066852303522,3118.667844,3137.553376811594,3137.553376811594,-0.3026204074093707,tp,0.1,0.7000000000000001,79.4485230352182,0.8540834469846575,7529.039194513325
2025-04-01,1,2025-04-01 14:15:00,2025-04-01 15:57:25,21,3125.639,3116.262083,3116.262083,3135.1646832358665,3135.1646832358665,-0.3057952039052396,sl,0.1,0.7000000000000001,-94.46917000000049,-1.0,7434.570024513325
2025-04-01,1,2025-04-01 16:05:00,2025-04-01 16:17:15,3,3114.49,3105.14653,3105.14653,3134.1314222797905,3134.1314222797905,-0.6252744266076696,sl,0.1,0.7000000000000001,-94.13469999999798,-1.0,7340.435324513327
2025-04-01,1,2025-04-01 16:25:00,2025-04-01 23:59:55,79,3107.022,3115.229,3097.700934,3133.586836717426,3133.586836717426,-0.8479846930063598,session_end,0.1,0.7000000000000001,81.3699999999988,0.8804786920294206,7421.805324513326
2025-04-02,-1,2025-04-02 01:15:00,2025-04-02 03:00:35,22,3132.266,3127.3761574074074,3141.662798,3120.6805222222224,3120.6805222222224,0.371873304400724,tp,0.1,0.7000000000000001,48.198425925926855,0.5203732795568032,7470.003750439253
2025-04-02,1,2025-04-02 04:55:00,2025-04-02 07:50:05,36,3117.156,3122.9921914893625,3107.804532,3126.8045451977405,3126.8045451977405,-0.30907097191549426,tp,0.1,0.7000000000000001,57.661914893625905,0.6240936171051101,7527.665665332879
2025-04-02,-1,2025-04-02 08:45:00,2025-04-02 10:37:40,23,3132.995,3124.5636181102373,3142.3939849999997,3123.4719825396824,3123.4719825396824,0.3067905687608033,tp,0.1,0.7000000000000001,83.61381889762633,0.8970523827586492,7611.279484230506
2025-04-02,1,2025-04-02 10:55:00,2025-04-02 12:28:10,19,3111.738,3123.84465883669,3102.4027859999997,3124.3697493638683,3124.3697493638683,-0.40495365077851675,tp,0.1,0.7000000000000001,120.36658836690258,1.2968806967563922,7731.646072597408
2025-04-02,-1,2025-04-02 20:30:00,2025-04-02 22:05:10,8,3139.489,3124.6927490118564,3148.9074669999995,3124.4814254742532,3124.4814254742532,0.476113392912517,tp,0.1,0.7000000000000001,147.26250988143585,1.570982941082063,7878.908582478844
2025-04-02,-1,2025-04-02 22:15:00,2025-04-02 23:10:25,12,3144.497,3153.9304909999996,3153.9304909999996,3124.8126816993445,3124.8126816993445,0.6296639288456582,sl,0.1,0.7000000000000001,-95.03490999999777,-1.0,7783.873672478847
2025-04-03,1,2025-04-03 05:15:00,2025-04-03 05:31:40,4,3136.026,3126.617922,3126.617922,3149.1659285714286,3149.1659285714286,-0.4177750194762425,sl,0.1,0.7000000000000001,-94.78077999999933,-1.0,7689.092892478848
2025-04-03,1,2025-04-03 05:40:00,2025-04-03 06:30:10,11,3130.506,3121.114482,3121.114482,3147.834534313725,3147.834534313725,-0.5512054119930838,sl,0.1,0.7000000000000001,-94.61517999999906,-1.0,7594.477712478849
2025-04-03,1,2025-04-03 06:40:00,2025-04-03 10:08:40,42,3125.551,3116.174347,3116.174347,3144.868187499999,3144.868187499999,-0.6165182877000606,sl,0.1,0.7000000000000001,-94.46652999999806,-1.0,7500.011182478851
2025-04-03,1,2025-04-03 10:15:00,2025-04-03 10:25:10,3,3119.441,3110.082677,3110.082677,3138.368602981029,3138.368602981029,-0.6071021409955352,sl,0.1,0.7000000000000001,-94.28322999999928,-1.0,7405.727952478852
2025-04-03,1,2025-04-03 10:35:00,2025-04-03 10:58:50,5,3102.923,3093.6142309999996,3093.6142309999996,3137.476324146981,3137.476324146981,-1.1031102890119997,sl,0.1,0.7000000000000001,-93.78769000000212,-1.0,7311.94026247885
2025-04-03,1,2025-04-03 11:05:00,2025-04-03 11:41:35,8,3096.522,3087.232434,3087.232434,3135.926011278195,3135.926011278195,-1.257890369107168,sl,0.1,0.7000000000000001,-93.59565999999923,-1.0,7218.344602478851
2025-04-03,1,2025-04-03 11:50:00,2025-04-03 12:24:20,7,3092.262,3082.9852140000003,3082.9852140000003,3133.2385727699525,3133.2385727699525,-1.3094461789955982,sl,0.1,0.7000000000000001,-93.46785999999902,-1.0,7124.876742478852
2025-04-03,1,2025-04-03 12:30:00,2025-04-03 12:34:35,1,3078.742,3069.505774,3069.505774,3130.8961111111107,3130.8961111111107,-1.6628022541647032,sl,0.1,0.7000000000000001,-93.06225999999988,-1.0,7031.814482478852
2025-04-03,1,2025-04-03 12:40:00,2025-04-03 13:12:25,7,3065.1,3055.9047,3055.9047,3130.088736842105,3130.088736842105,-2.075955102399474,sl,0.1,0.7000000000000001,-92.65299999999861,-1.0,6939.161482478854
2025-04-03,1,2025-04-03 13:20:00,2025-04-03 14:26:00,14,3067.548,3124.250060693641,3058.345356,3127.016845833333,3127.016845833333,-1.9037424090840904,tp,0.1,0.7000000000000001,566.3206069364121,6.161496706125048,7505.482089415266
2025-04-03,-1,2025-04-03 14:50:00,2025-04-03 15:06:40,4,3134.222,3124.3639953959473,3143.6246659999997,3124.2615636704113,3124.2615636704113,0.321930034493418,tp,0.1,0.7000000000000001,97.88004604052894,1.0484265424352432,7603.362135455795
2025-04-03,1,2025-04-03 15:15:00,2025-04-03 16:23:40,14,3111.709,3102.373873,3102.373873,3124.2920810564656,3124.2920810564656,-0.40446221827610707,sl,0.1,0.7000000000000001,-94.0512699999983,-1.0,7509.310865455797
2025-04-03,1,2025-04-03 16:30:00,2025-04-03 20:45:45,52,3108.543,3119.9023755020094,3099.217371,3123.124237373737,3123.124237373737,-0.4687849813508566,tp,0.1,0.7000000000000001,112.89375502009243,1.218081429360885,7622.20462047589
2025-04-04,1,2025-04-04 02:40:00,2025-04-04 04:43:45,25,3092.666,3104.538690476191,3083.388002,3110.738260416667,3110.738260416667,-0.5829085862800439,tp,0.1,0.7000000000000001,118.02690476190655,1.2796608143470847,7740.231525237797
2025-04-04,1,2025-04-04 07:45:00,2025-04-04 08:21:15,8,3094.027,3084.744919,3084.744919,3103.6727007168456,3103.6727007168456,-0.3124749821269938,sl,0.1,0.7000000000000001,-93.52080999999835,-1.0,7646.7107152377985
2025-04-04,1,2025-04-04 08:30:00,2025-04-04 10:26:15,24,3084.897,3100.2032226666647,3075.642309,3102.496833333332,3102.496833333332,-0.5711313914313952,tp,0.1,0.7000000000000001,152.3622266666478,1.653888030044939,7799.072941904446
2025-04-04,-1,2025-04-04 10:35:00,2025-04-04 11:09:05,7,3113.881,3123.2226429999996,3123.2226429999996,3100.3111351706016,3100.3111351706016,0.43751624395117744,sl,0.1,0.7000000000000001,-94.1164299999975,-1.0,7704.956511904449
2025-04-04,-1,2025-04-04 11:15:00,2025-04-04 11:45:25,7,3134.534,3102.1443557919615,3143.937602,3101.1888234567887,3101.1888234567887,1.0766411993576852,tp,0.1,0.7000000000000001,323.1964420803859,3.4443869708691475,8028.152953984835
2025-04-04,1,2025-04-04 12:35:00,2025-04-04 12:39:10,1,3092.611,3083.333167,3083.333167,3102.0322836644586,3102.0322836644586,-0.3035037292821655,sl,0.1,0.7000000000000001,-93.47833000000101,-1.0,7934.674623984834
2025-04-04,1,2025-04-04 12:45:00,2025-04-04 12:46:30,1,3088.941,3079.674177,3079.674177,3101.79429738562,3101.79429738562,-0.4136895021193228,sl,0.1,0.7000000000000001,-93.36822999999931,-1.0,7841.306393984834
2025-04-04,1,2025-04-04 12:55:00,2025-04-04 13:36:45,9,3070.592,3061.380224,3061.380224,3101.482562365591,3101.482562365591,-0.9980085892207193,sl,0.1,0.7000000000000001,-92.817760000001,-1.0,7748.488633984834
2025-04-04,1,2025-04-04 13:45:00,2025-04-04 13:54:30,2,3074.892,3065.667324,3065.667324,3100.0276090909088,3100.0276090909088,-0.8107704917595642,sl,0.1,0.7000000000000001,-92.94675999999818,-1.0,7655.541873984836
2025-04-04,1,2025-04-04 14:00:00,2025-04-04 14:05:45,2,3061.956,3052.770132,3052.770132,3099.458863095238,3099.458863095238,-1.2123523735918575,sl,0.1,0.7000000000000001,-92.55868000000028,-1.0,7562.983193984835
2025-04-04,1,2025-04-04 14:15:00,2025-04-04 14:45:20,7,3048.963,3039.816111,3039.816111,3098.647505847953,3098.647505847953,-1.6031189657488856,sl,0.1,0.7000000000000001,-92.16889000000101,-1.0,7470.814303984835
2025-04-04,1,2025-04-04 14:55:00,2025-04-04 14:57:00,1,3048.767,3039.6206989999996,3039.6206989999996,3096.263198324022,3096.263198324022,-1.5337745947995514,sl,0.1,0.7000000000000001,-92.16301000000222,-1.0,7378.651293984833
2025-04-04,1,2025-04-04 15:05:00,2025-04-04 15:10:00,2,3045.411,3036.274767,3036.274767,3095.677621546961,3095.677621546961,-1.624882423054899,sl,0.1,0.7000000000000001,-92.06233000000175,-1.0,7286.588963984832
2025-04-04,1,2025-04-04 15:20:00,2025-04-04 15:27:40,2,3039.462,3030.343614,3030.343614,3094.782911231884,3094.782911231884,-1.7897349449249835,sl,0.1,0.7000000000000001,-91.88386000000101,-1.0,7194.70510398483
2025-04-04,1,2025-04-04 15:35:00,2025-04-04 17:30:05,24,3025.055,3015.9798349999996,3015.9798349999996,3093.772498217469,3093.772498217469,-2.2209130844965994,sl,0.1,0.7000000000000001,-91.45165000000198,-1.0,7103.253453984829
2025-04-04,1,2025-04-04 17:40:00,2025-04-04 20:57:55,40,3025.433,3038.587,3016.356701,3085.735792452829,3085.735792452829,-1.954065302684229,session_end,0.1,0.7000000000000001,130.83999999999997,1.4492691349194462,7234.0934539848295
2025-04-07,-1,2025-04-07 01:15:00,2025-04-07 01:20:00,2,3006.628,3015.647884,3015.647884,2987.0266333333334,2987.0266333333334,0.657907313157645,sl,0.1,0.7000000000000001,-90.8988399999982,-1.0,7143.194613984831
2025-04-07,-1,2025-04-07 01:30:00,2025-04-07 01:32:50,1,3019.029,3028.0860869999997,3028.0860869999997,2991.7630000000004,2991.7630000000004,0.9110848686877839,sl,0.1,0.7000000000000001,-91.27086999999683,-1.0,7051.923743984835
2025-04-07,-1,2025-04-07 01:40:00,2025-04-07 03:49:55,26,3049.055,3018.5949962962964,3058.2021649999997,2995.874666666667,2995.874666666667,1.7743009720922722,tp,0.1,0.7000000000000001,303.9000370370348,3.3299939056203693,7355.823781021869
2025-04-07,-1,2025-04-07 04:40:00,2025-04-07 05:30:20,11,3032.139,3041.235417,3041.235417,3019.9469404761903,3019.9469404761903,0.40416470104886126,sl,0.1,0.7000000000000001,-91.66416999999747,-1.0,7264.1596110218725
2025-04-07,-1,2025-04-07 05:40:00,2025-04-07 06:13:45,7,3036.466,3023.3541936936936,3045.5753979999995,3022.3497156862745,3022.3497156862745,0.4643997430502096,tp,0.1,0.7000000000000001,130.41806306306336,1.4393713290721197,7394.577674084936
2025-04-07,1,2025-04-07 07:15:00,2025-04-07 07:17:10,1,3014.37,3023.4753697318,3005.32689,3023.4753697318,3023.4753697318,-0.30037849233763103,tp,0.1,0.7000000000000001,90.35369731800238,1.0068847699298324,7484.931371402938
2025-04-07,-1,2025-04-07 08:55:00,2025-04-07 09:19:20,5,3034.765,3023.8342747747743,3043.8692949999995,3023.5893785046724,3023.5893785046724,0.3691017561665999,tp,0.1,0.7000000000000001,108.60725225225615,1.2006119337330403,7593.538623655195
2025-04-07,-1,2025-04-07 10:35:00,2025-04-07 11:36:20,13,3035.787,3044.8943609999997,3044.8943609999997,3024.2663687664044,3024.2663687664044,0.38303938281470745,sl,0.1,0.7000000000000001,-91.77360999999856,-1.0,7501.7650136551965
2025-04-07,-1,2025-04-07 11:45:00,2025-04-07 12:06:00,5,3039.46,3025.8547321839083,3048.57838,3025.618705673759,3025.618705673759,0.45920506441167336,tp,0.1,0.7000000000000001,135.35267816091783,1.4920707204670072,7637.1176918161145
2025-04-07,1,2025-04-07 12:40:00,2025-04-07 12:46:30,2,3016.519,3025.819151416122,3007.469443,3025.8669342105263,3025.8669342105263,-0.3103716856926696,tp,0.1,0.7000000000000001,92.30151416122389,1.0276913462308235,7729.419205977338
2025-04-07,1,2025-04-07 13:35:00,2025-04-07 13:36:15,1,3014.948,3005.903156,3005.903156,3025.89068813906,3025.89068813906,-0.36313896540054885,sl,0.1,0.7000000000000001,-91.14844000000012,-1.0,7638.270765977339
2025-04-07,1,2025-04-07 13:45:00,2025-04-07 14:11:40,6,3006.952,3025.2958882352946,2997.931144,3025.686627272728,3025.686627272728,-0.618045738913278,tp,0.1,0.7000000000000001,182.73888235294345,2.0334975123529464,7821.009648330282
2025-04-07,1,2025-04-07 14:30:00,2025-04-07 14:37:30,2,3008.837,2999.810489,2999.810489,3025.2214195402307,3025.2214195402307,-0.5414122561224041,sl,0.1,0.7000000000000001,-90.96511000000028,-1.0,7730.044538330281
2025-04-07,1,2025-04-07 14:45:00,2025-04-07 15:09:10,5,3003.197,2994.187409,2994.187409,3024.8602457627126,3024.8602457627126,-0.715330428670988,sl,0.1,0.7000000000000001,-90.79591,-1.0,7639.248628330282
2025-04-07,1,2025-04-07 15:15:00,2025-04-07 16:21:55,14,2984.971,2976.016087,2976.016087,3023.986836976321,3023.986836976321,-1.2894016766061107,sl,0.1,0.7000000000000001,-90.24913000000033,-1.0,7548.999498330282
2025-04-07,1,2025-04-07 16:30:00,2025-04-07 17:04:40,7,2977.913,2968.979261,2968.979261,3020.9639225589226,3020.9639225589226,-1.423996567376542,sl,0.1,0.7000000000000001,-90.0373900000006,-1.0,7458.962108330281
2025-04-07,1,2025-04-07 17:10:00,2025-04-07 23:59:55,70,2962.582,2981.399,2953.694254,3019.140649676376,3019.140649676376,-1.875936110576608,session_end,0.1,0.7000000000000001,187.47000000000008,2.117184717025021,7646.432108330282
2025-04-08,-1,2025-04-08 01:10:00,2025-04-08 03:11:25,25,2997.236,2995.457912280702,3006.2277079999994,2988.0041904761906,2988.0041904761906,0.3081089897113677,tp,0.1,0.7000000000000001,17.080877192976732,0.1977474935015416,7663.512985523259
2025-04-08,-1,2025-04-08 06:20:00,2025-04-08 09:18:45,36,3009.592,3000.982313813815,3018.6207759999998,2997.5986622807022,2997.5986622807022,0.4017495027214478,tp,0.1,0.7000000000000001,85.39686186185172,0.9535828761490487,7748.90984738511
2025-04-08,-1,2025-04-08 11:15:00,2025-04-08 12:54:40,20,3011.384,3003.1550670995675,3020.4181519999997,3001.8704086419757,3001.8704086419757,0.3173052151286393,tp,0.1,0.7000000000000001,81.58932900432482,0.9108694319547354,7830.499176389436
2025-04-08,-1,2025-04-08 13:15:00,2025-04-08 15:12:05,24,3018.53,3004.3835604395613,3027.5855899999997,3003.274200209644,3003.274200209644,0.5106859636487915,tp,0.1,0.7000000000000001,140.76439560438922,1.5621775677167062,7971.263571993824
2025-04-08,1,2025-04-08 16:25:00,2025-04-08 16:42:10,4,2995.234,2986.248298,2986.248298,3004.3129771573617,3004.3129771573617,-0.30284718092089513,sl,0.1,0.7000000000000001,-90.55701999999947,-1.0,7880.706551993825
2025-04-08,1,2025-04-08 16:50:00,2025-04-08 17:11:45,5,2988.572,2979.606284,2979.606284,3003.96737128713,3003.96737128713,-0.5120518762671855,sl,0.1,0.7000000000000001,-90.35716000000157,-1.0,7790.349391993824
2025-04-08,1,2025-04-08 17:20:00,2025-04-08 23:35:50,64,2982.482,2973.534554,2973.534554,3003.3882035256415,3003.3882035256415,-0.6955046137932029,sl,0.1,0.7000000000000001,-90.17446000000128,-1.0,7700.174931993823
2025-04-09,-1,2025-04-09 01:30:00,2025-04-09 01:37:10,2,2990.175,2999.145525,2999.145525,2980.7000000000007,2980.7000000000007,0.31792867447241596,sl,0.1,0.7000000000000001,-90.40524999999725,-1.0,7609.7696819938255
2025-04-09,-1,2025-04-09 01:45:00,2025-04-09 01:57:55,3,3000.385,3009.3861549999997,3009.3861549999997,2983.037325396826,2983.037325396826,0.5808567816317459,sl,0.1,0.7000000000000001,-90.71154999999472,-1.0,7519.058131993831
2025-04-09,-1,2025-04-09 02:05:00,2025-04-09 05:12:50,38,3006.156,3015.1744679999997,3015.1744679999997,2986.7483000000007,2986.7483000000007,0.6519531625748208,sl,0.1,0.7000000000000001,-90.88467999999757,-1.0,7428.173451993834
2025-04-09,-1,2025-04-09 05:20:00,2025-04-09 06:23:40,13,3019.73,3028.7891899999995,3028.7891899999995,2999.3903697916676,2999.3903697916676,0.6799425114427073,sl,0.1,0.7000000000000001,-91.2918999999949,-1.0,7336.881551993839
2025-04-09,-1,2025-04-09 06:30:00,2025-04-09 06:56:35,6,3029.357,3038.4450709999996,3038.4450709999996,3002.9946111111108,3002.9946111111108,0.8819492646072286,sl,0.1,0.7000000000000001,-91.58070999999673,-1.0,7245.300841993842
2025-04-09,-1,2025-04-09 07:05:00,2025-04-09 07:11:25,2,3041.959,3051.0848769999993,3051.0848769999993,3005.5311470588235,3005.5311470588235,1.2138404546856112,sl,0.1,0.7000000000000001,-91.95876999999491,-1.0,7153.342071993848
2025-04-09,-1,2025-04-09 07:20:00,2025-04-09 08:17:10,12,3041.672,3050.7970159999995,3050.7970159999995,3006.8554204545453,3006.8554204545453,1.1575242131260564,sl,0.1,0.7000000000000001,-91.95015999999505,-1.0,7061.391911993853
2025-04-09,-1,2025-04-09 08:25:00,2025-04-09 11:20:25,36,3050.604,3059.7558119999994,3059.7558119999994,3011.7069075907593,3011.7069075907593,1.294567951183196,sl,0.1,0.7000000000000001,-92.21811999999609,-1.0,6969.173791993857
2025-04-09,-1,2025-04-09 11:30:00,2025-04-09 12:00:15,7,3060.372,3069.5531159999996,3069.5531159999996,3020.686320048308,3020.686320048308,1.31447544513847,sl,0.1,0.7000000000000001,-92.51115999999747,-1.0,6876.66263199386
2025-04-09,-1,2025-04-09 12:10:00,2025-04-09 13:35:50,18,3064.757,3073.951271,3073.951271,3023.065521689496,3023.065521689496,1.3815108541598247,sl,0.1,0.7000000000000001,-92.64270999999844,-1.0,6784.019921993861
2025-04-09,-1,2025-04-09 13:45:00,2025-04-09 14:23:00,8,3073.011,3082.230033,3082.230033,3026.942830303029,3026.942830303029,1.5217555229597715,sl,0.1,0.7000000000000001,-92.89032999999854,-1.0,6691.129591993863
2025-04-09,-1,2025-04-09 14:30:00,2025-04-09 16:54:45,29,3083.511,3092.7615329999994,3092.7615329999994,3029.51174808429,3029.51174808429,1.78265530575547,sl,0.1,0.7000000000000001,-93.2053299999945,-1.0,6597.924261993869
2025-04-09,-1,2025-04-09 17:00:00,2025-04-09 23:59:55,72,3092.472,3086.883,3101.7494159999997,3037.312056372549,3037.312056372549,1.8140856983018216,session_end,0.1,0.7000000000000001,55.19000000000396,0.6024306768178477,6653.114261993873
2025-04-10,-1,2025-04-10 02:10:00,2025-04-10 03:11:00,13,3111.874,3121.2096219999994,3121.2096219999994,3091.3676410256408,3091.3676410256408,0.666820041097407,sl,0.1,0.7000000000000001,-94.05621999999603,-1.0,6559.058041993877
2025-04-10,-1,2025-04-10 03:20:00,2025-04-10 07:30:40,51,3123.718,3113.027368518519,3133.0891539999993,3099.943245833334,3099.943245833334,0.7665061029295801,tp,0.1,0.7000000000000001,106.20631481480977,1.1408020273150534,6665.264356808687
2025-04-10,-1,2025-04-10 11:40:00,2025-04-10 12:30:10,11,3123.304,3132.6739119999997,3132.6739119999997,3113.2808964285728,3113.2808964285728,0.3234723722803034,sl,0.1,0.7000000000000001,-94.39911999999659,-1.0,6570.8652368086905
2025-04-10,-1,2025-04-10 12:45:00,2025-04-10 13:22:50,8,3124.701,3134.0751029999997,3134.0751029999997,3114.2148888888896,3114.2148888888896,0.3360914864434553,sl,0.1,0.7000000000000001,-94.4410299999965,-1.0,6476.424206808694
2025-04-10,-1,2025-04-10 13:30:00,2025-04-10 14:09:05,8,3132.972,3142.370916,3142.370916,3114.961721193416,3114.961721193416,0.577174951597659,sl,0.1,0.7000000000000001,-94.68915999999645,-1.0,6381.735046808698
2025-04-10,-1,2025-04-10 14:15:00,2025-04-10 14:37:55,5,3142.961,3152.3898829999994,3152.3898829999994,3115.6424366471742,3115.6424366471742,0.8808155592577598,sl,0.1,0.7000000000000001,-94.98882999999587,-1.0,6286.746216808702
2025-04-10,-1,2025-04-10 14:45:00,2025-04-10 15:15:00,7,3151.188,3160.6415639999996,3160.6415639999996,3116.7182523540505,3116.7182523540505,1.1061393701503413,sl,0.1,0.7000000000000001,-95.2356399999946,-1.0,6191.510576808708
2025-04-10,-1,2025-04-10 15:25:00,2025-04-10 15:39:50,3,3164.802,3174.296406,3174.296406,3118.4495927927946,3118.4495927927946,1.4862163337294256,sl,0.1,0.7000000000000001,-95.64405999999799,-1.0,6095.86651680871
2025-04-10,-1,2025-04-10 15:45:00,2025-04-10 22:01:00,64,3168.279,3177.7838369999995,3177.7838369999995,3119.5256084656107,3119.5256084656107,1.5647536728636928,sl,0.1,0.7000000000000001,-95.74836999999498,-1.0,6000.118146808715
2025-04-10,-1,2025-04-10 22:10:00,2025-04-10 22:48:50,8,3179.72,3189.2591599999996,3189.2591599999996,3131.725171916012,3131.725171916012,1.5354581083680483,sl,0.1,0.7000000000000001,-96.09159999999811,-1.0,5904.026546808717
2025-04-10,-1,2025-04-10 22:55:00,2025-04-10 23:59:55,13,3185.721,3189.071,3195.2781629999995,3133.4779714828915,3133.4779714828915,1.6720886182682568,session_end,0.1,0.7000000000000001,-34.19999999999909,-0.3505224301395809,5869.826546808718
2025-04-11,-1,2025-04-11 00:40:00,2025-04-11 00:43:15,1,3206.49,3216.1094699999994,3216.1094699999994,3193.7138333333332,3193.7138333333332,0.3987103206857026,sl,0.1,0.7000000000000001,-96.89469999999638,-1.0,5772.931846808722
2025-04-11,-1,2025-04-11 00:50:00,2025-04-11 01:18:30,6,3210.353,3201.543277777778,3219.984059,3197.2952333333333,3197.2952333333333,0.40594520428866404,tp,0.1,0.7000000000000001,87.39722222222262,0.9147199931204268,5860.329069030945
2025-04-11,-1,2025-04-11 01:45:00,2025-04-11 04:19:35,31,3214.697,3211.195748366015,3224.341091,3203.907896825397,3203.907896825397,0.33826200763578107,tp,0.1,0.7000000000000001,34.31251633985248,0.3630463082508627,5894.641585370798
2025-04-11,1,2025-04-11 05:45:00,2025-04-11 06:42:20,12,3189.288,3209.322912500001,3179.720136,3211.2873454106293,3211.2873454106293,-0.6870093840141309,tp,0.1,0.7000000000000001,199.64912500001157,2.09397964895832,6094.290710370809
2025-04-11,1,2025-04-11 07:00:00,2025-04-11 07:05:20,2,3197.318,3208.9023196078438,3187.726046,3208.9735793650802,3208.9735793650802,-0.3647608518919638,tp,0.1,0.7000000000000001,115.14319607843554,1.2077121729152964,6209.433906449245
2025-04-11,-1,2025-04-11 08:20:00,2025-04-11 09:53:30,19,3219.296,3228.9538879999996,3228.9538879999996,3209.0979700000003,3209.0979700000003,0.31808097151984666,sl,0.1,0.7000000000000001,-97.2788799999973,-1.0,6112.155026449248
2025-04-11,-1,2025-04-11 10:00:00,2025-04-11 10:14:20,3,3227.82,3237.50346,3237.50346,3210.881905555557,3210.881905555557,0.5281288737247765,sl,0.1,0.7000000000000001,-97.53459999999741,-1.0,6014.620426449251
2025-04-11,-1,2025-04-11 10:20:00,2025-04-11 10:51:15,7,3228.721,3212.055135897437,3238.407163,3211.5051612903235,3211.5051612903235,0.5363634135576278,tp,0.1,0.7000000000000001,165.95864102562865,1.72058472509322,6180.57906747488
2025-04-11,-1,2025-04-11 11:20:00,2025-04-11 11:51:40,7,3222.152,3212.520755868546,3231.8184559999995,3212.285693627452,3212.285693627452,0.30694051877477757,tp,0.1,0.7000000000000001,95.61244131453968,0.9963573135236425,6276.1915087894195
2025-04-11,-1,2025-04-11 12:30:00,2025-04-11 13:00:00,7,3225.21,3234.8856299999998,3234.8856299999998,3212.7939088888907,3212.7939088888907,0.3885587269252139,sl,0.1,0.7000000000000001,-97.45629999999728,-1.0,6178.735208789422
2025-04-11,-1,2025-04-11 13:10:00,2025-04-11 16:08:35,36,3235.18,3244.8855399999993,3244.8855399999993,3213.628044303799,3213.628044303799,0.6724628799062714,sl,0.1,0.7000000000000001,-97.75539999999474,-1.0,6080.979808789428
2025-04-11,-1,2025-04-11 16:15:00,2025-04-11 20:57:55,57,3243.53,3237.678,3253.26059,3217.4983564102586,3217.4983564102586,0.8085208043047786,session_end,0.1,0.7000000000000001,57.82000000000316,0.6014023815617057,6138.799808789431
2025-04-14,-1,2025-04-14 01:35:00,2025-04-14 02:03:15,6,3234.428,3244.1312839999996,3244.1312839999996,3223.2459210526317,3223.2459210526317,0.3483314404909471,sl,0.1,0.7000000000000001,-97.73283999999713,-1.0,6041.066968789434
2025-04-14,-1,2025-04-14 02:10:00,2025-04-14 03:01:30,11,3244.513,3230.147222222223,3254.2465389999998,3227.951564102564,3227.951564102564,0.5127380497742201,tp,0.1,0.7000000000000001,142.95777777777113,1.4759048869868763,6184.0247465672055
2025-04-14,1,2025-04-14 08:10:00,2025-04-14 08:58:20,10,3220.39,3229.575920560747,3210.72883,3230.247608843537,3230.247608843537,-0.3043453640093021,tp,0.1,0.7000000000000001,91.15920560747035,0.9508082934827947,6275.183952174676
2025-04-14,1,2025-04-14 10:20:00,2025-04-14 10:23:40,1,3219.03,3209.37291,3209.37291,3228.922279569891,3228.922279569891,-0.307340304617468,sl,0.1,0.7000000000000001,-97.27090000000153,-1.0,6177.913052174675
2025-04-14,1,2025-04-14 10:30:00,2025-04-14 12:05:05,20,3209.552,3227.3933091954023,3199.9233440000003,3228.625320105819,3228.625320105819,-0.591763311364738,tp,0.1,0.7000000000000001,177.7130919540212,1.8529386858770704,6355.626144128696
2025-04-14,1,2025-04-14 12:30:00,2025-04-14 12:40:55,3,3212.062,3202.4258139999997,3202.4258139999997,3227.219495555555,3227.219495555555,-0.47254286783272315,sl,0.1,0.7000000000000001,-97.0618600000018,-1.0,6258.564284128694
2025-04-14,1,2025-04-14 12:50:00,2025-04-14 13:10:10,5,3211.389,3201.754833,3201.754833,3226.751227272727,3226.751227272727,-0.47467952110063033,sl,0.1,0.7000000000000001,-97.04167000000162,-1.0,6161.522614128693
2025-04-14,1,2025-04-14 13:20:00,2025-04-14 23:59:55,111,3199.08,3212.688,3189.48276,3225.896914583333,3225.896914583333,-0.8336414738412836,session_end,0.1,0.7000000000000001,135.38000000000176,1.417907648448939,6296.902614128695
2025-04-15,-1,2025-04-15 01:25:00,2025-04-15 05:43:50,52,3224.335,3222.5159117647067,3234.0080049999997,3213.8874607843136,3213.8874607843136,0.32446808865987065,tp,0.1,0.7000000000000001,17.490882352932932,0.18805823374363595,6314.393496481628
2025-04-15,1,2025-04-15 13:55:00,2025-04-15 14:20:00,6,3212.056,3223.034713178293,3202.419832,3223.168372255488,3223.168372255488,-0.3466425257725395,tp,0.1,0.7000000000000001,109.08713178292764,1.139323554580282,6423.480628264556
2025-04-15,-1,2025-04-15 22:30:00,2025-04-15 23:36:45,14,3235.031,3244.7360929999995,3244.7360929999995,3223.942925064599,3223.942925064599,0.34605373589787564,sl,0.1,0.7000000000000001,-97.75092999999579,-1.0,6325.72969826456
2025-04-16,-1,2025-04-16 01:05:00,2025-04-16 01:30:05,6,3273.243,3264.3113888888893,3283.0627289999998,3262.287038461539,3262.287038461539,0.3345034146231038,tp,0.1,0.7000000000000001,88.61611111110669,0.9095578005371461,6414.345809375667
2025-04-16,-1,2025-04-16 03:55:00,2025-04-16 04:36:05,9,3280.053,3269.825287878788,3289.8931589999997,3268.4461737588645,3268.4461737588645,0.3556529807485505,tp,0.1,0.7000000000000001,101.5771212121188,1.0393848433965374,6515.922930587786
2025-04-16,-1,2025-04-16 04:55:00,2025-04-16 06:21:00,18,3282.556,3292.4036679999995,3292.4036679999995,3270.348494350282,3270.348494350282,0.3726515896018892,sl,0.1,0.7000000000000001,-99.1766799999943,-1.0,6416.746250587792
2025-04-16,-1,2025-04-16 06:30:00,2025-04-16 07:51:45,17,3290.354,3300.2250619999995,3300.2250619999995,3274.820269230769,3274.820269230769,0.4740177931315034,sl,0.1,0.7000000000000001,-99.41061999999711,-1.0,6317.335630587795
2025-04-16,-1,2025-04-16 08:00:00,2025-04-16 08:15:00,4,3300.447,3310.348341,3310.348341,3278.450501736111,3278.450501736111,0.6744344089434842,sl,0.1,0.7000000000000001,-99.71340999999775,-1.0,6217.6222205877975
2025-04-16,-1,2025-04-16 08:25:00,2025-04-16 15:42:00,88,3313.631,3323.5718929999994,3323.5718929999994,3279.9522970297025,3279.9522970297025,1.029197985619109,sl,0.1,0.7000000000000001,-100.10892999999506,-1.0,6117.513290587803
2025-04-16,-1,2025-04-16 15:50:00,2025-04-16 18:22:50,31,3323.757,3333.7282709999995,3333.7282709999995,3292.30181491228,3292.30181491228,0.9595318674804325,sl,0.1,0.7000000000000001,-100.41270999999433,-1.0,6017.1005805878085
2025-04-16,-1,2025-04-16 18:30:00,2025-04-16 22:01:25,31,3338.317,3348.3319509999997,3348.3319509999997,3297.569502252251,3297.569502252251,1.2377600447806163,sl,0.1,0.7000000000000001,-100.84950999999656,-1.0,5916.251070587812
2025-04-16,-1,2025-04-16 22:10:00,2025-04-16 23:59:55,22,3352.881,3350.231,3362.9396429999997,3302.8636266404187,3302.8636266404187,1.5139248546705184,session_end,0.1,0.7000000000000001,25.799999999996363,0.26345502072194793,5942.051070587809
2025-04-17,1,2025-04-17 01:50:00,2025-04-17 03:14:30,17,3328.539,3340.656377192982,3318.5533830000004,3345.8389090909086,3345.8389090909086,-0.5167735076524251,tp,0.1,0.7000000000000001,120.47377192981621,1.2134830720006424,6062.524842517625
2025-04-17,1,2025-04-17 06:00:00,2025-04-17 07:16:30,16,3329.555,3319.566335,3319.566335,3340.1829722222233,3340.1829722222233,-0.31957746958759065,sl,0.1,0.7000000000000001,-100.58664999999856,-1.0,5961.938192517627
2025-04-17,1,2025-04-17 07:25:00,2025-04-17 10:26:55,37,3317.903,3333.1897013333346,3307.949291,3337.791861423222,3337.791861423222,-0.5972020500619939,tp,0.1,0.7000000000000001,152.16701333334805,1.5357794097993998,6114.105205850975
2025-04-17,1,2025-04-17 13:55:00,2025-04-17 14:02:10,2,3317.983,3308.029051,3308.029051,3331.733091816369,3331.733091816369,-0.4164676891570629,sl,0.1,0.7000000000000001,-100.23949000000194,-1.0,6013.865715850973
2025-04-17,1,2025-04-17 14:10:00,2025-04-17 14:31:10,5,3309.464,3299.535608,3299.535608,3331.3752715686287,3331.3752715686287,-0.6590302736530428,sl,0.1,0.7000000000000001,-99.98391999999804,-1.0,5913.881795850975
2025-04-17,1,2025-04-17 14:40:00,2025-04-17 20:30:10,71,3292.769,3325.082198509485,3282.890693,3330.4318285984864,3330.4318285984864,-1.1306140025190652,tp,0.1,0.7000000000000001,322.4319850948512,3.271127178927045,6236.313780945827
2025-04-21,-1,2025-04-21 00:45:00,2025-04-21 02:01:10,16,3369.858,3379.967574,3379.967574,3356.614537037037,3356.614537037037,0.39459290951694564,sl,0.1,0.7000000000000001,-101.79573999999612,-1.0,6134.518040945831
2025-04-21,-1,2025-04-21 02:10:00,2025-04-21 04:14:40,25,3378.212,3374.4429600000008,3388.3466359999998,3367.6386538461543,3367.6386538461543,0.31306346189501355,tp,0.1,0.7000000000000001,36.99039999999222,0.37189692851320033,6171.508440945823
2025-04-21,-1,2025-04-21 06:10:00,2025-04-21 10:15:00,50,3387.034,3397.1951019999997,3397.1951019999997,3376.042504504505,3376.042504504505,0.3282540276287628,sl,0.1,0.7000000000000001,-102.31101999999574,-1.0,6069.197420945828
2025-04-21,-1,2025-04-21 10:25:00,2025-04-21 12:04:05,20,3396.397,3406.5861909999994,3406.5861909999994,3382.469775999999,3382.469775999999,0.4120576065127051,sl,0.1,0.7000000000000001,-102.59190999999483,-1.0,5966.605510945833
2025-04-21,-1,2025-04-21 12:10:00,2025-04-21 12:57:50,10,3403.762,3413.973286,3413.973286,3384.49478196347,3384.49478196347,0.5684960171623494,sl,0.1,0.7000000000000001,-102.81285999999746,-1.0,5863.792650945836
2025-04-21,-1,2025-04-21 13:05:00,2025-04-21 22:11:05,98,3421.21,3431.4736299999995,3431.4736299999995,3386.0569723991503,3386.0569723991503,1.0379485013788214,sl,0.1,0.7000000000000001,-103.33629999999467,-1.0,5760.456350945841
2025-04-21,-1,2025-04-21 22:20:00,2025-04-21 23:35:15,16,3433.273,3443.572819,3443.572819,3399.35908138021,3399.35908138021,1.0001420210655194,sl,0.1,0.7000000000000001,-103.69818999999843,-1.0,5656.758160945843
2025-04-22,-1,2025-04-22 01:25:00,2025-04-22 01:38:25,3,3440.04,3450.3601199999994,3450.3601199999994,3426.5848137254907,3426.5848137254907,0.39373565832858703,sl,0.1,0.7000000000000001,-103.90119999999406,-1.0,5552.856960945849
2025-04-22,-1,2025-04-22 01:45:00,2025-04-22 02:34:10,10,3450.49,3460.8414699999994,3460.8414699999994,3430.114833333334,3430.114833333334,0.5958595458101328,sl,0.1,0.7000000000000001,-104.21469999999609,-1.0,5448.642260945853
2025-04-22,-1,2025-04-22 02:40:00,2025-04-22 02:47:15,2,3462.959,3473.3478769999992,3473.3478769999992,3437.882197916667,3437.882197916667,0.7289750096300683,sl,0.1,0.7000000000000001,-104.58876999999411,-1.0,5344.053490945859
2025-04-22,-1,2025-04-22 02:55:00,2025-04-22 03:18:20,5,3471.114,3481.527342,3481.527342,3440.5410333333334,3440.5410333333334,0.8902805218686926,sl,0.1,0.7000000000000001,-104.8334199999983,-1.0,5239.220070945861
2025-04-22,-1,2025-04-22 03:25:00,2025-04-22 06:14:30,34,3486.739,3497.199217,3497.199217,3445.9384999999993,3445.9384999999993,1.183828440350888,sl,0.1,0.7000000000000001,-105.3021699999983,-1.0,5133.917900945863
2025-04-22,-1,2025-04-22 06:20:00,2025-04-22 07:13:25,11,3495.481,3466.2767984496136,3505.967443,3464.222592105263,3464.222592105263,0.9062035437988049,tp,0.1,0.7000000000000001,291.34201550386643,2.784948294706532,5425.25991644973
2025-04-22,1,2025-04-22 08:45:00,2025-04-22 10:05:10,17,3451.327,3464.8129628099173,3440.973019,3466.5145126984125,3466.5145126984125,-0.43966389416752677,tp,0.1,0.7000000000000001,134.15962809917056,1.302490588877533,5559.4195445489
2025-04-22,1,2025-04-22 10:50:00,2025-04-22 12:20:20,19,3453.166,3463.306779279279,3442.8065020000004,3464.4738179487176,3464.4738179487176,-0.3267831868165401,tp,0.1,0.7000000000000001,100.70779279278831,0.9788871313338758,5660.127337341689
2025-04-22,1,2025-04-22 12:35:00,2025-04-22 12:45:35,3,3451.786,3441.4306420000003,3441.4306420000003,3463.132369757174,3463.132369757174,-0.32738770992946,sl,0.1,0.7000000000000001,-104.25357999999797,-1.0,5555.873757341691
2025-04-22,1,2025-04-22 12:55:00,2025-04-22 13:40:45,10,3429.795,3419.505615,3419.505615,3462.5661430107525,3462.5661430107525,-0.9482459440385766,sl,0.1,0.7000000000000001,-103.59385000000039,-1.0,5452.279907341691
2025-04-22,1,2025-04-22 13:50:00,2025-04-22 15:30:00,21,3421.769,3411.5036929999997,3411.5036929999997,3460.598351405622,3460.598351405622,-1.1216225480156117,sl,0.1,0.7000000000000001,-103.35307000000121,-1.0,5348.92683734169
2025-04-22,1,2025-04-22 15:40:00,2025-04-22 15:59:40,4,3425.634,3415.357098,3415.357098,3456.644083333334,3456.644083333334,-0.8968983379809731,sl,0.1,0.7000000000000001,-103.46902000000064,-1.0,5245.457817341689
2025-04-22,1,2025-04-22 16:05:00,2025-04-22 16:16:35,3,3416.131,3405.882607,3405.882607,3455.7575639032825,3455.7575639032825,-1.146320688611566,sl,0.1,0.7000000000000001,-103.18392999999851,-1.0,5142.273887341691
2025-04-22,1,2025-04-22 16:25:00,2025-04-22 16:28:20,1,3398.028,3387.8339159999996,3387.8339159999996,3454.793987309645,3454.793987309645,-1.6450904892857028,sl,0.1,0.7000000000000001,-102.64084000000203,-1.0,5039.633047341689
2025-04-22,1,2025-04-22 16:35:00,2025-04-22 16:37:05,1,3390.068,3379.897796,3379.897796,3454.128342546064,3454.128342546064,-1.8535455604661004,sl,0.1,0.7000000000000001,-102.40204000000013,-1.0,4937.231007341689
2025-04-22,1,2025-04-22 16:45:00,2025-04-22 18:55:25,27,3383.815,3373.663555,3373.663555,3453.394352404644,3453.394352404644,-2.0162149265160374,sl,0.1,0.7000000000000001,-102.21444999999967,-1.0,4835.01655734169
2025-04-22,1,2025-04-22 19:05:00,2025-04-22 19:30:10,6,3384.826,3374.671522,3374.671522,3445.9901280931576,3445.9901280931576,-1.774312340441646,sl,0.1,0.7000000000000001,-102.24477999999927,-1.0,4732.771777341691
2025-04-22,1,2025-04-22 19:40:00,2025-04-22 22:02:55,17,3372.675,3362.556975,3362.556975,3443.9733439265524,3443.9733439265524,-2.0716723621677917,sl,0.1,0.7000000000000001,-101.88025000000216,-1.0,4630.891527341689
2025-04-22,1,2025-04-22 22:10:00,2025-04-22 22:28:35,4,3332.959,3322.960123,3322.960123,3438.9702709973735,3438.9702709973735,-3.0841432940510076,sl,0.1,0.7000000000000001,-100.68876999999993,-1.0,4530.202757341689
2025-04-22,1,2025-04-22 22:35:00,2025-04-22 23:59:55,17,3326.547,3336.622,3316.567359,3436.8551312741292,3436.8551312741292,-3.2078055973589317,session_end,0.1,0.7000000000000001,100.04999999999818,1.0095553537446806,4630.252757341687
2025-04-23,-1,2025-04-23 00:40:00,2025-04-23 00:52:05,3,3355.362,3365.428086,3365.428086,3345.1028333333334,3345.1028333333334,0.3080822079361079,sl,0.1,0.7000000000000001,-101.36085999999814,-1.0,4528.891897341689
2025-04-23,-1,2025-04-23 01:00:00,2025-04-23 01:00:55,1,3368.01,3378.1140299999997,3378.1140299999997,3351.0090277777776,3351.0090277777776,0.5054141030904232,sl,0.1,0.7000000000000001,-101.74029999999512,-1.0,4427.1515973416945
2025-04-23,-1,2025-04-23 01:10:00,2025-04-23 01:41:35,7,3368.063,3378.167189,3378.167189,3353.4841190476186,3353.4841190476186,0.43430594675121104,sl,0.1,0.7000000000000001,-101.74188999999679,-1.0,4325.409707341698
2025-04-23,-1,2025-04-23 01:50:00,2025-04-23 02:39:20,10,3381.233,3364.996252688171,3391.376699,3360.6375,3360.6375,0.6126218611796183,tp,0.1,0.7000000000000001,161.66747311829278,1.6006732171202722,4487.077180459991
2025-04-23,1,2025-04-23 03:05:00,2025-04-23 03:12:45,2,3345.004,3334.968988,3334.968988,3363.9496711711704,3363.9496711711704,-0.5623500058068366,sl,0.1,0.7000000000000001,-101.05011999999824,-1.0,4386.027060459993
2025-04-23,1,2025-04-23 03:20:00,2025-04-23 05:38:50,28,3339.139,3329.121583,3329.121583,3362.113233333332,3362.113233333332,-0.6855132987440159,sl,0.1,0.7000000000000001,-100.87417000000023,-1.0,4285.152890459993
2025-04-23,1,2025-04-23 05:45:00,2025-04-23 06:02:00,4,3325.882,3315.9043540000002,3315.9043540000002,3353.2280942028983,3353.2280942028983,-0.8168723818774183,sl,0.1,0.7000000000000001,-100.47645999999823,-1.0,4184.676430459995
2025-04-23,1,2025-04-23 06:10:00,2025-04-23 06:53:20,9,3313.611,3303.6701669999998,3303.6701669999998,3350.800378378378,3350.800378378378,-1.109641702868974,sl,0.1,0.7000000000000001,-100.10833000000112,-1.0,4084.5681004599937
2025-04-23,1,2025-04-23 07:00:00,2025-04-23 09:20:10,29,3301.218,3338.9102886904757,3291.3143459999997,3346.5823928571426,3346.5823928571426,-1.3570827646161303,tp,0.1,0.7000000000000001,376.22288690475835,3.805897165881918,4460.790987364752
2025-04-23,1,2025-04-23 09:50:00,2025-04-23 09:59:05,2,3328.432,3318.446704,3318.446704,3338.6789576271185,3338.6789576271185,-0.3066319869938802,sl,0.1,0.7000000000000001,-100.55295999999835,-1.0,4360.238027364754
2025-04-23,1,2025-04-23 10:05:00,2025-04-23 11:22:35,16,3326.632,3337.279303921569,3316.6521040000002,3338.283703856749,3338.283703856749,-0.35069529420832357,tp,0.1,0.7000000000000001,105.77303921568891,1.0668752381356557,4466.011066580443
2025-04-23,1,2025-04-23 11:55:00,2025-04-23 12:12:25,4,3324.976,3315.001072,3315.001072,3337.1173694638696,3337.1173694638696,-0.3657908341962451,sl,0.1,0.7000000000000001,-100.44928000000091,-1.0,4365.5617865804425
2025-04-23,1,2025-04-23 12:20:00,2025-04-23 12:53:05,7,3323.979,3314.007063,3314.007063,3336.5839752252255,3336.5839752252255,-0.3790845762954795,sl,0.1,0.7000000000000001,-100.41936999999798,-1.0,4265.142416580445
2025-04-23,1,2025-04-23 13:00:00,2025-04-23 13:19:35,4,3310.919,3300.986243,3300.986243,3335.8272542735044,3335.8272542735044,-0.7461643657241921,sl,0.1,0.7000000000000001,-100.02757000000038,-1.0,4165.1148465804445
2025-04-23,1,2025-04-23 13:25:00,2025-04-23 13:30:00,2,3306.672,3296.751984,3296.751984,3334.91415010352,3334.91415010352,-0.8481972497745408,sl,0.1,0.7000000000000001,-99.90016000000033,-1.0,4065.2146865804443
2025-04-23,1,2025-04-23 13:40:00,2025-04-23 13:50:35,3,3287.71,3277.84687,3277.84687,3334.2407926829273,3334.2407926829273,-1.3969384810222074,sl,0.1,0.7000000000000001,-99.33130000000183,-1.0,3965.8833865804427
2025-04-23,1,2025-04-23 14:00:00,2025-04-23 14:00:15,1,3277.629,3267.796113,3267.796113,3332.985156746033,3332.985156746033,-1.6616832701440556,sl,0.1,0.7000000000000001,-99.02887000000028,-1.0,3866.8545165804426
2025-04-23,1,2025-04-23 14:10:00,2025-04-23 23:51:30,105,3263.552,3316.889881995134,3253.761344,3332.2155019607853,3332.2155019607853,-2.0603109828997335,tp,0.1,0.7000000000000001,532.6788199513401,5.447835364160821,4399.533336531783
2025-04-24,-1,2025-04-24 00:35:00,2025-04-24 01:06:05,7,3336.453,3346.4623589999997,3346.4623589999997,3323.616880952381,3323.616880952381,0.3880296529220735,sl,0.1,0.7000000000000001,-100.79358999999677,-1.0,4298.739746531786
2025-04-24,-1,2025-04-24 01:15:00,2025-04-24 01:18:40,1,3348.356,3358.4010679999997,3358.4010679999997,3330.437277777778,3330.437277777778,0.5394853805566989,sl,0.1,0.7000000000000001,-101.15067999999447,-1.0,4197.589066531792
2025-04-24,-1,2025-04-24 01:25:00,2025-04-24 02:37:15,15,3360.976,3344.2101021505373,3371.058928,3333.4489509803925,3333.4489509803925,0.8270577838457435,tp,0.1,0.7000000000000001,166.95897849462818,1.6628005128533232,4364.54804502642
2025-04-24,1,2025-04-24 03:25:00,2025-04-24 06:00:40,32,3329.294,3319.306118,3319.306118,3343.0435406504066,3343.0435406504066,-0.41297818836425904,sl,0.1,0.7000000000000001,-100.578819999999,-1.0,4263.969225026422
2025-04-24,1,2025-04-24 06:15:00,2025-04-24 07:04:30,10,3323.455,3334.376902777778,3313.484635,3335.966546666666,3335.966546666666,-0.3749751831044374,tp,0.1,0.7000000000000001,108.51902777778086,1.0954366041542056,4372.488252804203
2025-04-24,1,2025-04-24 07:40:00,2025-04-24 07:48:50,2,3323.899,3334.0753835125447,3313.927303,3334.1424836956526,3334.1424836956526,-0.3086545864784402,tp,0.1,0.7000000000000001,101.06383512544816,1.0205267481096616,4473.552087929651
2025-04-24,1,2025-04-24 13:40:00,2025-04-24 13:51:30,3,3323.655,3313.684035,3313.684035,3334.301230691057,3334.301230691057,-0.31855942088517386,sl,0.1,0.7000000000000001,-100.40964999999979,-1.0,4373.142437929651
2025-04-24,1,2025-04-24 14:00:00,2025-04-24 16:04:25,25,3315.474,3332.394688368056,3305.527578,3333.876780753969,3333.876780753969,-0.553358206292098,tp,0.1,0.7000000000000001,168.50688368055836,1.7011834374266306,4541.64932161021
2025-04-24,-1,2025-04-24 19:50:00,2025-04-24 22:20:40,15,3343.992,3354.023976,3354.023976,3332.835384453781,3332.835384453781,0.33455344354027194,sl,0.1,0.7000000000000001,-101.01975999999759,-1.0,4440.6295616102125
2025-04-24,-1,2025-04-24 22:30:00,2025-04-24 23:59:55,18,3363.388,3349.074,3373.4781639999997,3333.6228851706032,3333.6228851706032,0.8947807192615417,session_end,0.1,0.7000000000000001,142.43999999999852,1.4186092515443982,4583.069561610211
2025-04-25,1,2025-04-25 03:50:00,2025-04-25 03:58:20,2,3338.49,3328.47453,3328.47453,3351.1188260869567,3351.1188260869567,-0.37680926109389296,sl,0.1,0.7000000000000001,-100.85469999999823,-1.0,4482.214861610213
2025-04-25,1,2025-04-25 04:05:00,2025-04-25 05:31:35,18,3324.335,3314.361995,3314.361995,3349.791132653062,3349.791132653062,-0.7590214328654233,sl,0.1,0.7000000000000001,-100.4300499999983,-1.0,4381.784811610215
2025-04-25,1,2025-04-25 05:40:00,2025-04-25 05:46:05,2,3314.548,3304.604356,3304.604356,3341.85643627451,3341.85643627451,-0.8164903787706854,sl,0.1,0.7000000000000001,-100.1364399999995,-1.0,4281.648371610216
2025-04-25,1,2025-04-25 05:55:00,2025-04-25 13:01:55,86,3291.253,3281.379241,3281.379241,3340.2118521126763,3340.2118521126763,-1.467642002457713,sl,0.1,0.7000000000000001,-99.43759000000064,-1.0,4182.210781610215
2025-04-25,1,2025-04-25 13:10:00,2025-04-25 13:17:50,2,3283.646,3273.795062,3273.795062,3317.828396624471,3317.828396624471,-1.0326000181120465,sl,0.1,0.7000000000000001,-99.20938000000042,-1.0,4083.001401610215
2025-04-25,1,2025-04-25 13:25:00,2025-04-25 19:43:25,76,3270.73,3306.856913135595,3260.91781,3317.093417184263,3317.093417184263,-1.399566166685518,tp,0.1,0.7000000000000001,360.56913135594806,3.6818399496538934,4443.570532966163
2025-04-28,1,2025-04-28 01:25:00,2025-04-28 01:31:00,2,3295.46,3285.57362,3285.57362,3309.0220686274515,3309.0220686274515,-0.4118004759364931,sl,0.1,0.7000000000000001,-99.56379999999918,-1.0,4344.006732966164
2025-04-28,1,2025-04-28 01:40:00,2025-04-28 02:02:40,5,3284.783,3274.9286509999997,3274.9286509999997,3306.0130000000004,3306.0130000000004,-0.6442049683410236,sl,0.1,0.7000000000000001,-99.24349000000184,-1.0,4244.763242966163
2025-04-28,1,2025-04-28 02:10:00,2025-04-28 03:22:00,15,3272.929,3293.311525,3263.110213,3300.5926153846162,3300.5926153846162,-0.8399435681760407,tp,0.1,0.7000000000000001,203.12524999999988,2.0758699623486754,4447.888492966163
2025-04-28,1,2025-04-28 06:55:00,2025-04-28 07:45:20,11,3283.186,3292.2436684587815,3273.3364420000003,3293.2506887550194,3293.2506887550194,-0.30599519160289274,tp,0.1,0.7000000000000001,89.87668458781336,0.9196015149899558,4537.765177553976
2025-04-28,1,2025-04-28 08:50:00,2025-04-28 10:44:40,23,3281.561,3289.681955729167,3271.7163170000003,3291.432405660377,3291.432405660377,-0.3011426163068381,tp,0.1,0.7000000000000001,80.5095572916678,0.8249077932897323,4618.274734845644
2025-04-28,-1,2025-04-28 12:30:00,2025-04-28 13:43:45,15,3302.08,3290.693920731707,3311.9862399999997,3290.052577777778,3290.052577777778,0.3674081777254341,tp,0.1,0.7000000000000001,113.16079268293088,1.1493845564304237,4731.435527528575
2025-04-28,-1,2025-04-28 14:20:00,2025-04-28 14:30:45,3,3307.525,3317.4475749999997,3317.4475749999997,3290.9147596899224,3290.9147596899224,0.5058393038307027,sl,0.1,0.7000000000000001,-99.92574999999597,-1.0,4631.509777528579
2025-04-28,-1,2025-04-28 14:40:00,2025-04-28 16:13:35,19,3326.89,3336.8706699999993,3336.8706699999993,3291.5069659090905,3291.5069659090905,1.0742354324972132,sl,0.1,0.7000000000000001,-100.50669999999464,-1.0,4531.003077528585
2025-04-28,-1,2025-04-28 16:20:00,2025-04-28 18:24:55,25,3334.087,3344.0892609999996,3344.0892609999996,3295.2792670068025,3295.2792670068025,1.1787235571229526,sl,0.1,0.7000000000000001,-100.72260999999635,-1.0,4430.280467528589
2025-04-28,-1,2025-04-28 18:30:00,2025-04-28 23:59:55,54,3348.287,3337.781,3358.3318609999997,3300.1819504504497,3300.1819504504497,1.4571181308044872,session_end,0.1,0.7000000000000001,104.35999999999858,1.0459079523350308,4534.640467528588
2025-04-29,1,2025-04-29 03:00:00,2025-04-29 03:18:10,4,3320.712,3310.749864,3310.749864,3330.804796296297,3330.804796296297,-0.3044998706491225,sl,0.1,0.7000000000000001,-100.32136000000101,-1.0,4434.319107528587
2025-04-29,1,2025-04-29 03:25:00,2025-04-29 05:17:20,23,3315.669,3305.7219929999997,3305.7219929999997,3329.011264227642,3329.011264227642,-0.4020041737752213,sl,0.1,0.7000000000000001,-100.17007000000213,-1.0,4334.149037528585
2025-04-29,1,2025-04-29 05:25:00,2025-04-29 06:29:20,13,3307.661,3321.497465367965,3297.738017,3323.144797435897,3323.144797435897,-0.4666753446272656,tp,0.1,0.7000000000000001,137.66465367965048,1.3943856769647942,4471.8136912082355
2025-04-29,1,2025-04-29 10:00:00,2025-04-29 13:30:30,43,3309.113,3317.785452674896,3299.185661,3319.963633333333,3319.963633333333,-0.3247364888304032,tp,0.1,0.7000000000000001,86.02452674896249,0.8735928807202396,4557.838217957198
2025-04-29,1,2025-04-29 13:50:00,2025-04-29 14:39:05,10,3301.358,3317.2102257142847,3291.453926,3317.688576305219,3317.688576305219,-0.49197132068966926,tp,0.1,0.7000000000000001,157.82225714284488,1.6005762592529527,4715.660475100043
2025-04-29,1,2025-04-29 15:45:00,2025-04-29 16:22:40,8,3306.503,3316.7499778911556,3296.5834910000003,3316.871905643738,3316.871905643738,-0.31054577736968497,tp,0.1,0.7000000000000001,101.76977891155438,1.0330126109221343,4817.430254011598
2025-04-29,-1,2025-04-29 16:50:00,2025-04-29 17:58:15,14,3327.329,3317.3866286821703,3337.310987,3316.8874620462043,3316.8874620462043,0.31650268735134407,tp,0.1,0.7000000000000001,98.72371317829838,0.9960312829329646,4916.153967189896
2025-04-30,1,2025-04-30 04:25:00,2025-04-30 05:08:25,9,3301.828,3311.334543715847,3291.922516,3312.152034591195,3312.152034591195,-0.3130452492189017,tp,0.1,0.7000000000000001,94.36543715846874,0.9597253113373342,5010.519404348365
2025-04-30,1,2025-04-30 08:15:00,2025-04-30 09:59:00,21,3285.288,3275.432136,3275.432136,3310.3742205387202,3310.3742205387202,-0.7593014826773813,sl,0.1,0.7000000000000001,-99.25864000000111,-1.0,4911.260764348364
2025-04-30,1,2025-04-30 10:05:00,2025-04-30 12:46:55,33,3274.719,3299.768700435731,3264.894843,3305.461296143251,3305.461296143251,-0.9296371486516729,tp,0.1,0.7000000000000001,249.79700435730757,2.549806607908518,5161.057768705672
2025-04-30,-1,2025-04-30 13:40:00,2025-04-30 14:02:00,5,3319.261,3300.3456488095244,3329.218783,3300.0334105691063,3300.0334105691063,0.5824210557789141,tp,0.1,0.7000000000000001,188.45351190475577,1.8995544681457597,5349.511280610428
2025-04-30,-1,2025-04-30 14:20:00,2025-04-30 14:31:10,3,3311.446,3300.6083352490423,3321.3803379999995,3300.5006531007753,3300.5006531007753,0.3312481362169579,tp,0.1,0.7000000000000001,107.67664750957628,1.0909297379410785,5457.1879281200045
2025-04-30,-1,2025-04-30 15:05:00,2025-04-30 15:45:40,9,3310.576,3300.932029100529,3320.5077279999996,3300.654947513812,3300.654947513812,0.3007449322645832,tp,0.1,0.7000000000000001,95.73970899471242,0.9710264819446992,5552.927637114717
2025-04-30,-1,2025-04-30 16:35:00,2025-04-30 18:26:15,23,3313.051,3302.025620663649,3322.9901529999997,3301.2917830820766,3301.2917830820766,0.3565791117964617,tp,0.1,0.7000000000000001,109.55379336350852,1.109287615992134,5662.481430478226
2025-04-30,1,2025-04-30 20:30:00,2025-04-30 22:11:55,9,3290.834,3280.9614979999997,3280.9614979999997,3301.686692411923,3301.686692411923,-0.3291709185156948,sl,0.1,0.7000000000000001,-99.42502000000168,-1.0,5563.056410478224
2025-04-30,1,2025-04-30 22:20:00,2025-04-30 23:59:55,20,3274.22,3272.949,3264.39734,3301.063312499999,3301.063312499999,-0.814398572671994,session_end,0.1,0.7000000000000001,-13.409999999997307,-0.1293946853499719,5549.646410478227
2025-05-01,1,2025-05-01 00:35:00,2025-05-01 01:06:50,7,3249.166,3239.418502,3239.418502,3266.0434047619046,3266.0434047619046,-0.5180551102669259,sl,0.1,0.7000000000000001,-98.17498000000178,-1.0,5451.471430478226
2025-05-01,1,2025-05-01 01:15:00,2025-05-01 02:24:40,14,3243.91,3249.60430952381,3234.17827,3255.266944444445,3255.266944444445,-0.34960095865155455,tp,0.1,0.7000000000000001,56.24309523810261,0.5851281862331034,5507.714525716328
2025-05-01,1,2025-05-01 03:10:00,2025-05-01 04:02:20,11,3237.529,3227.816413,3227.816413,3248.0343421052635,3248.0343421052635,-0.32471461180509553,sl,0.1,0.7000000000000001,-97.82586999999985,-1.0,5409.888655716329
2025-05-01,1,2025-05-01 04:10:00,2025-05-01 06:03:40,23,3228.239,3239.8300324074066,3218.554283,3244.34222,3244.34222,-0.49793514076329465,tp,0.1,0.7000000000000001,115.21032407406601,1.1968374922474752,5525.098979790395
2025-05-01,1,2025-05-01 07:20:00,2025-05-01 09:58:55,32,3226.551,3216.871347,3216.871347,3239.1659962121207,3239.1659962121207,-0.39014660646903093,sl,0.1,0.7000000000000001,-97.49653000000144,-1.0,5427.602449790394
2025-05-01,1,2025-05-01 10:05:00,2025-05-01 11:49:25,21,3218.276,3208.6211719999997,3208.6211719999997,3236.690219008264,3236.690219008264,-0.5718718121234263,sl,0.1,0.7000000000000001,-97.2482800000018,-1.0,5330.354169790392
2025-05-01,1,2025-05-01 11:55:00,2025-05-01 12:56:05,13,3205.44,3232.714486021506,3195.82368,3234.1297319347323,3234.1297319347323,-0.886706295408148,tp,0.1,0.7000000000000001,272.04486021506165,2.8362706338293564,5602.399030005454
2025-05-01,1,2025-05-01 13:10:00,2025-05-01 13:42:00,7,3221.681,3232.328072154472,3212.015957,3232.5753090717308,3232.5753090717308,-0.336165689357182,tp,0.1,0.7000000000000001,105.7707215447197,1.1016062892293397,5708.169751550174
2025-05-01,1,2025-05-01 14:05:00,2025-05-01 15:32:10,18,3220.895,3211.232315,3211.232315,3232.0762504930967,3232.0762504930967,-0.3474778941673472,sl,0.1,0.7000000000000001,-97.32684999999783,-1.0,5610.842901550176
2025-05-01,1,2025-05-01 15:40:00,2025-05-01 19:43:05,49,3211.662,3228.1626122881335,3202.027014,3230.8848377659556,3230.8848377659556,-0.5971224210917965,tp,0.1,0.7000000000000001,164.30612288133653,1.7125725235235014,5775.149024431513
2025-05-01,-1,2025-05-01 20:45:00,2025-05-01 23:59:55,27,3239.124,3237.352,3248.8413719999994,3228.3542637215514,3228.3542637215514,0.33432626647381875,session_end,0.1,0.7000000000000001,17.019999999999346,0.182353829821479,5792.169024431512
2025-05-02,-1,2025-05-02 03:15:00,2025-05-02 06:20:00,38,3250.63,3260.3818899999997,3260.3818899999997,3240.0727307692314,3240.0727307692314,0.3234115435513963,sl,0.1,0.7000000000000001,-98.21889999999549,-1.0,5693.950124431517
2025-05-02,-1,2025-05-02 06:30:00,2025-05-02 06:50:45,5,3258.145,3247.5765934959345,3267.919435,3247.2397179487175,3247.2397179487175,0.3376954892079732,tp,0.1,0.7000000000000001,104.98406504065478,1.0812294013992299,5798.934189472172
2025-05-02,-1,2025-05-02 07:35:00,2025-05-02 12:30:00,60,3261.932,3253.3739088888888,3271.7177959999995,3248.221565934066,3248.221565934066,0.42161329786000085,tp,0.1,0.7000000000000001,84.88091111111025,0.8745421538637551,5883.815100583282
2025-05-02,1,2025-05-02 13:10:00,2025-05-02 13:24:05,3,3243.122,3253.261772916667,3233.392634,3253.366624472574,3253.366624472574,-0.31438585481377346,tp,0.1,0.7000000000000001,100.6977291666697,1.0421822877941833,5984.512829749952
2025-05-02,-1,2025-05-02 15:05:00,2025-05-02 15:23:30,4,3263.126,3253.4699447463777,3272.9153779999997,3253.340859116023,3253.340859116023,0.3007874461281138,tp,0.1,0.7000000000000001,95.86055253622526,0.9863808766627493,6080.373382286178
2025-05-02,1,2025-05-02 15:35:00,2025-05-02 15:49:20,3,3242.511,3232.7834669999997,3232.7834669999997,3253.4167308377905,3253.4167308377905,-0.33251906327427777,sl,0.1,0.7000000000000001,-97.97533000000222,-1.0,5982.398052286176
2025-05-02,1,2025-05-02 15:55:00,2025-05-02 16:11:20,4,3235.992,3226.284024,3226.284024,3253.0495410122176,3253.0495410122176,-0.5276292535918923,sl,0.1,0.7000000000000001,-97.77976000000145,-1.0,5884.618292286174
2025-05-02,1,2025-05-02 16:20:00,2025-05-02 20:57:55,56,3227.111,3241.009,3217.429667,3252.4594056122455,3252.4594056122455,-0.7791920651958103,session_end,0.1,0.7000000000000001,138.2800000000014,1.435546117461319,6022.898292286176
2025-05-05,-1,2025-05-05 01:15:00,2025-05-05 01:31:45,4,3259.178,3268.9555339999997,3268.9555339999997,3247.4997444444443,3247.4997444444443,0.3625791064556338,sl,0.1,0.7000000000000001,-98.47533999999833,-1.0,5924.422952286178
2025-05-05,-1,2025-05-05 01:40:00,2025-05-05 03:18:25,20,3266.31,3258.8966367521366,3276.1089299999994,3251.799033333333,3251.799033333333,0.4489658345122726,tp,0.1,0.7000000000000001,73.43363247863344,0.7565482402531443,5997.8565847648115
2025-05-05,-1,2025-05-05 08:25:00,2025-05-05 08:49:00,5,3269.497,3279.3054909999996,3279.3054909999996,3259.461869636964,3259.461869636964,0.30810700553323656,sl,0.1,0.7000000000000001,-98.78490999999777,-1.0,5899.071674764814
2025-05-05,-1,2025-05-05 08:55:00,2025-05-05 09:16:35,5,3281.632,3291.4768959999997,3291.4768959999997,3260.349319314642,3260.349319314642,0.651285448450704,sl,0.1,0.7000000000000001,-99.14895999999608,-1.0,5799.922714764818
2025-05-05,-1,2025-05-05 09:25:00,2025-05-05 09:58:35,7,3298.056,3307.950168,3307.950168,3261.864812684366,3261.864812684366,1.1061061505471224,sl,0.1,0.7000000000000001,-99.64167999999809,-1.0,5700.28103476482
2025-05-05,-1,2025-05-05 10:05:00,2025-05-05 14:06:00,49,3314.702,3324.6461059999997,3324.6461059999997,3264.6422768595035,3264.6422768595035,1.532732192288825,sl,0.1,0.7000000000000001,-100.14105999999465,-1.0,5600.139974764826
2025-05-05,-1,2025-05-05 14:15:00,2025-05-05 19:10:05,60,3316.123,3326.071369,3326.071369,3279.6917339181296,3279.6917339181296,1.110280143261144,sl,0.1,0.7000000000000001,-100.1836899999973,-1.0,5499.9562847648285
2025-05-05,-1,2025-05-05 19:20:00,2025-05-05 19:38:10,4,3327.467,3337.449401,3337.449401,3288.962846982758,3288.962846982758,1.1701455689153817,sl,0.1,0.7000000000000001,-100.52400999999755,-1.0,5399.432274764831
2025-05-05,-1,2025-05-05 19:45:00,2025-05-05 23:59:55,39,3334.654,3334.129,3344.6579619999998,3289.917931082982,3289.917931082982,1.3590785500931886,session_end,0.1,0.7000000000000001,4.550000000000909,0.05247920773790452,5403.982274764832
2025-05-06,-1,2025-05-06 01:05:00,2025-05-06 01:10:05,2,3349.846,3359.8955379999998,3359.8955379999998,3329.8893717948717,3329.8893717948717,0.6009547456629654,sl,0.1,0.7000000000000001,-101.19537999999757,-1.0,5302.786894764835
2025-05-06,-1,2025-05-06 01:20:00,2025-05-06 01:41:20,5,3362.102,3372.1883059999996,3372.1883059999996,3335.3473958333334,3335.3473958333334,0.8034576608165043,sl,0.1,0.7000000000000001,-101.56305999999695,-1.0,5201.223834764838
2025-05-06,-1,2025-05-06 01:50:00,2025-05-06 03:00:35,15,3377.792,3355.7899166666666,3387.9253759999997,3344.0065757575753,3344.0065757575753,1.0119574670620375,tp,0.1,0.7000000000000001,219.32083333333304,2.1712490815828605,5420.544668098171
2025-05-06,-1,2025-05-06 07:10:00,2025-05-06 07:39:55,6,3368.873,3378.9796189999997,3378.9796189999997,3358.825992248061,3358.825992248061,0.3004772433949093,sl,0.1,0.7000000000000001,-101.76618999999683,-1.0,5318.778478098175
2025-05-06,-1,2025-05-06 07:45:00,2025-05-06 10:03:10,28,3373.377,3383.4971309999996,3383.4971309999996,3359.90990860215,3359.90990860215,0.4000580897552047,sl,0.1,0.7000000000000001,-101.90130999999674,-1.0,5216.877168098178
2025-05-06,-1,2025-05-06 10:10:00,2025-05-06 12:41:35,31,3381.329,3391.4729869999996,3391.4729869999996,3364.020409836065,3364.020409836065,0.5151600779015342,sl,0.1,0.7000000000000001,-102.1398699999947,-1.0,5114.737298098184
2025-05-06,-1,2025-05-06 12:50:00,2025-05-06 15:32:45,33,3388.18,3398.3445399999996,3398.3445399999996,3367.3984891774885,3367.3984891774885,0.6169454220900902,sl,0.1,0.7000000000000001,-102.34539999999761,-1.0,5012.391898098186
2025-05-06,-1,2025-05-06 15:40:00,2025-05-06 16:37:20,12,3396.442,3406.6313259999997,3406.6313259999997,3371.821273049643,3371.821273049643,0.7305911243651607,sl,0.1,0.7000000000000001,-102.5932599999971,-1.0,4909.798638098189
2025-05-06,-1,2025-05-06 16:45:00,2025-05-06 19:44:20,36,3408.014,3418.238042,3418.238042,3373.6034154228846,3373.6034154228846,1.0198022808440426,sl,0.1,0.7000000000000001,-102.94041999999827,-1.0,4806.858218098191
2025-05-06,-1,2025-05-06 19:50:00,2025-05-06 20:48:20,12,3420.402,3430.6632059999997,3430.6632059999997,3379.956703081233,3379.956703081233,1.20110405206546,sl,0.1,0.7000000000000001,-103.31205999999675,-1.0,4703.546158098195
2025-05-06,-1,2025-05-06 20:55:00,2025-05-06 22:59:15,13,3434.745,3383.288996831433,3445.0492349999995,3382.299790836654,3382.299790836654,1.5499722793755708,tp,0.1,0.7000000000000001,513.8600316856689,4.993675238246105,5217.406189783864
2025-05-07,1,2025-05-07 00:40:00,2025-05-07 00:44:50,1,3378.067,3367.932799,3367.932799,3388.596375,3388.596375,-0.3125741111612938,sl,0.1,0.7000000000000001,-102.04200999999848,-1.0,5115.364179783865
2025-05-07,1,2025-05-07 00:50:00,2025-05-07 01:02:40,3,3362.203,3382.5565277777782,3352.116391,3384.2764,3384.2764,-0.6537557038780949,tp,0.1,0.7000000000000001,202.83527777778255,2.017876154193976,5318.199457561648
2025-05-07,1,2025-05-07 01:25:00,2025-05-07 01:56:20,7,3370.223,3377.417210144928,3360.112331,3380.3338529411762,3380.3338529411762,-0.300602052437375,tp,0.1,0.7000000000000001,71.24210144928092,0.7115464016207029,5389.441559010929
2025-05-07,-1,2025-05-07 02:25:00,2025-05-07 03:27:35,13,3389.29,3380.7458089430897,3399.4578699999997,3377.5847873563225,3377.5847873563225,0.3494719862507556,tp,0.1,0.7000000000000001,84.74191056910222,0.840312775134853,5474.183469580032
2025-05-07,-1,2025-05-07 06:10:00,2025-05-07 08:02:10,23,3393.199,3383.858999999999,3403.378597,3381.87627027027,3381.87627027027,0.33422954674881317,tp,0.1,0.7000000000000001,92.70000000001055,0.9175215875443017,5566.883469580042
2025-05-07,1,2025-05-07 09:25:00,2025-05-07 10:13:15,10,3373.184,3383.138415300547,3363.064448,3383.7884882005906,3383.7884882005906,-0.3130215803241026,tp,0.1,0.7000000000000001,98.8441530054677,0.9836814219193359,5665.72762258551
2025-05-07,-1,2025-05-07 13:50:00,2025-05-07 14:15:50,6,3396.307,3384.8045409356714,3406.4959209999993,3384.5970220883532,3384.5970220883532,0.3457273594251001,tp,0.1,0.7000000000000001,114.32459064328377,1.1289182695919384,5780.052213228794
2025-05-07,-1,2025-05-07 18:15:00,2025-05-07 18:31:00,4,3395.262,3385.0551426426423,3405.4477859999997,3384.9987024353118,3384.9987024353118,0.30451407728079927,tp,0.1,0.7000000000000001,101.36857357357876,1.00206870214614,5881.420786802373
2025-05-07,1,2025-05-07 19:15:00,2025-05-07 23:59:55,45,3372.998,3376.55,3362.879006,3384.9491479076482,3384.9491479076482,-0.3549136894737173,session_end,0.1,0.7000000000000001,34.82000000000134,0.35102303647972904,5916.240786802375
2025-05-08,-1,2025-05-08 01:05:00,2025-05-08 01:26:00,5,3393.76,3384.538754901961,3403.94128,3382.2677564102564,3382.2677564102564,0.3388479096021515,tp,0.1,0.7000000000000001,91.51245098039162,0.9057058737250477,6007.7532377827665
2025-05-08,-1,2025-05-08 01:50:00,2025-05-08 01:58:20,2,3397.746,3407.939238,3407.939238,3386.2181212121213,3386.2181212121213,0.3398593467971555,sl,0.1,0.7000000000000001,-102.63237999999838,-1.0,5905.120857782768
2025-05-08,-1,2025-05-08 02:05:00,2025-05-08 03:40:50,20,3411.24,3396.006037878788,3421.4737199999995,3388.6756066666667,3388.6756066666667,0.6632648250282679,tp,0.1,0.7000000000000001,151.6396212121179,1.4886045466567586,6056.760478994886
2025-05-08,1,2025-05-08 04:55:00,2025-05-08 05:12:35,4,3384.996,3374.841012,3374.841012,3395.3366920903964,3395.3366920903964,-0.3050122279337406,sl,0.1,0.7000000000000001,-102.2498800000023,-1.0,5954.510598994884
2025-05-08,1,2025-05-08 05:20:00,2025-05-08 05:53:20,7,3376.332,3366.203004,3366.203004,3394.104505208334,3394.104505208334,-0.5223470633013338,sl,0.1,0.7000000000000001,-101.98995999999916,-1.0,5852.520638994885
2025-05-08,1,2025-05-08 06:00:00,2025-05-08 06:14:20,3,3355.541,3345.474377,3345.474377,3391.546731481482,3391.546731481482,-1.063297496293948,sl,0.1,0.7000000000000001,-101.36623000000164,-1.0,5751.154408994884
2025-05-08,1,2025-05-08 06:20:00,2025-05-08 06:33:05,3,3342.005,3331.978985,3331.978985,3389.445153508772,3389.445153508772,-1.4030807803318777,sl,0.1,0.7000000000000001,-100.96014999999916,-1.0,5650.194258994885
2025-05-08,1,2025-05-08 06:40:00,2025-05-08 13:18:50,80,3326.907,3364.7164790356396,3316.9262790000002,3386.7239041666667,3386.7239041666667,-1.7659663397150465,tp,0.1,0.7000000000000001,377.3947903563947,3.7882512731935734,6027.58904935128
2025-05-08,1,2025-05-08 14:25:00,2025-05-08 15:26:10,13,3352.304,3342.247088,3342.247088,3364.3696117533723,3364.3696117533723,-0.35891156878804575,sl,0.1,0.7000000000000001,-101.26912000000011,-1.0,5926.31992935128
2025-05-08,1,2025-05-08 15:35:00,2025-05-08 15:46:15,3,3343.648,3333.617056,3333.617056,3363.690605169341,3363.690605169341,-0.5980664552924341,sl,0.1,0.7000000000000001,-101.00944000000091,-1.0,5825.310489351279
2025-05-08,1,2025-05-08 15:55:00,2025-05-08 16:05:50,3,3333.769,3323.767693,3323.767693,3363.134634380453,3363.134634380453,-0.8716610414811209,sl,0.1,0.7000000000000001,-100.71306999999997,-1.0,5724.597419351279
2025-05-08,1,2025-05-08 16:15:00,2025-05-08 17:06:00,11,3311.603,3301.668191,3301.668191,3362.336161538461,3362.336161538461,-1.5104278423851418,sl,0.1,0.7000000000000001,-100.0480899999986,-1.0,5624.549329351281
2025-05-08,1,2025-05-08 17:15:00,2025-05-08 19:21:30,26,3303.491,3293.580527,3293.580527,3359.234099033816,3359.234099033816,-1.6610214527729668,sl,0.1,0.7000000000000001,-99.80472999999911,-1.0,5524.744599351282
2025-05-08,1,2025-05-08 19:30:00,2025-05-08 23:59:55,42,3292.177,3316.474,3282.3004690000002,3352.986289173788,3352.986289173788,-1.8139587796756333,session_end,0.1,0.7000000000000001,242.27000000000027,2.4600742912668734,5767.014599351282
2025-05-09,1,2025-05-09 01:30:00,2025-05-09 01:35:25,2,3302.5,3292.5925,3292.5925,3314.426518518519,3314.426518518519,-0.35933874086437345,sl,0.1,0.7000000000000001,-99.774999999998,-1.0,5667.239599351285
2025-05-09,1,2025-05-09 01:45:00,2025-05-09 02:10:25,6,3292.835,3282.956495,3282.956495,3311.4772460317463,3311.4772460317463,-0.5623697416028641,sl,0.1,0.7000000000000001,-99.48505000000132,-1.0,5567.7545493512835
2025-05-09,1,2025-05-09 02:20:00,2025-05-09 02:52:55,7,3282.262,3302.478470588236,3272.415214,3305.3669166666673,3305.3669166666673,-0.6997533783629752,tp,0.1,0.7000000000000001,201.46470588236008,2.0531034784584405,5769.219255233644
2025-05-09,-1,2025-05-09 04:05:00,2025-05-09 04:56:20,11,3314.435,3324.3783049999997,3324.3783049999997,3303.9794387755114,3303.9794387755114,0.31852683769692897,sl,0.1,0.7000000000000001,-100.13304999999782,-1.0,5669.086205233646
2025-05-09,-1,2025-05-09 05:05:00,2025-05-09 11:27:15,77,3325.296,3335.2718879999993,3335.2718879999993,3306.5359371584705,3306.5359371584705,0.5678620525644584,sl,0.1,0.7000000000000001,-100.45887999999486,-1.0,5568.627325233651
2025-05-09,-1,2025-05-09 11:40:00,2025-05-09 15:13:15,43,3331.667,3341.6620009999997,3341.6620009999997,3316.895833333334,3316.895833333334,0.44498432897222145,sl,0.1,0.7000000000000001,-100.65000999999775,-1.0,5467.977315233654
2025-05-09,-1,2025-05-09 15:20:00,2025-05-09 20:57:55,68,3338.982,3326.904,3348.9989459999997,3320.9561557971024,3320.9561557971024,0.5436489780625995,session_end,0.1,0.7000000000000001,120.07999999999974,1.20575672465443,5588.057315233654
2025-05-12,1,2025-05-12 01:05:00,2025-05-12 01:13:15,2,3271.159,3261.345523,3261.345523,3281.3789358974363,3281.3789358974363,-0.31098011222667343,sl,0.1,0.7000000000000001,-98.83477000000148,-1.0,5489.222545233652
2025-05-12,1,2025-05-12 01:20:00,2025-05-12 01:49:30,6,3263.949,3275.990603174604,3254.157153,3278.5633125000004,3278.5633125000004,-0.44762937607600567,tp,0.1,0.7000000000000001,119.71603174604006,1.2297581012656809,5608.938576979693
2025-05-12,1,2025-05-12 07:05:00,2025-05-12 07:21:55,4,3254.814,3245.0495579999997,3245.0495579999997,3276.454584313726,3276.454584313726,-0.6600452946078548,sl,0.1,0.7000000000000001,-98.34442000000145,-1.0,5510.594156979691
2025-05-12,1,2025-05-12 07:30:00,2025-05-12 07:44:35,3,3231.221,3221.527337,3221.527337,3274.6202981481497,3274.6202981481497,-1.3246359638300638,sl,0.1,0.7000000000000001,-97.63663000000015,-1.0,5412.9575269796915
2025-05-12,1,2025-05-12 07:50:00,2025-05-12 10:41:45,35,3219.09,3209.43273,3209.43273,3272.6093386524835,3272.6093386524835,-1.6352039951862332,sl,0.1,0.7000000000000001,-97.27270000000154,-1.0,5315.68482697969
2025-05-12,1,2025-05-12 10:50:00,2025-05-12 23:59:55,146,3214.255,3236.942,3204.612235,3258.839847435898,3258.839847435898,-1.3676139215912988,session_end,0.1,0.7000000000000001,226.169999999999,2.352748407744021,5541.854826979689
2025-05-13,1,2025-05-13 01:35:00,2025-05-13 02:38:15,13,3224.31,3232.788575268816,3214.6370699999998,3237.2936052631576,3237.2936052631576,-0.40046121371508775,tp,0.1,0.7000000000000001,84.08575268816257,0.876526064885831,5625.940579667852
2025-05-13,-1,2025-05-13 04:40:00,2025-05-13 05:11:35,7,3245.141,3254.8764229999997,3254.8764229999997,3233.9512976190463,3233.9512976190463,0.34506402088272997,sl,0.1,0.7000000000000001,-98.05422999999628,-1.0,5527.886349667856
2025-05-13,-1,2025-05-13 05:20:00,2025-05-13 12:02:20,81,3258.681,3246.8738958333324,3268.457043,3236.2537760416653,3236.2537760416653,0.6918098983485389,tp,0.1,0.7000000000000001,117.37104166667613,1.2077590254735786,5645.257391334532
2025-05-13,1,2025-05-13 13:50:00,2025-05-13 14:41:30,11,3234.207,3245.651195075757,3224.504379,3246.2415361445774,3246.2415361445774,-0.3715384702674283,tp,0.1,0.7000000000000001,113.74195075757306,1.179495218431949,5758.9993420921055
2025-05-13,-1,2025-05-13 16:05:00,2025-05-13 17:15:55,15,3255.938,3246.3412230273743,3265.705814,3245.8791839378237,3245.8791839378237,0.31123512274170123,tp,0.1,0.7000000000000001,95.26776972625775,0.9824897333861963,5854.267111818363
2025-05-14,1,2025-05-14 03:05:00,2025-05-14 06:00:45,36,3230.9,3234.975546296297,3221.2073,3241.696031531531,3241.696031531531,-0.33336042079260564,tp,0.1,0.7000000000000001,40.05546296297034,0.420475852579468,5894.322574781334
2025-05-14,1,2025-05-14 12:00:00,2025-05-14 12:16:45,4,3220.24,3210.57928,3210.57928,3234.0283865740753,3234.0283865740753,-0.4272345484484654,sl,0.1,0.7000000000000001,-97.30719999999856,-1.0,5797.015374781336
2025-05-14,1,2025-05-14 12:25:00,2025-05-14 12:36:35,3,3215.747,3206.0997589999997,3206.0997589999997,3233.4542337807616,3233.4542337807616,-0.5474558320890014,sl,0.1,0.7000000000000001,-97.17241000000122,-1.0,5699.842964781335
2025-05-14,1,2025-05-14 12:45:00,2025-05-14 12:46:50,1,3201.13,3191.52661,3191.52661,3232.807314814816,3232.807314814816,-0.98127762423209,sl,0.1,0.7000000000000001,-96.73390000000218,-1.0,5603.109064781333
2025-05-14,1,2025-05-14 12:55:00,2025-05-14 13:10:20,4,3186.5,3176.9405,3176.9405,3232.2879623655926,3232.2879623655926,-1.4160700685867875,sl,0.1,0.7000000000000001,-96.29499999999844,-1.0,5506.814064781334
2025-05-14,1,2025-05-14 13:20:00,2025-05-14 16:42:00,41,3185.29,3175.73413,3175.73413,3230.7337875000007,3230.7337875000007,-1.403776679944131,sl,0.1,0.7000000000000001,-96.25870000000141,-1.0,5410.555364781333
2025-05-14,1,2025-05-14 16:50:00,2025-05-14 18:54:40,25,3183.762,3174.2107140000003,3174.2107140000003,3221.1764521452146,3221.1764521452146,-1.1630208000640727,sl,0.1,0.7000000000000001,-96.21285999999891,-1.0,5314.342504781334
2025-05-14,1,2025-05-14 19:00:00,2025-05-14 23:59:55,48,3172.07,3186.19,3162.55379,3216.6178494152055,3216.6178494152055,-1.386778022863827,session_end,0.1,0.7000000000000001,140.49999999999892,1.4837839854311277,5454.842504781333
2025-05-15,1,2025-05-15 02:00:00,2025-05-15 02:30:15,7,3172.549,3163.031353,3163.031353,3183.4412777777775,3183.4412777777775,-0.3416987099372723,sl,0.1,0.7000000000000001,-95.87647000000125,-1.0,5358.966034781332
2025-05-15,1,2025-05-15 02:40:00,2025-05-15 03:19:55,8,3158.424,3148.948728,3148.948728,3179.70953125,3179.70953125,-0.670754074873489,sl,0.1,0.7000000000000001,-95.45272000000132,-1.0,5263.513314781331
2025-05-15,1,2025-05-15 03:25:00,2025-05-15 04:47:55,17,3149.659,3140.210023,3140.210023,3173.9010284552846,3173.9010284552846,-0.7616030946953966,sl,0.1,0.7000000000000001,-95.18977000000014,-1.0,5168.323544781331
2025-05-15,1,2025-05-15 04:55:00,2025-05-15 05:55:15,13,3136.322,3126.913034,3126.913034,3166.340395480226,3166.340395480226,-0.9495787478549268,sl,0.1,0.7000000000000001,-94.78965999999964,-1.0,5073.533884781332
2025-05-15,1,2025-05-15 06:05:00,2025-05-15 08:38:10,31,3125.508,3155.6717119741106,3116.131476,3160.6117579908678,3160.6117579908678,-1.1123877490482108,tp,0.1,0.7000000000000001,300.9371197411081,3.216939664859972,5374.47100452244
2025-05-15,-1,2025-05-15 09:15:00,2025-05-15 10:15:35,13,3165.876,3175.373628,3175.373628,3156.0323993994,3156.0323993994,0.31429020191578294,sl,0.1,0.7000000000000001,-95.67627999999623,-1.0,5278.794724522444
2025-05-15,-1,2025-05-15 10:25:00,2025-05-15 12:21:40,24,3175.554,3185.080662,3185.080662,3157.5763279999996,3157.5763279999996,0.5715514092237661,sl,0.1,0.7000000000000001,-95.9666199999976,-1.0,5182.828104522447
2025-05-15,-1,2025-05-15 12:30:00,2025-05-15 13:09:40,8,3182.658,3192.2059739999995,3192.2059739999995,3160.9758344444435,3160.9758344444435,0.6875935373728213,sl,0.1,0.7000000000000001,-96.17973999999613,-1.0,5086.648364522451
2025-05-15,-1,2025-05-15 13:15:00,2025-05-15 14:10:35,12,3195.298,3204.8838939999996,3204.8838939999996,3162.450396226414,3162.450396226414,1.032936479021614,sl,0.1,0.7000000000000001,-96.55893999999826,-1.0,4990.089424522453
2025-05-15,-1,2025-05-15 14:20:00,2025-05-15 15:17:15,12,3203.168,3212.7775039999997,3212.7775039999997,3164.920090116278,3164.920090116278,1.208163517402342,sl,0.1,0.7000000000000001,-96.79503999999561,-1.0,4893.294384522457
2025-05-15,-1,2025-05-15 15:25:00,2025-05-15 17:00:15,20,3214.276,3223.9188279999994,3223.9188279999994,3167.7875423423407,3167.7875423423407,1.467331916561859,sl,0.1,0.7000000000000001,-97.12827999999554,-1.0,4796.166104522462
2025-05-15,-1,2025-05-15 17:10:00,2025-05-15 20:20:45,39,3227.628,3237.310884,3237.310884,3173.021128640776,3173.021128640776,1.7209583278953948,sl,0.1,0.7000000000000001,-97.52883999999831,-1.0,4698.637264522464
2025-05-15,-1,2025-05-15 20:30:00,2025-05-15 22:37:00,14,3238.492,3248.207476,3248.207476,3181.7007906504073,3181.7007906504073,1.7844767024113015,sl,0.1,0.7000000000000001,-97.85475999999854,-1.0,4600.782504522465
2025-05-15,-1,2025-05-15 22:45:00,2025-05-15 23:59:55,15,3249.806,3237.249,3259.5554179999995,3185.2043767560676,3185.2043767560676,2.0294497808572647,session_end,0.1,0.7000000000000001,124.87000000000243,1.2879743180568304,4725.652504522468
2025-05-16,1,2025-05-16 01:20:00,2025-05-16 02:56:10,20,3223.495,3213.824515,3213.824515,3236.343583333333,3236.343583333333,-0.39513985471720464,sl,0.1,0.7000000000000001,-97.40485000000099,-1.0,4628.247654522467
2025-05-16,1,2025-05-16 03:05:00,2025-05-16 04:56:20,23,3215.014,3222.579409604519,3205.368958,3227.952806306306,3227.952806306306,-0.4038258019398322,tp,0.1,0.7000000000000001,74.95409604518663,0.7843832722054069,4703.201750567654
2025-05-16,1,2025-05-16 07:20:00,2025-05-16 08:14:55,11,3208.177,3198.552469,3198.552469,3221.226234848484,3221.226234848484,-0.40344061239448437,sl,0.1,0.7000000000000001,-96.94530999999934,-1.0,4606.256440567655
2025-05-16,1,2025-05-16 08:20:00,2025-05-16 10:47:30,30,3199.84,3190.24048,3190.24048,3219.615406666666,3219.615406666666,-0.6138281804014243,sl,0.1,0.7000000000000001,-96.69520000000212,-1.0,4509.561240567653
2025-05-16,1,2025-05-16 10:55:00,2025-05-16 11:54:00,12,3172.507,3162.989479,3162.989479,3216.1158027989804,3216.1158027989804,-1.3556819925773564,sl,0.1,0.7000000000000001,-95.87521000000216,-1.0,4413.686030567651
2025-05-16,1,2025-05-16 12:00:00,2025-05-16 20:05:20,98,3163.318,3200.36628077455,3153.828046,3212.171600694442,3212.171600694442,-1.524423560804037,tp,0.1,0.7000000000000001,369.7828077454977,3.903947350487608,4783.468838313149
2025-05-19,1,2025-05-19 01:15:00,2025-05-19 01:34:35,4,3233.522,3223.821434,3223.821434,3243.638388888889,3243.638388888889,-0.3116527700349546,sl,0.1,0.7000000000000001,-97.70565999999981,-1.0,4685.763178313149
2025-05-19,1,2025-05-19 01:40:00,2025-05-19 01:56:25,4,3224.801,3215.126597,3215.126597,3239.5203333333334,3239.5203333333334,-0.4541670315183542,sl,0.1,0.7000000000000001,-97.44402999999984,-1.0,4588.3191483131495
2025-05-19,1,2025-05-19 02:05:00,2025-05-19 03:48:50,21,3221.26,3211.5962200000004,3211.5962200000004,3235.909206666667,3235.909206666667,-0.4508688512214487,sl,0.1,0.7000000000000001,-97.33779999999861,-1.0,4490.981348313151
2025-05-19,1,2025-05-19 03:55:00,2025-05-19 06:02:35,26,3213.353,3225.36461111111,3203.7129410000002,3230.089421985816,3230.089421985816,-0.5166705872667798,tp,0.1,0.7000000000000001,119.41611111110142,1.246010124119608,4610.397459424253
2025-05-19,-1,2025-05-19 08:20:00,2025-05-19 09:04:15,9,3237.698,3247.4110939999996,3247.4110939999996,3226.353198333332,3226.353198333332,0.35307050922237615,sl,0.1,0.7000000000000001,-97.83093999999728,-1.0,4512.566519424256
2025-05-19,-1,2025-05-19 09:10:00,2025-05-19 12:56:05,46,3243.582,3231.460079569892,3253.3127459999996,3227.54863181818,3227.54863181818,0.49721537961084716,tp,0.1,0.7000000000000001,120.5192043010782,1.2457339272968548,4633.085723725334
2025-05-19,1,2025-05-19 14:10:00,2025-05-19 14:26:55,4,3218.478,3231.2301734104044,3208.8225660000003,3231.3392696078427,3231.3392696078427,-0.3997961380703397,tp,0.1,0.7000000000000001,126.82173410404339,1.3207250352914868,4759.907457829378
2025-05-20,1,2025-05-20 02:20:00,2025-05-20 04:52:45,31,3211.668,3217.013959770115,3202.032996,3222.6109047619043,3222.6109047619043,-0.33716154642960433,tp,0.1,0.7000000000000001,52.75959770114859,0.5548476959755019,4812.667055530526
2025-05-20,-1,2025-05-20 08:40:00,2025-05-20 09:00:15,5,3227.771,3237.4543129999997,3237.4543129999997,3216.7013878205116,3216.7013878205116,0.34346091997597455,sl,0.1,0.7000000000000001,-97.53312999999544,-1.0,4715.133925530531
2025-05-20,-1,2025-05-20 09:10:00,2025-05-20 12:32:55,41,3235.519,3245.2255569999993,3245.2255569999993,3217.5091272727263,3217.5091272727263,0.561408593192866,sl,0.1,0.7000000000000001,-97.76556999999521,-1.0,4617.368355530536
2025-05-20,-1,2025-05-20 12:40:00,2025-05-20 13:59:05,16,3248.397,3258.1421909999995,3258.1421909999995,3223.004896929825,3223.004896929825,0.78673796289696,sl,0.1,0.7000000000000001,-98.15190999999523,-1.0,4519.216445530541
2025-05-20,-1,2025-05-20 14:05:00,2025-05-20 14:14:05,2,3270.799,3280.6113969999997,3280.6113969999997,3225.10108382643,3225.10108382643,1.4165266447824774,sl,0.1,0.7000000000000001,-98.82396999999692,-1.0,4420.392475530544
2025-05-20,-1,2025-05-20 14:20:00,2025-05-20 19:47:05,66,3282.351,3292.1980529999996,3292.1980529999996,3226.021660852713,3226.021660852713,1.7443106421180319,sl,0.1,0.7000000000000001,-99.17052999999505,-1.0,4321.221945530549
2025-05-20,-1,2025-05-20 19:55:00,2025-05-20 22:12:00,16,3293.063,3302.942189,3302.942189,3242.114106694563,3242.114106694563,1.5708081711337247,sl,0.1,0.7000000000000001,-99.4918899999977,-1.0,4221.730055530552
2025-05-20,-1,2025-05-20 22:20:00,2025-05-20 23:59:55,20,3300.988,3290.794,3310.8909639999993,3245.533183593751,3245.533183593751,1.7083268994605088,session_end,0.1,0.7000000000000001,101.2399999999996,1.0293887769359302,4322.970055530552
2025-05-21,1,2025-05-21 01:25:00,2025-05-21 01:49:25,5,3287.449,3296.7546746031753,3277.586653,3298.208264705883,3298.208264705883,-0.328929037683138,tp,0.1,0.7000000000000001,92.35674603175248,0.9435557888173103,4415.326801562304
2025-05-21,-1,2025-05-21 03:30:00,2025-05-21 05:06:05,20,3307.822,3300.24718306011,3317.745466,3297.890579365079,3297.890579365079,0.3004017385206332,tp,0.1,0.7000000000000001,75.04816939890297,0.7633237157149024,4490.3749709612075
2025-05-21,-1,2025-05-21 05:45:00,2025-05-21 08:13:55,30,3312.651,3304.5676394557827,3322.5889529999995,3300.495514492754,3300.495514492754,0.3677625209289648,tp,0.1,0.7000000000000001,80.13360544217157,0.8133828509973272,4570.508576403379
2025-05-21,-1,2025-05-21 10:25:00,2025-05-21 12:20:10,24,3316.347,3306.622360360361,3326.296041,3305.731316000001,3305.731316000001,0.32165905161540026,tp,0.1,0.7000000000000001,96.54639639639008,0.9774449255600769,4667.0549727997695
2025-05-21,1,2025-05-21 12:30:00,2025-05-21 13:01:50,7,3295.952,3306.2435534188044,3286.0641440000004,3306.5443355555562,3306.5443355555562,-0.32256744423069705,tp,0.1,0.7000000000000001,102.21553418804142,1.040827598905599,4769.270506987811
2025-05-21,-1,2025-05-21 19:05:00,2025-05-21 23:59:55,47,3318.585,3320.183,3328.5407549999995,3307.1104577874826,3307.1104577874826,0.3461040191616317,session_end,0.1,0.7000000000000001,-16.679999999999563,-0.16051017727937628,4752.590506987812
2025-05-22,-1,2025-05-22 01:25:00,2025-05-22 04:01:55,32,3337.465,3334.6178680555563,3347.477395,3324.631245098039,3324.631245098039,0.3851932427346042,tp,0.1,0.7000000000000001,27.77131944443845,0.2843607293203992,4780.36182643225
2025-05-22,1,2025-05-22 08:25:00,2025-05-22 08:36:10,3,3322.54,3312.57238,3312.57238,3333.3100396039613,3333.3100396039613,-0.32710847399171755,sl,0.1,0.7000000000000001,-100.37619999999897,-1.0,4679.985626432252
2025-05-22,1,2025-05-22 08:45:00,2025-05-22 09:24:00,8,3314.968,3305.023096,3305.023096,3332.6568761904764,3332.6568761904764,-0.5296187650332724,sl,0.1,0.7000000000000001,-100.14903999999952,-1.0,4579.836586432252
2025-05-22,1,2025-05-22 09:30:00,2025-05-22 10:30:20,13,3306.678,3296.7579659999997,3296.7579659999997,3330.927872807017,3330.927872807017,-0.727075869901922,sl,0.1,0.7000000000000001,-99.90034000000215,-1.0,4479.93624643225
2025-05-22,1,2025-05-22 10:40:00,2025-05-22 11:00:00,5,3296.562,3286.672314,3286.672314,3328.038799479167,3328.038799479167,-0.947143389196674,sl,0.1,0.7000000000000001,-99.59685999999984,-1.0,4380.339386432251
2025-05-22,1,2025-05-22 11:10:00,2025-05-22 23:59:55,142,3288.027,3300.207,3278.162919,3326.4847089552245,3326.4847089552245,-1.1553400155954854,session_end,0.1,0.7000000000000001,121.09999999999836,1.234783047706079,4501.439386432249
2025-05-23,-1,2025-05-23 04:25:00,2025-05-23 05:25:20,13,3311.676,3321.6110279999994,3321.6110279999994,3300.7061352201263,3300.7061352201263,0.3340304870593489,sl,0.1,0.7000000000000001,-100.0502799999942,-1.0,4401.389106432255
2025-05-23,-1,2025-05-23 05:35:00,2025-05-23 06:02:50,6,3318.455,3328.4103649999997,3328.4103649999997,3303.8441965174134,3303.8441965174134,0.4432504262163193,sl,0.1,0.7000000000000001,-100.25364999999802,-1.0,4301.135456432257
2025-05-23,-1,2025-05-23 06:10:00,2025-05-23 11:47:25,68,3328.02,3338.0040599999998,3338.0040599999998,3305.6603693693696,3305.6603693693696,0.6758447067837392,sl,0.1,0.7000000000000001,-100.54059999999772,-1.0,4200.59485643226
2025-05-23,-1,2025-05-23 11:55:00,2025-05-23 12:01:20,2,3343.483,3353.513449,3353.513449,3316.9371060606063,3316.9371060606063,0.799424079851976,sl,0.1,0.7000000000000001,-101.00448999999863,-1.0,4099.590366432261
2025-05-23,-1,2025-05-23 12:10:00,2025-05-23 13:00:50,11,3351.598,3361.6527939999996,3361.6527939999996,3317.595939497717,3317.595939497717,1.026573492474177,sl,0.1,0.7000000000000001,-101.24793999999675,-1.0,3998.342426432265
2025-05-23,-1,2025-05-23 13:10:00,2025-05-23 16:45:55,44,3354.549,3364.6126469999995,3364.6126469999995,3320.376157172995,3320.376157172995,1.0283576682491424,sl,0.1,0.7000000000000001,-101.33646999999492,-1.0,3897.00595643227
2025-05-23,-1,2025-05-23 16:55:00,2025-05-23 20:57:55,49,3359.262,3356.404,3369.339786,3327.9115188834144,3327.9115188834144,0.9444656487481116,session_end,0.1,0.7000000000000001,27.880000000001747,0.2835940354359799,3924.885956432272
2025-05-26,-1,2025-05-26 02:40:00,2025-05-26 05:29:25,34,3352.899,3345.556510256409,3362.9576969999994,3342.175687499999,3342.175687499999,0.3205640128396465,tp,0.1,0.7000000000000001,72.72489743590704,0.7299643028904321,3997.610853868179
2025-05-26,1,2025-05-26 07:15:00,2025-05-26 09:26:40,27,3334.696,3324.691912,3324.691912,3344.9578103448275,3344.9578103448275,-0.30790553809005367,sl,0.1,0.7000000000000001,-100.74088000000138,-1.0,3896.869973868178
2025-05-26,1,2025-05-26 09:35:00,2025-05-26 14:00:15,54,3327.768,3339.2382222222222,3317.784696,3342.387311594203,3342.387311594203,-0.43689764928045005,tp,0.1,0.7000000000000001,114.00222222222219,1.148940493269801,4010.8721960904004
2025-05-27,1,2025-05-27 01:45:00,2025-05-27 02:17:40,7,3332.231,3341.505796296296,3322.234307,3343.1308492063495,3343.1308492063495,-0.3279964111770422,tp,0.1,0.7000000000000001,92.0479629629579,0.9277864486081291,4102.9201590533585
2025-05-27,1,2025-05-27 05:00:00,2025-05-27 05:46:10,10,3330.998,3321.005006,3321.005006,3341.3442833333334,3341.3442833333334,-0.30819282480703647,sl,0.1,0.7000000000000001,-100.62994000000181,-1.0,4002.290219053357
2025-05-27,1,2025-05-27 05:55:00,2025-05-27 06:45:05,11,3324.874,3314.8993779999996,3314.8993779999996,3339.1458051643203,3339.1458051643203,-0.4271842559932308,sl,0.1,0.7000000000000001,-100.44622000000182,-1.0,3901.843999053355
2025-05-27,1,2025-05-27 06:55:00,2025-05-27 07:51:45,12,3308.009,3298.084973,3298.084973,3336.4307289156627,3336.4307289156627,-0.849357628499989,sl,0.1,0.7000000000000001,-99.94027000000024,-1.0,3801.903729053355
2025-05-27,1,2025-05-27 08:00:00,2025-05-27 14:00:55,73,3296.312,3286.423064,3286.423064,3332.3135208333347,3332.3135208333347,-1.0800310537507418,sl,0.1,0.7000000000000001,-99.58935999999831,-1.0,3702.314369053357
2025-05-27,1,2025-05-27 14:10:00,2025-05-27 23:59:55,106,3295.384,3309.473,3285.497848,3317.0361490196083,3317.0361490196083,-0.6540974546213778,session_end,0.1,0.7000000000000001,140.18999999999943,1.4251247603718704,3842.5043690533566
2025-05-28,1,2025-05-28 03:25:00,2025-05-28 05:15:00,23,3296.112,3303.5184153439145,3286.223664,3307.032093495935,3307.032093495935,-0.33206794447301,tp,0.1,0.7000000000000001,73.36415343914432,0.7490052263509701,3915.868522492501
2025-05-28,-1,2025-05-28 07:45:00,2025-05-28 11:48:45,49,3317.553,3309.490124113475,3327.5056589999995,3304.745482078853,3304.745482078853,0.38838143484118326,tp,0.1,0.7000000000000001,79.92875886525034,0.8101227909572076,3995.7972813577517
2025-05-28,1,2025-05-28 15:05:00,2025-05-28 20:51:00,70,3297.87,3287.97639,3287.97639,3309.0766178637205,3309.0766178637205,-0.34061217570105545,sl,0.1,0.7000000000000001,-99.63610000000081,-1.0,3896.161181357751
2025-05-28,1,2025-05-28 22:01:00,2025-05-28 23:09:55,14,3287.037,3277.1758889999996,3277.1758889999996,3305.5680873015876,3305.5680873015876,-0.569723170245189,sl,0.1,0.7000000000000001,-99.31111000000165,-1.0,3796.8500713577496
2025-05-29,1,2025-05-29 01:20:00,2025-05-29 01:49:10,6,3247.955,3258.774944444444,3238.211135,3260.443166666666,3260.443166666666,-0.38579622534951896,tp,0.1,0.7000000000000001,107.4994444444399,1.110436612621797,3904.3495158021897
2025-05-29,-1,2025-05-29 02:50:00,2025-05-29 05:39:30,34,3272.419,3266.7808681592037,3282.2362569999996,3260.8735490196077,3260.8735490196077,0.35367673131206706,tp,0.1,0.7000000000000001,55.68131840796177,0.5743082656180183,3960.0308342101516
2025-05-29,-1,2025-05-29 07:15:00,2025-05-29 08:01:05,10,3278.26,3288.09478,3288.09478,3267.922614942529,3267.922614942529,0.3176600636136412,sl,0.1,0.7000000000000001,-99.04779999999683,-1.0,3860.983034210155
2025-05-29,-1,2025-05-29 08:10:00,2025-05-29 10:19:10,26,3284.873,3294.727619,3294.727619,3269.4864149659866,3269.4864149659866,0.47038228890066536,sl,0.1,0.7000000000000001,-99.2461899999973,-1.0,3761.736844210158
2025-05-29,-1,2025-05-29 10:25:00,2025-05-29 12:16:35,23,3297.193,3307.084579,3307.084579,3272.3393853333337,3272.3393853333337,0.759246268220917,sl,0.1,0.7000000000000001,-99.61578999999638,-1.0,3662.1210542101617
2025-05-29,-1,2025-05-29 12:25:00,2025-05-29 13:30:05,14,3309.577,3319.5057309999997,3319.5057309999997,3276.855157718122,3276.855157718122,1.0004208518238638,sl,0.1,0.7000000000000001,-99.98730999999516,-1.0,3562.1337442101667
2025-05-29,-1,2025-05-29 13:40:00,2025-05-29 16:04:40,29,3315.075,3325.0202249999993,3325.0202249999993,3280.243260162603,3280.243260162603,1.0632211415828996,sl,0.1,0.7000000000000001,-100.15224999999482,-1.0,3461.981494210172
2025-05-29,-1,2025-05-29 16:10:00,2025-05-29 23:59:55,82,3325.968,3315.602,3335.9459039999997,3285.700625429554,3285.700625429554,1.2268578049522152,session_end,0.1,0.7000000000000001,102.95999999999985,1.0388955435931373,3564.941494210172
2025-05-30,1,2025-05-30 02:25:00,2025-05-30 03:45:40,17,3302.132,3292.225604,3292.225604,3312.735775862069,3312.735775862069,-0.3175102565894287,sl,0.1,0.7000000000000001,-99.76395999999859,-1.0,3465.1775342101737
2025-05-30,1,2025-05-30 03:55:00,2025-05-30 05:54:25,24,3296.296,3303.186495238095,3286.407112,3307.228187943263,3307.228187943263,-0.331264954235778,tp,0.1,0.7000000000000001,68.20495238095354,0.6967917159235081,3533.3824865911274
2025-05-30,1,2025-05-30 06:30:00,2025-05-30 10:07:30,44,3291.248,3300.3878553719014,3281.374256,3302.6291581196583,3302.6291581196583,-0.34441221145562806,tp,0.1,0.7000000000000001,90.69855371901376,0.9256727105646437,3624.0810403101414
2025-05-30,1,2025-05-30 12:10:00,2025-05-30 12:12:55,1,3289.094,3299.4065936073066,3279.226718,3299.4065936073066,3299.4065936073066,-0.3161202874333659,tp,0.1,0.7000000000000001,102.42593607306553,1.0451301186391944,3726.506976383207
2025-05-30,1,2025-05-30 13:50:00,2025-05-30 13:59:25,2,3286.912,3277.0512639999997,3277.0512639999997,3299.4425843373488,3299.4425843373488,-0.37952120751522306,sl,0.1,0.7000000000000001,-99.30736000000088,-1.0,3627.1996163832064
2025-05-30,1,2025-05-30 14:05:00,2025-05-30 20:57:55,83,3277.141,3289.726,3267.309577,3299.078348126233,3299.078348126233,-0.6624834520418834,session_end,0.1,0.7000000000000001,125.15000000000036,1.280079190977738,3752.349616383207
2025-06-02,-1,2025-06-02 05:45:00,2025-06-02 06:19:05,7,3322.63,3332.5978899999996,3332.5978899999996,3310.4381908212563,3310.4381908212563,0.3657313165463542,sl,0.1,0.7000000000000001,-100.37889999999443,-1.0,3651.9707163832127
2025-06-02,-1,2025-06-02 06:25:00,2025-06-02 06:44:50,4,3334.878,3344.8826339999996,3344.8826339999996,3312.178478354978,3312.178478354978,0.6850784700555029,sl,0.1,0.7000000000000001,-100.74633999999442,-1.0,3551.2243763832184
2025-06-02,-1,2025-06-02 06:50:00,2025-06-02 07:13:50,5,3341.376,3351.4001279999998,3351.4001279999998,3313.856178861788,3313.856178861788,0.8299491484768823,sl,0.1,0.7000000000000001,-100.94127999999564,-1.0,3450.283096383223
2025-06-02,-1,2025-06-02 07:20:00,2025-06-02 13:44:10,77,3356.266,3366.334798,3366.334798,3316.130598484848,3316.130598484848,1.2095392604102524,sl,0.1,0.7000000000000001,-101.38797999999788,-1.0,3348.8951163832253
2025-06-02,-1,2025-06-02 13:50:00,2025-06-02 13:55:20,2,3365.818,3375.915454,3375.915454,3333.624983935741,3333.624983935741,0.9683007602777436,sl,0.1,0.7000000000000001,-101.67453999999744,-1.0,3247.220576383228
2025-06-02,-1,2025-06-02 14:05:00,2025-06-02 19:53:45,70,3372.105,3382.221315,3382.221315,3334.3158727810633,3334.3158727810633,1.133084826406221,sl,0.1,0.7000000000000001,-101.86314999999759,-1.0,3145.3574263832306
2025-06-02,-1,2025-06-02 20:00:00,2025-06-02 23:25:50,30,3381.561,3391.7056829999997,3391.7056829999997,3346.4275166666657,3346.4275166666657,1.0515985527272862,sl,0.1,0.7000000000000001,-102.14682999999532,-1.0,3043.2105963832355
2025-06-03,1,2025-06-03 01:15:00,2025-06-03 01:48:55,7,3367.812,3375.2696111111118,3357.708564,3378.0254111111117,3378.0254111111117,-0.3058565242619936,tp,0.1,0.7000000000000001,73.87611111111873,0.7381262286525065,3117.0867074943544
2025-06-03,1,2025-06-03 03:45:00,2025-06-03 06:48:30,37,3361.478,3351.393566,3351.393566,3372.4285888888894,3372.4285888888894,-0.3265329005088668,sl,0.1,0.7000000000000001,-101.54433999999874,-1.0,3015.542367494356
2025-06-03,1,2025-06-03 06:55:00,2025-06-03 13:46:00,83,3357.367,3347.294899,3347.294899,3367.679271084337,3367.679271084337,-0.30765314183261433,sl,0.1,0.7000000000000001,-101.42101000000203,-1.0,2914.121357494354
2025-06-03,1,2025-06-03 13:55:00,2025-06-03 14:05:15,3,3343.444,3333.413668,3333.413668,3362.778156686628,3362.778156686628,-0.5738605339830788,sl,0.1,0.7000000000000001,-101.00331999999817,-1.0,2813.118037494356
2025-06-03,1,2025-06-03 14:15:00,2025-06-03 22:41:05,90,3338.959,3358.5594435897447,3328.942123,3362.252365497078,3362.252365497078,-0.6904855130838872,tp,0.1,0.7000000000000001,195.3044358974483,1.9567419655592042,3008.4224733918045
2025-06-04,-1,2025-06-04 01:35:00,2025-06-04 03:32:15,24,3367.216,3362.598595238096,3377.3176479999997,3356.4163771929825,3356.4163771929825,0.32114975008053176,tp,0.1,0.7000000000000001,45.47404761903799,0.4570942050152482,3053.8965210108427
2025-06-04,1,2025-06-04 05:40:00,2025-06-04 07:05:00,18,3348.388,3359.146578431373,3338.342836,3360.4047794117655,3360.4047794117655,-0.3568700855694184,tp,0.1,0.7000000000000001,106.8857843137328,1.071020685314163,3160.7823053245756
2025-06-04,1,2025-06-04 11:30:00,2025-06-04 12:46:35,16,3346.72,3357.8986601307183,3336.67984,3358.7713019323674,3358.7713019323674,-0.35816079306877135,tp,0.1,0.7000000000000001,111.08660130718526,1.1133946202768192,3271.868906631761
2025-06-04,-1,2025-06-04 14:30:00,2025-06-04 14:40:15,3,3369.519,3379.6275569999993,3379.6275569999993,3358.014853448275,3358.014853448275,0.34325775956258014,sl,0.1,0.7000000000000001,-101.78556999999564,-1.0,3170.0833366317656
2025-06-04,-1,2025-06-04 14:50:00,2025-06-04 23:59:55,98,3382.704,3378.141,3392.852112,3358.471523408239,3358.471523408239,0.7209224917646524,session_end,0.1,0.7000000000000001,44.930000000001016,0.44964028776980064,3215.013336631767
2025-06-05,1,2025-06-05 05:55:00,2025-06-05 07:09:40,15,3361.663,3371.418750980393,3351.578011,3372.374509389672,3372.374509389672,-0.31787719186657915,tp,0.1,0.7000000000000001,96.85750980392804,0.967353656051866,3311.870846435695
2025-06-05,-1,2025-06-05 09:25:00,2025-06-05 10:05:40,9,3383.403,3393.5532089999992,3393.5532089999992,3371.9765619469035,3371.9765619469035,0.34059958134660545,sl,0.1,0.7000000000000001,-102.2020899999945,-1.0,3209.6687564357007
2025-06-05,-1,2025-06-05 10:15:00,2025-06-05 11:05:15,11,3391.25,3401.4237499999995,3401.4237499999995,3373.2856463414637,3373.2856463414637,0.5344893836100272,sl,0.1,0.7000000000000001,-102.43749999999473,-1.0,3107.231256435706
2025-06-05,-1,2025-06-05 11:15:00,2025-06-05 12:51:50,20,3402.673,3377.7995606060617,3412.8810189999995,3375.4140135802477,3375.4140135802477,0.8068783950702408,tp,0.1,0.7000000000000001,248.03439393938044,2.4366568473215797,3355.265650375087
2025-06-05,1,2025-06-05 14:50:00,2025-06-05 15:32:30,9,3367.254,3357.1522379999997,3357.1522379999997,3377.961559925094,3377.961559925094,-0.3185666779859067,sl,0.1,0.7000000000000001,-101.71762000000236,-1.0,3253.5480303750846
2025-06-05,1,2025-06-05 15:40:00,2025-06-05 15:54:10,3,3352.247,3342.190259,3342.190259,3377.2484432624105,3377.2484432624105,-0.7392095571830212,sl,0.1,0.7000000000000001,-101.26740999999875,-1.0,3152.280620375086
2025-06-05,1,2025-06-05 16:00:00,2025-06-05 23:59:55,84,3344.798,3361.871,3334.763606,3376.6064027777775,3376.6064027777775,-0.9405864643166709,session_end,0.1,0.7000000000000001,170.0300000000032,1.7014480396126237,3322.3106203750895
2025-06-06,1,2025-06-06 12:40:00,2025-06-06 14:00:50,17,3350.761,3340.708717,3340.708717,3363.01809868421,3363.01809868421,-0.36635540822781754,sl,0.1,0.7000000000000001,-101.22282999999989,-1.0,3221.0877903750898
2025-06-06,1,2025-06-06 14:10:00,2025-06-06 14:16:40,2,3338.876,3328.8593720000003,3328.8593720000003,3361.7028725490195,3361.7028725490195,-0.6783875141150484,sl,0.1,0.7000000000000001,-100.86627999999855,-1.0,3120.2215103750914
2025-06-06,1,2025-06-06 14:25:00,2025-06-06 20:04:15,68,3320.574,3310.612278,3310.612278,3361.1254980732174,3361.1254980732174,-1.2078691526540815,sl,0.1,0.7000000000000001,-100.31722000000009,-1.0,3019.9042903750915
2025-06-09,1,2025-06-09 02:00:00,2025-06-09 02:25:45,6,3296.062,3305.579994252873,3286.1738139999998,3306.9445972222215,3306.9445972222215,-0.33070095070258426,tp,0.1,0.7000000000000001,94.47994252872995,0.9625622184769651,3114.3842329038216
2025-06-09,-1,2025-06-09 06:25:00,2025-06-09 10:41:25,52,3320.27,3313.8032031249995,3330.2308099999996,3308.570504329004,3308.570504329004,0.3548963413544451,tp,0.1,0.7000000000000001,63.967968750004545,0.6492239963417358,3178.3522016538263
2025-06-09,-1,2025-06-09 14:15:00,2025-06-09 16:48:50,31,3325.844,3335.8215319999995,3335.8215319999995,3314.6452699805063,3314.6452699805063,0.3369962427249136,sl,0.1,0.7000000000000001,-100.47531999999428,-1.0,3077.8768816538322
2025-06-09,-1,2025-06-09 16:55:00,2025-06-09 23:59:55,73,3337.257,3326.864,3347.2687709999996,3316.6660451559933,3316.6660451559933,0.6225665943715929,session_end,0.1,0.7000000000000001,103.23000000000029,1.038078078294095,3181.1068816538327
2025-06-10,1,2025-06-10 01:35:00,2025-06-10 05:05:00,43,3307.643,3310.266896174864,3297.720071,3317.7825350877188,3317.7825350877188,-0.30517476599625354,tp,0.1,0.7000000000000001,25.538961748640578,0.2644275873448354,3206.6458434024735
2025-06-10,-1,2025-06-10 06:15:00,2025-06-10 07:33:55,16,3321.524,3331.4885719999997,3331.4885719999997,3311.172893333334,3311.172893333334,0.31307959447052736,sl,0.1,0.7000000000000001,-100.34571999999862,-1.0,3106.300123402475
2025-06-10,-1,2025-06-10 07:40:00,2025-06-10 11:15:50,44,3330.38,3340.3711399999997,3340.3711399999997,3314.15628804348,3314.15628804348,0.4930127168554865,sl,0.1,0.7000000000000001,-100.61139999999632,-1.0,3005.688723402479
2025-06-10,-1,2025-06-10 11:25:00,2025-06-10 15:17:55,47,3340.117,3324.052294171222,3350.137351,3319.7670985401464,3319.7670985401464,0.6163806331128391,tp,0.1,0.7000000000000001,159.94705828778189,1.6032078944917925,3165.635781690261
2025-06-11,1,2025-06-11 11:05:00,2025-06-11 12:18:20,15,3327.243,3336.893894557823,3317.261271,3337.4210739348364,3337.4210739348364,-0.3068109689486736,tp,0.1,0.7000000000000001,95.80894557822994,0.9668559983769255,3261.444727268491
2025-06-11,-1,2025-06-11 12:35:00,2025-06-11 12:56:45,5,3355.651,3337.4365881720432,3365.7179529999994,3337.0338178807947,3337.0338178807947,0.5597990053055155,tp,0.1,0.7000000000000001,181.4441182795661,1.809327194430868,3442.8888455480574
2025-06-11,1,2025-06-11 17:20:00,2025-06-11 18:05:10,10,3326.134,3336.216513056837,3316.155598,3336.7292924679496,3336.7292924679496,-0.3170108073144272,tp,0.1,0.7000000000000001,100.12513056836887,1.0104336402599032,3543.0139761164264
2025-06-11,-1,2025-06-11 19:35:00,2025-06-11 22:02:00,18,3349.039,3359.086117,3359.086117,3336.7231078014197,3336.7231078014197,0.36872679575402334,sl,0.1,0.7000000000000001,-101.17116999999617,-1.0,3441.8428061164304
2025-06-11,-1,2025-06-11 22:10:00,2025-06-11 23:00:05,11,3360.073,3370.1532189999994,3370.1532189999994,3337.779680446195,3337.779680446195,0.6690022018115933,sl,0.1,0.7000000000000001,-101.50218999999488,-1.0,3340.3406161164357
2025-06-12,1,2025-06-12 07:40:00,2025-06-12 07:43:00,1,3353.335,3343.274995,3343.274995,3371.5537789855066,3371.5537789855066,-0.5401449948393404,sl,0.1,0.7000000000000001,-101.3000499999982,-1.0,3239.0405661164377
2025-06-12,1,2025-06-12 07:50:00,2025-06-12 10:16:00,30,3342.696,3367.9972018970184,3332.667912,3370.967287234042,3370.967287234042,-0.8400493039870895,tp,0.1,0.7000000000000001,252.31201897018474,2.5230334932260674,3491.3525850866226
2025-06-12,-1,2025-06-12 10:30:00,2025-06-12 12:38:40,26,3379.554,3389.692662,3389.692662,3368.1425238095226,3368.1425238095226,0.34066183688390733,sl,0.1,0.7000000000000001,-102.0866199999984,-1.0,3389.2659650866244
2025-06-12,-1,2025-06-12 12:45:00,2025-06-12 13:44:30,12,3388.451,3398.6163529999994,3398.6163529999994,3370.61452396514,3370.61452396514,0.5264908196616807,sl,0.1,0.7000000000000001,-102.35352999999414,-1.0,3286.9124350866305
2025-06-12,-1,2025-06-12 13:50:00,2025-06-12 23:59:55,110,3391.399,3395.98,3401.5731969999997,3371.998248995983,3371.998248995983,0.5766091666805042,session_end,0.1,0.7000000000000001,-46.51000000000131,-0.4502566639903091,3240.4024350866293
2025-06-13,-1,2025-06-13 01:15:00,2025-06-13 02:25:25,15,3425.548,3435.8246439999994,3435.8246439999994,3411.8121,3411.8121,0.40425438434900374,sl,0.1,0.7000000000000001,-103.46643999999579,-1.0,3136.9359950866337
2025-06-13,-1,2025-06-13 02:35:00,2025-06-13 03:18:00,9,3437.173,3424.5047393162395,3447.484518999999,3420.77809139785,3420.77809139785,0.47823647617740794,tp,0.1,0.7000000000000001,125.98260683760309,1.2285542686544084,3262.918601924237
2025-06-13,1,2025-06-13 06:50:00,2025-06-13 08:22:15,19,3408.678,3423.4791399999995,3398.451966,3425.1085243902435,3425.1085243902435,-0.4823503918955253,tp,0.1,0.7000000000000001,147.31139999999579,1.447397886609791,3410.230001924233
2025-06-13,-1,2025-06-13 12:55:00,2025-06-13 13:36:25,9,3436.388,3446.6971639999997,3446.6971639999997,3423.140656989248,3423.140656989248,0.3860736187912218,sl,0.1,0.7000000000000001,-103.79163999999783,-1.0,3306.4383619242353
2025-06-13,-1,2025-06-13 13:45:00,2025-06-13 14:58:30,15,3442.048,3424.9996303538187,3452.3741439999994,3424.1906858585876,3424.1906858585876,0.5203511070512902,tp,0.1,0.7000000000000001,169.78369646181073,1.6509908874195087,3476.2220583860462
2025-06-13,-1,2025-06-13 18:35:00,2025-06-13 20:57:55,29,3436.084,3433.547,3446.3922519999996,3425.6690799701073,3425.6690799701073,0.3042739910529652,session_end,0.1,0.7000000000000001,24.669999999998073,0.24611350207579846,3500.8920583860445
2025-06-16,1,2025-06-16 05:00:00,2025-06-16 06:05:00,14,3427.655,3417.3720350000003,3417.3720350000003,3437.9977444444444,3437.9977444444444,-0.30108351470478445,sl,0.1,0.7000000000000001,-103.52964999999877,-1.0,3397.362408386046
2025-06-16,1,2025-06-16 06:15:00,2025-06-16 13:16:40,85,3418.984,3408.7270479999997,3408.7270479999997,3435.106104444444,3435.106104444444,-0.46882407572817536,sl,0.1,0.7000000000000001,-103.26952000000183,-1.0,3294.0928883860443
2025-06-16,1,2025-06-16 13:25:00,2025-06-16 13:42:20,4,3414.199,3403.956403,3403.956403,3424.805611801243,3424.805611801243,-0.31111581236983216,sl,0.1,0.7000000000000001,-103.12596999999933,-1.0,3190.966918386045
2025-06-16,1,2025-06-16 13:50:00,2025-06-16 13:54:00,1,3409.296,3399.068112,3399.068112,3424.418817269076,3424.418817269076,-0.4420988809175445,sl,0.1,0.7000000000000001,-102.97887999999894,-1.0,3087.9880383860464
2025-06-16,1,2025-06-16 14:00:00,2025-06-16 23:59:55,108,3388.123,3402.83,3377.958631,3424.0386408730155,3424.0386408730155,-1.0502259070255944,session_end,0.1,0.7000000000000001,146.3699999999988,1.4469171672141936,3234.3580383860453
2025-06-17,1,2025-06-17 03:10:00,2025-06-17 03:23:05,3,3385.668,3375.510996,3375.510996,3397.5326754385956,3397.5326754385956,-0.35055366868717763,sl,0.1,0.7000000000000001,-102.27004000000143,-1.0,3132.087998386044
2025-06-17,1,2025-06-17 03:30:00,2025-06-17 04:46:35,16,3385.752,3393.94366374269,3375.594744,3396.038261904762,3396.038261904762,-0.30272809408795887,tp,0.1,0.7000000000000001,81.21663742690252,0.8064839305704498,3213.304635812947
2025-06-17,1,2025-06-17 06:45:00,2025-06-17 10:14:20,42,3382.059,3390.3724945355198,3371.912823,3393.1551131687256,3393.1551131687256,-0.32906285732098,tp,0.1,0.7000000000000001,82.43494535519567,0.8193721177463691,3295.7395811681426
2025-06-17,1,2025-06-17 14:35:00,2025-06-17 17:16:15,33,3375.86,3389.182981481481,3365.7324200000003,3390.6945971428563,3390.6945971428563,-0.4389394773388805,tp,0.1,0.7000000000000001,132.5298148148084,1.315514810199577,3428.269395982951
2025-06-18,-1,2025-06-18 04:30:00,2025-06-18 05:37:00,14,3395.091,3386.035077114428,3405.2762729999995,3383.9921049382715,3383.9921049382715,0.3272287499007093,tp,0.1,0.7000000000000001,89.85922885571817,0.8891193083947947,3518.1286248386696
2025-06-18,-1,2025-06-18 13:30:00,2025-06-18 14:12:40,9,3395.133,3385.0544509803904,3405.3183989999993,3384.718401234567,3384.718401234567,0.3073549268275535,tp,0.1,0.7000000000000001,100.08549019609454,0.9895094948769255,3618.2141150347643
2025-06-18,1,2025-06-18 19:15:00,2025-06-18 23:59:55,45,3372.413,3375.084,3362.295761,3385.782427849927,3385.782427849927,-0.3963316644196916,session_end,0.1,0.7000000000000001,26.009999999998218,0.26400483372981315,3644.2241150347627
2025-06-19,1,2025-06-19 05:50:00,2025-06-19 06:07:50,4,3365.677,3355.5799690000003,3355.5799690000003,3376.1054380952382,3376.1054380952382,-0.3100891926273675,sl,0.1,0.7000000000000001,-101.67030999999788,-1.0,3542.553805034765
2025-06-19,1,2025-06-19 06:15:00,2025-06-19 08:45:15,31,3355.729,3370.618858730159,3345.6618129999997,3375.009442222222,3375.009442222222,-0.5710781718445054,tp,0.1,0.7000000000000001,148.19858730159177,1.4790485892592462,3690.752392336357
2025-06-20,1,2025-06-20 03:10:00,2025-06-20 07:17:00,50,3348.923,3355.2239712643677,3338.8762309999997,3361.11750877193,3361.11750877193,-0.3643136171220591,tp,0.1,0.7000000000000001,62.30971264367945,0.6271639433899515,3753.0621049800366
2025-06-20,1,2025-06-20 12:50:00,2025-06-20 13:21:25,7,3343.616,3353.626312499998,3333.585152,3353.8485562770543,3353.8485562770543,-0.3058294405648463,tp,0.1,0.7000000000000001,99.40312499998235,0.9979527653094092,3852.465229980019
2025-06-20,-1,2025-06-20 13:40:00,2025-06-20 14:11:25,7,3364.273,3374.3658189999996,3374.3658189999996,3353.7440548780473,3353.7440548780473,0.31765826335069247,sl,0.1,0.7000000000000001,-101.62818999999509,-1.0,3750.837039980024
2025-06-20,-1,2025-06-20 14:20:00,2025-06-20 20:57:55,80,3369.323,3368.644,3379.4309689999995,3354.4545697674403,3354.4545697674403,0.4425735965054155,session_end,0.1,0.7000000000000001,6.090000000000873,0.0671747212521238,3756.9270399800253
2025-06-23,1,2025-06-23 01:30:00,2025-06-23 02:11:55,9,3353.604,3362.1238461538455,3343.5431879999996,3364.5043148148143,3364.5043148148143,-0.3255104999149718,tp,0.1,0.7000000000000001,84.49846153845719,0.8468348433352673,3841.4255015184826
2025-06-23,1,2025-06-23 05:40:00,2025-06-23 08:01:00,29,3349.941,3359.765947916668,3339.891177,3361.4863186274524,3361.4863186274524,-0.34540728495938655,tp,0.1,0.7000000000000001,97.54947916668407,0.9776239757325647,3938.974980685167
2025-06-23,-1,2025-06-23 11:10:00,2025-06-23 12:19:35,14,3372.011,3362.491057823131,3382.1270329999998,3361.12439552239,3361.12439552239,0.3257571928071502,tp,0.1,0.7000000000000001,94.4994217686888,0.9410746462441433,4033.474402453856
2025-06-23,-1,2025-06-23 13:35:00,2025-06-23 13:44:25,2,3374.069,3384.1912069999994,3384.1912069999994,3362.610800613499,3362.610800613499,0.3399352486590374,sl,0.1,0.7000000000000001,-101.92206999999435,-1.0,3931.5523324538617
2025-06-23,-1,2025-06-23 13:50:00,2025-06-23 16:21:00,31,3380.998,3391.140994,3391.140994,3362.916140562251,3362.916140562251,0.5373419580640499,sl,0.1,0.7000000000000001,-102.12993999999817,-1.0,3829.4223924538637
2025-06-23,-1,2025-06-23 16:30:00,2025-06-23 20:40:55,51,3391.374,3369.4034798387124,3401.5481219999992,3366.4691616161645,3366.4691616161645,0.7413208672273969,tp,0.1,0.7000000000000001,219.0052016128737,2.1594512196028877,4048.4275940667376
2025-06-23,1,2025-06-23 22:05:00,2025-06-23 23:34:30,18,3358.814,3348.737558,3348.737558,3369.367025691702,3369.367025691702,-0.3150005805474232,sl,0.1,0.7000000000000001,-101.46442000000043,-1.0,3946.9631740667373
2025-06-24,1,2025-06-24 05:30:00,2025-06-24 05:52:35,5,3338.691,3328.6749269999996,3328.6749269999996,3349.13456060606,3349.13456060606,-0.3116046971899353,sl,0.1,0.7000000000000001,-100.86073000000233,-1.0,3846.102444066735
2025-06-24,1,2025-06-24 06:00:00,2025-06-24 06:28:10,6,3332.178,3322.181466,3322.181466,3347.8210555555547,3347.8210555555547,-0.46888872777431334,sl,0.1,0.7000000000000001,-100.66533999999884,-1.0,3745.4371040667365
2025-06-24,1,2025-06-24 06:35:00,2025-06-24 12:31:05,72,3319.31,3309.35207,3309.35207,3345.8833101265805,3345.8833101265805,-0.7955391046071323,sl,0.1,0.7000000000000001,-100.27930000000033,-1.0,3645.1578040667364
2025-06-24,1,2025-06-24 12:40:00,2025-06-24 13:40:00,13,3309.776,3299.8466719999997,3299.8466719999997,3335.0150416666647,3335.0150416666647,-0.7563546596197289,sl,0.1,0.7000000000000001,-99.99328000000169,-1.0,3545.164524066735
2025-06-24,1,2025-06-24 13:50:00,2025-06-24 23:59:55,110,3297.952,3324.204,3288.058144,3332.948289156624,3332.948289156624,-1.051405125925055,session_end,0.1,0.7000000000000001,261.81999999999954,2.6533638654129974,3806.9845240667346
2025-06-25,1,2025-06-25 13:05:00,2025-06-25 15:57:50,35,3317.685,3326.92394502618,3307.731945,3328.336875796178,3328.336875796178,-0.32155326205126816,tp,0.1,0.7000000000000001,91.68945026179863,0.9282521824886841,3898.6739743285334
2025-06-26,-1,2025-06-26 08:15:00,2025-06-26 10:22:10,26,3347.0,3338.251836021505,3357.0409999999997,3337.022732323232,3337.022732323232,0.30304761123781054,tp,0.1,0.7000000000000001,86.78163978495085,0.8712442962349702,3985.4556141134844
2025-06-26,1,2025-06-26 12:55:00,2025-06-26 13:11:00,4,3326.911,3316.930267,3316.930267,3338.100915053763,3338.100915053763,-0.33391486169565365,sl,0.1,0.7000000000000001,-100.50732999999873,-1.0,3884.948284113486
2025-06-26,1,2025-06-26 13:20:00,2025-06-26 13:33:55,3,3325.285,3315.3091449999997,3315.3091449999997,3337.584102083333,3337.584102083333,-0.36776907211629545,sl,0.1,0.7000000000000001,-100.45855000000138,-1.0,3784.4897341134847
2025-06-26,1,2025-06-26 13:40:00,2025-06-26 17:21:40,45,3311.365,3334.3921810897423,3301.4309049999997,3337.11469105691,3337.11469105691,-0.7713007624786782,tp,0.1,0.7000000000000001,229.571810897425,2.3179948540599153,4014.06154501091
2025-06-26,1,2025-06-26 22:20:00,2025-06-26 23:59:55,20,3322.76,3318.82,3312.79172,3333.831854166666,3333.831854166666,-0.33278085554314285,session_end,0.1,0.7000000000000001,-40.10000000000055,-0.3952537448787589,3973.9615450109095
2025-06-27,1,2025-06-27 03:15:00,2025-06-27 03:53:15,8,3305.11,3295.1946700000003,3295.1946700000003,3315.5197136752136,3315.5197136752136,-0.3143764650899902,sl,0.1,0.7000000000000001,-99.85329999999813,-1.0,3874.1082450109116
2025-06-27,1,2025-06-27 04:00:00,2025-06-27 07:23:15,41,3294.463,3284.579611,3284.579611,3312.5301875,3312.5301875,-0.5473667098467694,sl,0.1,0.7000000000000001,-99.5338900000008,-1.0,3774.574355010911
2025-06-27,1,2025-06-27 07:30:00,2025-06-27 11:38:25,50,3289.255,3279.387235,3279.387235,3303.85282962963,3303.85282962963,-0.4438251455429922,sl,0.1,0.7000000000000001,-99.37764999999963,-1.0,3675.1967050109115
2025-06-27,1,2025-06-27 11:45:00,2025-06-27 12:36:05,11,3281.41,3271.5657699999997,3271.5657699999997,3297.4591099290797,3297.4591099290797,-0.4851496074934918,sl,0.1,0.7000000000000001,-99.14230000000153,-1.0,3576.05440501091
2025-06-27,1,2025-06-27 12:45:00,2025-06-27 13:15:15,7,3271.196,3261.382412,3261.382412,3295.88830610022,3295.88830610022,-0.7498678293944706,sl,0.1,0.7000000000000001,-98.83587999999982,-1.0,3477.2185250109105
2025-06-27,1,2025-06-27 13:25:00,2025-06-27 20:57:55,91,3258.693,3274.66,3248.916921,3294.4477070393395,3294.4477070393395,-1.0847708088666488,session_end,0.1,0.7000000000000001,158.96999999999645,1.6332723988829574,3636.188525010907
2025-06-30,-1,2025-06-30 02:10:00,2025-06-30 05:53:35,45,3281.348,3291.1920439999994,3291.1920439999994,3269.4344230769234,3269.4344230769234,0.3678335567213728,sl,0.1,0.7000000000000001,-99.14043999999485,-1.0,3537.0480850109125
2025-06-30,-1,2025-06-30 06:00:00,2025-06-30 09:08:25,38,3289.045,3282.776799694189,3298.9121349999996,3277.6640601851855,3277.6640601851855,0.3481882098121388,tp,0.1,0.7000000000000001,61.982003058112056,0.6352604181265908,3599.0300880690247
2025-06-30,-1,2025-06-30 16:15:00,2025-06-30 19:12:20,36,3293.44,3303.32032,3303.32032,3283.5355000000004,3283.5355000000004,0.3035447614316837,sl,0.1,0.7000000000000001,-99.50319999999756,-1.0,3499.5268880690273
2025-06-30,-1,2025-06-30 19:20:00,2025-06-30 23:59:55,44,3306.016,3312.539,3315.9340479999996,3285.624149425287,3285.624149425287,0.6224190487000658,session_end,0.1,0.7000000000000001,-65.93000000000139,-0.6576899002707426,3433.596888069026
2025-07-01,-1,2025-07-01 05:15:00,2025-07-01 07:16:35,25,3328.376,3338.361128,3338.361128,3318.1569708994703,3318.1569708994703,0.3089223683637648,sl,0.1,0.7000000000000001,-100.55127999999804,-1.0,3333.0456080690283
2025-07-01,-1,2025-07-01 07:25:00,2025-07-01 09:42:25,28,3335.871,3345.878613,3345.878613,3321.8270992509374,3321.8270992509374,0.42324300238964924,sl,0.1,0.7000000000000001,-100.77612999999765,-1.0,3232.269478069031
2025-07-01,-1,2025-07-01 09:50:00,2025-07-01 12:21:10,31,3345.844,3355.881532,3355.881532,3326.3117288135595,3326.3117288135595,0.5888735868248618,sl,0.1,0.7000000000000001,-101.07531999999829,-1.0,3131.1941580690327
2025-07-01,-1,2025-07-01 12:30:00,2025-07-01 23:59:55,126,3352.224,3338.251,3362.280672,3331.1739688888892,3331.1739688888892,0.6334262727848107,session_end,0.1,0.7000000000000001,139.02999999999957,1.3894258458464552,3270.2241580690325
2025-07-02,-1,2025-07-02 12:25:00,2025-07-02 13:47:25,17,3349.048,3338.690114141414,3359.0951439999994,3337.9728489932895,3337.9728489932895,0.33111866113721167,tp,0.1,0.7000000000000001,102.87885858585632,1.0309283771175153,3373.103016654889
2025-07-02,-1,2025-07-02 17:05:00,2025-07-02 20:07:30,37,3349.766,3359.8152979999995,3359.8152979999995,3339.355059349595,3339.355059349595,0.3131574949218367,sl,0.1,0.7000000000000001,-101.19297999999453,-1.0,3271.9100366548946
2025-07-02,-1,2025-07-02 20:15:00,2025-07-02 23:59:55,33,3358.717,3349.494,3368.793151,3341.4895260631006,3341.4895260631006,0.5168046705579654,session_end,0.1,0.7000000000000001,91.52999999999956,0.9153296730071018,3363.4400366548944
2025-07-03,-1,2025-07-03 05:55:00,2025-07-03 09:21:55,42,3360.074,3351.3702827380957,3370.1542219999997,3348.175575117371,3348.175575117371,0.35613200727119315,tp,0.1,0.7000000000000001,86.3371726190433,0.8634449977296811,3449.777209273938
2025-07-03,1,2025-07-03 12:35:00,2025-07-03 12:38:45,1,3328.31,3318.32507,3318.32507,3350.53528807947,3350.53528807947,-0.6626340620395681,sl,0.1,0.7000000000000001,-100.54930000000077,-1.0,3349.2279092739373
2025-07-03,1,2025-07-03 12:45:00,2025-07-03 23:59:55,123,3312.243,3330.933,3302.306271,3350.1136089324614,3350.1136089324614,-1.131875314059708,session_end,0.1,0.7000000000000001,186.20000000000056,1.8809006464803486,3535.427909273938
2025-07-07,1,2025-07-07 01:15:00,2025-07-07 05:53:10,56,3311.156,3313.9649190476193,3301.222532,3323.486433333333,3323.486433333333,-0.37294971957810497,tp,0.1,0.7000000000000001,27.389190476193836,0.2827732517605467,3562.817099750132
2025-07-07,1,2025-07-07 07:55:00,2025-07-07 08:36:20,9,3302.248,3312.5544482200635,3292.341256,3313.0648543859634,3313.0648543859634,-0.3287093632213755,tp,0.1,0.7000000000000001,102.3644822006343,1.0403466789959996,3665.1815819507665
2025-07-07,1,2025-07-07 10:45:00,2025-07-07 12:41:20,24,3298.627,3310.5423157894725,3288.731119,3311.829985788112,3311.829985788112,-0.3980121517311223,tp,0.1,0.7000000000000001,118.45315789472515,1.204068216813906,3783.634739845492
2025-07-07,-1,2025-07-07 16:05:00,2025-07-07 17:12:55,14,3321.663,3331.6279889999996,3331.6279889999996,3311.5919473229696,3311.5919473229696,0.30292236593760813,sl,0.1,0.7000000000000001,-100.34988999999605,-1.0,3683.284849845496
2025-07-07,-1,2025-07-07 17:20:00,2025-07-07 22:06:00,46,3333.234,3343.2337019999995,3343.2337019999995,3312.6646826923056,3312.6646826923056,0.6210654949529427,sl,0.1,0.7000000000000001,-100.69701999999616,-1.0,3582.5878298455
2025-07-07,-1,2025-07-07 22:15:00,2025-07-07 23:59:55,21,3344.372,3334.751,3354.4051159999995,3316.8920542483634,3316.8920542483634,0.8265703346155331,session_end,0.1,0.7000000000000001,95.5099999999964,0.9589244258712861,3678.0978298454966
2025-07-08,1,2025-07-08 13:50:00,2025-07-08 14:14:00,5,3316.248,3306.2992560000002,3306.2992560000002,3330.0228132530137,3330.0228132530137,-0.41481137000139445,sl,0.1,0.7000000000000001,-100.18743999999806,-1.0,3577.9103898454987
2025-07-08,1,2025-07-08 14:20:00,2025-07-08 14:37:20,4,3307.503,3297.580491,3297.580491,3329.3731414728695,3329.3731414728695,-0.6563290008161362,sl,0.1,0.7000000000000001,-99.92508999999991,-1.0,3477.985299845499
2025-07-08,1,2025-07-08 14:45:00,2025-07-08 15:11:35,6,3297.791,3287.8976270000003,3287.8976270000003,3328.5933003766486,3328.5933003766486,-0.9249492983466872,sl,0.1,0.7000000000000001,-99.63372999999883,-1.0,3378.3515698455003
2025-07-08,1,2025-07-08 15:20:00,2025-07-08 23:59:55,92,3293.605,3302.339,3283.724185,3327.2951684782615,3327.2951684782615,-1.01207337411134,session_end,0.1,0.7000000000000001,86.63999999999923,0.8839351814602275,3464.9915698454997
2025-07-09,1,2025-07-09 02:50:00,2025-07-09 10:36:35,94,3290.41,3294.363972440945,3280.5387699999997,3303.326333333333,3303.326333333333,-0.3899957810203026,tp,0.1,0.7000000000000001,38.83972440945108,0.4005551933188701,3503.831294254951
2025-07-09,-1,2025-07-09 14:10:00,2025-07-09 19:04:20,59,3304.959,3314.8738769999995,3314.8738769999995,3294.196874509804,3294.196874509804,0.32613792980404666,sl,0.1,0.7000000000000001,-99.84876999999706,-1.0,3403.982524254954
2025-07-09,-1,2025-07-09 19:10:00,2025-07-09 23:59:55,46,3315.184,3317.738,3325.129552,3298.4786347826084,3298.4786347826084,0.5066537354877456,session_end,0.1,0.7000000000000001,-26.239999999996325,-0.25679821492057103,3377.742524254958
2025-07-11,-1,2025-07-11 06:25:00,2025-07-11 06:57:40,7,3343.019,3333.0196485943784,3353.0480569999995,3332.5081363636373,3332.5081363636373,0.3169193653608637,tp,0.1,0.7000000000000001,99.29351405621382,0.9970380471086806,3477.036038311172
2025-07-11,-1,2025-07-11 10:30:00,2025-07-11 12:49:45,28,3345.772,3355.8093159999994,3355.8093159999994,3334.6461587301596,3334.6461587301596,0.3342885793341581,sl,0.1,0.7000000000000001,-101.07315999999464,-1.0,3375.9628783111775
2025-07-11,-1,2025-07-11 12:55:00,2025-07-11 15:13:10,28,3355.278,3365.3438339999993,3365.3438339999993,3337.110723655915,3337.110723655915,0.5445661786186119,sl,0.1,0.7000000000000001,-101.35833999999541,-1.0,3274.6045383111823
2025-07-11,-1,2025-07-11 15:20:00,2025-07-11 20:57:55,68,3368.022,3355.204,3378.1260659999994,3340.2266938405805,3340.2266938405805,0.8318838422152215,session_end,0.1,0.7000000000000001,127.47999999999756,1.2685982059104217,3402.08453831118
2025-07-14,-1,2025-07-14 07:10:00,2025-07-14 11:59:50,58,3371.078,3364.241248251748,3381.1912339999994,3360.5327093023257,3360.5327093023257,0.3144677231803619,tp,0.1,0.7000000000000001,67.66751748252027,0.6760203262628343,3469.7520557937005
2025-07-14,1,2025-07-14 12:40:00,2025-07-14 14:42:40,25,3351.659,3341.604023,3341.604023,3364.0474890350874,3364.0474890350874,-0.3694653263843316,sl,0.1,0.7000000000000001,-101.24977000000236,-1.0,3368.5022857936983
2025-07-14,1,2025-07-14 14:50:00,2025-07-14 23:59:55,98,3344.104,3345.398,3334.071688,3362.2936760299626,3362.2936760299626,-0.5404101420259463,session_end,0.1,0.7000000000000001,12.240000000003239,0.1289832293892322,3380.7422857937017
2025-07-15,-1,2025-07-15 04:15:00,2025-07-15 11:30:15,88,3360.908,3357.7405483091793,3370.9907239999993,3350.601637254901,3350.601637254901,0.30946271349626353,tp,0.1,0.7000000000000001,30.974516908205988,0.3141464242025054,3411.716802701908
2025-07-15,1,2025-07-15 13:15:00,2025-07-15 13:35:20,5,3346.71,3336.66987,3336.66987,3357.129768343816,3357.129768343816,-0.31060069354899733,sl,0.1,0.7000000000000001,-101.10129999999863,-1.0,3310.6155027019095
2025-07-15,1,2025-07-15 13:45:00,2025-07-15 15:32:05,22,3338.568,3328.5522960000003,3328.5522960000003,3356.526407070707,3356.526407070707,-0.5368319770328519,sl,0.1,0.7000000000000001,-100.85703999999915,-1.0,3209.7584627019105
2025-07-15,1,2025-07-15 15:40:00,2025-07-15 23:59:55,88,3329.957,3331.117,3319.9671289999997,3355.0155815602834,3355.0155815602834,-0.7486427693013044,session_end,0.1,0.7000000000000001,10.900000000003093,0.11611761553280153,3220.658462701914
2025-07-16,1,2025-07-16 13:50:00,2025-07-16 14:54:25,13,3324.313,3335.098082397006,3314.340061,3335.8185562249014,3335.8185562249014,-0.344504835356113,tp,0.1,0.7000000000000001,107.1508239700568,1.0814347101697341,3327.8092866719708
2025-07-16,-1,2025-07-16 15:10:00,2025-07-16 15:16:15,2,3351.436,3361.490308,3361.490308,3335.2151428571447,3335.2151428571447,0.4863661397554988,sl,0.1,0.7000000000000001,-101.24307999999765,-1.0,3226.5662066719733
2025-07-16,-1,2025-07-16 15:25:00,2025-07-16 15:56:10,7,3367.685,3336.5359188481684,3377.7880549999995,3335.6198981981997,3335.6198981981997,0.9625677619666371,tp,0.1,0.7000000000000001,310.79081151831525,3.0831348687929347,3537.3570181902887
2025-07-16,-1,2025-07-16 16:10:00,2025-07-16 23:59:55,82,3349.054,3346.624,3359.101162,3336.6737216494853,3336.6737216494853,0.37057199420750797,session_end,0.1,0.7000000000000001,23.60000000000291,0.24185934296673317,3560.957018190292
2025-07-17,1,2025-07-17 06:25:00,2025-07-17 12:30:30,74,3330.508,3320.516476,3320.516476,3340.5834523809535,3340.5834523809535,-0.3018021409932884,sl,0.1,0.7000000000000001,-100.61524000000027,-1.0,3460.3417781902917
2025-07-17,1,2025-07-17 12:40:00,2025-07-17 14:33:40,23,3317.621,3332.485111111112,3307.668137,3334.5354692982473,3334.5354692982473,-0.5069962354248158,tp,0.1,0.7000000000000001,147.94111111111926,1.4934507901004923,3608.282889301411
2025-07-18,-1,2025-07-18 07:55:00,2025-07-18 12:03:40,50,3348.927,3358.9737809999997,3358.9737809999997,3338.853292982457,3338.853292982457,0.30196615822365647,sl,0.1,0.7000000000000001,-101.16780999999555,-1.0,3507.115079301416
2025-07-18,-1,2025-07-18 12:10:00,2025-07-18 20:57:55,106,3357.756,3350.494,3367.8292679999995,3343.3038972602744,3343.3038972602744,0.4333917341944023,session_end,0.1,0.7000000000000001,71.91999999999716,0.720917978157632,3579.035079301413
2025-07-21,-1,2025-07-21 05:25:00,2025-07-21 11:58:40,79,3365.185,3375.2805549999994,3375.2805549999994,3354.889161538461,3354.889161538461,0.3072035457890557,sl,0.1,0.7000000000000001,-101.65554999999422,-1.0,3477.379529301419
2025-07-21,-1,2025-07-21 12:05:00,2025-07-21 12:41:05,8,3376.06,3386.1881799999996,3386.1881799999996,3361.68921954023,3361.68921954023,0.43020872886482175,sl,0.1,0.7000000000000001,-101.98179999999702,-1.0,3375.3977293014223
2025-07-21,-1,2025-07-21 12:50:00,2025-07-21 14:25:20,20,3386.558,3396.7176739999995,3396.7176739999995,3362.8366601731605,3362.8366601731605,0.7051439669275699,sl,0.1,0.7000000000000001,-102.29673999999541,-1.0,3273.100989301427
2025-07-21,-1,2025-07-21 14:35:00,2025-07-21 23:59:55,101,3399.824,3396.631,3410.023472,3366.118637142858,3366.118637142858,1.0010598701222069,session_end,0.1,0.7000000000000001,31.23000000000211,0.3130554209080899,3304.3309893014293
2025-07-22,-1,2025-07-22 12:25:00,2025-07-22 13:03:45,8,3400.101,3410.3013029999997,3410.3013029999997,3389.0338780760626,3389.0338780760626,0.3260109612775437,sl,0.1,0.7000000000000001,-102.70302999999622,-1.0,3201.6279593014333
2025-07-22,-1,2025-07-22 13:10:00,2025-07-22 14:29:05,16,3412.872,3423.1106159999995,3423.1106159999995,3389.883983122363,3389.883983122363,0.6774425612195939,sl,0.1,0.7000000000000001,-103.08615999999638,-1.0,3098.541799301437
2025-07-22,-1,2025-07-22 14:35:00,2025-07-22 23:59:55,101,3424.245,3427.556,3434.5177349999994,3392.3861304761913,3392.3861304761913,0.9375810506377747,session_end,0.1,0.7000000000000001,-33.810000000001494,-0.3223094920681096,3064.731799301436
2025-07-23,1,2025-07-23 13:05:00,2025-07-23 15:55:55,35,3414.463,3404.219611,3404.219611,3425.226773885349,3425.226773885349,-0.3161914407513484,sl,0.1,0.7000000000000001,-103.13389000000207,-1.0,2961.597909301434
2025-07-23,1,2025-07-23 16:05:00,2025-07-23 23:59:55,83,3386.358,3390.07,3376.198926,3422.7678264248675,3422.7678264248675,-1.065842858029101,session_end,0.1,0.7000000000000001,36.41999999999989,0.36538763277046077,2998.017909301434
2025-07-24,1,2025-07-24 06:30:00,2025-07-24 11:30:40,61,3372.011,3361.894967,3361.894967,3384.4368034188033,3384.4368034188033,-0.36597827462137583,sl,0.1,0.7000000000000001,-101.86032999999789,-1.0,2896.1575793014363
2025-07-24,1,2025-07-24 11:40:00,2025-07-24 12:49:50,14,3364.914,3354.819258,3354.819258,3377.4463714285707,3377.4463714285707,-0.37178596038696765,sl,0.1,0.7000000000000001,-101.64742000000224,-1.0,2794.510159301434
2025-07-24,1,2025-07-24 12:55:00,2025-07-24 14:30:45,20,3354.752,3374.594823754788,3344.687744,3375.902295698924,3375.902295698924,-0.6255452275923161,tp,0.1,0.7000000000000001,197.72823754788243,1.971613575289422,2992.238396849317
2025-07-25,1,2025-07-25 08:20:00,2025-07-25 11:28:00,38,3350.345,3340.293965,3340.293965,3362.3130566666673,3362.3130566666673,-0.3557240645082826,sl,0.1,0.7000000000000001,-101.21034999999956,-1.0,2891.0280468493174
2025-07-25,1,2025-07-25 11:35:00,2025-07-25 15:00:40,42,3340.326,3330.305022,3330.305022,3357.6036390887284,3357.6036390887284,-0.5140314624335017,sl,0.1,0.7000000000000001,-100.90978000000014,-1.0,2790.1182668493175
2025-07-25,1,2025-07-25 15:10:00,2025-07-25 20:57:55,70,3333.452,3336.93,3323.451644,3353.35899084249,3353.35899084249,-0.5940458774885045,session_end,0.1,0.7000000000000001,34.079999999996105,0.34778761876073283,2824.1982668493138
2025-07-28,1,2025-07-28 12:50:00,2025-07-28 13:48:00,12,3326.945,3316.9641650000003,3316.9641650000003,3336.990324675323,3336.990324675323,-0.30137410351350896,sl,0.1,0.7000000000000001,-100.50834999999843,-1.0,2723.6899168493155
2025-07-28,1,2025-07-28 13:55:00,2025-07-28 23:59:55,109,3306.571,3312.529,3296.6512869999997,3336.1194660678634,3336.1194660678634,-0.88554880508174,session_end,0.1,0.7000000000000001,58.880000000000834,0.6006222155822397,2782.5699168493165
2025-07-29,-1,2025-07-29 08:15:00,2025-07-29 11:06:25,35,3327.264,3318.2353671679202,3337.2457919999997,3315.829658249159,3315.829658249159,0.3442529601134034,tp,0.1,0.7000000000000001,89.58632832079893,0.9045102154082421,2872.1562451701157
2025-07-29,-1,2025-07-29 15:00:00,2025-07-29 16:01:40,13,3328.995,3319.294072916667,3338.9819849999994,3318.846553703704,3318.846553703704,0.3075148588869298,tp,0.1,0.7000000000000001,96.30927083332772,0.971356929376905,2968.4655160034436
2025-07-29,-1,2025-07-29 18:20:00,2025-07-29 23:59:55,56,3330.273,3327.636,3340.263819,3320.018984848485,3320.018984848485,0.30983302199352397,session_end,0.1,0.7000000000000001,25.67000000000171,0.2639423254490212,2994.1355160034454
2025-07-30,1,2025-07-30 12:55:00,2025-07-30 13:31:35,8,3313.808,3303.866576,3303.866576,3328.4435688172043,3328.4435688172043,-0.4391562757483829,sl,0.1,0.7000000000000001,-100.11424000000098,-1.0,2894.0212760034447
2025-07-30,1,2025-07-30 13:40:00,2025-07-30 15:20:15,21,3304.186,3294.273442,3294.273442,3327.417983739838,3327.417983739838,-0.6974922854072221,sl,0.1,0.7000000000000001,-99.8255799999999,-1.0,2794.195696003445
2025-07-30,1,2025-07-30 15:30:00,2025-07-30 18:50:20,41,3292.753,3282.874741,3282.874741,3324.4520788530467,3324.4520788530467,-0.9559042542737031,sl,0.1,0.7000000000000001,-99.48259000000071,-1.0,2694.7131060034444
2025-07-30,1,2025-07-30 19:00:00,2025-07-30 19:31:35,7,3280.277,3270.436169,3270.436169,3319.1304356725163,3319.1304356725163,-1.1695212473519776,sl,0.1,0.7000000000000001,-99.1083099999998,-1.0,2595.604796003445
2025-07-30,1,2025-07-30 19:40:00,2025-07-30 23:59:55,40,3270.158,3285.365,3260.347526,3317.643670903956,3317.643670903956,-1.4311112227136598,session_end,0.1,0.7000000000000001,151.3699999999988,1.5500780084632055,2746.9747960034438
2025-07-31,-1,2025-07-31 06:10:00,2025-07-31 08:19:25,26,3303.38,3313.2901399999996,3313.2901399999996,3293.1710045045056,3293.1710045045056,0.3101720342345716,sl,0.1,0.7000000000000001,-99.80139999999501,-1.0,2647.173396003449
2025-07-31,-1,2025-07-31 08:25:00,2025-07-31 10:50:50,30,3312.764,3298.5313051282055,3322.702292,3295.887740924094,3295.887740924094,0.5133596895858453,tp,0.1,0.7000000000000001,141.62694871794594,1.4321067313975935,2788.800344721395
2025-07-31,-1,2025-07-31 12:35:00,2025-07-31 14:00:30,18,3309.295,3300.0353670634913,3319.2228849999997,3299.2515927152317,3299.2515927152317,0.30388429021011015,tp,0.1,0.7000000000000001,91.89632936508751,0.9326893831374073,2880.6966740864827
2025-08-01,-1,2025-08-01 12:20:00,2025-08-01 12:30:20,3,3302.677,3312.5850309999996,3312.5850309999996,3292.6875270270275,3292.6875270270275,0.30279134874285074,sl,0.1,0.7000000000000001,-99.78030999999483,-1.0,2780.916364086488
2025-08-01,-1,2025-08-01 12:40:00,2025-08-01 12:46:05,2,3332.192,3342.1885759999996,3342.1885759999996,3293.257197368421,3293.257197368421,1.1804818239718422,sl,0.1,0.7000000000000001,-100.6657599999955,-1.0,2680.250604086493
2025-08-01,-1,2025-08-01 12:55:00,2025-08-01 13:13:00,4,3339.858,3349.8775739999996,3349.8775739999996,3294.159872043011,3294.159872043011,1.3892351839197943,sl,0.1,0.7000000000000001,-100.89573999999466,-1.0,2579.3548640864983
2025-08-01,-1,2025-08-01 13:20:00,2025-08-01 20:51:35,91,3353.031,3363.090093,3363.090093,3295.770414583333,3295.770414583333,1.739413800275717,sl,0.1,0.7000000000000001,-101.29092999999848,-1.0,2478.0639340865
2025-08-04,-1,2025-08-04 11:25:00,2025-08-04 13:31:55,26,3367.833,3377.936499,3377.936499,3357.000770072991,3357.000770072991,0.3231375465777165,sl,0.1,0.7000000000000001,-101.73498999999829,-1.0,2376.328944086502
2025-08-04,-1,2025-08-04 13:40:00,2025-08-04 23:59:55,112,3376.516,3377.505,3386.6455479999995,3358.99988211382,3358.99988211382,0.5228525901325036,session_end,0.1,0.7000000000000001,-10.590000000000327,-0.09763515608002334,2365.7389440865018
2025-08-05,1,2025-08-05 09:40:00,2025-08-05 11:00:00,17,3362.879,3352.790363,3352.790363,3373.285333333332,3373.285333333332,-0.30924847151970525,sl,0.1,0.7000000000000001,-101.58636999999835,-1.0,2264.1525740865036
2025-08-05,1,2025-08-05 11:10:00,2025-08-05 13:14:00,25,3353.393,3369.0807405063283,3343.332821,3371.203094527362,3371.203094527362,-0.5259723021774255,tp,0.1,0.7000000000000001,156.17740506328283,1.5593897987628436,2420.3299791497866
2025-08-05,-1,2025-08-05 14:25:00,2025-08-05 23:59:55,103,3382.253,3383.249,3392.399759,3369.5343497109834,3369.5343497109834,0.37714856030795196,session_end,0.1,0.7000000000000001,-10.659999999996398,-0.09815942213663148,2409.6699791497904
2025-08-06,1,2025-08-06 08:35:00,2025-08-06 13:51:50,64,3364.971,3371.570726907632,3354.876087,3375.7738365695805,3375.7738365695805,-0.3176852801394513,tp,0.1,0.7000000000000001,65.29726907631975,0.6537675864697434,2474.9672482261103
2025-08-07,-1,2025-08-07 07:20:00,2025-08-07 08:16:05,12,3389.777,3379.833833333335,3399.9463309999996,3378.273928030304,3378.273928030304,0.34261792312515676,tp,0.1,0.7000000000000001,98.73166666665092,0.9777601561661708,2573.6989148927614
2025-08-07,-1,2025-08-07 13:45:00,2025-08-07 14:08:25,5,3390.523,3379.814245562131,3400.694569,3379.6320111111118,3379.6320111111118,0.3240734154748216,tp,0.1,0.7000000000000001,106.38754437869174,1.0528124459333223,2680.0864592714534
2025-08-07,-1,2025-08-07 14:15:00,2025-08-07 14:23:00,2,3390.261,3379.9019980620155,3400.4317829999995,3379.861786549708,3379.861786549708,0.30748930301381344,tp,0.1,0.7000000000000001,102.8900193798443,1.0185058454186728,2782.976478651298
2025-08-07,-1,2025-08-07 16:05:00,2025-08-07 20:29:30,53,3391.446,3401.6203379999997,3401.6203379999997,3380.712764248705,3380.712764248705,0.3170850793553676,sl,0.1,0.7000000000000001,-102.44337999999807,-1.0,2680.5330986513
2025-08-07,-1,2025-08-07 20:35:00,2025-08-07 22:05:05,7,3398.552,3408.7476559999996,3408.7476559999996,3383.159890013496,3383.159890013496,0.45556847703236514,sl,0.1,0.7000000000000001,-102.65655999999417,-1.0,2577.876538651306
2025-08-07,-1,2025-08-07 22:15:00,2025-08-07 22:56:15,9,3394.482,3404.6654459999995,3404.6654459999995,3383.6469732026153,3383.6469732026153,0.3216212235960318,sl,0.1,0.7000000000000001,-102.53445999999549,-1.0,2475.3420786513107
2025-08-08,-1,2025-08-08 07:55:00,2025-08-08 10:18:10,29,3403.269,3393.936088075881,3413.4788069999995,3392.3279175438593,3392.3279175438593,0.3224211432973683,tp,0.1,0.7000000000000001,92.62911924118889,0.9141124728527324,2567.9711978924997
2025-08-08,1,2025-08-08 11:20:00,2025-08-08 12:23:45,13,3383.11,3392.8111711711713,3372.96067,3393.419200980392,3393.419200980392,-0.30540585664741315,tp,0.1,0.7000000000000001,96.31171171171154,0.9558435060413812,2664.2829096042115
2025-08-08,1,2025-08-08 18:00:00,2025-08-08 18:01:05,1,3381.891,3393.256902777778,3371.745327,3393.256902777778,3393.256902777778,-0.39305608622972005,tp,0.1,0.7000000000000001,112.95902777778046,1.1202709546994132,2777.241937381992
2025-08-11,1,2025-08-11 01:10:00,2025-08-11 02:56:20,22,3371.893,3379.3427666666653,3361.777321,3385.342785714285,3385.342785714285,-0.4009722670202483,tp,0.1,0.7000000000000001,73.79766666665255,0.7364574010963827,2851.039604048645
2025-08-11,1,2025-08-11 06:30:00,2025-08-11 09:12:50,33,3366.659,3356.5590230000003,3356.5590230000003,3377.889239316239,3377.889239316239,-0.3322411873549351,sl,0.1,0.7000000000000001,-101.69976999999854,-1.0,2749.3398340486465
2025-08-11,1,2025-08-11 09:20:00,2025-08-11 12:30:30,39,3356.44,3346.37068,3346.37068,3373.2395059523815,3373.2395059523815,-0.4975930681104326,sl,0.1,0.7000000000000001,-101.39320000000062,-1.0,2647.946634048646
2025-08-11,1,2025-08-11 12:40:00,2025-08-11 14:40:10,25,3354.146,3344.0835620000003,3344.0835620000003,3368.8556995614044,3368.8556995614044,-0.4379291034437957,sl,0.1,0.7000000000000001,-101.3243799999993,-1.0,2546.622254048647
2025-08-11,1,2025-08-11 14:50:00,2025-08-11 23:59:55,98,3348.257,3349.089,3338.212229,3366.6982116104873,3366.6982116104873,-0.5480952093315281,session_end,0.1,0.7000000000000001,7.619999999998799,0.08282916554293691,2554.242254048646
2025-08-12,1,2025-08-12 12:25:00,2025-08-12 12:30:05,2,3339.364,3349.9275711111095,3329.3459080000002,3349.993786353466,3349.993786353466,-0.31714346446686925,tp,0.1,0.7000000000000001,104.93571111109468,1.0544494012542192,2659.177965159741
2025-08-12,1,2025-08-12 14:15:00,2025-08-12 15:25:55,15,3336.055,3348.779966666665,3326.0468349999996,3349.6570438596464,3349.6570438596464,-0.40769976391106877,tp,0.1,0.7000000000000001,126.54966666665295,1.271458520784285,2785.727631826394
2025-08-13,-1,2025-08-13 08:50:00,2025-08-13 13:05:35,52,3362.414,3354.870759023357,3372.501242,3351.4905911949704,3351.4905911949704,0.3266280631605912,tp,0.1,0.7000000000000001,74.73240976643119,0.7478001396856955,2860.4600415928253
2025-08-13,-1,2025-08-13 13:55:00,2025-08-13 15:22:20,18,3365.28,3355.9147753623197,3375.3758399999997,3355.1035279441126,3355.1035279441126,0.30338771877257115,tp,0.1,0.7000000000000001,92.95224637680512,0.9276320383129069,2953.4122879696306
2025-08-14,1,2025-08-14 03:35:00,2025-08-14 07:00:15,42,3356.575,3363.1699920634933,3346.505275,3366.7007093023262,3366.7007093023262,-0.30041902074573873,tp,0.1,0.7000000000000001,65.24992063493464,0.6549326881810151,3018.6622086045654
2025-08-14,1,2025-08-14 07:45:00,2025-08-14 08:00:20,4,3352.575,3342.5172749999997,3342.5172749999997,3363.0104462365603,3363.0104462365603,-0.3116834278136104,sl,0.1,0.7000000000000001,-101.27725000000119,-1.0,2917.3849586045644
2025-08-14,1,2025-08-14 08:10:00,2025-08-14 14:11:05,73,3344.778,3334.743666,3334.743666,3362.2034047619054,3362.2034047619054,-0.5175744197171107,sl,0.1,0.7000000000000001,-101.04333999999945,-1.0,2816.341618604565
2025-08-14,1,2025-08-14 14:20:00,2025-08-14 16:13:20,23,3344.158,3334.125526,3334.125526,3357.8707771317845,3357.8707771317845,-0.40937481053176084,sl,0.1,0.7000000000000001,-101.02474000000093,-1.0,2715.3168786045644
2025-08-14,1,2025-08-14 16:20:00,2025-08-14 23:59:55,80,3333.599,3335.612,3323.598203,3355.7029710884367,3355.7029710884367,-0.6580579770823447,session_end,0.1,0.7000000000000001,19.4299999999992,0.20128395766856283,2734.746878604564
2025-08-18,-1,2025-08-18 04:40:00,2025-08-18 06:18:05,20,3354.406,3346.321326666667,3364.4692179999997,3344.251029761905,3344.251029761905,0.3043273410853811,tp,0.1,0.7000000000000001,80.1467333333283,0.8033884720904394,2814.8936119378923
2025-08-18,1,2025-08-18 14:00:00,2025-08-18 23:59:55,108,3336.972,3331.04,3326.961084,3347.0444206349216,3347.0444206349216,-0.3022643073557621,session_end,0.1,0.7000000000000001,-60.02000000000244,-0.5925531689607761,2754.87361193789
2025-08-19,1,2025-08-19 14:45:00,2025-08-19 17:28:10,33,3326.324,3316.345028,3316.345028,3337.3467862523526,3337.3467862523526,-0.3309600997370652,sl,0.1,0.7000000000000001,-100.48971999999885,-1.0,2654.3838919378913
2025-08-19,1,2025-08-19 17:35:00,2025-08-19 23:59:55,65,3316.6,3314.293,3306.6502,3334.7591824644546,3334.7591824644546,-0.5441976907922671,session_end,0.1,0.7000000000000001,-23.76999999999789,-0.23186395706444546,2630.6138919378936
2025-08-20,-1,2025-08-20 11:30:00,2025-08-20 12:33:00,13,3330.903,3340.8957089999994,3340.8957089999994,3320.826823671497,3320.826823671497,0.3039506985595695,sl,0.1,0.7000000000000001,-100.6270899999965,-1.0,2529.9868019378973
2025-08-20,-1,2025-08-20 12:40:00,2025-08-20 14:49:30,26,3340.057,3350.0771709999995,3350.0771709999995,3322.042010964912,3322.042010964912,0.5438669642181928,sl,0.1,0.7000000000000001,-100.90170999999664,-1.0,2429.085091937901
2025-08-20,-1,2025-08-20 14:55:00,2025-08-20 23:59:55,97,3347.619,3346.935,3357.6618569999996,3325.2316247672265,3325.2316247672265,0.6760995253780876,session_end,0.1,0.7000000000000001,6.140000000001964,0.06810810907695224,2435.225091937903
2025-08-21,1,2025-08-21 10:55:00,2025-08-21 12:07:00,15,3329.133,3339.452325287356,3319.1456009999997,3340.325398218829,3340.325398218829,-0.3375089811561623,tp,0.1,0.7000000000000001,102.4932528735615,1.0332345075385545,2537.7183448114647
2025-08-22,-1,2025-08-22 14:05:00,2025-08-22 14:10:00,2,3348.193,3358.2375789999996,3358.2375789999996,3331.2712041420127,3331.2712041420127,0.5100243965985739,sl,0.1,0.7000000000000001,-101.1457899999943,-1.0,2436.5725548114706
2025-08-22,-1,2025-08-22 14:20:00,2025-08-22 14:50:55,7,3365.797,3375.894391,3375.894391,3331.7428236434116,3331.7428236434116,1.0212876010453595,sl,0.1,0.7000000000000001,-101.67390999999789,-1.0,2334.898644811473
2025-08-22,-1,2025-08-22 15:00:00,2025-08-22 20:57:55,72,3373.907,3372.397,3384.0287209999997,3333.483172222223,3333.483172222223,1.2143252473895685,session_end,0.1,0.7000000000000001,14.400000000002183,0.14918411602140477,2349.2986448114752
2025-08-26,-1,2025-08-26 00:35:00,2025-08-26 01:09:55,7,3381.443,3375.622705128205,3391.587329,3369.643642857143,3369.643642857143,0.3499140678525855,tp,0.1,0.7000000000000001,57.5029487179534,0.5737486305694036,2406.801593529429
2025-08-26,-1,2025-08-26 15:55:00,2025-08-26 23:59:55,85,3385.876,3390.961,3396.0336279999997,3375.604075916234,3375.604075916234,0.304313653282288,session_end,0.1,0.7000000000000001,-51.54999999999582,-0.5006090004477269,2355.251593529433
2025-08-27,1,2025-08-27 04:55:00,2025-08-27 08:01:40,38,3374.241,3381.930611111111,3364.118277,3384.626189265536,3384.626189265536,-0.30741029241383694,tp,0.1,0.7000000000000001,76.19611111110935,0.7596385983406809,2431.4477046405427
2025-08-27,-1,2025-08-27 16:35:00,2025-08-27 23:59:55,77,3393.893,3395.918,3404.074679,3381.837910385259,3381.837910385259,0.3581363133208534,session_end,0.1,0.7000000000000001,-20.95000000000091,-0.19888664728087874,2410.497704640542
2025-08-28,-1,2025-08-28 11:30:00,2025-08-28 13:07:00,20,3404.242,3394.727077494692,3414.454726,3393.4047415458926,3393.4047415458926,0.3196423439063838,tp,0.1,0.7000000000000001,94.44922505308277,0.9316731404826206,2504.946929693625
2025-08-28,-1,2025-08-28 13:35:00,2025-08-28 16:30:45,36,3406.495,3416.7144849999995,3416.7144849999995,3394.9798415132923,3394.9798415132923,0.34114071444810273,sl,0.1,0.7000000000000001,-102.89484999999623,-1.0,2402.052079693629
2025-08-28,-1,2025-08-28 16:40:00,2025-08-28 23:59:55,76,3415.144,3414.918,3425.3894319999995,3397.840086666664,3397.840086666664,0.5098360397039856,session_end,0.1,0.7000000000000001,1.5599999999965801,0.02205861109611234,2403.6120796936257
2025-08-29,-1,2025-08-29 13:40:00,2025-08-29 14:10:05,7,3423.574,3433.844722,3433.844722,3410.823873983742,3410.823873983742,0.3740921984738787,sl,0.1,0.7000000000000001,-103.40721999999751,-1.0,2300.2048596936284
2025-08-29,-1,2025-08-29 14:20:00,2025-08-29 15:15:30,12,3433.204,3443.503612,3443.503612,3411.689048449614,3411.689048449614,0.6283530311805031,sl,0.1,0.7000000000000001,-103.69611999999798,-1.0,2196.5087396936306
2025-08-29,-1,2025-08-29 15:25:00,2025-08-29 20:57:55,67,3445.076,3448.134,3455.4112279999995,3413.6243162162173,3413.6243162162173,0.9230419303641635,session_end,0.1,0.7000000000000001,-31.279999999999927,-0.2958812326152991,2165.228739693631
2025-09-01,-1,2025-09-01 02:00:00,2025-09-01 02:07:20,2,3457.333,3467.7049989999996,3467.7049989999996,3443.977180555555,3443.977180555555,0.3875844334802336,sl,0.1,0.7000000000000001,-104.41998999999505,-1.0,2060.808749693636
2025-09-01,-1,2025-09-01 02:15:00,2025-09-01 02:28:30,3,3458.661,3469.0369829999995,3469.0369829999995,3445.9064012345675,3445.9064012345675,0.369339653592235,sl,0.1,0.7000000000000001,-104.45982999999451,-1.0,1956.3489196936416
2025-09-01,-1,2025-09-01 02:35:00,2025-09-01 02:56:35,5,3469.141,3479.5484229999997,3479.5484229999997,3448.1699193548384,3448.1699193548384,0.6097895735108019,sl,0.1,0.7000000000000001,-104.77422999999654,-1.0,1851.5746896936453
2025-09-01,-1,2025-09-01 03:05:00,2025-09-01 06:38:30,43,3478.638,3489.0739139999996,3489.0739139999996,3452.765635135135,3452.765635135135,0.7489029837917877,sl,0.1,0.7000000000000001,-105.05913999999684,-1.0,1746.5155496936477
2025-09-01,-1,2025-09-01 06:45:00,2025-09-01 09:34:40,34,3487.921,3469.093918128655,3498.3847629999996,3466.138911522633,3466.138911522633,0.6296512931093003,tp,0.1,0.7000000000000001,187.57081871344946,1.799264936652847,1934.0863684070973
2025-09-02,-1,2025-09-02 01:20:00,2025-09-02 01:45:00,6,3492.95,3503.4288499999993,3503.4288499999993,3482.301208333333,3482.301208333333,0.30532372217611736,sl,0.1,0.7000000000000001,-105.48849999999511,-1.0,1828.5978684071024
2025-09-02,-1,2025-09-02 02:00:00,2025-09-02 03:36:10,20,3497.898,3490.4512131782944,3508.391694,3487.1373055555555,3487.1373055555555,0.3084247479246009,tp,0.1,0.7000000000000001,73.767868217057,0.7096439844449303,1902.3657366241596
2025-09-02,1,2025-09-02 07:55:00,2025-09-02 11:51:15,48,3474.761,3487.1384577464783,3464.336717,3490.7747561403503,3490.7747561403503,-0.45990524344517336,tp,0.1,0.7000000000000001,123.07457746478285,1.1873677783381826,2025.4403140889426
2025-09-02,1,2025-09-02 12:40:00,2025-09-02 12:57:20,4,3475.163,3486.949097849462,3464.737511,3487.0994517543845,3487.0994517543845,-0.3417439599661869,tp,0.1,0.7000000000000001,117.16097849461839,1.1305079166513547,2142.601292583561
2025-09-02,-1,2025-09-02 14:10:00,2025-09-02 14:44:30,7,3497.721,3508.2141629999996,3508.2141629999996,3486.8604882352925,3486.8604882352925,0.31337679845738947,sl,0.1,0.7000000000000001,-105.6316299999964,-1.0,2036.969662583565
2025-09-02,-1,2025-09-02 14:50:00,2025-09-02 16:00:00,15,3510.165,3520.6954949999995,3520.6954949999995,3487.562777153557,3487.562777153557,0.6492993615709195,sl,0.1,0.7000000000000001,-106.00494999999519,-1.0,1930.96471258357
2025-09-02,-1,2025-09-02 16:10:00,2025-09-02 19:08:15,36,3523.401,3533.9712029999996,3533.9712029999996,3489.808615120274,3489.808615120274,0.9643189237919366,sl,0.1,0.7000000000000001,-106.40202999999765,-1.0,1824.5626825835725
2025-09-02,-1,2025-09-02 19:15:00,2025-09-02 23:59:55,45,3535.844,3530.094,3546.4515319999996,3495.898354256853,3495.898354256853,1.1444882456158305,session_end,0.1,0.7000000000000001,56.8,0.5420676553226755,1881.3626825835727
2025-09-03,-1,2025-09-03 11:35:00,2025-09-03 13:28:35,23,3548.881,3559.5276429999994,3559.5276429999994,3536.410308153477,3536.410308153477,0.35242493829937066,sl,0.1,0.7000000000000001,-107.16642999999586,-1.0,1774.196252583577
2025-09-03,-1,2025-09-03 13:35:00,2025-09-03 16:28:55,35,3557.351,3568.023053,3568.023053,3538.358442740288,3538.358442740288,0.5360128875192041,sl,0.1,0.7000000000000001,-107.42052999999778,-1.0,1666.7757225835794
2025-09-03,-1,2025-09-03 16:35:00,2025-09-03 18:12:40,20,3567.309,3578.010927,3578.010927,3542.4531214405365,3542.4531214405365,0.7033650892557486,sl,0.1,0.7000000000000001,-107.71926999999614,-1.0,1559.0564525835835
2025-09-03,-1,2025-09-03 18:20:00,2025-09-03 23:59:55,56,3577.287,3560.391,3588.0188609999996,3545.355092424242,3545.355092424242,0.901670121677425,session_end,0.1,0.7000000000000001,168.25999999999732,1.5743774541992408,1727.31645258358
2025-09-04,1,2025-09-04 01:40:00,2025-09-04 02:46:25,14,3544.181,3533.548457,3533.548457,3557.178166666667,3557.178166666667,-0.3666857845045693,sl,0.1,0.7000000000000001,-107.02543000000169,-1.0,1620.2910225835785
2025-09-04,1,2025-09-04 02:55:00,2025-09-04 03:12:25,4,3528.196,3517.6114119999997,3517.6114119999997,3551.0225571428573,3551.0225571428573,-0.6444638628618211,sl,0.1,0.7000000000000001,-106.54588000000167,-1.0,1513.745142583577
2025-09-04,1,2025-09-04 03:20:00,2025-09-04 06:30:50,39,3522.795,3539.413290598291,3512.226615,3547.808458333334,3547.808458333334,-0.7047719353225704,tp,0.1,0.7000000000000001,165.4829059829097,1.5724531797706949,1679.228048566487
2025-09-04,-1,2025-09-04 13:25:00,2025-09-04 14:00:20,8,3552.724,3541.124428571431,3563.3821719999996,3540.7054875776416,3540.7054875776416,0.3391135598395393,tp,0.1,0.7000000000000001,115.29571428569106,1.0883265374746895,1794.5237628521772
2025-09-04,-1,2025-09-04 15:55:00,2025-09-04 17:58:10,25,3552.183,3542.630597674419,3562.839549,3541.552163176267,3541.552163176267,0.3016569100637264,tp,0.1,0.7000000000000001,94.8240232558117,0.8963879700249431,1889.3477861079891
2025-09-05,-1,2025-09-05 12:35:00,2025-09-05 13:46:45,15,3577.205,3587.9366149999996,3587.9366149999996,3552.6959039735098,3552.6959039735098,0.6884517191334667,sl,0.1,0.7000000000000001,-108.01614999999693,-1.0,1781.3316361079924
2025-09-05,-1,2025-09-05 13:55:00,2025-09-05 20:57:55,85,3591.228,3586.695,3602.001684,3555.447531936128,3555.447531936128,1.0061734209980226,session_end,0.1,0.7000000000000001,44.629999999999015,0.42074744349286614,1825.9616361079916
2025-09-08,-1,2025-09-08 07:05:00,2025-09-08 07:32:45,6,3600.123,3610.9233689999996,3610.9233689999996,3588.281590196078,3588.281590196078,0.3317161572949982,sl,0.1,0.7000000000000001,-108.70368999999592,-1.0,1717.257946107995
2025-09-08,-1,2025-09-08 07:40:00,2025-09-08 12:54:50,63,3613.178,3624.0175339999996,3624.0175339999996,3589.7120036231886,3589.7120036231886,0.655191735522862,sl,0.1,0.7000000000000001,-109.09533999999731,-1.0,1608.162606107997
2025-09-08,-1,2025-09-08 13:00:00,2025-09-08 13:50:40,11,3624.334,3635.2070019999996,3635.2070019999996,3600.1356816239327,3600.1356816239327,0.6711641036031163,sl,0.1,0.7000000000000001,-109.43001999999815,-1.0,1498.732586107999
2025-09-08,-1,2025-09-08 14:00:00,2025-09-08 15:01:35,13,3633.517,3644.4175509999995,3644.4175509999995,3602.14978373016,3602.14978373016,0.8686955887058158,sl,0.1,0.7000000000000001,-109.70550999999723,-1.0,1389.027076108001
2025-09-08,-1,2025-09-08 15:10:00,2025-09-08 23:59:55,94,3643.888,3635.055,3654.8196639999996,3604.7520293040297,3604.7520293040297,1.086023958866552,session_end,0.1,0.7000000000000001,87.63000000000083,0.8080197122780488,1476.657076108002
2025-09-09,-1,2025-09-09 02:10:00,2025-09-09 03:13:10,13,3653.13,3644.212798245616,3664.0893899999996,3640.9812051282065,3640.9812051282065,0.3350826105504046,tp,0.1,0.7000000000000001,88.47201754384223,0.813658584500105,1565.1290936518435
2025-09-09,-1,2025-09-09 13:30:00,2025-09-09 14:00:00,7,3660.625,3671.6068749999995,3671.6068749999995,3648.7513765432113,3648.7513765432113,0.32463498425618303,sl,0.1,0.7000000000000001,-110.51874999999491,-1.0,1454.6103436518479
2025-09-09,1,2025-09-09 15:15:00,2025-09-09 16:11:05,12,3635.196,3648.7111735395197,3624.290412,3649.1556438979983,3649.1556438979983,-0.3837639515709786,tp,0.1,0.7000000000000001,134.45173539519766,1.2392888434369302,1589.0620790470457
2025-09-09,1,2025-09-09 19:15:00,2025-09-09 22:29:20,27,3635.693,3624.785921,3624.785921,3647.9382590187593,3647.9382590187593,-0.3352786738789039,sl,0.1,0.7000000000000001,-109.77079000000067,-1.0,1479.2912890470452
2025-09-09,1,2025-09-09 22:35:00,2025-09-09 23:59:55,17,3627.135,3633.63,3616.253595,3646.048281209782,3646.048281209782,-0.5193508080342506,session_end,0.1,0.7000000000000001,64.2499999999989,0.5968898317818185,1543.5412890470434
2025-09-10,-1,2025-09-10 06:15:00,2025-09-10 10:37:15,53,3646.301,3657.2399029999997,3657.2399029999997,3635.1057177777766,3635.1057177777766,0.30779798693346777,sl,0.1,0.7000000000000001,-110.08902999999755,-1.0,1433.452259047046
2025-09-10,-1,2025-09-10 10:45:00,2025-09-10 12:50:25,26,3654.898,3642.1687510822494,3665.862694,3640.313244186045,3640.313244186045,0.39846174878279744,tp,0.1,0.7000000000000001,126.59248917750737,1.160930612176773,1560.0447482245527
2025-09-10,-1,2025-09-10 14:15:00,2025-09-10 15:23:30,14,3653.928,3643.2802916666665,3664.8897839999995,3642.805778752436,3642.805778752436,0.3048397834530511,tp,0.1,0.7000000000000001,105.77708333333412,0.9713481248429796,1665.821831557887
2025-09-11,1,2025-09-11 05:55:00,2025-09-11 06:44:15,10,3626.082,3636.8662124999996,3615.2037539999997,3637.593467136151,3637.593467136151,-0.3173517667778154,tp,0.1,0.7000000000000001,107.14212499999739,0.991355821517506,1772.9639565578836
2025-09-11,1,2025-09-11 07:20:00,2025-09-11 09:16:15,24,3625.461,3614.584617,3614.584617,3636.393090909091,3636.393090909091,-0.30155130743441594,sl,0.1,0.7000000000000001,-109.46382999999805,-1.0,1663.5001265578849
2025-09-11,1,2025-09-11 09:25:00,2025-09-11 12:30:25,38,3618.17,3630.883715555553,3607.31549,3634.26414896755,3634.26414896755,-0.44186796306790915,tp,0.1,0.7000000000000001,126.4371555555288,1.1712841533659963,1789.937282113413
2025-09-15,-1,2025-09-15 13:30:00,2025-09-15 15:01:45,19,3653.795,3664.7563849999997,3664.7563849999997,3641.6481831275714,3641.6481831275714,0.33337423776070846,sl,0.1,0.7000000000000001,-110.3138499999961,-1.0,1679.6234321134161
2025-09-15,-1,2025-09-15 15:10:00,2025-09-15 15:54:10,9,3665.185,3676.1805549999995,3676.1805549999995,3643.6924029304027,3643.6924029304027,0.5914905729216874,sl,0.1,0.7000000000000001,-110.65554999999513,-1.0,1568.9678821134203
2025-09-15,-1,2025-09-15 16:00:00,2025-09-15 23:59:55,84,3680.559,3677.06,3691.600677,3645.028928819445,3645.028928819445,0.9743563596917153,session_end,0.1,0.7000000000000001,34.29000000000251,0.3168902694763072,1603.257882113423
2025-09-16,-1,2025-09-16 07:00:00,2025-09-16 12:40:30,69,3693.384,3687.4105614035107,3704.4641519999996,3682.089019841271,3682.089019841271,0.308044702276586,tp,0.1,0.7000000000000001,59.03438596489359,0.5391116111484395,1662.2922680783158
2025-09-16,-1,2025-09-16 14:15:00,2025-09-16 14:45:30,7,3699.393,3688.2184397363485,3710.4911789999996,3687.960076998052,3687.960076998052,0.31259619847435716,tp,0.1,0.7000000000000001,111.04560263651528,1.0068823239967488,1773.3378707148313
2025-09-17,1,2025-09-17 01:45:00,2025-09-17 05:04:30,40,3677.845,3684.3092055555558,3666.8114649999998,3690.675849206349,3690.675849206349,-0.34910541409697343,tp,0.1,0.7000000000000001,63.942055555559634,0.5858689491224659,1837.2799262703911
2025-09-17,1,2025-09-17 06:45:00,2025-09-17 10:51:20,50,3671.594,3660.579218,3660.579218,3682.879545267489,3682.879545267489,-0.3078310090824749,sl,0.1,0.7000000000000001,-110.84782000000196,-1.0,1726.4321062703893
2025-09-17,1,2025-09-17 11:00:00,2025-09-17 12:46:45,22,3661.645,3675.7767222222205,3650.660065,3677.020949494947,3677.020949494947,-0.4184215892775957,tp,0.1,0.7000000000000001,140.6172222222056,1.2864638909761983,1867.0493284925951
2025-09-17,-1,2025-09-17 18:05:00,2025-09-17 18:08:55,1,3691.332,3702.4059959999995,3702.4059959999995,3677.8976889400906,3677.8976889400906,0.3670251921499043,sl,0.1,0.7000000000000001,-111.43995999999625,-1.0,1755.6093684925982
2025-09-17,1,2025-09-17 18:40:00,2025-09-17 18:49:55,2,3665.752,3654.754744,3654.754744,3678.13410267857,3678.13410267857,-0.3356213322831317,sl,0.1,0.7000000000000001,-110.67256000000107,-1.0,1644.9368084925973
2025-09-17,1,2025-09-17 18:55:00,2025-09-17 23:59:55,49,3647.119,3669.231,3636.177643,3677.8713458149764,3677.8713458149764,-0.8376814444592675,session_end,0.1,0.7000000000000001,220.4200000000008,2.020955901539432,1865.3568084925982
2025-09-18,1,2025-09-18 06:05:00,2025-09-18 07:42:00,20,3644.174,3655.420423913045,3633.241478,3659.0307922374436,3659.0307922374436,-0.40946067656026186,tp,0.1,0.7000000000000001,111.76423913044964,1.0287126715175967,1977.121047623048
2025-09-18,-1,2025-09-18 09:10:00,2025-09-18 13:05:25,48,3667.761,3659.748221868366,3678.7642829999995,3656.076436363637,3656.076436363637,0.31886815933088214,tp,0.1,0.7000000000000001,79.4277813163415,0.7282170359186866,2056.5488289393898
2025-09-18,1,2025-09-18 13:35:00,2025-09-18 13:40:50,2,3647.523,3636.5804310000003,3636.5804310000003,3659.6145470347647,3659.6145470347647,-0.3295715130583149,sl,0.1,0.7000000000000001,-110.12568999999822,-1.0,1946.4231389393917
2025-09-18,1,2025-09-18 13:50:00,2025-09-18 23:59:55,110,3636.265,3640.3,3625.356205,3659.2009457831323,3659.2009457831323,-0.6263237827794966,session_end,0.1,0.7000000000000001,39.65000000000309,0.3698850331315579,1986.073138939395
2025-09-19,-1,2025-09-19 04:10:00,2025-09-19 06:18:15,26,3659.427,3649.6093044444438,3670.405281,3645.8477799999987,3645.8477799999987,0.3738148387533906,tp,0.1,0.7000000000000001,97.47695555556383,0.8942834998991787,2083.550094494959
2025-09-19,-1,2025-09-19 14:00:00,2025-09-19 15:20:10,17,3663.348,3674.3380439999996,3674.3380439999996,3651.4884126984116,3651.4884126984116,0.3239524808692175,sl,0.1,0.7000000000000001,-110.60043999999671,-1.0,1972.9496544949625
2025-09-19,-1,2025-09-19 15:30:00,2025-09-19 18:23:55,35,3671.495,3682.5094849999996,3682.5094849999996,3652.8668924731164,3652.8668924731164,0.5095616148849375,sl,0.1,0.7000000000000001,-110.84484999999695,-1.0,1862.1048044949657
2025-09-19,-1,2025-09-19 18:30:00,2025-09-19 20:57:55,30,3682.226,3684.96,3693.272678,3656.0681156156124,3656.0681156156124,0.7144392160754255,session_end,0.1,0.7000000000000001,-28.039999999999235,-0.2474952198298889,1834.0648044949667
2025-09-22,-1,2025-09-22 06:30:00,2025-09-22 06:44:55,3,3706.271,3717.389813,3717.389813,3692.340213675213,3692.340213675213,0.3766794368859909,sl,0.1,0.7000000000000001,-111.88812999999591,-1.0,1722.176674494971
2025-09-22,-1,2025-09-22 06:50:00,2025-09-22 15:29:40,104,3719.737,3730.8962109999998,3730.8962109999998,3693.3656707317064,3693.3656707317064,0.7177688761871711,sl,0.1,0.7000000000000001,-112.29210999999687,-1.0,1609.8845644949743
2025-09-22,-1,2025-09-22 15:35:00,2025-09-22 17:30:55,24,3732.69,3743.8880699999995,3743.8880699999995,3708.9681310160427,3708.9681310160427,0.6408620442216119,sl,0.1,0.7000000000000001,-112.68069999999462,-1.0,1497.203864494979
2025-09-22,-1,2025-09-22 17:40:00,2025-09-22 23:59:55,64,3745.187,3747.861,3756.4225609999994,3712.3804072327057,3712.3804072327057,0.8825090420007861,session_end,0.1,0.7000000000000001,-27.43999999999978,-0.23799434669974162,1469.7638644949784
2025-09-23,-1,2025-09-23 08:35:00,2025-09-23 09:00:25,6,3764.218,3775.5106539999992,3775.5106539999992,3749.733101941745,3749.733101941745,0.3877982155776566,sl,0.1,0.7000000000000001,-113.62653999999402,-1.0,1356.1373244949846
2025-09-23,-1,2025-09-23 09:10:00,2025-09-23 18:55:25,118,3781.368,3766.3361842878103,3792.7121039999997,3751.241903030301,3751.241903030301,0.8023635304720125,tp,0.1,0.7000000000000001,149.61815712189656,1.325077389293146,1505.7554816168813
2025-09-23,1,2025-09-23 19:20:00,2025-09-23 19:41:30,5,3752.788,3766.047754237287,3741.529636,3766.166814655171,3766.166814655171,-0.3535508465360004,tp,0.1,0.7000000000000001,131.8975423728687,1.1777691889591688,1637.6530239897493
2025-09-24,-1,2025-09-24 05:40:00,2025-09-24 09:33:40,47,3776.916,3766.7708976608205,3788.2467479999996,3762.3874901960785,3762.3874901960785,0.38762646967979125,tp,0.1,0.7000000000000001,100.7510233917963,0.8953603362443648,1738.4040473815458
2025-09-24,1,2025-09-24 14:40:00,2025-09-24 15:41:40,13,3754.699,3743.434903,3743.434903,3766.155293560607,3766.155293560607,-0.30330118304302434,sl,0.1,0.7000000000000001,-113.3409700000022,-1.0,1625.0630773815428
2025-09-24,1,2025-09-24 15:50:00,2025-09-24 16:50:30,13,3745.466,3734.229602,3734.229602,3765.1206824561405,3765.1206824561405,-0.521741110389216,sl,0.1,0.7000000000000001,-113.06398000000009,-1.0,1511.999097381542
2025-09-24,1,2025-09-24 17:00:00,2025-09-24 18:57:05,24,3735.877,3724.6693689999997,3724.6693689999997,3763.41733006536,3763.41733006536,-0.7331323540692961,sl,0.1,0.7000000000000001,-112.7763100000022,-1.0,1399.222787381539
2025-09-24,1,2025-09-24 19:05:00,2025-09-24 23:59:55,47,3721.513,3742.981,3710.348461,3759.9325160116455,3759.9325160116455,-1.0235826267560133,session_end,0.1,0.7000000000000001,213.98000000000303,1.9228738419025218,1613.2027873815423
2025-09-25,1,2025-09-25 02:05:00,2025-09-25 02:45:00,9,3732.265,3742.4988939393943,3721.068205,3744.727446666666,3744.727446666666,-0.33201205812008977,tp,0.1,0.7000000000000001,101.6389393939442,0.9140020817916705,1714.8417267754867
2025-09-25,-1,2025-09-25 07:50:00,2025-09-25 11:11:05,41,3753.784,3745.105960199004,3765.0453519999996,3740.60214539007,3740.60214539007,0.353428514877563,tp,0.1,0.7000000000000001,86.08039800995975,0.7706037251118991,1800.9221247854457
2025-09-25,1,2025-09-25 12:55:00,2025-09-25 13:23:20,6,3732.708,3745.2869062500004,3721.509876,3745.5295279569887,3745.5295279569887,-0.3399259800772072,tp,0.1,0.7000000000000001,125.08906250000273,1.1233047830154645,1926.0111872854486
2025-09-25,1,2025-09-25 13:40:00,2025-09-25 17:16:30,44,3731.538,3742.6224388083715,3720.343386,3745.145487804878,3745.145487804878,-0.3671683209545349,tp,0.1,0.7000000000000001,110.14438808371487,0.9901581964658617,2036.1555753691637
2025-09-25,-1,2025-09-25 18:40:00,2025-09-25 23:16:45,44,3755.155,3743.8556473158537,3766.4204649999997,3742.615308035712,3742.615308035712,0.33626731385580333,tp,0.1,0.7000000000000001,112.2935268414647,1.003008103451298,2148.4491022106286
2025-09-26,-1,2025-09-26 13:10:00,2025-09-26 14:09:25,12,3761.636,3772.9209079999996,3772.9209079999996,3746.925272151899,3746.925272151899,0.394356085986598,sl,0.1,0.7000000000000001,-113.54907999999632,-1.0,2034.9000222106324
2025-09-26,-1,2025-09-26 14:15:00,2025-09-26 14:26:20,3,3772.166,3783.482498,3783.482498,3748.061115984405,3748.061115984405,0.6421022302160075,sl,0.1,0.7000000000000001,-113.86497999999683,-1.0,1921.0350422106358
2025-09-26,-1,2025-09-26 14:35:00,2025-09-26 20:57:55,77,3781.258,3761.14,3792.6017739999993,3748.7591304761904,3748.7591304761904,0.8665632651538984,session_end,0.1,0.7000000000000001,200.4799999999994,1.7734838511416793,2121.5150422106353
2025-09-29,-1,2025-09-29 02:20:00,2025-09-29 04:37:25,28,3791.3,3802.6739,3802.6739,3777.998797619048,3777.998797619048,0.350865712008848,sl,0.1,0.7000000000000001,-114.43899999999594,-1.0,2007.0760422106396
2025-09-29,-1,2025-09-29 04:45:00,2025-09-29 06:14:05,18,3805.137,3816.5524109999997,3816.5524109999997,3786.9967631578943,3786.9967631578943,0.47715215967170915,sl,0.1,0.7000000000000001,-114.85410999999495,-1.0,1892.2219322106448
2025-09-29,-1,2025-09-29 06:20:00,2025-09-29 11:35:25,64,3814.353,3825.796059,3825.796059,3792.2927412280696,3792.2927412280696,0.5829918806524085,sl,0.1,0.7000000000000001,-115.13058999999721,-1.0,1777.0913422106478
2025-09-29,-1,2025-09-29 11:45:00,2025-09-29 23:59:55,135,3827.252,3832.933,3838.7337559999996,3802.7654621749416,3802.7654621749416,0.6434011791793457,session_end,0.1,0.7000000000000001,-57.5100000000004,-0.4947849440451617,1719.5813422106476
2025-09-30,-1,2025-09-30 03:25:00,2025-09-30 05:01:15,20,3856.246,3867.8147379999996,3867.8147379999996,3844.4033536585366,3844.4033536585366,0.3084782019601927,sl,0.1,0.7000000000000001,-116.38737999999485,-1.0,1603.193962210653
2025-09-30,-1,2025-09-30 05:10:00,2025-09-30 06:58:55,22,3864.314,3855.177423694779,3875.9069419999996,3851.0334677419355,3851.0334677419355,0.344427862524954,tp,0.1,0.7000000000000001,90.66576305220842,0.7881154158470755,1693.8597252628606
2025-09-30,1,2025-09-30 08:10:00,2025-09-30 08:22:35,3,3835.761,3824.253717,3824.253717,3854.393571428572,3854.393571428572,-0.48140053901384966,sl,0.1,0.7000000000000001,-115.77282999999916,-1.0,1578.0868952628607
2025-09-30,1,2025-09-30 08:30:00,2025-09-30 08:37:00,2,3823.725,3812.253825,3812.253825,3853.502120915033,3853.502120915033,-0.7723784749848723,sl,0.1,0.7000000000000001,-115.4117500000013,-1.0,1462.6751452628596
2025-09-30,1,2025-09-30 08:45:00,2025-09-30 09:12:20,6,3815.583,3804.136251,3804.136251,3852.3817380952382,3852.3817380952382,-0.9563496195331502,sl,0.1,0.7000000000000001,-115.16749000000182,-1.0,1347.507655262858
2025-09-30,1,2025-09-30 09:20:00,2025-09-30 14:08:55,58,3801.831,3837.146896449705,3790.425507,3849.932758928572,3849.932758928572,-1.249223348564583,tp,0.1,0.7000000000000001,352.45896449704725,3.096393680633015,1699.9666197599054
2025-09-30,-1,2025-09-30 14:20:00,2025-09-30 15:08:45,10,3849.326,3837.80523296501,3860.8739779999996,3837.227379844962,3837.227379844962,0.3143968016700073,tp,0.1,0.7000000000000001,114.50767034990058,0.9976436597809984,1814.4742901098061
2025-09-30,-1,2025-09-30 19:20:00,2025-09-30 23:51:30,43,3851.357,3862.9110709999995,3862.9110709999995,3839.1091551724153,3839.1091551724153,0.3195883297835927,sl,0.1,0.7000000000000001,-116.24070999999567,-1.0,1698.2335801098106
2025-10-01,-1,2025-10-01 07:55:00,2025-10-01 08:17:10,5,3878.182,3889.8165459999996,3889.8165459999996,3863.965201754386,3863.965201754386,0.36931746277463123,sl,0.1,0.7000000000000001,-117.04545999999773,-1.0,1581.188120109813
2025-10-01,-1,2025-10-01 08:25:00,2025-10-01 12:41:40,52,3893.248,3872.468820175436,3904.9277439999996,3865.2832392739265,3865.2832392739265,0.7232137723321089,tp,0.1,0.7000000000000001,207.09179824563927,1.7790783620398432,1788.2799183554525
2025-10-01,1,2025-10-01 15:30:00,2025-10-01 17:21:30,23,3859.822,3871.7580897435882,3848.242534,3872.187903225804,3872.187903225804,-0.3221280458888018,tp,0.1,0.7000000000000001,118.66089743588127,1.0307979438419685,1906.940815791334
2025-10-01,1,2025-10-01 18:05:00,2025-10-01 19:50:05,22,3856.863,3870.8308809523783,3845.292411,3871.5099838709657,3871.5099838709657,-0.37867612203099665,tp,0.1,0.7000000000000001,138.97880952378438,1.2071884112708977,2045.9196253151185
2025-10-02,-1,2025-10-02 09:55:00,2025-10-02 12:06:40,27,3879.14,3890.7774199999994,3890.7774199999994,3867.1557156862727,3867.1557156862727,0.3096276745505288,sl,0.1,0.7000000000000001,-117.07419999999566,-1.0,1928.845425315123
2025-10-02,-1,2025-10-02 12:15:00,2025-10-02 14:02:50,22,3886.603,3871.99859126984,3898.262809,3870.103368480723,3870.103368480723,0.4258318176588207,tp,0.1,0.7000000000000001,145.34408730160231,1.252542707188473,2074.1895126167256
2025-10-02,1,2025-10-02 14:35:00,2025-10-02 14:37:25,1,3857.343,3845.770971,3845.770971,3871.836063809523,3871.836063809523,-0.37397151043829024,sl,0.1,0.7000000000000001,-116.4202899999993,-1.0,1957.7692226167264
2025-10-02,1,2025-10-02 14:45:00,2025-10-02 14:53:50,2,3838.239,3826.724283,3826.724283,3871.528358757061,3871.528358757061,-0.8595018729952987,sl,0.1,0.7000000000000001,-115.84717000000019,-1.0,1841.9220526167264
2025-10-02,1,2025-10-02 15:00:00,2025-10-02 15:33:35,7,3839.929,3828.409213,3828.409213,3870.889472222221,3870.889472222221,-0.7994279465813747,sl,0.1,0.7000000000000001,-115.89787000000179,-1.0,1726.024182616724
2025-10-02,1,2025-10-02 15:40:00,2025-10-02 23:47:20,86,3823.028,3863.305288766788,3811.558916,3869.3019060283664,3869.3019060283664,-1.1946704380019335,tp,0.1,0.7000000000000001,402.0728876678839,3.511813913542612,2128.097070284608
2025-10-03,1,2025-10-03 03:25:00,2025-10-03 05:15:00,23,3841.684,3851.0155370370367,3830.1589480000002,3854.94887398374,3854.94887398374,-0.34561739777294664,tp,0.1,0.7000000000000001,92.61537037036469,0.8096741808224814,2220.712440654973
2025-10-03,-1,2025-10-03 12:45:00,2025-10-03 13:22:25,8,3870.784,3882.3963519999998,3882.3963519999998,3857.0448050108926,3857.0448050108926,0.35591225103926966,sl,0.1,0.7000000000000001,-116.82351999999646,-1.0,2103.8889206549766
2025-10-03,-1,2025-10-03 13:30:00,2025-10-03 20:57:55,90,3881.033,3887.144,3892.6760989999993,3858.075057613168,3858.075057613168,0.5962155231127834,session_end,0.1,0.7000000000000001,-61.809999999998766,-0.524860262718729,2042.078920654978
2025-10-06,-1,2025-10-06 02:00:00,2025-10-06 03:45:35,22,3917.986,3929.7399579999997,3929.7399579999997,3905.481486111112,3905.481486111112,0.3195512239213081,sl,0.1,0.7000000000000001,-118.23957999999784,-1.0,1923.8393406549803
2025-10-06,-1,2025-10-06 03:55:00,2025-10-06 04:45:05,11,3928.435,3940.2203049999994,3940.2203049999994,3914.1356489361715,3914.1356489361715,0.36416344098096876,sl,0.1,0.7000000000000001,-118.55304999999426,-1.0,1805.2862906549854
2025-10-06,-1,2025-10-06 04:55:00,2025-10-06 12:27:50,91,3937.995,3929.7806901566023,3949.8089849999997,3918.0139237288145,3918.0139237288145,0.5080016727516659,tp,0.1,0.7000000000000001,81.44309843397586,0.6953038998608635,1886.7293890889614
2025-10-06,-1,2025-10-06 13:45:00,2025-10-06 14:36:40,11,3944.83,3956.6644899999997,3956.6644899999997,3930.177807070708,3930.177807070708,0.3724180850789899,sl,0.1,0.7000000000000001,-119.04489999999733,-1.0,1767.6844890889643
2025-10-06,-1,2025-10-06 14:45:00,2025-10-06 16:08:45,17,3957.736,3969.6092079999994,3969.6092079999994,3931.4096431261783,3931.4096431261783,0.671180550211994,sl,0.1,0.7000000000000001,-119.43207999999522,-1.0,1648.2524090889692
2025-10-06,-1,2025-10-06 16:15:00,2025-10-06 18:02:10,22,3948.038,3959.8821139999995,3959.8821139999995,3933.6582418803423,3933.6582418803423,0.3671711478614213,sl,0.1,0.7000000000000001,-119.14113999999536,-1.0,1529.1112690889731
2025-10-06,-1,2025-10-06 18:10:00,2025-10-06 22:11:25,37,3957.273,3969.1448189999996,3969.1448189999996,3935.869970948013,3935.869970948013,0.5430700000192971,sl,0.1,0.7000000000000001,-119.41818999999505,-1.0,1409.6930790889783
2025-10-06,-1,2025-10-06 22:20:00,2025-10-06 23:59:55,20,3971.375,3969.612,3983.289125,3939.571658854168,3939.571658854168,0.8076218406720351,session_end,0.1,0.7000000000000001,16.9299999999992,0.14797561717708616,1426.6230790889767
2025-10-07,1,2025-10-07 07:10:00,2025-10-07 08:06:15,12,3953.242,3941.382274,3941.382274,3965.840678294575,3965.840678294575,-0.3179446507668921,sl,0.1,0.7000000000000001,-119.29726000000137,-1.0,1307.3258190889755
2025-10-07,1,2025-10-07 08:15:00,2025-10-07 09:24:05,14,3946.52,3962.3824821428593,3934.68044,3963.629031986534,3963.629031986534,-0.4311839440223439,tp,0.1,0.7000000000000001,157.92482142859336,1.3397864568328113,1465.2506405175682
2025-10-07,-1,2025-10-07 12:50:00,2025-10-07 15:00:15,27,3974.874,3986.7986219999993,3986.7986219999993,3962.372883116887,3962.372883116887,0.3148016920936714,sl,0.1,0.7000000000000001,-119.94621999999545,-1.0,1345.304420517572
2025-10-07,-1,2025-10-07 15:10:00,2025-10-07 15:48:05,8,3981.45,3965.6988544973574,3993.3943499999996,3964.9977838827867,3964.9977838827867,0.41434363933301416,tp,0.1,0.7000000000000001,156.8114550264243,1.3187109807266824,1502.1158755439956
2025-10-07,-1,2025-10-07 16:40:00,2025-10-07 22:16:05,56,3978.468,3990.4034039999992,3990.4034039999992,3965.909546666669,3965.909546666669,0.31818560622335673,sl,0.1,0.7000000000000001,-120.0540399999938,-1.0,1382.061835544002
2025-10-07,-1,2025-10-07 22:25:00,2025-10-07 23:59:55,19,3989.511,3994.51,4001.4795329999997,3969.44267898833,3969.44267898833,0.5055324546665174,session_end,0.1,0.7000000000000001,-50.69000000000251,-0.41767859101866156,1331.3718355439996
2025-10-08,-1,2025-10-08 02:55:00,2025-10-08 04:50:05,24,4010.319,4022.3499569999994,4022.3499569999994,3997.2877476190465,3997.2877476190465,0.3255395458759434,sl,0.1,0.7000000000000001,-121.0095699999949,-1.0,1210.362265544005
2025-10-08,-1,2025-10-08 05:00:00,2025-10-08 07:10:15,27,4026.746,4038.8262379999996,4038.8262379999996,4005.136755555554,4005.136755555554,0.5411486739967698,sl,0.1,0.7000000000000001,-121.50237999999554,-1.0,1088.8598855440086
2025-10-08,-1,2025-10-08 07:20:00,2025-10-08 09:53:20,31,4033.514,4045.614542,4045.614542,4013.2908636363627,4013.2908636363627,0.5044148817385914,sl,0.1,0.7000000000000001,-121.70541999999678,-1.0,967.154465544012
2025-10-08,-1,2025-10-08 10:00:00,2025-10-08 22:08:40,134,4049.266,4032.317722661397,4061.4137979999996,4019.833213888889,4019.833213888889,0.7335201373338871,tp,0.1,0.7000000000000001,168.78277338603021,1.3951727991034837,1135.9372389300424
2025-10-09,1,2025-10-09 01:05:00,2025-10-09 01:15:00,3,4009.13,4020.4071888888884,3997.10261,4021.343705128205,4021.343705128205,-0.30348575061219657,tp,0.1,0.7000000000000001,112.07188888888304,0.9376256102852008,1248.0091278189248
2025-10-09,1,2025-10-09 02:20:00,2025-10-09 02:52:30,7,4008.731,4020.225656862745,3996.704807,4021.627011904762,4021.627011904762,-0.3222703613834997,tp,0.1,0.7000000000000001,114.24656862744705,0.9558017955261955,1362.255696446371
2025-10-09,-1,2025-10-09 04:25:00,2025-10-09 06:47:20,29,4036.952,4027.552331275719,4049.062856,4022.2350031446545,4022.2350031446545,0.3673951632311899,tp,0.1,0.7000000000000001,93.29668724281127,0.7761357846448917,1455.5523836891825
2025-10-09,-1,2025-10-09 09:05:00,2025-10-09 12:59:55,47,4041.674,4053.7990219999997,4053.7990219999997,4028.826698776757,4028.826698776757,0.3201130797499638,sl,0.1,0.7000000000000001,-121.95021999999717,-1.0,1333.6021636891855
2025-10-09,-1,2025-10-09 13:05:00,2025-10-09 13:44:45,8,4054.166,4033.299323170729,4066.328498,4032.4237929936276,4032.4237929936276,0.5388993846363417,tp,0.1,0.7000000000000001,207.96676829271001,1.7156571642824967,1541.5689319818957
2025-10-09,1,2025-10-09 14:00:00,2025-10-09 14:30:05,7,4017.325,4005.273025,4005.273025,4033.147599206346,4033.147599206346,-0.3915576808905781,sl,0.1,0.7000000000000001,-121.21974999999857,-1.0,1420.3491819818973
2025-10-09,1,2025-10-09 14:40:00,2025-10-09 16:34:45,23,4013.952,4001.9101440000004,4001.9101440000004,4032.419045454542,4032.419045454542,-0.45572013343346474,sl,0.1,0.7000000000000001,-121.11855999999825,-1.0,1299.2306219818984
2025-10-09,1,2025-10-09 16:40:00,2025-10-09 16:53:20,3,3986.619,3974.6591430000003,3974.6591430000003,4030.455544999998,4030.455544999998,-1.0866524766494603,sl,0.1,0.7000000000000001,-120.29856999999829,-1.0,1178.9320519818993
2025-10-09,1,2025-10-09 17:00:00,2025-10-09 17:13:35,3,3968.682,3956.7759539999997,3956.7759539999997,4029.419287581697,4029.419287581697,-1.5084006712583773,sl,0.1,0.7000000000000001,-119.7604600000006,-1.0,1059.171591981898
2025-10-09,1,2025-10-09 17:20:00,2025-10-09 17:47:40,6,3963.749,3951.857753,3951.857753,4028.14553205128,4028.14553205128,-1.5998436883302638,sl,0.1,0.7000000000000001,-119.61247000000022,-1.0,939.559121981898
2025-10-09,1,2025-10-09 17:55:00,2025-10-09 23:59:55,61,3955.253,3989.994,3943.3872410000004,4025.8555449612386,4025.8555449612386,-1.7544356515633095,session_end,0.1,0.7000000000000001,346.70999999999987,2.927836306130992,1286.2691219818971
2025-10-10,1,2025-10-10 01:40:00,2025-10-10 02:23:40,9,3972.26,3984.699416666667,3960.34322,3987.2917166666666,3987.2917166666666,-0.3774295370404278,tp,0.1,0.7000000000000001,123.69416666666602,1.0438572052741248,1409.9632886485633
2025-10-10,1,2025-10-10 03:15:00,2025-10-10 04:05:55,11,3971.296,3959.382112,3959.382112,3983.6476965811976,3983.6476965811976,-0.308114510018838,sl,0.1,0.7000000000000001,-119.83888000000043,-1.0,1290.1244086485622
2025-10-10,1,2025-10-10 04:15:00,2025-10-10 05:18:40,13,3948.093,3976.269600529101,3936.248721,3979.3396699346404,3979.3396699346404,-0.786692580459079,tp,0.1,0.7000000000000001,281.0660052910105,2.3789207033286917,1571.190413939572
2025-10-10,1,2025-10-10 07:05:00,2025-10-10 07:55:05,11,3960.73,3973.7986157894734,3948.84781,3975.0155156862743,3975.0155156862743,-0.35859018990051167,tp,0.1,0.7000000000000001,129.9861578947337,1.0998490841733366,1701.176571834305
2025-10-10,-1,2025-10-10 08:15:00,2025-10-10 09:13:05,12,3988.103,4000.0673089999996,4000.0673089999996,3974.0430858585855,3974.0430858585855,0.3527242618806706,sl,0.1,0.7000000000000001,-120.34308999999503,-1.0,1580.83348183431
2025-10-10,-1,2025-10-10 09:20:00,2025-10-10 09:46:40,6,3992.246,4004.2227379999995,4004.2227379999995,3976.0108571428564,3976.0108571428564,0.40786213719740205,sl,0.1,0.7000000000000001,-120.46737999999387,-1.0,1460.3661018343155
2025-10-10,-1,2025-10-10 09:55:00,2025-10-10 12:48:25,35,3998.589,3980.9695980392153,4010.5847669999994,3977.3339229691874,3977.3339229691874,0.5364542541322372,tp,0.1,0.7000000000000001,175.49401960784672,1.4688016165023465,1635.8601214421615
2025-10-10,-1,2025-10-10 13:35:00,2025-10-10 13:49:40,3,3995.097,3981.530302020202,4007.0822909999997,3981.3769764826175,3981.3769764826175,0.34619991020191376,tp,0.1,0.7000000000000001,134.96697979798392,1.131945647360498,1770.8271012401456
2025-10-10,-1,2025-10-10 15:05:00,2025-10-10 15:06:15,1,3996.821,4008.8114629999995,4008.8114629999995,3981.7455478821357,3981.7455478821357,0.3801335855304704,sl,0.1,0.7000000000000001,-120.60462999999636,-1.0,1650.2224712401494
2025-10-10,-1,2025-10-10 15:15:00,2025-10-10 15:30:20,4,4009.153,4021.1804589999992,4021.1804589999992,3982.020492714025,3982.020492714025,0.6835978703721394,sl,0.1,0.7000000000000001,-120.97458999999454,-1.0,1529.247881240155
2025-10-10,-1,2025-10-10 15:40:00,2025-10-10 16:06:50,6,4014.327,3983.358109671848,4026.369981,3982.8633794326242,3982.8633794326242,0.7913181438793342,tp,0.1,0.7000000000000001,308.9889032815216,2.5715302820915507,1838.2367845216768
2025-10-10,-1,2025-10-10 18:15:00,2025-10-10 18:23:45,2,3995.772,4007.7593159999997,4007.7593159999997,3983.765461948249,3983.765461948249,0.3006712660712982,sl,0.1,0.7000000000000001,-120.57315999999737,-1.0,1717.6636245216796
2025-10-10,-1,2025-10-10 18:30:00,2025-10-10 19:44:00,15,4004.248,4016.2607439999997,4016.2607439999997,3984.024741741741,3984.024741741741,0.5101815268690605,sl,0.1,0.7000000000000001,-120.82743999999657,-1.0,1596.8361845216823
2025-10-10,-1,2025-10-10 19:50:00,2025-10-10 20:57:55,14,4014.217,4010.498,4026.259651,3985.349422969188,3985.349422969188,0.7238029585200322,session_end,0.1,0.7000000000000001,36.49000000000051,0.3088190465704045,1633.326184521682
2025-10-13,-1,2025-10-13 00:40:00,2025-10-13 01:00:05,5,4052.263,4039.7291944444446,4064.4197889999996,4034.912166666667,4034.912166666667,0.42975739290152476,tp,0.1,0.7000000000000001,124.63805555555318,1.0310128402784375,1757.9642400772354
2025-10-13,-1,2025-10-13 05:05:00,2025-10-13 05:26:05,5,4061.677,4073.8620309999997,4073.8620309999997,4048.2025163934427,4048.2025163934427,0.3309612983120624,sl,0.1,0.7000000000000001,-122.55030999999526,-1.0,1635.4139300772404
2025-10-13,-1,2025-10-13 05:35:00,2025-10-13 13:14:10,92,4075.687,4087.9140609999995,4087.9140609999995,4049.98838557214,4049.98838557214,0.6348194607039072,sl,0.1,0.7000000000000001,-122.97060999999594,-1.0,1512.4433200772437
2025-10-13,-1,2025-10-13 13:20:00,2025-10-13 14:46:00,18,4087.502,4099.7645059999995,4099.7645059999995,4064.587252083334,4064.587252083334,0.562769267776006,sl,0.1,0.7000000000000001,-123.32505999999576,-1.0,1389.1182600772481
2025-10-13,-1,2025-10-13 14:55:00,2025-10-13 16:10:50,16,4101.974,4114.279922,4114.279922,4067.668939478584,4067.668939478584,0.8447973773849251,sl,0.1,0.7000000000000001,-123.75921999999555,-1.0,1265.3590400772518
2025-10-13,-1,2025-10-13 16:20:00,2025-10-13 23:35:00,76,4114.481,4126.8244429999995,4126.8244429999995,4070.606792517006,4070.606792517006,1.0797335562793868,sl,0.1,0.7000000000000001,-124.13442999999752,-1.0,1141.2246100772536
2025-10-14,-1,2025-10-14 01:15:00,2025-10-14 03:09:40,23,4140.591,4153.0127729999995,4153.0127729999995,4126.518588888889,4126.518588888889,0.34278074377753237,sl,0.1,0.7000000000000001,-124.91772999999121,-1.0,1016.3068800772617
2025-10-14,-1,2025-10-14 03:15:00,2025-10-14 04:14:20,12,4154.756,4167.220268,4167.220268,4137.208192307694,4137.208192307694,0.42396483031524573,sl,0.1,0.7000000000000001,-125.3426799999972,-1.0,890.9642000772637
2025-10-14,-1,2025-10-14 04:20:00,2025-10-14 05:09:10,10,4164.302,4176.794905999999,4176.794905999999,4143.36046794872,4143.36046794872,0.5048566788502609,sl,0.1,0.7000000000000001,-125.62905999999494,-1.0,765.3351400772681
2025-10-14,-1,2025-10-14 05:15:00,2025-10-14 05:38:30,5,4176.811,4149.152534825873,4189.341433,4147.382611111114,4147.382611111114,0.7092880413318126,tp,0.1,0.7000000000000001,275.8846517412683,2.207303225205948,1041.2197918185357
2025-10-14,1,2025-10-14 05:45:00,2025-10-14 06:14:45,6,4119.976,4107.616072,4107.616072,4148.912963768118,4148.912963768118,-0.6965550740758616,sl,0.1,0.7000000000000001,-124.29927999999855,-1.0,916.9205118185364
2025-10-14,1,2025-10-14 06:20:00,2025-10-14 06:23:15,1,4111.478,4099.143566,4099.143566,4146.375666666668,4146.375666666668,-0.8411241399818766,sl,0.1,0.7000000000000001,-124.04434000000329,-1.0,792.8761718185324
2025-10-14,1,2025-10-14 06:30:00,2025-10-14 06:42:05,3,4114.144,4101.801568,4101.801568,4145.320012820514,4145.320012820514,-0.7533920836974138,sl,0.1,0.7000000000000001,-124.12432000000372,-1.0,668.7518518185279
2025-10-14,1,2025-10-14 06:50:00,2025-10-14 08:13:10,17,4098.69,4139.302068027211,4086.3939299999997,4143.303760162602,4143.303760162602,-1.079458875128362,tp,0.1,0.7000000000000001,405.42068027211536,3.302849449231499,1074.1725320906426
2025-10-14,1,2025-10-14 12:25:00,2025-10-14 12:33:35,2,4123.307,4110.937078999999,4110.937078999999,4137.70265212528,4137.70265212528,-0.34710450055909453,sl,0.1,0.7000000000000001,-124.39921000000432,-1.0,949.7733220906375
2025-10-14,1,2025-10-14 12:40:00,2025-10-14 13:01:00,5,4110.703,4098.3708910000005,4098.3708910000005,4137.271701754387,4137.271701754387,-0.643641599440893,sl,0.1,0.7000000000000001,-124.02108999999946,-1.0,825.7522320906373
2025-10-14,1,2025-10-14 13:10:00,2025-10-14 14:10:55,13,4103.8,4134.825868627451,4091.4886,4136.125130801689,4136.125130801689,-0.7796096535270672,tp,0.1,0.7000000000000001,309.5586862745102,2.520092648070154,1135.3109183651468
2025-10-14,-1,2025-10-14 16:50:00,2025-10-14 19:37:30,34,4149.203,4136.697051773052,4161.650609,4134.856615511552,4134.856615511552,0.34658721743062815,tp,0.1,0.7000000000000001,124.35948226948021,1.0046867817705547,1259.6704006346263
2025-10-14,-1,2025-10-14 22:15:00,2025-10-14 23:59:55,21,4160.96,4161.711,4173.44288,4137.228642483663,4137.228642483663,0.573472233869428,session_end,0.1,0.7000000000000001,-8.210000000002037,-0.06016239842089564,1251.4604006346235
2025-10-15,-1,2025-10-15 01:10:00,2025-10-15 02:31:20,17,4179.266,4173.693466666667,4191.803797999999,4165.214238095237,4165.214238095237,0.33874036479850594,tp,0.1,0.7000000000000001,55.025333333330124,0.44445869468731963,1306.485733967953
2025-10-15,-1,2025-10-15 03:50:00,2025-10-15 04:25:20,8,4188.051,4176.862286163521,4200.615153,4175.547869565217,4175.547869565217,0.3008618468093523,tp,0.1,0.7000000000000001,111.1871383647911,0.8905267101156511,1417.6728723327433
2025-10-15,-1,2025-10-15 05:25:00,2025-10-15 07:37:50,27,4191.941,4204.516822999999,4204.516822999999,4177.68695128205,4177.68695128205,0.34180513964953685,sl,0.1,0.7000000000000001,-126.45822999999218,-1.0,1291.2146423327504
2025-10-15,-1,2025-10-15 07:45:00,2025-10-15 08:18:50,7,4204.926,4217.540778,4217.540778,4182.586858422938,4182.586858422938,0.5330347541298268,sl,0.1,0.7000000000000001,-126.84777999999206,-1.0,1164.3668623327576
2025-10-15,-1,2025-10-15 08:25:00,2025-10-15 09:20:50,12,4215.967,4187.367214285713,4228.614900999999,4184.835674917491,4184.835674917491,0.7457120782436443,tp,0.1,0.7000000000000001,285.29785714286555,2.2612278285770886,1449.6647194756224
2025-10-15,-1,2025-10-15 10:20:00,2025-10-15 12:16:05,24,4202.923,4189.6867562358275,4215.531768999999,4187.899529569892,4187.899529569892,0.3602514894061244,tp,0.1,0.7000000000000001,131.66243764172287,1.0497649504224265,1581.3271571173445
2025-10-15,-1,2025-10-15 14:10:00,2025-10-15 15:34:30,17,4206.19,4190.784302867384,4218.808569999999,4189.775782352942,4189.775782352942,0.39163713046819526,tp,0.1,0.7000000000000001,153.35697132615388,1.220875038345536,1734.6841284434977
2025-10-15,-1,2025-10-15 19:05:00,2025-10-15 23:59:55,47,4204.6,4209.556,4217.2137999999995,4191.569930858808,4191.569930858808,0.3122593528699548,session_end,0.1,0.7000000000000001,-50.25999999999222,-0.39290301098792957,1684.4241284435047
2025-10-16,-1,2025-10-16 03:00:00,2025-10-16 04:51:55,23,4239.466,4229.158833333332,4252.184398,4224.984694444445,4224.984694444445,0.34454102460290964,tp,0.1,0.7000000000000001,102.37166666668308,0.8104139111441807,1786.795795110187
2025-10-16,1,2025-10-16 05:35:00,2025-10-16 06:20:15,10,4210.84,4227.057587719297,4198.20748,4228.923813432833,4228.923813432833,-0.42957296547007734,tp,0.1,0.7000000000000001,161.47587719296718,1.2837967182554686,1948.2716723031544
2025-10-16,-1,2025-10-16 10:55:00,2025-10-16 12:40:10,22,4242.219,4230.708971491228,4254.945656999999,4228.752110687023,4228.752110687023,0.31778616861970155,tp,0.1,0.7000000000000001,114.40028508771938,0.9044031365638767,2062.671957390874
2025-10-16,-1,2025-10-16 13:15:00,2025-10-16 13:43:10,6,4245.888,4258.625663999999,4258.625663999999,4231.09399475891,4231.09399475891,0.35065411592056517,sl,0.1,0.7000000000000001,-128.07663999999312,-1.0,1934.595317390881
2025-10-16,-1,2025-10-16 13:50:00,2025-10-16 14:30:55,9,4253.094,4265.853282,4265.853282,4231.951052208836,4231.951052208836,0.4996855476418337,sl,0.1,0.7000000000000001,-128.29281999999984,-1.0,1806.3024973908814
2025-10-16,-1,2025-10-16 14:40:00,2025-10-16 18:00:00,8,4259.436,4272.214308,4272.214308,4233.480880681819,4233.480880681819,0.6133633303193056,sl,0.1,0.7000000000000001,-128.48307999999923,-1.0,1677.8194173908814
2025-10-16,-1,2025-10-16 18:10:00,2025-10-16 19:54:15,21,4291.508,4304.382524,4304.382524,4235.2381936936945,4235.2381936936945,1.3296609005405593,sl,0.1,0.7000000000000001,-129.44523999999836,-1.0,1548.3741773908823
2025-10-16,-1,2025-10-16 20:00:00,2025-10-16 20:11:45,3,4307.435,4320.3573049999995,4320.3573049999995,4241.309897745573,4241.309897745573,1.5583771016015453,sl,0.1,0.7000000000000001,-129.9230499999914,-1.0,1418.4511273908902
2025-10-16,-1,2025-10-16 20:20:00,2025-10-16 20:54:05,7,4315.871,4328.8186129999995,4328.8186129999995,4242.7245252764615,4242.7245252764615,1.724551624495836,sl,0.1,0.7000000000000001,-130.17612999999363,-1.0,1288.2749973908958
2025-10-16,-1,2025-10-16 22:02:00,2025-10-16 22:10:05,3,4345.177,4358.212530999999,4358.212530999999,4245.523292998479,4245.523292998479,1.9757330536815827,sl,0.1,0.7000000000000001,-131.05530999999536,-1.0,1157.2196873908997
2025-10-16,-1,2025-10-16 22:20:00,2025-10-16 23:59:55,20,4369.093,4365.904,4382.200279,4247.418362481316,4247.418362481316,2.863672168324565,session_end,0.1,0.7000000000000001,31.18999999999396,0.24329992517893578,1188.409687390893
2025-10-17,1,2025-10-17 01:20:00,2025-10-17 01:32:45,3,4337.015,4324.003955,4324.003955,4358.277854166667,4358.277854166667,-0.48935278750704336,sl,0.1,0.7000000000000001,-130.81045000000194,-1.0,1057.5992373908903
2025-10-17,1,2025-10-17 01:40:00,2025-10-17 01:42:05,1,4321.265,4308.301205000001,4308.301205000001,4352.470666666667,4352.470666666667,-0.7182395715169388,sl,0.1,0.7000000000000001,-130.33794999999662,-1.0,927.2612873908929
2025-10-17,1,2025-10-17 01:50:00,2025-10-17 02:30:35,9,4300.671,4340.355955555556,4287.768987,4347.4267272727275,4347.4267272727275,-1.078206263458598,tp,0.1,0.7000000000000001,396.1495555555546,3.075873164563993,1323.4108429464468
2025-10-17,-1,2025-10-17 03:15:00,2025-10-17 04:02:20,10,4359.626,4372.704878,4372.704878,4341.164098290598,4341.164098290598,0.426692041351203,sl,0.1,0.7000000000000001,-131.48877999999348,-1.0,1191.9220629464526
2025-10-17,-1,2025-10-17 04:10:00,2025-10-17 05:32:30,17,4374.586,4350.423186868687,4387.709758,4345.707759999999,4345.707759999999,0.6640515560116813,tp,0.1,0.7000000000000001,240.9281313131367,1.8411504640145129,1432.8501942595885
2025-10-17,-1,2025-10-17 05:55:00,2025-10-17 06:33:35,8,4367.312,4352.18570940171,4380.413935999999,4351.093049295775,4351.093049295775,0.3740083358331978,tp,0.1,0.7000000000000001,150.56290598290326,1.154508051198796,1583.413100242491
2025-10-17,1,2025-10-17 07:30:00,2025-10-17 08:07:35,8,4338.737,4325.720789,4325.720789,4352.485277777779,4352.485277777779,-0.315331974765134,sl,0.1,0.7000000000000001,-130.8621100000011,-1.0,1452.5509902424892
2025-10-17,1,2025-10-17 08:15:00,2025-10-17 10:39:30,29,4334.309,4321.306073,4321.306073,4351.166688552189,4351.166688552189,-0.38852082124699217,sl,0.1,0.7000000000000001,-130.72927000000453,-1.0,1321.821720242484
2025-10-17,1,2025-10-17 10:45:00,2025-10-17 11:13:20,6,4331.403,4318.408791,4318.408791,4348.51085400517,4348.51085400517,-0.39469497907224077,sl,0.1,0.7000000000000001,-130.6420900000041,-1.0,1191.179630242479
2025-10-17,1,2025-10-17 11:20:00,2025-10-17 11:30:50,3,4330.49,4317.49853,4317.49853,4347.568963235295,4347.568963235295,-0.39402395638014315,sl,0.1,0.7000000000000001,-130.61469999999935,-1.0,1060.564930242479
2025-10-17,1,2025-10-17 11:40:00,2025-10-17 11:44:20,1,4319.389,4306.430833,4306.430833,4346.77476904762,4346.77476904762,-0.6326591670551559,sl,0.1,0.7000000000000001,-130.28166999999775,-1.0,930.2832602424805
2025-10-17,1,2025-10-17 11:50:00,2025-10-17 11:56:30,2,4307.336,4294.413992,4294.413992,4346.2540023474185,4346.2540023474185,-0.8961165713366769,sl,0.1,0.7000000000000001,-129.9200800000046,-1.0,800.3631802424752
2025-10-17,1,2025-10-17 12:05:00,2025-10-17 13:35:30,19,4287.962,4275.098114,4275.098114,4345.197902298851,4345.197902298851,-1.3183841930086293,sl,0.1,0.7000000000000001,-129.33886000000092,-1.0,671.0243202424736
2025-10-17,1,2025-10-17 13:45:00,2025-10-17 13:59:20,3,4286.227,4273.368319,4273.368319,4340.401415151515,4340.401415151515,-1.2475324278186564,sl,0.1,0.7000000000000001,-129.28680999999705,-1.0,541.7375102424758
2025-10-17,1,2025-10-17 14:05:00,2025-10-17 14:05:50,1,4238.629,4225.913113,4225.913113,4338.859594674555,4338.859594674555,-2.3092495271691518,sl,0.1,0.7000000000000001,-127.85887000000294,-1.0,413.8786402424721
2025-10-17,1,2025-10-17 14:15:00,2025-10-17 16:46:10,31,4217.746,4205.092762,4205.092762,4337.617114035087,4337.617114035087,-2.7629597284486622,sl,0.1,0.7000000000000001,-127.23237999999874,-1.0,286.64626024247264
2025-10-17,1,2025-10-17 16:55:00,2025-10-17 17:02:35,2,4211.564,4198.929308000001,4198.929308000001,4322.0174408867,4322.0174408867,-2.5554718924049666,sl,0.1,0.7000000000000001,-127.04691999999632,-1.0,159.5993402424756
2025-10-17,1,2025-10-17 17:10:00,2025-10-17 20:57:55,46,4193.336,4250.998,4180.755992,4320.237260517801,4320.237260517801,-2.9387219465484593,session_end,0.1,0.7000000000000001,575.9199999999935,4.583621886408958,735.5193402424684
2025-10-20,-1,2025-10-20 01:00:00,2025-10-20 01:01:10,1,4249.461,4235.494805555555,4262.209382999999,4235.494805555555,4235.494805555555,0.33154790854721233,tp,0.1,0.7000000000000001,138.96194444445138,1.0955267381318885,874.481284686919
2025-10-20,-1,2025-10-20 01:15:00,2025-10-20 01:50:15,8,4255.219,4267.984657,4267.984657,4236.683611111111,4236.683611111111,0.43998774985230354,sl,0.1,0.7000000000000001,-128.35656999999918,-1.0,746.1247146869191
2025-10-20,-1,2025-10-20 02:00:00,2025-10-20 03:34:40,19,4262.506,4252.007515873015,4275.2935179999995,4245.533430555555,4245.533430555555,0.39898565684425735,tp,0.1,0.7000000000000001,104.28484126985204,0.8209946705049311,850.4095559567704
2025-10-20,-1,2025-10-20 04:40:00,2025-10-20 05:20:50,9,4267.181,4255.518374999999,4279.982542999999,4254.207976190475,4254.207976190475,0.3045343312323605,tp,0.1,0.7000000000000001,115.92625000000844,0.9110327559733404,966.3358059567781
2025-10-20,1,2025-10-20 06:00:00,2025-10-20 06:29:50,6,4240.102,4227.381694,4227.381694,4255.058175925926,4255.058175925926,-0.3527490178829266,sl,0.1,0.7000000000000001,-127.90306000000164,-1.0,838.4327459567758
2025-10-20,1,2025-10-20 06:35:00,2025-10-20 07:12:15,8,4234.574,4252.10773255814,4221.870277999999,4253.397909282701,4253.397909282701,-0.44200918145163365,tp,0.1,0.7000000000000001,174.637325581404,1.3802043651569302,1013.070071538179
2025-10-20,-1,2025-10-20 11:55:00,2025-10-20 12:00:00,2,4267.039,4279.840117,4279.840117,4254.220276223778,4254.220276223778,0.3007654269275296,sl,0.1,0.7000000000000001,-128.71116999999975,-1.0,884.3589015381785
2025-10-20,-1,2025-10-20 12:10:00,2025-10-20 12:19:10,2,4278.285,4291.119854999999,4291.119854999999,4254.6794109589055,4254.6794109589055,0.5560016808825354,sl,0.1,0.7000000000000001,-129.0485499999915,-1.0,755.3103515381863
2025-10-20,-1,2025-10-20 12:25:00,2025-10-20 12:36:15,3,4296.799,4309.689396999999,4309.689396999999,4255.36017114094,4255.36017114094,0.9755538236362518,sl,0.1,0.7000000000000001,-129.6039699999921,-1.0,625.7063815381935
2025-10-20,-1,2025-10-20 12:45:00,2025-10-20 14:20:40,20,4320.112,4333.072335999999,4333.072335999999,4256.717349673204,4256.717349673204,1.4908471743294893,sl,0.1,0.7000000000000001,-130.30335999999187,-1.0,495.40302153820085
2025-10-20,-1,2025-10-20 14:30:00,2025-10-20 15:05:25,8,4326.471,4339.450412999999,4339.450412999999,4263.835724137933,4263.835724137933,1.4691179471913618,sl,0.1,0.7000000000000001,-130.49412999999112,-1.0,364.908891538209
2025-10-20,-1,2025-10-20 15:15:00,2025-10-20 18:30:05,40,4346.208,4359.246623999999,4359.246623999999,4267.182465391623,4267.182465391623,1.853143971454709,sl,0.1,0.7000000000000001,-131.08623999999799,-1.0,233.82265153821027
2025-10-20,-1,2025-10-20 18:40:00,2025-10-20 19:55:40,16,4362.056,4375.142167999999,4375.142167999999,4281.945638392858,4281.945638392858,1.8693105510135282,sl,0.1,0.7000000000000001,-131.56167999999815,-1.0,102.26097153821138
2025-10-20,-1,2025-10-20 20:05:00,2025-10-20 23:59:55,35,4363.791,4360.591,4376.8823729999995,4287.862470954357,4287.862470954357,1.7702067069503804,session_end,0.1,0.7000000000000001,31.29999999999818,0.2444357822514102,133.56097153820883
2025-10-21,1,2025-10-21 01:30:00,2025-10-21 01:37:35,2,4350.313,4337.262061,4337.262061,4363.451851851851,4363.451851851851,-0.30279586667706043,sl,0.1,0.7000000000000001,-131.20938999999743,-1.0,2.3515815382106666
2025-10-21,1,2025-10-21 01:45:00,2025-10-21 05:12:05,42,4346.325,4333.286024999999,4333.286024999999,4360.680436507936,4360.680436507936,-0.33116245774480074,sl,0.1,0.7000000000000001,-131.0897500000039,-1.0,-128.73816846179398
2025-10-21,1,2025-10-21 05:20:00,2025-10-21 05:34:30,3,4331.71,4318.71487,4318.71487,4349.3064739583315,4349.3064739583315,-0.40597217197854124,sl,0.1,0.7000000000000001,-130.65130000000244,-1.0,-259.38946846179715
2025-10-21,1,2025-10-21 05:40:00,2025-10-21 07:33:50,23,4323.191,4310.2214269999995,4310.2214269999995,4348.028235294116,4348.028235294116,-0.5711493566792892,sl,0.1,0.7000000000000001,-130.39573000000308,-1.0,-389.785198461801
2025-10-21,1,2025-10-21 07:40:00,2025-10-21 08:03:15,5,4297.458,4284.565626,4284.565626,4342.737652173911,4342.737652173911,-1.0440914419781377,sl,0.1,0.7000000000000001,-129.62374000000017,-1.0,-519.4089384618019
2025-10-21,1,2025-10-21 08:10:00,2025-10-21 08:12:45,1,4280.765,4267.922705,4267.922705,4339.787071428569,4339.787071428569,-1.3598955537959498,sl,0.1,0.7000000000000001,-129.12295000000375,-1.0,-648.5318884618064
2025-10-21,1,2025-10-21 08:20:00,2025-10-21 10:16:25,24,4265.152,4252.356544,4252.356544,4338.166913333332,4338.166913333332,-1.6848455763351495,sl,0.1,0.7000000000000001,-128.6545599999983,-1.0,-777.1864484618054
2025-10-21,1,2025-10-21 10:25:00,2025-10-21 11:56:35,19,4261.006,4248.222982,4248.222982,4323.780126666665,4323.780126666665,-1.4539505901085195,sl,0.1,0.7000000000000001,-128.53018000000083,-1.0,-905.716628461807
2025-10-21,1,2025-10-21 12:05:00,2025-10-21 12:10:40,2,4254.904,4242.139288,4242.139288,4314.97683563218,4314.97683563218,-1.39220528685361,sl,0.1,0.7000000000000001,-128.34712000000144,-1.0,-1034.0637484618092
2025-10-21,1,2025-10-21 12:20:00,2025-10-21 12:33:50,3,4230.712,4218.019864000001,4218.019864000001,4313.384448198195,4313.384448198195,-1.916405764218979,sl,0.1,0.7000000000000001,-127.62135999999664,-1.0,-1161.6851084618065
2025-10-21,1,2025-10-21 12:40:00,2025-10-21 12:46:15,2,4222.294,4209.627117999999,4209.627117999999,4311.022791666664,4311.022791666664,-2.0610953817832236,sl,0.1,0.7000000000000001,-127.36882000000442,-1.0,-1289.0539284618117
2025-10-21,1,2025-10-21 12:55:00,2025-10-21 13:02:05,2,4207.934,4195.310198,4195.310198,4309.175719354836,4309.175719354836,-2.3490622324863315,sl,0.1,0.7000000000000001,-126.93802000000069,-1.0,-1415.991948461813
2025-10-21,1,2025-10-21 13:10:00,2025-10-21 13:47:55,8,4201.16,4188.55652,4188.55652,4307.211964135017,4307.211964135017,-2.463367603417319,sl,0.1,0.7000000000000001,-126.73479999999763,-1.0,-1542.7267484618114
2025-10-21,1,2025-10-21 13:55:00,2025-10-21 14:20:35,6,4176.81,4164.279570000001,4164.279570000001,4301.416096806384,4301.416096806384,-2.8956649159996575,sl,0.1,0.7000000000000001,-126.00429999999797,-1.0,-1668.7310484618101
2025-10-21,1,2025-10-21 14:30:00,2025-10-21 14:30:15,1,4137.044,4124.632868,4124.632868,4296.033842911875,4296.033842911875,-3.702166899227033,sl,0.1,0.7000000000000001,-124.8113200000018,-1.0,-1793.5423684618127
2025-10-21,1,2025-10-21 14:40:00,2025-10-21 14:42:50,1,4118.821,4106.464537,4106.464537,4294.113628787876,4294.113628787876,-4.081753394060797,sl,0.1,0.7000000000000001,-124.26463000000076,-1.0,-1917.8069984618141
2025-10-21,1,2025-10-21 14:50:00,2025-10-21 17:27:25,32,4113.32,4100.9800399999995,4100.9800399999995,4291.991288389511,4291.991288389511,-4.164518899957513,sl,0.1,0.7000000000000001,-124.09960000000247,-1.0,-2041.9065984618173
2025-10-21,1,2025-10-21 17:35:00,2025-10-21 19:17:50,21,4113.895,4101.553315,4101.553315,4265.7330908372805,4265.7330908372805,-3.560949257785488,sl,0.1,0.7000000000000001,-124.11685000000325,-1.0,-2166.0234484618213
2025-10-21,1,2025-10-21 19:25:00,2025-10-21 23:59:55,43,4100.881,4093.199,4088.5783570000003,4251.469724606579,4251.469724606579,-3.543556331464176,session_end,0.1,0.7000000000000001,-77.52000000000244,-0.6244186716626867,-2243.5434484618236
2025-10-22,-1,2025-10-22 00:35:00,2025-10-22 00:45:45,3,4071.128,4083.341384,4083.341384,4050.2075476190475,4050.2075476190475,0.5178982097666441,sl,0.1,0.7000000000000001,-122.83383999999678,-1.0,-2366.377288461821
2025-10-22,-1,2025-10-22 00:55:00,2025-10-22 01:04:00,2,4079.725,4091.9641749999996,4091.9641749999996,4060.7716212121213,4060.7716212121213,0.4686025357466159,sl,0.1,0.7000000000000001,-123.09174999999705,-1.0,-2489.469038461819
2025-10-22,-1,2025-10-22 01:10:00,2025-10-22 03:32:55,29,4111.207,4123.540621,4123.540621,4066.894714285714,4066.894714285714,1.0911712456780374,sl,0.1,0.7000000000000001,-124.03620999999767,-1.0,-2613.5052484618172
2025-10-22,-1,2025-10-22 03:40:00,2025-10-22 05:17:45,20,4132.161,4144.557483,4144.557483,4095.6212196969705,4095.6212196969705,0.8907630453611377,sl,0.1,0.7000000000000001,-124.66482999999535,-1.0,-2738.1700784618133
2025-10-22,-1,2025-10-22 05:25:00,2025-10-22 06:43:05,16,4143.89,4156.32167,4156.32167,4107.373017948718,4107.373017948718,0.8885115106859175,sl,0.1,0.7000000000000001,-125.0166999999994,-1.0,-2863.1867784618134
2025-10-22,-1,2025-10-22 06:50:00,2025-10-22 08:04:00,15,4156.685,4118.419225694445,4169.155055,4114.277589430895,4114.277589430895,1.0301908329663294,tp,0.1,0.7000000000000001,381.9577430555517,3.0686131140204163,-2481.2290354062625
2025-10-22,1,2025-10-22 08:10:00,2025-10-22 08:12:40,1,4102.599,4090.291203,4090.291203,4118.353357142858,4118.353357142858,-0.3851261843607621,sl,0.1,0.7000000000000001,-123.77796999999937,-1.0,-2605.0070054062617
2025-10-22,1,2025-10-22 08:20:00,2025-10-22 09:17:35,12,4081.331,4069.087007,4069.087007,4117.68576,4117.68576,-0.8809866054470495,sl,0.1,0.7000000000000001,-123.13993000000046,-1.0,-2728.146935406263
2025-10-22,1,2025-10-22 09:25:00,2025-10-22 10:41:30,16,4069.326,4057.118022,4057.118022,4114.456485250737,4114.456485250737,-1.096815227296958,sl,0.1,0.7000000000000001,-122.77977999999912,-1.0,-2850.926715406262
2025-10-22,1,2025-10-22 10:50:00,2025-10-22 10:52:25,1,4059.26,4047.0822200000002,4047.0822200000002,4108.775335897435,4108.775335897435,-1.2044181502230162,sl,0.1,0.7000000000000001,-122.47779999999985,-1.0,-2973.4045154062624
2025-10-22,1,2025-10-22 11:00:00,2025-10-22 11:02:10,1,4035.271,4023.165187,4023.165187,4107.696616161616,4107.696616161616,-1.7644223255548197,sl,0.1,0.7000000000000001,-121.75813000000126,-1.0,-3095.1626454062643
2025-10-22,1,2025-10-22 11:10:00,2025-10-22 11:39:45,6,4028.363,4016.2779109999997,4016.2779109999997,4106.509189054726,4106.509189054726,-1.9024598620881152,sl,0.1,0.7000000000000001,-121.55089000000153,-1.0,-3216.7135354062666
2025-10-22,1,2025-10-22 11:45:00,2025-10-22 19:03:25,88,4022.598,4082.8859137426894,4010.530206,4102.618991725769,4102.618991725769,-1.9503271419340555,tp,0.1,0.7000000000000001,602.1791374268939,4.995769213717864,-2614.5343979793724
2025-10-22,-1,2025-10-22 19:25:00,2025-10-22 19:32:10,2,4098.243,4110.537729,4110.537729,4083.0352124463516,4083.0352124463516,0.374042513938985,sl,0.1,0.7000000000000001,-123.6472899999928,-1.0,-2738.181687979366
2025-10-22,-1,2025-10-22 19:40:00,2025-10-22 23:12:10,31,4106.587,4085.3241616541345,4118.906761,4083.3300988700557,4083.3300988700557,0.5707939491934227,tp,0.1,0.7000000000000001,211.9283834586593,1.7259132174614729,-2526.2533045207074
2025-10-23,-1,2025-10-23 03:20:00,2025-10-23 04:22:00,13,4095.949,4084.174820512821,4108.236846999999,4081.7332166666674,4081.7332166666674,0.34811886468505254,tp,0.1,0.7000000000000001,117.04179487179026,0.958197110297666,-2409.211509648918
2025-10-23,-1,2025-10-23 05:50:00,2025-10-23 06:00:05,3,4098.799,4111.095396999999,4111.095396999999,4085.623228571429,4085.623228571429,0.32184248749654537,sl,0.1,0.7000000000000001,-123.66396999999161,-1.0,-2532.87547964891
2025-10-23,-1,2025-10-23 06:10:00,2025-10-23 07:37:15,18,4127.106,4093.258976190478,4139.4873179999995,4087.1689459459462,4087.1689459459462,0.9752362718842518,tp,0.1,0.7000000000000001,337.77023809521944,2.733717348146834,-2195.1052415536906
2025-10-23,-1,2025-10-23 08:05:00,2025-10-23 09:15:30,15,4108.873,4121.199618999999,4121.199618999999,4093.7375893470803,4093.7375893470803,0.3674615268957377,sl,0.1,0.7000000000000001,-123.96618999999482,-1.0,-2319.071431553686
2025-10-23,-1,2025-10-23 09:25:00,2025-10-23 12:23:20,36,4119.169,4101.07247972973,4131.526507,4096.713904129794,4096.713904129794,0.5476241786762389,tp,0.1,0.7000000000000001,180.2652027027005,1.4644151340776475,-2138.8062288509864
2025-10-23,-1,2025-10-23 12:35:00,2025-10-23 13:00:45,6,4118.703,4131.059109,4131.059109,4101.223910596027,4101.223910596027,0.4259603909661792,sl,0.1,0.7000000000000001,-124.26108999999379,-1.0,-2263.067318850981
2025-10-23,-1,2025-10-23 13:10:00,2025-10-23 13:24:10,3,4133.232,4145.6316959999995,4145.6316959999995,4102.319635021097,4102.319635021097,0.7532534694543164,sl,0.1,0.7000000000000001,-124.69695999999495,-1.0,-2387.7642788509766
2025-10-23,-1,2025-10-23 13:30:00,2025-10-23 20:00:05,79,4147.233,4114.664093055556,4159.674699,4103.277407407407,4103.277407407407,1.0706098620894893,tp,0.1,0.7000000000000001,324.9890694444428,2.617721819539627,-2062.7752094065345
2025-10-24,-1,2025-10-24 01:15:00,2025-10-24 01:35:10,5,4142.97,4131.654763157894,4155.39891,4130.359033333333,4130.359033333333,0.30490004779325225,tp,0.1,0.7000000000000001,112.4523684210606,0.9103965546541406,-1950.3228409854746
2025-10-24,1,2025-10-24 01:55:00,2025-10-24 03:55:55,25,4116.053,4122.250932624114,4103.704841,4130.295326086956,4130.295326086956,-0.3444505771076291,tp,0.1,0.7000000000000001,61.279326241144005,0.5019317150122815,-1889.0435147443313
2025-10-24,1,2025-10-24 04:25:00,2025-10-24 06:04:40,20,4106.355,4094.0359349999994,4094.0359349999994,4121.5850849056615,4121.5850849056615,-0.3692653334126168,sl,0.1,0.7000000000000001,-123.89065000000137,-1.0,-2012.9341647443325
2025-10-24,1,2025-10-24 06:10:00,2025-10-24 07:51:35,21,4089.639,4077.3700830000002,4077.3700830000002,4118.07382882883,4118.07382882883,-0.6899179084632998,sl,0.1,0.7000000000000001,-123.38916999999874,-1.0,-2136.323334744331
2025-10-24,1,2025-10-24 08:00:00,2025-10-24 08:10:25,3,4074.494,4062.2705180000003,4062.2705180000003,4111.349486111112,4111.349486111112,-0.9005312303462885,sl,0.1,0.7000000000000001,-122.93481999999877,-1.0,-2259.2581547443297
2025-10-24,1,2025-10-24 08:20:00,2025-10-24 12:30:55,51,4055.114,4093.568835555554,4042.948658,4109.362353333334,4109.362353333334,-1.318376153647973,tp,0.1,0.7000000000000001,383.8483555555393,3.161015576508509,-1875.4097991887902
2025-10-24,1,2025-10-24 12:40:00,2025-10-24 13:05:25,6,4080.445,4093.037077494691,4068.203665,4093.4208289473668,4093.4208289473668,-0.31839699586222375,tp,0.1,0.7000000000000001,125.22077494690784,1.0286523075049099,-1750.189024241883
2025-10-24,-1,2025-10-24 13:15:00,2025-10-24 14:12:25,12,4112.018,4124.354053999999,4124.354053999999,4093.2209213836463,4093.2209213836463,0.4588948160170206,sl,0.1,0.7000000000000001,-124.06053999999422,-1.0,-1874.249564241878
2025-10-24,-1,2025-10-24 14:20:00,2025-10-24 20:01:00,69,4126.879,4101.847376388889,4139.259636999999,4094.761467054262,4094.761467054262,0.7857852821127843,tp,0.1,0.7000000000000001,249.61623611111173,2.021836486370822,-1624.633328130767
2025-10-27,-1,2025-10-27 01:10:00,2025-10-27 02:00:00,11,4094.41,4079.919444444444,4106.69323,4073.60680952381,4073.60680952381,0.5105964185733793,tp,0.1,0.7000000000000001,144.20555555556058,1.1797023710828547,-1480.4277725752072
2025-10-27,1,2025-10-27 04:05:00,2025-10-27 05:13:15,14,4061.437,4074.4282741935467,4049.252689,4077.314901360542,4077.314901360542,-0.389187535042903,tp,0.1,0.7000000000000001,129.21274193546816,1.0662296943624334,-1351.2150306397398
2025-10-27,1,2025-10-27 08:25:00,2025-10-27 08:53:10,6,4058.64,4046.4640799999997,4046.4640799999997,4074.7410544554427,4074.7410544554427,-0.39652960125590936,sl,0.1,0.7000000000000001,-122.45920000000133,-1.0,-1473.674230639741
2025-10-27,1,2025-10-27 09:00:00,2025-10-27 09:11:00,3,4043.507,4031.376479,4031.376479,4073.4215648148124,4073.4215648148124,-0.7373669613343253,sl,0.1,0.7000000000000001,-122.00521000000045,-1.0,-1595.679440639742
2025-10-27,1,2025-10-27 09:20:00,2025-10-27 11:11:15,23,4038.613,4026.497161,4026.497161,4072.231107142855,4072.231107142855,-0.825189098033084,sl,0.1,0.7000000000000001,-121.85839000000051,-1.0,-1717.5378306397433
2025-10-27,1,2025-10-27 11:20:00,2025-10-27 11:38:10,4,4031.941,4019.8451769999997,4019.8451769999997,4066.498147058822,4066.498147058822,-0.8492478247850639,sl,0.1,0.7000000000000001,-121.6582300000011,-1.0,-1839.1960606397442
2025-10-27,1,2025-10-27 11:45:00,2025-10-27 14:03:00,28,4020.714,4008.6518579999997,4008.6518579999997,4065.0469373522446,4065.0469373522446,-1.0899366731815308,sl,0.1,0.7000000000000001,-121.32142000000222,-1.0,-1960.5174806397463
2025-10-27,1,2025-10-27 14:10:00,2025-10-27 14:17:05,2,4006.667,3994.646999,3994.646999,4059.4081176470577,4059.4081176470577,-1.3005250055433846,sl,0.1,0.7000000000000001,-120.90000999999866,-1.0,-2081.4174906397457
2025-10-27,1,2025-10-27 14:25:00,2025-10-27 15:00:35,8,3992.128,3980.151616,3980.151616,4058.3431974951814,4058.3431974951814,-1.6330481250596534,sl,0.1,0.7000000000000001,-120.46384000000053,-1.0,-2201.881330639746
2025-10-27,1,2025-10-27 15:10:00,2025-10-27 23:59:55,94,3974.687,3998.538,3962.7629389999997,4054.937054945053,4054.937054945053,-1.9787373726850748,session_end,0.1,0.7000000000000001,237.81000000000114,2.000241360724319,-1964.0713306397447
2025-10-29,-1,2025-10-29 00:45:00,2025-10-29 01:05:40,5,3981.692,3971.1762948717956,3993.6370759999995,3968.803092592593,3968.803092592593,0.32638070232265,tp,0.1,0.7000000000000001,104.45705128204445,0.8803380680210716,-1859.6142793577
2025-10-29,1,2025-10-29 02:35:00,2025-10-29 03:23:50,10,3955.803,3968.189441666667,3943.935591,3971.0648978494623,3971.0648978494623,-0.38534746328999975,tp,0.1,0.7000000000000001,123.16441666666996,1.043735971909879,-1736.44986269103
2025-10-29,1,2025-10-29 04:30:00,2025-10-29 05:34:50,13,3953.622,3965.2805555555556,3941.761134,3967.1161604938275,3967.1161604938275,-0.3397092484468532,tp,0.1,0.7000000000000001,115.88555555555722,0.9829430292489381,-1620.5643071354734
2025-10-29,-1,2025-10-29 06:45:00,2025-10-29 07:12:15,6,3980.895,3992.8376849999995,3992.8376849999995,3965.7570267489705,3965.7570267489705,0.38319224169634253,sl,0.1,0.7000000000000001,-120.12684999999529,-1.0,-1740.6911571354685
2025-10-29,-1,2025-10-29 07:20:00,2025-10-29 08:05:50,10,3996.832,4008.8224959999993,4008.8224959999993,3967.27305681818,3967.27305681818,0.7462164251825724,sl,0.1,0.7000000000000001,-120.60495999999439,-1.0,-1861.2961171354636
2025-10-29,-1,2025-10-29 08:15:00,2025-10-29 09:02:35,10,4007.173,4019.194518999999,4019.194518999999,3970.766361952862,3970.766361952862,0.9182896882707773,sl,0.1,0.7000000000000001,-120.91518999999444,-1.0,-1982.211307135458
2025-10-29,-1,2025-10-29 09:10:00,2025-10-29 15:50:30,81,4019.966,3993.0721964912254,4032.0258979999994,3974.9349303030313,3974.9349303030313,1.1332655876591788,tp,0.1,0.7000000000000001,268.23803508774455,2.230019151801742,-1713.9732720477132
2025-10-29,1,2025-10-29 18:40:00,2025-10-29 19:33:10,11,3951.957,3940.1011289999997,3940.1011289999997,3992.954252976188,3992.954252976188,-1.0282049423828583,sl,0.1,0.7000000000000001,-119.25871000000207,-1.0,-1833.231982047715
2025-10-29,1,2025-10-29 19:40:00,2025-10-29 19:44:50,1,3939.908,3928.088276,3928.088276,3991.1898460451944,3991.1898460451944,-1.2865924204551822,sl,0.1,0.7000000000000001,-118.89723999999951,-1.0,-1952.1292220477153
2025-10-29,1,2025-10-29 19:50:00,2025-10-29 20:51:40,13,3941.843,3930.0174709999997,3930.0174709999997,3990.7250294117616,3990.7250294117616,-1.224477483455292,sl,0.1,0.7000000000000001,-118.95529000000188,-1.0,-2071.084512047717
2025-10-29,1,2025-10-29 22:02:00,2025-10-29 23:59:55,24,3927.346,3952.868,3915.563962,3987.9686283068754,3987.9686283068754,-1.4830389559003425,session_end,0.1,0.7000000000000001,254.51999999999936,2.1661787205235887,-1816.5645120477184
2025-10-30,1,2025-10-30 00:45:00,2025-10-30 01:00:10,4,3941.99,3954.045166666667,3930.16403,3956.422611111111,3956.422611111111,-0.364625130555998,tp,0.1,0.7000000000000001,119.85166666666991,1.019380792160569,-1696.7128453810492
2025-10-30,1,2025-10-30 02:05:00,2025-10-30 02:55:45,11,3937.461,3925.648617,3925.648617,3952.975273333334,3952.975273333334,-0.3923316555495728,sl,0.1,0.7000000000000001,-118.82382999999955,-1.0,-1815.5366753810486
2025-10-30,1,2025-10-30 03:05:00,2025-10-30 04:09:35,13,3920.488,3942.998336734694,3908.7265359999997,3946.4342657657667,3946.4342657657667,-0.6569415330356735,tp,0.1,0.7000000000000001,224.40336734694193,1.9139060183914083,-1591.1333080341064
2025-10-30,-1,2025-10-30 04:30:00,2025-10-30 04:35:25,2,3959.465,3971.343395,3971.343395,3943.4114320987655,3943.4114320987655,0.4068068518200904,sl,0.1,0.7000000000000001,-119.48394999999728,-1.0,-1710.6172580341045
2025-10-30,-1,2025-10-30 04:45:00,2025-10-30 05:31:20,10,3978.851,3948.10796969697,3990.7875529999997,3944.940552631579,3944.940552631579,0.8612537227146966,tp,0.1,0.7000000000000001,306.73030303030083,2.5755366983275025,-1403.8869550038035
2025-10-30,-1,2025-10-30 05:45:00,2025-10-30 06:58:45,15,3962.642,3974.5299259999993,3974.5299259999993,3948.4973357487925,3948.4973357487925,0.36133148988188785,sl,0.1,0.7000000000000001,-119.57925999999425,-1.0,-1523.4662150037984
2025-10-30,-1,2025-10-30 07:05:00,2025-10-30 09:03:00,24,3974.402,3986.3252059999995,3986.3252059999995,3951.7573352941195,3951.7573352941195,0.5741284897037265,sl,0.1,0.7000000000000001,-119.93205999999482,-1.0,-1643.398275003794
2025-10-30,-1,2025-10-30 09:10:00,2025-10-30 09:15:30,2,3994.998,4006.9829939999995,4006.9829939999995,3955.788942424244,3955.788942424244,0.9930650534576285,sl,0.1,0.7000000000000001,-120.5499399999946,-1.0,-1763.9482150037893
2025-10-30,-1,2025-10-30 09:25:00,2025-10-30 12:58:20,43,4000.948,3964.1954677419376,4012.9508439999995,3957.0673289085557,3957.0673289085557,1.1103973584286622,tp,0.1,0.7000000000000001,366.82532258062275,3.0619853309818383,-1397.1228924231673
2025-10-30,-1,2025-10-30 13:55:00,2025-10-30 14:04:15,2,3987.926,3999.8897779999993,3999.8897779999993,3964.842482035931,3964.842482035931,0.5811836931346853,sl,0.1,0.7000000000000001,-120.33777999999366,-1.0,-1517.4606724231617
2025-10-30,-1,2025-10-30 14:10:00,2025-10-30 19:04:45,59,4009.65,4021.6789499999995,4021.6789499999995,3965.4438058823553,3965.4438058823553,1.1144198803697816,sl,0.1,0.7000000000000001,-120.98949999999441,-1.0,-1638.450172423156
2025-10-30,-1,2025-10-30 19:10:00,2025-10-30 22:50:40,33,4024.909,4036.983727,4036.983727,3975.274495652177,3975.274495652177,1.2501779286481587,sl,0.1,0.7000000000000001,-121.44726999999712,-1.0,-1759.8974424231528
2025-10-30,-1,2025-10-30 23:00:00,2025-10-30 23:59:55,12,4038.073,4036.756,4050.1872189999995,3981.4769002525277,3981.4769002525277,1.4210204194298863,session_end,0.1,0.7000000000000001,12.470000000000073,0.10871522134444254,-1747.4274424231535
2025-11-03,-1,2025-11-03 01:10:00,2025-11-03 01:27:15,4,3984.736,3996.6902079999995,3996.6902079999995,3972.6085,3972.6085,0.3048374890201269,sl,0.1,0.7000000000000001,-120.24207999999653,-1.0,-1867.6695224231498
2025-11-03,-1,2025-11-03 01:35:00,2025-11-03 03:37:20,25,3999.888,4011.8876639999994,4011.8876639999994,3977.9395,3977.9395,0.5524970905163356,sl,0.1,0.7000000000000001,-120.69663999999484,-1.0,-1988.3661624231445
2025-11-03,-1,2025-11-03 03:45:00,2025-11-03 07:03:10,40,4010.864,4022.8965919999996,4022.8965919999996,3991.4871666666663,3991.4871666666663,0.4855166138368835,sl,0.1,0.7000000000000001,-121.02591999999568,-1.0,-2109.392082423141
2025-11-03,-1,2025-11-03 07:10:00,2025-11-03 09:27:30,28,4020.317,4005.4455383480813,4032.3779509999995,4001.0761124030996,4001.0761124030996,0.48040544735739693,tp,0.1,0.7000000000000001,148.0146165191871,1.233025625584529,-1961.3774659039536
2025-11-03,-1,2025-11-03 13:20:00,2025-11-03 14:31:55,15,4018.452,4005.977229885057,4030.5073559999996,4005.0856479166664,4005.0856479166664,0.3332725753387289,tp,0.1,0.7000000000000001,124.04770114943112,1.0347906868070706,-1837.3297647545223
2025-11-03,-1,2025-11-03 14:50:00,2025-11-03 15:36:20,10,4020.664,4006.8987299465234,4032.7259919999997,4006.1169363295876,4006.1169363295876,0.36423209562576975,tp,0.1,0.7000000000000001,136.95270053476798,1.141210345146756,-1700.3770642197542
2025-11-03,-1,2025-11-03 15:45:00,2025-11-03 15:57:20,3,4021.355,4007.106615183246,4033.4190649999996,4007.0040837742504,4007.0040837742504,0.3574844428972317,tp,0.1,0.7000000000000001,141.7838481675397,1.1810600172292236,-1558.5932160522152
2025-11-04,1,2025-11-04 00:45:00,2025-11-04 01:01:25,4,3980.148,3991.019999999999,3968.2075560000003,3992.535574074074,3992.535574074074,-0.3093040461370948,tp,0.1,0.7000000000000001,108.01999999998934,0.9105189053270613,-1450.5732160522257
2025-11-04,1,2025-11-04 06:00:00,2025-11-04 06:55:15,12,3973.461,3985.573130522089,3961.5406169999997,3987.0787685185187,3987.0787685185187,-0.3408327075406236,tp,0.1,0.7000000000000001,120.42130522089046,1.0160856846704436,-1330.151910831335
2025-11-04,-1,2025-11-04 08:30:00,2025-11-04 10:00:45,19,3999.89,3988.160533333334,4011.8896699999996,3986.8420947712416,3986.8420947712416,0.33014613861986053,tp,0.1,0.7000000000000001,116.59466666665757,0.9774824363225034,-1213.5572441646782
2025-11-04,1,2025-11-04 13:50:00,2025-11-04 14:05:40,4,3977.032,3965.1009040000004,3965.1009040000004,3989.028502008033,3989.028502008033,-0.30137668863436473,sl,0.1,0.7000000000000001,-120.01095999999798,-1.0,-1333.568204164676
2025-11-04,1,2025-11-04 14:15:00,2025-11-04 14:29:15,3,3975.762,3963.834714,3963.834714,3988.564330409356,3988.564330409356,-0.3195092106750162,sl,0.1,0.7000000000000001,-119.97286000000095,-1.0,-1453.5410641646777
2025-11-04,1,2025-11-04 14:35:00,2025-11-04 23:59:55,101,3938.649,3934.828,3926.833053,3987.941244761904,3987.941244761904,-1.2383518645559333,session_end,0.1,0.7000000000000001,-38.90999999999913,-0.32337653511816666,-1492.4510641646775
2025-11-05,-1,2025-11-05 03:10:00,2025-11-05 04:31:50,17,3953.786,3965.6473579999997,3965.6473579999997,3941.4334473684216,3941.4334473684216,0.3140241436739773,sl,0.1,0.7000000000000001,-119.31357999999655,-1.0,-1611.7646441646739
2025-11-05,-1,2025-11-05 04:40:00,2025-11-05 08:05:50,42,3969.484,3981.3924519999996,3981.3924519999996,3947.459148809524,3947.459148809524,0.5573040875447801,sl,0.1,0.7000000000000001,-119.7845199999967,-1.0,-1731.5491641646713
2025-11-05,-1,2025-11-05 08:15:00,2025-11-05 10:06:40,23,3982.337,3960.559915977962,3994.2840109999997,3957.211826599327,3957.211826599327,0.6357423990186574,tp,0.1,0.7000000000000001,217.070840220378,1.8228060576857472,-1514.4783239442932
2025-11-05,-1,2025-11-05 13:10:00,2025-11-05 14:31:10,17,3973.559,3985.479677,3985.479677,3961.556126582278,3961.556126582278,0.30198672025488604,sl,0.1,0.7000000000000001,-119.90676999999614,-1.0,-1634.385093944289
2025-11-05,-1,2025-11-05 14:40:00,2025-11-05 23:03:20,89,3981.998,3969.4220126262617,3993.9439939999997,3963.095920454545,3963.095920454545,0.4762836914451854,tp,0.1,0.7000000000000001,125.05987373738371,1.052736789733754,-1509.3252202069052
2025-11-06,-1,2025-11-06 03:35:00,2025-11-06 07:15:25,45,3988.478,4000.443434,4000.443434,3976.4999806201554,3976.4999806201554,0.3018865695548792,sl,0.1,0.7000000000000001,-120.35433999999732,-1.0,-1629.6795602069033
2025-11-06,-1,2025-11-06 07:25:00,2025-11-06 11:51:45,54,4005.754,4017.7712619999993,4017.7712619999993,3982.852054307115,3982.852054307115,0.5760556852237043,sl,0.1,0.7000000000000001,-120.87261999999392,-1.0,-1750.552180206898
2025-11-06,-1,2025-11-06 12:00:00,2025-11-06 14:21:20,29,4018.105,3996.245356589147,4030.1593149999994,3993.3289768518516,3993.3289768518516,0.6243543492828896,tp,0.1,0.7000000000000001,217.89643410853097,1.8134289182632255,-1532.6557460983677
2025-11-06,1,2025-11-06 15:05:00,2025-11-06 17:23:50,28,3979.537,3967.5983889999998,3967.5983889999998,3996.2058535911597,3996.2058535911597,-0.41652893271755254,sl,0.1,0.7000000000000001,-120.08611000000037,-1.0,-1652.7418560983679
2025-11-06,1,2025-11-06 17:30:00,2025-11-06 19:12:05,21,3969.879,3993.3148014492754,3957.9693629999997,3994.1212539682538,3994.1212539682538,-0.6084130256213575,tp,0.1,0.7000000000000001,233.6580144927546,1.9678014912860116,-1419.083841605614
2025-11-06,1,2025-11-06 21:10:00,2025-11-06 23:59:55,22,3980.4,3989.239,3968.4588,3992.662528871392,3992.662528871392,-0.30831628724884713,session_end,0.1,0.7000000000000001,87.68999999999942,0.7402103641174913,-1331.3938416056153
2025-11-07,-1,2025-11-07 07:05:00,2025-11-07 11:27:15,53,4007.636,3999.970925790755,4019.6589079999994,3995.572205882353,3995.572205882353,0.30386871997387915,tp,0.1,0.7000000000000001,75.95074209245176,0.6375391219200479,-1255.4430995131643
2025-11-07,1,2025-11-07 14:40:00,2025-11-07 16:10:15,19,3986.515,3999.0113333333325,3974.5554549999997,3999.731859848484,3999.731859848484,-0.32995611483276155,tp,0.1,0.7000000000000001,124.26333333332586,1.0448836752010564,-1131.1797661798391
2025-11-07,-1,2025-11-07 16:35:00,2025-11-07 17:06:40,7,4017.876,3999.6274382113816,4029.929628,3999.140804857621,3999.140804857621,0.46999333255654374,tp,0.1,0.7000000000000001,181.78561788618646,1.51394765033558,-949.3941482936534
2025-11-10,-1,2025-11-10 01:20:00,2025-11-10 01:23:40,1,4034.538,4046.6416139999997,4046.6416139999997,4018.7982291666667,4018.7982291666667,0.39121821840240834,sl,0.1,0.7000000000000001,-121.73613999999652,-1.0,-1071.1302882936507
2025-11-10,-1,2025-11-10 01:30:00,2025-11-10 05:30:40,49,4047.997,4060.1409909999993,4060.1409909999993,4021.721277777778,4021.721277777778,0.6544268089300495,sl,0.1,0.7000000000000001,-122.1399099999946,-1.0,-1193.270198293645
2025-11-10,-1,2025-11-10 05:40:00,2025-11-10 06:28:15,10,4061.797,4073.9823909999996,4073.9823909999996,4042.3277058823537,4042.3277058823537,0.4831076433815115,sl,0.1,0.7000000000000001,-122.55390999999527,-1.0,-1315.8241082936402
2025-11-10,-1,2025-11-10 06:35:00,2025-11-10 12:01:20,66,4075.058,4087.2831739999997,4087.2831739999997,4046.005892405064,4046.005892405064,0.7194899950487179,sl,0.1,0.7000000000000001,-122.95173999999697,-1.0,-1438.775848293637
2025-11-10,-1,2025-11-10 12:10:00,2025-11-10 12:54:15,9,4087.542,4099.804625999999,4099.804625999999,4061.171671232876,4061.171671232876,0.6499806189948794,sl,0.1,0.7000000000000001,-123.32625999999273,-1.0,-1562.1021082936295
2025-11-10,-1,2025-11-10 13:00:00,2025-11-10 18:18:15,64,4097.775,4110.068324999999,4110.068324999999,4063.318322649571,4063.318322649571,0.8477105315236078,sl,0.1,0.7000000000000001,-123.63324999999641,-1.0,-1685.7353582936266
2025-11-10,-1,2025-11-10 18:25:00,2025-11-10 23:49:45,53,4110.002,4122.332006,4122.332006,4072.0545256410255,4072.0545256410255,0.9312000642477966,sl,0.1,0.7000000000000001,-124.0000599999923,-1.0,-1809.7354182936197
2025-11-11,-1,2025-11-11 01:35:00,2025-11-11 02:31:35,12,4141.133,4130.572211111112,4153.556398999999,4127.954798245615,4127.954798245615,0.3208053964159979,tp,0.1,0.7000000000000001,104.90788888888055,0.8500724229245652,-1704.8275294047398
2025-11-11,-1,2025-11-11 03:20:00,2025-11-11 05:07:40,22,4145.284,4136.589915300548,4157.719851999999,4132.332041666668,4132.332041666668,0.3141678403968694,tp,0.1,0.7000000000000001,86.24084699452105,0.69911451981355,-1618.5866824102195
2025-11-11,1,2025-11-11 14:50:00,2025-11-11 15:22:10,7,4120.472,4108.110584,4108.110584,4136.917209737824,4136.917209737824,-0.3966168261526278,sl,0.1,0.7000000000000001,-124.31415999999736,-1.0,-1742.9008424102176
2025-11-11,1,2025-11-11 15:30:00,2025-11-11 20:53:00,65,4101.613,4130.8484666666645,4089.3081610000004,4136.120451612901,4136.120451612901,-0.8335577267692093,tp,0.1,0.7000000000000001,291.6546666666425,2.375932482063722,-1451.2461757435758
2025-11-12,1,2025-11-12 02:55:00,2025-11-12 04:04:05,14,4120.621,4108.259137,4108.259137,4134.642319047619,4134.642319047619,-0.3394687608879328,sl,0.1,0.7000000000000001,-124.31863000000085,-1.0,-1575.5648057435774
2025-11-12,1,2025-11-12 04:10:00,2025-11-12 07:08:45,36,4106.156,4121.446476470589,4093.837532,4129.746573333334,4129.746573333334,-0.5708116203921653,tp,0.1,0.7000000000000001,152.20476470589057,1.2412644551732515,-1423.3600410376876
2025-11-12,-1,2025-11-12 12:30:00,2025-11-12 13:10:05,9,4136.516,4123.7877805907165,4148.925547999999,4123.269339999999,4123.269339999999,0.32105979280996455,tp,0.1,0.7000000000000001,126.58219409283156,1.0256795339591365,-1296.7778469448567
2025-11-12,-1,2025-11-12 14:55:00,2025-11-12 15:10:30,4,4139.231,4151.648692999999,4151.648692999999,4124.63166387337,4124.63166387337,0.3535063810506982,sl,0.1,0.7000000000000001,-124.87692999999418,-1.0,-1421.6547769448516
2025-11-12,-1,2025-11-12 15:20:00,2025-11-12 15:34:45,3,4167.152,4179.653456,4179.653456,4125.280039855072,4125.280039855072,1.0142453297885263,sl,0.1,0.7000000000000001,-125.71455999999962,-1.0,-1547.369336944852
2025-11-12,-1,2025-11-12 15:40:00,2025-11-12 16:31:05,11,4177.225,4189.756675,4189.756675,4126.2449219858145,4126.2449219858145,1.2350109840222554,sl,0.1,0.7000000000000001,-126.01674999999268,-1.0,-1673.3860869448454
2025-11-12,-1,2025-11-12 16:40:00,2025-11-12 17:03:45,5,4187.831,4200.394493,4200.394493,4129.719821666666,4129.719821666666,1.4085865590236926,sl,0.1,0.7000000000000001,-126.33492999999653,-1.0,-1799.7210169448426
2025-11-12,-1,2025-11-12 17:10:00,2025-11-12 23:59:55,70,4199.634,4191.195,4212.232902,4131.632975728155,4131.632975728155,1.6462140918956776,session_end,0.1,0.7000000000000001,83.69000000000305,0.6698202748144632,-1716.0310169448403
2025-11-13,-1,2025-11-13 03:45:00,2025-11-13 07:59:20,51,4207.39,4220.01217,4220.01217,4194.145929629628,4194.145929629628,0.3136889033218171,sl,0.1,0.7000000000000001,-126.92169999999642,-1.0,-1842.9527169448374
2025-11-13,-1,2025-11-13 08:05:00,2025-11-13 08:23:20,4,4224.765,4237.439295,4237.439295,4203.634379725086,4203.634379725086,0.503971524666697,sl,0.1,0.7000000000000001,-127.44294999999802,-1.0,-1970.3956669448362
2025-11-13,-1,2025-11-13 08:30:00,2025-11-13 14:08:40,68,4237.437,4215.746580867851,4250.149310999999,4205.034339869281,4205.034339869281,0.7721259211340618,tp,0.1,0.7000000000000001,216.20419132149146,1.7062530276477903,-1754.1914756233455
2025-11-13,1,2025-11-13 14:45:00,2025-11-13 18:31:45,46,4188.224,4175.659328,4175.659328,4215.6167843691155,4215.6167843691155,-0.6492118655232939,sl,0.1,0.7000000000000001,-126.34672000000428,-1.0,-1880.5381956233505
2025-11-13,1,2025-11-13 18:40:00,2025-11-13 23:59:55,52,4148.493,4185.926,4136.047521,4212.110790178574,4212.110790178574,-1.51160055730335,session_end,0.1,0.7000000000000001,373.62999999999994,3.007758881759397,-1506.9081956233513
2025-11-14,-1,2025-11-14 02:30:00,2025-11-14 05:09:25,32,4199.787,4195.475112021858,4212.386361,4186.411688888889,4186.411688888889,0.322443469832116,tp,0.1,0.7000000000000001,42.418879781422945,0.34223068758347625,-1464.489315841929
2025-11-14,1,2025-11-14 06:30:00,2025-11-14 07:22:20,11,4178.38,4165.84486,4165.84486,4194.158401709401,4194.158401709401,-0.37523384197856186,sl,0.1,0.7000000000000001,-126.05139999999956,-1.0,-1590.5407158419293
2025-11-14,1,2025-11-14 07:30:00,2025-11-14 11:13:30,45,4163.53,4151.039409999999,4151.039409999999,4191.460837037037,4191.460837037037,-0.6677465954047231,sl,0.1,0.7000000000000001,-125.60590000000339,-1.0,-1716.1466158419335
2025-11-14,1,2025-11-14 11:20:00,2025-11-14 11:54:55,7,4148.741,4136.294777,4136.294777,4184.677257352942,4184.677257352942,-0.8601322190306866,sl,0.1,0.7000000000000001,-125.16222999999918,-1.0,-1841.3088458419334
2025-11-14,1,2025-11-14 12:00:00,2025-11-14 12:17:55,4,4132.945,4120.546165,4120.546165,4182.620303240742,4182.620303240742,-1.1866437697508854,sl,0.1,0.7000000000000001,-124.68834999999963,-1.0,-1965.9971958419337
2025-11-14,1,2025-11-14 12:25:00,2025-11-14 12:40:40,4,4120.12,4107.75964,4107.75964,4180.787430648771,4180.787430648771,-1.452691189308959,sl,0.1,0.7000000000000001,-124.30359999999673,-1.0,-2090.300795841931
2025-11-14,1,2025-11-14 12:50:00,2025-11-14 13:11:40,5,4116.248,4103.899256,4103.899256,4178.638348484848,4178.638348484848,-1.4959860909598588,sl,0.1,0.7000000000000001,-124.18743999999897,-1.0,-2214.488235841931
2025-11-14,1,2025-11-14 13:20:00,2025-11-14 13:23:10,1,4077.155,4064.9235350000004,4064.9235350000004,4175.840916666666,4175.840916666666,-2.364300236453359,sl,0.1,0.7000000000000001,-123.01464999999844,-1.0,-2337.50288584193
2025-11-14,1,2025-11-14 13:30:00,2025-11-14 13:50:20,5,4055.815,4043.647555,4043.647555,4174.495720164609,4174.495720164609,-2.842408475626139,sl,0.1,0.7000000000000001,-122.37445000000044,-1.0,-2459.877335841931
2025-11-14,1,2025-11-14 14:00:00,2025-11-14 14:01:55,1,4055.851,4043.683447,4043.683447,4170.193341269841,4170.193341269841,-2.741547739247689,sl,0.1,0.7000000000000001,-122.37553000000226,-1.0,-2582.252865841934
2025-11-14,1,2025-11-14 14:10:00,2025-11-14 14:33:10,5,4046.876,4034.735372,4034.735372,4168.76002745098,4168.76002745098,-2.9258946700647837,sl,0.1,0.7000000000000001,-122.10628000000106,-1.0,-2704.359145841936
2025-11-14,1,2025-11-14 14:40:00,2025-11-14 21:57:55,88,4067.641,4084.674,4055.4380770000002,4164.798924242424,4164.798924242424,-2.3326798246351235,session_end,0.1,0.7000000000000001,169.62999999999903,1.3958131178898812,-2534.7291458419368
2025-11-17,1,2025-11-17 05:15:00,2025-11-17 05:26:10,3,4072.606,4060.388182,4060.388182,4086.173383597885,4086.173383597885,-0.3332918679503799,sl,0.1,0.7000000000000001,-122.8781800000008,-1.0,-2657.6073258419383
2025-11-17,1,2025-11-17 05:35:00,2025-11-17 07:31:40,24,4053.342,4079.7353148148154,4041.181974,4084.85958955224,4084.85958955224,-0.7713383743428461,tp,0.1,0.7000000000000001,263.23314814815313,2.1704982221925575,-2394.374177693786
2025-11-17,-1,2025-11-17 08:10:00,2025-11-17 08:25:20,4,4094.353,4080.4399686468655,4106.6360589999995,4080.215982993198,4080.215982993198,0.34433267908762705,tp,0.1,0.7000000000000001,138.43031353134558,1.132700848635118,-2255.94386416244
2025-11-17,1,2025-11-17 11:05:00,2025-11-17 11:37:25,7,4063.477,4080.076065947243,4051.286569,4080.56572556391,4080.56572556391,-0.41955519688496407,tp,0.1,0.7000000000000001,165.29065947243163,1.3616471761534252,-2090.6532046900084
2025-11-17,1,2025-11-17 13:50:00,2025-11-17 14:36:30,10,4066.463,4079.274399047621,4054.2636110000003,4079.9121787148615,4079.9121787148615,-0.3310531727944241,tp,0.1,0.7000000000000001,127.41399047620853,1.0501672704773146,-1963.2392142137996
2025-11-17,1,2025-11-17 15:10:00,2025-11-17 16:08:00,12,4065.563,4053.366311,4053.366311,4079.0774945054955,4079.0774945054955,-0.3327957001008407,sl,0.1,0.7000000000000001,-122.66688999999879,-1.0,-2085.9061042137982
2025-11-17,1,2025-11-17 16:15:00,2025-11-17 17:19:05,13,4061.556,4077.7796159420304,4049.371332,4078.3027017094028,4078.3027017094028,-0.41049433879407615,tp,0.1,0.7000000000000001,161.53615942030393,1.3314778820424618,-1924.3699447934941
2025-11-17,1,2025-11-17 18:55:00,2025-11-17 19:32:05,8,4064.797,4052.602609,4052.602609,4077.401288546256,4077.401288546256,-0.3105112214934905,sl,0.1,0.7000000000000001,-122.64390999999996,-1.0,-2047.0138547934948
2025-11-17,1,2025-11-17 19:40:00,2025-11-17 19:42:45,1,4031.764,4019.668708,4019.668708,4076.589653954803,4076.589653954803,-1.100899471480149,sl,0.1,0.7000000000000001,-121.65291999999972,-1.0,-2168.6667747934953
2025-11-17,1,2025-11-17 19:50:00,2025-11-17 19:56:35,2,4024.341,4012.267977,4012.267977,4076.1326204481807,4076.1326204481807,-1.2718212402637756,sl,0.1,0.7000000000000001,-121.43022999999921,-1.0,-2290.097004793495
2025-11-17,1,2025-11-17 20:05:00,2025-11-17 23:59:55,35,4015.019,4036.887,4002.973943,4075.3861141078855,4075.3861141078855,-1.483310106461368,session_end,0.1,0.7000000000000001,217.98000000000394,1.8155165226698993,-2072.117004793492
2025-11-18,1,2025-11-18 02:55:00,2025-11-18 03:20:50,6,4021.248,4009.184256,4009.184256,4033.5903095238095,4033.5903095238095,-0.3081326701540166,sl,0.1,0.7000000000000001,-121.33744000000043,-1.0,-2193.454444793493
2025-11-18,1,2025-11-18 03:30:00,2025-11-18 05:42:40,27,4012.978,4024.0692303921574,4000.939066,4030.368817460318,4030.368817460318,-0.4353774618416989,tp,0.1,0.7000000000000001,110.21230392157285,0.9212801060423742,-2083.24214087192
2025-11-18,1,2025-11-18 06:40:00,2025-11-18 07:38:40,12,4010.562,3998.530314,3998.530314,4022.920933333334,4022.920933333334,-0.30677792424590405,sl,0.1,0.7000000000000001,-121.01685999999809,-1.0,-2204.259000871918
2025-11-18,-1,2025-11-18 08:35:00,2025-11-18 10:46:30,27,4036.883,4048.9936489999996,4048.9936489999996,4020.807108414241,4020.807108414241,0.3995563863817081,sl,0.1,0.7000000000000001,-121.8064899999974,-1.0,-2326.0654908719152
2025-11-18,-1,2025-11-18 10:55:00,2025-11-18 13:35:40,33,4046.703,4058.8431089999995,4058.8431089999995,4024.715922391859,4024.715922391859,0.5479039523126392,sl,0.1,0.7000000000000001,-122.10108999999484,-1.0,-2448.16658087191
2025-11-18,-1,2025-11-18 13:45:00,2025-11-18 14:15:35,7,4063.44,4075.6303199999998,4075.6303199999998,4028.605926262628,4028.605926262628,0.8634146494849918,sl,0.1,0.7000000000000001,-122.60319999999702,-1.0,-2570.7697808719076
2025-11-18,-1,2025-11-18 14:25:00,2025-11-18 23:59:55,103,4078.247,4076.748,4090.4817409999996,4030.604789017343,4030.604789017343,1.1813788122418574,session_end,0.1,0.7000000000000001,14.289999999997963,0.12251996180383597,-2556.4797808719104
2025-11-19,-1,2025-11-19 05:20:00,2025-11-19 09:44:50,53,4086.836,4099.096508,4099.096508,4071.0054375000022,4071.0054375000022,0.3872031797058458,sl,0.1,0.7000000000000001,-123.30507999999845,-1.0,-2679.7848608719087
2025-11-19,-1,2025-11-19 09:50:00,2025-11-19 09:58:00,2,4103.846,4116.1575379999995,4116.1575379999995,4079.760245762714,4079.760245762714,0.5919282698626084,sl,0.1,0.7000000000000001,-123.81537999999928,-1.0,-2803.6002408719087
2025-11-19,-1,2025-11-19 10:05:00,2025-11-19 14:59:00,59,4113.137,4125.476411,4125.476411,4080.5145853994513,4080.5145853994513,0.7997499804881667,sl,0.1,0.7000000000000001,-124.09410999999928,-1.0,-2927.6943508719087
2025-11-19,-1,2025-11-19 15:05:00,2025-11-19 15:53:35,10,4126.684,4092.671040350876,4139.064052,4091.3237891344374,4091.3237891344374,0.8635276181120163,tp,0.1,0.7000000000000001,339.4295964912424,2.7474003864543985,-2588.264754380667
2025-11-19,1,2025-11-19 16:30:00,2025-11-19 17:04:15,7,4074.659,4062.435023,4062.435023,4092.5565336700324,4092.5565336700324,-0.43679381147123725,sl,0.1,0.7000000000000001,-122.93977000000105,-1.0,-2711.204524380668
2025-11-19,1,2025-11-19 17:10:00,2025-11-19 18:52:55,21,4060.643,4090.410595870205,4048.461071,4091.7359530744325,4091.7359530744325,-0.7612038858721988,tp,0.1,0.7000000000000001,296.9759587020479,2.443586386869037,-2414.2285656786207
2025-11-19,1,2025-11-19 19:20:00,2025-11-19 23:11:35,35,4077.319,4088.445607769422,4065.087043,4090.213311781607,4090.213311781607,-0.31508898923399725,tp,0.1,0.7000000000000001,110.56607769422207,0.9096343103088278,-2303.6624879843985
2025-11-20,1,2025-11-20 02:00:00,2025-11-20 02:05:05,2,4081.441,4069.196677,4069.196677,4100.422652777777,4100.422652777777,-0.4622731455484636,sl,0.1,0.7000000000000001,-123.14322999999895,-1.0,-2426.805717984398
2025-11-20,1,2025-11-20 02:15:00,2025-11-20 02:18:50,1,4063.423,4051.2327309999996,4051.2327309999996,4096.7556358024685,4096.7556358024685,-0.8149896838044676,sl,0.1,0.7000000000000001,-122.60269000000172,-1.0,-2549.4084079843997
2025-11-20,1,2025-11-20 02:25:00,2025-11-20 08:20:05,72,4054.582,4042.4182539999997,4042.4182539999997,4093.6185574712636,4093.6185574712636,-0.952654892578797,sl,0.1,0.7000000000000001,-122.33746000000174,-1.0,-2671.745867984402
2025-11-20,1,2025-11-20 08:30:00,2025-11-20 12:11:05,45,4046.143,4070.9807351598133,4034.004571,4075.1495882352915,4075.1495882352915,-0.7147734728409157,tp,0.1,0.7000000000000001,247.67735159813293,2.0462067339861783,-2424.068516386269
2025-11-20,-1,2025-11-20 13:05:00,2025-11-20 13:30:20,6,4087.776,4071.9476831275683,4100.039328,4071.4011242038173,4071.4011242038173,0.40387511066963333,tp,0.1,0.7000000000000001,157.58316872431516,1.290703214692742,-2266.4853476619537
2025-11-20,-1,2025-11-20 13:40:00,2025-11-20 14:06:10,6,4092.943,4072.3646715976292,4105.221829,4072.0787764227603,4072.0787764227603,0.5136374988210217,tp,0.1,0.7000000000000001,205.08328402370972,1.6759194547274179,-2061.4020636382447
2025-11-20,-1,2025-11-20 14:20:00,2025-11-20 14:49:10,6,4088.339,4100.604017,4100.604017,4072.4953643410813,4072.4953643410813,0.3906483429844833,sl,0.1,0.7000000000000001,-123.35016999999716,-1.0,-2184.7522336382426
2025-11-20,-1,2025-11-20 14:55:00,2025-11-20 15:59:50,13,4100.776,4074.09563089005,4113.078328,4073.1004348230877,4073.1004348230877,0.6807361031380035,tp,0.1,0.7000000000000001,266.1036910994988,2.1687252290745618,-1918.6485425387436
2025-11-20,1,2025-11-20 16:45:00,2025-11-20 16:59:15,3,4059.455,4047.2766349999997,4047.2766349999997,4073.913075456051,4073.913075456051,-0.35782735630457785,sl,0.1,0.7000000000000001,-122.48365000000213,-1.0,-2041.1321925387456
2025-11-20,1,2025-11-20 17:05:00,2025-11-20 18:06:10,13,4050.932,4072.6335230414725,4038.779204,4073.555109756095,4073.555109756095,-0.5543710382611571,tp,0.1,0.7000000000000001,216.31523041472684,1.7857226469919305,-1824.8169621240195
2025-11-20,1,2025-11-20 18:25:00,2025-11-20 19:17:25,11,4059.429,4072.0402748917727,4047.250713,4072.4938484162876,4072.4938484162876,-0.3222189868105128,tp,0.1,0.7000000000000001,125.41274891772609,1.0355540883354466,-1699.4042132062932
2025-11-20,-1,2025-11-20 19:30:00,2025-11-20 23:59:55,42,4084.336,4079.222,4096.589007999999,4072.12059259259,4072.12059259259,0.30016074252918634,session_end,0.1,0.7000000000000001,50.43999999999578,0.41736690288620565,-1648.9642132062982
2025-11-21,1,2025-11-21 03:00:00,2025-11-21 05:50:55,35,4057.481,4045.3085570000003,4045.3085570000003,4070.861203703703,4070.861203703703,-0.3298737793242712,sl,0.1,0.7000000000000001,-122.4244299999993,-1.0,-1771.3886432062973
2025-11-21,1,2025-11-21 06:20:00,2025-11-21 06:28:40,2,4043.088,4030.958736,4030.958736,4061.8816228070177,4061.8816228070177,-0.46198103612014535,sl,0.1,0.7000000000000001,-121.99264000000149,-1.0,-1893.3812832062995
2025-11-21,1,2025-11-21 06:35:00,2025-11-21 07:03:25,6,4037.269,4025.1571929999996,4025.1571929999996,4060.984757383966,4060.984757383966,-0.5847167325804692,sl,0.1,0.7000000000000001,-121.81807000000227,-1.0,-2015.1993532063025
2025-11-21,1,2025-11-21 07:10:00,2025-11-21 09:13:20,25,4030.535,4054.2629999999995,4018.443395,4058.810937984497,4058.810937984497,-0.6974810706150871,tp,0.1,0.7000000000000001,236.57999999999612,1.9623532194443558,-1778.6193532063062
2025-11-21,1,2025-11-21 10:15:00,2025-11-21 12:30:10,28,4038.892,4051.3733311111114,4026.7753239999997,4054.0895542005414,4054.0895542005414,-0.374314725850551,tp,0.1,0.7000000000000001,124.11331111111558,1.03009530923427,-1654.5060420951904
2025-11-21,-1,2025-11-21 12:50:00,2025-11-21 13:55:40,14,4067.582,4079.7847459999994,4079.7847459999994,4051.617255411256,4051.617255411256,0.3965637318600452,sl,0.1,0.7000000000000001,-122.72745999999479,-1.0,-1777.233502095185
2025-11-21,-1,2025-11-21 14:05:00,2025-11-21 16:50:50,34,4078.216,4090.4506479999995,4090.4506479999995,4053.160334319527,4053.160334319527,0.6194466443353291,sl,0.1,0.7000000000000001,-123.04647999999652,-1.0,-1900.2799820951823
2025-11-21,-1,2025-11-21 17:00:00,2025-11-21 20:33:00,43,4099.853,4061.0472560975595,4112.152558999999,4056.276241830065,4056.276241830065,1.076412343904769,tp,0.1,0.7000000000000001,387.35743902440555,3.155051648798407,-1512.9225430707775
2025-11-24,1,2025-11-24 02:00:00,2025-11-24 03:36:20,20,4044.222,4054.0579728682173,4032.0893340000002,4059.5060416666674,4059.5060416666674,-0.3753545754155695,tp,0.1,0.7000000000000001,97.6597286821714,0.810701693116514,-1415.2628143886068
2025-11-24,-1,2025-11-24 09:10:00,2025-11-24 12:44:30,43,4068.313,4080.517939,4080.517939,4054.1475545454537,4054.1475545454537,0.3487772772032617,sl,0.1,0.7000000000000001,-122.7493899999974,-1.0,-1538.012204388604
2025-11-24,-1,2025-11-24 12:50:00,2025-11-24 16:12:45,41,4082.181,4094.427543,4094.427543,4058.7791731601737,4058.7791731601737,0.576782471799245,sl,0.1,0.7000000000000001,-123.16542999999747,-1.0,-1661.1776343886013
2025-11-24,-1,2025-11-24 16:20:00,2025-11-24 18:38:00,28,4093.435,4105.715305,4105.715305,4064.063396258501,4064.063396258501,0.7203161192920752,sl,0.1,0.7000000000000001,-123.50304999999771,-1.0,-1784.6806843885988
2025-11-24,-1,2025-11-24 18:45:00,2025-11-24 18:53:25,2,4112.709,4125.047127,4125.047127,4068.1401488888882,4068.1401488888882,1.0982254660846527,sl,0.1,0.7000000000000001,-124.08126999999986,-1.0,-1908.7619543885994
2025-11-24,-1,2025-11-24 19:00:00,2025-11-24 20:37:25,20,4120.549,4132.910647,4132.910647,4068.7890979532167,4068.7890979532167,1.2717887509287227,sl,0.1,0.7000000000000001,-124.31646999999721,-1.0,-2033.0784243885973
2025-11-24,-1,2025-11-24 20:45:00,2025-11-24 23:51:25,26,4131.428,4143.822284,4143.822284,4073.2211184738953,4073.2211184738953,1.4285839102176292,sl,0.1,0.7000000000000001,-124.64283999999971,-1.0,-2157.721264388598
2025-11-25,-1,2025-11-25 02:40:00,2025-11-25 04:57:45,28,4149.059,4140.451262711864,4161.506176999999,4135.838979166667,4135.838979166667,0.3194882803680948,tp,0.1,0.7000000000000001,85.37737288136377,0.6915413260482276,-2072.3438915072347
2025-11-25,1,2025-11-25 08:40:00,2025-11-25 08:54:15,3,4127.332,4114.950004,4114.950004,4140.767330128206,4140.767330128206,-0.3238489163744059,sl,0.1,0.7000000000000001,-124.51996000000072,-1.0,-2196.863851507236
2025-11-25,1,2025-11-25 09:00:00,2025-11-25 10:16:35,16,4116.256,4138.546369918699,4103.9072320000005,4140.028641975309,4140.028641975309,-0.57567577513034,tp,0.1,0.7000000000000001,222.20369918699072,1.8050683208802178,-1974.6601523202462
2025-11-25,1,2025-11-25 12:45:00,2025-11-25 13:09:30,5,4117.083,4137.126756900211,4104.731750999999,4137.399918300653,4137.399918300653,-0.48889202639516743,tp,0.1,0.7000000000000001,199.7375690021152,1.6228121463838245,-1774.9225833181317
2025-11-25,1,2025-11-25 14:40:00,2025-11-25 16:17:00,20,4122.554,4136.480322222224,4110.186338,4137.587450757575,4137.587450757575,-0.3648491043932215,tp,0.1,0.7000000000000001,138.56322222223463,1.1260270714241585,-1636.3593610958978
2025-11-25,-1,2025-11-25 17:10:00,2025-11-25 18:38:40,18,4150.489,4137.548316143499,4162.940466999999,4136.635601941748,4136.635601941748,0.33439972454326616,tp,0.1,0.7000000000000001,128.70683856500983,1.0392898970459563,-1507.6525225308887
2025-11-26,-1,2025-11-26 02:25:00,2025-11-26 03:46:40,17,4157.015,4169.486045,4169.486045,4144.506879310345,4144.506879310345,0.30342863592371255,sl,0.1,0.7000000000000001,-125.41044999999322,-1.0,-1633.0629725308827
2025-11-26,-1,2025-11-26 03:55:00,2025-11-26 06:15:55,29,4164.869,4155.853082222222,4177.363606999999,4152.020102836879,4152.020102836879,0.3100514170036199,tp,0.1,0.7000000000000001,89.45917777777758,0.7215847427436513,-1543.6037947531058
2025-11-26,-1,2025-11-26 11:35:00,2025-11-26 12:40:55,14,4172.319,4158.327664473683,4184.835957,4157.380085131894,4157.380085131894,0.3591544328964644,tp,0.1,0.7000000000000001,139.21335526317017,1.1177904922352306,-1404.3904394899364
2025-11-26,1,2025-11-26 14:25:00,2025-11-26 15:23:10,12,4145.137,4157.379144927535,4132.701588999999,4157.957947013486,4157.957947013486,-0.3077579710174062,tp,0.1,0.7000000000000001,121.72144927535264,0.9844584089367762,-1282.6689902145845
2025-11-26,-1,2025-11-26 18:15:00,2025-11-26 18:35:10,5,4171.157,4158.745695814647,4183.670470999999,4158.584498477929,4158.584498477929,0.30426222015453935,tp,0.1,0.7000000000000001,123.41304185353401,0.9918354535966957,-1159.2559483610512
2025-11-28,-1,2025-11-28 01:05:00,2025-11-28 03:40:35,32,4189.981,4184.771272727272,4202.550942999999,4174.801525641026,4174.801525641026,0.3647831942534135,tp,0.1,0.7000000000000001,51.39727272727832,0.4144591007873333,-1107.8586756337736
2025-11-28,1,2025-11-28 08:05:05,2025-11-28 08:06:15,1,4164.473,4151.979581,4151.979581,4184.185173539519,4184.185173539519,-0.4549194825289647,sl,0.1,0.7000000000000001,-125.63419000000358,-1.0,-1233.492865633778
2025-11-28,1,2025-11-28 08:55:10,2025-11-28 13:57:00,61,4166.548,4178.963475890985,4154.048355999999,4183.814715488216,4183.814715488216,-0.3263819365055959,tp,0.1,0.7000000000000001,123.45475890985362,0.9932663595047124,-1110.038106723925
2025-11-28,-1,2025-11-28 14:15:00,2025-11-28 14:40:10,6,4191.895,4204.470685,4204.470685,4179.12845807771,4179.12845807771,0.30532782254219615,sl,0.1,0.7000000000000001,-126.45684999999794,-1.0,-1236.4949567239237
2025-11-28,-1,2025-11-28 14:50:00,2025-11-28 16:29:10,20,4197.482,4210.074446,4210.074446,4179.908704901961,4179.908704901961,0.421439709374032,sl,0.1,0.7000000000000001,-126.62445999999655,-1.0,-1363.119416723921
2025-11-28,-1,2025-11-28 16:35:00,2025-11-28 18:30:10,24,4208.954,4221.580861999999,4221.580861999999,4181.969267015707,4181.969267015707,0.644988790258162,sl,0.1,0.7000000000000001,-126.96861999999165,-1.0,-1490.0880367239133
2025-11-28,-1,2025-11-28 18:40:00,2025-11-28 19:44:55,13,4222.763,4219.26,4235.431288999999,4185.442278549383,4185.442278549383,0.8931486558111712,session_end,0.1,0.7000000000000001,34.329999999997014,0.2765172155450433,-1455.758036723917
2025-12-01,-1,2025-12-01 01:40:00,2025-12-01 01:59:40,4,4241.696,4254.421087999999,4254.421087999999,4228.160849999999,4228.160849999999,0.31987075420747757,sl,0.1,0.7000000000000001,-127.95087999999232,-1.0,-1583.70891672391
2025-12-01,-1,2025-12-01 02:05:00,2025-12-01 02:40:15,8,4251.599,4234.492645833333,4264.353797,4231.772499999999,4231.772499999999,0.4696140919674065,tp,0.1,0.7000000000000001,170.3635416666719,1.3411702410212978,-1413.345375057239
2025-12-01,1,2025-12-01 05:25:00,2025-12-01 06:44:00,16,4223.182,4235.113708333336,4210.512454,4236.605930769231,4236.605930769231,-0.3193931885653251,tp,0.1,0.7000000000000001,118.61708333336246,0.9417628961082085,-1294.7282917238772
2025-12-01,-1,2025-12-01 08:10:00,2025-12-01 13:40:55,67,4250.185,4262.935555,4262.935555,4236.01623129252,4236.01623129252,0.33548664432627406,sl,0.1,0.7000000000000001,-128.2055499999962,-1.0,-1422.9338417238741
2025-12-01,-1,2025-12-01 13:50:00,2025-12-01 14:01:10,3,4258.549,4242.718551587303,4271.3246469999995,4242.607395582331,4242.607395582331,0.376775480906227,tp,0.1,0.7000000000000001,157.6044841269657,1.2391112882734794,-1265.3293575969092
2025-12-01,1,2025-12-01 14:45:00,2025-12-01 15:00:00,4,4225.07,4242.585346296297,4212.394789999999,4242.692594161959,4242.692594161959,-0.4163651683430164,tp,0.1,0.7000000000000001,174.4534629629714,1.3818584699028007,-1090.8758946339385
2025-12-01,1,2025-12-01 15:20:00,2025-12-01 16:46:35,18,4225.517,4241.553732172472,4212.840449,4242.440994565218,4242.440994565218,-0.3970943753089051,tp,0.1,0.7000000000000001,159.66732172472513,1.2650706152227893,-931.2085729092141
2025-12-01,1,2025-12-01 17:00:00,2025-12-01 18:29:15,18,4226.358,4240.844782051283,4213.6789260000005,4241.407792483661,4241.407792483661,-0.3559028799450017,tp,0.1,0.7000000000000001,144.16782051282718,1.1425741384018335,-787.0407523963877
2025-12-02,1,2025-12-02 01:10:00,2025-12-02 01:55:25,10,4206.275,4219.408644927537,4193.656175,4223.880000000001,4223.880000000001,-0.4178740873320632,tp,0.1,0.7000000000000001,130.63644927537717,1.0407977705957705,-656.4043031210113
2025-12-02,1,2025-12-02 06:30:00,2025-12-02 07:22:10,11,4205.763,4218.967329545454,4193.145711,4219.934034188034,4219.934034188034,-0.33703214488212796,tp,0.1,0.7000000000000001,131.3432954545413,1.0465266782313014,-525.0610076664707
2025-12-02,1,2025-12-02 09:20:00,2025-12-02 09:33:15,3,4204.514,4191.900458,4191.900458,4217.699678571428,4217.699678571428,-0.31221233314289276,sl,0.1,0.7000000000000001,-126.83542000000052,-1.0,-651.8964276664719
2025-12-02,1,2025-12-02 09:40:00,2025-12-02 13:00:20,41,4189.825,4211.364551282052,4177.255525,4216.902462643678,4216.902462643678,-0.6438840567029689,tp,0.1,0.7000000000000001,214.69551282052345,1.7136396931496292,-437.2009148459492
2025-12-02,-1,2025-12-02 14:20:00,2025-12-02 15:05:50,10,4224.304,4211.80397513812,4236.976912,4211.247670542635,4211.247670542635,0.3093579498658612,tp,0.1,0.7000000000000001,124.30024861879865,0.986357741762893,-312.9006662271513
2025-12-02,1,2025-12-02 15:20:00,2025-12-02 15:33:25,3,4197.965,4185.371105,4185.371105,4211.7219221014475,4211.7219221014475,-0.32628987277942645,sl,0.1,0.7000000000000001,-126.63894999999975,-1.0,-439.5396162271518
2025-12-02,1,2025-12-02 15:40:00,2025-12-02 15:54:40,3,4188.46,4175.89462,4175.89462,4211.234166666664,4211.234166666664,-0.5417810020458673,sl,0.1,0.7000000000000001,-126.35380000000005,-1.0,-565.8934162271526
2025-12-02,1,2025-12-02 16:00:00,2025-12-02 20:35:45,56,4169.524,4206.207948043183,4157.015428000001,4210.596043402776,4210.596043402776,-0.9765254842529731,tp,0.1,0.7000000000000001,366.1394804318268,2.9327047118714646,-199.75393579532647
2025-12-03,-1,2025-12-03 02:40:00,2025-12-03 04:04:00,17,4228.85,4218.281708333333,4241.53655,4215.325781250001,4215.325781250001,0.3226255681231574,tp,0.1,0.7000000000000001,104.98291666667392,0.8330311760618809,-94.77101912865328
2025-12-03,1,2025-12-03 05:50:00,2025-12-03 12:35:40,82,4205.705,4211.203886313464,4193.087885,4218.76229047619,4218.76229047619,-0.30932746567992936,tp,0.1,0.7000000000000001,54.288863134640266,0.4358275495994149,-40.48215599401374
2025-12-03,-1,2025-12-03 13:50:00,2025-12-03 14:00:15,3,4226.689,4239.369067,4239.369067,4211.707877510038,4211.707877510038,0.35568997009400044,sl,0.1,0.7000000000000001,-127.50066999999326,-1.0,-167.98282599400773
2025-12-03,-1,2025-12-03 14:15:00,2025-12-03 14:34:45,4,4226.725,4239.405175,4239.405175,4212.27323099415,4212.27323099415,0.3410811269348358,sl,0.1,0.7000000000000001,-127.50174999999508,-1.0,-295.48457599400354
2025-12-03,-1,2025-12-03 14:40:00,2025-12-03 14:53:25,3,4234.353,4212.884876404493,4247.056059,4212.740744318181,4212.740744318181,0.5141725303422316,tp,0.1,0.7000000000000001,213.9812359550677,1.6899963698119986,-81.50334003893659
2025-12-03,-1,2025-12-03 15:35:00,2025-12-03 16:21:20,10,4228.83,4213.502498299319,4241.516489999999,4213.116444741531,4213.116444741531,0.3744034959716374,tp,0.1,0.7000000000000001,152.57501700680842,1.208175129660125,71.0716769678711
2025-12-03,1,2025-12-03 17:00:00,2025-12-03 17:37:55,8,4200.812,4213.454237756713,4188.209564,4213.604174836601,4213.604174836601,-0.3017292158700237,tp,0.1,0.7000000000000001,125.72237756713257,1.0031582589836705,196.79405453500294
2025-12-03,1,2025-12-03 18:25:00,2025-12-03 20:08:35,21,4199.729,4212.491780774548,4187.1298130000005,4213.224976621416,4213.224976621416,-0.32337405899319704,tp,0.1,0.7000000000000001,126.92780774547536,1.0129844707081288,323.7218622804776
2025-12-04,1,2025-12-04 03:05:00,2025-12-04 05:43:55,32,4194.355,4181.771935,4181.771935,4208.519743243245,4208.519743243245,-0.3379155643995101,sl,0.1,0.7000000000000001,-126.53064999999806,-1.0,197.1912122804788
2025-12-04,1,2025-12-04 05:50:00,2025-12-04 09:43:50,47,4180.378,4196.914002873566,4167.836866,4201.971357142857,4201.971357142857,-0.5124941441176388,tp,0.1,0.7000000000000001,164.6600287356585,1.3185412797252445,361.85124101613656
2025-12-04,-1,2025-12-04 16:10:00,2025-12-04 19:12:00,37,4213.932,4200.233614492756,4226.573796,4197.9059158075615,4197.9059158075615,0.38346700748631546,tp,0.1,0.7000000000000001,136.28385507243985,1.0835790663956377,498.13509608857566
2025-12-05,-1,2025-12-05 05:30:00,2025-12-05 13:00:20,91,4219.586,4232.244758,4232.244758,4206.383363636364,4206.383363636364,0.31492936374168157,sl,0.1,0.7000000000000001,-127.2875799999958,-1.0,370.84751608857914
2025-12-05,-1,2025-12-05 13:30:00,2025-12-05 14:55:00,18,4232.939,4245.637817,4245.637817,4217.018950617285,4217.018950617285,0.37689063219384467,sl,0.1,0.7000000000000001,-127.68816999999508,-1.0,243.15934608858333
2025-12-05,-1,2025-12-05 15:05:00,2025-12-05 15:32:30,6,4239.832,4252.551496,4252.551496,4219.0026325966855,4219.0026325966855,0.4949716608842673,sl,0.1,0.7000000000000001,-127.89495999999708,-1.0,115.26438608858552
2025-12-05,-1,2025-12-05 15:40:00,2025-12-05 16:10:10,7,4257.423,4220.725910652922,4270.195268999999,4219.980171985817,4219.980171985817,0.888732327776198,tp,0.1,0.7000000000000001,366.27089347077964,2.8731848152493837,481.5352795593644
2025-12-05,1,2025-12-05 16:20:00,2025-12-05 21:20:15,61,4205.013,4192.397961,4192.397961,4220.60074659864,4220.60074659864,-0.370806137283962,sl,0.1,0.7000000000000001,-126.85039000000252,-1.0,354.6848895593612
2025-12-08,1,2025-12-08 15:05:00,2025-12-08 15:15:35,3,4188.803,4176.236591,4176.236591,4208.78329189687,4208.78329189687,-0.47345730380641676,sl,0.1,0.7000000000000001,-126.36409000000022,-1.0,228.32079955936024
2025-12-08,1,2025-12-08 15:25:00,2025-12-08 16:01:15,8,4192.731,4180.1528069999995,4180.1528069999995,4208.25292882883,4208.25292882883,-0.3698311173791692,sl,0.1,0.7000000000000001,-126.48193000000283,-1.0,101.83886955935668
2025-12-08,1,2025-12-08 16:10:00,2025-12-08 23:59:55,82,4181.022,4194.796,4168.478934,4207.247981099657,4207.247981099657,-0.6231265952810583,session_end,0.1,0.7000000000000001,137.04000000000343,1.098136611893786,238.87886955935937
2025-12-09,1,2025-12-09 06:05:00,2025-12-09 08:15:25,27,4177.462,4188.63607912458,4164.929614000001,4191.396248858448,4191.396248858448,-0.33188818313795354,tp,0.1,0.7000000000000001,111.04079124579293,0.8916162592326328,349.9196608051516
2025-12-09,-1,2025-12-09 09:10:00,2025-12-09 14:11:00,61,4202.292,4194.062878431372,4214.898876,4188.821396969698,4188.821396969698,0.3220978349676754,tp,0.1,0.7000000000000001,81.59121568628215,0.6527486721237147,431.510876491433
2025-12-09,-1,2025-12-09 14:55:00,2025-12-09 15:09:50,3,4207.917,4194.370621546959,4220.540751,4194.273343575417,4194.273343575417,0.3248275758052756,tp,0.1,0.7000000000000001,134.76378453041144,1.0730866327323811,566.2746610218437
2025-12-09,-1,2025-12-09 16:00:00,2025-12-09 23:59:55,84,4212.584,4210.969,4225.2217519999995,4194.837798611109,4194.837798611109,0.42441930400229966,session_end,0.1,0.7000000000000001,15.449999999997818,0.12779171485560312,581.7246610218408
2025-12-10,1,2025-12-10 09:45:00,2025-12-10 13:51:30,50,4195.054,4204.409435742971,4182.468838,4207.897297720799,4207.897297720799,-0.30653784558348307,tp,0.1,0.7000000000000001,92.85435742971167,0.7433703072690632,674.5790184515517
2025-12-10,-1,2025-12-10 19:10:00,2025-12-10 19:28:15,4,4215.842,4202.9198891273245,4228.489525999999,4202.80151884058,4202.80151884058,0.31141087916592863,tp,0.1,0.7000000000000001,128.5211087267515,1.0217105600475074,803.1001271783025
2025-12-10,1,2025-12-10 19:45:00,2025-12-10 19:52:55,2,4187.595,4202.831242296918,4175.032215,4202.880411392405,4202.880411392405,-0.3633201494626053,tp,0.1,0.7000000000000001,151.66242296918136,1.2128076932716785,954.7625501474831
2025-12-10,-1,2025-12-10 20:00:00,2025-12-10 20:08:35,2,4216.434,4229.083302,4229.083302,4202.8609097222225,4202.8609097222225,0.3241503958949343,sl,0.1,0.7000000000000001,-127.19301999999807,-1.0,827.5695301474843
2025-12-10,-1,2025-12-10 20:15:00,2025-12-10 23:59:55,33,4235.105,4232.509,4247.810314999999,4203.144778463648,4203.144778463648,0.761542207643199,session_end,0.1,0.7000000000000001,25.25999999999549,0.20432393844620955,852.8295301474791
2025-12-11,1,2025-12-11 02:40:00,2025-12-11 03:12:05,7,4223.372,4210.701884,4210.701884,4237.709510416666,4237.709510416666,-0.3396648680444973,sl,0.1,0.7000000000000001,-127.40116000000235,-1.0,725.428370147476
2025-12-11,1,2025-12-11 03:20:00,2025-12-11 09:47:45,78,4214.844,4220.818331908832,4202.199468,4234.356049999999,4234.356049999999,-0.4621847990321801,tp,0.1,0.7000000000000001,59.043319088320274,0.47248343464446985,784.4716892357956
2025-12-11,-1,2025-12-11 14:35:00,2025-12-11 15:40:50,14,4235.866,4248.573598,4248.573598,4219.754372380952,4219.754372380952,0.38244234604446814,sl,0.1,0.7000000000000001,-127.77597999999962,-1.0,656.6957092357952
2025-12-11,-1,2025-12-11 15:50:00,2025-12-11 16:47:55,12,4256.001,4268.769002999999,4268.769002999999,4221.349119298244,4221.349119298244,0.8204576243983852,sl,0.1,0.7000000000000001,-128.38002999999225,-1.0,528.3156792358022
2025-12-11,-1,2025-12-11 16:55:00,2025-12-11 23:59:55,73,4273.358,4276.621,4286.1780739999995,4223.806770935959,4223.806770935959,1.1720879232614758,session_end,0.1,0.7000000000000001,-33.3299999999992,-0.25452271180338737,494.9856792358023
2025-12-12,-1,2025-12-12 07:10:00,2025-12-12 08:38:40,18,4287.311,4300.172932999999,4300.172932999999,4273.545476744185,4273.545476744185,0.32333862669788654,sl,0.1,0.7000000000000001,-129.31932999999225,-1.0,365.6663492358093
2025-12-12,-1,2025-12-12 08:45:00,2025-12-12 09:14:50,6,4303.835,4316.746504999999,4316.746504999999,4276.614652380953,4276.614652380953,0.6377906319864721,sl,0.1,0.7000000000000001,-129.81504999999123,-1.0,235.85129923581735
2025-12-12,-1,2025-12-12 09:20:00,2025-12-12 10:44:35,17,4315.055,4328.0001649999995,4328.0001649999995,4278.732904761905,4278.732904761905,0.8483959164100824,sl,0.1,0.7000000000000001,-130.15164999999178,-1.0,105.69964923582484
2025-12-12,-1,2025-12-12 10:50:00,2025-12-12 13:30:35,33,4330.411,4343.402233,4343.402233,4284.171976923078,4284.171976923078,1.0789604928540002,sl,0.1,0.7000000000000001,-130.61232999999737,-1.0,-24.912680764173274
2025-12-12,-1,2025-12-12 13:40:00,2025-12-12 15:29:15,22,4343.558,4299.633741441441,4356.588674,4294.465467479675,4294.465467479675,1.1446833812631556,tp,0.1,0.7000000000000001,438.54258558558905,3.3708355038703397,413.62990482141504
2025-12-12,-1,2025-12-12 15:40:00,2025-12-12 15:54:55,3,4315.538,4299.931407017544,4328.484613999999,4299.753597517731,4299.753597517731,0.3664373347199572,tp,0.1,0.7000000000000001,155.3659298245537,1.205457502823207,568.995834645968
2025-12-12,1,2025-12-12 16:05:00,2025-12-12 16:39:25,7,4277.362,4264.529914,4264.529914,4299.8356899827295,4299.8356899827295,-0.521629001661213,sl,0.1,0.7000000000000001,-129.02086000000344,-1.0,439.9749746459638
2025-12-12,1,2025-12-12 16:45:00,2025-12-12 17:53:20,14,4274.065,4298.023738317758,4261.242805,4299.032277777779,4299.032277777779,-0.5801951733814935,tp,0.1,0.7000000000000001,238.88738317758617,1.8685364181217885,678.8623578235492
2025-12-15,-1,2025-12-15 01:40:00,2025-12-15 05:31:45,47,4321.388,4334.352164,4334.352164,4307.974583333333,4307.974583333333,0.3108634094193117,sl,0.1,0.7000000000000001,-130.3416399999998,-1.0,548.5207178235487
2025-12-15,-1,2025-12-15 05:40:00,2025-12-15 13:57:35,100,4337.962,4333.876236526948,4350.975886,4320.932980392157,4320.932980392157,0.3953664563964594,tp,0.1,0.7000000000000001,40.15763473052793,0.31395414659793996,588.6783525540759
2025-12-15,1,2025-12-15 14:55:00,2025-12-15 16:05:50,15,4318.565,4305.609305,4305.609305,4333.529822160151,4333.529822160151,-0.34658402679835626,sl,0.1,0.7000000000000001,-130.2569499999965,-1.0,458.42140255407867
2025-12-15,1,2025-12-15 16:15:00,2025-12-15 16:36:05,5,4303.48,4290.56956,4290.56956,4332.295370085471,4332.295370085471,-0.6637559914319558,sl,0.1,0.7000000000000001,-129.80439999999652,-1.0,328.6170025540814
2025-12-15,1,2025-12-15 16:45:00,2025-12-15 23:59:55,75,4296.551,4304.211,4283.661347,4331.221033996685,4331.221033996685,-0.8017031161451484,session_end,0.1,0.7000000000000001,75.89999999999854,0.5942751135348444,404.5170025540792
2025-12-16,1,2025-12-16 02:55:00,2025-12-16 05:29:50,31,4293.523,4280.642431,4280.642431,4308.64111904762,4308.64111904762,-0.35200469541478735,sl,0.1,0.7000000000000001,-129.50568999999922,-1.0,275.01131255407927
2025-12-16,1,2025-12-16 05:35:00,2025-12-16 12:16:10,81,4275.464,4289.718459183675,4262.637608,4298.631435323384,4298.631435323384,-0.5383791486101973,tp,0.1,0.7000000000000001,141.84459183674954,1.1113381833079028,416.8559043908281
2025-12-16,-1,2025-12-16 13:35:00,2025-12-16 14:14:30,8,4307.493,4320.415479,4320.415479,4290.197659509204,4290.197659509204,0.40256514644530367,sl,0.1,0.7000000000000001,-129.92478999999838,-1.0,286.93111439082895
2025-12-16,-1,2025-12-16 14:20:00,2025-12-16 16:37:10,28,4326.996,4295.507486599666,4339.976987999999,4291.341806201552,4291.341806201552,0.8322966431346281,tp,0.1,0.7000000000000001,314.1851340033434,2.425740891243096,601.1162483941716
2025-12-16,-1,2025-12-16 18:50:00,2025-12-16 23:59:55,50,4313.07,4307.958,4326.009209999999,4296.491830383482,4296.491830383482,0.3853764948283451,session_end,0.1,0.7000000000000001,50.4200000000008,0.3950782157488949,651.5362483941717
2025-12-17,-1,2025-12-17 05:25:00,2025-12-17 07:12:00,22,4336.16,4323.349968992249,4349.168479999999,4320.376715384616,4320.376715384616,0.3667222943537538,tp,0.1,0.7000000000000001,127.40031007750694,0.9847446440899459,778.9365584716779
2025-12-17,-1,2025-12-17 13:40:00,2025-12-17 15:33:45,23,4335.786,4348.793358,4348.793358,4321.42018089431,4321.42018089431,0.3318195987765015,sl,0.1,0.7000000000000001,-130.7735799999984,-1.0,648.1629784716788
2025-12-17,-1,2025-12-17 16:50:00,2025-12-17 23:59:55,73,4337.231,4339.299,4350.242692999999,4323.878440594062,4323.878440594062,0.30828941167240487,session_end,0.1,0.7000000000000001,-21.38000000000211,-0.15893396808549784,626.782978471676
2025-12-18,1,2025-12-18 13:15:00,2025-12-18 13:30:00,4,4316.527,4329.913884773662,4303.577419,4330.085998951782,4330.085998951782,-0.31199146980111614,tp,0.1,0.7000000000000001,133.16884773662133,1.0337697237974175,759.9518262082966
2025-12-18,1,2025-12-18 14:45:00,2025-12-18 14:59:20,3,4314.399,4330.164697392923,4301.455803000001,4330.308228813559,4330.308228813559,-0.36959791238565776,tp,0.1,0.7000000000000001,156.9569739292245,1.2180682556962499,916.9088001375203
2025-12-18,-1,2025-12-18 16:05:00,2025-12-18 16:11:30,2,4343.585,4356.615755,4356.615755,4330.502598445594,4330.502598445594,0.30338052583367703,sl,0.1,0.7000000000000001,-131.0075499999977,-1.0,785.9012501375219
2025-12-18,-1,2025-12-18 16:20:00,2025-12-18 17:09:30,10,4372.357,4332.441604065039,4385.474071,4330.9234353741485,4330.9234353741485,0.9588501215853024,tp,0.1,0.7000000000000001,398.45395934960544,3.0430113502443916,1184.3552094871266
2025-12-19,1,2025-12-19 01:30:00,2025-12-19 02:01:20,7,4313.229,4325.53713888889,4300.289313,4327.940222222223,4327.940222222223,-0.3413568918157886,tp,0.1,0.7000000000000001,122.38138888889516,0.9511929375795156,1306.736598376021
2025-12-19,-1,2025-12-19 15:05:00,2025-12-19 16:00:05,12,4339.247,4352.264741,4352.264741,4325.42182412523,4325.42182412523,0.31901341501091446,sl,0.1,0.7000000000000001,-130.8774099999966,-1.0,1175.8591883760237
2025-12-19,-1,2025-12-19 16:10:00,2025-12-19 21:57:55,70,4348.8,4339.438,4361.846399999999,4326.663644329897,4326.663644329897,0.5088876205793689,session_end,0.1,0.7000000000000001,92.9200000000008,0.7175925925926391,1268.7791883760237
2025-12-22,-1,2025-12-22 01:45:00,2025-12-22 03:50:15,26,4381.807,4394.952420999999,4394.952420999999,4365.60930952381,4365.60930952381,0.37271293243519327,sl,0.1,0.7000000000000001,-132.1542099999926,-1.0,1136.6249783760304
2025-12-22,-1,2025-12-22 04:00:00,2025-12-22 05:30:00,19,4392.733,4405.911199,4405.911199,4377.001201388889,4377.001201388889,0.3589740529686177,sl,0.1,0.7000000000000001,-132.48198999999948,-1.0,1004.1429883760302
2025-12-22,-1,2025-12-22 05:40:00,2025-12-22 06:58:15,16,4404.56,4417.77368,4417.77368,4383.279627450981,4383.279627450981,0.4860030470245797,sl,0.1,0.7000000000000001,-132.8367999999984,-1.0,871.3061883760311
2025-12-22,-1,2025-12-22 07:05:00,2025-12-22 14:17:40,87,4415.083,4428.328248999999,4428.328248999999,4387.765801960784,4387.765801960784,0.6229753198541491,sl,0.1,0.7000000000000001,-133.15248999999602,-1.0,738.1536983760343
2025-12-22,-1,2025-12-22 14:25:00,2025-12-22 16:30:40,26,4428.521,4441.806562999999,4441.806562999999,4400.967577071292,4400.967577071292,0.6255652296131815,sl,0.1,0.7000000000000001,-133.55562999999455,-1.0,604.598068376039
2025-12-22,-1,2025-12-22 16:40:00,2025-12-22 23:02:45,65,4437.049,4450.360146999999,4450.360146999999,4404.4804366666685,4404.4804366666685,0.7390216349323906,sl,0.1,0.7000000000000001,-133.81146999999436,-1.0,470.7865983760439
2025-12-23,-1,2025-12-23 01:10:00,2025-12-23 01:24:35,3,4482.171,4470.344166666667,4495.617513,4468.586904761904,4468.586904761904,0.30543425760727355,tp,0.1,0.7000000000000001,117.56833333333525,0.879546491594783,588.3549317093784
2025-12-23,-1,2025-12-23 01:55:00,2025-12-23 04:50:30,36,4488.659,4482.1744137931055,4502.1249769999995,4473.845413043478,4473.845413043478,0.3299865237515841,tp,0.1,0.7000000000000001,64.14586206894164,0.48155334045901327,652.5007937783193
2025-12-23,1,2025-12-23 14:10:00,2025-12-23 14:31:30,5,4469.23,4455.82231,4455.82231,4483.390823529414,4483.390823529414,-0.31505893832147813,sl,0.1,0.7000000000000001,-134.7769,-1.0,517.7238937783186
2025-12-23,1,2025-12-23 14:40:00,2025-12-23 14:58:50,4,4460.99,4447.60703,4447.60703,4482.734073863638,4482.734073863638,-0.4862116178319707,sl,0.1,0.7000000000000001,-134.52969999999658,-1.0,383.1941937783213
2025-12-23,1,2025-12-23 15:05:00,2025-12-23 17:04:20,24,4434.303,4479.038805555557,4421.000091,4481.830940147332,4481.830940147332,-1.0602684657661294,tp,0.1,0.7000000000000001,446.6580555555691,3.3628588721126267,829.8522493338896
2025-12-23,-1,2025-12-23 19:05:00,2025-12-23 23:39:00,43,4493.667,4507.148001,4507.148001,4478.80984643377,4478.80984643377,0.3314419248687365,sl,0.1,0.7000000000000001,-135.51000999999195,-1.0,694.3422393338969
2025-12-24,1,2025-12-24 03:00:00,2025-12-24 10:03:00,85,4477.672,4497.763158333333,4464.238984,4513.243083333333,4513.243083333333,-0.7897332954423525,tp,0.1,0.7000000000000001,200.21158333333625,1.495655058650544,894.5538226672325
2025-12-24,1,2025-12-24 13:20:00,2025-12-24 14:50:20,19,4479.971,4466.531086999999,4466.531086999999,4495.852514583333,4495.852514583333,-0.35248074824361175,sl,0.1,0.7000000000000001,-135.0991300000016,-1.0,759.4546926672301
2025-12-24,1,2025-12-24 15:00:00,2025-12-24 15:43:00,9,4464.748,4451.3537559999995,4451.3537559999995,4494.260785185187,4494.260785185187,-0.6565770567310494,sl,0.1,0.7000000000000001,-134.6424400000007,-1.0,624.8122526672287
2025-12-24,1,2025-12-24 15:50:00,2025-12-24 18:29:55,32,4456.25,4480.777,4442.88125,4492.748701754387,4492.748701754387,-0.813671188422182,session_end,0.1,0.7000000000000001,244.57000000000045,1.8346517064049153,869.3822526672284
2025-12-26,-1,2025-12-26 01:05:00,2025-12-26 01:17:20,3,4526.378,4509.042388888888,4539.957133999999,4507.55696153846,4507.55696153846,0.41708931516470776,tp,0.1,0.7000000000000001,172.65611111111576,1.2766359851159927,1042.0383637783434
2025-12-26,-1,2025-12-26 14:00:00,2025-12-26 15:33:00,19,4525.12,4538.69536,4538.69536,4511.134190476189,4511.134190476189,0.3109707876442087,sl,0.1,0.7000000000000001,-136.45359999999818,-1.0,905.5847637783445
2025-12-26,-1,2025-12-26 15:40:00,2025-12-26 17:31:10,23,4541.398,4515.463265079364,4555.022193999999,4512.799446808509,4512.799446808509,0.6354160766388713,tp,0.1,0.7000000000000001,258.647349206364,1.9035793912387151,1164.2321129847078
2025-12-26,-1,2025-12-26 18:45:00,2025-12-26 21:57:55,39,4529.639,4532.613,4543.227916999999,4515.702497037036,4515.702497037036,0.31016221666848004,session_end,0.1,0.7000000000000001,-30.4400000000016,-0.21885482117525265,1133.7921129847055
2025-12-29,1,2025-12-29 00:45:00,2025-12-29 00:49:15,1,4489.845,4505.750425925926,4476.375465,4505.750425925926,4505.750425925926,-0.35250345501907376,tp,0.1,0.7000000000000001,158.35425925925557,1.1808444705719496,1292.1463722439603
2025-12-29,1,2025-12-29 06:30:00,2025-12-29 06:51:10,5,4490.911,4477.438267,4477.438267,4509.856337606837,4509.856337606837,-0.4196549998503832,sl,0.1,0.7000000000000001,-135.42732999999606,-1.0,1156.7190422439635
2025-12-29,1,2025-12-29 07:00:00,2025-12-29 07:00:05,1,4475.203,4461.7773910000005,4461.7773910000005,4508.098773809523,4508.098773809523,-0.7291826434793179,sl,0.1,0.7000000000000001,-134.95608999999894,-1.0,1021.7629522439638
2025-12-29,1,2025-12-29 07:10:00,2025-12-29 11:40:00,55,4459.661,4446.282017,4446.282017,4506.932492248061,4506.932492248061,-1.0472531445554842,sl,0.1,0.7000000000000001,-134.48982999999606,-1.0,887.273122243967
2025-12-29,1,2025-12-29 11:50:00,2025-12-29 13:42:05,23,4450.666,4437.314002,4437.314002,4491.616384976524,4491.616384976524,-0.9125865047964979,sl,0.1,0.7000000000000001,-134.21998000000093,-1.0,753.0531422439653
2025-12-29,1,2025-12-29 13:50:00,2025-12-29 14:03:15,3,4417.073,4403.821781000001,4403.821781000001,4486.1467811244975,4486.1467811244975,-1.5392559471089937,sl,0.1,0.7000000000000001,-133.21218999999763,-1.0,619.840952243967
2025-12-29,1,2025-12-29 14:10:00,2025-12-29 14:30:05,5,4391.349,4378.174953,4378.174953,4484.296823529412,4484.296823529412,-2.072037761681463,sl,0.1,0.7000000000000001,-132.44047000000427,-1.0,487.40048224396196
2025-12-29,1,2025-12-29 14:40:00,2025-12-29 14:41:30,1,4372.142,4359.025574,4359.025574,4481.03815530303,4481.03815530303,-2.4311923158722464,sl,0.1,0.7000000000000001,-131.8642599999959,-1.0,355.5362222439653
2025-12-29,1,2025-12-29 14:50:00,2025-12-29 14:57:30,2,4377.03,4363.89891,4363.89891,4479.827393258426,4479.827393258426,-2.2939252841096645,sl,0.1,0.7000000000000001,-132.01089999999857,-1.0,223.525322243966
2025-12-29,1,2025-12-29 15:05:00,2025-12-29 15:07:30,1,4341.739,4328.713782999999,4328.713782999999,4477.86361970534,4477.86361970534,-3.0410957382909545,sl,0.1,0.7000000000000001,-130.95217000000338,-1.0,92.57315224396189
2025-12-29,1,2025-12-29 15:15:00,2025-12-29 15:16:45,1,4342.753,4329.724741,4329.724741,4476.358463570126,4476.358463570126,-2.98432229360787,sl,0.1,0.7000000000000001,-130.98258999999706,-1.0,-38.40943775603591
2025-12-29,1,2025-12-29 15:25:00,2025-12-29 23:59:55,91,4315.997,4345.707,4303.049009,4474.732292792792,4474.732292792792,-3.548408762878015,session_end,0.1,0.7000000000000001,296.4000000000004,2.2945644617763508,257.9905622439637
2025-12-30,1,2025-12-30 01:05:00,2025-12-30 01:17:20,3,4327.966,4341.43441111111,4314.982102,4342.623628205128,4342.623628205128,-0.3372645077966662,tp,0.1,0.7000000000000001,133.98411111110073,1.0373164600576537,391.9746733550637
2025-12-30,-1,2025-12-30 01:55:00,2025-12-30 05:23:15,42,4357.403,4370.475209,4370.475209,4341.892673913044,4341.892673913044,0.35645344667185824,sl,0.1,0.7000000000000001,-131.4220899999993,-1.0,260.5525833550637
2025-12-30,-1,2025-12-30 05:30:00,2025-12-30 08:22:50,35,4372.343,4360.21726,4385.460028999999,4354.840449494952,4354.840449494952,0.4053432200276279,tp,0.1,0.7000000000000001,120.55739999999496,0.9244273226810991,381.1099833550579
2025-12-30,-1,2025-12-30 09:20:00,2025-12-30 10:30:45,15,4375.172,4388.297515999999,4388.297515999999,4360.520720238096,4360.520720238096,0.33529894019412537,sl,0.1,0.7000000000000001,-131.9551599999915,-1.0,249.15482335506567
2025-12-30,-1,2025-12-30 10:40:00,2025-12-30 12:40:30,25,4387.684,4400.847052,4400.847052,4362.2452421875,4362.2452421875,0.5826875015342949,sl,0.1,0.7000000000000001,-132.33051999999878,-1.0,116.82430335506615
2025-12-30,-1,2025-12-30 12:50:00,2025-12-30 14:40:40,23,4401.64,4369.619676136364,4414.84492,4366.804683982684,4366.804683982684,0.7972606639590658,tp,0.1,0.7000000000000001,319.50323863635896,2.424878292608951,436.32754199142437
2025-12-30,1,2025-12-30 16:10:00,2025-12-30 16:19:00,2,4356.083,4369.303416239318,4343.014751,4369.36194329897,4369.36194329897,-0.3032123104218629,tp,0.1,0.7000000000000001,131.50416239318184,1.0116440419308097,567.8317043846055
2025-12-30,1,2025-12-30 19:50:00,2025-12-30 21:54:50,25,4349.911,4336.861267,4336.861267,4369.167238095236,4369.167238095236,-0.4424352981201935,sl,0.1,0.7000000000000001,-131.19732999999832,-1.0,436.6343743846064
2025-12-30,1,2025-12-30 23:00:30,2025-12-30 23:35:05,8,4343.619,4330.588143,4330.588143,4366.955580808081,4366.955580808081,-0.6438600138652789,sl,0.1,0.7000000000000001,-131.0085699999974,-1.0,305.6258043846083
2025-12-31,-1,2025-12-31 01:25:00,2025-12-31 01:46:45,5,4357.044,4370.115131999999,4370.115131999999,4343.5778921568635,4343.5778921568635,0.31118603553865976,sl,0.1,0.7000000000000001,-131.41131999999124,-1.0,174.2144843846163
2025-12-31,-1,2025-12-31 01:55:00,2025-12-31 02:50:30,12,4368.907,4353.984519607843,4382.013720999999,4349.193586956521,4349.193586956521,0.4526796209422206,tp,0.1,0.7000000000000001,148.52480392157014,1.138536510554999,322.7392883061857
2025-12-31,1,2025-12-31 05:00:00,2025-12-31 05:40:30,9,4333.159,4320.159522999999,4320.159522999999,4351.529955555556,4351.529955555556,-0.42422908135994386,sl,0.1,0.7000000000000001,-130.69477000000296,-1.0,192.044518306182
2025-12-31,1,2025-12-31 05:50:00,2025-12-31 05:52:45,1,4310.846,4297.9134619999995,4297.9134619999995,4348.709052380952,4348.709052380952,-0.8716506881553376,sl,0.1,0.7000000000000001,-130.0253800000002,-1.0,62.01913830618105
2025-12-31,1,2025-12-31 06:00:00,2025-12-31 09:44:00,45,4285.936,4336.725913793103,4273.078192,4347.061921296296,4347.061921296296,-1.407144006774464,tp,0.1,0.7000000000000001,507.1991379310355,3.9501222753601968,569.2182762372158
2025-12-31,1,2025-12-31 10:30:00,2025-12-31 10:31:25,1,4319.834,4306.874498,4306.874498,4336.066420634921,4336.066420634921,-0.37418524212885224,sl,0.1,0.7000000000000001,-130.295019999997,-1.0,438.9232562372181
2025-12-31,1,2025-12-31 10:40:00,2025-12-31 13:31:20,35,4310.245,4330.660806584361,4297.314265,4335.669497395834,4335.669497395834,-0.5859994035775644,tp,0.1,0.7000000000000001,203.45806584361236,1.5788589422303814,642.3813220808297
2025-12-31,-1,2025-12-31 14:00:00,2025-12-31 15:10:00,15,4345.848,4331.656547619047,4358.885544,4330.851240079364,4330.851240079364,0.347466562263161,tp,0.1,0.7000000000000001,141.21452380952798,1.0885065761582868,783.5958458903569
2025-12-31,1,2025-12-31 18:50:00,2025-12-31 20:02:05,15,4317.672,4304.718983999999,4304.718983999999,4330.683561209439,4330.683561209439,-0.3031059883251665,sl,0.1,0.7000000000000001,-130.23016000000388,-1.0,653.3656858903523
2025-12-31,1,2025-12-31 20:10:00,2025-12-31 21:57:55,22,4308.406,4318.909,4295.480782,4329.621009641874,4329.621009641874,-0.49339213742499194,session_end,0.1,0.7000000000000001,104.32999999999701,0.8125975128620226,757.6956858903486
2026-01-02,-1,2026-01-02 03:00:00,2026-01-02 03:48:25,10,4362.824,4375.912471999999,4375.912471999999,4349.527166666667,4349.527166666667,0.30696056885569656,sl,0.1,0.7000000000000001,-131.58471999999455,-1.0,626.1109658903533
2026-01-02,-1,2026-01-02 03:55:00,2026-01-02 08:33:55,56,4374.084,4387.206251999999,4387.206251999999,4354.230464539007,4354.230464539007,0.4559941331239446,sl,0.1,0.7000000000000001,-131.92251999999206,-1.0,494.1884458903605
2026-01-02,-1,2026-01-02 08:40:00,2026-01-02 13:15:45,56,4388.67,4401.83601,4401.83601,4367.066724358974,4367.066724358974,0.4960715511898995,sl,0.1,0.7000000000000001,-132.36009999999914,-1.0,361.82834589036065
2026-01-02,1,2026-01-02 14:35:00,2026-01-02 15:04:55,6,4355.276,4342.210172,4342.210172,4375.453454285715,4375.453454285715,-0.461002602277895,sl,0.1,0.7000000000000001,-131.35827999999782,-1.0,230.4700658903621
2026-01-02,1,2026-01-02 15:10:00,2026-01-02 15:13:00,1,4347.425,4334.382725,4334.382725,4374.607554945056,4374.607554945056,-0.6210169621809108,sl,0.1,0.7000000000000001,-131.1227499999979,-1.0,99.34731589036346
2026-01-02,1,2026-01-02 15:20:00,2026-01-02 16:03:35,9,4339.474,4326.455578,4326.455578,4374.232570652175,4374.232570652175,-0.7968728248708097,sl,0.1,0.7000000000000001,-130.884220000001,-1.0,-31.53690410963827
2026-01-02,1,2026-01-02 16:10:00,2026-01-02 18:10:20,25,4326.74,4313.759779999999,4313.759779999999,4372.322321305843,4372.322321305843,-1.0423024186430971,sl,0.1,0.7000000000000001,-130.5022000000037,-1.0,-162.03910410964272
2026-01-02,1,2026-01-02 18:20:00,2026-01-02 21:57:55,44,4318.516,4331.821,4305.560452,4366.616524242427,4366.616524242427,-1.102799478156187,session_end,0.1,0.7000000000000001,132.35000000000292,1.0269731546670497,-29.68910410964054
2026-01-05,-1,2026-01-05 01:05:00,2026-01-05 01:51:40,10,4416.975,4393.156651515152,4430.225925,4387.186756410257,4387.186756410257,0.682002961146461,tp,0.1,0.7000000000000001,237.48348484848685,1.7974857215515005,207.79438073884558
2026-01-05,-1,2026-01-05 03:05:00,2026-01-05 04:00:45,12,4411.723,4398.918819444444,4424.9581689999995,4396.191932432432,4396.191932432432,0.3529774815582787,tp,0.1,0.7000000000000001,127.34180555555831,0.9674361208048217,335.13618629440316
2026-01-05,-1,2026-01-05 06:10:00,2026-01-05 08:16:10,26,4414.968,4428.212903999999,4428.212903999999,4401.664256756757,4401.664256756757,0.30150512326947043,sl,0.1,0.7000000000000001,-133.14903999999223,-1.0,201.9871462944102
2026-01-05,-1,2026-01-05 08:25:00,2026-01-05 11:27:30,37,4428.362,4413.682154501217,4441.647086,4406.995922442245,4406.995922442245,0.4832901580256569,tp,0.1,0.7000000000000001,146.09845498782926,1.1049868626204657,348.0856012822387
2026-01-05,1,2026-01-05 13:30:00,2026-01-05 13:40:55,3,4399.75,4413.828262195122,4386.55075,4413.9083539094645,4413.9083539094645,-0.322522643608017,tp,0.1,0.7000000000000001,140.0826219512208,1.066595616805685,488.1682232334588
2026-01-05,-1,2026-01-05 14:45:00,2026-01-05 15:00:30,4,4429.672,4442.961015999999,4442.961015999999,4414.353556497175,4414.353556497175,0.3482037246473281,sl,0.1,0.7000000000000001,-133.59015999999718,-1.0,354.57806323346085
2026-01-05,-1,2026-01-05 15:10:00,2026-01-05 23:59:55,94,4454.396,4440.433,4467.759187999999,4415.120087912088,4415.120087912088,0.8909703769012364,session_end,0.1,0.7000000000000001,138.9299999999974,1.044885397107368,493.5080632334575
2026-01-06,-1,2026-01-06 02:05:00,2026-01-06 03:18:10,15,4453.142,4466.501425999999,4466.501425999999,4439.5110466666665,4439.5110466666665,0.3067106532724518,sl,0.1,0.7000000000000001,-134.29425999999074,-1.0,359.213803233466
2026-01-06,-1,2026-01-06 03:25:00,2026-01-06 05:51:25,30,4467.627,4454.91080952381,4481.0298809999995,4446.758028455284,4446.758028455284,0.4692288496741928,tp,0.1,0.7000000000000001,126.46190476190604,0.9487654539491537,485.67570799537134
2026-01-06,-1,2026-01-06 08:30:00,2026-01-06 09:11:05,9,4471.107,4458.0146,4484.520320999999,4457.350398692811,4457.350398692811,0.30976028519630394,tp,0.1,0.7000000000000001,130.22399999999544,0.9760744561321119,615.899707995366
2026-01-06,-1,2026-01-06 14:10:00,2026-01-06 14:45:40,8,4471.479,4484.893437,4484.893437,4457.930249019608,4457.930249019608,0.3052593966311049,sl,0.1,0.7000000000000001,-134.8443699999945,-1.0,481.0553379953708
2026-01-06,-1,2026-01-06 14:55:00,2026-01-06 23:59:55,97,4487.961,4493.294,4501.424883,4458.79385009311,4458.79385009311,0.6555281739764494,session_end,0.1,0.7000000000000001,-54.02999999999629,-0.39609672781617683,427.0253379953738
2026-01-07,1,2026-01-07 01:10:00,2026-01-07 01:57:05,10,4476.106,4462.677682,4462.677682,4489.684904761904,4489.684904761904,-0.3033487884073887,sl,0.1,0.7000000000000001,-134.98318000000216,-1.0,292.04215799537087
2026-01-07,1,2026-01-07 02:05:00,2026-01-07 03:18:50,15,4467.502,4478.746970085471,4454.099494,4481.18254,4481.18254,-0.30295663876258705,tp,0.1,0.7000000000000001,111.74970085470413,0.8390199627942799,403.7918588500743
2026-01-07,1,2026-01-07 04:40:00,2026-01-07 05:43:35,13,4463.635,4450.244095,4450.244095,4477.139529761905,4477.139529761905,-0.30381071823838524,sl,0.1,0.7000000000000001,-134.60905000000201,-1.0,269.1828088500715
2026-01-07,1,2026-01-07 05:50:00,2026-01-07 08:21:25,31,4448.174,4468.396993333332,4434.829478,4474.221361904761,4474.221361904761,-0.5815729665570945,tp,0.1,0.7000000000000001,201.52993333331943,1.5154528077762133,470.7127421833902
2026-01-07,1,2026-01-07 11:40:00,2026-01-07 13:06:55,18,4451.78,4438.42466,4438.42466,4467.163833333335,4467.163833333335,-0.34590925942837275,sl,0.1,0.7000000000000001,-134.25340000000068,-1.0,336.4593421833888
2026-01-07,1,2026-01-07 13:15:00,2026-01-07 16:22:50,38,4433.755,4460.909705782314,4420.453735,4464.811252620547,4464.811252620547,-0.696194102321857,tp,0.1,0.7000000000000001,270.84705782313614,2.0415130276942453,607.3064000065242
2026-01-08,1,2026-01-08 02:35:00,2026-01-08 05:16:30,33,4436.917,4423.606249,4423.606249,4452.526768817205,4452.526768817205,-0.34965020145945536,sl,0.1,0.7000000000000001,-133.8075099999998,-1.0,473.49889000652365
2026-01-08,1,2026-01-08 05:25:00,2026-01-08 12:04:50,80,4428.629,4415.343113,4415.343113,4444.765433333334,4444.765433333334,-0.3639097175304335,sl,0.1,0.7000000000000001,-133.55887,-1.0,339.9400200065229
2026-01-08,1,2026-01-08 12:10:00,2026-01-08 13:25:00,16,4418.419,4434.601568322982,4405.163743,4435.791860730593,4435.791860730593,-0.39091917012843486,tp,0.1,0.7000000000000001,161.12568322981753,1.2208415365301475,501.0657032363397
2026-01-08,-1,2026-01-08 15:15:00,2026-01-08 16:34:05,16,4447.92,4461.26376,4461.26376,4434.1048715847,4434.1048715847,0.3139445010538195,sl,0.1,0.7000000000000001,-134.13759999999746,-1.0,366.9281032363415
2026-01-08,-1,2026-01-08 16:40:00,2026-01-08 20:33:40,47,4463.065,4476.454194999999,4476.454194999999,4435.638026666667,4435.638026666667,0.6200567577422644,sl,0.1,0.7000000000000001,-134.59194999999744,-1.0,232.3361532363433
2026-01-08,-1,2026-01-08 20:40:00,2026-01-08 23:59:55,28,4473.798,4475.695,4487.219394,4439.7441155913975,4439.7441155913975,0.7668546547319963,session_end,0.1,0.7000000000000001,-19.669999999999344,-0.14134150297651196,212.66615323634323
2026-01-09,-1,2026-01-09 13:35:00,2026-01-09 15:09:45,19,4487.001,4500.462003,4500.462003,4468.899183026585,4468.899183026585,0.40437960744452456,sl,0.1,0.7000000000000001,-135.31002999999436,-1.0,77.35612323634814
2026-01-09,-1,2026-01-09 15:15:00,2026-01-09 15:24:10,2,4496.749,4510.2392469999995,4510.2392469999995,4471.140075591985,4471.140075591985,0.5738452379982438,sl,0.1,0.7000000000000001,-135.60246999999725,-1.0,-58.24634676364985
2026-01-09,-1,2026-01-09 15:30:00,2026-01-09 21:57:55,78,4505.438,4509.174,4518.954314,4471.6569390681,4471.6569390681,0.7553477691188769,session_end,0.1,0.7000000000000001,-38.059999999998766,-0.2764067185772698,-96.30634676364934
2026-01-12,-1,2026-01-12 00:35:00,2026-01-12 00:40:35,2,4574.523,4588.246569,4588.246569,4556.858833333334,4556.858833333334,0.3872770105927682,sl,0.1,0.7000000000000001,-137.9356899999977,-1.0,-234.24203676364777
2026-01-12,-1,2026-01-12 00:50:00,2026-01-12 01:35:25,10,4595.533,4575.281342105263,4609.3195989999995,4566.365366666667,4566.365366666667,0.6379063214250954,tp,0.1,0.7000000000000001,201.81657894737037,1.4689379080901923,-32.42545781627814
2026-01-12,-1,2026-01-12 08:50:00,2026-01-12 12:08:50,40,4594.087,4580.189164367819,4607.869261,4575.9323836478015,4575.9323836478015,0.3984787104232299,tp,0.1,0.7000000000000001,138.27835632181342,1.0083857526846984,105.85289850553454
2026-01-12,-1,2026-01-12 13:05:00,2026-01-12 13:15:55,3,4596.102,4609.890305999999,4609.890305999999,4580.575472399153,4580.575472399153,0.34039451363258216,sl,0.1,0.7000000000000001,-138.58305999999465,-1.0,-32.730161494460845
2026-01-12,-1,2026-01-12 13:25:00,2026-01-12 15:34:00,26,4609.865,4623.694594999999,4623.694594999999,4581.210419254661,4581.210419254661,0.6251422249667904,sl,0.1,0.7000000000000001,-138.99594999999243,-1.0,-171.72611149445402
2026-01-12,-1,2026-01-12 15:40:00,2026-01-12 20:46:50,62,4626.563,4591.997471887551,4640.4426889999995,4585.056828014186,4585.056828014186,0.905826766029463,tp,0.1,0.7000000000000001,344.955281124491,2.4903676236874297,173.22916963003627
2026-01-13,1,2026-01-13 06:45:00,2026-01-13 08:10:50,18,4576.129,4589.569809523809,4562.400613,4591.108841563786,4591.108841563786,-0.3275753654026592,tp,0.1,0.7000000000000001,133.7080952380955,0.9790523477965357,306.937264868131
2026-01-13,-1,2026-01-13 13:15:00,2026-01-13 13:41:50,6,4602.891,4616.699672999999,4616.699672999999,4589.0383008385725,4589.0383008385725,0.3030090021015273,sl,0.1,0.7000000000000001,-138.78672999999543,-1.0,168.15053486813486
2026-01-13,-1,2026-01-13 13:50:00,2026-01-13 14:47:15,12,4617.602,4631.454806,4631.454806,4589.902162650601,4589.902162650601,0.6056847480457873,sl,0.1,0.7000000000000001,-139.22805999999872,-1.0,28.922474868135396
2026-01-13,-1,2026-01-13 14:55:00,2026-01-13 16:27:55,19,4624.32,4593.978427241962,4638.192959999999,4591.967632216014,4591.967632216014,0.7029855253663337,tp,0.1,0.7000000000000001,302.7157275803773,2.1871015816407167,331.63820244851195
2026-01-13,-1,2026-01-13 16:45:00,2026-01-13 17:56:00,15,4608.839,4595.1602953488355,4622.665516999999,4594.176826699832,4594.176826699832,0.3193319250340202,tp,0.1,0.7000000000000001,136.08704651164481,0.9893095022531678,467.725248960156
2026-01-13,1,2026-01-13 20:35:00,2026-01-13 23:07:40,19,4572.384,4594.311741509435,4558.666848,4594.8908670715255,4594.8908670715255,-0.49074869727855935,tp,0.1,0.7000000000000001,218.57741509434783,1.5985637185790833,686.3026640545031
2026-01-14,-1,2026-01-14 05:05:00,2026-01-14 05:57:50,11,4638.873,4621.047035211269,4652.789618999999,4618.6615,4618.6615,0.4366633060249093,tp,0.1,0.7000000000000001,177.55964788730745,1.2809120368051479,863.8623119418098
2026-01-14,-1,2026-01-14 07:00:00,2026-01-14 08:10:00,15,4637.387,4624.223578231294,4651.299160999999,4622.503281746032,4622.503281746032,0.32002612766951344,tp,0.1,0.7000000000000001,130.9342176870603,0.9461809541096243,994.7965296288694
2026-01-14,-1,2026-01-14 09:20:00,2026-01-14 11:52:45,31,4639.06,4626.816248826292,4652.97718,4625.179589285716,4625.179589285716,0.3028836057898328,tp,0.1,0.7000000000000001,121.73751173708006,0.8797580525442998,1116.5340413659487
2026-01-14,1,2026-01-14 14:50:00,2026-01-14 18:16:55,42,4607.905,4625.583069254187,4594.081284999999,4627.998838951314,4627.998838951314,-0.4351846154714496,tp,0.1,0.7000000000000001,176.08069254186995,1.2788218835664957,1292.614733907818
2026-01-15,1,2026-01-15 01:25:00,2026-01-15 01:32:05,2,4598.038,4584.243885999999,4584.243885999999,4613.431480392156,4613.431480392156,-0.3349129700489899,sl,0.1,0.7000000000000001,-138.64114000000262,-1.0,1153.9735939078146
2026-01-15,1,2026-01-15 01:40:00,2026-01-15 02:07:05,6,4596.702,4609.0826333333325,4582.911894,4610.820516666666,4610.820516666666,-0.30575938958599674,tp,0.1,0.7000000000000001,123.10633333332298,0.8977910201221049,1277.0799272411368
2026-01-15,1,2026-01-15 03:15:00,2026-01-15 06:03:20,34,4591.388,4600.213953703704,4577.6138359999995,4607.842611111112,4607.842611111112,-0.355591813652694,tp,0.1,0.7000000000000001,87.55953703703817,0.6407614795136439,1364.6394642781743
2026-01-15,-1,2026-01-15 10:40:00,2026-01-15 13:19:10,32,4617.901,4605.818606918238,4631.754703,4603.038028645832,4603.038028645832,0.3227536088494761,tp,0.1,0.7000000000000001,120.12393081761438,0.8721417718974949,1484.763395095788
2026-01-15,1,2026-01-15 13:45:00,2026-01-15 14:24:30,8,4590.116,4605.10328488372,4576.345652,4605.636386868686,4605.636386868686,-0.33539093343813753,tp,0.1,0.7000000000000001,149.1728488372035,1.0883737203823995,1633.9362439329907
2026-01-15,-1,2026-01-15 16:15:00,2026-01-15 16:40:00,6,4622.217,4606.087631666665,4636.083650999999,4605.868764957264,4605.868764957264,0.3547156003887554,tp,0.1,0.7000000000000001,160.59368333334243,1.1631769151278835,1794.5299272663324
2026-01-15,-1,2026-01-15 19:10:00,2026-01-15 20:09:35,12,4621.287,4607.614186030429,4635.150861,4607.148714492753,4607.148714492753,0.3063236370654273,tp,0.1,0.7000000000000001,136.02813969571508,0.9862197817456255,1930.5580669620476
2026-01-16,1,2026-01-16 13:20:00,2026-01-16 13:58:00,8,4587.511,4603.036362275449,4573.748467,4603.41553125,4603.41553125,-0.3466346051464763,tp,0.1,0.7000000000000001,154.5536227544897,1.1280890135158175,2085.1116897165375
2026-01-16,-1,2026-01-16 15:10:00,2026-01-16 15:19:55,2,4617.417,4603.457683970855,4631.269251,4603.384357142856,4603.384357142856,0.3046919780960759,tp,0.1,0.7000000000000001,138.89316029145158,1.0077290708308577,2224.0048500079893
2026-01-16,1,2026-01-16 15:25:00,2026-01-16 15:28:40,1,4588.98,4575.213059999999,4575.213059999999,4603.438815315314,4603.438815315314,-0.3153146136540962,sl,0.1,0.7000000000000001,-138.3694000000043,-1.0,2085.635450007985
2026-01-16,1,2026-01-16 15:35:00,2026-01-16 21:19:15,69,4544.66,4598.318826797386,4531.02602,4603.001063279856,4603.001063279856,-1.2667944777381182,tp,0.1,0.7000000000000001,535.888267973857,3.935668586677348,2621.5237179818423
2026-01-20,-1,2026-01-20 04:30:00,2026-01-20 05:05:20,8,4685.983,4700.040948999999,4700.040948999999,4671.20562345679,4671.20562345679,0.3156974394181456,sl,0.1,0.7000000000000001,-141.27948999999097,-1.0,2480.2442279818515
2026-01-20,-1,2026-01-20 05:15:00,2026-01-20 05:56:00,9,4699.578,4713.676734,4713.676734,4674.3776534391545,4674.3776534391545,0.5401541859218209,sl,0.1,0.7000000000000001,-141.6873399999924,-1.0,2338.5568879818593
2026-01-20,-1,2026-01-20 06:05:00,2026-01-20 08:53:05,34,4713.198,4727.337594,4727.337594,4678.482614155251,4678.482614155251,0.7419902713695722,sl,0.1,0.7000000000000001,-142.09593999999305,-1.0,2196.4609479818664
2026-01-20,-1,2026-01-20 09:00:00,2026-01-20 14:02:00,61,4729.342,4743.530025999999,4743.530025999999,4691.183095679014,4691.183095679014,0.8127460289517293,sl,0.1,0.7000000000000001,-142.58025999999808,-1.0,2053.8806879818685
2026-01-20,-1,2026-01-20 14:10:00,2026-01-20 16:55:05,34,4737.201,4751.412603,4751.412603,4704.962078431373,4704.962078431373,0.6850516758973181,sl,0.1,0.7000000000000001,-142.8160299999974,-1.0,1911.0646579818713
2026-01-20,-1,2026-01-20 17:05:00,2026-01-20 18:10:15,14,4749.787,4764.0363609999995,4764.0363609999995,4710.916254471545,4710.916254471545,0.8267445954167973,sl,0.1,0.7000000000000001,-143.19360999999225,-1.0,1767.8710479818783
2026-01-20,-1,2026-01-20 18:20:00,2026-01-20 23:47:50,54,4765.346,4779.642037999999,4779.642037999999,4714.044069696969,4714.044069696969,1.0894346667898684,sl,0.1,0.7000000000000001,-143.66037999999497,-1.0,1624.2106679818826
2026-01-21,-1,2026-01-21 01:15:00,2026-01-21 01:27:55,3,4807.742,4822.165226,4822.165226,4783.188455555556,4783.188455555556,0.5148457911132831,sl,0.1,0.7000000000000001,-144.93225999999885,-1.0,1479.278407981883
2026-01-21,-1,2026-01-21 01:35:00,2026-01-21 01:51:45,4,4816.811,4831.261432999999,4831.261432999999,4790.531885964912,4790.531885964912,0.5495133872756842,sl,0.1,0.7000000000000001,-145.20432999999065,-1.0,1334.0740779818916
2026-01-21,-1,2026-01-21 02:00:00,2026-01-21 03:11:35,15,4835.403,4849.9092089999995,4849.9092089999995,4798.282680555556,4798.282680555556,0.7731895328882168,sl,0.1,0.7000000000000001,-145.76208999999216,-1.0,1188.3119879818987
2026-01-21,-1,2026-01-21 03:20:00,2026-01-21 04:18:00,12,4832.869,4847.367606999999,4847.367606999999,4811.962700000001,4811.962700000001,0.43397676378494154,sl,0.1,0.7000000000000001,-145.68606999999537,-1.0,1042.6259179819026
2026-01-21,-1,2026-01-21 04:25:00,2026-01-21 04:55:10,7,4853.532,4868.0925959999995,4868.0925959999995,4819.186852201258,4819.186852201258,0.7132042988339862,sl,0.1,0.7000000000000001,-146.3059599999935,-1.0,896.3199579819084
2026-01-21,-1,2026-01-21 05:05:00,2026-01-21 05:34:25,6,4860.085,4874.665255,4874.665255,4824.614707650272,4824.614707650272,0.7349973935431269,sl,0.1,0.7000000000000001,-146.5025499999985,-1.0,749.8174079819091
2026-01-21,-1,2026-01-21 05:40:00,2026-01-21 07:04:20,17,4874.534,4837.103333333333,4889.157601999999,4829.236647058823,4829.236647058823,0.9387167425059987,tp,0.1,0.7000000000000001,373.60666666667095,2.559606495490506,1123.4240746485793
2026-01-21,-1,2026-01-21 07:55:00,2026-01-21 09:26:15,19,4856.219,4870.787657,4870.787657,4837.937531578947,4837.937531578947,0.37912784737978433,sl,0.1,0.7000000000000001,-146.38656999999802,-1.0,977.0375046485806
2026-01-21,-1,2026-01-21 09:35:00,2026-01-21 14:05:00,55,4869.325,4849.516503944774,4883.932975,4842.088955072464,4842.088955072464,0.5633424990873119,tp,0.1,0.7000000000000001,197.38496055225988,1.3560056103071183,1174.4224652008397
2026-01-21,-1,2026-01-21 14:40:00,2026-01-21 14:51:35,3,4870.645,4849.888065543071,4885.256935,4849.77134469697,4849.77134469697,0.4300647148207543,tp,0.1,0.7000000000000001,206.8693445692923,1.4205465913261568,1381.2918097701313
2026-01-21,1,2026-01-21 15:20:00,2026-01-21 15:23:05,1,4831.47,4816.97559,4816.97559,4850.062259057971,4850.062259057971,-0.38444370529775124,sl,0.1,0.7000000000000001,-145.64410000000242,-1.0,1235.6477097701281
2026-01-21,1,2026-01-21 15:30:00,2026-01-21 15:53:55,5,4831.235,4849.545547368421,4816.741295,4849.777367383512,4849.777367383512,-0.3802002852238108,tp,0.1,0.7000000000000001,182.40547368420886,1.2633448361492838,1418.0531834543362
2026-01-21,1,2026-01-21 16:25:00,2026-01-21 16:40:10,4,4832.795,4849.297671666666,4818.296615,4849.408960236887,4849.408960236887,-0.3419893098905995,tp,0.1,0.7000000000000001,164.32671666666175,1.1382420639723887,1582.3799001209973
2026-01-21,1,2026-01-21 16:50:00,2026-01-21 17:03:30,3,4833.974,4819.472078,4819.472078,4849.173138613861,4849.173138613861,-0.3145410192183946,sl,0.1,0.7000000000000001,-145.71922000000376,-1.0,1436.6606801209928
2026-01-21,1,2026-01-21 17:10:00,2026-01-21 17:31:15,5,4827.488,4813.005536000001,4813.005536000001,4848.770110032362,4848.770110032362,-0.43758746137421295,sl,0.1,0.7000000000000001,-145.52463999999708,-1.0,1291.136040120995
2026-01-21,1,2026-01-21 17:40:00,2026-01-21 18:58:35,16,4815.662,4846.597617474303,4801.215014,4847.908355345911,4847.908355345911,-0.6666350305544322,tp,0.1,0.7000000000000001,308.6561747430249,2.141319820916463,1599.7922148640191
2026-01-21,1,2026-01-21 19:30:00,2026-01-21 19:31:00,1,4816.148,4801.6995560000005,4801.6995560000005,4846.556866096866,4846.556866096866,-0.6291964984499195,sl,0.1,0.7000000000000001,-145.18443999999653,-1.0,1454.6077748640218
2026-01-21,1,2026-01-21 19:40:00,2026-01-21 19:51:15,3,4773.786,4759.464642,4759.464642,4846.13563559322,4846.13563559322,-1.49280047099559,sl,0.1,0.7000000000000001,-143.91358000000145,-1.0,1310.6941948640197
2026-01-21,1,2026-01-21 20:00:00,2026-01-21 23:59:55,36,4781.328,4778.432,4766.984016,4844.900716666667,4844.900716666667,-1.3118373395770009,session_end,0.1,0.7000000000000001,-29.660000000006402,-0.20189648845122957,1281.0341948640125
2026-01-22,-1,2026-01-22 01:25:00,2026-01-22 02:01:55,8,4807.834,4792.204875,4822.2575019999995,4789.027892156863,4789.027892156863,0.3921590825122218,tp,0.1,0.7000000000000001,155.59124999999477,1.0835873978455344,1436.6254448640066
2026-01-22,-1,2026-01-22 05:50:00,2026-01-22 06:00:05,3,4807.845,4822.268535,4822.268535,4793.0940666666675,4793.0940666666675,0.3080981330208371,sl,0.1,0.7000000000000001,-144.935349999999,-1.0,1291.6900948640068
2026-01-22,-1,2026-01-22 06:10:00,2026-01-22 07:16:05,14,4820.712,4835.174136,4835.174136,4794.540833333334,4794.540833333334,0.5469484477919072,sl,0.1,0.7000000000000001,-145.3213599999919,-1.0,1146.3687348640142
2026-01-22,-1,2026-01-22 07:25:00,2026-01-22 13:42:45,76,4831.737,4812.876609756098,4846.232211,4800.041155430712,4800.041155430712,0.6602306843438795,tp,0.1,0.7000000000000001,187.9039024390175,1.3011463057628092,1334.272637303031
2026-01-22,-1,2026-01-22 14:30:00,2026-01-22 14:33:20,1,4829.385,4843.873154999999,4843.873154999999,4813.389582375478,4813.389582375478,0.3332561669900331,sl,0.1,0.7000000000000001,-145.58154999999095,-1.0,1188.6910873030392
2026-01-22,-1,2026-01-22 14:40:00,2026-01-22 15:31:10,11,4844.205,4858.737614999999,4858.737614999999,4813.696564393939,4813.696564393939,0.634791478799988,sl,0.1,0.7000000000000001,-146.02614999999167,-1.0,1042.6649373030468
2026-01-22,-1,2026-01-22 15:40:00,2026-01-22 16:18:55,8,4862.546,4877.133637999999,4877.133637999999,4815.646081560282,4815.646081560282,0.9728168899102225,sl,0.1,0.7000000000000001,-146.5763799999906,-1.0,896.0885573030555
2026-01-22,-1,2026-01-22 16:25:00,2026-01-22 17:27:50,13,4878.3,4892.934899999999,4892.934899999999,4818.16145431472,4818.16145431472,1.2494401911619288,sl,0.1,0.7000000000000001,-147.04899999999105,-1.0,749.0395573030637
2026-01-22,-1,2026-01-22 17:35:00,2026-01-22 18:03:10,6,4895.811,4910.498432999999,4910.498432999999,4822.388338862558,4822.388338862558,1.5236674438950837,sl,0.1,0.7000000000000001,-147.57432999999145,-1.0,601.4652273030715
2026-01-22,-1,2026-01-22 18:10:00,2026-01-22 20:15:00,26,4912.311,4927.047932999999,4927.047932999999,4824.966963302752,4824.966963302752,1.8100131536956137,sl,0.1,0.7000000000000001,-148.06932999999225,-1.0,453.3958973030785
2026-01-22,-1,2026-01-22 20:25:00,2026-01-22 23:00:45,20,4927.445,4942.227335,4942.227335,4835.057714965987,4835.057714965987,1.9091351225920705,sl,0.1,0.7000000000000001,-148.52334999999874,-1.0,304.87254730307905
2026-01-23,1,2026-01-23 08:25:00,2026-01-23 08:27:55,1,4921.047,4906.283858999999,4906.283858999999,4953.310595709571,4953.310595709571,-0.6522727595066683,sl,0.1,0.7000000000000001,-148.3314100000036,-1.0,156.54113730307472
2026-01-23,1,2026-01-23 08:35:00,2026-01-23 09:28:45,11,4919.871,4905.111387,4905.111387,4952.557114886731,4952.557114886731,-0.6597120261071088,sl,0.1,0.7000000000000001,-148.2961300000017,-1.0,8.24500730307227
2026-01-23,1,2026-01-23 09:35:00,2026-01-23 12:53:20,40,4911.433,4942.623664502164,4896.698701,4948.508160869565,4948.508160869565,-0.7487238510091391,tp,0.1,0.7000000000000001,311.206645021636,2.116874681460187,319.45165232470754
2026-01-23,-1,2026-01-23 15:45:00,2026-01-23 16:09:50,5,4959.1,4973.9773,4973.9773,4942.689902116401,4942.689902116401,0.3315724475569745,sl,0.1,0.7000000000000001,-149.47299999999194,-1.0,169.97865232471486
2026-01-23,-1,2026-01-23 16:15:00,2026-01-23 16:27:20,3,4971.132,4986.045395999999,4986.045395999999,4943.336134188033,4943.336134188033,0.5635944037728988,sl,0.1,0.7000000000000001,-149.8339599999901,-1.0,20.14469232472402
2026-01-23,-1,2026-01-23 16:35:00,2026-01-23 21:57:55,65,4982.586,4988.436,4997.533758,4944.091773031824,4944.091773031824,0.7779937900422114,session_end,0.1,0.7000000000000001,-59.199999999994546,-0.39136303919288185,-39.05530767527125
2026-01-26,-1,2026-01-26 01:20:00,2026-01-26 01:32:15,3,5062.692,5077.8800759999995,5077.8800759999995,5044.597916666667,5044.597916666667,0.35813723178300727,sl,0.1,0.7000000000000001,-152.58075999999454,-1.0,-191.63606767526653
2026-01-26,-1,2026-01-26 01:40:00,2026-01-26 02:31:00,11,5076.478,5091.707434,5091.707434,5050.526883333334,5050.526883333334,0.5148297844423204,sl,0.1,0.7000000000000001,-152.99433999999854,-1.0,-344.6304076752658
2026-01-26,-1,2026-01-26 02:40:00,2026-01-26 04:32:25,23,5085.016,5068.494839506172,5100.271047999999,5061.142,5061.142,0.47144498217992475,tp,0.1,0.7000000000000001,164.51160493827666,1.0829962969522393,-180.1188027369899
2026-01-26,-1,2026-01-26 06:40:00,2026-01-26 06:45:30,2,5084.244,5099.496731999999,5099.496731999999,5068.435100000001,5068.435100000001,0.31274741981010185,sl,0.1,0.7000000000000001,-153.22731999999013,-1.0,-333.34612273698076
2026-01-26,-1,2026-01-26 06:55:00,2026-01-26 09:56:45,37,5099.541,5076.051945378151,5114.839623,5069.518640562249,5069.518640562249,0.5917299366005246,tp,0.1,0.7000000000000001,234.19054621849392,1.535370511571524,-99.15557651848758
2026-01-26,-1,2026-01-26 10:35:00,2026-01-26 12:56:20,29,5092.972,5078.975749462366,5108.250915999999,5076.6952716535425,5076.6952716535425,0.3208234387712746,tp,0.1,0.7000000000000001,139.26250537633388,0.9160499696204907,40.10692885784556
2026-01-26,1,2026-01-26 13:35:00,2026-01-26 14:24:05,10,5063.35,5078.232234496126,5048.15995,5078.753444785277,5078.753444785277,-0.30556602036294384,tp,0.1,0.7000000000000001,148.1223449612542,0.9797357149005611,188.22927381909903
2026-01-26,-1,2026-01-26 15:00:00,2026-01-26 15:34:50,7,5096.379,5078.947424731185,5111.668137,5078.531537037039,5078.531537037039,0.350848721387615,tp,0.1,0.7000000000000001,173.61575268815324,1.1401281359971855,361.84502650725153
2026-01-26,-1,2026-01-26 16:05:00,2026-01-26 16:28:50,5,5100.393,5079.609274957702,5115.694178999999,5079.211658894648,5079.211658894648,0.41683321206502155,tp,0.1,0.7000000000000001,207.13725042298103,1.3583087317846076,568.9822769302318
2026-01-26,-1,2026-01-26 17:05:00,2026-01-26 18:11:10,14,5095.161,5080.578714067281,5110.446483,5079.709015447157,5079.709015447157,0.3038655266651038,tp,0.1,0.7000000000000001,145.1228593271906,0.9539957574595049,714.1051362574217
2026-01-26,1,2026-01-26 18:45:00,2026-01-26 18:50:05,2,5064.468,5080.495234513277,5049.274596,5080.524800740744,5080.524800740744,-0.31505211308898046,tp,0.1,0.7000000000000001,159.5723451327711,1.0548810861132556,873.677481390192
2026-01-26,1,2026-01-26 19:05:00,2026-01-26 19:21:45,4,5046.02,5030.88194,5030.88194,5080.326815866087,5080.326815866087,-0.6762422401408086,sl,0.1,0.7000000000000001,-152.08060000000222,-1.0,721.5968813901891
2026-01-26,1,2026-01-26 19:30:00,2026-01-26 19:48:25,4,5027.474,5012.391578,5012.391578,5079.5389658119675,5079.5389658119675,-1.0248069000420812,sl,0.1,0.7000000000000001,-151.52422000000405,-1.0,570.0726613901843
2026-01-26,1,2026-01-26 19:55:00,2026-01-26 21:36:10,21,5017.068,5002.016796,5002.016796,5078.487049511857,5078.487049511857,-1.209248914354514,sl,0.1,0.7000000000000001,-151.21204000000324,-1.0,418.8606213901803
2026-01-26,1,2026-01-26 21:45:00,2026-01-26 23:59:55,15,5005.332,5043.691,4990.316004,5075.1095996168615,5075.1095996168615,-1.3745929668618038,session_end,0.1,0.7000000000000001,382.8899999999947,2.554542502541906,801.7506213901743
2026-01-27,1,2026-01-27 00:50:00,2026-01-27 01:05:25,4,5023.605,5040.2103205128205,5008.5341849999995,5044.2599,5044.2599,-0.4093841397823204,tp,0.1,0.7000000000000001,165.35320512820982,1.1018196768270951,967.1038265183834
2026-01-27,-1,2026-01-27 01:15:00,2026-01-27 02:03:00,10,5071.619,5050.437805555556,5086.833856999999,5042.094188888889,5042.094188888889,0.5851201902599079,tp,0.1,0.7000000000000001,211.11194444443464,1.3921389103062103,1178.2157709628173
2026-01-27,-1,2026-01-27 02:25:00,2026-01-27 04:44:00,28,5068.147,5061.903708333333,5083.351441,5052.61985632184,5052.61985632184,0.30749678622111615,tp,0.1,0.7000000000000001,61.73291666666664,0.4106229006818943,1239.9486876294832
2026-01-27,-1,2026-01-27 05:50:00,2026-01-27 07:31:30,21,5080.033,5095.273099,5095.273099,5062.842914285713,5062.842914285713,0.3397218915434808,sl,0.1,0.7000000000000001,-153.10098999999644,-1.0,1086.847697629486
2026-01-27,-1,2026-01-27 07:40:00,2026-01-27 11:49:10,50,5096.194,5074.829901891255,5111.482582,5068.41004347826,5068.41004347826,0.549037198707839,tp,0.1,0.7000000000000001,212.94098108745567,1.3973891174960928,1299.788678716941
2026-01-27,1,2026-01-27 14:15:00,2026-01-27 14:36:50,5,5060.225,5075.357823809523,5045.044325000001,5075.705455165692,5075.705455165692,-0.3048434410224623,tp,0.1,0.7000000000000001,150.62823809522962,0.9968478878260255,1450.4169168121698
2026-01-27,1,2026-01-27 15:00:00,2026-01-27 15:24:50,5,5054.324,5074.852755434783,5039.1610279999995,5075.118942592593,5075.118942592593,-0.40941784473682447,tp,0.1,0.7000000000000001,204.58755434783308,1.353874124069028,1655.0044711600021
2026-01-27,-1,2026-01-27 16:00:00,2026-01-27 18:08:55,26,5091.072,5076.586023809526,5106.345216,5075.073875000001,5075.073875000001,0.3178599050442211,tp,0.1,0.7000000000000001,144.15976190474504,0.948456185683152,1799.1642330647464
2026-01-27,-1,2026-01-27 18:50:00,2026-01-27 20:03:20,15,5092.386,5107.663158,5107.663158,5076.945994100295,5076.945994100295,0.3037752601195128,sl,0.1,0.7000000000000001,-153.4715799999987,-1.0,1645.692653064747
2026-01-27,-1,2026-01-27 20:10:00,2026-01-27 20:14:05,1,5125.495,5140.871485,5140.871485,5078.0394628099175,5078.0394628099175,0.9354011038700822,sl,0.1,0.7000000000000001,-154.46484999999774,-1.0,1491.2278030647485
2026-01-27,-1,2026-01-27 20:20:00,2026-01-27 20:46:35,6,5140.086,5155.506257999999,5155.506257999999,5078.524066939891,5078.524066939891,1.213215340677408,sl,0.1,0.7000000000000001,-154.90257999999193,-1.0,1336.3252230647558
2026-01-27,-1,2026-01-27 20:55:00,2026-01-27 23:59:55,23,5176.8,5172.532,5192.3304,5080.4629966799475,5080.4629966799475,1.8957820061477382,session_end,0.1,0.7000000000000001,41.98000000000029,0.27481584505229273,1378.3052230647554
2026-01-28,-1,2026-01-28 01:05:00,2026-01-28 01:07:25,1,5186.347,5201.906040999999,5201.906040999999,5168.30808974359,5168.30808974359,0.34843917861915025,sl,0.1,0.7000000000000001,-156.29040999999523,-1.0,1222.0148130647594
2026-01-28,-1,2026-01-28 01:15:00,2026-01-28 01:40:15,6,5190.738,5206.310214,5206.310214,5171.291477777778,5171.291477777778,0.3774689998833753,sl,0.1,0.7000000000000001,-156.42213999999802,-1.0,1065.5926730647607
2026-01-28,-1,2026-01-28 01:50:00,2026-01-28 03:03:50,15,5220.783,5236.445349,5236.445349,5179.622151515152,5179.622151515152,0.7957597538807178,sl,0.1,0.7000000000000001,-157.32348999999266,-1.0,908.2691830647673
2026-01-28,-1,2026-01-28 03:10:00,2026-01-28 05:24:00,27,5244.975,5260.709925,5260.709925,5197.103552631579,5197.103552631579,0.9224935944203989,sl,0.1,0.7000000000000001,-158.04924999999747,-1.0,750.2199330647691
2026-01-28,-1,2026-01-28 05:30:00,2026-01-28 07:10:25,21,5259.141,5274.918422999999,5274.918422999999,5216.017176767676,5216.017176767676,0.8291445707838809,sl,0.1,0.7000000000000001,-158.47422999999543,-1.0,591.7457030647729
2026-01-28,-1,2026-01-28 07:20:00,2026-01-28 08:03:45,9,5280.22,5296.06066,5296.06066,5227.749242424242,5227.749242424242,1.003457800730938,sl,0.1,0.7000000000000001,-159.10659999999842,-1.0,432.63910306477374
2026-01-28,-1,2026-01-28 08:10:00,2026-01-28 08:32:50,5,5294.64,5310.52392,5310.52392,5233.627639455782,5233.627639455782,1.1666259953978608,sl,0.1,0.7000000000000001,-159.53919999999306,-1.0,273.09990306477994
2026-01-28,-1,2026-01-28 08:40:00,2026-01-28 11:04:55,29,5297.019,5246.281164141412,5312.910057,5237.274150641024,5237.274150641024,1.1413446697584066,tp,0.1,0.7000000000000001,506.6783585858837,3.1928546891870657,779.7782616506629
2026-01-28,-1,2026-01-28 11:50:00,2026-01-28 13:01:20,15,5265.562,5281.358686,5281.358686,5247.010119718308,5247.010119718308,0.35403743956737693,sl,0.1,0.7000000000000001,-158.6668599999968,-1.0,621.1114016506654
2026-01-28,-1,2026-01-28 13:10:00,2026-01-28 14:06:20,12,5280.762,5250.483768244573,5296.604285999999,5249.061721518984,5249.061721518984,0.6053801644347997,tp,0.1,0.7000000000000001,302.08231755426533,1.911228704962665,923.19371920493
2026-01-28,-1,2026-01-28 14:40:00,2026-01-28 15:03:50,5,5281.833,5297.678498999999,5297.678498999999,5251.014823863634,5251.014823863634,0.5866804259695265,sl,0.1,0.7000000000000001,-159.15498999999107,-1.0,764.0387292049381
2026-01-28,-1,2026-01-28 15:25:00,2026-01-28 16:07:55,9,5269.799,5285.608396999999,5285.608396999999,5251.9971882882855,5251.9971882882855,0.3382772510109591,sl,0.1,0.7000000000000001,-158.7939699999908,-1.0,605.2447592049466
2026-01-28,-1,2026-01-28 16:15:00,2026-01-28 16:59:55,9,5284.409,5300.262226999999,5300.262226999999,5253.2645051282025,5253.2645051282025,0.5940495636824134,sl,0.1,0.7000000000000001,-159.23226999999605,-1.0,446.0124892049498
2026-01-28,-1,2026-01-28 17:05:00,2026-01-28 18:21:20,16,5302.51,5318.41753,5318.41753,5255.01486422764,5255.01486422764,0.9047669131445498,sl,0.1,0.7000000000000001,-159.77529999999496,-1.0,286.2371892049541
2026-01-28,-1,2026-01-28 18:30:00,2026-01-28 19:56:25,18,5305.448,5321.364344,5321.364344,5258.369243243241,5258.369243243241,0.895054237912945,sl,0.1,0.7000000000000001,-159.86343999999298,-1.0,126.3737492049604
2026-01-28,-1,2026-01-28 20:05:00,2026-01-28 20:26:25,5,5332.094,5348.090281999999,5348.090281999999,5261.180537344398,5261.180537344398,1.3487650186476954,sl,0.1,0.7000000000000001,-160.66281999999154,-1.0,-34.289070795031876
2026-01-28,-1,2026-01-28 20:35:00,2026-01-28 20:38:35,1,5359.628,5375.706883999999,5375.706883999999,5263.089834682861,5263.089834682861,1.8335173509907237,sl,0.1,0.7000000000000001,-161.4888399999956,-1.0,-195.77791079502822
2026-01-28,-1,2026-01-28 20:45:00,2026-01-28 21:48:45,13,5383.525,5399.675574999999,5399.675574999999,5264.005624497992,5264.005624497992,2.2699420180312386,sl,0.1,0.7000000000000001,-162.2057499999966,-1.0,-357.98366079502557
2026-01-28,-1,2026-01-28 21:55:00,2026-01-28 23:01:45,2,5409.001,5425.228002999999,5425.228002999999,5270.541854879595,5270.541854879595,2.6286413984576926,sl,0.1,0.7000000000000001,-162.97002999999057,-1.0,-520.9536907950169
2026-01-29,-1,2026-01-29 00:35:00,2026-01-29 00:42:50,2,5521.417,5496.086333333334,5537.981251,5492.782119047619,5492.782119047619,0.5227839067710837,tp,0.1,0.7000000000000001,252.6066666666673,1.5292370700412024,-268.3470241283503
2026-01-29,-1,2026-01-29 00:55:00,2026-01-29 01:00:35,2,5518.629,5501.482666666667,5535.184886999999,5500.02343939394,5500.02343939394,0.33809057017599864,tp,0.1,0.7000000000000001,170.76333333333133,1.035663829629522,-97.58369079501972
2026-01-29,1,2026-01-29 01:10:00,2026-01-29 01:19:00,2,5447.196,5495.553277777778,5430.854412,5497.384976190477,5497.384976190477,-0.9136976291095469,tp,0.1,0.7000000000000001,482.8727777777811,2.959154139596313,385.28908698276064
2026-01-29,-1,2026-01-29 01:35:00,2026-01-29 01:40:45,2,5520.762,5537.324285999999,5537.324285999999,5497.545464912279,5497.545464912279,0.42213448230375705,sl,0.1,0.7000000000000001,-166.32285999999402,-1.0,218.96622698276587
2026-01-29,-1,2026-01-29 01:50:00,2026-01-29 02:02:55,3,5537.361,5505.532111111109,5553.973082999999,5502.308893939392,5502.308893939392,0.6368891084833015,tp,0.1,0.7000000000000001,317.58888888891016,1.9160082988324094,536.5551158716753
2026-01-29,-1,2026-01-29 02:30:00,2026-01-29 02:36:05,2,5525.875,5542.452624999999,5542.452624999999,5508.553999999999,5508.553999999999,0.3128316432951549,sl,0.1,0.7000000000000001,-166.47624999998988,-1.0,370.0788658716847
2026-01-29,-1,2026-01-29 02:50:00,2026-01-29 03:04:25,3,5540.173,5512.917898148148,5556.793518999999,5511.552225490195,5511.552225490195,0.519078352872913,tp,0.1,0.7000000000000001,271.8510185185158,1.6398466168146117,641.9298843901997
2026-01-29,-1,2026-01-29 03:15:00,2026-01-29 04:33:40,16,5538.639,5555.254916999999,5555.254916999999,5513.963397435897,5513.963397435897,0.44713939478758447,sl,0.1,0.7000000000000001,-166.8591699999917,-1.0,475.0707143902073
2026-01-29,-1,2026-01-29 04:40:00,2026-01-29 05:22:40,9,5563.682,5526.1373125,5580.373045999999,5521.7134642857145,5521.7134642857145,0.7597648082543603,tp,0.1,0.7000000000000001,374.74687499999783,2.2493909309220057,849.8175893902044
2026-01-29,-1,2026-01-29 05:35:00,2026-01-29 05:49:15,3,5544.452,5561.085356,5561.085356,5526.638136815921,5526.638136815921,0.3219744579537624,sl,0.1,0.7000000000000001,-167.03355999999366,-1.0,682.78402939021
2026-01-29,-1,2026-01-29 05:55:00,2026-01-29 06:00:30,2,5554.346,5571.009037999999,5571.009037999999,5528.135063380282,5528.135063380282,0.4732778110475391,sl,0.1,0.7000000000000001,-167.33037999999686,-1.0,515.4536493902124
2026-01-29,-1,2026-01-29 06:10:00,2026-01-29 07:28:55,16,5586.882,5537.457552434457,5603.642645999999,5530.000103603604,5530.000103603604,1.0282892464927889,tp,0.1,0.7000000000000001,493.54447565542324,2.9488390582047455,1008.9981250456349
2026-01-29,1,2026-01-29 08:40:00,2026-01-29 08:43:45,1,5511.654,5495.119038000001,5495.119038000001,5537.638192307691,5537.638192307691,-0.46851548271481397,sl,0.1,0.7000000000000001,-166.04961999999722,-1.0,842.9485050456369
2026-01-29,1,2026-01-29 08:50:00,2026-01-29 10:57:00,26,5506.39,5489.870830000001,5489.870830000001,5536.8139245283,5536.8139245283,-0.5486444901774121,sl,0.1,0.7000000000000001,-165.89169999999575,-1.0,677.0568050456404
2026-01-29,1,2026-01-29 11:05:00,2026-01-29 12:13:10,14,5478.33,5529.850783105021,5461.89501,5531.378750626564,5531.378750626564,-0.9587166783789189,tp,0.1,0.7000000000000001,514.507831050211,3.134822905582657,1191.5646360958508
2026-01-29,1,2026-01-29 13:35:00,2026-01-29 13:43:45,2,5509.947,5529.7738353658515,5493.4171590000005,5529.882583844578,5529.882583844578,-0.3612930933279903,tp,0.1,0.7000000000000001,197.56835365851367,1.1994571130993863,1389.1329897543637
2026-01-29,1,2026-01-29 14:00:00,2026-01-29 14:08:10,2,5510.501,5529.4252534516745,5493.969497,5529.511376984125,5529.511376984125,-0.3446032693492197,tp,0.1,0.7000000000000001,188.54253451674305,1.144738832982949,1577.675524271106
2026-01-29,1,2026-01-29 14:55:00,2026-01-29 15:00:00,2,5505.222,5488.7063339999995,5488.7063339999995,5529.128716014896,5529.128716014896,-0.430035494489871,sl,0.1,0.7000000000000001,-165.85666000000236,-1.0,1411.818864271103
2026-01-29,1,2026-01-29 15:10:00,2026-01-29 15:12:00,1,5415.121,5398.875637,5398.875637,5528.098117216116,5528.098117216116,-2.0444936905901483,sl,0.1,0.7000000000000001,-163.15362999999996,-1.0,1248.6652342711022
2026-01-29,1,2026-01-29 15:20:00,2026-01-29 15:24:20,1,5332.543,5316.545370999999,5316.545370999999,5526.305021739129,5526.305021739129,-3.524787737428007,sl,0.1,0.7000000000000001,-160.67629000000414,-1.0,1087.9889442710974
2026-01-29,1,2026-01-29 15:30:00,2026-01-29 15:30:00,1,5191.503,5175.928491,5175.928491,5523.433263440859,5523.433263440859,-6.010514613044241,sl,0.1,0.7000000000000001,-156.44509000000033,-1.0,931.5438542710963
2026-01-29,1,2026-01-29 15:40:00,2026-01-29 15:40:05,1,5204.478,5188.864566,5188.864566,5519.806331560282,5519.806331560282,-5.715451097558787,sl,0.1,0.7000000000000001,-156.8343399999987,-1.0,774.7095142710969
2026-01-29,1,2026-01-29 15:50:00,2026-01-29 23:59:55,86,5166.186,5438.65,5150.6874419999995,5515.91862982456,5515.91862982456,-6.342391055824695,session_end,0.1,0.7000000000000001,2723.9399999999996,17.579958083842115,3498.6495142710965
2026-01-30,1,2026-01-30 00:45:00,2026-01-30 00:47:30,1,5411.703,5395.467891,5395.467891,5434.25912962963,5434.25912962963,-0.41662771482838984,sl,0.1,0.7000000000000001,-163.05109000000192,-1.0,3335.5984242710947
2026-01-30,1,2026-01-30 01:00:00,2026-01-30 01:01:25,1,5407.197,5390.975409,5390.975409,5427.817333333333,5427.817333333333,-0.3808314109317897,sl,0.1,0.7000000000000001,-162.91591000000443,-1.0,3172.6825142710904
2026-01-30,1,2026-01-30 01:10:00,2026-01-30 01:11:25,1,5367.043,5350.941871,5350.941871,5421.566857142857,5421.566857142857,-1.0025580902178848,sl,0.1,0.7000000000000001,-161.71128999999672,-1.0,3010.971224271094
2026-01-30,1,2026-01-30 01:20:00,2026-01-30 01:57:20,8,5332.945,5316.946164999999,5316.946164999999,5409.797166666667,5409.797166666667,-1.421803152632068,sl,0.1,0.7000000000000001,-160.68835000000325,-1.0,2850.282874271091
2026-01-30,1,2026-01-30 02:05:00,2026-01-30 02:08:50,1,5296.146,5280.257562,5280.257562,5384.317366666667,5384.317366666667,-1.637270997664884,sl,0.1,0.7000000000000001,-159.5843799999995,-1.0,2690.6984942710915
2026-01-30,1,2026-01-30 02:15:00,2026-01-30 02:15:10,1,5212.423,5196.785731,5196.785731,5374.808006172839,5374.808006172839,-3.0223127223572748,sl,0.1,0.7000000000000001,-157.07268999999832,-1.0,2533.6258042710933
2026-01-30,1,2026-01-30 02:25:00,2026-01-30 02:29:20,1,5163.173,5147.683481,5147.683481,5359.965166666667,5359.965166666667,-3.6713236102809264,sl,0.1,0.7000000000000001,-155.59518999999744,-1.0,2378.030614271096
2026-01-30,1,2026-01-30 02:35:00,2026-01-30 06:57:40,53,5161.977,5146.491069,5146.491069,5347.464080645161,5347.464080645161,-3.468533455259476,sl,0.1,0.7000000000000001,-155.55931000000163,-1.0,2222.4713042710946
2026-01-30,1,2026-01-30 07:05:00,2026-01-30 07:35:35,7,5146.033,5130.594901,5130.594901,5253.2038999999995,5253.2038999999995,-2.0413523259586364,sl,0.1,0.7000000000000001,-155.08098999999964,-1.0,2067.390314271095
2026-01-30,1,2026-01-30 07:45:00,2026-01-30 08:32:05,10,5147.169,5131.727492999999,5131.727492999999,5245.534768817205,5245.534768817205,-1.8762294628617424,sl,0.1,0.7000000000000001,-155.11507000000455,-1.0,1912.2752442710907
2026-01-30,1,2026-01-30 08:40:00,2026-01-30 08:42:45,1,5092.351,5077.073947,5077.073947,5235.051743589743,5235.051743589743,-2.7251735145585436,sl,0.1,0.7000000000000001,-153.47052999999795,-1.0,1758.804714271093
2026-01-30,1,2026-01-30 08:50:00,2026-01-30 08:54:40,1,5126.013,5110.634961,5110.634961,5232.577572327043,5232.577572327043,-2.036397374987313,sl,0.1,0.7000000000000001,-154.4803900000017,-1.0,1604.3243242710905
2026-01-30,1,2026-01-30 09:00:00,2026-01-30 09:05:20,2,5117.372,5102.019884,5102.019884,5230.399243827159,5230.399243827159,-2.160900890320137,sl,0.1,0.7000000000000001,-154.22116000000022,-1.0,1450.1031642710896
2026-01-30,1,2026-01-30 09:15:00,2026-01-30 09:42:20,6,5028.21,5013.12537,5013.12537,5226.291896396395,5226.291896396395,-3.788238397723404,sl,0.1,0.7000000000000001,-151.54630000000287,-1.0,1298.556864271086
2026-01-30,1,2026-01-30 09:50:00,2026-01-30 09:50:15,1,4982.14,4967.19358,4967.19358,5214.602415254236,5214.602415254236,-4.458900156492563,sl,0.1,0.7000000000000001,-150.16420000000215,-1.0,1148.392664271083
2026-01-30,1,2026-01-30 10:00:00,2026-01-30 13:49:50,46,5013.589,4998.5482329999995,4998.5482329999995,5210.905988888888,5210.905988888888,-3.7853204281458726,sl,0.1,0.7000000000000001,-151.10767000000413,-1.0,997.2849942710782
2026-01-30,1,2026-01-30 13:55:00,2026-01-30 15:01:25,14,5007.287,4992.265139,4992.265139,5175.737362275448,5175.737362275448,-3.2557846444001974,sl,0.1,0.7000000000000001,-150.9186100000017,-1.0,846.3663842710757
2026-01-30,1,2026-01-30 15:10:00,2026-01-30 16:34:50,17,5000.43,4985.42871,4985.42871,5165.730456043954,5165.730456043954,-3.201656715372115,sl,0.1,0.7000000000000001,-150.71290000000153,-1.0,695.6534842710735
2026-01-30,1,2026-01-30 16:40:00,2026-01-30 16:51:20,3,4973.199,4958.279403,4958.279403,5153.630298333332,5153.630298333332,-3.5008486812039905,sl,0.1,0.7000000000000001,-149.89597000000066,-1.0,545.7575142710721
2026-01-30,1,2026-01-30 17:00:00,2026-01-30 17:01:15,1,4985.384,4970.427848,4970.427848,5150.31298856209,5150.31298856209,-3.20123240914181,sl,0.1,0.7000000000000001,-150.26151999999746,-1.0,395.49599427107387
2026-01-30,1,2026-01-30 17:10:00,2026-01-30 17:12:30,1,4931.155,4916.361535,4916.361535,5148.470179611649,5148.470179611649,-4.222296566318009,sl,0.1,0.7000000000000001,-148.6346499999974,-1.0,246.86134427107572
2026-01-30,1,2026-01-30 17:20:00,2026-01-30 17:39:20,4,4904.82,4890.10554,4890.10554,5146.250092948716,5146.250092948716,-4.686744495359671,sl,0.1,0.7000000000000001,-147.84460000000144,-1.0,99.01674427107355
2026-01-30,1,2026-01-30 17:45:00,2026-01-30 17:51:10,2,4859.862,4845.282414,4845.282414,5140.566221439749,5140.566221439749,-5.4622916881927726,sl,0.1,0.7000000000000001,-146.49585999999834,-1.0,-47.479115728925535
2026-01-30,1,2026-01-30 18:00:00,2026-01-30 18:08:20,2,4849.984,4835.434048,4835.434048,5136.410018518517,5136.410018518517,-5.5760641671111255,sl,0.1,0.7000000000000001,-146.19952000000302,-1.0,-193.6786357289293
2026-01-30,1,2026-01-30 18:15:00,2026-01-30 18:16:10,1,4808.665,4794.239005,4794.239005,5132.3375456621,5132.3375456621,-6.305977398849115,sl,0.1,0.7000000000000001,-144.959949999996,-1.0,-338.63858572892605
2026-01-30,1,2026-01-30 18:25:00,2026-01-30 18:28:55,1,4717.492,4703.339524,4703.339524,5128.905168174962,5128.905168174962,-8.02342126987293,sl,0.1,0.7000000000000001,-142.22476000000205,-1.0,-480.86334572892883
2026-01-30,1,2026-01-30 18:35:00,2026-01-30 18:36:00,1,4752.06,4737.80382,4737.80382,5125.421308669655,5125.421308669655,-7.280685551418864,sl,0.1,0.7000000000000001,-143.26180000000312,-1.0,-624.1251457289327
2026-01-30,1,2026-01-30 18:45:00,2026-01-30 21:57:55,39,4780.471,4891.558,4766.129586999999,5121.942448888888,5121.942448888888,-6.665068034158499,session_end,0.1,0.7000000000000001,1110.1700000000044,7.745889474070627,486.044854271071
2026-02-02,1,2026-02-02 00:45:00,2026-02-02 00:45:45,1,4804.385,4789.971845,4789.971845,4827.931574074074,4827.931574074074,-0.48544751959474647,sl,0.1,0.7000000000000001,-144.83155000000187,-1.0,341.2133042710684
2026-02-02,1,2026-02-02 00:55:00,2026-02-02 00:56:20,1,4791.61,4777.23517,4777.23517,4821.493136363636,4821.493136363636,-0.6183901028245199,sl,0.1,0.7000000000000001,-144.44829999999746,-1.0,196.7650042710702
2026-02-02,1,2026-02-02 01:05:00,2026-02-02 01:06:25,1,4756.314,4742.045058000001,4742.045058000001,4812.948423076923,4812.948423076923,-1.1784236624057567,sl,0.1,0.7000000000000001,-143.38941999999696,-1.0,53.37558427107251
2026-02-02,1,2026-02-02 01:15:00,2026-02-02 02:32:00,16,4643.657,4753.412733333333,4629.726029,4792.548788888888,4792.548788888888,-3.1099795840251296,tp,0.1,0.7000000000000001,1096.857333333325,7.87854151252876,1150.2329176043968
2026-02-02,1,2026-02-02 02:50:00,2026-02-02 02:57:35,2,4729.332,4715.144004000001,4715.144004000001,4753.32662745098,4753.32662745098,-0.506300730776523,sl,0.1,0.7000000000000001,-142.57995999999656,-1.0,1007.6529576043995
2026-02-02,1,2026-02-02 03:05:00,2026-02-02 03:14:35,2,4706.746,4692.625762,4692.625762,4750.569193693694,4750.569193693694,-0.9257563020463839,sl,0.1,0.7000000000000001,-141.90238000000426,-1.0,865.7505776043945
2026-02-02,1,2026-02-02 03:20:00,2026-02-02 03:28:00,2,4717.047,4702.895858999999,4702.895858999999,4747.188558333333,4747.188558333333,-0.6367570607716867,sl,0.1,0.7000000000000001,-142.2114100000028,-1.0,723.539167604391
2026-02-02,1,2026-02-02 03:35:00,2026-02-02 03:35:55,1,4673.216,4659.196352,4659.196352,4743.999081395349,4743.999081395349,-1.4917494750975862,sl,0.1,0.7000000000000001,-140.89648000000415,-1.0,582.6426876043861
2026-02-02,1,2026-02-02 03:45:00,2026-02-02 03:57:55,3,4665.346,4651.349961999999,4651.349961999999,4740.188862962963,4740.188862962963,-1.5777085075090422,sl,0.1,0.7000000000000001,-140.66038000000225,-1.0,441.9823076043831
2026-02-02,1,2026-02-02 04:05:00,2026-02-02 05:44:00,20,4610.32,4596.4890399999995,4596.4890399999995,4733.349969387756,4733.349969387756,-2.598740219575747,sl,0.1,0.7000000000000001,-139.0096000000023,-1.0,302.97270760438005
2026-02-02,1,2026-02-02 05:50:00,2026-02-02 05:50:40,1,4553.593,4539.932221,4539.932221,4711.348885714286,4711.348885714286,-3.3421720516546545,sl,0.1,0.7000000000000001,-137.3077899999982,-1.0,165.66491760438112
2026-02-02,1,2026-02-02 06:00:00,2026-02-02 06:06:45,2,4549.439,4535.790683,4535.790683,4706.608694444445,4706.608694444445,-3.338841289906607,sl,0.1,0.7000000000000001,-137.18317000000133,-1.0,28.481747604379052
2026-02-02,1,2026-02-02 06:15:00,2026-02-02 06:17:15,1,4535.669,4522.061993,4522.061993,4700.3247666666675,4700.3247666666675,-3.504359269699553,sl,0.1,0.7000000000000001,-136.7700699999961,-1.0,-108.2883223956178
2026-02-02,1,2026-02-02 06:25:00,2026-02-02 06:27:20,1,4460.281,4446.900157,4446.900157,4695.246781385282,4695.246781385282,-4.974185431769261,sl,0.1,0.7000000000000001,-134.50842999999912,-1.0,-242.79675239561766
2026-02-02,1,2026-02-02 06:35:00,2026-02-02 06:36:50,1,4468.978,4455.571066,4455.571066,4689.672242616034,4689.672242616034,-4.705525913105949,sl,0.1,0.7000000000000001,-134.76933999999636,-1.0,-377.56609239561476
2026-02-02,1,2026-02-02 06:45:00,2026-02-02 06:49:10,1,4453.042,4439.682874,4439.682874,4683.327545267491,4683.327545267491,-4.919345124606946,sl,0.1,0.7000000000000001,-134.29126000000286,-1.0,-511.85735239561836
2026-02-02,1,2026-02-02 06:55:00,2026-02-02 09:12:00,28,4485.193,4656.9289333333345,4471.737421,4677.871102409638,4677.871102409638,-4.121781002266565,tp,0.1,0.7000000000000001,1716.6593333333428,12.763176771012917,1204.8019809377238
2026-02-02,1,2026-02-02 09:20:00,2026-02-02 09:20:45,1,4642.158,4628.2315260000005,4628.2315260000005,4656.680636904763,4656.680636904763,-0.31164123194862076,sl,0.1,0.7000000000000001,-139.9647399999987,-1.0,1064.8372409377243
2026-02-02,-1,2026-02-02 09:30:00,2026-02-02 09:32:40,1,4690.078,4704.148234,4704.148234,4656.742204678363,4656.742204678363,0.7137241844362017,sl,0.1,0.7000000000000001,-141.402339999998,-1.0,923.4349009377256
2026-02-02,-1,2026-02-02 09:40:00,2026-02-02 09:49:00,2,4702.57,4716.677709999999,4716.677709999999,4657.393922413795,4657.393922413795,0.9719078596371996,sl,0.1,0.7000000000000001,-141.77709999999314,-1.0,781.6578009377317
2026-02-02,-1,2026-02-02 09:55:00,2026-02-02 10:02:35,2,4718.154,4732.308462,4732.308462,4658.601665266107,4658.601665266107,1.2829994712689965,sl,0.1,0.7000000000000001,-142.2446199999951,-1.0,639.4131809377359
2026-02-02,-1,2026-02-02 10:10:00,2026-02-02 10:12:05,1,4714.007,4728.149020999999,4728.149020999999,4660.048355191258,4660.048355191258,1.1559353187555237,sl,0.1,0.7000000000000001,-142.12020999999658,-1.0,497.2929709377386
2026-02-02,-1,2026-02-02 10:20:00,2026-02-02 10:37:40,4,4713.221,4661.688712598427,4727.3606629999995,4661.044650537636,4661.044650537636,1.1170854039417655,tp,0.1,0.7000000000000001,514.6228740157283,3.6445201983649183,1011.9158449534661
2026-02-02,-1,2026-02-02 10:55:00,2026-02-02 10:55:50,1,4694.333,4708.415998999999,4708.415998999999,4662.223131043259,4662.223131043259,0.6828366652974285,sl,0.1,0.7000000000000001,-141.5299899999929,-1.0,870.3858549534725
2026-02-02,-1,2026-02-02 11:05:00,2026-02-02 11:12:50,2,4714.388,4728.531163999999,4728.531163999999,4662.918389724313,4662.918389724313,1.103345715615859,sl,0.1,0.7000000000000001,-142.1316399999916,-1.0,728.2542149534802
2026-02-02,-1,2026-02-02 11:20:00,2026-02-02 11:36:50,4,4754.135,4768.397405,4768.397405,4664.542401960787,4664.542401960787,1.9225057960994532,sl,0.1,0.7000000000000001,-143.32404999999488,-1.0,584.9301649534846
2026-02-02,-1,2026-02-02 11:45:00,2026-02-02 12:23:20,8,4773.256,4787.575768,4787.575768,4667.932828605204,4667.932828605204,2.2511178985022884,sl,0.1,0.7000000000000001,-143.89767999999384,-1.0,441.03248495349
2026-02-02,-1,2026-02-02 12:30:00,2026-02-02 12:43:20,3,4778.002,4792.3360059999995,4792.3360059999995,4674.014893333336,4674.014893333336,2.223005468272348,sl,0.1,0.7000000000000001,-144.04005999999134,-1.0,296.9924249534979
2026-02-02,-1,2026-02-02 12:50:00,2026-02-02 13:11:05,5,4789.09,4803.45727,4803.45727,4676.926928571432,4676.926928571432,2.4013753719875566,sl,0.1,0.7000000000000001,-144.37269999999734,-1.0,152.61972495349983
2026-02-02,-1,2026-02-02 13:20:00,2026-02-02 13:40:45,5,4751.204,4681.675985772362,4765.457611999999,4680.603845833337,4680.603845833337,1.5077467884723064,tp,0.1,0.7000000000000001,694.5801422763786,4.877922468188428,847.1998672298778
2026-02-02,-1,2026-02-02 13:50:00,2026-02-02 13:53:30,1,4698.508,4712.603523999999,4712.603523999999,4681.777427710847,4681.777427710847,0.3545677372636166,sl,0.1,0.7000000000000001,-141.65523999999385,-1.0,705.5446272298832
2026-02-02,-1,2026-02-02 14:00:00,2026-02-02 14:00:40,1,4706.301,4720.419903,4720.419903,4682.118577380957,4682.118577380957,0.515320622924934,sl,0.1,0.7000000000000001,-141.8890299999959,-1.0,563.6555972298866
2026-02-02,-1,2026-02-02 14:10:00,2026-02-02 14:12:45,1,4715.13,4729.27539,4729.27539,4682.490754901965,4682.490754901965,0.6965255631074305,sl,0.1,0.7000000000000001,-142.15389999999678,-1.0,421.50169722988903
2026-02-02,-1,2026-02-02 14:25:00,2026-02-02 14:28:10,1,4701.391,4715.495172999999,4715.495172999999,4682.944945086709,4682.944945086709,0.3932473076074165,sl,0.1,0.7000000000000001,-141.74172999999718,-1.0,279.7599672298911
2026-02-02,-1,2026-02-02 14:35:00,2026-02-02 14:37:45,1,4759.979,4774.258937,4774.258937,4683.4753800000035,4683.4753800000035,1.6318890097378285,sl,0.1,0.7000000000000001,-143.49936999999335,-1.0,136.26059722989703
2026-02-02,-1,2026-02-02 14:45:00,2026-02-02 15:24:20,8,4754.278,4685.918217391309,4768.540833999999,4684.458910546143,4684.458910546143,1.4914975408699005,tp,0.1,0.7000000000000001,682.897826086916,4.792861124843451,819.1584233168123
2026-02-02,-1,2026-02-02 15:40:00,2026-02-02 15:42:40,1,4703.493,4685.984911347522,4717.603479,4685.984911347522,4685.984911347522,0.37244227163888216,tp,0.1,0.7000000000000001,174.38088652478365,1.240786273270981,993.5393098415952
2026-02-02,1,2026-02-02 15:50:00,2026-02-02 15:53:10,1,4659.157,4645.179529,4645.179529,4685.843577192986,4685.843577192986,-0.5709554054088375,sl,0.1,0.7000000000000001,-140.4747100000015,-1.0,853.064599841593
2026-02-02,1,2026-02-02 16:00:00,2026-02-02 16:01:05,1,4620.151,4606.290547,4606.290547,4685.326107638893,4685.326107638893,-1.3930643489783612,sl,0.1,0.7000000000000001,-139.30453000000233,-1.0,713.7600698415899
2026-02-02,1,2026-02-02 16:35:00,2026-02-02 16:40:10,2,4657.947,4684.803923333337,4643.973159,4684.872324120607,4684.872324120607,-0.5727759961023805,tp,0.1,0.7000000000000001,267.86923333336455,1.921942816820119,981.6293031749537
2026-02-02,1,2026-02-02 16:50:00,2026-02-02 17:06:10,4,4657.396,4684.375734146345,4643.423812,4684.63770957096,4684.63770957096,-0.5842332164778407,tp,0.1,0.7000000000000001,269.09734146345437,1.9309598572783269,1250.7266446384074
2026-02-02,-1,2026-02-02 17:15:00,2026-02-02 17:17:10,1,4707.715,4684.549227858296,4721.838145,4684.549227858296,4684.549227858296,0.49416221317601305,tp,0.1,0.7000000000000001,230.9577214170411,1.6402700773591732,1481.6843660554478
2026-02-02,1,2026-02-02 17:30:00,2026-02-02 17:33:25,1,4667.64,4684.441580952384,4653.63708,4684.441580952384,4684.441580952384,-0.35874245973555774,tp,0.1,0.7000000000000001,167.3158095238403,1.199862668099521,1649.0001755792873
2026-02-02,1,2026-02-02 17:40:00,2026-02-02 17:52:50,3,4667.65,4684.213015576327,4653.64705,4684.316441823902,4684.316441823902,-0.35091441895631303,tp,0.1,0.7000000000000001,164.93015576327417,1.1828233033987374,1813.9303313425617
2026-02-02,1,2026-02-02 18:05:00,2026-02-02 18:14:05,2,4652.348,4638.390956,4638.390956,4684.035622887867,4684.035622887867,-0.6791392177383645,sl,0.1,0.7000000000000001,-140.27043999999768,-1.0,1673.6598913425642
2026-02-02,1,2026-02-02 18:20:00,2026-02-02 19:40:30,17,4624.408,4681.241053672319,4610.534776,4683.492445454549,4683.492445454549,-1.260746038180455,tp,0.1,0.7000000000000001,567.6305367231878,4.096600305186382,2241.290428065752
2026-02-02,-1,2026-02-02 19:50:00,2026-02-02 19:55:25,2,4705.929,4681.41367433752,4720.046786999999,4681.350470588238,4681.350470588238,0.5239092771595166,tp,0.1,0.7000000000000001,244.45325662479883,1.7364850215179777,2485.743684690551
2026-02-02,1,2026-02-02 20:25:00,2026-02-02 20:41:40,4,4656.942,4681.243297043013,4642.971174,4681.41819931973,4681.41819931973,-0.5207972943599085,tp,0.1,0.7000000000000001,242.3129704301271,1.7394316587303518,2728.0566551206784
2026-02-02,1,2026-02-02 20:50:00,2026-02-02 20:55:00,2,4666.961,4681.139225099603,4652.9601170000005,4681.194896000002,4681.194896000002,-0.3059987101208228,tp,0.1,0.7000000000000001,141.0822509960297,1.0126664939349375,2869.1389061167083
2026-02-02,1,2026-02-02 21:05:00,2026-02-02 21:26:55,5,4656.166,4680.764741245138,4642.197502,4680.957088932808,4680.957088932808,-0.5315705412390579,tp,0.1,0.7000000000000001,245.28741245137718,1.7610154824904867,3114.4263185680857
2026-02-02,1,2026-02-02 21:50:00,2026-02-02 21:51:05,1,4664.993,4650.998021,4650.998021,4680.649380407125,4680.649380407125,-0.32958846419262117,sl,0.1,0.7000000000000001,-140.64979000000056,-1.0,2973.7765285680853
2026-02-02,1,2026-02-02 23:01:30,2026-02-02 23:01:30,1,4685.412,4680.491256313132,4671.355764,4680.491256313132,4680.491256313132,-0.4733852730361717,tp,0.1,0.7000000000000001,-49.90743686868264,-0.3500754886918617,2923.869091699403
2026-02-03,-1,2026-02-03 00:35:00,2026-02-03 00:48:45,3,4825.911,4806.151462962963,4840.388733,4801.569928571428,4801.569928571428,0.5067003457306718,tp,0.1,0.7000000000000001,196.89537037037263,1.3648225890778376,3120.7644620697756
2026-02-03,1,2026-02-03 01:00:00,2026-02-03 01:02:45,1,4780.449,4804.374027777777,4766.107653,4804.374027777777,4804.374027777777,-0.4960589587734731,tp,0.1,0.7000000000000001,238.5502777777736,1.6682552746110981,3359.3147398475494
2026-02-03,-1,2026-02-03 01:15:00,2026-02-03 01:15:15,1,4829.809,4844.298427,4844.298427,4805.132477777777,4805.132477777777,0.5174055520259321,sl,0.1,0.7000000000000001,-145.59426999999522,-1.0,3213.7204698475543
2026-02-03,-1,2026-02-03 01:25:00,2026-02-03 02:04:35,8,4844.116,4818.382972222222,4858.648348,4809.372970588235,4809.372970588235,0.7253862327815677,tp,0.1,0.7000000000000001,256.6302777777826,1.7707412303764498,3470.350747625337
2026-02-03,1,2026-02-03 02:15:00,2026-02-03 02:16:35,1,4801.261,4786.857217000001,4786.857217000001,4817.6472901234565,4817.6472901234565,-0.34068060891679436,sl,0.1,0.7000000000000001,-144.73782999999747,-1.0,3325.61291762534
2026-02-03,1,2026-02-03 02:25:00,2026-02-03 02:25:40,1,4791.667,4777.291999,4777.291999,4815.499097701149,4815.499097701149,-0.4935438096644049,sl,0.1,0.7000000000000001,-144.45001000000337,-1.0,3181.1629076253366
2026-02-03,1,2026-02-03 02:35:00,2026-02-03 02:44:40,2,4774.588,4760.264236,4760.264236,4812.747424731182,4812.747424731182,-0.7997287481449733,sl,0.1,0.7000000000000001,-143.93763999999754,-1.0,3037.2252676253393
2026-02-03,1,2026-02-03 02:50:00,2026-02-03 03:38:45,10,4761.673,4801.347678294574,4747.387981,4808.613049019607,4808.613049019607,-0.9818537806703718,tp,0.1,0.7000000000000001,396.04678294573824,2.777362654860595,3433.2720505710777
2026-02-03,-1,2026-02-03 04:05:00,2026-02-03 04:24:20,4,4816.955,4802.429916666667,4831.405865,4801.567132653062,4801.567132653062,0.3196741172804621,tp,0.1,0.7000000000000001,144.55083333332988,1.0051359093959562,3577.8228839044077
2026-02-03,-1,2026-02-03 04:40:00,2026-02-03 05:29:00,10,4822.408,4836.875223999999,4836.875223999999,4803.061398809523,4803.061398809523,0.402037358824157,sl,0.1,0.7000000000000001,-145.37223999999077,-1.0,3432.450643904417
2026-02-03,-1,2026-02-03 05:35:00,2026-02-03 06:14:00,8,4831.494,4845.988481999999,4845.988481999999,4806.024967661691,4806.024967661691,0.5279317629232662,sl,0.1,0.7000000000000001,-145.6448199999915,-1.0,3286.805823904426
2026-02-03,-1,2026-02-03 06:20:00,2026-02-03 06:28:25,2,4857.149,4871.720447,4871.720447,4808.809745614034,4808.809745614034,1.0077078726219904,sl,0.1,0.7000000000000001,-146.4144699999935,-1.0,3140.3913539044324
2026-02-03,-1,2026-02-03 06:35:00,2026-02-03 06:41:30,2,4875.723,4890.350168999999,4890.350168999999,4811.003597046412,4811.003597046412,1.344790159652062,sl,0.1,0.7000000000000001,-146.9716899999941,-1.0,2993.4196639044385
2026-02-03,-1,2026-02-03 06:50:00,2026-02-03 07:05:10,4,4874.688,4889.312064,4889.312064,4813.547203252032,4813.547203252032,1.2694026705853507,sl,0.1,0.7000000000000001,-146.94063999999634,-1.0,2846.4790239044423
2026-02-03,-1,2026-02-03 07:15:00,2026-02-03 07:31:15,4,4893.288,4907.967863999999,4907.967863999999,4817.444473180076,4817.444473180076,1.5767909156570252,sl,0.1,0.7000000000000001,-147.49863999999724,-1.0,2698.9803839044453
2026-02-03,-1,2026-02-03 07:40:00,2026-02-03 08:42:25,13,4931.265,4946.058795,4946.058795,4822.0558550724645,4822.0558550724645,2.2681953136748154,sl,0.1,0.7000000000000001,-148.6379499999959,-1.0,2550.3424339044495
2026-02-03,-1,2026-02-03 08:50:00,2026-02-03 13:46:20,60,4934.391,4949.194172999999,4949.194172999999,4835.9886163522015,4835.9886163522015,2.0371198417358825,sl,0.1,0.7000000000000001,-148.73172999999332,-1.0,2401.6107039044564
2026-02-03,-1,2026-02-03 13:55:00,2026-02-03 15:10:20,16,4926.406,4941.185218,4941.185218,4865.24053792415,4865.24053792415,1.2542640307335489,sl,0.1,0.7000000000000001,-148.49217999999672,-1.0,2253.11852390446
2026-02-03,-1,2026-02-03 15:20:00,2026-02-03 16:02:00,9,4928.038,4942.822113999999,4942.822113999999,4870.476983695651,4870.476983695651,1.1867526835224005,sl,0.1,0.7000000000000001,-148.54113999999134,-1.0,2104.5773839044687
2026-02-03,-1,2026-02-03 16:10:00,2026-02-03 16:16:10,2,4936.628,4951.437883999999,4951.437883999999,4873.317305841923,4873.317305841923,1.298421387054436,sl,0.1,0.7000000000000001,-148.79883999999328,-1.0,1955.7785439044756
2026-02-03,-1,2026-02-03 16:25:00,2026-02-03 16:35:25,3,4969.941,4984.850822999999,4984.850822999999,4874.594792724195,4874.594792724195,1.9552949799656736,sl,0.1,0.7000000000000001,-149.7982299999905,-1.0,1805.9803139044852
2026-02-03,-1,2026-02-03 16:45:00,2026-02-03 19:06:20,29,4981.085,4883.731772197962,4996.028254999999,4876.684788557212,4876.684788557212,2.136671036997967,tp,0.1,0.7000000000000001,972.8322780203841,6.514860905608815,2778.8125919248696
2026-02-03,-1,2026-02-03 19:15:00,2026-02-03 19:29:20,3,4916.063,4930.811189,4930.811189,4883.8313282828285,4883.8313282828285,0.6584619647066742,sl,0.1,0.7000000000000001,-148.1818899999991,-1.0,2630.6307019248707
2026-02-03,-1,2026-02-03 19:35:00,2026-02-03 19:38:00,1,4924.866,4939.640597999999,4939.640597999999,4884.5338758865255,4884.5338758865255,0.8247588231980972,sl,0.1,0.7000000000000001,-148.44597999999058,-1.0,2482.1847219248803
2026-02-03,-1,2026-02-03 19:45:00,2026-02-03 20:34:45,10,4940.589,4955.410766999999,4955.410766999999,4884.991893811533,4884.991893811533,1.1405874850898203,sl,0.1,0.7000000000000001,-148.91766999999453,-1.0,2333.267051924886
2026-02-03,-1,2026-02-03 20:40:00,2026-02-03 23:02:05,17,4951.966,4966.821898,4966.821898,4886.980442204303,4886.980442204303,1.332030249876234,sl,0.1,0.7000000000000001,-149.25897999999796,-1.0,2184.008071924888
2026-02-04,-1,2026-02-04 00:50:00,2026-02-04 01:00:10,3,5003.209,4986.127,5018.218626999999,4981.948466666667,4981.948466666667,0.4269019134909639,tp,0.1,0.7000000000000001,170.11999999999426,1.1380695869391055,2354.1280719248825
2026-02-04,-1,2026-02-04 01:10:00,2026-02-04 01:11:00,1,5031.573,5046.667719,5046.667719,4990.5600476190475,4990.5600476190475,0.8200372701752716,sl,0.1,0.7000000000000001,-151.64718999999712,-1.0,2202.4808819248856
2026-02-04,-1,2026-02-04 01:20:00,2026-02-04 02:02:55,9,5047.307,5062.448920999999,5062.448920999999,4997.614375,4997.614375,0.9939567416103501,sl,0.1,0.7000000000000001,-152.11920999999455,-1.0,2050.361671924891
2026-02-04,-1,2026-02-04 02:10:00,2026-02-04 04:47:00,32,5061.61,5076.794829999999,5076.794829999999,5014.354128205128,5014.354128205128,0.9445557809421397,sl,0.1,0.7000000000000001,-152.54829999999237,-1.0,1897.813371924899
2026-02-04,-1,2026-02-04 04:55:00,2026-02-04 09:23:10,54,5078.887,5057.017556547619,5094.123660999999,5039.713499999999,5039.713499999999,0.782207163165152,tp,0.1,0.7000000000000001,217.9944345238044,1.4353173213200627,2115.8078064487036
2026-02-04,1,2026-02-04 11:20:00,2026-02-04 12:01:05,9,5030.017,5055.08307175926,5014.926949,5056.241487745099,5056.241487745099,-0.5198127464600162,tp,0.1,0.7000000000000001,249.96071759260013,1.6610992076342086,2365.768524041304
2026-02-04,1,2026-02-04 13:10:00,2026-02-04 13:26:00,4,5029.812,5054.051270186335,5014.722564,5054.37937763713,5054.37937763713,-0.48557648335065134,tp,0.1,0.7000000000000001,241.6927018633549,1.6063735043732026,2607.461225904659
2026-02-04,1,2026-02-04 13:45:00,2026-02-04 13:50:40,2,5037.258,5053.872355421688,5022.146226,5053.922166666667,5053.922166666667,-0.33723642954136906,tp,0.1,0.7000000000000001,165.44355421687834,1.0994311734471325,2772.9047801215374
2026-02-04,1,2026-02-04 14:10:00,2026-02-04 14:31:30,5,5037.068,5021.956796,5021.956796,5053.833843137256,5053.833843137256,-0.3330410864241426,sl,0.1,0.7000000000000001,-151.81203999999815,-1.0,2621.0927401215395
2026-02-04,1,2026-02-04 14:40:00,2026-02-04 14:41:15,1,4982.321,4967.374037,4967.374037,5052.970051136365,5052.970051136365,-1.3971100248355748,sl,0.1,0.7000000000000001,-150.16963000000322,-1.0,2470.9231101215364
2026-02-04,1,2026-02-04 14:50:00,2026-02-04 14:58:30,2,5000.151,4985.150547,4985.150547,5052.25109363296,5052.25109363296,-1.0293153026083242,sl,0.1,0.7000000000000001,-150.7045299999965,-1.0,2320.21858012154
2026-02-04,1,2026-02-04 15:05:00,2026-02-04 15:15:50,3,4990.505,4975.533485,4975.533485,5051.3110082872945,5051.3110082872945,-1.2071422287650697,sl,0.1,0.7000000000000001,-150.4151500000018,-1.0,2169.8034301215384
2026-02-04,1,2026-02-04 15:25:00,2026-02-04 15:28:55,1,4965.347,4950.450959,4950.450959,5049.863121621624,5049.863121621624,-1.6726517053495644,sl,0.1,0.7000000000000001,-149.66040999999967,-1.0,2020.143020121539
2026-02-04,1,2026-02-04 15:35:00,2026-02-04 15:36:00,1,4920.622,4905.8601340000005,4905.8601340000005,5048.763546345813,5048.763546345813,-2.5363446945043724,sl,0.1,0.7000000000000001,-148.31865999999826,-1.0,1871.8243601215408
2026-02-04,1,2026-02-04 15:45:00,2026-02-04 15:57:00,3,4944.445,4929.611664999999,4929.611664999999,5047.413274250443,5047.413274250443,-2.042328786040437,sl,0.1,0.7000000000000001,-149.0333500000026,-1.0,1722.7910101215384
2026-02-04,1,2026-02-04 16:05:00,2026-02-04 16:21:30,4,4910.51,4895.77847,4895.77847,5044.953525906737,5044.953525906737,-2.6669428214912148,sl,0.1,0.7000000000000001,-148.0153000000002,-1.0,1574.7757101215375
2026-02-04,1,2026-02-04 16:30:00,2026-02-04 16:39:00,2,4924.448,4909.674656,4909.674656,5041.72483838384,5041.72483838384,-2.328594720006041,sl,0.1,0.7000000000000001,-148.43344000000178,-1.0,1426.342270121535
2026-02-04,1,2026-02-04 16:45:00,2026-02-04 16:46:45,1,4897.123,4882.4316309999995,4882.4316309999995,5039.814669154231,5039.814669154231,-2.83443298081045,sl,0.1,0.7000000000000001,-147.6136900000012,-1.0,1278.728580121533
2026-02-04,1,2026-02-04 16:55:00,2026-02-04 18:00:40,14,4902.258,4887.551226,4887.551226,5038.27889901478,5038.27889901478,-2.7019623514966518,sl,0.1,0.7000000000000001,-147.76774000000222,-1.0,1130.96084012153
2026-02-04,1,2026-02-04 18:10:00,2026-02-04 18:21:20,3,4910.834,4896.101498,4896.101498,5029.276597859328,5029.276597859328,-2.3541973791961066,sl,0.1,0.7000000000000001,-148.0250199999984,-1.0,982.9358201215309
2026-02-04,1,2026-02-04 18:30:00,2026-02-04 18:38:40,2,4926.76,4911.97972,4911.97972,5027.151669669671,5027.151669669671,-1.9961237747232043,sl,0.1,0.7000000000000001,-148.50279999999947,-1.0,834.4330201215307
2026-02-04,1,2026-02-04 18:45:00,2026-02-04 23:16:30,43,4920.27,5013.015637328339,4905.509190000001,5025.689701481482,5025.689701481482,-2.1016458984792985,tp,0.1,0.7000000000000001,926.7563732833848,6.283234953118424,1761.1893934049149
2026-02-05,1,2026-02-05 01:15:00,2026-02-05 01:15:40,1,4967.487,4952.584539,4952.584539,5008.580166666667,5008.580166666667,-0.822162475120611,sl,0.1,0.7000000000000001,-149.72460999999674,-1.0,1611.4647834049174
2026-02-05,1,2026-02-05 01:25:00,2026-02-05 02:07:40,9,4947.684,4932.840948,4932.840948,5001.899088235295,5001.899088235295,-1.0843399132714175,sl,0.1,0.7000000000000001,-149.1305200000017,-1.0,1462.334263404915
2026-02-05,1,2026-02-05 02:15:00,2026-02-05 02:15:45,1,4915.279,4900.533163,4900.533163,4986.6546851851845,4986.6546851851845,-1.4352745418249493,sl,0.1,0.7000000000000001,-148.1583700000039,-1.0,1314.1758934049103
2026-02-05,1,2026-02-05 02:25:00,2026-02-05 02:32:55,2,4933.439,4918.638683,4918.638683,4981.798752873563,4981.798752873563,-0.9757169103935509,sl,0.1,0.7000000000000001,-148.70317000000176,-1.0,1165.4727234049078
2026-02-05,1,2026-02-05 02:40:00,2026-02-05 02:41:55,1,4915.829,4901.081513,4901.081513,4976.602489583333,4976.602489583333,-1.2198078852067589,sl,0.1,0.7000000000000001,-148.17486999999636,-1.0,1017.2978534049107
2026-02-05,1,2026-02-05 02:50:00,2026-02-05 02:51:10,1,4852.334,4837.776997999999,4837.776997999999,4971.035588235295,4971.035588235295,-2.387532459356774,sl,0.1,0.7000000000000001,-146.27002000000465,-1.0,871.0278334049053
2026-02-05,1,2026-02-05 03:00:00,2026-02-05 03:00:05,1,4812.262,4797.8252139999995,4797.8252139999995,4963.191537037037,4963.191537037037,-3.045057518115885,sl,0.1,0.7000000000000001,-145.0678600000021,-1.0,725.9599734049025
2026-02-05,1,2026-02-05 03:10:00,2026-02-05 05:32:40,29,4846.709,4832.168873,4832.168873,4956.289903508772,4956.289903508772,-2.209624651520927,sl,0.1,0.7000000000000001,-146.1012700000021,-1.0,579.8587034048996
2026-02-05,1,2026-02-05 05:40:00,2026-02-05 06:09:25,6,4853.384,4915.386700913242,4838.823848,4917.159142156863,4917.159142156863,-1.2992591923481966,tp,0.1,0.7000000000000001,619.3270091324182,4.2583828048801795,1199.1857125373172
2026-02-05,-1,2026-02-05 07:30:00,2026-02-05 07:34:00,1,4932.609,4916.34881111111,4947.406827,4916.34881111111,4916.34881111111,0.3315608699701974,tp,0.1,0.7000000000000001,161.901888888903,1.0988227453186836,1361.0876014262194
2026-02-05,-1,2026-02-05 08:15:00,2026-02-05 08:45:50,7,4940.67,4917.1096746031735,4955.49201,4916.456139730639,4916.456139730639,0.5020356038549646,tp,0.1,0.7000000000000001,234.90325396826557,1.589549959609174,1595.9908553944842
2026-02-05,1,2026-02-05 09:05:00,2026-02-05 09:11:20,2,4884.295,4869.642115,4869.642115,4916.7260107033635,4916.7260107033635,-0.6585176931331926,sl,0.1,0.7000000000000001,-147.22885000000423,-1.0,1448.7620053944793
2026-02-05,1,2026-02-05 09:20:00,2026-02-05 09:56:25,8,4864.739,4850.144783,4850.144783,4915.54130952381,4915.54130952381,-1.0329240733962781,sl,0.1,0.7000000000000001,-146.64216999999843,-1.0,1302.11983539448
2026-02-05,1,2026-02-05 10:05:00,2026-02-05 12:10:30,26,4860.785,4846.202644999999,4846.202644999999,4912.549207988982,4912.549207988982,-1.0571844838627547,sl,0.1,0.7000000000000001,-146.5235500000046,-1.0,1155.5962853944748
2026-02-05,1,2026-02-05 12:20:00,2026-02-05 13:06:35,10,4820.613,4806.151161000001,4806.151161000001,4904.954324324327,4904.954324324327,-1.7198901100052257,sl,0.1,0.7000000000000001,-145.318389999996,-1.0,1010.277895394478
2026-02-05,1,2026-02-05 13:15:00,2026-02-05 14:18:50,13,4826.193,4811.714421000001,4811.714421000001,4900.684500000002,4900.684500000002,-1.5192163462063721,sl,0.1,0.7000000000000001,-145.48578999999626,-1.0,864.792105394481
2026-02-05,1,2026-02-05 14:25:00,2026-02-05 14:31:40,2,4829.075,4814.587775,4814.587775,4895.485970134877,4895.485970134877,-1.354563582439396,sl,0.1,0.7000000000000001,-145.57224999999852,-1.0,719.2198553944818
2026-02-05,1,2026-02-05 14:40:00,2026-02-05 15:01:55,5,4851.916,4837.360252,4837.360252,4894.403763257577,4894.403763257577,-0.870366755954443,sl,0.1,0.7000000000000001,-146.25747999999766,-1.0,572.9623753944834
2026-02-05,1,2026-02-05 15:10:00,2026-02-05 15:12:00,1,4851.158,4836.604526,4836.604526,4892.948452380954,4892.948452380954,-0.8557407213350063,sl,0.1,0.7000000000000001,-146.23474000000277,-1.0,426.7276353944799
2026-02-05,1,2026-02-05 15:20:00,2026-02-05 15:22:10,1,4844.568,4830.034296,4830.034296,4892.346614130436,4892.346614130436,-0.9755055782963876,sl,0.1,0.7000000000000001,-146.03704000000397,-1.0,280.69059539447517
2026-02-05,1,2026-02-05 15:30:00,2026-02-05 15:46:00,4,4819.978,4805.518066,4805.518066,4891.670268817205,4891.670268817205,-1.4648119124867218,sl,0.1,0.7000000000000001,-145.2993400000043,-1.0,135.39125539447014
2026-02-05,1,2026-02-05 15:55:00,2026-02-05 16:50:00,12,4811.536,4887.228001650167,4797.1013920000005,4889.749397033161,4889.749397033161,-1.6015114615214134,tp,0.1,0.7000000000000001,756.2200165016718,5.243786436747672,891.6112718961413
2026-02-05,1,2026-02-05 17:05:00,2026-02-05 18:10:45,14,4871.658,4857.043026,4857.043026,4887.25769674797,4887.25769674797,-0.3178714467687544,sl,0.1,0.7000000000000001,-146.84974000000074,-1.0,744.7615318961398
2026-02-05,1,2026-02-05 18:20:00,2026-02-05 19:05:10,10,4857.616,4843.043152,4843.043152,4886.096686363639,4886.096686363639,-0.5815518641483396,sl,0.1,0.7000000000000001,-146.42847999999793,-1.0,598.3330518961411
2026-02-05,1,2026-02-05 19:15:00,2026-02-05 19:33:45,4,4851.339,4836.784983,4836.784983,4884.938482683983,4884.938482683983,-0.6881557015128067,sl,0.1,0.7000000000000001,-146.24017000000384,-1.0,452.09288189613653
2026-02-05,1,2026-02-05 19:40:00,2026-02-05 20:00:30,5,4833.062,4818.562814,4818.562814,4884.121785310736,4884.121785310736,-1.0468880089050332,sl,0.1,0.7000000000000001,-145.69186000000008,-1.0,306.4010218961357
2026-02-05,1,2026-02-05 20:10:00,2026-02-05 20:21:15,3,4834.507,4820.003479,4820.003479,4882.822508264465,4882.822508264465,-0.9888339824505658,sl,0.1,0.7000000000000001,-145.73520999999636,-1.0,160.66581189613862
2026-02-05,1,2026-02-05 20:30:00,2026-02-05 20:38:30,2,4825.785,4811.307645,4811.307645,4881.898852303526,4881.898852303526,-1.157405223110353,sl,0.1,0.7000000000000001,-145.47354999999988,-1.0,15.192261896138007
2026-02-05,1,2026-02-05 20:45:00,2026-02-05 20:55:00,3,4812.771,4798.332687,4798.332687,4881.108411646588,4881.108411646588,-1.3989632249031025,sl,0.1,0.7000000000000001,-145.08312999999652,-1.0,-129.89086810385925
2026-02-05,1,2026-02-05 21:05:00,2026-02-05 21:09:10,1,4823.574,4809.103278,4809.103278,4879.971426218711,4879.971426218711,-1.1553945975130386,sl,0.1,0.7000000000000001,-145.40722000000022,-1.0,-275.2980881038602
2026-02-05,1,2026-02-05 21:15:00,2026-02-05 21:27:15,3,4810.372,4795.940884000001,4795.940884000001,4879.43121633987,4879.43121633987,-1.417679915401274,sl,0.1,0.7000000000000001,-145.01115999999746,-1.0,-420.3092481038584
2026-02-05,1,2026-02-05 21:35:00,2026-02-05 23:26:35,11,4768.089,4753.7847329999995,4753.7847329999995,4878.16171879022,4878.16171879022,-2.25591575544388,sl,0.1,0.7000000000000001,-143.74267000000435,-1.0,-564.0519181038635
2026-02-06,-1,2026-02-06 00:35:00,2026-02-06 00:37:55,1,4734.393,4748.596178999999,4748.596178999999,4697.275476190477,4697.275476190477,0.7916509048279294,sl,0.1,0.7000000000000001,-142.7317899999918,-1.0,-706.783708103856
2026-02-06,-1,2026-02-06 00:45:00,2026-02-06 01:01:55,4,4758.303,4719.204347222222,4772.577909,4708.413037037037,4708.413037037037,1.0585618247783992,tp,0.1,0.7000000000000001,390.28652777777717,2.738977374761436,-316.4971803260796
2026-02-06,-1,2026-02-06 01:10:00,2026-02-06 01:11:50,1,4737.551,4751.763653,4751.763653,4721.981321428572,4721.981321428572,0.32893350299676044,sl,0.1,0.7000000000000001,-142.8265299999959,-1.0,-459.32371032607625
2026-02-06,-1,2026-02-06 01:35:00,2026-02-06 01:49:05,3,4741.026,4755.249077999999,4755.249077999999,4723.596771929825,4723.596771929825,0.36761664698741825,sl,0.1,0.7000000000000001,-142.93077999999076,-1.0,-602.2544903260678
2026-02-06,-1,2026-02-06 01:55:00,2026-02-06 01:56:00,1,4770.339,4784.650016999999,4784.650016999999,4727.640101449276,4727.640101449276,0.9069725620099509,sl,0.1,0.7000000000000001,-143.81016999999082,-1.0,-746.0646603260593
2026-02-06,-1,2026-02-06 02:05:00,2026-02-06 02:07:30,1,4770.422,4784.733265999999,4784.733265999999,4731.245946666667,4731.245946666667,0.8298776638529182,sl,0.1,0.7000000000000001,-143.81265999999704,-1.0,-889.8773203260571
2026-02-06,-1,2026-02-06 02:15:00,2026-02-06 02:28:05,3,4787.557,4801.919671,4801.919671,4735.331913580248,4735.331913580248,1.1007799953845725,sl,0.1,0.7000000000000001,-144.32670999999863,-1.0,-1034.2040303260565
2026-02-06,-1,2026-02-06 02:35:00,2026-02-06 05:29:15,35,4835.931,4850.438792999999,4850.438792999999,4744.588989247312,4744.588989247312,1.9280597531209969,sl,0.1,0.7000000000000001,-145.77792999999764,-1.0,-1179.9819603260548
2026-02-06,-1,2026-02-06 05:35:00,2026-02-06 05:40:50,2,4854.787,4869.351361,4869.351361,4786.577676616916,4786.577676616916,1.4259838238189269,sl,0.1,0.7000000000000001,-146.34360999999734,-1.0,-1326.325570326053
2026-02-06,-1,2026-02-06 05:50:00,2026-02-06 05:54:45,1,4872.884,4887.502651999999,4887.502651999999,4789.898745238095,4789.898745238095,1.736106735963409,sl,0.1,0.7000000000000001,-146.886519999992,-1.0,-1473.2120903260457
2026-02-06,-1,2026-02-06 06:00:00,2026-02-06 13:00:20,85,4897.588,4912.280763999999,4912.280763999999,4792.6123310185185,4792.6123310185185,2.1930246329593155,sl,0.1,0.7000000000000001,-147.62763999999441,-1.0,-1620.8397303260408
2026-02-06,-1,2026-02-06 13:10:00,2026-02-06 13:38:35,6,4914.398,4929.141194,4929.141194,4833.802036919829,4833.802036919829,1.6658411425446238,sl,0.1,0.7000000000000001,-148.13193999999675,-1.0,-1768.9716703260383
2026-02-06,-1,2026-02-06 13:45:00,2026-02-06 14:37:35,11,4932.39,4947.18717,4947.18717,4837.491395959593,4837.491395959593,1.959013386970749,sl,0.1,0.7000000000000001,-148.67169999999822,-1.0,-1917.6433703260373
2026-02-06,-1,2026-02-06 14:45:00,2026-02-06 14:57:50,3,4932.693,4947.491078999999,4947.491078999999,4843.280638418077,4843.280638418077,1.8435822379082119,sl,0.1,0.7000000000000001,-148.68078999999233,-1.0,-2066.3241603260303
2026-02-06,-1,2026-02-06 15:05:00,2026-02-06 15:06:15,1,4942.85,4957.67855,4957.67855,4845.458060773479,4845.458060773479,2.0081989773942555,sl,0.1,0.7000000000000001,-148.98549999999267,-1.0,-2215.3096603260237
2026-02-06,-1,2026-02-06 15:15:00,2026-02-06 17:30:30,28,4948.269,4963.113807,4963.113807,4846.640901639342,4846.640901639342,2.095546181816459,sl,0.1,0.7000000000000001,-149.1480699999949,-1.0,-2364.4577303260194
2026-02-06,-1,2026-02-06 17:40:00,2026-02-06 18:05:10,6,4950.359,4965.210077,4965.210077,4860.405863993709,4860.405863993709,1.8507227281710683,sl,0.1,0.7000000000000001,-149.2107699999935,-1.0,-2513.6685003260136
2026-02-06,-1,2026-02-06 18:15:00,2026-02-06 21:57:55,45,4965.999,4968.557,4980.896996999999,4863.605645357687,4863.605645357687,2.102490664306158,session_end,0.1,0.7000000000000001,-26.279999999999927,-0.171700934024899,-2539.9485003260143
2026-02-09,1,2026-02-09 00:50:00,2026-02-09 01:00:00,3,5013.635,5028.749277777778,4998.594095,5030.413200000001,5030.413200000001,-0.3348174261311388,tp,0.1,0.7000000000000001,150.44277777777717,1.004878215624517,-2389.505722548238
2026-02-09,1,2026-02-09 01:35:00,2026-02-09 01:36:35,1,5002.83,4987.82151,4987.82151,5025.1506052631585,5025.1506052631585,-0.4420982973105472,sl,0.1,0.7000000000000001,-150.78490000000164,-1.0,-2540.29062254824
2026-02-09,1,2026-02-09 01:50:00,2026-02-09 01:58:50,2,4997.259,4982.267223,4982.267223,5021.212363636365,5021.212363636365,-0.47934367027914515,sl,0.1,0.7000000000000001,-150.61777000000183,-1.0,-2690.908392548243
2026-02-09,1,2026-02-09 02:05:00,2026-02-09 02:52:25,10,4977.381,5011.439137254903,4962.448857,5017.04762,5017.04762,-0.7929587879813857,tp,0.1,0.7000000000000001,339.8813725490225,2.280860641028033,-2351.027019999221
2026-02-09,-1,2026-02-09 05:30:00,2026-02-09 06:04:30,7,5030.555,5045.646664999999,5045.646664999999,5014.899742424243,5014.899742424243,0.30987174966423053,sl,0.1,0.7000000000000001,-151.6166499999901,-1.0,-2502.643669999212
2026-02-09,-1,2026-02-09 06:10:00,2026-02-09 06:22:10,3,5037.261,5017.504754385966,5052.372783,5017.078653153155,5017.078653153155,0.40457501765671106,tp,0.1,0.7000000000000001,196.86245614034016,1.3073404782238356,-2305.7812138588724
2026-02-09,-1,2026-02-09 06:45:00,2026-02-09 07:09:40,5,5035.361,5018.73959019608,5050.467083,5018.0907716049405,5018.0907716049405,0.34375082437065446,tp,0.1,0.7000000000000001,165.5140980391996,1.1003123578706884,-2140.2671158196736
2026-02-09,1,2026-02-09 10:30:00,2026-02-09 11:54:15,17,4991.449,5015.813713615024,4976.474652999999,5018.089753968255,5018.089753968255,-0.5345909555930257,tp,0.1,0.7000000000000001,242.94713615024813,1.6270969021236326,-1897.3199796694262
2026-02-09,1,2026-02-09 13:45:00,2026-02-09 14:08:30,5,4998.934,5015.283239644971,4983.9371980000005,5015.505342424244,5015.505342424244,-0.3348584295620801,tp,0.1,0.7000000000000001,162.79239644971022,1.0901817364109623,-1734.5275832197167
2026-02-09,-1,2026-02-09 14:35:00,2026-02-09 15:33:05,12,5035.349,5050.4550469999995,5050.4550469999995,5015.369406666668,5015.369406666668,0.40059049900941673,sl,0.1,0.7000000000000001,-151.76046999999306,-1.0,-1886.2880532197105
2026-02-09,-1,2026-02-09 15:40:00,2026-02-09 16:04:05,5,5051.813,5066.968438999999,5066.968438999999,5016.823742907801,5016.823742907801,0.696750750743725,sl,0.1,0.7000000000000001,-152.25438999999204,-1.0,-2038.5424432197033
2026-02-09,-1,2026-02-09 16:10:00,2026-02-09 16:45:50,8,5065.63,5080.826889999999,5080.826889999999,5018.140850515464,5018.140850515464,0.9424336799888371,sl,0.1,0.7000000000000001,-152.66889999999256,-1.0,-2191.2113432196966
2026-02-09,-1,2026-02-09 16:55:00,2026-02-09 23:10:00,64,5073.853,5031.41428446115,5089.074559,5020.541667487684,5020.541667487684,1.0634675708016492,tp,0.1,0.7000000000000001,423.68715538850375,2.788066290637605,-1767.5241878311936
2026-02-10,1,2026-02-10 00:40:00,2026-02-10 01:08:40,6,5018.693,5030.075243589744,5003.636921,5036.797458333333,5036.797458333333,-0.36493344204109246,tp,0.1,0.7000000000000001,113.12243589743666,0.7559898954929567,-1654.4017519337576
2026-02-10,-1,2026-02-10 02:10:00,2026-02-10 03:00:40,11,5045.048,5034.125712962963,5060.183144,5029.5873717948725,5029.5873717948725,0.3116384515562056,tp,0.1,0.7000000000000001,108.52287037036767,0.7216506851231064,-1545.8788815633907
2026-02-10,-1,2026-02-10 08:45:00,2026-02-10 12:43:25,48,5048.619,5036.989155701757,5063.764856999999,5031.621757142859,5031.621757142859,0.33869284456744875,tp,0.1,0.7000000000000001,115.5984429824246,0.7678564704686454,-1430.2804385809668
2026-02-10,-1,2026-02-10 13:35:00,2026-02-10 14:16:35,9,5053.206,5068.365618,5068.365618,5036.905457055217,5036.905457055217,0.32275854854515806,sl,0.1,0.7000000000000001,-152.2961799999968,-1.0,-1582.5766185809644
2026-02-10,-1,2026-02-10 14:25:00,2026-02-10 14:47:35,5,5067.91,5038.6624114877595,5083.113729999999,5038.008723506745,5038.008723506745,0.5899707230472241,tp,0.1,0.7000000000000001,291.7758851224033,1.9237113861033928,-1290.8007334585618
2026-02-10,1,2026-02-10 15:40:00,2026-02-10 17:26:45,22,5007.681,5036.698037480064,4992.657956999999,5038.511744680853,5038.511744680853,-0.6116338760822925,tp,0.1,0.7000000000000001,289.47037480064574,1.9315019919775438,-1001.3303586579168
2026-02-10,1,2026-02-10 18:10:00,2026-02-10 18:24:40,3,5021.145,5006.081565,5006.081565,5036.447264525995,5036.447264525995,-0.3031256702224447,sl,0.1,0.7000000000000001,-151.33435000000026,-1.0,-1152.6647086579178
2026-02-10,1,2026-02-10 18:30:00,2026-02-10 20:43:25,27,5008.456,5034.4283655914,4993.4306320000005,5036.005611111113,5036.005611111113,-0.5463280471810663,tp,0.1,0.7000000000000001,259.0236559139947,1.7285676857565238,-893.6410527439239
2026-02-11,-1,2026-02-11 10:15:00,2026-02-11 10:40:50,6,5068.966,5084.172898,5084.172898,5052.027857723578,5052.027857723578,0.3345318504248646,sl,0.1,0.7000000000000001,-152.76897999999454,-1.0,-1046.4100327439191
2026-02-11,-1,2026-02-11 10:50:00,2026-02-11 11:47:40,12,5099.129,5114.4263869999995,5114.4263869999995,5053.455887179487,5053.455887179487,0.9104385958376704,sl,0.1,0.7000000000000001,-153.67386999999616,-1.0,-1200.083902743916
2026-02-11,-1,2026-02-11 11:55:00,2026-02-11 12:41:20,10,5113.31,5060.104131578947,5128.64993,5057.688842657342,5057.688842657342,1.0980441674122277,tp,0.1,0.7000000000000001,531.358684210533,3.4684557505188183,-668.7252185333837
2026-02-11,-1,2026-02-11 12:55:00,2026-02-11 13:30:00,8,5078.438,5061.2056069958835,5093.673314,5060.325730107526,5060.325730107526,0.36420125650846774,tp,0.1,0.7000000000000001,171.62393004116603,1.131082234610793,-497.1012884922184
2026-02-11,-1,2026-02-11 14:20:00,2026-02-11 14:32:00,3,5079.32,5061.637775862067,5094.557959999999,5061.517393410852,5061.517393410852,0.35465859729174,tp,0.1,0.7000000000000001,176.12224137932282,1.1604062576573826,-320.9790471128963
2026-02-11,1,2026-02-11 14:40:00,2026-02-11 14:55:00,4,5046.187,5061.405984171321,5031.048439,5061.634623106059,5061.634623106059,-0.3080254555492116,tp,0.1,0.7000000000000001,151.489841713207,1.0053124713320472,-169.48920539969004
2026-02-11,-1,2026-02-11 15:10:00,2026-02-11 15:18:15,2,5079.691,5061.536175774134,5094.9300729999995,5061.479450549449,5061.479450549449,0.36278028252308614,tp,0.1,0.7000000000000001,180.84824225865924,1.1913338971383785,11.359036858968466
2026-02-11,-1,2026-02-11 17:10:00,2026-02-11 17:43:45,7,5080.318,5095.558954,5095.558954,5061.554614886731,5061.554614886731,0.37102998075008553,sl,0.1,0.7000000000000001,-153.10953999999873,-1.0,-141.750503141031
2026-02-11,-1,2026-02-11 17:50:00,2026-02-11 23:11:45,53,5089.308,5066.812630325812,5104.575924,5062.502255451712,5062.502255451712,0.5286169407523633,tp,0.1,0.7000000000000001,224.25369674187715,1.4733744858952702,82.5031936008454
2026-02-12,-1,2026-02-12 05:10:00,2026-02-12 06:08:25,12,5077.401,5062.849938356166,5092.633202999999,5061.23594623656,5061.23594623656,0.3249908508152037,tp,0.1,0.7000000000000001,144.81061643834147,0.9552828073414301,227.31381003918614
2026-02-12,-1,2026-02-12 09:55:00,2026-02-12 10:16:25,5,5079.294,5063.846760162601,5094.531881999999,5063.580455182072,5063.580455182072,0.307016842242893,tp,0.1,0.7000000000000001,153.7723983739914,1.0137393003436896,381.0862084131768
2026-02-12,-1,2026-02-12 13:55:00,2026-02-12 14:14:40,4,5080.17,5064.028996078432,5095.41051,5063.847597804391,5063.847597804391,0.3249486063274034,tp,0.1,0.7000000000000001,160.71003921567973,1.0590855503896104,541.7962476288558
2026-02-12,1,2026-02-12 15:00:00,2026-02-12 15:12:05,3,5044.489,5063.649327838828,5029.355533,5063.775051851852,5063.775051851852,-0.3820381366422941,tp,0.1,0.7000000000000001,190.9032783882838,1.2660897756494804,732.6995260171389
2026-02-12,1,2026-02-12 16:15:00,2026-02-12 16:17:30,1,4951.13,4936.27661,4936.27661,5063.400505128205,5063.400505128205,-2.2207803829525026,sl,0.1,0.7000000000000001,-149.23390000000217,-1.0,583.465626017136
2026-02-12,1,2026-02-12 16:25:00,2026-02-12 16:26:00,1,4923.628,4908.857116,4908.857116,5062.047043147208,5062.047043147208,-2.7342998191726258,sl,0.1,0.7000000000000001,-148.40883999999568,-1.0,435.05678601713953
2026-02-12,1,2026-02-12 16:35:00,2026-02-12 18:08:35,19,4938.008,4923.193976,4923.193976,5060.5454262981575,5060.5454262981575,-2.4242826802940325,sl,0.1,0.7000000000000001,-148.84024000000244,-1.0,286.21654601713635
2026-02-12,1,2026-02-12 18:15:00,2026-02-12 18:18:05,1,4934.395,4919.591815000001,4919.591815000001,5050.720939878234,5050.720939878234,-2.3010267496789405,sl,0.1,0.7000000000000001,-148.73184999999756,-1.0,137.48469601713805
2026-02-12,1,2026-02-12 18:25:00,2026-02-12 23:00:45,44,4917.789,4903.0356329999995,4903.0356329999995,5049.517957013573,5049.517957013573,-2.611208795295668,sl,0.1,0.7000000000000001,-148.23367000000252,-1.0,-10.748973982865209
2026-02-13,-1,2026-02-13 01:05:00,2026-02-13 01:19:10,3,4957.138,4972.009413999999,4972.009413999999,4938.108858974359,4938.108858974359,0.3880157682392897,sl,0.1,0.7000000000000001,-149.41413999999276,-1.0,-160.1631139828587
2026-02-13,-1,2026-02-13 01:25:00,2026-02-13 01:49:00,5,4972.32,4987.236959999999,4987.236959999999,4944.992578431373,4944.992578431373,0.5622641718392115,sl,0.1,0.7000000000000001,-149.86959999999561,-1.0,-310.03271398285506
2026-02-13,-1,2026-02-13 01:55:00,2026-02-13 04:16:25,29,4980.279,4995.219837,4995.219837,4953.012644927536,4953.012644927536,0.549743298159148,sl,0.1,0.7000000000000001,-150.1083699999919,-1.0,-460.1410839828477
2026-02-13,-1,2026-02-13 04:25:00,2026-02-13 05:19:05,11,4989.157,4970.73167989418,5004.124470999999,4969.121783018868,4969.121783018868,0.40437159438915643,tp,0.1,0.7000000000000001,183.55320105819993,1.2310242729597536,-276.5878829246485
2026-02-13,1,2026-02-13 05:55:00,2026-02-13 06:59:45,13,4955.252,4968.46643574297,4940.386244,4970.7011807511735,4970.7011807511735,-0.3136917747450849,tp,0.1,0.7000000000000001,131.44435742969728,0.8889178419832531,-145.14352549495197
2026-02-13,-1,2026-02-13 08:10:00,2026-02-13 09:28:10,16,4986.063,4970.377033923302,5001.021188999999,4968.828136054421,4968.828136054421,0.3450585022486611,tp,0.1,0.7000000000000001,156.15966076697697,1.0486540901909118,11.016135272024258
2026-02-13,1,2026-02-13 11:00:00,2026-02-13 11:24:30,5,4950.332,4935.481004,4935.481004,4970.242611111112,4970.242611111112,-0.3988962443561721,sl,0.1,0.7000000000000001,-149.20996000000122,-1.0,-138.1938247279777
2026-02-13,1,2026-02-13 11:30:00,2026-02-13 12:17:25,10,4945.329,4968.011851473923,4930.493012999999,4969.185050724639,4969.185050724639,-0.48576477789086603,tp,0.1,0.7000000000000001,226.1285147392362,1.5289074784119876,87.93469001125777
2026-02-13,-1,2026-02-13 13:35:00,2026-02-13 14:33:25,12,4993.625,5008.605874999999,5008.605874999999,4968.189178936607,4968.189178936607,0.5113597761353711,sl,0.1,0.7000000000000001,-150.50874999999286,-1.0,-62.574059988735826
2026-02-13,-1,2026-02-13 14:40:00,2026-02-13 14:41:40,1,4987.985,4970.057242424244,5002.948954999999,4970.057242424244,4970.057242424244,0.3636629659206855,tp,0.1,0.7000000000000001,178.57757575756006,1.1980627832519473,116.00351576882349
2026-02-13,-1,2026-02-13 14:50:00,2026-02-13 15:36:50,10,4998.385,5013.380155,5013.380155,4970.289668539327,4970.289668539327,0.5687360968033921,sl,0.1,0.7000000000000001,-150.65154999999612,-1.0,-34.64803423117337
2026-02-13,-1,2026-02-13 15:45:00,2026-02-13 16:26:55,9,5006.776,5021.796327999999,5021.796327999999,4972.222002645503,4972.222002645503,0.6941463461634041,sl,0.1,0.7000000000000001,-150.90327999999607,-1.0,-185.55131423117018
2026-02-13,-1,2026-02-13 16:35:00,2026-02-13 18:54:20,28,5019.166,5034.223497999999,5034.223497999999,4973.612541876048,4973.612541876048,0.9181245571398495,sl,0.1,0.7000000000000001,-151.27497999999213,-1.0,-336.82629423116305
2026-02-13,-1,2026-02-13 19:00:00,2026-02-13 21:57:55,36,5031.383,5042.883,5046.477148999999,4979.657957602341,4979.657957602341,1.038054075958017,session_end,0.1,0.7000000000000001,-115.7,-0.7618846216504378,-452.5262942311638
2026-02-16,1,2026-02-16 02:45:00,2026-02-16 03:49:10,13,5002.881,4987.872357,4987.872357,5020.332186868687,5020.332186868687,-0.34971165682241356,sl,0.1,0.7000000000000001,-150.7864300000012,-1.0,-603.3127242311657
2026-02-16,1,2026-02-16 03:55:00,2026-02-16 04:08:10,3,4991.302,4976.3280939999995,4976.3280939999995,5012.4738049645375,5012.4738049645375,-0.42408810083921156,sl,0.1,0.7000000000000001,-150.4390600000017,-1.0,-753.7517842311681
2026-02-16,1,2026-02-16 04:15:00,2026-02-16 06:44:35,30,4977.023,5000.735079166667,4962.091931,5010.230532679738,5010.230532679738,-0.6684928460133073,tp,0.1,0.7000000000000001,236.42079166666628,1.5881032474410437,-517.3309925645026
2026-02-16,1,2026-02-16 14:55:00,2026-02-16 15:05:05,3,4986.374,4971.414878,4971.414878,5001.786235567971,5001.786235567971,-0.3143624062971445,sl,0.1,0.7000000000000001,-150.29122000000206,-1.0,-667.6222125645054
2026-02-16,1,2026-02-16 15:15:00,2026-02-16 23:05:00,53,4976.722,4998.481219148938,4961.791834,5001.296425318762,5001.296425318762,-0.4913711011879489,tp,0.1,0.7000000000000001,216.8921914893843,1.4573996798788629,-450.73002107512184
2026-02-17,1,2026-02-17 00:55:00,2026-02-17 00:58:25,1,4952.39,4937.53283,4937.53283,4975.072075757576,4975.072075757576,-0.4582159898478518,sl,0.1,0.7000000000000001,-149.27170000000223,-1.0,-600.0017210751248
2026-02-17,1,2026-02-17 01:05:00,2026-02-17 01:44:05,8,4934.437,4963.129300000001,4919.633689,4969.242833333334,4969.242833333334,-0.6976381411829529,tp,0.1,0.7000000000000001,286.22300000001525,1.938235304250662,-313.7787210751103
2026-02-17,1,2026-02-17 05:10:00,2026-02-17 05:14:40,1,4944.624,4929.790128,4929.790128,4959.713150537634,4959.713150537634,-0.3040629584797517,sl,0.1,0.7000000000000001,-149.03872000000155,-1.0,-462.8174410751126
2026-02-17,1,2026-02-17 05:20:00,2026-02-17 05:31:45,3,4901.236,4886.532292,4886.532292,4958.510651041666,4958.510651041666,-1.1548457807514672,sl,0.1,0.7000000000000001,-147.73708000000005,-1.0,-610.5545210751134
2026-02-17,1,2026-02-17 05:40:00,2026-02-17 10:11:45,55,4884.068,4936.060185792349,4869.415796,4954.478573529412,4954.478573529412,-1.4234610662403633,tp,0.1,0.7000000000000001,519.2218579234911,3.5484208240855217,-91.33266315162291
2026-02-17,1,2026-02-17 10:50:00,2026-02-17 12:05:35,16,4916.368,4934.391394252874,4901.618896,4935.553251282051,4935.553251282051,-0.38775290849267396,tp,0.1,0.7000000000000001,179.53394252873915,1.2219992653705183,88.2012793771155
2026-02-17,1,2026-02-17 13:20:00,2026-02-17 13:56:25,8,4913.296,4898.556112,4898.556112,4934.314166666665,4934.314166666665,-0.4252195129447694,sl,0.1,0.7000000000000001,-148.09888000000063,-1.0,-59.897600622885875
2026-02-17,1,2026-02-17 14:05:00,2026-02-17 14:50:45,10,4871.865,4857.249405,4857.249405,4932.9010838264285,4932.9010838264285,-1.2403164544902652,sl,0.1,0.7000000000000001,-146.8559500000021,-1.0,-206.75355062288872
2026-02-17,1,2026-02-17 15:00:00,2026-02-17 15:00:45,1,4864.366,4849.772902,4849.772902,4929.976198148147,4929.976198148147,-1.3303856958332525,sl,0.1,0.7000000000000001,-146.6309800000028,-1.0,-353.38453062289227
2026-02-17,1,2026-02-17 15:10:00,2026-02-17 23:59:55,94,4857.907,4859.622,4843.333279,4929.23079120879,4929.23079120879,-1.449075813942034,session_end,0.1,0.7000000000000001,16.450000000001456,0.11767756498152908,-336.93453062289154
2026-02-18,-1,2026-02-18 02:05:00,2026-02-18 03:04:35,12,4895.738,4910.425214,4910.425214,4879.719073333335,4879.719073333335,0.3253963276992244,sl,0.1,0.7000000000000001,-147.57213999999584,-1.0,-484.5066706228881
2026-02-18,-1,2026-02-18 03:10:00,2026-02-18 04:10:20,13,4914.965,4929.709895,4929.709895,4887.990096491229,4887.990096491229,0.5474111645188774,sl,0.1,0.7000000000000001,-148.14894999999814,-1.0,-632.655620622887
2026-02-18,-1,2026-02-18 04:20:00,2026-02-18 07:14:30,35,4926.742,4941.522226,4941.522226,4896.611775641027,4896.611775641027,0.6209952055060127,sl,0.1,0.7000000000000001,-148.50225999999856,-1.0,-781.1578806228863
2026-02-18,-1,2026-02-18 07:20:00,2026-02-18 09:04:45,21,4934.463,4914.886049382715,4949.266388999999,4911.691742424243,4911.691742424243,0.4633995529312801,tp,0.1,0.7000000000000001,195.0695061728464,1.3224641071909302,-586.0883744500406
2026-02-18,-1,2026-02-18 12:50:00,2026-02-18 12:59:25,2,4931.41,4946.204229999999,4946.204229999999,4915.94434848485,4915.94434848485,0.31007575421085304,sl,0.1,0.7000000000000001,-148.64229999999515,-1.0,-734.7306744500365
2026-02-18,-1,2026-02-18 13:05:00,2026-02-18 13:36:00,7,4946.607,4961.4468209999995,4961.4468209999995,4916.417778131637,4916.417778131637,0.6145474862359004,sl,0.1,0.7000000000000001,-149.09820999999573,-1.0,-883.828884450033
2026-02-18,-1,2026-02-18 13:45:00,2026-02-18 14:32:20,10,4956.075,4970.943224999999,4970.943224999999,4918.387334343436,4918.387334343436,0.765437186975621,sl,0.1,0.7000000000000001,-149.38224999999255,-1.0,-1033.2111344500263
2026-02-18,-1,2026-02-18 14:40:00,2026-02-18 15:01:50,5,4983.831,4998.782493,4998.782493,4920.960592803032,4920.960592803032,1.280012428652454,sl,0.1,0.7000000000000001,-150.21492999999572,-1.0,-1183.4260644500227
2026-02-18,-1,2026-02-18 15:10:00,2026-02-18 23:59:55,94,4998.387,4976.432,5013.3821609999995,4923.296644688647,4923.296644688647,1.5282210425512854,session_end,0.1,0.7000000000000001,218.84999999999928,1.4641389979074038,-964.5760644500242
2026-02-19,-1,2026-02-19 05:05:00,2026-02-19 06:31:25,18,4988.158,5003.122474,5003.122474,4972.534887978142,4972.534887978142,0.3105782537432625,sl,0.1,0.7000000000000001,-150.34473999999426,-1.0,-1114.9208044500192
2026-02-19,-1,2026-02-19 06:40:00,2026-02-19 10:03:15,41,5007.969,4989.827605555557,5022.992907,4978.1674125,4978.1674125,0.599278510101736,tp,0.1,0.7000000000000001,180.71394444442996,1.2075017799593182,-934.20686000559
2026-02-19,1,2026-02-19 14:15:00,2026-02-19 14:43:55,6,4972.933,4988.797607954546,4958.014201,4989.126669590644,4989.126669590644,-0.32378752155374435,tp,0.1,0.7000000000000001,157.94607954546046,1.0633971242957296,-776.2607804601303
2026-02-19,-1,2026-02-19 14:55:00,2026-02-19 15:30:50,8,5005.486,5020.502457999999,5020.502457999999,4988.919250465549,4988.919250465549,0.33448626238825835,sl,0.1,0.7000000000000001,-150.86457999999146,-1.0,-927.1253604601225
2026-02-19,-1,2026-02-19 15:40:00,2026-02-19 16:58:00,16,5015.872,4991.04577914614,5030.919616,4989.822831560284,4989.822831560284,0.5217353264539778,tp,0.1,0.7000000000000001,247.56220853859924,1.6498441250667346,-679.563151921524
2026-02-20,-1,2026-02-20 01:15:00,2026-02-20 01:25:25,3,5013.534,4998.900029411765,5028.574601999999,4997.728611111112,4997.728611111112,0.3186625390878968,tp,0.1,0.7000000000000001,145.63970588234662,0.9729644191260105,-533.9234460391781
2026-02-20,-1,2026-02-20 06:05:00,2026-02-20 06:50:00,10,5014.967,5030.011900999999,5030.011900999999,4998.182066210046,4998.182066210046,0.34169291081675296,sl,0.1,0.7000000000000001,-151.14900999999298,-1.0,-685.0724560391718
2026-02-20,-1,2026-02-20 07:00:00,2026-02-20 09:06:10,26,5020.741,5035.803223,5035.803223,5001.364337301588,5001.364337301588,0.3905166946695562,sl,0.1,0.7000000000000001,-151.32222999999902,-1.0,-836.3946860391716
2026-02-20,-1,2026-02-20 09:15:00,2026-02-20 12:30:05,40,5039.173,5011.78844888889,5054.290518999999,5005.895133633635,5005.895133633635,0.6650032706977754,tp,0.1,0.7000000000000001,273.1455111110943,1.8114447953470694,-563.249174928078
2026-02-20,-1,2026-02-20 13:05:00,2026-02-20 13:50:30,10,5028.352,5043.437056,5043.437056,5012.286935244162,5012.286935244162,0.3227382024379199,sl,0.1,0.7000000000000001,-151.55055999999894,-1.0,-714.7997349280777
2026-02-20,-1,2026-02-20 14:00:00,2026-02-20 14:45:15,10,5043.718,5058.8491539999995,5058.8491539999995,5013.571005952381,5013.571005952381,0.6035118284291875,sl,0.1,0.7000000000000001,-152.01153999999696,-1.0,-866.8112749280754
2026-02-20,-1,2026-02-20 14:55:00,2026-02-20 15:05:55,3,5058.733,5015.926835174953,5073.909199,5015.601859404097,5015.601859404097,0.8606672101567501,tp,0.1,0.7000000000000001,427.36164825046836,2.8206117239928212,-439.44962667760774
2026-02-20,-1,2026-02-20 15:20:00,2026-02-20 15:27:45,2,5035.907,5016.102463963964,5051.014721,5016.034224637681,5016.034224637681,0.39653388457004607,tp,0.1,0.7000000000000001,197.34536036036553,1.3108883885291063,-242.10426631724295
2026-02-20,-1,2026-02-20 15:40:00,2026-02-20 15:47:15,2,5036.549,5051.658646999999,5051.658646999999,5016.254804964539,5016.254804964539,0.40344232544630604,sl,0.1,0.7000000000000001,-151.79646999999312,-1.0,-393.9007363172368
2026-02-20,-1,2026-02-20 15:55:00,2026-02-20 16:30:30,8,5043.452,5058.582356,5058.582356,5016.686196335078,5016.686196335078,0.5365355258733374,sl,0.1,0.7000000000000001,-152.00355999999664,-1.0,-545.9042963172342
2026-02-20,-1,2026-02-20 16:40:00,2026-02-20 19:57:00,40,5064.578,5079.771734,5079.771734,5018.259228333333,5018.259228333333,0.9222375640813211,sl,0.1,0.7000000000000001,-152.63733999999494,-1.0,-698.5416363172299
2026-02-20,-1,2026-02-20 20:05:00,2026-02-20 20:57:15,11,5078.159,5093.393476999999,5093.393476999999,5026.948818118952,5026.948818118952,1.0209111677459333,sl,0.1,0.7000000000000001,-153.0447699999906,-1.0,-851.5864063172212
2026-02-23,-1,2026-02-23 01:45:00,2026-02-23 03:12:25,18,5166.283,5156.232728070176,5181.781849,5148.685928571428,5148.685928571428,0.3410884189132131,tp,0.1,0.7000000000000001,99.80271929824703,0.6484527934832423,-751.7836870189749
2026-02-23,1,2026-02-23 07:05:00,2026-02-23 08:29:45,17,5140.315,5124.894055,5124.894055,5157.679507843138,5157.679507843138,-0.3359845802125859,sl,0.1,0.7000000000000001,-154.90944999999846,-1.0,-906.6931370189741
2026-02-23,1,2026-02-23 08:35:00,2026-02-23 10:01:55,18,5131.223,5152.3464861111115,5115.829331,5154.002784789645,5154.002784789645,-0.4440099422759407,tp,0.1,0.7000000000000001,210.53486111111562,1.3722190668846719,-696.1582759078592
2026-02-23,-1,2026-02-23 14:35:00,2026-02-23 14:43:50,2,5171.941,5187.4568229999995,5187.4568229999995,5152.911456190476,5152.911456190476,0.3647461045918907,sl,0.1,0.7000000000000001,-155.85822999999726,-1.0,-852.0165059078572
2026-02-23,-1,2026-02-23 14:50:00,2026-02-23 16:17:50,18,5194.608,5210.1918239999995,5210.1918239999995,5153.494842696628,5153.494842696628,0.7975103994062583,sl,0.1,0.7000000000000001,-156.53823999999366,-1.0,-1008.5547459078516
2026-02-23,-1,2026-02-23 16:25:00,2026-02-23 20:52:20,54,5215.943,5231.590829,5231.590829,5157.70808714044,5157.70808714044,1.128959062354447,sl,0.1,0.7000000000000001,-157.17828999999546,-1.0,-1165.7330359078478
2026-02-23,-1,2026-02-23 21:00:00,2026-02-23 23:59:55,24,5236.063,5236.238,5251.771188999999,5169.8631706349215,5169.8631706349215,1.2834059079542275,session_end,0.1,0.7000000000000001,-2.450000000001819,-0.01114068591867545,-1168.1830359078504
2026-02-24,1,2026-02-24 01:10:00,2026-02-24 01:12:50,1,5207.615,5191.992155,5191.992155,5226.471738095237,5226.471738095237,-0.36015191583333284,sl,0.1,0.7000000000000001,-156.9284499999987,-1.0,-1325.1114859078498
2026-02-24,1,2026-02-24 01:20:00,2026-02-24 05:57:40,56,5160.629,5185.098340375587,5145.147113,5220.5675624999985,5220.5675624999985,-1.1494930729574033,tp,0.1,0.7000000000000001,243.9934037558731,1.580514079167962,-1081.1180821519774
2026-02-24,1,2026-02-24 06:35:00,2026-02-24 07:29:55,11,5166.666,5182.94811423221,5151.166002,5184.418495780591,5184.418495780591,-0.34215979661032253,tp,0.1,0.7000000000000001,162.12114232210007,1.0504591182663225,-918.9969398298781
2026-02-24,1,2026-02-24 12:20:00,2026-02-24 13:39:40,16,5151.688,5136.232936,5136.232936,5179.232484234235,5179.232484234235,-0.531642175130239,sl,0.1,0.7000000000000001,-155.25063999999765,-1.0,-1074.2475798298765
2026-02-24,1,2026-02-24 13:45:00,2026-02-24 13:48:05,1,5145.773,5130.3356810000005,5130.3356810000005,5176.69295858586,5176.69295858586,-0.5967218614854539,sl,0.1,0.7000000000000001,-155.0731899999966,-1.0,-1229.3207698298738
2026-02-24,1,2026-02-24 13:55:00,2026-02-24 13:59:25,1,5133.146,5117.746561999999,5117.746561999999,5176.150288423155,5176.150288423155,-0.8349793961705255,sl,0.1,0.7000000000000001,-154.69438000000372,-1.0,-1384.0151498298783
2026-02-24,1,2026-02-24 14:05:00,2026-02-24 14:13:35,2,5118.483,5103.1275510000005,5103.1275510000005,5175.469519723867,5175.469519723867,-1.1021612533216252,sl,0.1,0.7000000000000001,-154.2544899999968,-1.0,-1538.2696398298758
2026-02-24,1,2026-02-24 14:20:00,2026-02-24 18:04:20,45,5102.034,5168.053762345683,5086.727897999999,5174.344112403102,5174.344112403102,-1.3967878987765372,tp,0.1,0.7000000000000001,659.4976234568337,4.313296902482511,-878.7720163730428
2026-02-24,1,2026-02-24 19:20:00,2026-02-24 20:26:15,14,5149.351,5166.705372108848,5133.902947,5167.471379310349,5167.471379310349,-0.35194929928720164,tp,0.1,0.7000000000000001,172.84372108848112,1.123401901122946,-705.9282952845624
2026-02-24,1,2026-02-24 21:35:00,2026-02-24 23:03:40,6,5150.132,5134.681603999999,5134.681603999999,5166.483111325614,5166.483111325614,-0.3172876204642787,sl,0.1,0.7000000000000001,-155.2039600000018,-1.0,-861.132255284565
2026-02-25,-1,2026-02-25 01:10:00,2026-02-25 01:19:40,2,5168.688,5184.194063999999,5184.194063999999,5147.470880952381,5147.470880952381,0.4149148104295286,sl,0.1,0.7000000000000001,-155.7606399999924,-1.0,-1016.8928952845581
2026-02-25,-1,2026-02-25 01:25:00,2026-02-25 02:51:10,18,5178.78,5168.99362745098,5194.316339999999,5152.884480392157,5152.884480392157,0.5000698095580544,tp,0.1,0.7000000000000001,97.16372549019688,0.6299020585942318,-919.729169794362
2026-02-25,-1,2026-02-25 03:15:00,2026-02-25 04:10:20,12,5186.082,5173.361706666667,5201.640246,5170.673696581197,5170.673696581197,0.30082740338240627,tp,0.1,0.7000000000000001,126.50293333333757,0.8175917345267638,-793.2262364610251
2026-02-25,-1,2026-02-25 05:20:00,2026-02-25 05:49:50,6,5192.806,5208.384417999999,5208.384417999999,5175.67225,5175.67225,0.32506405327345966,sl,0.1,0.7000000000000001,-156.48417999999145,-1.0,-949.7104164610173
2026-02-25,-1,2026-02-25 05:55:00,2026-02-25 07:54:20,24,5208.038,5181.16429432624,5223.662113999999,5177.972176056338,5177.972176056338,0.5805037748687925,tp,0.1,0.7000000000000001,268.03705673759106,1.7200146948339177,-681.673359723427
2026-02-25,1,2026-02-25 11:15:00,2026-02-25 11:59:05,9,5164.183,5181.446933566435,5148.690451,5182.211635802471,5182.211635802471,-0.3490427846965136,tp,0.1,0.7000000000000001,171.939335664353,1.1143378385594098,-509.7340240590747
2026-02-25,1,2026-02-25 14:40:00,2026-02-25 14:50:15,3,5160.372,5181.833773408242,5144.890884,5181.911193181821,5181.911193181821,-0.41877779013992983,tp,0.1,0.7000000000000001,213.91773408242153,1.3863195268507935,-295.81628997665393
2026-02-25,-1,2026-02-25 15:05:00,2026-02-25 15:26:10,5,5198.615,5182.214426126128,5214.210845,5181.987713627995,5181.987713627995,0.3211467740118224,tp,0.1,0.7000000000000001,163.3057387387151,1.0515989273983994,-132.51055123793958
2026-02-25,-1,2026-02-25 16:25:00,2026-02-25 20:16:35,47,5205.053,5187.23499176955,5220.668158999999,5182.792134517767,5182.792134517767,0.43158909139453283,tp,0.1,0.7000000000000001,177.48008230449778,1.141071200776814,44.969531066557465
2026-02-25,1,2026-02-25 21:00:00,2026-02-25 23:59:55,24,5152.355,5163.293,5136.897935,5187.001996693125,5187.001996693125,-0.6708980778359311,session_end,0.1,0.7000000000000001,108.68000000000102,0.707637575438829,153.64953106655776
2026-02-26,1,2026-02-26 11:55:00,2026-02-26 12:41:55,10,5163.82,5184.894896929822,5148.3285399999995,5185.690229603727,5185.690229603727,-0.4285973249394289,tp,0.1,0.7000000000000001,210.0489692982199,1.3604203173762661,363.6985003647769
2026-02-26,1,2026-02-26 13:45:00,2026-02-26 14:30:35,10,5165.472,5149.975584,5149.975584,5184.262918181816,5184.262918181816,-0.36221963426964776,sl,0.1,0.7000000000000001,-155.66415999999953,-1.0,208.03434036477665
2026-02-26,1,2026-02-26 14:40:00,2026-02-26 15:18:30,8,5166.49,5150.99053,5150.99053,5183.164765151512,5183.164765151512,-0.32131460036704246,sl,0.1,0.7000000000000001,-155.69469999999745,-1.0,52.33964036477846
2026-02-26,1,2026-02-26 15:25:00,2026-02-26 15:27:45,1,5154.974,5139.509078,5139.509078,5182.294665765763,5182.294665765763,-0.530135153202514,sl,0.1,0.7000000000000001,-155.34922000000114,-1.0,-103.00957963522342
2026-02-26,1,2026-02-26 15:35:00,2026-02-26 15:46:05,3,5154.043,5181.7723730158705,5138.580870999999,5181.91630926916,5181.91630926916,-0.5479596267961273,tp,0.1,0.7000000000000001,276.59373015870807,1.793373539689779,173.5841505234839
2026-02-26,-1,2026-02-26 20:25:00,2026-02-26 23:01:50,20,5197.738,5182.498792929294,5213.331214,5181.68769047619,5181.68769047619,0.3116129432788299,tp,0.1,0.7000000000000001,151.69207070706472,0.9772973724792673,325.2762212305479
2026-02-27,-1,2026-02-27 13:10:00,2026-02-27 13:21:00,3,5211.299,5226.932897,5226.932897,5183.662103375527,5183.662103375527,0.5389123763734798,sl,0.1,0.7000000000000001,-157.03896999999705,-1.0,168.2372512305501
2026-02-27,-1,2026-02-27 13:30:00,2026-02-27 16:11:15,33,5234.891,5250.595672999999,5250.595672999999,5184.656981481481,5184.656981481481,0.9712217934257809,sl,0.1,0.7000000000000001,-157.74672999999274,-1.0,10.490521230556624
2026-02-27,-1,2026-02-27 16:20:00,2026-02-27 21:37:35,64,5250.563,5266.314689,5266.314689,5192.303540816328,5192.303540816328,1.1248756688537067,sl,0.1,0.7000000000000001,-158.21688999999714,-1.0,-147.72636876944125
2026-03-02,1,2026-03-02 00:55:00,2026-03-02 01:00:00,2,5346.082,5330.043754,5330.043754,5366.335196969697,5366.335196969697,-0.3808315399536911,sl,0.1,0.7000000000000001,-161.0824600000007,-1.0,-308.8088287694427
2026-03-02,1,2026-03-02 01:10:00,2026-03-02 01:29:35,4,5327.844,5311.860468,5311.860468,5359.70530952381,5359.70530952381,-0.5961859408021902,sl,0.1,0.7000000000000001,-160.53532000000195,-1.0,-469.3441487694454
2026-03-02,1,2026-03-02 01:35:00,2026-03-02 02:41:10,14,5325.977,5342.833708333333,5309.9990689999995,5351.06455263158,5351.06455263158,-0.46245102050602355,tp,0.1,0.7000000000000001,167.8670833333279,1.0549994447549196,-301.4770654361182
2026-03-02,-1,2026-03-02 03:40:00,2026-03-02 04:37:50,12,5363.923,5348.893548484847,5380.014768999999,5345.562166666666,5345.562166666666,0.34316939474998837,tp,0.1,0.7000000000000001,149.59451515152688,0.9339837972539257,-151.88255028459207
2026-03-02,-1,2026-03-02 06:10:00,2026-03-02 07:07:40,12,5376.382,5392.511145999999,5392.511145999999,5350.853954954955,5350.853954954955,0.4804755514068519,sl,0.1,0.7000000000000001,-161.99145999999308,-1.0,-313.8740102845859
2026-03-02,-1,2026-03-02 07:15:00,2026-03-02 14:05:00,83,5405.827,5375.575872781066,5422.044481,5355.774818007664,5355.774818007664,0.9375801578419468,tp,0.1,0.7000000000000001,301.8112721893402,1.8653406912537536,-12.06273809524646
2026-03-02,1,2026-03-02 14:25:00,2026-03-02 14:25:50,1,5348.215,5332.170355,5332.170355,5375.389600192679,5375.389600192679,-0.5042071776845168,sl,0.1,0.7000000000000001,-161.14644999999945,-1.0,-173.20918809524665
2026-03-02,1,2026-03-02 14:35:00,2026-03-02 16:00:20,18,5317.152,5301.200544,5301.200544,5374.826936190477,5374.826936190477,-1.0730101057235675,sl,0.1,0.7000000000000001,-160.2145599999978,-1.0,-333.4237480952452
2026-03-02,1,2026-03-02 16:10:00,2026-03-02 23:59:55,82,5289.766,5345.778,5273.896702,5370.377321305842,5370.377321305842,-1.5090154091097847,session_end,0.1,0.7000000000000001,559.4200000000062,3.5295827200423093,225.99625190476036
2026-03-03,-1,2026-03-03 01:20:00,2026-03-03 01:46:35,6,5371.711,5359.580341269841,5387.826133,5355.124520833333,5355.124520833333,0.3114396145558058,tp,0.1,0.7000000000000001,120.60658730159666,0.7527495261851186,346.6028392063563
2026-03-03,1,2026-03-03 02:00:00,2026-03-03 02:27:15,6,5339.709,5356.8519137931025,5323.689873,5358.517208333334,5358.517208333334,-0.3546449063143791,tp,0.1,0.7000000000000001,170.72913793102708,1.0701528112676282,517.3319771373826
2026-03-03,1,2026-03-03 05:40:00,2026-03-03 05:49:50,2,5338.201,5322.186397,5322.186397,5361.070901960782,5361.070901960782,-0.42628427004057917,sl,0.1,0.7000000000000001,-160.84602999999623,-1.0,356.48594713738566
2026-03-03,1,2026-03-03 05:55:00,2026-03-03 06:12:20,4,5316.932,5300.981204,5300.981204,5359.784701877933,5359.784701877933,-0.7993642330991554,sl,0.1,0.7000000000000001,-160.2079600000008,-1.0,196.27798713738412
2026-03-03,1,2026-03-03 06:20:00,2026-03-03 09:05:00,34,5302.753,5286.844741,5286.844741,5356.3483333333315,5356.3483333333315,-1.0022095276974867,sl,0.1,0.7000000000000001,-159.78258999999815,-1.0,36.495397137385226
2026-03-03,1,2026-03-03 09:15:00,2026-03-03 09:25:10,3,5296.376,5280.486872,5280.486872,5342.674845345345,5342.674845345345,-0.8651910640906106,sl,0.1,0.7000000000000001,-159.591279999998,-1.0,-123.09588286261351
2026-03-03,1,2026-03-03 09:35:00,2026-03-03 10:39:15,13,5266.702,5250.9018940000005,5250.9018940000005,5340.289546376811,5340.289546376811,-1.3833341008060445,sl,0.1,0.7000000000000001,-158.70105999999686,-1.0,-281.7969428626111
2026-03-03,1,2026-03-03 10:45:00,2026-03-03 10:53:05,2,5260.897,5245.114309,5245.114309,5332.71672739018,5332.71672739018,-1.3495415389408898,sl,0.1,0.7000000000000001,-158.5269100000034,-1.0,-440.32385286261524
2026-03-03,1,2026-03-03 11:00:00,2026-03-03 11:07:00,2,5248.696,5232.949912,5232.949912,5330.814696969696,5330.814696969696,-1.5391680565512358,sl,0.1,0.7000000000000001,-158.1608799999987,-1.0,-598.4847328626147
2026-03-03,1,2026-03-03 11:15:00,2026-03-03 11:17:05,1,5199.198,5183.6004060000005,5183.6004060000005,5328.19514691358,5328.19514691358,-2.419968551419716,sl,0.1,0.7000000000000001,-156.67593999999843,-1.0,-755.1606728626139
2026-03-03,1,2026-03-03 11:25:00,2026-03-03 11:27:30,1,5188.261,5172.696217000001,5172.696217000001,5326.2485729927,5326.2485729927,-2.5909994830594134,sl,0.1,0.7000000000000001,-156.34782999999805,-1.0,-911.5085028626127
2026-03-03,1,2026-03-03 11:35:00,2026-03-03 14:41:25,38,5117.47,5102.11759,5102.11759,5323.389348920863,5323.389348920863,-3.867382891364078,sl,0.1,0.7000000000000001,-154.22410000000417,-1.0,-1065.7326028626176
2026-03-03,1,2026-03-03 14:50:00,2026-03-03 14:50:20,1,5057.07,5041.898789999999,5041.898789999999,5287.892335205992,5287.892335205992,-4.368883111856936,sl,0.1,0.7000000000000001,-152.41210000000427,-1.0,-1218.1447028626226
2026-03-03,1,2026-03-03 15:00:00,2026-03-03 15:16:10,4,5038.722,5023.605834,5023.605834,5285.176727777778,5285.176727777778,-4.666811357157489,sl,0.1,0.7000000000000001,-151.86165999999793,-1.0,-1370.0063628626212
2026-03-03,1,2026-03-03 15:25:00,2026-03-03 23:59:55,91,5040.409,5125.146,5025.287773,5278.484381081082,5278.484381081082,-4.510118130392645,session_end,0.1,0.7000000000000001,846.6700000000008,5.603844185395942,-523.3363628626212
2026-03-04,-1,2026-03-04 00:50:00,2026-03-04 01:01:40,3,5139.777,5155.196330999999,5155.196330999999,5123.159166666666,5123.159166666666,0.3248256162253992,sl,0.1,0.7000000000000001,-154.89330999999146,-1.0,-678.2296728626134
2026-03-04,-1,2026-03-04 01:10:00,2026-03-04 01:48:15,8,5152.862,5168.320586,5168.320586,5128.768476190476,5128.768476190476,0.4634255556643649,sl,0.1,0.7000000000000001,-155.2858599999974,-1.0,-833.5155328626115
2026-03-04,-1,2026-03-04 01:55:00,2026-03-04 02:12:40,4,5171.731,5187.246192999999,5187.246192999999,5140.6057898550725,5140.6057898550725,0.6125680791760281,sl,0.1,0.7000000000000001,-155.8519299999927,-1.0,-989.367462862605
2026-03-04,-1,2026-03-04 02:20:00,2026-03-04 03:02:35,9,5183.807,5152.947916666667,5199.358420999999,5147.582845238096,5147.582845238096,0.7051592145910366,tp,0.1,0.7000000000000001,307.8908333333282,1.984325633865509,-681.4766295292775
2026-03-04,-1,2026-03-04 04:00:00,2026-03-04 04:42:15,9,5174.579,5157.093035714285,5190.102736999999,5154.843805555555,5154.843805555555,0.3863297355970686,tp,0.1,0.7000000000000001,174.15964285714546,1.1264017346928177,-507.31698667213277
2026-03-04,1,2026-03-04 06:25:00,2026-03-04 06:38:55,3,5134.752,5156.179871308016,5119.347744000001,5156.574768398268,5156.574768398268,-0.4261407888999406,tp,0.1,0.7000000000000001,213.57871308015712,1.3910357830989035,-293.7382735919764
2026-03-04,-1,2026-03-04 07:10:00,2026-03-04 08:04:55,11,5174.745,5157.655399305555,5190.269235,5156.243426356588,5156.243426356588,0.3586734006559288,tp,0.1,0.7000000000000001,170.19600694444927,1.1008336767927744,-123.54226664752787
2026-03-04,-1,2026-03-04 08:45:00,2026-03-04 10:08:45,17,5175.499,5191.025497,5191.025497,5158.0110428571425,5158.0110428571425,0.3387440817338658,sl,0.1,0.7000000000000001,-155.96496999999835,-1.0,-279.50723664752695
2026-03-04,-1,2026-03-04 10:15:00,2026-03-04 12:39:05,29,5197.894,5166.350561810154,5213.487682,5160.836678861787,5160.836678861787,0.7178065000573288,tp,0.1,0.7000000000000001,314.734381898458,2.022834516559102,35.227145250930334
2026-03-04,-1,2026-03-04 13:10:00,2026-03-04 14:00:00,11,5188.246,5167.787839285714,5203.810737999999,5166.577702531646,5166.577702531646,0.4192871706495267,tp,0.1,0.7000000000000001,203.88160714286352,1.3143915891348446,239.1087523937931
2026-03-04,1,2026-03-04 15:00:00,2026-03-04 15:14:25,3,5147.605,5132.162184999999,5132.162184999999,5167.732124074074,5167.732124074074,-0.3956982208658548,sl,0.1,0.7000000000000001,-155.12815000000336,-1.0,83.98060239378901
2026-03-04,1,2026-03-04 15:20:00,2026-03-04 15:35:15,4,5141.953,5167.062626559715,5126.5271410000005,5167.27316847826,5167.27316847826,-0.48417545700662296,tp,0.1,0.7000000000000001,250.39626559714344,1.627761965133639,334.3768679909317
2026-03-04,1,2026-03-04 15:45:00,2026-03-04 17:23:35,20,5143.912,5128.480264,5128.480264,5166.898621693122,5166.898621693122,-0.445898465984834,sl,0.1,0.7000000000000001,-155.01736000000454,-1.0,179.35950799092643
2026-03-04,1,2026-03-04 17:30:00,2026-03-04 18:11:00,9,5133.701,5118.299897,5118.299897,5164.925985714285,5164.925985714285,-0.6012377679791885,sl,0.1,0.7000000000000001,-154.71103000000147,-1.0,24.64847799092422
2026-03-04,1,2026-03-04 18:20:00,2026-03-04 23:45:35,54,5119.049,5158.296756410254,5103.691853,5163.540853030301,5163.540853030301,-0.861179456035569,tp,0.1,0.7000000000000001,391.77756410253716,2.555667169836588,416.42604209346064
2026-03-05,-1,2026-03-05 03:00:00,2026-03-05 03:58:20,12,5192.013,5178.902726950354,5207.5890389999995,5176.244777777776,5176.244777777776,0.311282076369297,tp,0.1,0.7000000000000001,130.40273049645913,0.8416949296060612,546.828772589919
2026-03-05,1,2026-03-05 05:55:00,2026-03-05 06:08:45,3,5158.085,5142.610745,5142.610745,5177.389406103284,5177.389406103284,-0.3692383285048749,sl,0.1,0.7000000000000001,-155.44255000000084,-1.0,391.38622258991745
2026-03-05,1,2026-03-05 06:15:00,2026-03-05 07:02:30,10,5132.962,5172.735329365077,5117.5631140000005,5175.635788888887,5175.635788888887,-0.8273628716459489,tp,0.1,0.7000000000000001,397.0332936507628,2.5828705638236698,788.4195162406795
2026-03-05,1,2026-03-05 08:10:00,2026-03-05 08:55:15,10,5149.173,5169.748257009344,5133.7254809999995,5171.304738095237,5171.304738095237,-0.42778832839360204,tp,0.1,0.7000000000000001,205.0525700934457,1.3319457324729098,993.4720863341245
2026-03-05,1,2026-03-05 10:05:00,2026-03-05 12:05:05,25,5150.402,5167.852058620689,5134.950794,5169.359844352617,5169.359844352617,-0.36575794531451333,tp,0.1,0.7000000000000001,173.80058620688652,1.1293654761116354,1167.2726725410103
2026-03-05,1,2026-03-05 13:10:00,2026-03-05 13:17:00,2,5149.331,5133.883007,5133.883007,5167.530782700421,5167.530782700421,-0.3476763556119864,sl,0.1,0.7000000000000001,-155.17992999999768,-1.0,1012.0927425410118
2026-03-05,1,2026-03-05 13:25:00,2026-03-05 15:06:40,21,5104.479,5089.1655630000005,5089.1655630000005,5166.885789855071,5166.885789855071,-1.201561102375615,sl,0.1,0.7000000000000001,-153.83436999999793,-1.0,858.2583725410132
2026-03-05,1,2026-03-05 15:15:00,2026-03-05 16:21:25,14,5085.472,5070.215584,5070.215584,5160.219898907103,5160.219898907103,-1.4548875896355329,sl,0.1,0.7000000000000001,-153.2641600000017,-1.0,704.9942125410107
2026-03-05,1,2026-03-05 16:30:00,2026-03-05 23:59:55,77,5064.212,5086.434,5049.019364000001,5154.468313131312,5154.468313131312,-1.753833909522942,session_end,0.1,0.7000000000000001,221.51999999999754,1.4626823153006558,926.5142125410075
2026-03-06,-1,2026-03-06 01:40:00,2026-03-06 01:50:00,3,5108.468,5123.793403999999,5123.793403999999,5085.752933333334,5085.752933333334,0.4477717845357442,sl,0.1,0.7000000000000001,-153.95403999999252,-1.0,772.5601725410143
2026-03-06,-1,2026-03-06 02:00:00,2026-03-06 05:49:25,46,5134.903,5117.140495169084,5150.307709,5092.618472222223,5092.618472222223,0.8331672205411006,tp,0.1,0.7000000000000001,176.92504830916442,1.1530568237879124,949.4852208501779
2026-03-06,1,2026-03-06 08:30:00,2026-03-06 09:53:00,17,5100.901,5085.598297,5085.598297,5116.750918300653,5116.750918300653,-0.3103027400428285,sl,0.1,0.7000000000000001,-153.7270300000029,-1.0,795.7581908501743
2026-03-06,1,2026-03-06 10:00:00,2026-03-06 11:55:55,24,5085.952,5070.694144,5070.694144,5114.2583611111095,5114.2583611111095,-0.5590617268873826,sl,0.1,0.7000000000000001,-153.27856000000173,-1.0,642.4796308501718
2026-03-06,1,2026-03-06 12:05:00,2026-03-06 13:08:05,13,5082.692,5067.443924,5067.443924,5109.444483908046,5109.444483908046,-0.5258689862013135,sl,0.1,0.7000000000000001,-153.18075999999854,-1.0,489.29887085017253
2026-03-06,1,2026-03-06 13:15:00,2026-03-06 13:30:05,4,5073.535,5106.919561728395,5058.314394999999,5107.416286163522,5107.416286163522,-0.666281819551535,tp,0.1,0.7000000000000001,333.14561728395057,2.193379417466921,822.4444881341224
2026-03-06,-1,2026-03-06 13:40:00,2026-03-06 13:51:00,3,5123.963,5107.19545381526,5139.334888999999,5107.053709349593,5107.053709349593,0.33091076797308044,tp,0.1,0.7000000000000001,166.97546184739332,1.0907928221925303,989.419949981515
2026-03-06,1,2026-03-06 14:00:00,2026-03-06 14:24:50,5,5084.988,5106.730955426356,5069.7330360000005,5107.082970238094,5107.082970238094,-0.43217371573394997,tp,0.1,0.7000000000000001,216.72955426355367,1.42530362092993,1206.1495042450679
2026-03-06,1,2026-03-06 14:40:00,2026-03-06 14:55:05,4,5088.986,5106.429608007447,5073.719042,5106.636825757575,5106.636825757575,-0.345262965806465,tp,0.1,0.7000000000000001,173.7360800744744,1.1425726072900217,1379.8855843195415
2026-03-06,-1,2026-03-06 15:05:00,2026-03-06 15:24:00,4,5147.507,5162.949520999999,5162.949520999999,5106.72744290976,5106.72744290976,0.8091886154529959,sl,0.1,0.7000000000000001,-155.12520999999032,-1.0,1224.7603743195505
2026-03-06,-1,2026-03-06 15:30:00,2026-03-06 21:57:30,78,5161.563,5177.047689,5177.047689,5108.0201953405,5108.0201953405,1.0518029021989326,sl,0.1,0.7000000000000001,-155.54688999999888,-1.0,1069.2134843195508
2026-03-09,-1,2026-03-09 01:15:00,2026-03-09 01:23:40,2,5072.591,5087.808773,5087.808773,5048.909966666668,5048.909966666668,0.47246897827097334,sl,0.1,0.7000000000000001,-152.87772999999396,-1.0,916.3357543195561
2026-03-09,-1,2026-03-09 01:30:00,2026-03-09 02:03:10,7,5071.945,5059.566861111111,5087.160834999999,5053.912925925926,5053.912925925926,0.3599502868510623,tp,0.1,0.7000000000000001,123.08138888888315,0.813503753746612,1039.4171432084386
2026-03-09,-1,2026-03-09 02:10:00,2026-03-09 02:57:45,10,5080.41,5095.6512299999995,5095.6512299999995,5060.3227307692305,5060.3227307692305,0.39834947894133554,sl,0.1,0.7000000000000001,-153.1122999999963,-1.0,886.3048432084415
2026-03-09,-1,2026-03-09 03:05:00,2026-03-09 05:33:35,30,5092.302,5107.578905999999,5107.578905999999,5068.414031531531,5068.414031531531,0.4710047032455199,sl,0.1,0.7000000000000001,-153.46905999999143,-1.0,732.8357832084494
2026-03-09,-1,2026-03-09 05:40:00,2026-03-09 05:44:40,1,5105.904,5121.221712,5121.221712,5079.240759803921,5079.240759803921,0.5278099909781436,sl,0.1,0.7000000000000001,-153.87711999999118,-1.0,578.9586632084574
2026-03-09,-1,2026-03-09 05:50:00,2026-03-09 08:32:10,33,5136.752,5089.427385620915,5152.162256,5080.5232380952375,5080.5232380952375,1.109103516784377,tp,0.1,0.7000000000000001,472.5461437908569,3.0709817136774444,1051.5048069993136
2026-03-09,-1,2026-03-09 09:10:00,2026-03-09 09:28:35,4,5109.406,5124.734218,5124.734218,5089.961457575758,5089.961457575758,0.3763298127873341,sl,0.1,0.7000000000000001,-153.9821799999965,-1.0,897.5226269993163
2026-03-09,-1,2026-03-09 09:35:00,2026-03-09 10:31:40,12,5128.522,5092.627097883597,5143.907565999999,5091.264488405797,5091.264488405797,0.7390504201832274,tp,0.1,0.7000000000000001,358.2490211640259,2.3330244799836994,1255.7716481633415
2026-03-09,-1,2026-03-09 12:30:00,2026-03-09 13:00:30,7,5109.375,5093.057957264958,5124.703124999999,5092.63250888889,5092.63250888889,0.3291616090863014,tp,0.1,0.7000000000000001,162.4704273504238,1.0645165494829503,1418.2420755137646
2026-03-09,-1,2026-03-09 13:35:00,2026-03-09 13:40:35,2,5109.396,5093.166658536586,5124.724187999999,5093.11177607362,5093.11177607362,0.32258714610511974,tp,0.1,0.7000000000000001,161.5934146341413,1.0587906061313093,1579.8354901479051
2026-03-09,1,2026-03-09 13:55:00,2026-03-09 14:38:15,9,5074.715,5092.221957142858,5059.490855,5092.915128742516,5092.915128742516,-0.36114147354850823,tp,0.1,0.7000000000000001,174.36957142857574,1.149946820846584,1754.2050615764801
2026-03-09,-1,2026-03-09 14:45:00,2026-03-09 14:53:05,2,5112.397,5092.381198501874,5127.734191,5092.30868455744,5092.30868455744,0.39425762824323557,tp,0.1,0.7000000000000001,199.45801498126167,1.3050500250095771,1953.663076557742
2026-03-09,-1,2026-03-09 18:35:00,2026-03-09 18:53:15,4,5109.78,5125.109339999999,5125.109339999999,5093.621069506727,5093.621069506727,0.31699316209317024,sl,0.1,0.7000000000000001,-153.9933999999932,-1.0,1799.669676557749
2026-03-09,-1,2026-03-09 19:00:00,2026-03-09 19:20:35,5,5123.235,5138.604704999999,5138.604704999999,5094.175847953216,5094.175847953216,0.5688584947146552,sl,0.1,0.7000000000000001,-154.39704999999157,-1.0,1645.2726265577567
2026-03-09,-1,2026-03-09 19:30:00,2026-03-09 23:19:35,34,5139.706,5155.125118,5155.125118,5095.091467236466,5095.091467236466,0.8753529362589538,sl,0.1,0.7000000000000001,-154.89117999999797,-1.0,1490.381446557758
2026-03-10,-1,2026-03-10 01:25:00,2026-03-10 01:54:35,6,5158.769,5174.245306999999,5174.245306999999,5137.547774509803,5137.547774509803,0.4191829727997456,sl,0.1,0.7000000000000001,-155.46306999998995,-1.0,1334.9183765577673
2026-03-10,-1,2026-03-10 02:00:00,2026-03-10 03:46:05,22,5184.183,5158.589870370369,5199.735548999999,5146.228472222221,5146.228472222221,0.7373366336647206,tp,0.1,0.7000000000000001,255.23129629631222,1.6455906764629207,1590.1496728540787
2026-03-10,-1,2026-03-10 06:00:00,2026-03-10 07:22:15,17,5178.274,5163.969882575758,5193.808822,5161.293347222222,5161.293347222222,0.32155027163315875,tp,0.1,0.7000000000000001,142.34117424242578,0.9207776841114063,1732.4908470965038
2026-03-10,-1,2026-03-10 08:00:00,2026-03-10 10:32:30,31,5180.893,5169.230642857144,5196.435678999999,5164.679180555556,5164.679180555556,0.31361714596766405,tp,0.1,0.7000000000000001,115.92357142856308,0.7503440779325681,1848.414418525067
2026-03-10,-1,2026-03-10 11:10:00,2026-03-10 12:03:55,11,5190.67,5170.256939814815,5206.24201,5169.480701492539,5169.480701492539,0.40663269139184655,tp,0.1,0.7000000000000001,203.43060185184805,1.3108815230137267,2051.8450203769153
2026-03-10,-1,2026-03-10 12:50:00,2026-03-10 13:08:45,4,5186.267,5201.825800999999,5201.825800999999,5170.649484848485,5170.649484848485,0.30187726314176816,sl,0.1,0.7000000000000001,-156.2880099999922,-1.0,1895.5570103769232
2026-03-10,-1,2026-03-10 13:15:00,2026-03-10 13:21:10,2,5200.615,5216.216844999999,5216.216844999999,5171.335126834382,5171.335126834382,0.5688931860741112,sl,0.1,0.7000000000000001,-156.7184499999923,-1.0,1738.8385603769311
2026-03-10,-1,2026-03-10 13:30:00,2026-03-10 15:45:25,28,5221.521,5237.185562999999,5237.185562999999,5172.190446502058,5172.190446502058,0.9536395461095039,sl,0.1,0.7000000000000001,-157.3456299999936,-1.0,1581.4929303769368
2026-03-10,-1,2026-03-10 15:55:00,2026-03-10 18:18:35,29,5228.254,5185.0033173515985,5243.938762,5178.594353403143,5178.594353403143,0.9580234173826396,tp,0.1,0.7000000000000001,431.8068264840138,2.7574969035807975,2013.2997568609508
2026-03-10,-1,2026-03-10 18:30:00,2026-03-10 19:00:30,7,5202.765,5185.4157792397655,5218.373294999999,5185.070611111112,5185.070611111112,0.34412046097603377,tp,0.1,0.7000000000000001,172.79220760234858,1.1115384966926798,2186.0919644632995
2026-03-10,-1,2026-03-10 19:20:00,2026-03-10 19:33:20,3,5204.351,5185.775084045583,5219.964052999999,5185.618487068965,5185.618487068965,0.361114358445963,tp,0.1,0.7000000000000001,185.05915954416815,1.1897683274640682,2371.151124007468
2026-03-11,1,2026-03-11 07:40:00,2026-03-11 12:47:10,62,5187.083,5171.521750999999,5171.521750999999,5205.732355072463,5205.732355072463,-0.3580064014298389,sl,0.1,0.7000000000000001,-156.31249000000315,-1.0,2214.838634007465
2026-03-11,1,2026-03-11 12:55:00,2026-03-11 13:49:35,11,5175.821,5160.293537,5160.293537,5198.370560215053,5198.370560215053,-0.43288680470908597,sl,0.1,0.7000000000000001,-155.97463000000351,-1.0,2058.8640040074615
2026-03-11,1,2026-03-11 13:55:00,2026-03-11 14:30:35,8,5168.795,5196.091691570881,5153.288615,5196.555883233533,5196.555883233533,-0.5445411127942098,tp,0.1,0.7000000000000001,272.26691570881195,1.7603517242014664,2331.1309197162736
2026-03-11,1,2026-03-11 15:15:00,2026-03-11 17:41:30,30,5170.594,5155.0822180000005,5155.0822180000005,5195.485696721311,5195.485696721311,-0.47002721490930116,sl,0.1,0.7000000000000001,-155.81781999999583,-1.0,2175.313099716278
2026-03-11,1,2026-03-11 17:50:00,2026-03-11 22:56:20,50,5166.327,5150.8280190000005,5150.8280190000005,5191.936951713396,5191.936951713396,-0.4930231617113325,sl,0.1,0.7000000000000001,-155.6898099999973,-1.0,2019.6232897162809
2026-03-12,-1,2026-03-12 01:45:00,2026-03-12 02:41:50,12,5169.723,5158.453145833335,5185.232168999999,5152.559087301588,5152.559087301588,0.3327552854399357,tp,0.1,0.7000000000000001,111.99854166665027,0.72665751251184,2131.6218313829313
2026-03-12,-1,2026-03-12 07:45:00,2026-03-12 12:21:55,56,5178.769,5165.181110360363,5194.305307,5156.129428315414,5156.129428315414,0.4398468269636868,tp,0.1,0.7000000000000001,135.1788963963707,0.8745894143078916,2266.800727779302
2026-03-12,-1,2026-03-12 12:50:00,2026-03-12 13:22:55,7,5181.431,5166.090533333334,5196.975292999999,5165.475761904764,5165.475761904764,0.308698343196877,tp,0.1,0.7000000000000001,152.70466666665635,0.9868873847570041,2419.5053944459587
2026-03-12,1,2026-03-12 14:35:00,2026-03-12 15:03:40,6,5147.011,5131.569967,5131.569967,5165.418385714286,5165.418385714286,-0.3635694983822537,sl,0.1,0.7000000000000001,-155.1103300000006,-1.0,2264.3950644459583
2026-03-12,1,2026-03-12 15:10:00,2026-03-12 15:11:05,1,5130.693,5115.300921,5115.300921,5164.485644688646,5164.485644688646,-0.6541821783044759,sl,0.1,0.7000000000000001,-154.62079000000193,-1.0,2109.7742744459565
2026-03-12,1,2026-03-12 15:20:00,2026-03-12 17:38:40,28,5126.156,5110.777532,5110.777532,5164.034500000002,5164.034500000002,-0.7362847788875313,sl,0.1,0.7000000000000001,-154.48467999999883,-1.0,1955.2895944459578
2026-03-12,1,2026-03-12 17:45:00,2026-03-12 18:47:10,13,5110.616,5095.284152,5095.284152,5158.9242996870125,5158.9242996870125,-0.9299380432839942,sl,0.1,0.7000000000000001,-154.01847999999808,-1.0,1801.271114445959
2026-03-12,1,2026-03-12 18:55:00,2026-03-12 19:03:25,2,5098.528,5083.232416,5083.232416,5155.539034508079,5155.539034508079,-1.1065096030937436,sl,0.1,0.7000000000000001,-153.65584000000416,-1.0,1647.6152744459541
2026-03-12,1,2026-03-12 19:10:00,2026-03-12 20:20:50,15,5093.172,5077.892484,5077.892484,5154.7055913043505,5154.7055913043505,-1.1966559527358218,sl,0.1,0.7000000000000001,-153.49515999999602,-1.0,1494.1201144459574
2026-03-12,1,2026-03-12 20:30:00,2026-03-12 20:30:40,1,5071.95,5056.73415,5056.73415,5150.412516260166,5150.412516260166,-1.5231210318106283,sl,0.1,0.7000000000000001,-152.8584999999959,-1.0,1341.2616144459607
2026-03-12,1,2026-03-12 20:40:00,2026-03-12 23:59:55,28,5070.248,5098.332,5055.037256,5149.747862903229,5149.747862903229,-1.543072884706842,session_end,0.1,0.7000000000000001,280.14000000000743,1.846326517624699,1621.4016144459674
2026-03-13,1,2026-03-13 06:30:00,2026-03-13 07:18:50,10,5095.578,5080.291266,5080.291266,5110.931927350428,5110.931927350428,-0.30032541165902094,sl,0.1,0.7000000000000001,-153.5673400000025,-1.0,1467.8342744459642
2026-03-13,1,2026-03-13 07:25:00,2026-03-13 08:22:00,12,5077.123,5061.8916309999995,5061.8916309999995,5108.197054307117,5108.197054307117,-0.6099520824249596,sl,0.1,0.7000000000000001,-153.01369000000085,-1.0,1314.8205844459626
2026-03-13,1,2026-03-13 08:30:00,2026-03-13 11:57:40,42,5071.122,5100.383059440557,5055.908634,5104.616990196078,5104.616990196078,-0.6559452013811584,tp,0.1,0.7000000000000001,291.91059440556893,1.923378392431825,1606.7311788515308
2026-03-13,-1,2026-03-13 12:50:00,2026-03-13 13:34:40,9,5121.001,5101.8720946502035,5136.364003,5101.186647186144,5101.186647186144,0.3971203999177329,tp,0.1,0.7000000000000001,190.58905349796697,1.2451280097906212,1797.320232349497
2026-03-13,1,2026-03-13 14:40:00,2026-03-13 14:51:00,3,5083.519,5068.268443,5068.268443,5101.636723484848,5101.636723484848,-0.3549688946193201,sl,0.1,0.7000000000000001,-153.20557000000298,-1.0,1644.1146623494933
2026-03-13,1,2026-03-13 15:00:00,2026-03-13 16:00:25,13,5042.125,5026.998625,5026.998625,5100.87833148148,5100.87833148148,-1.154935045556545,sl,0.1,0.7000000000000001,-151.96374999999824,-1.0,1492.1509123494943
2026-03-13,1,2026-03-13 16:10:00,2026-03-13 19:46:25,44,5037.108,5021.996676,5021.996676,5097.353599656355,5097.353599656355,-1.1736109431448383,sl,0.1,0.7000000000000001,-151.8132400000042,-1.0,1340.3376723494894
2026-03-13,1,2026-03-13 19:55:00,2026-03-13 20:57:55,13,5016.232,5021.194,5001.183304,5087.19033403068,5087.19033403068,-1.3977624063918188,session_end,0.1,0.7000000000000001,48.920000000004435,0.32972956593717473,1389.257672349493
2026-03-16,1,2026-03-16 01:15:00,2026-03-16 01:55:35,9,4986.628,5012.342297101449,4971.668116,5020.244677777778,5020.244677777778,-0.6672817746525896,tp,0.1,0.7000000000000001,256.4429710144912,1.7188834553429249,1645.7006433639835
2026-03-16,-1,2026-03-16 06:20:00,2026-03-16 06:48:15,6,5034.063,5014.319940329217,5049.165188999999,5013.510820175438,5013.510820175438,0.4027852047969625,tp,0.1,0.7000000000000001,196.73059670782715,1.3072978805114719,1842.4312400718109
2026-03-16,1,2026-03-16 07:45:00,2026-03-16 09:45:55,25,4993.117,4978.137649,4978.137649,5013.4028261648755,5013.4028261648755,-0.40569902060781216,sl,0.1,0.7000000000000001,-150.4935099999995,-1.0,1691.9377300718115
2026-03-16,1,2026-03-16 09:55:00,2026-03-16 11:11:55,16,4977.313,5005.8329452736325,4962.381061,5008.334289915966,5008.334289915966,-0.6182852046899845,tp,0.1,0.7000000000000001,284.49945273632403,1.9099961012184883,1976.4371828081357
2026-03-16,-1,2026-03-16 12:30:00,2026-03-16 14:08:40,20,5022.858,5037.926574,5037.926574,5006.299955555558,5006.299955555558,0.3289364319085136,sl,0.1,0.7000000000000001,-151.38573999999898,-1.0,1825.051442808137
2026-03-16,-1,2026-03-16 14:15:00,2026-03-16 14:31:35,4,5028.123,5008.79912068966,5043.207368999999,5008.562841130609,5008.562841130609,0.39715302573503797,tp,0.1,0.7000000000000001,192.5387931033918,1.2810532088110647,2017.590235911529
2026-03-16,1,2026-03-16 15:30:00,2026-03-16 16:31:30,13,4991.965,4976.989105000001,4976.989105000001,5008.236775985667,5008.236775985667,-0.3283645866050546,sl,0.1,0.7000000000000001,-150.4589499999958,-1.0,1867.1312859115333
2026-03-16,1,2026-03-16 16:40:00,2026-03-16 18:27:40,22,4983.846,5005.726058069385,4968.894461999999,5007.003541666671,5007.003541666671,-0.4630921762630199,tp,0.1,0.7000000000000001,218.10058069385087,1.463398485786861,2085.2318666053843
2026-03-17,-1,2026-03-17 01:55:00,2026-03-17 04:44:45,34,5025.742,5040.819226,5040.819226,5008.560297101448,5008.560297101448,0.3366476971098966,sl,0.1,0.7000000000000001,-151.47225999999426,-1.0,1933.7596066053902
2026-03-17,-1,2026-03-17 04:50:00,2026-03-17 05:54:05,13,5039.05,5022.861595238094,5054.167149999999,5020.089413793102,5020.089413793102,0.3780228725559551,tp,0.1,0.7000000000000001,161.18404761905987,1.07086353988066,2094.9436542244503
2026-03-17,1,2026-03-17 10:10:00,2026-03-17 12:21:25,27,5001.979,5017.7168490991,4986.973063,5020.415961748632,5020.415961748632,-0.36985902941326687,tp,0.1,0.7000000000000001,156.6784909909955,1.048774834860339,2251.622145215446
2026-03-17,1,2026-03-17 15:30:00,2026-03-17 15:40:20,3,4995.123,4980.137631,4980.137631,5017.05421684588,5017.05421684588,-0.43955508337606586,sl,0.1,0.7000000000000001,-150.5536899999999,-1.0,2101.068455215446
2026-03-17,1,2026-03-17 15:50:00,2026-03-17 23:59:55,86,4991.2,5002.848,4976.2264,5016.44906140351,5016.44906140351,-0.4999863667805821,session_end,0.1,0.7000000000000001,115.78000000000138,0.7779024416305989,2216.8484552154478
2026-03-18,1,2026-03-18 04:40:00,2026-03-18 05:37:35,12,4983.447,4997.958758706466,4968.496659,4999.9704940476195,4999.9704940476195,-0.332381842400957,tp,0.1,0.7000000000000001,144.41758706466027,0.9706640608710039,2361.266042280108
2026-03-18,1,2026-03-18 10:30:00,2026-03-18 10:35:35,2,4982.815,4967.866555,4967.866555,4997.8270079365075,4997.8270079365075,-0.3017212863222726,sl,0.1,0.7000000000000001,-150.1844499999999,-1.0,2211.0815922801085
2026-03-18,1,2026-03-18 10:45:00,2026-03-18 10:57:35,3,4977.772,4962.838684,4962.838684,4997.353009043927,4997.353009043927,-0.38499399600366646,sl,0.1,0.7000000000000001,-150.03315999999649,-1.0,2061.048432280112
2026-03-18,1,2026-03-18 11:05:00,2026-03-18 11:40:10,8,4958.955,4944.078135,4944.078135,4996.533790726817,4996.533790726817,-0.7552293711462666,sl,0.1,0.7000000000000001,-149.4686500000018,-1.0,1911.5797822801105
2026-03-18,1,2026-03-18 11:50:00,2026-03-18 12:01:05,3,4938.899,4924.082303,4924.082303,4993.925051643191,4993.925051643191,-1.1013691850480156,sl,0.1,0.7000000000000001,-148.86697000000203,-1.0,1762.7128122801078
2026-03-18,1,2026-03-18 12:10:00,2026-03-18 12:18:30,2,4913.791,4899.049627,4899.049627,4992.119958904109,4992.119958904109,-1.5686213382039658,sl,0.1,0.7000000000000001,-148.11372999999838,-1.0,1614.5990822801086
2026-03-18,1,2026-03-18 12:25:00,2026-03-18 12:34:05,2,4899.608,4884.909176,4884.909176,4990.387558165547,4990.387558165547,-1.8214829430795023,sl,0.1,0.7000000000000001,-147.68824000000058,-1.0,1466.9108422801073
2026-03-18,1,2026-03-18 12:40:00,2026-03-18 13:00:15,5,4883.631,4868.980107,4868.980107,4988.446517543858,4988.446517543858,-2.10412233898296,sl,0.1,0.7000000000000001,-147.20892999999995,-1.0,1319.7019122801066
2026-03-18,1,2026-03-18 13:10:00,2026-03-18 13:15:40,2,4861.793,4847.207621,4847.207621,4984.133499999998,4984.133499999998,-2.4528837359592863,sl,0.1,0.7000000000000001,-146.55379000000102,-1.0,1173.1481222801049
2026-03-18,1,2026-03-18 13:25:00,2026-03-18 19:00:30,68,4858.41,4843.8347699999995,4843.8347699999995,4981.715143892337,4981.715143892337,-2.478657256100355,sl,0.1,0.7000000000000001,-146.45230000000373,-1.0,1026.6958222801004
2026-03-18,1,2026-03-18 19:10:00,2026-03-18 19:47:05,8,4857.419,4842.846743,4842.846743,4950.0509478260865,4950.0509478260865,-1.8704746436347195,sl,0.1,0.7000000000000001,-146.42256999999807,-1.0,880.2732522801016
2026-03-18,1,2026-03-18 19:55:00,2026-03-18 20:14:10,4,4843.764,4829.2327080000005,4829.2327080000005,4946.365937935842,4946.365937935842,-2.0732885359193234,sl,0.1,0.7000000000000001,-146.01291999999665,-1.0,734.2603322801042
2026-03-18,1,2026-03-18 20:20:00,2026-03-18 20:31:20,3,4822.529,4808.061413,4808.061413,4944.116639344261,4944.116639344261,-2.458318607960277,sl,0.1,0.7000000000000001,-145.37587000000093,-1.0,588.8844622801025
2026-03-18,1,2026-03-18 20:40:00,2026-03-18 23:59:55,28,4816.21,4836.898,4801.76137,4942.059189516128,4942.059189516128,-2.550165521762337,session_end,0.1,0.7000000000000001,206.18000000000103,1.4318312532053414,795.0644622801028
2026-03-19,-1,2026-03-19 01:40:00,2026-03-19 02:05:05,6,4862.021,4845.376939999999,4876.6070629999995,4842.702583333333,4842.702583333333,0.40192261101589444,tp,0.1,0.7000000000000001,165.74060000000537,1.141093384829123,960.8050622801074
2026-03-19,-1,2026-03-19 03:15:00,2026-03-19 04:00:05,10,4864.537,4850.796229166668,4879.130611,4849.371303418805,4849.371303418805,0.30930187941312387,tp,0.1,0.7000000000000001,136.70770833332136,0.9415607167638474,1097.512770613428
2026-03-19,1,2026-03-19 05:40:00,2026-03-19 06:23:50,9,4833.209,4818.709373,4818.709373,4850.31144117647,4850.31144117647,-0.35311013290965854,sl,0.1,0.7000000000000001,-145.69627000000145,-1.0,951.8165006134259
2026-03-19,1,2026-03-19 06:30:00,2026-03-19 06:35:30,2,4814.187,4799.744439,4799.744439,4847.768709401709,4847.768709401709,-0.6963452966772181,sl,0.1,0.7000000000000001,-145.1256099999984,-1.0,806.6908906134267
2026-03-19,1,2026-03-19 06:45:00,2026-03-19 06:46:55,1,4786.338,4771.978986,4771.978986,4845.979932098765,4845.979932098765,-1.2285117341165168,sl,0.1,0.7000000000000001,-144.2901399999966,-1.0,662.4007506134294
2026-03-19,1,2026-03-19 06:55:00,2026-03-19 07:44:30,10,4754.484,4740.220548,4740.220548,4844.007114457831,4844.007114457831,-1.854799390976692,sl,0.1,0.7000000000000001,-143.33452000000142,-1.0,519.0662306134273
2026-03-19,1,2026-03-19 07:50:00,2026-03-19 07:57:55,2,4750.924,4736.671228,4736.671228,4834.8529219858165,4834.8529219858165,-1.7361111773249085,sl,0.1,0.7000000000000001,-143.22771999999821,-1.0,375.8385106134283
2026-03-19,1,2026-03-19 08:05:00,2026-03-19 08:05:45,1,4737.106,4722.894682,4722.894682,4831.951142611685,4831.951142611685,-1.969341986356516,sl,0.1,0.7000000000000001,-142.81317999999663,-1.0,233.02533061343092
2026-03-19,1,2026-03-19 08:15:00,2026-03-19 08:34:00,4,4714.596,4700.452211999999,4700.452211999999,4829.635590909092,4829.635590909092,-2.384715963371737,sl,0.1,0.7000000000000001,-142.13788000000312,-1.0,90.88745061342706
2026-03-19,1,2026-03-19 08:40:00,2026-03-19 08:40:55,1,4710.676,4696.543972,4696.543972,4824.336333333334,4824.336333333334,-2.3548904032326874,sl,0.1,0.7000000000000001,-142.0202799999999,-1.0,-51.132829386573576
2026-03-19,1,2026-03-19 08:50:00,2026-03-19 09:08:30,4,4711.185,4697.051445,4697.051445,4822.002383647799,4822.002383647799,-2.301572558822382,sl,0.1,0.7000000000000001,-142.0355500000034,-1.0,-193.16837938657773
2026-03-19,1,2026-03-19 09:15:00,2026-03-19 10:20:25,14,4694.945,4680.860165,4680.860165,4816.820307807808,4816.820307807808,-2.529340934938379,sl,0.1,0.7000000000000001,-141.54834999999656,-1.0,-334.716729386575
2026-03-19,1,2026-03-19 10:30:00,2026-03-19 10:53:55,5,4683.705,4669.653885,4669.653885,4803.5606164021165,4803.5606164021165,-2.499294294157111,sl,0.1,0.7000000000000001,-141.21115000000208,-1.0,-475.92787938657784
2026-03-19,1,2026-03-19 11:00:00,2026-03-19 11:42:20,9,4679.051,4665.013847,4665.013847,4798.12930050505,4798.12930050505,-2.4822757588569675,sl,0.1,0.7000000000000001,-141.07153000000216,-1.0,-616.9994093865807
2026-03-19,1,2026-03-19 11:50:00,2026-03-19 12:01:45,3,4661.591,4647.606227,4647.606227,4789.94457511737,4789.94457511737,-2.6822037938554177,sl,0.1,0.7000000000000001,-140.5477300000013,-1.0,-757.5471393865828
2026-03-19,1,2026-03-19 12:10:00,2026-03-19 12:11:50,1,4629.427,4615.538718999999,4615.538718999999,4785.960038812784,4785.960038812784,-3.269804543783936,sl,0.1,0.7000000000000001,-139.5828100000046,-1.0,-897.1299493865881
2026-03-19,1,2026-03-19 12:20:00,2026-03-19 12:25:00,2,4617.047,4603.1958589999995,4603.1958589999995,4783.715853603602,4783.715853603602,-3.4868783746415133,sl,0.1,0.7000000000000001,-139.21141000000097,-1.0,-1036.3413593865898
2026-03-19,1,2026-03-19 12:35:00,2026-03-19 12:42:35,2,4604.335,4590.521995,4590.521995,4780.218539735099,4780.218539735099,-3.6846650058149772,sl,0.1,0.7000000000000001,-138.83004999999974,-1.0,-1175.1714093865903
2026-03-19,1,2026-03-19 12:50:00,2026-03-19 13:01:20,3,4557.608,4543.935176,4543.935176,4776.2965497835485,4776.2965497835485,-4.581605172598949,sl,0.1,0.7000000000000001,-137.42824000000218,-1.0,-1312.5996493865932
2026-03-19,1,2026-03-19 13:10:00,2026-03-19 23:59:55,118,4536.217,4643.815,4522.608348999999,4770.760185654008,4770.760185654008,-4.918706380581537,session_end,0.1,0.7000000000000001,1075.2799999999995,7.906588243022493,-237.3196493865944
2026-03-20,-1,2026-03-20 01:05:00,2026-03-20 01:12:10,2,4669.61,4655.453023809524,4683.618829999999,4654.232756410256,4654.232756410256,0.3233345725784204,tp,0.1,0.7000000000000001,140.8697619047569,1.0105752008180504,-96.44988748183823
2026-03-20,-1,2026-03-20 01:35:00,2026-03-20 01:45:40,3,4676.43,4690.45929,4690.45929,4656.326692982457,4656.326692982457,0.43430816501817,sl,0.1,0.7000000000000001,-140.9928999999949,-1.0,-237.44278748183388
2026-03-20,-1,2026-03-20 01:55:00,2026-03-20 02:49:00,11,4679.791,4693.830373,4693.830373,4660.8466739130445,4660.8466739130445,0.4151568897397406,sl,0.1,0.7000000000000001,-141.09372999999613,-1.0,-378.53651748183074
2026-03-20,-1,2026-03-20 02:55:00,2026-03-20 03:05:40,3,4698.102,4712.196305999999,4712.196305999999,4669.29894761905,4669.29894761905,0.6181346001773569,sl,0.1,0.7000000000000001,-141.6430599999905,-1.0,-520.179577481822
2026-03-20,-1,2026-03-20 03:15:00,2026-03-20 03:18:15,1,4717.611,4731.763832999999,4731.763832999999,4673.296756410259,4673.296756410259,0.9446167425423684,sl,0.1,0.7000000000000001,-142.2283299999919,-1.0,-662.4079074818146
2026-03-20,-1,2026-03-20 03:25:00,2026-03-20 05:54:55,30,4731.816,4694.640995238097,4746.011447999999,4676.061703252035,4676.061703252035,1.1918319364606724,tp,0.1,0.7000000000000001,371.0500476190253,2.6187975724263066,-291.35785986279006
2026-03-20,1,2026-03-20 06:40:00,2026-03-20 07:37:40,12,4668.378,4691.846287545789,4654.372866,4693.948550000002,4693.948550000002,-0.5458954167702191,tp,0.1,0.7000000000000001,233.98287545789282,1.6756917531663234,-57.37498440489799
2026-03-20,-1,2026-03-20 08:00:00,2026-03-20 08:17:05,4,4706.327,4720.445981,4720.445981,4692.127444444446,4692.127444444446,0.30191114208388453,sl,0.1,0.7000000000000001,-141.8898099999962,-1.0,-199.26479440489493
2026-03-20,-1,2026-03-20 08:25:00,2026-03-20 08:45:50,5,4730.558,4694.000503174605,4744.749674,4693.281018151817,4693.281018151817,0.7906298750206743,tp,0.1,0.7000000000000001,364.87496825394993,2.575982003630846,165.61017384905426
2026-03-20,1,2026-03-20 09:35:00,2026-03-20 09:53:35,4,4678.509,4664.473473,4664.473473,4693.758966666667,4693.758966666667,-0.32493075965292983,sl,0.1,0.7000000000000001,-141.05527,-1.0,24.554903849053517
2026-03-20,1,2026-03-20 10:00:00,2026-03-20 10:01:45,1,4667.59,4653.58723,4653.58723,4692.858547222222,4692.858547222222,-0.537008455904531,sl,0.1,0.7000000000000001,-140.72770000000054,-1.0,-116.17279615094776
2026-03-20,1,2026-03-20 10:10:00,2026-03-20 10:56:00,10,4655.417,4641.4507490000005,4641.4507490000005,4692.298133879782,4692.298133879782,-0.7885183938470055,sl,0.1,0.7000000000000001,-140.36250999999828,-1.0,-256.5353061509468
2026-03-20,1,2026-03-20 11:05:00,2026-03-20 12:09:45,13,4654.521,4687.326391954025,4640.5574369999995,4689.2439260651645,4689.2439260651645,-0.7397232179020317,tp,0.1,0.7000000000000001,327.35391954025255,2.349356819174638,70.81861338930503
2026-03-20,1,2026-03-20 12:40:00,2026-03-20 13:31:20,11,4666.03,4652.03191,4652.03191,4687.04948026316,4687.04948026316,-0.4509869236962519,sl,0.1,0.7000000000000001,-140.68090000000046,-1.0,-69.86228661069617
2026-03-20,1,2026-03-20 13:40:00,2026-03-20 13:51:15,3,4654.437,4640.4736889999995,4640.4736889999995,4685.457571138212,4685.457571138212,-0.6619432716510067,sl,0.1,0.7000000000000001,-140.3331100000043,-1.0,-210.1953966107012
2026-03-20,1,2026-03-20 14:00:00,2026-03-20 14:08:40,2,4616.43,4602.58071,4602.58071,4684.407527777777,4684.407527777777,-1.4509845135105386,sl,0.1,0.7000000000000001,-139.1929000000011,-1.0,-349.38829661070304
2026-03-20,1,2026-03-20 14:15:00,2026-03-20 14:16:15,1,4587.572,4573.809284,4573.809284,4683.064683235866,4683.064683235866,-2.039373566155282,sl,0.1,0.7000000000000001,-138.3271600000018,-1.0,-487.7154566107056
2026-03-20,1,2026-03-20 14:25:00,2026-03-20 14:25:30,1,4569.023,4555.315931,4555.315931,4681.788652215799,4681.788652215799,-2.4084631022895806,sl,0.1,0.7000000000000001,-137.77069000000046,-1.0,-625.4861466107068
2026-03-20,1,2026-03-20 14:35:00,2026-03-20 14:47:35,3,4580.741,4566.998777,4566.998777,4680.469263809524,4680.469263809524,-2.1307001112182093,sl,0.1,0.7000000000000001,-138.12223000000193,-1.0,-763.6083766107095
2026-03-20,1,2026-03-20 14:55:00,2026-03-20 15:26:35,7,4554.866,4541.201402,4541.201402,4678.013829608939,4678.013829608939,-2.6323207689027557,sl,0.1,0.7000000000000001,-137.34598000000295,-1.0,-900.9543566107131
2026-03-20,1,2026-03-20 15:35:00,2026-03-20 15:46:50,3,4568.464,4554.758608,4554.758608,4673.212820855616,4673.212820855616,-2.2496583161467765,sl,0.1,0.7000000000000001,-137.75391999999846,-1.0,-1038.7082766107123
2026-03-20,1,2026-03-20 15:55:00,2026-03-20 18:22:45,30,4558.669,4544.992993,4544.992993,4670.801367364747,4670.801367364747,-2.400570235081699,sl,0.1,0.7000000000000001,-137.46007000000026,-1.0,-1176.1683466107133
2026-03-20,1,2026-03-20 18:30:00,2026-03-20 18:38:25,2,4554.752,4541.087744,4541.087744,4657.3884099099105,4657.3884099099105,-2.205676247472291,sl,0.1,0.7000000000000001,-137.34256000000022,-1.0,-1313.5109066107143
2026-03-20,1,2026-03-20 18:45:00,2026-03-20 18:48:35,1,4526.37,4512.79089,4512.79089,4655.847726666667,4655.847726666667,-2.780873307455928,sl,0.1,0.7000000000000001,-136.49109999999672,-1.0,-1450.0020066107118
2026-03-20,1,2026-03-20 18:55:00,2026-03-20 18:55:30,1,4502.876,4489.367372000001,4489.367372000001,4654.582153450808,4654.582153450808,-3.2615098078838125,sl,0.1,0.7000000000000001,-135.78627999999588,-1.0,-1585.7882866107084
2026-03-20,1,2026-03-20 19:05:00,2026-03-20 19:06:40,1,4500.742,4487.239774000001,4487.239774000001,4653.2270298398835,4653.2270298398835,-3.2749429344978203,sl,0.1,0.7000000000000001,-135.72225999999608,-1.0,-1721.5105466107052
2026-03-20,1,2026-03-20 19:15:00,2026-03-20 19:24:15,2,4500.62,4487.11814,4487.11814,4651.880996392496,4651.880996392496,-3.253425797217587,sl,0.1,0.7000000000000001,-135.71860000000305,-1.0,-1857.229146610709
2026-03-20,1,2026-03-20 19:30:00,2026-03-20 20:57:55,18,4498.563,4497.578,4485.067311,4649.878384615384,4649.878384615384,-3.2541471432031734,session_end,0.1,0.7000000000000001,-10.549999999996725,-0.07298626991179552,-1867.7791466107064
2026-03-23,1,2026-03-23 00:35:00,2026-03-23 00:35:15,1,4401.287,4388.083139,4388.083139,4432.912928571429,4432.912928571429,-0.7153857764052399,sl,0.1,0.7000000000000001,-132.7386099999996,-1.0,-2000.5177566107068
2026-03-23,1,2026-03-23 00:45:00,2026-03-23 00:47:15,1,4362.345,4349.257965000001,4349.257965000001,4416.441203703704,4416.441203703704,-1.2276559610537792,sl,0.1,0.7000000000000001,-131.57034999999559,-1.0,-2132.088106610703
2026-03-23,1,2026-03-23 00:55:00,2026-03-23 01:06:10,3,4335.927,4396.45008974359,4322.919218999999,4403.581378787879,4403.581378787879,-1.5357699329379446,tp,0.1,0.7000000000000001,604.5308974359039,4.652837385837694,-1527.5572091748
2026-03-23,-1,2026-03-23 01:20:00,2026-03-23 01:22:55,1,4429.294,4442.5818819999995,4442.5818819999995,4399.069791666668,4399.069791666668,0.6899119534503619,sl,0.1,0.7000000000000001,-133.57881999999626,-1.0,-1661.136029174797
2026-03-23,-1,2026-03-23 01:30:00,2026-03-23 01:31:05,1,4421.92,4435.185759999999,4435.185759999999,4402.408851851852,4402.408851851852,0.4430221909067867,sl,0.1,0.7000000000000001,-133.35759999999317,-1.0,-1794.4936291747908
2026-03-23,-1,2026-03-23 01:40:00,2026-03-23 01:51:55,3,4445.03,4408.1767121212115,4458.365089999999,4406.1642,4406.1642,0.8769827506655387,tp,0.1,0.7000000000000001,367.8328787878825,2.7636324823296587,-1426.660750386909
2026-03-23,1,2026-03-23 02:00:00,2026-03-23 02:01:55,1,4387.596,4407.600930555555,4374.433212,4407.600930555555,4407.600930555555,-0.4498236312210052,tp,0.1,0.7000000000000001,199.34930555555803,1.5198095232982827,-1227.3114448313518
2026-03-23,1,2026-03-23 02:35:00,2026-03-23 02:37:45,1,4388.475,4375.309575,4375.309575,4406.685973118279,4406.685973118279,-0.4068697707904199,sl,0.1,0.7000000000000001,-132.3542500000014,-1.0,-1359.665694831354
2026-03-23,1,2026-03-23 02:45:00,2026-03-23 02:46:10,1,4384.753,4371.598741,4371.598741,4405.033378787877,4405.033378787877,-0.4604704900887431,sl,0.1,0.7000000000000001,-132.2425899999991,-1.0,-1491.9082848313537
2026-03-23,1,2026-03-23 02:55:00,2026-03-23 03:26:05,7,4360.102,4347.021694,4347.021694,4403.061509523808,4403.061509523808,-0.9745494000252772,sl,0.1,0.7000000000000001,-131.50305999999836,-1.0,-1623.4113448313528
2026-03-23,1,2026-03-23 03:35:00,2026-03-23 03:36:45,1,4359.365,4346.286905,4346.286905,4394.758771317829,4394.758771317829,-0.807103942753888,sl,0.1,0.7000000000000001,-131.48094999999847,-1.0,-1754.892294831352
2026-03-23,1,2026-03-23 03:45:00,2026-03-23 05:31:10,22,4342.026,4328.999922,4328.999922,4392.599174074073,4392.599174074073,-1.1455557878139266,sl,0.1,0.7000000000000001,-130.9607799999987,-1.0,-1885.8530748313515
2026-03-23,1,2026-03-23 05:40:00,2026-03-23 05:52:05,3,4326.815,4313.834554999999,4313.834554999999,4382.272401960784,4382.272401960784,-1.2686774545532062,sl,0.1,0.7000000000000001,-130.50445000000144,-1.0,-2016.3575248313537
2026-03-23,1,2026-03-23 06:00:00,2026-03-23 06:02:35,1,4310.587,4297.655239000001,4297.655239000001,4378.655314814814,4378.655314814814,-1.5618451304771523,sl,0.1,0.7000000000000001,-130.01760999999823,-1.0,-2146.3751348313526
2026-03-23,1,2026-03-23 06:10:00,2026-03-23 06:28:05,4,4275.694,4262.866918000001,4262.866918000001,4376.152572072071,4376.152572072071,-2.297750602065041,sl,0.1,0.7000000000000001,-128.9708199999979,-1.0,-2275.3459548313513
2026-03-23,1,2026-03-23 06:35:00,2026-03-23 06:36:25,1,4237.699,4224.985903,4224.985903,4369.407926160337,4369.407926160337,-3.022112569754407,sl,0.1,0.7000000000000001,-127.83096999999835,-1.0,-2403.1769248313503
2026-03-23,1,2026-03-23 06:45:00,2026-03-23 06:47:25,1,4183.266,4170.716202,4170.716202,4365.648430041152,4365.648430041152,-4.181622340107477,sl,0.1,0.7000000000000001,-126.1979800000001,-1.0,-2529.374904831351
2026-03-23,1,2026-03-23 06:55:00,2026-03-23 07:01:10,2,4212.656,4200.018032,4200.018032,4361.7493433734935,4361.7493433734935,-3.4215593704444123,sl,0.1,0.7000000000000001,-127.07968000000001,-1.0,-2656.454584831352
2026-03-23,1,2026-03-23 07:10:00,2026-03-23 07:11:55,1,4158.149,4145.674553000001,4145.674553000001,4355.758507751938,4355.758507751938,-4.540518199068183,sl,0.1,0.7000000000000001,-125.444469999996,-1.0,-2781.8990548313486
2026-03-23,1,2026-03-23 07:20:00,2026-03-23 07:20:25,1,4117.152,4104.800544,4104.800544,4350.775757575758,4350.775757575758,-5.367002819420566,sl,0.1,0.7000000000000001,-124.21456000000326,-1.0,-2906.1136148313526
2026-03-23,1,2026-03-23 07:30:00,2026-03-23 11:05:30,44,4136.227,4313.442294486216,4123.818319,4345.809433333333,4345.809433333333,-4.81942286117883,tp,0.1,0.7000000000000001,1771.452944862164,14.28155776477919,-1134.6606699691893
2026-03-23,-1,2026-03-23 11:15:00,2026-03-23 12:50:10,20,4456.536,4469.905608,4469.905608,4314.791025925926,4314.791025925926,3.287887483348758,sl,0.1,0.7000000000000001,-134.3960799999997,-1.0,-1269.0567499691897
2026-03-23,-1,2026-03-23 13:00:00,2026-03-23 14:18:30,16,4478.427,4491.862280999999,4491.862280999999,4326.759941239317,4326.759941239317,3.505777090032753,sl,0.1,0.7000000000000001,-135.0528099999912,-1.0,-1404.1095599691816
2026-03-23,-1,2026-03-23 14:25:00,2026-03-23 22:06:10,81,4503.666,4363.68250922266,4517.176998,4338.64185549133,4338.64185549133,3.812774827203093,tp,0.1,0.7000000000000001,1399.134907773402,10.360706942399284,-4.974652195780436
2026-03-23,-1,2026-03-23 22:15:00,2026-03-23 22:27:20,3,4397.595,4410.7877849999995,4410.7877849999995,4363.851116993463,4363.851116993463,0.7864471561115561,sl,0.1,0.7000000000000001,-132.62784999999275,-1.0,-137.60250219577392
2026-03-23,-1,2026-03-23 22:35:00,2026-03-23 22:38:25,1,4403.255,4416.464765,4416.464765,4364.471146074645,4364.471146074645,0.8914104967871425,sl,0.1,0.7000000000000001,-132.79764999999605,-1.0,-270.4001521957707
2026-03-23,-1,2026-03-23 22:45:00,2026-03-23 22:52:25,2,4409.224,4422.451671999999,4422.451671999999,4364.819235632182,4364.819235632182,1.0187653134592476,sl,0.1,0.7000000000000001,-132.97671999999073,-1.0,-403.3768721957622
2026-03-23,-1,2026-03-23 23:00:00,2026-03-23 23:15:50,4,4426.628,4439.907883999999,4439.907883999999,4365.454892676767,4365.454892676767,1.4044723592514021,sl,0.1,0.7000000000000001,-133.49883999999582,-1.0,-536.8757121957588
2026-03-24,1,2026-03-24 00:35:00,2026-03-24 00:39:00,1,4371.674,4358.558978,4358.558978,4410.126333333334,4410.126333333334,-0.8806512647899134,sl,0.1,0.7000000000000001,-131.85021999999952,-1.0,-668.725932195759
2026-03-24,1,2026-03-24 00:45:00,2026-03-24 01:14:25,6,4344.614,4331.580158,4331.580158,4396.49337037037,4396.49337037037,-1.1828260840977753,sl,0.1,0.7000000000000001,-131.0384199999982,-1.0,-799.764352195758
2026-03-24,1,2026-03-24 01:20:00,2026-03-24 01:42:00,5,4346.484,4333.444548,4333.444548,4379.54984375,4379.54984375,-0.7551082857795269,sl,0.1,0.7000000000000001,-131.09451999999982,-1.0,-930.8588721957585
2026-03-24,1,2026-03-24 01:50:00,2026-03-24 02:30:35,9,4315.093,4358.741105555556,4302.147721,4370.527643939394,4370.527643939394,-1.2710626374009422,tp,0.1,0.7000000000000001,435.7810555555596,3.371739269239187,-495.07781664019967
2026-03-24,1,2026-03-24 03:40:00,2026-03-24 04:20:15,9,4342.227,4329.200319,4329.200319,4359.0090795454535,4359.0090795454535,-0.37787440321575816,sl,0.1,0.7000000000000001,-130.9668100000028,-1.0,-626.0446266402032
2026-03-24,1,2026-03-24 04:30:00,2026-03-24 05:05:00,8,4339.894,4326.874318,4326.874318,4355.997225308641,4355.997225308641,-0.37017299310834023,sl,0.1,0.7000000000000001,-130.89682000000101,-1.0,-756.941446640205
2026-03-24,1,2026-03-24 05:15:00,2026-03-24 05:31:00,4,4335.678,4322.670966,4322.670966,4353.531481481481,4353.531481481481,-0.42094519264265823,sl,0.1,0.7000000000000001,-130.77034000000202,-1.0,-887.7117866402077
2026-03-24,1,2026-03-24 05:40:00,2026-03-24 05:40:40,1,4338.707,4352.373977941175,4325.690879000001,4352.373977941175,4352.373977941175,-0.32107714116481545,tp,0.1,0.7000000000000001,135.96977941174993,1.0500039098572724,-751.7420072284585
2026-03-24,-1,2026-03-24 06:10:00,2026-03-24 06:22:05,3,4369.143,4382.250429,4382.250429,4352.78469144144,4352.78469144144,0.3762604796594343,sl,0.1,0.7000000000000001,-131.77428999999682,-1.0,-883.5162972284561
2026-03-24,-1,2026-03-24 06:30:00,2026-03-24 06:56:30,6,4386.86,4400.020579999999,4400.020579999999,4354.0254294871775,4354.0254294871775,0.7568185130398661,sl,0.1,0.7000000000000001,-132.30579999999753,-1.0,-1015.8220972284544
2026-03-24,-1,2026-03-24 07:05:00,2026-03-24 07:10:25,2,4408.405,4421.630214999999,4421.630214999999,4356.963556862744,4356.963556862744,1.1788242537938445,sl,0.1,0.7000000000000001,-132.9521499999948,-1.0,-1148.77424722845
2026-03-24,-1,2026-03-24 07:20:00,2026-03-24 10:56:05,44,4422.942,4436.2108259999995,4436.2108259999995,4359.0803390151505,4359.0803390151505,1.45955467751768,sl,0.1,0.7000000000000001,-133.38825999999534,-1.0,-1282.162507228446
2026-03-24,-1,2026-03-24 11:05:00,2026-03-24 11:32:50,6,4409.321,4422.548962999999,4422.548962999999,4377.739370927318,4377.739370927318,0.714298555102379,sl,0.1,0.7000000000000001,-132.97962999999362,-1.0,-1415.1421372284403
2026-03-24,-1,2026-03-24 11:40:00,2026-03-24 12:33:35,11,4424.987,4381.9072633333335,4438.261960999999,4379.692136904761,4379.692136904761,1.0401498934450963,tp,0.1,0.7000000000000001,430.0973666666658,3.245187437211249,-985.0447705617753
2026-03-24,1,2026-03-24 12:40:00,2026-03-24 12:47:25,2,4365.458,4381.805956427015,4352.361626,4381.887338815789,4381.887338815789,-0.38101935364454775,tp,0.1,0.7000000000000001,162.77956427015562,1.248281121707114,-822.2652062916204
2026-03-24,1,2026-03-24 13:30:00,2026-03-24 13:57:10,6,4357.207,4380.874735528942,4344.135379,4381.516146090534,4381.516146090534,-0.5551878682961842,tp,0.1,0.7000000000000001,235.97735528942104,1.8106197792103988,-586.2878510022001
2026-03-24,-1,2026-03-24 14:05:00,2026-03-24 14:26:30,5,4396.218,4409.406653999999,4409.406653999999,4380.915515779093,4380.915515779093,0.34915040396953123,sl,0.1,0.7000000000000001,-132.58653999999586,-1.0,-718.8743910021967
2026-03-24,-1,2026-03-24 14:35:00,2026-03-24 14:52:15,4,4415.333,4428.578998999999,4428.578998999999,4381.618503809524,4381.618503809524,0.7722487971295854,sl,0.1,0.7000000000000001,-133.15998999999755,-1.0,-852.034381002195
2026-03-24,-1,2026-03-24 15:00:00,2026-03-24 15:40:45,9,4415.816,4429.063447999999,4429.063447999999,4382.518272222223,4382.518272222223,0.7600704825101987,sl,0.1,0.7000000000000001,-133.17447999999166,-1.0,-985.2088610021874
2026-03-24,-1,2026-03-24 15:50:00,2026-03-24 17:32:10,21,4429.047,4386.972858730159,4442.334140999999,4384.231938596491,4384.231938596491,1.0250726246453257,tp,0.1,0.7000000000000001,420.04141269840767,3.1665308037177766,-565.1674483037805
2026-03-24,-1,2026-03-24 18:25:00,2026-03-24 18:32:00,2,4406.312,4419.530935999999,4419.530935999999,4387.037255656109,4387.037255656109,0.4414424408847481,sl,0.1,0.7000000000000001,-132.88935999999302,-1.0,-698.0568083037742
2026-03-24,-1,2026-03-24 18:40:00,2026-03-24 18:58:50,4,4419.857,4387.566773127754,4433.116571,4387.397260416667,4387.397260416667,0.7427692923398133,tp,0.1,0.7000000000000001,322.2022687224642,2.43523918475548,-375.85453958131075
2026-03-24,-1,2026-03-24 19:10:00,2026-03-24 20:21:35,15,4404.463,4417.676388999999,4417.676388999999,4387.682363768116,4387.682363768116,0.38239176952348686,sl,0.1,0.7000000000000001,-132.8338899999955,-1.0,-508.688429581307
2026-03-24,-1,2026-03-24 20:30:00,2026-03-24 20:36:45,2,4455.488,4468.854464,4468.854464,4389.08493089431,4389.08493089431,1.516775595684928,sl,0.1,0.7000000000000001,-134.36463999999722,-1.0,-643.053069581305
2026-03-24,-1,2026-03-24 20:45:00,2026-03-24 20:51:55,2,4459.579,4472.957736999999,4472.957736999999,4389.956880187417,4389.956880187417,1.5859750269258015,sl,0.1,0.7000000000000001,-134.4873699999909,-1.0,-777.5404395812966
2026-03-24,-1,2026-03-24 22:00:45,2026-03-24 23:16:20,16,4479.843,4493.282528999999,4493.282528999999,4390.935824074074,4390.935824074074,1.9604175368260548,sl,0.1,0.7000000000000001,-135.0952899999931,-1.0,-912.6357295812904
2026-03-25,-1,2026-03-25 00:40:00,2026-03-25 01:01:45,5,4566.15,4556.2856388888895,4579.8484499999995,4551.068041666667,4551.068041666667,0.3310532427859553,tp,0.1,0.7000000000000001,97.94361111110156,0.7201078305290199,-814.6921184701896
2026-03-25,-1,2026-03-25 01:10:00,2026-03-25 01:39:35,6,4576.608,4590.337823999999,4590.337823999999,4557.864785714286,4557.864785714286,0.404656898632038,sl,0.1,0.7000000000000001,-137.99823999999097,-1.0,-952.6903584701813
2026-03-25,-1,2026-03-25 01:45:00,2026-03-25 01:51:20,2,4585.235,4598.990704999999,4598.990704999999,4564.91969047619,4564.91969047619,0.4480869524711381,sl,0.1,0.7000000000000001,-138.2570499999958,-1.0,-1090.9474084701778
2026-03-25,-1,2026-03-25 02:00:00,2026-03-25 03:03:55,13,4595.104,4575.344490740741,4608.889311999999,4568.766111111111,4568.766111111111,0.5716070434285649,tp,0.1,0.7000000000000001,196.89509259259177,1.433374105661193,-894.0523158775868
2026-03-25,1,2026-03-25 05:30:00,2026-03-25 06:09:35,8,4555.032,4541.366904,4541.366904,4573.779601010101,4573.779601010101,-0.41036303992338485,sl,0.1,0.7000000000000001,-137.3509599999972,-1.0,-1031.4032758775847
2026-03-25,1,2026-03-25 06:15:00,2026-03-25 08:20:45,26,4534.854,4566.222281666667,4521.249438,4571.409826666667,4571.409826666667,-0.8000448013503896,tp,0.1,0.7000000000000001,312.9828166666692,2.3057178663058684,-718.4204592109163
2026-03-25,1,2026-03-25 09:45:00,2026-03-25 09:48:10,1,4550.897,4537.244309,4537.244309,4565.478831908833,4565.478831908833,-0.32150695358049947,sl,0.1,0.7000000000000001,-137.2269100000023,-1.0,-855.6473692109194
2026-03-25,1,2026-03-25 09:55:00,2026-03-25 11:04:30,14,4548.325,4564.193377525252,4534.680025,4565.083190476191,4565.083190476191,-0.3681135649674222,tp,0.1,0.7000000000000001,157.98377525252073,1.1629466177293757,-697.6635939583994
2026-03-25,-1,2026-03-25 11:25:00,2026-03-25 12:16:55,11,4582.243,4565.414360544217,4595.989729,4564.340209245742,4564.340209245742,0.3897888837957092,tp,0.1,0.7000000000000001,167.5863945578356,1.2241922755430885,-530.0771994005645
2026-03-25,1,2026-03-25 12:30:00,2026-03-25 12:31:35,1,4545.461,4531.824617,4531.824617,4565.280854444444,4565.280854444444,-0.4389730902302414,sl,0.1,0.7000000000000001,-137.06383000000022,-1.0,-667.1410294005655
2026-03-25,1,2026-03-25 12:45:00,2026-03-25 13:04:05,4,4547.655,4564.4939925213675,4534.012035,4564.879954248366,4564.879954248366,-0.3795380036717366,tp,0.1,0.7000000000000001,167.689925213678,1.2342619453592232,-499.4511041868882
2026-03-25,1,2026-03-25 13:55:00,2026-03-25 14:00:40,2,4546.763,4533.122711,4533.122711,4564.220477045908,4564.220477045908,-0.3819047991562048,sl,0.1,0.7000000000000001,-137.10288999999938,-1.0,-636.5539941868883
2026-03-25,1,2026-03-25 14:25:00,2026-03-25 14:30:00,2,4548.093,4563.684022030651,4534.448721,4563.719477842004,4563.719477842004,-0.3447402479138328,tp,0.1,0.7000000000000001,155.21022030651403,1.142678336513882,-481.343773880375
2026-03-25,1,2026-03-25 15:10:00,2026-03-25 15:17:15,2,4550.154,4536.503538000001,4536.503538000001,4563.759903846155,4563.759903846155,-0.30044095515628644,sl,0.1,0.7000000000000001,-137.20461999999605,-1.0,-618.5483938803718
2026-03-25,1,2026-03-25 16:20:00,2026-03-25 17:34:15,15,4549.52,4562.594045238096,4535.871440000001,4563.244958333333,4563.244958333333,-0.30268939010404766,tp,0.1,0.7000000000000001,130.04045238096006,0.9579065658279229,-488.5079414994125
2026-03-25,1,2026-03-25 17:55:00,2026-03-25 18:01:05,2,4548.108,4562.441752314816,4534.463676,4562.496564341086,4562.496564341086,-0.31542082581633024,tp,0.1,0.7000000000000001,142.63752314815684,1.05052857985605,-345.8704183512564
2026-03-25,1,2026-03-25 18:50:00,2026-03-25 19:02:40,3,4544.324,4530.691027999999,4530.691027999999,4561.977592182891,4561.977592182891,-0.3896137546433436,sl,0.1,0.7000000000000001,-137.02972000000335,-1.0,-482.90013835126047
2026-03-25,1,2026-03-25 19:10:00,2026-03-25 19:11:50,1,4503.856,4490.344432,4490.344432,4561.455564492755,4561.455564492755,-1.2629973848964007,sl,0.1,0.7000000000000001,-135.81567999999896,-1.0,-618.7158183512602
2026-03-25,1,2026-03-25 19:20:00,2026-03-25 20:40:30,17,4509.955,4496.4251349999995,4496.4251349999995,4560.976252155174,4560.976252155174,-1.1195575098871617,sl,0.1,0.7000000000000001,-135.99865000000426,-1.0,-754.7144683512652
2026-03-25,1,2026-03-25 20:50:00,2026-03-25 23:37:20,22,4506.157,4492.638529,4492.638529,4557.986547333336,4557.986547333336,-1.1380035196392218,sl,0.1,0.7000000000000001,-135.88471000000317,-1.0,-890.5991783512691
2026-03-26,1,2026-03-26 02:40:00,2026-03-26 03:24:00,9,4514.835,4501.290495,4501.290495,4528.9565,4528.9565,-0.3139354506937913,sl,0.1,0.7000000000000001,-136.14504999999843,-1.0,-1026.7442283512682
2026-03-26,1,2026-03-26 03:30:00,2026-03-26 04:48:10,16,4506.773,4522.485266081872,4493.252681,4524.511214285715,4524.511214285715,-0.39475455888631444,tp,0.1,0.7000000000000001,156.4226608187226,1.1621224382259048,-870.3215675325464
2026-03-26,1,2026-03-26 05:25:00,2026-03-26 05:28:45,1,4505.474,4491.9575780000005,4491.9575780000005,4521.593402564102,4521.593402564102,-0.3639845757641217,sl,0.1,0.7000000000000001,-135.86421999999692,-1.0,-1006.185787532544
2026-03-26,1,2026-03-26 05:35:00,2026-03-26 05:45:25,3,4494.005,4480.5229850000005,4480.5229850000005,4520.732813432835,4520.732813432835,-0.5972109953636848,sl,0.1,0.7000000000000001,-135.5201499999959,-1.0,-1141.7059375325407
2026-03-26,1,2026-03-26 05:55:00,2026-03-26 05:57:30,1,4462.718,4449.329846,4449.329846,4518.432556338028,4518.432556338028,-1.235496062892913,sl,0.1,0.7000000000000001,-134.58154000000212,-1.0,-1276.2874775325436
2026-03-26,1,2026-03-26 06:05:00,2026-03-26 06:06:20,1,4442.14,4428.81358,4428.81358,4516.388175799087,4516.388175799087,-1.6391566206770587,sl,0.1,0.7000000000000001,-133.96420000000325,-1.0,-1410.2516775325475
2026-03-26,1,2026-03-26 06:15:00,2026-03-26 14:34:25,100,4421.433,4471.923954022989,4408.168701,4514.11698,4514.11698,-2.055473538038435,tp,0.1,0.7000000000000001,504.20954022989173,3.8065301470501893,-906.0421373026566
2026-03-26,1,2026-03-26 14:55:00,2026-03-26 15:57:25,13,4449.785,4436.435645,4436.435645,4471.730853817506,4471.730853817506,-0.49335155756684257,sl,0.1,0.7000000000000001,-134.19355000000286,-1.0,-1040.2356873026602
2026-03-26,1,2026-03-26 16:05:00,2026-03-26 16:16:35,3,4436.904,4423.593288,4423.593288,4470.086002590675,4470.086002590675,-0.7395943293152472,sl,0.1,0.7000000000000001,-133.8071200000042,-1.0,-1174.042807302665
2026-03-26,1,2026-03-26 16:25:00,2026-03-26 16:25:15,1,4401.206,4388.002382,4388.002382,4469.241418781727,4469.241418781727,-1.525022087535958,sl,0.1,0.7000000000000001,-132.7361800000046,-1.0,-1306.7789873026704
2026-03-26,1,2026-03-26 16:35:00,2026-03-26 16:37:55,1,4393.024,4379.844928,4379.844928,4468.463516750419,4468.463516750419,-1.690491965912998,sl,0.1,0.7000000000000001,-132.49071999999904,-1.0,-1439.2697073026702
2026-03-26,1,2026-03-26 16:45:00,2026-03-26 18:20:45,20,4381.737,4368.591789,4368.591789,4467.581861525706,4467.581861525706,-1.9292396691813845,sl,0.1,0.7000000000000001,-132.15211000000016,-1.0,-1571.4218173026711
2026-03-26,1,2026-03-26 18:30:00,2026-03-26 19:58:00,18,4374.249,4361.126252999999,4361.126252999999,4459.87909009009,4459.87909009009,-1.922240230247118,sl,0.1,0.7000000000000001,-131.92747000000344,-1.0,-1703.3492873026753
2026-03-26,1,2026-03-26 20:05:00,2026-03-26 23:59:55,35,4353.986,4405.01,4340.924042,4453.850829183956,4453.850829183956,-2.2438409595829762,session_end,0.1,0.7000000000000001,509.54000000000343,3.9063056243175365,-1193.8092873026726
2026-03-27,1,2026-03-27 01:00:00,2026-03-27 01:06:00,2,4378.571,4393.03191025641,4365.435287,4393.689222222222,4393.689222222222,-0.3458988893742362,tp,0.1,0.7000000000000001,143.9091025640999,1.1008850647399462,-1049.9001847385734
2026-03-27,-1,2026-03-27 01:35:00,2026-03-27 02:01:20,6,4411.69,4424.925069999999,4424.925069999999,4394.898710526317,4394.898710526317,0.38205179640358117,sl,0.1,0.7000000000000001,-133.05069999999722,-1.0,-1182.9508847385714
2026-03-27,-1,2026-03-27 02:10:00,2026-03-27 04:57:55,34,4435.661,4448.967983,4448.967983,4401.66244871795,4401.66244871795,0.7721185274429548,sl,0.1,0.7000000000000001,-133.7698299999949,-1.0,-1316.720714738567
2026-03-27,-1,2026-03-27 05:05:00,2026-03-27 05:34:15,6,4443.133,4456.462398999999,4456.462398999999,4420.723653005464,4420.723653005464,0.5076509810623095,sl,0.1,0.7000000000000001,-133.99398999999283,-1.0,-1450.7147047385606
2026-03-27,-1,2026-03-27 05:40:00,2026-03-27 08:26:35,34,4473.965,4434.243493399341,4487.386895,4423.659039215687,4423.659039215687,1.1415766978565847,tp,0.1,0.7000000000000001,396.5150660065927,2.959455918904206,-1054.1996387319687
2026-03-27,1,2026-03-27 10:45:00,2026-03-27 12:16:25,19,4416.036,4431.255856009071,4402.787892,4433.309722222222,4433.309722222222,-0.3920146191254698,tp,0.1,0.7000000000000001,151.4985600907101,1.1488324226426345,-902.7010786412593
2026-03-27,-1,2026-03-27 14:05:00,2026-03-27 14:47:35,9,4457.866,4471.239597999999,4471.239597999999,4431.278227810651,4431.278227810651,0.6023605564152675,sl,0.1,0.7000000000000001,-134.43597999999218,-1.0,-1037.1370586412522
2026-03-27,-1,2026-03-27 14:55:00,2026-03-27 14:56:10,1,4489.358,4502.826074,4502.826074,4433.0850921787705,4433.0850921787705,1.2691479331288338,sl,0.1,0.7000000000000001,-135.38073999999432,-1.0,-1172.5177986412473
2026-03-27,-1,2026-03-27 15:05:00,2026-03-27 15:13:45,2,4515.249,4528.794746999999,4528.794746999999,4433.913126151013,4433.913126151013,1.8369636826802649,sl,0.1,0.7000000000000001,-136.1574699999921,-1.0,-1308.67526864124
2026-03-27,-1,2026-03-27 15:20:00,2026-03-27 15:21:35,1,4532.472,4546.069415999999,4546.069415999999,4435.348302536232,4435.348302536232,2.198884750674472,sl,0.1,0.7000000000000001,-136.6741599999961,-1.0,-1445.349428641237
2026-03-27,-1,2026-03-27 15:30:00,2026-03-27 20:57:55,66,4543.785,4495.682,4557.416354999999,4436.526078853047,4436.526078853047,2.417306226557314,session_end,0.1,0.7000000000000001,480.33000000000067,3.528849479747371,-965.019428641237
2026-03-30,-1,2026-03-30 01:10:00,2026-03-30 01:30:35,5,4456.921,4445.229574074074,4470.291763,4442.15219047619,4442.15219047619,0.33115275868639177,tp,0.1,0.7000000000000001,116.21425925926523,0.8744023004466247,-848.8051693819725
2026-03-30,-1,2026-03-30 01:40:00,2026-03-30 02:41:35,13,4467.699,4481.102096999999,4481.102096999999,4447.234633333333,4447.234633333333,0.4597883483233501,sl,0.1,0.7000000000000001,-134.73096999999433,-1.0,-983.5361393819676
2026-03-30,-1,2026-03-30 02:50:00,2026-03-30 03:08:25,4,4491.627,4505.101881,4505.101881,4457.670039215686,4457.670039215686,0.7612824746060435,sl,0.1,0.7000000000000001,-135.44880999999185,-1.0,-1118.9849493819602
2026-03-30,-1,2026-03-30 03:15:00,2026-03-30 05:49:30,31,4504.696,4518.210088,4518.210088,4462.231277777778,4462.231277777778,0.9474009658072889,sl,0.1,0.7000000000000001,-135.840879999999,-1.0,-1254.82582938196
2026-03-30,-1,2026-03-30 05:55:00,2026-03-30 06:35:20,9,4526.613,4540.192838999999,4540.192838999999,4479.912640845071,4479.912640845071,1.0361554538298514,sl,0.1,0.7000000000000001,-136.49838999999082,-1.0,-1391.3242193819515
2026-03-30,-1,2026-03-30 06:45:00,2026-03-30 11:44:50,60,4540.062,4553.682185999999,4553.682185999999,4486.1958456790135,4486.1958456790135,1.2032389172884328,sl,0.1,0.7000000000000001,-136.90185999999193,-1.0,-1528.2260793819441
2026-03-30,-1,2026-03-30 11:50:00,2026-03-30 14:21:30,31,4570.892,4515.306994186046,4584.604675999999,4506.539291079813,4506.539291079813,1.4212726170382552,tp,0.1,0.7000000000000001,555.1500581395401,4.053549125929708,-973.0760212424047
2026-03-30,-1,2026-03-30 14:50:00,2026-03-30 15:36:00,10,4531.837,4545.432511,4545.432511,4515.624138576778,4515.624138576778,0.35446620294369824,sl,0.1,0.7000000000000001,-136.65510999999532,-1.0,-1109.7311312424008
2026-03-30,-1,2026-03-30 15:45:00,2026-03-30 17:31:40,22,4551.685,4519.199830158728,4565.340055,4516.892429453263,4516.892429453263,0.7721253293375206,tp,0.1,0.7000000000000001,324.1516984127218,2.3789849137388264,-785.5794328296797
2026-03-30,1,2026-03-30 19:00:00,2026-03-30 19:56:40,12,4498.958,4518.207188981868,4485.461125999999,4518.969809941518,4518.969809941518,-0.43889007396963176,tp,0.1,0.7000000000000001,191.7918898186843,1.4261960941376406,-593.7875430109962
2026-03-30,1,2026-03-30 20:25:00,2026-03-30 22:01:15,8,4503.287,4517.6422261904745,4489.777139,4517.9896877551,4517.9896877551,-0.3259234476565716,tp,0.1,0.7000000000000001,142.85226190474242,1.0625739369541816,-450.9352811062545
2026-03-31,-1,2026-03-31 00:40:00,2026-03-31 00:45:30,2,4530.077,4543.667230999999,4543.667230999999,4512.3949999999995,4512.3949999999995,0.3942806425412729,sl,0.1,0.7000000000000001,-136.6023099999922,-1.0,-587.5375911062474
2026-03-31,-1,2026-03-31 00:55:00,2026-03-31 01:18:45,5,4542.395,4556.022185,4556.022185,4519.324772727272,4519.324772727272,0.5098488918472482,sl,0.1,0.7000000000000001,-136.9718499999937,-1.0,-724.5094411062419
2026-03-31,-1,2026-03-31 01:25:00,2026-03-31 01:41:05,4,4585.516,4599.272547999999,4599.272547999999,4530.617931372549,4530.617931372549,1.2024533839017977,sl,0.1,0.7000000000000001,-138.26547999999383,-1.0,-862.7749211062364
2026-03-31,-1,2026-03-31 01:50:00,2026-03-31 03:22:50,19,4603.447,4562.313350000001,4617.2573409999995,4544.889863636363,4544.889863636363,1.2881860313506874,tp,0.1,0.7000000000000001,410.63649999998853,2.9784673673155906,-452.13842110624864
2026-03-31,-1,2026-03-31 05:40:00,2026-03-31 06:00:55,5,4577.495,4562.767689814816,4591.227484999999,4562.017024509804,4562.017024509804,0.3388956114616194,tp,0.1,0.7000000000000001,146.57310185184252,1.0724432020267811,-305.56531925440686
2026-03-31,1,2026-03-31 07:20:00,2026-03-31 07:45:50,6,4546.827,4561.651693548386,4533.186519,4562.0394090909085,4562.0394090909085,-0.32954360413787315,tp,0.1,0.7000000000000001,147.54693548385768,1.0868160403130485,-158.01838377054992
2026-03-31,1,2026-03-31 10:40:00,2026-03-31 11:11:15,7,4534.438,4561.275751243781,4520.834686,4562.053289062499,4562.053289062499,-0.6076384317771799,tp,0.1,0.7000000000000001,267.67751243780987,1.9728833167992061,109.65912866725921
2026-03-31,-1,2026-03-31 11:25:00,2026-03-31 11:39:30,3,4575.806,4589.533417999999,4589.533417999999,4561.293465936739,4561.293465936739,0.31879189909291267,sl,0.1,0.7000000000000001,-137.97417999999487,-1.0,-28.315051332736402
2026-03-31,-1,2026-03-31 11:45:00,2026-03-31 13:54:00,26,4591.935,4605.710805,4605.710805,4561.883821513002,4561.883821513002,0.6585805264333474,sl,0.1,0.7000000000000001,-138.45804999999308,-1.0,-166.77310133273022
2026-03-31,-1,2026-03-31 14:00:00,2026-03-31 14:02:50,1,4607.453,4621.275359,4621.275359,4565.174761904762,4565.174761904762,0.9299696136391586,sl,0.1,0.7000000000000001,-138.92358999999777,-1.0,-305.69669133272873
2026-03-31,-1,2026-03-31 14:10:00,2026-03-31 14:29:30,4,4605.506,4619.322518,4619.322518,4565.723917647058,4565.723917647058,0.8710246845901394,sl,0.1,0.7000000000000001,-138.86517999999631,-1.0,-444.5618713327258
2026-03-31,-1,2026-03-31 14:35:00,2026-03-31 16:40:05,26,4620.899,4634.761697,4634.761697,4567.104791428571,4567.104791428571,1.1713046013708044,sl,0.1,0.7000000000000001,-139.3269699999957,-1.0,-583.8888413327222
2026-03-31,-1,2026-03-31 16:50:00,2026-03-31 17:04:15,3,4641.184,4655.1075519999995,4655.1075519999995,4573.696485148515,4573.696485148515,1.4779077507870513,sl,0.1,0.7000000000000001,-139.9355199999929,-1.0,-723.8243613327159
2026-03-31,-1,2026-03-31 17:10:00,2026-03-31 17:23:00,3,4639.168,4653.085503999999,4653.085503999999,4575.031346278318,4575.031346278318,1.4089554550072987,sl,0.1,0.7000000000000001,-139.87503999999097,-1.0,-863.6994013327076
2026-03-31,-1,2026-03-31 17:30:00,2026-03-31 17:42:45,3,4648.688,4662.634064,4662.634064,4576.394734920635,4576.394734920635,1.579775549685381,sl,0.1,0.7000000000000001,-140.1606399999975,-1.0,-1003.8600413327058
2026-03-31,-1,2026-03-31 17:50:00,2026-03-31 19:20:40,19,4662.555,4676.542665,4676.542665,4577.90668224299,4577.90668224299,1.8488541517307673,sl,0.1,0.7000000000000001,-140.5766499999965,-1.0,-1144.436691332703
2026-03-31,-1,2026-03-31 19:30:00,2026-03-31 20:00:50,7,4672.785,4686.803354999999,4686.803354999999,4585.4726638176635,4585.4726638176635,1.9031153946446526,sl,0.1,0.7000000000000001,-140.88354999999245,-1.0,-1285.3202413326962
2026-03-31,-1,2026-03-31 20:10:00,2026-03-31 22:38:20,18,4677.635,4691.667904999999,4691.667904999999,4588.632658402203,4588.632658402203,1.9400951922962644,sl,0.1,0.7000000000000001,-141.02904999999117,-1.0,-1426.3492913326882
2026-03-31,-1,2026-03-31 22:45:00,2026-03-31 23:56:40,15,4684.665,4698.718994999999,4698.718994999999,4594.858339080461,4594.858339080461,1.957691712810039,sl,0.1,0.7000000000000001,-141.23994999999303,-1.0,-1567.589241332682
2026-04-01,1,2026-04-01 01:40:00,2026-04-01 04:15:10,32,4686.728,4672.667816,4672.667816,4704.763933333334,4704.763933333334,-0.38347159579059653,sl,0.1,0.7000000000000001,-141.30183999999934,-1.0,-1708.891081332682
2026-04-01,1,2026-04-01 04:25:00,2026-04-01 05:26:50,13,4672.451,4690.17331025641,4658.433647,4692.948569182389,4692.948569182389,-0.43799902938144253,tp,0.1,0.7000000000000001,176.5231025641031,1.2643121890709377,-1532.3679787685796
2026-04-01,-1,2026-04-01 06:25:00,2026-04-01 06:48:10,5,4708.942,4723.068826,4723.068826,4690.769668831168,4690.769668831168,0.3873528749357649,sl,0.1,0.7000000000000001,-141.9682599999971,-1.0,-1674.3362387685775
2026-04-01,-1,2026-04-01 06:55:00,2026-04-01 07:36:35,9,4726.995,4741.175984999999,4741.175984999999,4692.349680722891,4692.349680722891,0.7437812961912967,sl,0.1,0.7000000000000001,-142.50984999999054,-1.0,-1816.8460887685687
2026-04-01,-1,2026-04-01 07:45:00,2026-04-01 11:20:00,44,4730.525,4744.7165749999995,4744.7165749999995,4695.919399641577,4695.919399641577,0.7459263538700598,sl,0.1,0.7000000000000001,-142.6157499999983,-1.0,-1959.4618387685678
2026-04-01,-1,2026-04-01 11:30:00,2026-04-01 11:42:30,3,4745.119,4759.354356999999,4759.354356999999,4705.938057971013,4705.938057971013,0.8315545497396267,sl,0.1,0.7000000000000001,-143.05356999999566,-1.0,-2102.515408768564
2026-04-01,-1,2026-04-01 11:50:00,2026-04-01 15:06:45,40,4758.558,4772.8336739999995,4772.8336739999995,4707.309873239435,4707.309873239435,1.0880020253546638,sl,0.1,0.7000000000000001,-143.45673999999525,-1.0,-2245.97214876856
2026-04-01,-1,2026-04-01 15:15:00,2026-04-01 15:32:10,4,4764.668,4778.962003999999,4778.962003999999,4715.513170309652,4715.513170309652,1.0505395256290708,sl,0.1,0.7000000000000001,-143.64003999999403,-1.0,-2389.612188768555
2026-04-01,-1,2026-04-01 15:40:00,2026-04-01 23:15:10,77,4781.662,4796.006985999999,4796.006985999999,4717.0666436170195,4717.0666436170195,1.3717816870478305,sl,0.1,0.7000000000000001,-144.14985999999152,-1.0,-2533.762048768547
2026-04-02,1,2026-04-02 01:05:00,2026-04-02 01:05:50,1,4744.051,4729.8188470000005,4729.8188470000005,4786.632628205128,4786.632628205128,-0.8888947932710332,sl,0.1,0.7000000000000001,-143.02152999999925,-1.0,-2676.783578768547
2026-04-02,1,2026-04-02 01:15:00,2026-04-02 01:17:30,1,4750.935,4736.682195,4736.682195,4781.346122222222,4781.346122222222,-0.6316343023538602,sl,0.1,0.7000000000000001,-143.2280500000008,-1.0,-2820.0116287685487
2026-04-02,1,2026-04-02 01:25:00,2026-04-02 01:25:35,1,4714.518,4700.374446,4700.374446,4775.0108529411755,4775.0108529411755,-1.266873621950295,sl,0.1,0.7000000000000001,-142.1355400000022,-1.0,-2962.1471687685516
2026-04-02,1,2026-04-02 01:35:00,2026-04-02 02:34:20,12,4681.664,4667.619008,4667.619008,4765.917043859649,4765.917043859649,-1.770688475754643,sl,0.1,0.7000000000000001,-141.14992000000092,-1.0,-3103.2970887685533
2026-04-02,1,2026-04-02 02:40:00,2026-04-02 05:33:50,35,4659.876,4645.896372,4645.896372,4735.328927083333,4735.328927083333,-1.600299118608604,sl,0.1,0.7000000000000001,-140.49628000000047,-1.0,-3243.7933687685545
2026-04-02,1,2026-04-02 05:40:00,2026-04-02 05:44:00,1,4646.816,4632.8755519999995,4632.8755519999995,4703.469877450978,4703.469877450978,-1.2078822429233411,sl,0.1,0.7000000000000001,-140.10448000000287,-1.0,-3383.897848768558
2026-04-02,1,2026-04-02 05:50:00,2026-04-02 06:02:25,3,4592.083,4578.306750999999,4578.306750999999,4701.1360809523785,4701.1360809523785,-2.319813319045329,sl,0.1,0.7000000000000001,-138.4624900000046,-1.0,-3522.3603387685635
2026-04-02,1,2026-04-02 06:10:00,2026-04-02 06:11:05,1,4568.256,4554.551232000001,4554.551232000001,4695.089896396394,4695.089896396394,-2.7011068838901338,sl,0.1,0.7000000000000001,-137.74767999999602,-1.0,-3660.10801876856
2026-04-02,1,2026-04-02 06:20:00,2026-04-02 13:58:30,92,4590.562,4651.45155788423,4576.790314,4692.0283728070135,4692.0283728070135,-2.1650097726549253,tp,0.1,0.7000000000000001,608.1955788423027,4.421358276991653,-3051.9124399262582
2026-04-02,-1,2026-04-02 14:25:00,2026-04-02 14:36:25,3,4674.87,4688.894609999999,4688.894609999999,4651.451151252407,4651.451151252407,0.504731705959588,sl,0.1,0.7000000000000001,-140.94609999999483,-1.0,-3192.858539926254
2026-04-02,-1,2026-04-02 14:45:00,2026-04-02 15:51:40,14,4693.382,4653.521312280699,4707.462145999999,4652.03940583804,4652.03940583804,0.8888594991277924,tp,0.1,0.7000000000000001,397.90687719300587,2.8309853974030155,-2794.9516627332487
2026-04-02,-1,2026-04-02 18:50:00,2026-04-02 20:57:55,26,4669.0,4675.581,4683.007,4654.0956946902625,4654.0956946902625,0.32863108782199096,session_end,0.1,0.7000000000000001,-66.51000000000131,-0.469836510316293,-2861.4616627332507
2026-04-06,-1,2026-04-06 01:10:00,2026-04-06 01:20:10,3,4637.69,4621.290875,4651.603069999999,4619.2025,4619.2025,0.3999608157468622,tp,0.1,0.7000000000000001,163.29124999999914,1.1786848625070079,-2698.1704127332523
2026-04-06,-1,2026-04-06 01:30:00,2026-04-06 01:41:30,3,4641.098,4623.696483333333,4655.021293999999,4622.715203703704,4622.715203703704,0.40507138058803766,tp,0.1,0.7000000000000001,173.31516666666795,1.2498132027282998,-2524.855246066585
2026-04-06,-1,2026-04-06 02:20:00,2026-04-06 03:03:15,9,4663.196,4632.559435185184,4677.185587999999,4626.0120119047615,4626.0120119047615,0.8039643649763142,tp,0.1,0.7000000000000001,305.6656481481576,2.189954758840428,-2219.1895979184283
2026-04-06,-1,2026-04-06 04:05:00,2026-04-06 05:01:10,12,4647.95,4661.8938499999995,4661.8938499999995,4632.903309523808,4632.903309523808,0.32586888755387355,sl,0.1,0.7000000000000001,-140.13849999999655,-1.0,-2359.3280979184256
2026-04-06,-1,2026-04-06 05:10:00,2026-04-06 07:54:00,33,4670.691,4684.703073,4684.703073,4636.658306451612,4636.658306451612,0.7349300141650285,sl,0.1,0.7000000000000001,-140.82072999999872,-1.0,-2500.148827918425
2026-04-06,-1,2026-04-06 08:00:00,2026-04-06 09:00:15,13,4684.919,4698.973757,4698.973757,4645.398920138888,4645.398920138888,0.8536958944298213,sl,0.1,0.7000000000000001,-141.2475699999988,-1.0,-2641.3963979184246
2026-04-06,-1,2026-04-06 09:10:00,2026-04-06 12:23:20,39,4699.338,4661.6975382882865,4713.436013999999,4651.433387878788,4651.433387878788,1.0322863538438916,tp,0.1,0.7000000000000001,375.70461711713216,2.6699123516060665,-2265.691780801293
2026-04-06,-1,2026-04-06 12:40:00,2026-04-06 13:21:55,9,4676.421,4662.467524999997,4690.450263,4661.901543859647,4661.901543859647,0.3129614815561681,tp,0.1,0.7000000000000001,138.83475000002983,0.9945978630526445,-2126.857030801264
2026-04-06,-1,2026-04-06 13:55:00,2026-04-06 14:10:25,4,4678.87,4663.0097568627425,4692.906609999999,4662.787422155686,4662.787422155686,0.34449517831307036,tp,0.1,0.7000000000000001,157.90243137257386,1.129919769606642,-1968.954599428691
2026-04-06,-1,2026-04-06 14:20:00,2026-04-06 14:35:30,4,4683.09,4697.13927,4697.13927,4663.135701550385,4663.135701550385,0.4279694979277583,sl,0.1,0.7000000000000001,-141.19269999999523,-1.0,-2110.147299428687
2026-04-06,-1,2026-04-06 14:45:00,2026-04-06 15:06:40,5,4684.564,4664.156932780846,4698.617692,4663.790072504706,4663.790072504706,0.4488286816059956,tp,0.1,0.7000000000000001,203.3706721915467,1.4520787291450101,-1906.776627237141
2026-04-06,1,2026-04-06 18:40:00,2026-04-06 22:01:35,29,4649.875,4662.513222222222,4635.925375,4663.683041666665,4663.683041666665,-0.30136142488883233,tp,0.1,0.7000000000000001,125.68222222221884,0.9059901052696188,-1781.0944050149228
2026-04-07,1,2026-04-07 01:15:00,2026-04-07 01:20:10,2,4641.042,4654.983187499999,4627.118874000001,4655.535855555555,4655.535855555555,-0.32123811349682396,tp,0.1,0.7000000000000001,138.71187499998706,1.0012972302340022,-1642.3825300149365
2026-04-07,1,2026-04-07 01:40:00,2026-04-07 01:52:20,3,4639.318,4625.400046,4625.400046,4654.184433333333,4654.184433333333,-0.3193456027845468,sl,0.1,0.7000000000000001,-139.87954000000462,-1.0,-1782.2620700149419
2026-04-07,1,2026-04-07 02:00:00,2026-04-07 02:44:30,9,4626.977,4645.9014687499985,4613.096069,4650.6362222222215,4650.6362222222215,-0.5117089594861998,tp,0.1,0.7000000000000001,188.54468749998597,1.3633429018557197,-1593.7173825149566
2026-04-07,-1,2026-04-07 04:45:00,2026-04-07 05:24:15,8,4662.211,4648.426682291666,4676.197633,4647.163149122806,4647.163149122806,0.325087594138929,tp,0.1,0.7000000000000001,137.1431770833413,0.9855350968553042,-1456.574205431616
2026-04-07,1,2026-04-07 05:30:00,2026-04-07 06:12:00,9,4632.77,4647.196193693692,4618.871690000001,4648.278343434343,4648.278343434343,-0.3329155934949743,tp,0.1,0.7000000000000001,143.56193693691858,1.0379818620891526,-1313.0122684946982
2026-04-07,-1,2026-04-07 08:15:00,2026-04-07 08:21:00,2,4663.799,4677.790397,4677.790397,4647.355274410774,4647.355274410774,0.3499888566468264,sl,0.1,0.7000000000000001,-140.61396999999778,-1.0,-1453.6262384946967
2026-04-07,-1,2026-04-07 08:30:00,2026-04-07 09:13:25,9,4678.602,4692.637806,4692.637806,4648.127150326796,4648.127150326796,0.6553252242908588,sl,0.1,0.7000000000000001,-141.05805999999865,-1.0,-1594.6842984946961
2026-04-07,-1,2026-04-07 09:20:00,2026-04-07 10:48:20,18,4690.115,4654.317489664082,4704.185344999999,4651.374967261904,4651.374967261904,0.8326039721732702,tp,0.1,0.7000000000000001,357.2751033591765,2.544181420990014,-1237.4091951355203
2026-04-07,1,2026-04-07 11:15:00,2026-04-07 11:37:30,5,4635.632,4653.900881294965,4621.725103999999,4654.164169135803,4654.164169135803,-0.391534730481723,tp,0.1,0.7000000000000001,181.9888129496547,1.3136562821038513,-1055.4203821858664
2026-04-07,1,2026-04-07 13:45:00,2026-04-07 14:04:20,4,4639.998,4626.078006,4626.078006,4654.344805050505,4654.344805050505,-0.3080842879312433,sl,0.1,0.7000000000000001,-139.8999399999986,-1.0,-1195.3203221858657
2026-04-07,1,2026-04-07 14:10:00,2026-04-07 14:33:50,5,4612.497,4653.282630268199,4598.659509,4653.8526039215685,4653.8526039215685,-0.8980538809147206,tp,0.1,0.7000000000000001,407.15630268198476,2.9474729391475525,-788.1640195038817
2026-04-07,1,2026-04-07 15:00:00,2026-04-07 15:21:00,5,4633.536,4652.751722826086,4619.635392,4653.094583333333,4653.094583333333,-0.4199588678752793,tp,0.1,0.7000000000000001,191.45722826085768,1.3823656365308536,-596.7067912430248
2026-04-07,-1,2026-04-07 17:10:00,2026-04-07 17:36:25,6,4667.48,4681.482439999999,4681.482439999999,4653.13409223301,4653.13409223301,0.31059512751015006,sl,0.1,0.7000000000000001,-140.72439999999295,-1.0,-737.4311912430185
2026-04-07,-1,2026-04-07 17:45:00,2026-04-07 18:33:40,10,4672.448,4686.465344,4686.465344,4653.579320031299,4653.579320031299,0.4078404742561317,sl,0.1,0.7000000000000001,-140.87343999999865,-1.0,-878.3046312430179
2026-04-07,-1,2026-04-07 18:40:00,2026-04-07 19:20:10,9,4680.183,4694.223548999999,4694.223548999999,4654.8710029761905,4654.8710029761905,0.5427754497956216,sl,0.1,0.7000000000000001,-141.10548999999372,-1.0,-1019.4101212430123
2026-04-07,-1,2026-04-07 19:30:00,2026-04-07 19:45:50,4,4687.43,4701.49229,4701.49229,4655.708908831908,4655.708908831908,0.6811549387878042,sl,0.1,0.7000000000000001,-141.32289999999847,-1.0,-1160.7330212430115
2026-04-07,-1,2026-04-07 19:55:00,2026-04-07 20:31:10,8,4699.687,4713.786061,4713.786061,4656.490830543932,4656.490830543932,0.9301139212381581,sl,0.1,0.7000000000000001,-141.6906099999989,-1.0,-1302.4236312430112
2026-04-07,-1,2026-04-07 20:40:00,2026-04-07 22:01:10,5,4707.947,4722.070841,4722.070841,4658.323412634407,4658.323412634407,1.0681114847166562,sl,0.1,0.7000000000000001,-141.93840999999628,-1.0,-1444.3620412430082
2026-04-07,-1,2026-04-07 22:10:00,2026-04-07 22:32:30,5,4744.697,4758.9310909999995,4758.9310909999995,4659.812473753279,4659.812473753279,1.8245160449180504,sl,0.1,0.7000000000000001,-143.04090999999352,-1.0,-1587.4029512430025
2026-04-07,-1,2026-04-07 22:40:00,2026-04-07 22:54:30,3,4775.223,4789.548669,4789.548669,4661.676784615383,4661.676784615383,2.4357698019594722,sl,0.1,0.7000000000000001,-143.95668999999833,-1.0,-1731.3596412430015
2026-04-07,-1,2026-04-07 23:00:00,2026-04-07 23:58:20,12,4818.31,4832.76493,4832.76493,4663.553148989899,4663.553148989899,3.3185930569617867,sl,0.1,0.7000000000000001,-145.24929999999875,-1.0,-1876.608941243001
2026-04-08,1,2026-04-08 00:35:00,2026-04-08 01:19:40,9,4816.081,4801.632757,4801.632757,4832.968261904761,4832.968261904761,-0.34961458443555826,sl,0.1,0.7000000000000001,-145.1824299999982,-1.0,-2021.791371243
2026-04-08,1,2026-04-08 01:25:00,2026-04-08 02:00:20,8,4801.948,4816.448305555556,4787.542156,4822.090127450981,4822.090127450981,-0.4193539920762438,tp,0.1,0.7000000000000001,144.30305555555316,1.0065571691290998,-1877.4883156874475
2026-04-08,1,2026-04-08 03:15:00,2026-04-08 05:07:20,23,4798.882,4808.776489071039,4784.4853539999995,4813.85097863248,4813.85097863248,-0.30851554604416537,tp,0.1,0.7000000000000001,98.2448907103906,0.6872773749551778,-1779.2434249770577
2026-04-08,-1,2026-04-08 05:50:00,2026-04-08 07:02:00,15,4831.449,4813.178384920635,4845.943346999999,4809.665171428573,4809.665171428573,0.4527410494348262,tp,0.1,0.7000000000000001,182.0061507936469,1.2605338536027113,-1597.2372741834115
2026-04-08,1,2026-04-08 08:45:00,2026-04-08 09:44:40,12,4793.338,4778.957985999999,4778.957985999999,4812.9383730158725,4812.9383730158725,-0.3985480704140671,sl,0.1,0.7000000000000001,-144.500140000003,-1.0,-1741.7374141834152
2026-04-08,1,2026-04-08 09:50:00,2026-04-08 10:16:20,6,4785.518,4771.161446,4771.161446,4811.043183615817,4811.043183615817,-0.5327884751296746,sl,0.1,0.7000000000000001,-144.2655399999996,-1.0,-1886.0029541834156
2026-04-08,1,2026-04-08 10:25:00,2026-04-08 12:13:40,22,4779.086,4806.666630136984,4764.748742000001,4809.487939999997,4809.487939999997,-0.6315940569755808,tp,0.1,0.7000000000000001,275.1063013698393,1.923703272758624,-1610.896652813577
2026-04-08,1,2026-04-08 12:25:00,2026-04-08 13:02:35,8,4770.09,4805.83779273504,4755.77973,4806.386884787469,4806.386884787469,-0.7604544882384336,tp,0.1,0.7000000000000001,356.77792735040094,2.4980515905737786,-1254.1187254631768
2026-04-08,1,2026-04-08 13:30:00,2026-04-08 13:33:30,1,4790.708,4776.335875999999,4776.335875999999,4805.487020576129,4805.487020576129,-0.31300720430050943,sl,0.1,0.7000000000000001,-144.4212400000044,-1.0,-1398.539965463182
2026-04-08,1,2026-04-08 13:40:00,2026-04-08 14:25:50,10,4777.204,4762.872388,4762.872388,4805.199556910567,4805.199556910567,-0.5865116854519719,sl,0.1,0.7000000000000001,-144.0161199999995,-1.0,-1542.5560854631822
2026-04-08,1,2026-04-08 14:35:00,2026-04-08 14:56:30,5,4754.504,4740.2404879999995,4740.2404879999995,4803.4110561904745,4803.4110561904745,-1.020702905017642,sl,0.1,0.7000000000000001,-143.33512000000445,-1.0,-1685.8912054631874
2026-04-08,1,2026-04-08 15:05:00,2026-04-08 17:55:55,35,4746.782,4732.541654000001,4732.541654000001,4801.728288213626,4801.728288213626,-1.14354217726996,sl,0.1,0.7000000000000001,-143.1034599999959,-1.0,-1828.994665463184
2026-04-08,1,2026-04-08 18:05:00,2026-04-08 18:18:45,3,4740.175,4725.9544750000005,4725.9544750000005,4793.527151305682,4793.527151305682,-1.1140366919823628,sl,0.1,0.7000000000000001,-142.90524999999724,-1.0,-1971.899915463182
2026-04-08,1,2026-04-08 18:25:00,2026-04-08 18:43:50,4,4723.781,4709.609657,4709.609657,4792.473898190045,4792.473898190045,-1.4331720870923152,sl,0.1,0.7000000000000001,-142.41342999999978,-1.0,-2114.3133454631825
2026-04-08,1,2026-04-08 18:50:00,2026-04-08 23:59:55,50,4710.473,4715.618,4696.341581,4790.811775811209,4790.811775811209,-1.6780721007891595,session_end,0.1,0.7000000000000001,50.75000000000436,0.3640823331330233,-2063.563345463179
2026-04-09,-1,2026-04-09 02:00:00,2026-04-09 03:01:30,13,4727.275,4717.314611111111,4741.456824999999,4713.029263888889,4713.029263888889,0.3019339646401772,tp,0.1,0.7000000000000001,98.90388888888701,0.7023347762991673,-1964.6594565742926
2026-04-09,-1,2026-04-09 10:25:00,2026-04-09 11:45:15,17,4738.283,4752.497848999999,4752.497848999999,4719.815396000002,4719.815396000002,0.3949752783932536,sl,0.1,0.7000000000000001,-142.84848999999048,-1.0,-2107.507946574284
2026-04-09,-1,2026-04-09 11:55:00,2026-04-09 13:39:00,21,4756.126,4770.394378,4770.394378,4722.865921911423,4722.865921911423,0.7064053614944549,sl,0.1,0.7000000000000001,-143.38377999999756,-1.0,-2250.891726574282
2026-04-09,-1,2026-04-09 13:45:00,2026-04-09 15:32:45,22,4775.738,4790.065214,4790.065214,4726.359550505051,4726.359550505051,1.0446507289034652,sl,0.1,0.7000000000000001,-143.97213999999911,-1.0,-2394.863866574282
2026-04-09,-1,2026-04-09 15:40:00,2026-04-09 23:59:55,88,4791.293,4763.786,4805.666878999999,4731.614095744681,4731.614095744681,1.2640592204911298,session_end,0.1,0.7000000000000001,274.3699999999961,1.9136796685153719,-2120.4938665742866
2026-04-10,1,2026-04-10 02:35:00,2026-04-10 03:08:40,7,4744.222,4757.086608108108,4729.989334,4758.423553763441,4758.423553763441,-0.3000164571762496,tp,0.1,0.7000000000000001,127.94608108107859,0.9038790138198962,-1992.5477854932087
2026-04-10,1,2026-04-10 06:50:00,2026-04-10 09:19:35,30,4744.113,4756.609439939937,4729.880661,4759.618865853656,4759.618865853656,-0.3282062344471881,tp,0.1,0.7000000000000001,124.26439939936863,0.8780313580175924,-1868.2833860938408
2026-04-10,-1,2026-04-10 12:35:00,2026-04-10 14:31:45,24,4780.834,4795.176501999999,4795.176501999999,4756.898850993373,4756.898850993373,0.5016850211486644,sl,0.1,0.7000000000000001,-144.12501999999512,-1.0,-2012.4084060938367
2026-04-10,-1,2026-04-10 14:40:00,2026-04-10 15:36:40,12,4787.127,4760.778929590016,4801.488381,4759.655054924239,4759.655054924239,0.5764796977750193,tp,0.1,0.7000000000000001,262.7807040998476,1.8346474068186958,-1749.6277019939898
2026-04-13,-1,2026-04-13 01:00:00,2026-04-13 01:10:05,3,4695.4,4709.486199999999,4709.486199999999,4677.666,4677.666,0.3877254169066285,sl,0.1,0.7000000000000001,-141.56199999999734,-1.0,-1891.189701993988
2026-04-13,-1,2026-04-13 01:20:00,2026-04-13 05:59:10,56,4716.584,4730.733751999999,4730.733751999999,4685.567604166667,4685.567604166667,0.6616678800187142,sl,0.1,0.7000000000000001,-142.19751999999352,-1.0,-2033.3872219939822
2026-04-13,-1,2026-04-13 06:05:00,2026-04-13 07:51:25,22,4726.068,4740.246204,4740.246204,4711.531294520546,4711.531294520546,0.31107095683517993,sl,0.1,0.7000000000000001,-142.48203999999822,-1.0,-2175.869261993981
2026-04-13,-1,2026-04-13 08:00:00,2026-04-13 09:10:15,15,4733.907,4717.616563636362,4748.108721,4715.856888888887,4715.856888888887,0.38348515523706117,tp,0.1,0.7000000000000001,162.20436363638038,1.1470748061899445,-2013.6648983576015
2026-04-13,-1,2026-04-13 13:15:00,2026-04-13 14:18:50,13,4734.23,4718.297028265106,4748.432689999999,4717.4036069182375,4717.4036069182375,0.35650740286665517,tp,0.1,0.7000000000000001,158.62971734893728,1.1218277477643082,-1855.035181008665
2026-04-13,-1,2026-04-13 16:35:00,2026-04-13 17:22:30,10,4733.949,4748.150846999999,4748.150846999999,4717.920211892796,4717.920211892796,0.3425087195512533,sl,0.1,0.7000000000000001,-142.7184699999936,-1.0,-1997.7536510086593
2026-04-13,-1,2026-04-13 17:30:00,2026-04-13 22:56:55,54,4742.981,4757.209942999999,4757.209942999999,4718.953574603173,4718.953574603173,0.5114677441779307,sl,0.1,0.7000000000000001,-142.98942999999161,-1.0,-2140.7430810086516
2026-04-14,-1,2026-04-14 07:05:00,2026-04-14 07:25:20,5,4786.675,4769.695911985018,4801.035024999999,4768.893766666666,4768.893766666666,0.37473540421984225,tp,0.1,0.7000000000000001,169.09088014982154,1.1823856863050926,-1971.6522008588308
2026-04-14,-1,2026-04-14 08:30:00,2026-04-14 09:33:05,13,4785.922,4772.251122807018,4800.279765999999,4770.712986928104,4770.712986928104,0.3199210079020867,tp,0.1,0.7000000000000001,136.00877192981608,0.9521590749551423,-1835.6434289290155
2026-04-14,-1,2026-04-14 13:20:00,2026-04-14 13:38:25,4,4787.499,4801.861496999999,4801.861496999999,4773.156266666666,4773.156266666666,0.30028837382571916,sl,0.1,0.7000000000000001,-144.32496999999165,-1.0,-1979.968398929008
2026-04-14,-1,2026-04-14 13:45:00,2026-04-14 14:27:00,9,4792.974,4807.352922,4807.352922,4773.67022121212,4773.67022121212,0.40673691076526336,sl,0.1,0.7000000000000001,-144.48921999999874,-1.0,-2124.4576189290074
2026-04-14,-1,2026-04-14 14:35:00,2026-04-14 17:07:00,31,4813.724,4828.165172,4828.165172,4775.156191428571,4775.156191428571,0.8012786815247965,sl,0.1,0.7000000000000001,-145.11171999999823,-1.0,-2269.5693389290063
2026-04-14,-1,2026-04-14 17:15:00,2026-04-14 17:40:00,6,4827.356,4841.838067999999,4841.838067999999,4780.425479066021,4780.425479066021,0.981398437009955,sl,0.1,0.7000000000000001,-145.52067999999343,-1.0,-2415.0900189290005
2026-04-14,-1,2026-04-14 17:50:00,2026-04-14 23:59:55,62,4837.887,4837.137,4852.400660999999,4782.126330218066,4782.126330218066,1.167057620984866,session_end,0.1,0.7000000000000001,6.8,0.05167545252710872,-2408.2900189290012
2026-04-15,-1,2026-04-15 01:15:00,2026-04-15 01:16:15,1,4850.008,4864.558023999999,4864.558023999999,4834.090433333334,4834.090433333334,0.33193559135802625,sl,0.1,0.7000000000000001,-146.2002399999921,-1.0,-2554.490258928994
2026-04-15,1,2026-04-15 03:05:00,2026-04-15 09:11:00,74,4817.415,4802.962755,4802.962755,4837.686842342344,4837.686842342344,-0.4121875390489258,sl,0.1,0.7000000000000001,-145.22245000000402,-1.0,-2699.712708928999
2026-04-15,1,2026-04-15 09:20:00,2026-04-15 09:47:10,6,4806.278,4791.859166,4791.859166,4824.4974999999995,4824.4974999999995,-0.3774279082950903,sl,0.1,0.7000000000000001,-144.8883400000006,-1.0,-2844.601048929
2026-04-15,1,2026-04-15 09:55:00,2026-04-15 13:21:15,42,4798.511,4818.595077083332,4784.1154670000005,4822.972956582632,4822.972956582632,-0.5099024357801473,tp,0.1,0.7000000000000001,200.14077083331978,1.3951603656031448,-2644.460278095681
2026-04-15,1,2026-04-15 15:30:00,2026-04-15 23:14:30,81,4798.785,4812.914309523806,4784.388645,4818.584267025089,4818.584267025089,-0.4135398681611454,tp,0.1,0.7000000000000001,140.59309523806115,0.9814504799170521,-2503.8671828576207
2026-04-16,1,2026-04-16 01:40:00,2026-04-16 03:07:15,18,4813.335,4824.294472972974,4798.894995,4828.36515,4828.36515,-0.31274871578427155,tp,0.1,0.7000000000000001,108.89472972974254,0.7589660095667532,-2394.972453127879
2026-04-16,1,2026-04-16 08:35:00,2026-04-16 11:56:35,41,4808.159,4821.537094405594,4793.734523,4824.651865695793,4824.651865695793,-0.3399077519436257,tp,0.1,0.7000000000000001,133.08094405594312,0.9274578485996207,-2261.8915090719365
2026-04-16,1,2026-04-16 13:55:00,2026-04-16 14:40:50,10,4794.78,4780.39566,4780.39566,4820.858543912176,4820.858543912176,-0.541896089134691,sl,0.1,0.7000000000000001,-144.5433999999961,-1.0,-2406.4349090719334
2026-04-16,1,2026-04-16 14:50:00,2026-04-16 23:59:55,98,4790.88,4791.743,4776.5073600000005,4819.205689138577,4819.205689138577,-0.58746588057829,session_end,0.1,0.7000000000000001,7.9300000000028374,0.060044640372284304,-2398.5049090719313
2026-04-17,1,2026-04-17 01:25:00,2026-04-17 01:53:30,6,4774.739,4786.749378787878,4760.414782999999,4790.323774509804,4790.323774509804,-0.32831339279177957,tp,0.1,0.7000000000000001,119.40378787878835,0.8384666881183501,-2279.1011211931436
2026-04-17,-1,2026-04-17 11:50:00,2026-04-17 12:30:40,9,4805.88,4820.29764,4820.29764,4791.216274647884,4791.216274647884,0.3078179841338841,sl,0.1,0.7000000000000001,-144.87639999999664,-1.0,-2423.977521193141
2026-04-17,-1,2026-04-17 12:40:00,2026-04-17 12:48:10,2,4822.998,4837.466993999999,4837.466993999999,4792.341929824559,4792.341929824559,0.63179069062274,sl,0.1,0.7000000000000001,-145.38993999999838,-1.0,-2569.36746119314
2026-04-17,-1,2026-04-17 12:55:00,2026-04-17 13:07:55,3,4843.507,4858.037520999999,4858.037520999999,4793.12022473118,4793.12022473118,1.0433761917921387,sl,0.1,0.7000000000000001,-146.0052099999968,-1.0,-2715.3726711931376
2026-04-17,-1,2026-04-17 13:15:00,2026-04-17 20:57:55,93,4883.362,4833.259,4898.012086,4794.683537735847,4794.683537735847,1.8443545140814885,session_end,0.1,0.7000000000000001,500.33000000000067,3.4199799236674293,-2215.0426711931377
2026-04-20,-1,2026-04-20 01:05:00,2026-04-20 01:28:00,5,4787.902,4802.265705999999,4802.265705999999,4762.2986794871795,4762.2986794871795,0.5324491851391353,sl,0.1,0.7000000000000001,-144.33705999999182,-1.0,-2359.3797311931303
2026-04-20,-1,2026-04-20 01:35:00,2026-04-20 04:32:55,36,4807.912,4789.102765432099,4822.335736,4772.838412280701,4772.838412280701,0.7298819844741529,tp,0.1,0.7000000000000001,187.39234567901514,1.3040473402939334,-2171.987385514116
2026-04-20,-1,2026-04-20 11:55:00,2026-04-20 12:21:05,6,4806.571,4820.990712999999,4820.990712999999,4791.0673787878795,4791.0673787878795,0.31878326904233084,sl,0.1,0.7000000000000001,-144.89712999999318,-1.0,-2316.88451551411
2026-04-20,-1,2026-04-20 13:10:00,2026-04-20 13:29:50,4,4811.206,4825.639617999999,4825.639617999999,4792.658310126583,4792.658310126583,0.38987110418316395,sl,0.1,0.7000000000000001,-145.03617999999113,-1.0,-2461.9206955141017
2026-04-20,-1,2026-04-20 13:35:00,2026-04-20 14:51:15,16,4821.654,4795.517820224719,4836.118962,4793.436297546013,4793.436297546013,0.5913336632532009,tp,0.1,0.7000000000000001,260.66179775281563,1.8068612814387746,-2201.258897761287
2026-04-20,-1,2026-04-20 18:10:00,2026-04-20 22:00:30,35,4813.852,4828.293556,4828.293556,4797.031021406728,4797.031021406728,0.35285322354052906,sl,0.1,0.7000000000000001,-145.11555999999763,-1.0,-2346.374457761285
2026-04-20,-1,2026-04-20 22:10:00,2026-04-20 23:59:55,22,4829.573,4821.744,4844.061718999999,4799.724215223096,4799.724215223096,0.6247084922463894,session_end,0.1,0.7000000000000001,77.59000000000633,0.5403514278937395,-2268.7844577612796
2026-04-21,1,2026-04-21 03:20:00,2026-04-21 05:52:40,31,4797.962,4783.568114000001,4783.568114000001,4814.0775250000015,4814.0775250000015,-0.33611891200280736,sl,0.1,0.7000000000000001,-144.63885999999837,-1.0,-2413.4233177612787
2026-04-21,1,2026-04-21 06:00:00,2026-04-21 11:42:30,69,4784.409,4794.716240476191,4770.055773,4804.632666666668,4804.632666666668,-0.4205975371825472,tp,0.1,0.7000000000000001,102.37240476191509,0.7181131097690988,-2311.0509129993643
2026-04-21,1,2026-04-21 12:45:00,2026-04-21 13:14:55,6,4779.085,4764.747745,4764.747745,4794.212735294117,4794.212735294117,-0.315280863171581,sl,0.1,0.7000000000000001,-144.07255000000367,-1.0,-2455.1234629993687
2026-04-21,1,2026-04-21 13:20:00,2026-04-21 13:47:05,6,4768.498,4792.899990909091,4754.192505999999,4793.37181875,4793.37181875,-0.5157396439245325,tp,0.1,0.7000000000000001,243.31990909091184,1.7057775781172515,-2211.8035539084576
2026-04-21,1,2026-04-21 14:20:00,2026-04-21 14:34:05,3,4777.834,4763.500497999999,4763.500497999999,4792.479614341085,4792.479614341085,-0.3088404235835218,sl,0.1,0.7000000000000001,-144.03502000000407,-1.0,-2355.8385739084624
2026-04-21,1,2026-04-21 14:40:00,2026-04-21 14:44:50,1,4761.569,4747.284293000001,4747.284293000001,4791.968971590908,4791.968971590908,-0.6374304961487935,sl,0.1,0.7000000000000001,-143.54706999999797,-1.0,-2499.385643908461
2026-04-21,1,2026-04-21 14:50:00,2026-04-21 16:51:45,25,4728.014,4713.829958,4713.829958,4791.403765917602,4791.403765917602,-1.325191301331342,sl,0.1,0.7000000000000001,-142.54041999999862,-1.0,-2641.9260639084605
2026-04-21,1,2026-04-21 17:00:00,2026-04-21 17:30:35,7,4711.23,4697.09631,4697.09631,4784.2236813725485,4784.2236813725485,-1.5244099404571672,sl,0.1,0.7000000000000001,-142.0368999999966,-1.0,-2783.962963908458
2026-04-21,1,2026-04-21 17:40:00,2026-04-21 18:16:35,8,4709.025,4694.897924999999,4694.897924999999,4781.277927672955,4781.277927672955,-1.5135582739105997,sl,0.1,0.7000000000000001,-141.9707500000033,-1.0,-2925.933713908462
2026-04-21,1,2026-04-21 18:25:00,2026-04-21 19:42:50,16,4695.364,4681.277907999999,4681.277907999999,4778.28632051282,4778.28632051282,-1.740913267497362,sl,0.1,0.7000000000000001,-141.56092000000461,-1.0,-3067.494633908467
2026-04-21,1,2026-04-21 19:50:00,2026-04-21 23:59:55,38,4682.004,4737.92,4667.957988,4772.914967787114,4772.914967787114,-1.9043596711980644,session_end,0.1,0.7000000000000001,558.4600000000016,3.980916433789249,-2509.0346339084663
2026-04-22,-1,2026-04-22 05:20:00,2026-04-22 08:16:10,36,4768.525,4756.863425925926,4782.830574999999,4752.386666666667,4752.386666666667,0.3394049025191377,tp,0.1,0.7000000000000001,115.91574074073542,0.8151768855200874,-2393.1188931677316
2026-04-22,1,2026-04-22 14:35:00,2026-04-22 23:59:55,101,4736.286,4728.051,4722.077142,4755.145720952381,4755.145720952381,-0.3962490753828605,session_end,0.1,0.7000000000000001,-83.04999999999673,-0.5795680412880256,-2476.168893167729
2026-04-23,-1,2026-04-23 00:35:00,2026-04-23 01:16:35,9,4746.691,4735.709633333333,4760.931073,4724.463880952381,4724.463880952381,0.47335781606420047,tp,0.1,0.7000000000000001,109.11366666666872,0.7711594362379266,-2367.055226501061
2026-04-23,1,2026-04-23 02:10:00,2026-04-23 02:44:40,7,4714.8,4700.6556,4700.6556,4732.897384615384,4732.897384615384,-0.3885967330533703,sl,0.1,0.7000000000000001,-142.1440000000013,-1.0,-2509.199226501063
2026-04-23,1,2026-04-23 02:50:00,2026-04-23 05:30:45,33,4706.578,4692.458266000001,4692.458266000001,4727.551578431372,4727.551578431372,-0.44602534909557284,sl,0.1,0.7000000000000001,-141.8973399999988,-1.0,-2651.0965665010626
2026-04-23,1,2026-04-23 09:05:00,2026-04-23 11:47:30,33,4697.184,4710.5593179669,4683.092448,4714.594759938838,4714.594759938838,-0.371702358975722,tp,0.1,0.7000000000000001,133.05317966900185,0.9491728070052405,-2518.0433868320615
2026-04-23,-1,2026-04-23 12:05:00,2026-04-23 17:09:15,61,4730.487,4716.3789260162575,4744.6784609999995,4710.718251724135,4710.718251724135,0.42204282263300935,tp,0.1,0.7000000000000001,140.38073983742544,0.9941241415343427,-2377.662646994637
2026-04-23,1,2026-04-23 17:40:00,2026-04-23 17:42:10,1,4698.992,4684.895024,4684.895024,4716.166040880501,4716.166040880501,-0.3668772628130615,sl,0.1,0.7000000000000001,-141.66975999999812,-1.0,-2519.3324069946357
2026-04-23,1,2026-04-23 17:50:00,2026-04-23 18:01:50,3,4683.458,4715.684995370368,4669.407625999999,4715.833132398751,4715.833132398751,-0.6924891420435112,tp,0.1,0.7000000000000001,321.5699537036806,2.2936752694531264,-2197.762453290956
2026-04-23,1,2026-04-23 19:00:00,2026-04-23 20:16:15,16,4701.341,4687.2369770000005,4687.2369770000005,4715.5264488304065,4715.5264488304065,-0.300559205513981,sl,0.1,0.7000000000000001,-141.7402299999987,-1.0,-2339.5026832909552
2026-04-23,1,2026-04-23 20:25:00,2026-04-23 23:59:55,31,4692.72,4695.322,4678.64184,4714.16313945578,4714.16313945578,-0.463149848867992,session_end,0.1,0.7000000000000001,25.31999999999862,0.18482528966852607,-2314.1826832909574
2026-04-24,1,2026-04-24 02:30:00,2026-04-24 03:07:20,8,4683.99,4669.938029999999,4669.938029999999,4698.409666666667,4698.409666666667,-0.30917199004005075,sl,0.1,0.7000000000000001,-141.21970000000437,-1.0,-2455.4023832909625
2026-04-24,1,2026-04-24 03:15:00,2026-04-24 05:34:25,28,4670.697,4684.8542373737355,4656.6849090000005,4693.761482905983,4693.761482905983,-0.4936335813049808,tp,0.1,0.7000000000000001,140.8723737373537,1.010358651948219,-2314.5300095536095
2026-04-24,-1,2026-04-24 11:25:00,2026-04-24 14:05:40,33,4709.119,4723.246356999999,4723.246356999999,4684.613633819949,4684.613633819949,0.5299661427960014,sl,0.1,0.7000000000000001,-141.9735699999939,-1.0,-2456.503579553604
2026-04-24,-1,2026-04-24 14:15:00,2026-04-24 20:57:55,81,4731.643,4708.715,4745.837928999999,4688.877145224172,4688.877145224172,0.9143629369666206,session_end,0.1,0.7000000000000001,228.57999999999885,1.6152247045406836,-2227.923579553606
2026-04-27,-1,2026-04-27 01:00:00,2026-04-27 02:38:10,20,4697.779,4711.872337,4711.872337,4681.101,4681.101,0.35898605904893294,sl,0.1,0.7000000000000001,-141.63336999999336,-1.0,-2369.5569495536
2026-04-27,-1,2026-04-27 02:45:00,2026-04-27 03:41:45,12,4713.434,4727.574302,4727.574302,4694.2811363636365,4694.2811363636365,0.40863261230286474,sl,0.1,0.7000000000000001,-142.1030199999979,-1.0,-2511.659969553599
2026-04-27,-1,2026-04-27 03:50:00,2026-04-27 08:20:25,55,4724.52,4710.1521833333345,4738.69356,4701.623942028985,4701.623942028985,0.4879496585410534,tp,0.1,0.7000000000000001,142.97816666665932,1.0137055663267853,-2368.68180288694
2026-04-27,1,2026-04-27 13:40:00,2026-04-27 14:55:30,16,4692.352,4678.274944,4678.274944,4707.93467276423,4707.93467276423,-0.32647379015573136,sl,0.1,0.7000000000000001,-141.47056000000083,-1.0,-2510.152362886942
2026-04-27,1,2026-04-27 15:05:00,2026-04-27 23:59:55,95,4669.152,4692.147,4655.144544,4706.231770718233,4706.231770718233,-0.7904045642137243,session_end,0.1,0.7000000000000001,229.24999999999892,1.6416257170466528,-2280.9023628869436
2026-04-28,1,2026-04-28 02:00:00,2026-04-28 05:06:15,38,4671.042,4657.0288740000005,4657.0288740000005,4690.808152777777,4690.808152777777,-0.4236509388261609,sl,0.1,0.7000000000000001,-140.83125999999828,-1.0,-2421.7336228869426
2026-04-28,1,2026-04-28 05:15:00,2026-04-28 05:36:30,5,4652.633,4638.675101,4638.675101,4678.117806878306,4678.117806878306,-0.5450975783639274,sl,0.1,0.7000000000000001,-140.27898999999996,-1.0,-2562.0126128869433
2026-04-28,1,2026-04-28 05:45:00,2026-04-28 09:33:40,46,4625.157,4611.281529,4611.281529,4675.500814009662,4675.500814009662,-1.0789713448129734,sl,0.1,0.7000000000000001,-139.45471000000288,-1.0,-2701.467322886947
2026-04-28,1,2026-04-28 09:40:00,2026-04-28 11:16:45,20,4610.827,4596.994519,4596.994519,4656.161862068966,4656.161862068966,-0.9740933286372621,sl,0.1,0.7000000000000001,-139.0248100000037,-1.0,-2840.4921328869514
2026-04-28,1,2026-04-28 11:25:00,2026-04-28 11:35:55,3,4601.735,4587.929795,4587.929795,4648.927940389294,4648.927940389294,-1.0149531460653827,sl,0.1,0.7000000000000001,-138.7520499999966,-1.0,-2979.2441828869487
2026-04-28,1,2026-04-28 11:45:00,2026-04-28 11:49:30,1,4572.342,4558.624973999999,4558.624973999999,4647.131920803782,4647.131920803782,-1.6092166540184483,sl,0.1,0.7000000000000001,-137.8702600000026,-1.0,-3117.114442886952
2026-04-28,1,2026-04-28 11:55:00,2026-04-28 23:59:55,133,4559.704,4595.875,4546.024888,4645.937476689977,4645.937476689977,-1.8583542530040458,session_end,0.1,0.7000000000000001,361.0100000000028,2.6442505917051338,-2756.10444288695
2026-04-29,1,2026-04-29 01:05:00,2026-04-29 02:01:15,12,4582.971,4593.523027777778,4569.222086999999,4601.505217948718,4601.505217948718,-0.4051873694718995,tp,0.1,0.7000000000000001,104.82027777778676,0.7674808748719555,-2651.284165109164
2026-04-29,1,2026-04-29 07:10:00,2026-04-29 08:06:10,12,4579.538,4565.799386,4565.799386,4595.509864341088,4595.509864341088,-0.3446922062773029,sl,0.1,0.7000000000000001,-138.0861399999987,-1.0,-2789.3703051091634
2026-04-29,1,2026-04-29 08:15:00,2026-04-29 09:50:30,20,4565.542,4551.845374,4551.845374,4592.496560606063,4592.496560606063,-0.5867192332204544,sl,0.1,0.7000000000000001,-137.66625999999923,-1.0,-2927.0365651091633
2026-04-29,1,2026-04-29 10:00:00,2026-04-29 12:56:45,36,4555.774,4542.106678,4542.106678,4588.146636111113,4588.146636111113,-0.7077179237374033,sl,0.1,0.7000000000000001,-137.3732200000024,-1.0,-3064.4097851091665
2026-04-29,1,2026-04-29 13:05:00,2026-04-29 13:30:20,6,4548.017,4534.372949,4534.372949,4582.450200636946,4582.450200636946,-0.7510545478958479,sl,0.1,0.7000000000000001,-137.14051000000217,-1.0,-3201.5502951091694
2026-04-29,1,2026-04-29 13:40:00,2026-04-29 13:45:25,2,4525.769,4512.191693000001,4512.191693000001,4580.646105691058,4580.646105691058,-1.1978573420655163,sl,0.1,0.7000000000000001,-136.47306999999563,-1.0,-3338.0233651091658
2026-04-29,1,2026-04-29 13:55:00,2026-04-29 23:59:55,109,4520.947,4561.659,4507.384159,4579.504446107786,4579.504446107786,-1.2810544633851702,session_end,0.1,0.7000000000000001,406.41999999999535,3.001730979519684,-2931.603365109171
2026-04-30,1,2026-04-30 04:05:00,2026-04-30 05:35:00,19,4553.613,4562.973176616916,4539.952161,4567.651357142859,4567.651357142859,-0.3101343783760199,tp,0.1,0.7000000000000001,92.9017661691585,0.6851831440891564,-2838.7015989400134
2026-04-30,-1,2026-04-30 06:50:00,2026-04-30 07:06:45,4,4578.153,4591.887459,4591.887459,4563.989357723579,4563.989357723579,0.3109153235076566,sl,0.1,0.7000000000000001,-138.04458999999332,-1.0,-2976.7461889400074
2026-04-30,-1,2026-04-30 07:15:00,2026-04-30 07:57:05,9,4591.857,4605.632570999999,4605.632570999999,4565.403975095787,4565.403975095787,0.5789525975882196,sl,0.1,0.7000000000000001,-138.45570999999217,-1.0,-3115.2018989400003
2026-04-30,-1,2026-04-30 08:05:00,2026-04-30 10:27:35,29,4626.742,4640.6222259999995,4640.6222259999995,4568.539609965637,4568.539609965637,1.268652457514719,sl,0.1,0.7000000000000001,-139.5022599999931,-1.0,-3254.704158939994
2026-04-30,-1,2026-04-30 10:35:00,2026-04-30 23:59:55,149,4636.03,4626.536,4649.93809,4581.236101049869,4581.236101049869,1.1983752362719362,session_end,0.1,0.7000000000000001,94.23999999999687,0.6826242855776569,-3160.464158939998
2026-05-01,1,2026-05-01 06:00:00,2026-05-01 06:39:30,8,4605.215,4591.3993550000005,4591.3993550000005,4620.443226851852,4620.443226851852,-0.33069829238573856,sl,0.1,0.7000000000000001,-138.85644999999676,-1.0,-3299.3206089399955
2026-05-01,1,2026-05-01 06:45:00,2026-05-01 07:54:55,14,4593.518,4579.737446,4579.737446,4617.982294238684,4617.982294238684,-0.5313314923120317,sl,0.1,0.7000000000000001,-138.50553999999937,-1.0,-3437.8261489399956
2026-05-01,1,2026-05-01 08:00:00,2026-05-01 09:02:10,13,4578.548,4564.812355999999,4564.812355999999,4613.558701388888,4613.558701388888,-0.7611304778308441,sl,0.1,0.7000000000000001,-138.0564400000032,-1.0,-3575.8825889399996
2026-05-01,1,2026-05-01 09:10:00,2026-05-01 12:25:00,40,4566.464,4598.626019015658,4552.7646079999995,4608.187493939392,4608.187493939392,-0.9064951023440608,tp,0.1,0.7000000000000001,320.9201901565819,2.3476968186367064,-3254.9623987834184
2026-05-01,-1,2026-05-01 13:55:00,2026-05-01 14:00:10,2,4617.024,4630.875072,4630.875072,4598.447322355288,4598.447322355288,0.40024765653475525,sl,0.1,0.7000000000000001,-139.21071999999475,-1.0,-3394.173118783414
2026-05-01,-1,2026-05-01 14:10:00,2026-05-01 14:12:15,1,4634.555,4648.458665,4648.458665,4599.0261372549,4599.0261372549,0.7754111779496329,sl,0.1,0.7000000000000001,-139.73664999999818,-1.0,-3533.909768783413
2026-05-01,-1,2026-05-01 14:20:00,2026-05-01 20:04:05,69,4654.441,4608.735027777777,4668.404323,4599.647490310075,4599.647490310075,1.1936569010035836,tp,0.1,0.7000000000000001,456.35972222222955,3.2732876137165294,-3077.550046561184
2026-05-04,1,2026-05-04 06:35:00,2026-05-04 08:04:45,18,4589.964,4576.194108,4576.194108,4604.598544303797,4604.598544303797,-0.31762908672874296,sl,0.1,0.7000000000000001,-138.39892000000253,-1.0,-3215.9489665611873
2026-05-04,1,2026-05-04 08:10:00,2026-05-04 10:03:35,23,4578.687,4564.950939,4564.950939,4601.048598639456,4601.048598639456,-0.48781485694571225,sl,0.1,0.7000000000000001,-138.06060999999607,-1.0,-3354.009576561184
2026-05-04,1,2026-05-04 10:10:00,2026-05-04 10:21:45,3,4547.433,4533.790701,4533.790701,4596.440855191258,4596.440855191258,-1.0637111785315068,sl,0.1,0.7000000000000001,-137.12299000000093,-1.0,-3491.1325665611857
2026-05-04,1,2026-05-04 10:30:00,2026-05-04 15:21:10,59,4545.033,4531.397901,4531.397901,4594.631275132277,4594.631275132277,-1.0818555865692536,sl,0.1,0.7000000000000001,-137.0509900000008,-1.0,-3628.1835565611873
2026-05-04,1,2026-05-04 15:30:00,2026-05-04 15:49:40,4,4537.839,4524.225483,4524.225483,4584.591775985662,4584.591775985662,-1.0226379637821021,sl,0.1,0.7000000000000001,-136.83516999999773,-1.0,-3765.0187265611858
2026-05-04,1,2026-05-04 15:55:00,2026-05-04 16:07:50,3,4528.593,4515.007221,4515.007221,4583.192657940662,4583.192657940662,-1.2001166445701177,sl,0.1,0.7000000000000001,-136.55779,-1.0,-3901.5765165611865
2026-05-04,1,2026-05-04 16:15:00,2026-05-04 23:59:55,81,4509.882,4518.909,4496.352354,4581.834492307691,4581.834492307691,-1.5698404739072949,session_end,0.1,0.7000000000000001,89.57000000000043,0.6672014921898232,-3812.006516561187
2026-05-05,-1,2026-05-05 07:05:00,2026-05-05 10:51:05,46,4552.766,4542.508087179485,4566.424297999999,4537.23159215686,4537.23159215686,0.34484481396513994,tp,0.1,0.7000000000000001,101.8791282051432,0.7510388791132533,-3710.1273883560443
2026-05-05,-1,2026-05-05 11:35:00,2026-05-05 12:24:25,10,4556.906,4570.576717999999,4570.576717999999,4542.965736211031,4542.965736211031,0.30890093836967575,sl,0.1,0.7000000000000001,-137.40717999999396,-1.0,-3847.534568356039
2026-05-05,-1,2026-05-05 12:30:00,2026-05-05 19:56:20,90,4573.679,4553.08359693166,4587.400036999999,4544.422088888889,4544.422088888889,0.6464828868546664,tp,0.1,0.7000000000000001,205.25403068339693,1.5010092217039193,-3642.280537672643
2026-05-05,-1,2026-05-05 23:00:00,2026-05-05 23:12:50,3,4573.283,4587.0028489999995,4587.0028489999995,4553.185013888889,4553.185013888889,0.4412732197313013,sl,0.1,0.7000000000000001,-137.89848999999157,-1.0,-3780.179027672635
2026-05-06,-1,2026-05-06 01:00:00,2026-05-06 02:09:15,14,4618.671,4632.527013,4632.527013,4603.327388888888,4603.327388888888,0.33574868362430355,sl,0.1,0.7000000000000001,-139.2601299999962,-1.0,-3919.439157672632
2026-05-06,-1,2026-05-06 02:15:00,2026-05-06 03:14:00,12,4633.484,4647.384452,4647.384452,4614.160975308642,4614.160975308642,0.4212038720659777,sl,0.1,0.7000000000000001,-139.70451999999858,-1.0,-4059.1436776726314
2026-05-06,-1,2026-05-06 03:20:00,2026-05-06 05:58:40,32,4649.308,4663.255923999999,4663.255923999999,4621.793433333334,4621.793433333334,0.5972695894969275,sl,0.1,0.7000000000000001,-140.17923999999147,-1.0,-4199.322917672624
2026-05-06,-1,2026-05-06 06:05:00,2026-05-06 07:45:15,21,4658.754,4672.730261999999,4672.730261999999,4634.331438356163,4634.331438356163,0.5266468738475416,sl,0.1,0.7000000000000001,-140.46261999999223,-1.0,-4339.785537672617
2026-05-06,-1,2026-05-06 07:55:00,2026-05-06 08:50:20,12,4674.501,4688.524503,4688.524503,4641.5406280701745,4641.5406280701745,0.7147060553387419,sl,0.1,0.7000000000000001,-140.93502999999436,-1.0,-4480.720567672612
2026-05-06,-1,2026-05-06 09:00:00,2026-05-06 10:41:15,21,4699.96,4714.05988,4714.05988,4646.264709876543,4646.264709876543,1.1559025039897857,sl,0.1,0.7000000000000001,-141.69879999999756,-1.0,-4622.41936767261
2026-05-06,-1,2026-05-06 10:50:00,2026-05-06 12:19:10,18,4710.61,4661.267131519274,4724.741829999999,4655.601164102564,4655.601164102564,1.1812832319376028,tp,0.1,0.7000000000000001,492.72868480725884,3.491612089922405,-4129.690682865352
2026-05-06,-1,2026-05-06 12:25:00,2026-05-06 13:34:30,14,4682.83,4696.878489999999,4696.878489999999,4661.438429530202,4661.438429530202,0.45856168204184666,sl,0.1,0.7000000000000001,-141.18489999999218,-1.0,-4270.875582865345
2026-05-06,-1,2026-05-06 13:40:00,2026-05-06 14:01:15,5,4694.496,4708.579487999999,4708.579487999999,4663.4724471544705,4663.4724471544705,0.667561633488913,sl,0.1,0.7000000000000001,-141.53487999999305,-1.0,-4412.410462865339
2026-05-06,-1,2026-05-06 14:10:00,2026-05-06 23:59:55,106,4708.005,4699.105,4722.1290149999995,4664.822339215685,4664.822339215685,0.9254299016149313,session_end,0.1,0.7000000000000001,88.30000000000545,0.6301324375541171,-4324.110462865334
2026-05-07,-1,2026-05-07 01:15:00,2026-05-07 02:23:30,14,4709.74,4702.305273809523,4723.86922,4694.038822222223,4694.038822222223,0.33427882410116944,tp,0.1,0.7000000000000001,73.64726190476794,0.5261950900670311,-4250.463200960567
2026-05-07,-1,2026-05-07 06:30:00,2026-05-07 06:32:15,1,4717.28,4731.431839999999,4731.431839999999,4702.498585470085,4702.498585470085,0.3162449548813192,sl,0.1,0.7000000000000001,-142.21839999999537,-1.0,-4392.681600960563
2026-05-07,-1,2026-05-07 06:40:00,2026-05-07 13:33:40,83,4742.497,4756.724491,4756.724491,4703.281133333333,4703.281133333333,0.8331389418538991,sl,0.1,0.7000000000000001,-142.97490999999644,-1.0,-4535.65651096056
2026-05-07,-1,2026-05-07 13:40:00,2026-05-07 16:01:30,29,4752.794,4725.453147569445,4767.052381999999,4721.436491869918,4721.436491869918,0.6576495984548156,tp,0.1,0.7000000000000001,272.7085243055506,1.91752840052657,-4262.94798665501
2026-05-07,1,2026-05-07 16:20:00,2026-05-07 17:27:00,14,4706.566,4692.446301999999,4692.446301999999,4725.294617346939,4725.294617346939,-0.39556512049683723,sl,0.1,0.7000000000000001,-141.89698000000425,-1.0,-4404.844966655015
2026-05-07,1,2026-05-07 17:35:00,2026-05-07 22:45:30,51,4699.371,4685.272887,4685.272887,4724.415078988942,4724.415078988942,-0.5325967038934698,sl,0.1,0.7000000000000001,-141.6811300000001,-1.0,-4546.526096655016
2026-05-07,1,2026-05-07 22:55:00,2026-05-07 23:59:55,13,4686.448,4704.161,4672.388656,4720.271031685677,4720.271031685677,-0.7198322184805489,session_end,0.1,0.7000000000000001,176.4299999999974,1.2598738604019817,-4370.096096655019
2026-05-08,-1,2026-05-08 01:55:00,2026-05-08 02:36:40,9,4722.001,4711.987537634409,4736.167003,4707.798797101449,4707.798797101449,0.30345822993427146,tp,0.1,0.7000000000000001,99.43462365591294,0.7068657521526533,-4270.661472999107
2026-05-08,-1,2026-05-08 03:35:00,2026-05-08 04:15:20,9,4730.659,4714.661091503267,4744.850976999999,4713.471093023255,4713.471093023255,0.36467619377548327,tp,0.1,0.7000000000000001,159.27908496732636,1.127250170764313,-4111.382388031781
2026-05-08,-1,2026-05-08 06:30:00,2026-05-08 07:13:25,9,4733.611,4717.3209031007755,4747.811833,4716.390948717949,4716.390948717949,0.3646867163700003,tp,0.1,0.7000000000000001,162.2009689922441,1.1471226300051942,-3949.181419039538
2026-05-08,-1,2026-05-08 13:35:00,2026-05-08 14:29:55,11,4738.98,4718.571285163777,4753.196939999999,4717.494263803681,4717.494263803681,0.4642239072626171,tp,0.1,0.7000000000000001,203.38714836222317,1.4355209233648918,-3745.7942706773156
2026-05-11,-1,2026-05-11 01:25:00,2026-05-11 01:50:35,6,4703.047,4689.685333333334,4717.1561409999995,4687.615803921569,4687.615803921569,0.33394793287742564,tp,0.1,0.7000000000000001,132.9166666666577,0.9470219814704421,-3612.8776040106586
2026-05-11,1,2026-05-11 04:30:00,2026-05-11 05:50:40,17,4672.041,4658.024877,4658.024877,4686.395981481482,4686.395981481482,-0.30603435002408147,sl,0.1,0.7000000000000001,-140.86123000000333,-1.0,-3753.7388340106627
2026-05-11,1,2026-05-11 06:00:00,2026-05-11 11:38:20,68,4652.659,4675.507748201439,4638.701023,4682.441703703706,4682.441703703706,-0.6383571989815319,tp,0.1,0.7000000000000001,227.78748201439777,1.6369670333630533,-3525.9513519962657
2026-05-11,-1,2026-05-11 12:25:00,2026-05-11 13:02:30,8,4692.297,4706.373890999999,4706.373890999999,4675.400926174497,4675.400926174497,0.36136096331159634,sl,0.1,0.7000000000000001,-141.46890999999704,-1.0,-3667.4202619962634
2026-05-11,-1,2026-05-11 13:10:00,2026-05-11 13:19:15,2,4716.504,4730.653511999999,4730.653511999999,4676.631590717299,4676.631590717299,0.8523743747919899,sl,0.1,0.7000000000000001,-142.19511999999048,-1.0,-3809.6153819962547
2026-05-11,-1,2026-05-11 13:25:00,2026-05-11 13:42:40,4,4731.487,4745.681460999999,4745.681460999999,4677.53985300207,4677.53985300207,1.1556961286654759,sl,0.1,0.7000000000000001,-142.64460999999136,-1.0,-3952.2599919962468
2026-05-11,-1,2026-05-11 13:50:00,2026-05-11 22:46:25,96,4737.946,4752.159838,4752.159838,4679.315018072288,4679.315018072288,1.2530462621400487,sl,0.1,0.7000000000000001,-142.83837999999668,-1.0,-4095.098371996244
2026-05-11,-1,2026-05-11 22:55:00,2026-05-11 23:52:35,12,4753.001,4767.260002999999,4767.260002999999,4697.730195183776,4697.730195183776,1.1764789061935743,sl,0.1,0.7000000000000001,-143.2900299999921,-1.0,-4238.388401996237
2026-05-12,1,2026-05-12 01:05:00,2026-05-12 01:36:40,7,4744.216,4729.983352,4729.983352,4760.412025641026,4760.412025641026,-0.34316411169947536,sl,0.1,0.7000000000000001,-143.02648000000153,-1.0,-4381.414881996239
2026-05-12,1,2026-05-12 01:45:00,2026-05-12 04:54:10,38,4729.372,4715.183884,4715.183884,4752.556333333334,4752.556333333334,-0.48744994711269723,sl,0.1,0.7000000000000001,-142.58116000000263,-1.0,-4523.996041996243
2026-05-12,1,2026-05-12 05:00:00,2026-05-12 06:22:25,17,4714.306,4700.163081999999,4700.163081999999,4735.133083333335,4735.133083333335,-0.43965149377975693,sl,0.1,0.7000000000000001,-142.12918000000462,-1.0,-4666.125221996248
2026-05-12,1,2026-05-12 06:30:00,2026-05-12 13:16:40,82,4696.389,4682.299833,4682.299833,4729.551145299146,4729.551145299146,-0.7035370646581993,sl,0.1,0.7000000000000001,-141.59167000000087,-1.0,-4807.71689199625
2026-05-12,1,2026-05-12 13:25:00,2026-05-12 13:59:25,7,4691.216,4677.142352000001,4677.142352000001,4714.026445134574,4714.026445134574,-0.48350269986495076,sl,0.1,0.7000000000000001,-141.43647999999592,-1.0,-4949.153371996246
2026-05-12,1,2026-05-12 14:05:00,2026-05-12 14:33:15,6,4690.648,4676.576056,4676.576056,4712.937250493096,4712.937250493096,-0.4753776530920845,sl,0.1,0.7000000000000001,-141.41944000000257,-1.0,-5090.57281199625
2026-05-12,1,2026-05-12 14:40:00,2026-05-12 14:51:10,3,4686.985,4672.924045,4672.924045,4711.916384469696,4711.916384469696,-0.5289224688247565,sl,0.1,0.7000000000000001,-141.3095499999992,-1.0,-5231.8823619962495
2026-05-12,1,2026-05-12 15:00:00,2026-05-12 15:19:10,4,4673.192,4659.172424,4659.172424,4711.185109259258,4711.185109259258,-0.808100475280289,sl,0.1,0.7000000000000001,-140.89575999999687,-1.0,-5372.778121996247
2026-05-12,1,2026-05-12 15:25:00,2026-05-12 19:24:25,48,4642.917,4703.4763376436795,4628.988249,4709.912918918918,4709.912918918918,-1.4186232329377058,tp,0.1,0.7000000000000001,604.893376436791,4.347793829014351,-4767.884745559457
2026-05-12,-1,2026-05-12 22:05:00,2026-05-12 23:59:55,23,4719.943,4716.898,4734.1028289999995,4704.209865612647,4704.209865612647,0.33733899721086874,session_end,0.1,0.7000000000000001,29.75000000000073,0.21504496982274512,-4738.134745559457
2026-05-13,1,2026-05-13 02:35:00,2026-05-13 05:04:30,30,4696.395,4704.991472222221,4682.305815000001,4711.565956989249,4711.565956989249,-0.3216119041434608,tp,0.1,0.7000000000000001,85.26472222220654,0.6101468766448,-4652.870023337251
2026-05-13,1,2026-05-13 09:25:00,2026-05-13 10:08:05,9,4687.022,4703.231975206612,4672.960934,4703.857943952803,4703.857943952803,-0.3577689665232672,tp,0.1,0.7000000000000001,161.399752066124,1.1528269056280767,-4491.470271271128
2026-05-13,1,2026-05-13 12:25:00,2026-05-13 13:38:10,15,4688.011,4673.946967000001,4673.946967000001,4702.345512304251,4702.345512304251,-0.3072830838661834,sl,0.1,0.7000000000000001,-141.34032999999653,-1.0,-4632.810601271125
2026-05-13,1,2026-05-13 13:45:00,2026-05-13 15:37:15,23,4678.951,4698.568989304814,4664.914147,4700.63680808081,4700.63680808081,-0.46080582195953335,tp,0.1,0.7000000000000001,195.4798930481382,1.3976059523323614,-4437.330708222988
2026-05-13,1,2026-05-13 18:50:00,2026-05-13 22:25:15,32,4679.86,4697.002548638131,4665.82042,4698.073430678464,4698.073430678464,-0.39014781162789763,tp,0.1,0.7000000000000001,170.72548638131303,1.221015773843072,-4266.605221841675
2026-05-14,1,2026-05-14 03:45:00,2026-05-14 04:24:20,8,4676.691,4689.934961538462,4662.660927,4691.90897037037,4691.90897037037,-0.3282879200692381,tp,0.1,0.7000000000000001,131.73961538461919,0.9439695387516522,-4134.865606457057
2026-05-14,-1,2026-05-14 04:35:00,2026-05-14 05:59:40,17,4709.094,4692.877624413145,4723.2212819999995,4690.429575757576,4690.429575757576,0.39963129047507173,tp,0.1,0.7000000000000001,161.46375586855066,1.1478765403603945,-3973.401850588507
2026-05-14,-1,2026-05-14 07:35:00,2026-05-14 07:58:10,5,4710.268,4694.132515789475,4724.3988039999995,4693.533736263737,4693.533736263737,0.35636824354814717,tp,0.1,0.7000000000000001,160.65484210524738,1.1418659695885225,-3812.7470084832603
2026-05-14,1,2026-05-14 13:45:00,2026-05-14 14:19:55,7,4676.878,4695.026222222226,4662.847366,4695.391882828287,4695.391882828287,-0.3935961744934192,tp,0.1,0.7000000000000001,180.7822222222665,1.2934712873436076,-3631.9647862609945
2026-05-14,1,2026-05-14 15:00:00,2026-05-14 19:29:55,54,4679.786,4665.746642,4665.746642,4694.739370370374,4694.739370370374,-0.3183855202849117,sl,0.1,0.7000000000000001,-141.09357999999992,-1.0,-3773.058366260995
2026-05-14,1,2026-05-14 19:35:00,2026-05-14 20:04:35,6,4664.674,4650.679978,4650.679978,4690.597297872343,4690.597297872343,-0.5492754170994206,sl,0.1,0.7000000000000001,-140.64021999999858,-1.0,-3913.6985862609945
2026-05-14,1,2026-05-14 20:10:00,2026-05-14 23:59:55,34,4651.964,4652.432,4638.008108,4689.596578512401,4689.596578512401,-0.8017870595668186,session_end,0.1,0.7000000000000001,3.979999999998472,0.03353422339466721,-3909.7185862609967
2026-05-15,1,2026-05-15 00:35:00,2026-05-15 01:09:45,7,4624.487,4610.613539,4610.613539,4644.327,4644.327,-0.43465931662436363,sl,0.1,0.7000000000000001,-139.43461000000133,-1.0,-4049.153196260999
2026-05-15,1,2026-05-15 01:15:00,2026-05-15 02:55:30,21,4614.904,4622.371952380953,4601.059288,4631.655977777778,4631.655977777778,-0.3640809649655674,tp,0.1,0.7000000000000001,73.97952380952738,0.5394082867850699,-3975.173672451472
2026-05-15,1,2026-05-15 05:05:00,2026-05-15 05:18:35,3,4600.322,4586.521034,4586.521034,4618.609967213115,4618.609967213115,-0.3971534150605778,sl,0.1,0.7000000000000001,-138.70965999999788,-1.0,-4113.883332451471
2026-05-15,1,2026-05-15 05:25:00,2026-05-15 05:34:25,2,4584.96,4571.20512,4571.20512,4616.839,4616.839,-0.6865519893589557,sl,0.1,0.7000000000000001,-138.2488000000041,-1.0,-4252.132132451476
2026-05-15,1,2026-05-15 05:40:00,2026-05-15 08:17:25,32,4569.481,4555.772556999999,4555.772556999999,4615.092730392156,4615.092730392156,-0.992715272879533,sl,0.1,0.7000000000000001,-137.78443000000442,-1.0,-4389.916562451481
2026-05-15,1,2026-05-15 08:25:00,2026-05-15 09:14:35,10,4560.429,4546.747713,4546.747713,4600.882524752475,4600.882524752475,-0.8813423193120029,sl,0.1,0.7000000000000001,-137.51287000000337,-1.0,-4527.429432451485
2026-05-15,1,2026-05-15 09:20:00,2026-05-15 09:50:10,7,4546.664,4533.024007999999,4533.024007999999,4596.45875,4596.45875,-1.0792602022154385,sl,0.1,0.7000000000000001,-137.09992000000346,-1.0,-4664.529352451489
2026-05-15,1,2026-05-15 10:00:00,2026-05-15 13:37:25,44,4545.996,4532.358012,4532.358012,4593.136566666667,4593.136566666667,-1.0258037396188295,sl,0.1,0.7000000000000001,-137.07988000000404,-1.0,-4801.609232451494
2026-05-15,1,2026-05-15 13:45:00,2026-05-15 20:57:55,87,4520.272,4539.882,4506.711184,4582.252557575758,4582.252557575758,-1.3522510336824434,session_end,0.1,0.7000000000000001,195.39999999999674,1.4460781711070663,-4606.209232451498
2026-05-18,1,2026-05-18 00:35:00,2026-05-18 00:59:00,5,4492.639,4510.487454545454,4479.161083,4521.948285714286,4521.948285714286,-0.6510973556973265,tp,0.1,0.7000000000000001,177.78454545453934,1.3242739620264554,-4428.424686996959
2026-05-18,-1,2026-05-18 01:50:00,2026-05-18 02:46:50,12,4528.135,4541.719405,4541.719405,4507.985212121212,4507.985212121212,0.4467580733103543,sl,0.1,0.7000000000000001,-136.54404999999605,-1.0,-4564.968736996956
2026-05-18,-1,2026-05-18 02:55:00,2026-05-18 03:44:20,10,4533.889,4547.490667,4547.490667,4517.44580952381,4517.44580952381,0.366450228164117,sl,0.1,0.7000000000000001,-136.71666999999906,-1.0,-4701.685406996956
2026-05-18,-1,2026-05-18 03:50:00,2026-05-18 07:30:10,45,4542.048,4555.674144,4555.674144,4521.457304347826,4521.457304347826,0.45995559069364705,sl,0.1,0.7000000000000001,-136.9614399999984,-1.0,-4838.646846996955
2026-05-18,-1,2026-05-18 07:40:00,2026-05-18 10:33:50,35,4552.913,4535.498134920637,4566.571738999999,4531.7331702898555,4531.7331702898555,0.46975029001503754,tp,0.1,0.7000000000000001,173.44865079362245,1.2749980125810196,-4665.198196203333
2026-05-18,-1,2026-05-18 11:40:00,2026-05-18 12:43:20,13,4555.439,4569.105317,4569.105317,4535.894650000002,4535.894650000002,0.4427208202465319,sl,0.1,0.7000000000000001,-137.36316999999252,-1.0,-4802.5613662033265
2026-05-18,-1,2026-05-18 12:50:00,2026-05-18 14:40:20,23,4572.596,4541.46620075758,4586.3137879999995,4537.774292207795,4537.774292207795,0.7633854299824802,tp,0.1,0.7000000000000001,310.59799242419723,2.269301671845336,-4491.96337377913
2026-05-18,-1,2026-05-18 17:05:00,2026-05-18 18:16:55,15,4556.628,4542.249901065453,4570.297884,4541.712721951223,4541.712721951223,0.33089450982096447,tp,0.1,0.7000000000000001,143.0809893454687,1.051808408509316,-4348.882384433662
2026-05-18,-1,2026-05-18 19:10:00,2026-05-18 22:00:30,23,4556.932,4570.602795999999,4570.602795999999,4542.305217391308,4542.305217391308,0.324434002194916,sl,0.1,0.7000000000000001,-137.40795999999426,-1.0,-4486.290344433657
2026-05-18,-1,2026-05-18 22:10:00,2026-05-18 23:13:45,13,4571.801,4585.516403,4585.516403,4544.075898950134,4544.075898950134,0.611127579455305,sl,0.1,0.7000000000000001,-137.8540299999924,-1.0,-4624.14437443365
2026-05-19,1,2026-05-19 01:25:00,2026-05-19 01:40:35,4,4556.145,4569.6142666666665,4542.476565000001,4571.077254901961,4571.077254901961,-0.32931525901949765,tp,0.1,0.7000000000000001,133.99266666666045,0.9854285927149998,-4490.1517077669905
2026-05-19,1,2026-05-19 02:55:00,2026-05-19 05:22:30,30,4550.993,4537.340021,4537.340021,4565.132933333333,4565.132933333333,-0.31153382696676024,sl,0.1,0.7000000000000001,-137.22979000000413,-1.0,-4627.381497766995
2026-05-19,1,2026-05-19 05:30:00,2026-05-19 06:27:10,12,4538.866,4553.384969696973,4525.249402,4555.5271161616165,4555.5271161616165,-0.37271463276730415,tp,0.1,0.7000000000000001,144.4896969697282,1.0662699814574266,-4482.891800797268
2026-05-19,1,2026-05-19 10:45:00,2026-05-19 13:07:40,29,4529.094,4515.506718,4515.506718,4549.686638242896,4549.686638242896,-0.4523748530260379,sl,0.1,0.7000000000000001,-136.57282000000413,-1.0,-4619.464620797273
2026-05-19,1,2026-05-19 13:15:00,2026-05-19 13:22:05,2,4524.379,4510.805863,4510.805863,4547.481329140464,4547.481329140464,-0.5014496484975041,sl,0.1,0.7000000000000001,-136.43137000000314,-1.0,-4755.895990797277
2026-05-19,1,2026-05-19 13:30:00,2026-05-19 13:31:20,1,4492.438,4478.960686,4478.960686,4546.761901234571,4546.761901234571,-1.1979712687348285,sl,0.1,0.7000000000000001,-135.4731399999975,-1.0,-4891.369130797275
2026-05-19,1,2026-05-19 13:40:00,2026-05-19 23:59:55,112,4483.475,4489.556,4470.024575,4545.954280487808,4545.954280487808,-1.3785946056871423,session_end,0.1,0.7000000000000001,60.10999999999221,0.45210467327234816,-4831.259130797283
2026-05-20,1,2026-05-20 01:30:00,2026-05-20 01:36:15,2,4473.936,4460.514192,4460.514192,4494.157907407407,4494.157907407407,-0.45234074605835706,sl,0.1,0.7000000000000001,-134.91808000000054,-1.0,-4966.177210797285
2026-05-20,1,2026-05-20 01:45:00,2026-05-20 03:08:00,17,4467.133,4453.7316009999995,4453.7316009999995,4490.454063492062,4490.454063492062,-0.5236232942059579,sl,0.1,0.7000000000000001,-134.7139900000031,-1.0,-5100.891200797289
2026-05-20,1,2026-05-20 03:15:00,2026-05-20 05:21:45,26,4457.996,4475.078463541666,4444.622012,4481.993034188033,4481.993034188033,-0.5367262734354249,tp,0.1,0.7000000000000001,170.12463541665676,1.277290180136644,-4930.7665653806325
2026-05-20,-1,2026-05-20 08:55:00,2026-05-20 09:29:00,7,4489.191,4476.104061946902,4502.658573,4475.721728971962,4475.721728971962,0.3011865313426126,tp,0.1,0.7000000000000001,130.16938053097584,0.9717369308558921,-4800.597184849657
2026-05-20,-1,2026-05-20 10:25:00,2026-05-20 12:35:20,27,4491.394,4504.868182,4504.868182,4476.977295999999,4476.977295999999,0.3222867360281748,sl,0.1,0.7000000000000001,-135.44181999999927,-1.0,-4936.039004849657
2026-05-20,-1,2026-05-20 12:45:00,2026-05-20 14:01:45,16,4502.881,4481.740359126983,4516.3896429999995,4480.503010893245,4480.503010893245,0.5044520459377718,tp,0.1,0.7000000000000001,210.7064087301722,1.564971468490096,-4725.332596119486
2026-05-20,-1,2026-05-20 14:20:00,2026-05-20 14:30:05,3,4498.238,4511.732714,4511.732714,4481.748554263564,4481.748554263564,0.37689409684455016,sl,0.1,0.7000000000000001,-135.64713999999475,-1.0,-4860.9797361194815
2026-05-20,-1,2026-05-20 14:40:00,2026-05-20 14:56:05,4,4523.436,4537.006307999999,4537.006307999999,4482.44721212121,4482.44721212121,0.9168158805676566,sl,0.1,0.7000000000000001,-136.40307999999385,-1.0,-4997.382816119476
2026-05-20,-1,2026-05-20 15:05:00,2026-05-20 15:15:45,3,4530.528,4544.119584,4544.119584,4483.667493554326,4483.667493554326,1.047546601374786,sl,0.1,0.7000000000000001,-136.61583999999783,-1.0,-5133.998656119475
2026-05-20,-1,2026-05-20 15:25:00,2026-05-20 19:39:30,51,4536.395,4550.004185,4550.004185,4484.734758558558,4484.734758558558,1.154276545399997,sl,0.1,0.7000000000000001,-136.79184999999342,-1.0,-5270.790506119469
2026-05-20,-1,2026-05-20 19:45:00,2026-05-20 23:59:55,39,4546.389,4546.525,4560.0281669999995,4495.941665260195,4495.941665260195,1.1217301845682692,session_end,0.1,0.7000000000000001,-2.0599999999951253,-0.009971283436849105,-5272.850506119465
2026-05-21,-1,2026-05-21 01:15:00,2026-05-21 02:12:55,12,4559.861,4552.683051282052,4573.540582999999,4545.159777777778,4545.159777777778,0.3232718527093451,tp,0.1,0.7000000000000001,71.07948717948311,0.5247198484009885,-5201.771018939982
2026-05-21,1,2026-05-21 02:35:00,2026-05-21 05:26:10,35,4537.327,4523.715019,4523.715019,4551.660473118281,4551.660473118281,-0.32173913684401545,sl,0.1,0.7000000000000001,-136.81981000000013,-1.0,-5338.590828939983
2026-05-21,1,2026-05-21 05:35:00,2026-05-21 07:29:30,23,4525.741,4512.163777,4512.163777,4542.244248756218,4542.244248756218,-0.3569655850334021,sl,0.1,0.7000000000000001,-136.4722300000023,-1.0,-5475.063058939986
2026-05-21,1,2026-05-21 07:35:00,2026-05-21 08:16:00,9,4516.522,4536.46334006734,4502.972434,4537.797142857142,4537.797142857142,-0.4693498229789096,tp,0.1,0.7000000000000001,198.71340067340208,1.471732752719952,-5276.349658266585
2026-05-21,1,2026-05-21 10:30:00,2026-05-21 12:25:35,24,4518.126,4504.571622,4504.571622,4535.702076719576,4535.702076719576,-0.39006258392464377,sl,0.1,0.7000000000000001,-136.24377999999814,-1.0,-5412.593438266584
2026-05-21,1,2026-05-21 12:35:00,2026-05-21 13:00:00,6,4514.974,4501.429078,4501.429078,4532.094571743929,4532.094571743929,-0.38658883804330346,sl,0.1,0.7000000000000001,-136.1492200000004,-1.0,-5548.742658266585
2026-05-21,1,2026-05-21 13:10:00,2026-05-21 13:34:15,5,4504.777,4491.262669,4491.262669,4531.10220464135,4531.10220464135,-0.579620663035317,sl,0.1,0.7000000000000001,-135.8433100000031,-1.0,-5684.585968266589
2026-05-21,1,2026-05-21 13:40:00,2026-05-21 17:10:25,43,4492.493,4525.925428802588,4479.015521,4529.898414634145,4529.898414634145,-0.828327949097633,tp,0.1,0.7000000000000001,333.6242880258731,2.4806144237054264,-5350.961680240716
2026-05-21,-1,2026-05-21 17:30:00,2026-05-21 17:51:10,5,4541.513,4555.137538999999,4555.137538999999,4526.089436507936,4526.089436507936,0.3431342599373521,sl,0.1,0.7000000000000001,-136.94538999999457,-1.0,-5487.907070240712
2026-05-21,-1,2026-05-21 18:00:00,2026-05-21 23:59:55,60,4551.576,4535.503,4565.2307279999995,4526.721819444444,4526.721819444444,0.5515731151913549,session_end,0.1,0.7000000000000001,160.0300000000032,1.1771014406146267,-5327.877070240709
2026-05-22,1,2026-05-22 06:00:00,2026-05-22 06:30:00,7,4511.482,4527.3665,4497.947554,4527.899055555556,4527.899055555556,-0.366374235644719,tp,0.1,0.7000000000000001,158.14500000000118,1.1736350346368454,-5169.732070240709
2026-05-22,1,2026-05-22 13:50:00,2026-05-22 14:14:50,5,4511.232,4497.698304,4497.698304,4524.916078313251,4524.916078313251,-0.3052007611685761,sl,0.1,0.7000000000000001,-136.03696000000417,-1.0,-5305.769030240714
2026-05-22,1,2026-05-22 14:20:00,2026-05-22 16:25:40,26,4498.052,4522.6653028764795,4484.557844,4524.301420542634,4524.301420542634,-0.5787947819686561,tp,0.1,0.7000000000000001,245.43302876479794,1.823997208604988,-5060.336001475916
2026-05-22,1,2026-05-22 19:15:00,2026-05-22 20:57:55,21,4507.51,4507.912,4493.98747,4521.854766233766,4521.854766233766,-0.31712133571485973,session_end,0.1,0.7000000000000001,3.3200000000004364,0.029728164773902374,-5057.016001475917
2026-05-26,1,2026-05-26 01:40:00,2026-05-26 03:21:10,21,4529.93,4540.948691666667,4516.34021,4546.323216666667,4546.323216666667,-0.36480504962485844,tp,0.1,0.7000000000000001,109.48691666667109,0.8108066178113947,-4947.529084809246
2026-05-26,1,2026-05-26 04:45:00,2026-05-26 07:56:15,39,4526.492,4535.997210526316,4512.912524,4540.235602339182,4540.235602339182,-0.3025306072686054,tp,0.1,0.7000000000000001,94.3521052631575,0.6999688740799593,-4853.17697954609
2026-05-26,1,2026-05-26 08:35:00,2026-05-26 10:27:30,23,4521.574,4533.264911999999,4508.0092779999995,4535.525352750808,4535.525352750808,-0.3071386811311594,tp,0.1,0.7000000000000001,116.20911999999116,0.8618615258019333,-4736.967859546099
2026-05-26,1,2026-05-26 11:40:00,2026-05-26 13:44:00,25,4511.121,4530.411721544715,4497.587637,4533.034157142857,4533.034157142857,-0.48307946474109426,tp,0.1,0.7000000000000001,192.2072154471487,1.4254196495515719,-4544.760644098951
2026-05-26,1,2026-05-26 13:55:00,2026-05-26 15:37:50,21,4516.078,4502.529766000001,4502.529766000001,4530.30279241517,4530.30279241517,-0.3203713544152071,sl,0.1,0.7000000000000001,-136.18233999999865,-1.0,-4680.942984098951
2026-05-26,1,2026-05-26 15:45:00,2026-05-26 17:55:35,27,4508.243,4494.718271000001,4494.718271000001,4528.327673721341,4528.327673721341,-0.43693113985900633,sl,0.1,0.7000000000000001,-135.9472899999975,-1.0,-4816.890274098949
2026-05-26,1,2026-05-26 18:05:00,2026-05-26 23:42:15,56,4487.845,4520.818916666665,4474.381465,4525.133906298002,4525.133906298002,-0.8226034205572325,tp,0.1,0.7000000000000001,329.0391666666499,2.4491277117536607,-4487.8511074323
2026-05-27,1,2026-05-27 02:20:00,2026-05-27 04:45:30,30,4499.991,4509.322748538012,4486.491027,4514.939619047619,4514.939619047619,-0.33231051383992277,tp,0.1,0.7000000000000001,92.61748538012107,0.6912420149293734,-4395.233622052179
2026-05-27,1,2026-05-27 05:45:00,2026-05-27 06:31:20,10,4493.772,4480.290684,4480.290684,4508.941338164252,4508.941338164252,-0.3362061518951452,sl,0.1,0.7000000000000001,-135.51316000000332,-1.0,-4530.746782052183
2026-05-27,1,2026-05-27 06:40:00,2026-05-27 10:39:15,48,4483.388,4469.937836,4469.937836,4506.632866666669,4506.632866666669,-0.511598511545088,sl,0.1,0.7000000000000001,-135.20163999999858,-1.0,-4665.948422052183
2026-05-27,1,2026-05-27 10:45:00,2026-05-27 10:46:25,1,4465.966,4452.568102,4452.568102,4499.065299741604,4499.065299741604,-0.7352482690905519,sl,0.1,0.7000000000000001,-134.67898000000167,-1.0,-4800.627402052185
2026-05-27,1,2026-05-27 10:55:00,2026-05-27 11:56:05,13,4445.011,4431.675967,4431.675967,4498.312353689568,4498.312353689568,-1.1839629954973006,sl,0.1,0.7000000000000001,-134.05033000000293,-1.0,-4934.677732052189
2026-05-27,1,2026-05-27 12:05:00,2026-05-27 13:06:55,13,4434.714,4421.409858,4421.409858,4492.890733333334,4492.890733333334,-1.3038316934512422,sl,0.1,0.7000000000000001,-133.74141999999955,-1.0,-5068.419152052189
2026-05-27,1,2026-05-27 13:15:00,2026-05-27 13:28:30,3,4416.74,4403.48978,4403.48978,4488.298155136269,4488.298155136269,-1.5942157286138843,sl,0.1,0.7000000000000001,-133.20219999999898,-1.0,-5201.621352052189
2026-05-27,1,2026-05-27 13:35:00,2026-05-27 23:59:55,113,4423.918,4447.245,4410.646245999999,4486.463190184049,4486.463190184049,-1.3964048634371835,session_end,0.1,0.7000000000000001,232.57000000000227,1.7576425843938674,-4969.051352052187
2026-05-28,1,2026-05-28 01:20:00,2026-05-28 01:26:55,2,4433.807,4420.505579,4420.505579,4448.258000000001,4448.258000000001,-0.3272966630982329,sl,0.1,0.7000000000000001,-133.71421000000117,-1.0,-5102.765562052189
2026-05-28,1,2026-05-28 01:35:00,2026-05-28 01:53:10,4,4425.29,4412.01413,4412.01413,4444.6753333333345,4444.6753333333345,-0.4372272860425118,sl,0.1,0.7000000000000001,-133.45870000000394,-1.0,-5236.224262052194
2026-05-28,1,2026-05-28 02:00:00,2026-05-28 02:13:35,3,4410.041,4396.810877,4396.810877,4438.806972222223,4438.806972222223,-0.6504218904515484,sl,0.1,0.7000000000000001,-133.00123000000275,-1.0,-5369.225492052197
2026-05-28,1,2026-05-28 02:20:00,2026-05-28 03:02:00,9,4404.603,4391.389191,4391.389191,4433.964821428572,4433.964821428572,-0.6695321822378977,sl,0.1,0.7000000000000001,-132.83808999999854,-1.0,-5502.063582052197
2026-05-28,1,2026-05-28 03:10:00,2026-05-28 03:19:15,2,4396.851,4383.660446999999,4383.660446999999,4425.270491228071,4425.270491228071,-0.6484008443087853,sl,0.1,0.7000000000000001,-132.60553000000363,-1.0,-5634.669112052201
2026-05-28,1,2026-05-28 03:25:00,2026-05-28 03:38:15,3,4386.74,4373.57978,4373.57978,4422.63380487805,4422.63380487805,-0.8139675692421996,sl,0.1,0.7000000000000001,-132.30219999999753,-1.0,-5766.971312052199
2026-05-28,1,2026-05-28 03:45:00,2026-05-28 09:21:50,68,4376.953,4397.701741071428,4363.822141000001,4418.8426148148155,4418.8426148148155,-0.9543362027294636,tp,0.1,0.7000000000000001,206.78741071427504,1.5801510831414536,-5560.183901337925
2026-05-28,1,2026-05-28 10:50:00,2026-05-28 12:36:40,22,4381.08,4395.898081677704,4367.93676,4397.351856410256,4397.351856410256,-0.36987843914619467,tp,0.1,0.7000000000000001,147.4808167770396,1.1274298938240177,-5412.703084560886
2026-05-28,-1,2026-05-28 12:50:00,2026-05-28 12:55:20,2,4409.676,4422.905028,4422.905028,4396.015406926406,4396.015406926406,0.3132971975460765,sl,0.1,0.7000000000000001,-132.99027999999743,-1.0,-5545.693364560884
2026-05-28,-1,2026-05-28 13:05:00,2026-05-28 14:12:50,14,4432.847,4446.145540999999,4446.145540999999,4396.592445859873,4396.592445859873,0.8177367946392785,sl,0.1,0.7000000000000001,-133.68540999999203,-1.0,-5679.378774560877
2026-05-28,-1,2026-05-28 14:20:00,2026-05-28 14:46:05,6,4464.588,4477.981763999999,4477.981763999999,4399.698722868217,4399.698722868217,1.4699705867500916,sl,0.1,0.7000000000000001,-134.63763999999463,-1.0,-5814.016414560872
2026-05-28,-1,2026-05-28 14:55:00,2026-05-28 15:36:00,9,4470.452,4483.863356,4483.863356,4402.222884543761,4402.222884543761,1.5511280834049648,sl,0.1,0.7000000000000001,-134.81355999999613,-1.0,-5948.829974560869
2026-05-28,-1,2026-05-28 15:45:00,2026-05-28 16:18:05,7,4479.624,4493.0628719999995,4493.0628719999995,4406.094582010583,4406.094582010583,1.6620709480094802,sl,0.1,0.7000000000000001,-135.08871999999718,-1.0,-6083.918694560867
2026-05-28,-1,2026-05-28 16:25:00,2026-05-28 18:02:45,20,4501.965,4515.4708949999995,4515.4708949999995,4409.310500846024,4409.310500846024,2.1015417067180078,sl,0.1,0.7000000000000001,-135.75894999999326,-1.0,-6219.677644560861
2026-05-28,-1,2026-05-28 18:10:00,2026-05-28 23:59:55,58,4509.946,4495.178,4523.475837999999,4418.643136085628,4418.643136085628,2.065631034309527,session_end,0.1,0.7000000000000001,146.9800000000003,1.0915134386679726,-6072.697644560862
2026-05-29,-1,2026-05-29 01:15:00,2026-05-29 01:50:00,8,4515.048,4501.724696969697,4528.5931439999995,4498.325466666667,4498.325466666667,0.3693048325745788,tp,0.1,0.7000000000000001,132.5330303030267,0.9836221032646795,-5940.164614257836
2026-05-29,-1,2026-05-29 06:05:00,2026-05-29 09:44:50,44,4518.922,4532.478765999999,4532.478765999999,4504.43112785388,4504.43112785388,0.32416684219737674,sl,0.1,0.7000000000000001,-136.26765999999697,-1.0,-6076.432274257833
2026-05-29,-1,2026-05-29 09:50:00,2026-05-29 12:42:05,35,4537.262,4514.873813596492,4550.873785999999,4510.2601129943505,4510.2601129943505,0.5957281028701298,tp,0.1,0.7000000000000001,223.18186403507463,1.6447647945323494,-5853.2504102227595
2026-05-29,-1,2026-05-29 13:40:00,2026-05-29 14:01:45,5,4531.44,4545.034319999999,4545.034319999999,4515.437174796749,4515.437174796749,0.35892040074681947,sl,0.1,0.7000000000000001,-136.64319999999242,-1.0,-5989.893610222753
2026-05-29,-1,2026-05-29 14:10:00,2026-05-29 14:53:20,9,4550.957,4564.609871,4564.609871,4516.27861764706,4516.27861764706,0.7705322301631987,sl,0.1,0.7000000000000001,-137.2287099999932,-1.0,-6127.122320222747
2026-05-29,-1,2026-05-29 15:00:00,2026-05-29 15:04:55,1,4564.34,4578.03302,4578.03302,4517.673440740743,4517.673440740743,1.035301906451826,sl,0.1,0.7000000000000001,-137.63019999999705,-1.0,-6264.752520222744
2026-05-29,-1,2026-05-29 15:10:00,2026-05-29 20:57:55,70,4587.907,4540.567,4601.6707209999995,4518.345871794873,4518.345871794873,1.5420937259379872,session_end,0.1,0.7000000000000001,472.70000000000147,3.4394768682104484,-5792.052520222744
2026-06-01,1,2026-06-01 03:10:00,2026-06-01 05:49:45,32,4517.873,4525.285555555553,4504.319380999999,4532.363938596491,4532.363938596491,-0.32078047556333406,tp,0.1,0.7000000000000001,73.42555555553808,0.5469060002021356,-5718.626964667206
2026-06-01,1,2026-06-01 06:25:00,2026-06-01 07:47:45,17,4506.427,4492.907719,4492.907719,4524.400402597401,4524.400402597401,-0.39712229242765623,sl,0.1,0.7000000000000001,-135.89280999999863,-1.0,-5854.519774667206
2026-06-01,1,2026-06-01 07:55:00,2026-06-01 13:11:55,64,4495.699,4482.211902999999,4482.211902999999,4520.634701754384,4520.634701754384,-0.5603793145363656,sl,0.1,0.7000000000000001,-135.57097000000175,-1.0,-5990.090744667208
2026-06-01,1,2026-06-01 13:20:00,2026-06-01 13:21:35,1,4482.177,4468.730469,4468.730469,4512.758872916666,4512.758872916666,-0.6722688663633004,sl,0.1,0.7000000000000001,-135.16530999999594,-1.0,-6125.256054667205
2026-06-01,1,2026-06-01 13:30:00,2026-06-01 13:55:20,6,4465.282,4451.886154,4451.886154,4512.210977366255,4512.210977366255,-1.0394677376905812,sl,0.1,0.7000000000000001,-134.65846000000346,-1.0,-6259.914514667209
2026-06-01,1,2026-06-01 14:05:00,2026-06-01 23:59:55,107,4454.547,4484.379,4441.183359,4510.126220907298,4510.126220907298,-1.2287288247145842,session_end,0.1,0.7000000000000001,297.62000000000336,2.2323257561319196,-5962.294514667206
2026-06-02,-1,2026-06-02 03:50:00,2026-06-02 04:46:10,12,4498.073,4511.567219,4511.567219,4484.420050724637,4484.420050724637,0.30545642737348055,sl,0.1,0.7000000000000001,-135.64218999999247,-1.0,-6097.9367046672
2026-06-02,-1,2026-06-02 04:55:00,2026-06-02 05:32:00,8,4512.811,4526.349432999999,4526.349432999999,4489.074802259886,4489.074802259886,0.5302695719868609,sl,0.1,0.7000000000000001,-136.08432999999712,-1.0,-6234.0210346671975
2026-06-02,-1,2026-06-02 05:40:00,2026-06-02 06:31:45,11,4523.793,4537.364378999999,4537.364378999999,4493.064014705882,4493.064014705882,0.6809158559500308,sl,0.1,0.7000000000000001,-136.41378999999068,-1.0,-6370.434824667189
2026-06-02,-1,2026-06-02 06:40:00,2026-06-02 13:00:00,77,4534.279,4513.497858974358,4547.881837,4497.844616666667,4497.844616666667,0.809818622865789,tp,0.1,0.7000000000000001,207.11141025642684,1.527706391368471,-6163.323414410763
2026-06-02,1,2026-06-02 14:20:00,2026-06-02 17:36:45,40,4496.291,4482.802127,4482.802127,4513.113244186046,4513.113244186046,-0.37531174755844265,sl,0.1,0.7000000000000001,-135.58873000000239,-1.0,-6298.912144410766
2026-06-02,1,2026-06-02 17:45:00,2026-06-02 23:19:35,55,4484.903,4471.448291000001,4471.448291000001,4510.006364632237,4510.006364632237,-0.5590095133777636,sl,0.1,0.7000000000000001,-135.24708999999638,-1.0,-6434.159234410763
2026-06-03,-1,2026-06-03 00:45:00,2026-06-03 01:00:05,4,4495.79,4483.843166666667,4509.27737,4481.8526296296295,4481.8526296296295,0.310861858291884,tp,0.1,0.7000000000000001,118.76833333333416,0.88577931304128,-6315.39090107743
2026-06-03,1,2026-06-03 01:25:00,2026-06-03 02:09:25,9,4466.55,4477.624693333335,4453.15035,4480.44974509804,4480.44974509804,-0.3098962356006842,tp,0.1,0.7000000000000001,110.04693333334835,0.8264912391991278,-6205.343967744082
2026-06-03,1,2026-06-03 05:45:00,2026-06-03 08:51:45,38,4461.928,4448.542216,4448.542216,4477.89339130435,4477.89339130435,-0.3497714200781403,sl,0.1,0.7000000000000001,-134.55784000000057,-1.0,-6339.901807744083
2026-06-03,1,2026-06-03 09:00:00,2026-06-03 11:08:25,26,4443.926,4467.865526315792,4430.594222000001,4471.314703703705,4471.314703703705,-0.6056541643394758,tp,0.1,0.7000000000000001,238.69526315791228,1.7956739390493646,-6101.206544586172
2026-06-03,1,2026-06-03 12:30:00,2026-06-03 12:51:50,5,4453.17,4466.841021645023,4439.81049,4467.153502222222,4467.153502222222,-0.31687969117651876,tp,0.1,0.7000000000000001,136.01021645022848,1.0233175951081002,-5965.196328135944
2026-06-03,1,2026-06-03 13:25:00,2026-06-03 13:42:50,4,4450.386,4437.034842,4437.034842,4466.559196687372,4466.559196687372,-0.361916096384895,sl,0.1,0.7000000000000001,-134.21158000000395,-1.0,-6099.407908135949
2026-06-03,1,2026-06-03 13:50:00,2026-06-03 23:45:05,108,4436.946,4456.749380952382,4423.635162,4465.8553714859445,4465.8553714859445,-0.6472751372672827,tp,0.1,0.7000000000000001,197.33380952382214,1.4877636518738881,-5902.074098612127
2026-06-04,-1,2026-06-04 01:25:00,2026-06-04 01:52:20,6,4469.619,4457.183166666667,4483.027856999999,4454.629098039215,4454.629098039215,0.34036283666038386,tp,0.1,0.7000000000000001,123.65833333332994,0.92743425732212,-5778.415765278798
2026-06-04,-1,2026-06-04 02:55:00,2026-06-04 03:43:40,10,4474.543,4461.682446969697,4487.966629,4459.318771428572,4459.318771428572,0.34034859020777464,tp,0.1,0.7000000000000001,127.9055303030298,0.9580533721770085,-5650.510234975769
2026-06-04,-1,2026-06-04 04:35:00,2026-06-04 06:46:50,27,4480.054,4466.5991728395065,4493.494162,4462.899648484848,4462.899648484848,0.3921968427207415,tp,0.1,0.7000000000000001,133.84827160493552,1.0010911446226376,-5516.661963370834
2026-06-04,-1,2026-06-04 11:30:00,2026-06-04 11:48:25,4,4489.527,4502.995580999999,4502.995580999999,4466.984002415459,4466.984002415459,0.5045461898308498,sl,0.1,0.7000000000000001,-135.38580999999175,-1.0,-5652.047773370827
2026-06-04,-1,2026-06-04 11:55:00,2026-06-04 14:43:35,34,4503.688,4473.841638257576,4517.199063999999,4467.902417249417,4467.902417249417,0.8008586448181905,tp,0.1,0.7000000000000001,297.7636174242405,2.209031186768524,-5354.284155946587
2026-06-05,1,2026-06-05 03:05:00,2026-06-05 05:03:05,24,4438.685,4448.712794444445,4425.368945,4453.671162162162,4453.671162162162,-0.3362880108753032,tp,0.1,0.7000000000000001,99.57794444444225,0.7530604555511411,-5254.706211502145
2026-06-05,-1,2026-06-05 07:20:00,2026-06-05 11:52:00,55,4461.697,4475.082090999999,4475.082090999999,4448.121083333334,4448.121083333334,0.30662197388846996,sl,0.1,0.7000000000000001,-134.55090999999192,-1.0,-5389.257121502138
2026-06-05,-1,2026-06-05 12:00:00,2026-06-05 12:30:00,7,4470.145,4455.016480000003,4483.555435,4454.455712962965,4454.455712962965,0.35847897175328786,tp,0.1,0.7000000000000001,150.5851999999748,1.1281155309277981,-5238.671921502164
2026-06-05,1,2026-06-05 12:50:00,2026-06-05 12:51:55,1,4440.47,4427.148590000001,4427.148590000001,4454.82432683983,4454.82432683983,-0.3221075801659916,sl,0.1,0.7000000000000001,-133.91409999999559,-1.0,-5372.58602150216
2026-06-05,1,2026-06-05 13:00:00,2026-06-05 13:37:05,8,4406.486,4393.266542,4393.266542,4454.349346153849,4454.349346153849,-1.0775164322325106,sl,0.1,0.7000000000000001,-132.89457999999576,-1.0,-5505.480601502157
2026-06-05,1,2026-06-05 13:45:00,2026-06-05 13:57:55,3,4389.702,4376.532894,4376.532894,4451.831254545456,4451.831254545456,-1.3951169977981992,sl,0.1,0.7000000000000001,-132.39106000000282,-1.0,-5637.87166150216
2026-06-05,1,2026-06-05 14:05:00,2026-06-05 14:22:30,4,4372.296,4359.179112000001,4359.179112000001,4450.105033530574,4450.105033530574,-1.7525886005593392,sl,0.1,0.7000000000000001,-131.8688799999956,-1.0,-5769.740541502157
2026-06-05,1,2026-06-05 14:30:00,2026-06-05 14:37:30,2,4360.987,4347.904039,4347.904039,4447.686116858239,4447.686116858239,-1.9427656221225404,sl,0.1,0.7000000000000001,-131.52961000000067,-1.0,-5901.270151502158
2026-06-05,1,2026-06-05 14:45:00,2026-06-05 15:38:50,11,4349.271,4336.223187,4336.223187,4446.054691148777,4446.054691148777,-2.1726159001390712,sl,0.1,0.7000000000000001,-131.17813000000132,-1.0,-6032.44828150216
2026-06-05,1,2026-06-05 15:45:00,2026-06-05 16:19:10,7,4338.913,4325.896261,4325.896261,4440.280059964727,4440.280059964727,-2.2869742131881163,sl,0.1,0.7000000000000001,-130.86738999999687,-1.0,-6163.315671502158
2026-06-05,1,2026-06-05 16:25:00,2026-06-05 18:43:50,28,4328.939,4315.952183,4315.952183,4435.982064297801,4435.982064297801,-2.4221257602133472,sl,0.1,0.7000000000000001,-130.56816999999972,-1.0,-6293.883841502158
2026-06-05,1,2026-06-05 18:50:00,2026-06-05 20:57:55,26,4321.701,4328.864,4308.735897,4422.8643967551625,4422.8643967551625,-2.2898824759236396,session_end,0.1,0.7000000000000001,70.92999999999556,0.5524830770722998,-6222.953841502163
2026-06-08,1,2026-06-08 01:15:00,2026-06-08 01:19:10,1,4327.37,4314.38789,4314.38789,4343.8858222222225,4343.8858222222225,-0.38278681583109153,sl,0.1,0.7000000000000001,-130.5210999999992,-1.0,-6353.474941502163
2026-06-08,1,2026-06-08 01:25:00,2026-06-08 01:30:20,2,4322.114,4309.147658,4309.147658,4341.053431372549,4341.053431372549,-0.4362174221514206,sl,0.1,0.7000000000000001,-130.36341999999712,-1.0,-6483.838361502159
2026-06-08,1,2026-06-08 01:40:00,2026-06-08 03:13:05,19,4317.318,4304.366046,4304.366046,4337.068233333333,4337.068233333333,-0.453722013919295,sl,0.1,0.7000000000000001,-130.21954000000113,-1.0,-6614.057901502161
2026-06-08,1,2026-06-08 03:20:00,2026-06-08 05:34:25,27,4307.672,4294.748984,4294.748984,4326.485308333334,4326.485308333334,-0.4372904791076726,sl,0.1,0.7000000000000001,-129.93015999999733,-1.0,-6743.9880615021575
2026-06-08,1,2026-06-08 05:40:00,2026-06-08 07:25:35,22,4291.088,4315.295127340825,4278.214736,4320.095598039217,4320.095598039217,-0.6749989063309864,tp,0.1,0.7000000000000001,241.37127340825538,1.8804187765298563,-6502.616788093903
2026-06-08,1,2026-06-08 07:45:00,2026-06-08 08:17:30,7,4302.066,4289.159802,4289.159802,4314.949394265234,4314.949394265234,-0.3009860157918802,sl,0.1,0.7000000000000001,-129.76197999999675,-1.0,-6632.3787680938985
2026-06-08,1,2026-06-08 08:25:00,2026-06-08 09:32:00,14,4289.131,4276.263607,4276.263607,4313.324920792081,4313.324920792081,-0.5636236833189069,sl,0.1,0.7000000000000001,-129.37393000000446,-1.0,-6761.752698093904
2026-06-08,1,2026-06-08 09:40:00,2026-06-08 11:10:40,19,4293.774,4308.282159203981,4280.892678,4309.995137931035,4309.995137931035,-0.37594329952802996,tp,0.1,0.7000000000000001,144.3815920398054,1.1262942735210202,-6617.371106054099
2026-06-08,-1,2026-06-08 11:20:00,2026-06-08 13:31:20,27,4327.007,4339.988020999999,4339.988020999999,4308.431080882354,4308.431080882354,0.43660717241399893,sl,0.1,0.7000000000000001,-130.510209999996,-1.0,-6747.881316054096
2026-06-08,-1,2026-06-08 13:40:00,2026-06-08 23:30:00,107,4340.809,4319.856022222222,4353.831427,4311.985658536586,4311.985658536586,0.6713227676466393,tp,0.1,0.7000000000000001,208.8297777777796,1.6089917630391135,-6539.051538276315
2026-06-09,-1,2026-06-09 01:30:00,2026-06-09 04:16:40,34,4335.456,4330.8397124183,4348.4623679999995,4321.365277777779,4321.365277777779,0.3244512167097251,tp,0.1,0.7000000000000001,45.46287581699907,0.354925186008894,-6493.588662459315
2026-06-09,-1,2026-06-09 05:45:00,2026-06-09 06:31:05,10,4348.731,4332.86291880342,4361.777192999999,4331.420975845411,4331.420975845411,0.39896893538999645,tp,0.1,0.7000000000000001,157.98081196579625,1.2162997432722766,-6335.607850493519
2026-06-09,-1,2026-06-09 13:50:00,2026-06-09 13:55:00,2,4352.448,4333.530439121754,4365.505344,4333.48931325301,4333.48931325301,0.4408845935897462,tp,0.1,0.7000000000000001,188.4756087824615,1.4488061950612925,-6147.132241711059
2026-06-09,1,2026-06-09 14:20:00,2026-06-09 14:43:05,5,4311.632,4298.697104,4298.697104,4333.2893178294535,4333.2893178294535,-0.5063663240571398,sl,0.1,0.7000000000000001,-130.04895999999752,-1.0,-6277.181201711057
2026-06-09,1,2026-06-09 14:50:00,2026-06-09 15:31:45,9,4283.865,4271.013405,4271.013405,4332.36608426966,4332.36608426966,-1.1178206856871316,sl,0.1,0.7000000000000001,-129.21595000000087,-1.0,-6406.3971517110585
2026-06-09,1,2026-06-09 15:40:00,2026-06-09 16:19:10,8,4270.096,4257.285712,4257.285712,4330.015363475175,4330.015363475175,-1.3830057967072376,sl,0.1,0.7000000000000001,-128.80287999999672,-1.0,-6535.200031711054
2026-06-09,1,2026-06-09 16:25:00,2026-06-09 16:38:10,3,4262.244,4249.457268,4249.457268,4327.30300507614,4327.30300507614,-1.501027429785839,sl,0.1,0.7000000000000001,-128.56731999999573,-1.0,-6663.767351711049
2026-06-09,1,2026-06-09 16:45:00,2026-06-09 23:15:25,67,4244.901,4232.166297,4232.166297,4325.855175787726,4325.855175787726,-1.8642828414393349,sl,0.1,0.7000000000000001,-128.0470300000008,-1.0,-6791.81438171105
2026-06-10,1,2026-06-10 00:35:00,2026-06-10 00:58:25,5,4206.616,4215.355303030303,4193.996152,4221.367571428572,4221.367571428572,-0.34885783290339145,tp,0.1,0.7000000000000001,86.69303030302835,0.6925046189385676,-6705.121351408023
2026-06-10,1,2026-06-10 01:05:00,2026-06-10 01:17:20,3,4194.673,4212.161177777777,4182.088981,4214.391846153846,4214.391846153846,-0.4723064888238044,tp,0.1,0.7000000000000001,174.1817777777731,1.3897132369060672,-6530.93957363025
2026-06-10,1,2026-06-10 01:45:00,2026-06-10 02:33:45,10,4187.558,4174.995326,4174.995326,4209.202396825397,4209.202396825397,-0.5166156144403321,sl,0.1,0.7000000000000001,-126.32673999999788,-1.0,-6657.266313630247
2026-06-10,1,2026-06-10 02:40:00,2026-06-10 04:45:40,26,4184.927,4172.372219,4172.372219,4201.09046875,4201.09046875,-0.3871725417719822,sl,0.1,0.7000000000000001,-126.24780999999821,-1.0,-6783.514123630244
2026-06-10,1,2026-06-10 04:55:00,2026-06-10 05:32:20,8,4175.131,4189.719338383837,4162.605607,4191.078943502825,4191.078943502825,-0.38376617858173867,tp,0.1,0.7000000000000001,145.18338383836345,1.1647010504050825,-6638.33073979188
2026-06-10,-1,2026-06-10 05:50:00,2026-06-10 06:06:25,4,4202.836,4215.444508,4215.444508,4190.022566666666,4190.022566666666,0.30821870593427936,sl,0.1,0.7000000000000001,-126.78507999999347,-1.0,-6765.115819791874
2026-06-10,-1,2026-06-10 06:15:00,2026-06-10 07:28:05,15,4212.825,4193.702164794006,4225.463475,4191.319773333332,4191.319773333332,0.5174557857564634,tp,0.1,0.7000000000000001,190.52835205993398,1.513065081506573,-6574.587467731941
2026-06-10,1,2026-06-10 08:05:00,2026-06-10 11:56:30,47,4164.711,4152.216867,4152.216867,4193.247872852234,4193.247872852234,-0.6833336287545391,sl,0.1,0.7000000000000001,-125.64133000000147,-1.0,-6700.228797731943
2026-06-10,1,2026-06-10 12:05:00,2026-06-10 12:12:50,2,4147.419,4134.976743,4134.976743,4184.487232183908,4184.487232183908,-0.8910585721741703,sl,0.1,0.7000000000000001,-125.122569999997,-1.0,-6825.351367731939
2026-06-10,1,2026-06-10 12:20:00,2026-06-10 13:45:45,18,4136.626,4180.361092929293,4124.216122,4183.612563063063,4183.612563063063,-1.1226556559691332,tp,0.1,0.7000000000000001,436.6509292929248,3.524216187241414,-6388.700438439013
2026-06-10,1,2026-06-10 14:30:00,2026-06-10 14:45:30,4,4161.064,4148.580808000001,4148.580808000001,4180.049875478927,4180.049875478927,-0.45381935728107764,sl,0.1,0.7000000000000001,-125.5319199999969,-1.0,-6514.232358439011
2026-06-10,1,2026-06-10 14:55:00,2026-06-10 14:56:15,1,4138.274,4125.859178000001,4125.859178000001,4179.23547113594,4179.23547113594,-0.9799034157988912,sl,0.1,0.7000000000000001,-124.84821999999731,-1.0,-6639.080578439007
2026-06-10,1,2026-06-10 15:05:00,2026-06-10 15:18:00,3,4129.425,4117.036725,4117.036725,4178.673414364641,4178.673414364641,-1.1810067327825418,sl,0.1,0.7000000000000001,-124.58275000000249,-1.0,-6763.663328439008
2026-06-10,1,2026-06-10 15:25:00,2026-06-10 15:47:30,5,4130.242,4117.851274000001,4117.851274000001,4177.479093693692,4177.479093693692,-1.1305405158098243,sl,0.1,0.7000000000000001,-124.60725999999632,-1.0,-6888.270588439005
2026-06-10,1,2026-06-10 15:55:00,2026-06-10 17:30:25,20,4120.526,4108.164422,4108.164422,4175.824931937172,4175.824931937172,-1.3300828660794766,sl,0.1,0.7000000000000001,-124.31578000000009,-1.0,-7012.586368439006
2026-06-10,1,2026-06-10 17:40:00,2026-06-10 19:10:40,19,4105.373,4093.0568809999995,4093.0568809999995,4170.538117924529,4170.538117924529,-1.566539282874169,sl,0.1,0.7000000000000001,-123.86119000000072,-1.0,-7136.447558439006
2026-06-10,1,2026-06-10 19:20:00,2026-06-10 20:02:00,9,4090.142,4077.871574,4077.871574,4165.022573275862,4165.022573275862,-1.8019967948656468,sl,0.1,0.7000000000000001,-123.40426000000043,-1.0,-7259.851818439005
2026-06-10,1,2026-06-10 20:10:00,2026-06-10 22:03:20,11,4071.42,4059.20574,4059.20574,4161.695443526171,4161.695443526171,-2.171553511123788,sl,0.1,0.7000000000000001,-122.84260000000195,-1.0,-7382.694418439009
2026-06-10,1,2026-06-10 22:10:00,2026-06-10 22:21:35,3,4051.05,4038.89685,4038.89685,4157.415975065618,4157.415975065618,-2.5535567213464274,sl,0.1,0.7000000000000001,-122.23150000000096,-1.0,-7504.92591843901
2026-06-10,1,2026-06-10 22:30:00,2026-06-10 23:12:40,9,4044.83,4032.69551,4032.69551,4155.69958010336,4155.69958010336,-2.6674108165586645,sl,0.1,0.7000000000000001,-122.04489999999915,-1.0,-7626.970818439011
2026-06-11,-1,2026-06-11 01:00:00,2026-06-11 01:00:10,1,4075.6,4087.8267999999994,4087.8267999999994,4062.218638888889,4062.218638888889,0.33312734527781596,sl,0.1,0.7000000000000001,-122.96799999999457,-1.0,-7749.9388184390045
2026-06-11,-1,2026-06-11 01:10:00,2026-06-11 01:16:05,2,4078.73,4090.9661899999996,4090.9661899999996,4064.5037857142856,4064.5037857142856,0.34873172797951524,sl,0.1,0.7000000000000001,-123.06189999999624,-1.0,-7873.0007184390015
2026-06-11,-1,2026-06-11 01:25:00,2026-06-11 01:39:45,3,4102.751,4115.059252999999,4115.059252999999,4069.449196078432,4069.449196078432,0.8140365520103039,sl,0.1,0.7000000000000001,-123.7825299999924,-1.0,-7996.783248438995
2026-06-11,-1,2026-06-11 01:45:00,2026-06-11 02:29:45,9,4113.631,4083.222643678161,4125.971893,4077.25607936508,4077.25607936508,0.8919950066168867,tp,0.1,0.7000000000000001,303.38356321839166,2.4640320859957345,-7693.399685220604
2026-06-11,1,2026-06-11 02:40:00,2026-06-11 02:48:00,2,4067.257,4055.055229,4055.055229,4082.6478750000006,4082.6478750000006,-0.3831061477473245,sl,0.1,0.7000000000000001,-122.71771000000008,-1.0,-7816.1173952206045
2026-06-11,1,2026-06-11 02:55:00,2026-06-11 04:08:45,15,4062.483,4077.283632653063,4050.295551,4080.641171428572,4080.641171428572,-0.43905285164536434,tp,0.1,0.7000000000000001,147.30632653062622,1.2144159662175902,-7668.811068689978
2026-06-11,-1,2026-06-11 05:35:00,2026-06-11 06:07:40,7,4095.154,4079.541657534248,4107.439461999999,4078.1100945273647,4078.1100945273647,0.42036396946811166,tp,0.1,0.7000000000000001,155.42342465752137,1.2707981568583204,-7513.387644032457
2026-06-11,-1,2026-06-11 06:45:00,2026-06-11 07:18:25,7,4092.684,4104.962052,4104.962052,4080.227901234569,4080.227901234569,0.3099115802233764,sl,0.1,0.7000000000000001,-123.48051999999662,-1.0,-7636.868164032454
2026-06-11,-1,2026-06-11 07:25:00,2026-06-11 08:59:55,19,4107.588,4085.175560747665,4119.910763999999,4081.752044943822,4081.752044943822,0.6421496153507391,tp,0.1,0.7000000000000001,223.42439252334935,1.8187834525059272,-7413.443771509104
2026-06-11,1,2026-06-11 12:25:00,2026-06-11 12:55:30,7,4069.162,4085.098746236561,4056.954514,4085.6851208053713,4085.6851208053713,-0.4067890773260344,tp,0.1,0.7000000000000001,158.6674623656125,1.3054896181377167,-7254.776309143494
2026-06-11,1,2026-06-11 14:10:00,2026-06-11 14:26:05,4,4062.87,4084.199479768786,4050.6813899999997,4084.531552941177,4084.531552941177,-0.5326572376582668,tp,0.1,0.7000000000000001,212.59479768786315,1.749951780292096,-7042.18151145563
2026-06-11,-1,2026-06-11 16:15:00,2026-06-11 16:25:45,3,4102.604,4084.1481404399315,4114.911811999999,4084.027806837606,4084.027806837606,0.4542131944189065,tp,0.1,0.7000000000000001,183.85859560068803,1.4995240063847373,-6858.322915854944
2026-06-11,-1,2026-06-11 17:30:00,2026-06-11 17:30:10,1,4101.668,4113.9730039999995,4113.9730039999995,4083.96577936508,4083.96577936508,0.4364684132512851,sl,0.1,0.7000000000000001,-123.75003999999826,-1.0,-6982.072955854943
2026-06-11,-1,2026-06-11 17:40:00,2026-06-11 17:41:55,1,4150.339,4162.790016999999,4162.790016999999,4084.500251572327,4084.500251572327,1.6146099734548027,sl,0.1,0.7000000000000001,-125.21016999999411,-1.0,-7107.283125854938
2026-06-11,-1,2026-06-11 17:50:00,2026-06-11 18:46:50,12,4154.547,4167.010640999999,4167.010640999999,4085.2048831775705,4085.2048831775705,1.6970046498256872,sl,0.1,0.7000000000000001,-125.3364099999937,-1.0,-7232.61953585493
2026-06-11,-1,2026-06-11 18:55:00,2026-06-11 19:11:15,4,4164.924,4177.418771999999,4177.418771999999,4089.1450822320126,4089.1450822320126,1.855593681370936,sl,0.1,0.7000000000000001,-125.64771999999103,-1.0,-7358.26725585492
2026-06-11,-1,2026-06-11 19:20:00,2026-06-11 19:30:45,3,4195.816,4208.403447999999,4208.403447999999,4091.028117816093,4091.028117816093,2.5580093602429494,sl,0.1,0.7000000000000001,-126.57447999999313,-1.0,-7484.841735854912
2026-06-11,-1,2026-06-11 19:40:00,2026-06-11 22:43:05,25,4208.715,4221.341144999999,4221.341144999999,4092.910444915255,4092.910444915255,2.8291250601048072,sl,0.1,0.7000000000000001,-126.9614499999927,-1.0,-7611.803185854904
2026-06-11,-1,2026-06-11 22:50:00,2026-06-11 22:57:35,2,4232.158,4244.854474,4244.854474,4104.852614503818,4104.852614503818,3.0938110919612987,sl,0.1,0.7000000000000001,-127.66473999999398,-1.0,-7739.467925854897
2026-06-12,1,2026-06-12 00:45:00,2026-06-12 01:02:55,4,4204.327,4191.714019,4191.714019,4218.08474074074,4218.08474074074,-0.32898202842417473,sl,0.1,0.7000000000000001,-126.82981000000218,-1.0,-7866.2977358549
2026-06-12,1,2026-06-12 01:10:00,2026-06-12 01:27:20,4,4193.163,4180.583511,4180.583511,4211.294952380952,4211.294952380952,-0.43297732852084786,sl,0.1,0.7000000000000001,-126.4948899999974,-1.0,-7992.792625854898
2026-06-12,1,2026-06-12 01:35:00,2026-06-12 02:10:45,8,4179.989,4199.85276923077,4167.449033,4204.78247368421,4204.78247368421,-0.5920751867669488,tp,0.1,0.7000000000000001,197.93769230770232,1.5840368025506524,-7794.854933547194
2026-06-12,1,2026-06-12 02:35:00,2026-06-12 03:15:50,9,4183.285,4196.801452991453,4170.735145,4198.412688172043,4198.412688172043,-0.3628439913722639,tp,0.1,0.7000000000000001,134.46452991452753,1.0770206501551236,-7660.390403632668
2026-06-12,1,2026-06-12 05:35:00,2026-06-12 07:59:35,29,4180.535,4190.555350877193,4167.9933949999995,4195.600880597014,4195.600880597014,-0.358730037135283,tp,0.1,0.7000000000000001,99.50350877192868,0.7989687824798016,-7560.886894860738
2026-06-12,-1,2026-06-12 08:15:00,2026-06-12 08:18:25,1,4203.724,4216.335172,4216.335172,4190.831919191919,4190.831919191919,0.3086518633411321,sl,0.1,0.7000000000000001,-126.81171999999897,-1.0,-7687.698614860736
2026-06-12,-1,2026-06-12 08:25:00,2026-06-12 11:32:45,38,4218.132,4198.323782608694,4230.7863959999995,4191.308138613861,4191.308138613861,0.6395822139434547,tp,0.1,0.7000000000000001,197.38217391305335,1.5653230222371326,-7490.316440947681
2026-06-12,-1,2026-06-12 11:55:00,2026-06-12 12:30:10,8,4214.758,4199.049266666665,4227.402273999999,4198.608575757575,4198.608575757575,0.3872812611375904,tp,0.1,0.7000000000000001,156.3873333333475,1.2423594532462363,-7333.9291076143345
2026-06-12,1,2026-06-12 14:45:00,2026-06-12 14:52:50,2,4184.502,4198.282597378277,4171.948494,4198.37604519774,4198.37604519774,-0.33031927222437746,tp,0.1,0.7000000000000001,137.1059737827698,1.0977488980589776,-7196.823133831564
2026-06-12,-1,2026-06-12 15:15:00,2026-06-12 15:24:30,2,4214.001,4226.643003,4226.643003,4198.481382513661,4198.481382513661,0.36926726770565854,sl,0.1,0.7000000000000001,-127.12002999999932,-1.0,-7323.943163831562
2026-06-12,-1,2026-06-12 15:30:00,2026-06-12 19:35:05,50,4225.986,4203.074004255319,4238.663957999999,4198.871879928315,4198.871879928315,0.6481769591919352,tp,0.1,0.7000000000000001,228.4199574468101,1.8072307657654536,-7095.523206384751
2026-06-15,-1,2026-06-15 01:35:00,2026-06-15 02:13:10,8,4312.47,4325.40741,4325.40741,4298.482368421053,4298.482368421053,0.3253388145008078,sl,0.1,0.7000000000000001,-130.07409999999544,-1.0,-7225.597306384745
2026-06-15,-1,2026-06-15 02:20:00,2026-06-15 05:42:10,41,4325.439,4318.196509803922,4338.415317,4305.257547619049,4305.257547619049,0.46867004256480915,tp,0.1,0.7000000000000001,71.72490196078506,0.5581314171100089,-7153.872404423961
2026-06-15,1,2026-06-15 06:40:00,2026-06-15 07:21:10,9,4303.343,4316.088295454544,4290.432971,4316.770666666665,4316.770666666665,-0.3112434665666446,tp,0.1,0.7000000000000001,126.75295454544248,0.9872398779696449,-7027.119449878519
2026-06-15,-1,2026-06-15 08:20:00,2026-06-15 08:34:40,3,4329.546,4342.534638,4342.534638,4316.641136666665,4316.641136666665,0.30134224554462075,sl,0.1,0.7000000000000001,-130.5863799999981,-1.0,-7157.705829878516
2026-06-15,-1,2026-06-15 08:40:00,2026-06-15 13:25:40,58,4342.883,4355.911649,4355.911649,4317.356407051281,4317.356407051281,0.590815085524521,sl,0.1,0.7000000000000001,-130.98648999999858,-1.0,-7288.692319878515
2026-06-15,-1,2026-06-15 13:35:00,2026-06-15 17:10:30,44,4362.836,4331.359391585761,4375.924508,4325.662161554192,4325.662161554192,0.8592866723658714,tp,0.1,0.7000000000000001,314.0660841423931,2.404904242274195,-6974.626235736123
2026-06-15,1,2026-06-15 20:15:00,2026-06-15 23:59:55,33,4316.28,4315.805,4303.33116,4330.205713305899,4330.205713305899,-0.3229341567521788,session_end,0.1,0.7000000000000001,-5.449999999994543,-0.0366828225539472,-6980.076235736116
2026-06-16,-1,2026-06-16 03:45:00,2026-06-16 05:39:15,23,4331.81,4319.364771144279,4344.80543,4315.971718518519,4315.971718518519,0.36699224449314816,tp,0.1,0.7000000000000001,123.75228855721325,0.9576619516030929,-6856.323947178902
2026-06-16,-1,2026-06-16 08:00:00,2026-06-16 08:59:25,12,4334.944,4347.948832,4347.948832,4320.235444444445,4320.235444444445,0.3428645439822587,sl,0.1,0.7000000000000001,-130.74831999999623,-1.0,-6987.072267178897
2026-06-16,-1,2026-06-16 09:05:00,2026-06-16 14:16:50,63,4345.068,4329.98555360624,4358.103204,4322.717458715597,4322.717458715597,0.5116351345103738,tp,0.1,0.7000000000000001,150.1244639376062,1.1570548795217057,-6836.947803241292
2026-06-16,-1,2026-06-16 16:15:00,2026-06-16 17:20:15,14,4345.84,4330.41666346154,4358.87752,4329.666820512822,4329.666820512822,0.3734970878258636,tp,0.1,0.7000000000000001,153.53336538459808,1.1829961939433247,-6683.4144378566925
2026-06-17,1,2026-06-17 04:35:00,2026-06-17 05:49:05,15,4318.368,4334.144657004831,4305.412896000001,4336.3074787878795,4336.3074787878795,-0.41476484026697413,tp,0.1,0.7000000000000001,157.0665700483067,1.2177947012105095,-6526.347867808385
2026-06-17,-1,2026-06-17 14:25:00,2026-06-17 14:47:35,5,4358.134,4331.7384425612045,4371.208401999999,4331.1702543352585,4331.1702543352585,0.6293390484351868,tp,0.1,0.7000000000000001,263.2555743879555,2.018873019109937,-6263.09229342043
2026-06-17,-1,2026-06-17 14:55:00,2026-06-17 15:25:00,7,4346.948,4359.9888439999995,4359.9888439999995,4331.897035381749,4331.897035381749,0.34377466723278094,sl,0.1,0.7000000000000001,-131.10843999999196,-1.0,-6394.200733420421
2026-06-17,-1,2026-06-17 15:35:00,2026-06-17 17:33:35,24,4359.023,4372.100069,4372.100069,4332.717310160427,4332.717310160427,0.607163771748559,sl,0.1,0.7000000000000001,-131.47068999999937,-1.0,-6525.671423420419
2026-06-17,-1,2026-06-17 17:40:00,2026-06-17 18:02:25,5,4374.346,4336.907658950617,4387.469037999999,4336.131748427672,4336.131748427672,0.8811829019305754,tp,0.1,0.7000000000000001,373.6834104938287,2.8528714958673183,-6151.988012926591
2026-06-17,1,2026-06-17 18:10:00,2026-06-17 18:13:50,1,4295.136,4282.250592,4282.250592,4336.741831804281,4336.741831804281,-0.9619855970749343,sl,0.1,0.7000000000000001,-129.55408000000097,-1.0,-6281.542092926593
2026-06-17,1,2026-06-17 18:20:00,2026-06-17 18:24:45,1,4306.526,4293.606422,4293.606422,4336.34431969697,4336.34431969697,-0.6875450263842028,sl,0.1,0.7000000000000001,-129.89578,-1.0,-6411.437872926592
2026-06-17,1,2026-06-17 18:30:00,2026-06-17 18:33:35,1,4292.629,4279.751113,4279.751113,4335.964040540541,4335.964040540541,-0.9924676528261879,sl,0.1,0.7000000000000001,-129.47886999999645,-1.0,-6540.916742926587
2026-06-17,1,2026-06-17 18:40:00,2026-06-17 18:57:25,4,4302.963,4290.0541109999995,4290.0541109999995,4335.554334821429,4335.554334821429,-0.7516071142208628,sl,0.1,0.7000000000000001,-129.7888900000027,-1.0,-6670.705632926591
2026-06-17,1,2026-06-17 19:05:00,2026-06-17 19:15:25,3,4271.606,4258.791182,4258.791182,4334.887091703057,4334.887091703057,-1.4624623516584059,sl,0.1,0.7000000000000001,-128.8481799999983,-1.0,-6799.553812926588
2026-06-17,1,2026-06-17 19:25:00,2026-06-17 19:30:05,2,4236.636,4223.926092000001,4223.926092000001,4333.545889842632,4333.545889842632,-2.2454796214507344,sl,0.1,0.7000000000000001,-127.79907999999814,-1.0,-6927.352892926585
2026-06-17,1,2026-06-17 19:40:00,2026-06-17 23:59:55,40,4222.025,4277.931,4209.3589249999995,4332.208949152542,4332.208949152542,-2.543158708309641,session_end,0.1,0.7000000000000001,558.3599999999994,4.4138377516317835,-6368.992892926586
2026-06-18,-1,2026-06-18 00:50:00,2026-06-18 01:03:40,3,4313.617,4326.557851,4326.557851,4300.525633333334,4300.525633333334,0.307343050445254,sl,0.1,0.7000000000000001,-130.10850999999383,-1.0,-6499.101402926579
2026-06-18,-1,2026-06-18 01:10:00,2026-06-18 02:47:00,20,4321.704,4314.735797979797,4334.669112,4305.054619047619,4305.054619047619,0.386624152890859,tp,0.1,0.7000000000000001,68.98202020202625,0.5374579116788731,-6430.1193827245515
2026-06-18,1,2026-06-18 06:10:00,2026-06-18 07:58:25,22,4301.149,4288.245553000001,4288.245553000001,4314.928297297296,4314.928297297296,-0.3191547193477506,sl,0.1,0.7000000000000001,-129.73446999999686,-1.0,-6559.853852724547
2026-06-18,1,2026-06-18 08:05:00,2026-06-18 08:46:20,9,4290.458,4277.586625999999,4277.586625999999,4311.638893470789,4311.638893470789,-0.49099412065438247,sl,0.1,0.7000000000000001,-129.41374000000286,-1.0,-6689.267592724551
2026-06-18,1,2026-06-18 08:55:00,2026-06-18 09:00:10,2,4277.32,4264.488039999999,4264.488039999999,4309.161501557631,4309.161501557631,-0.7386472181681998,sl,0.1,0.7000000000000001,-129.01960000000435,-1.0,-6818.287192724554
2026-06-18,1,2026-06-18 09:10:00,2026-06-18 11:00:40,23,4266.275,4253.476175,4253.476175,4308.033557575755,4308.033557575755,-0.9692718735286,sl,0.1,0.7000000000000001,-128.6882499999985,-1.0,-6946.975442724553
2026-06-18,1,2026-06-18 11:10:00,2026-06-18 15:29:30,52,4248.359,4235.613923000001,4235.613923000001,4300.391452736316,4300.391452736316,-1.2105514883579191,sl,0.1,0.7000000000000001,-128.15076999999582,-1.0,-7075.12621272455
2026-06-18,1,2026-06-18 15:35:00,2026-06-18 16:36:00,13,4233.26,4220.56022,4220.56022,4286.043233511586,4286.043233511586,-1.2342440481694366,sl,0.1,0.7000000000000001,-127.69779999999919,-1.0,-7202.824012724548
2026-06-18,1,2026-06-18 16:45:00,2026-06-18 19:06:15,29,4222.034,4209.3678979999995,4209.3678979999995,4281.893703150912,4281.893703150912,-1.3939557422219457,sl,0.1,0.7000000000000001,-127.36102000000137,-1.0,-7330.185032724548
2026-06-18,1,2026-06-18 19:15:00,2026-06-18 23:14:40,36,4207.719,4195.095843,4195.095843,4274.364949494949,4274.364949494949,-1.5614237502774495,sl,0.1,0.7000000000000001,-126.93156999999992,-1.0,-7457.116602724549
2026-06-19,1,2026-06-19 03:05:00,2026-06-19 03:58:00,11,4169.849,4157.3394530000005,4157.3394530000005,4184.640189189189,4184.640189189189,-0.35329654452451226,sl,0.1,0.7000000000000001,-125.79546999999657,-1.0,-7582.912072724546
2026-06-19,1,2026-06-19 04:05:00,2026-06-19 04:54:00,10,4144.475,4132.041575,4132.041575,4179.21624489796,4179.21624489796,-0.8309272089079914,sl,0.1,0.7000000000000001,-125.0342500000017,-1.0,-7707.946322724547
2026-06-19,1,2026-06-19 05:00:00,2026-06-19 07:57:35,36,4126.059,4161.197382456141,4113.680823000001,4172.145894444444,4172.145894444444,-1.1044890473701774,tp,0.1,0.7000000000000001,350.6838245614079,2.8387364679097686,-7357.262498163138
2026-06-19,-1,2026-06-19 08:25:00,2026-06-19 09:29:25,13,4175.215,4162.170796460178,4187.740645,4161.400151815183,4161.400151815183,0.33286508577589313,tp,0.1,0.7000000000000001,129.74203539821866,1.0413997474638763,-7227.520462764918
2026-06-19,1,2026-06-19 11:05:00,2026-06-19 12:10:15,14,4148.703,4160.355534246576,4136.256891,4161.4321829573955,4161.4321829573955,-0.30816753448284284,tp,0.1,0.7000000000000001,115.82534246575669,0.9362391287570487,-7111.695120299162
2026-06-19,-1,2026-06-19 12:55:00,2026-06-19 13:37:55,9,4172.938,4160.507955010225,4185.456813999999,4160.007627956989,4160.007627956989,0.3132054844190202,tp,0.1,0.7000000000000001,123.60044989775524,0.9929091517596161,-6988.094670401406
2026-06-19,1,2026-06-19 14:20:00,2026-06-19 16:59:55,32,4147.604,4155.511,4135.161188,4160.200693798449,4160.200693798449,-0.3089200436317047,session_end,0.1,0.7000000000000001,78.37000000000153,0.6354672882624929,-6909.724670401403
2026-06-22,-1,2026-06-22 00:45:00,2026-06-22 00:51:20,2,4175.614,4188.140841999999,4188.140841999999,4161.9529999999995,4161.9529999999995,0.32996528312549844,sl,0.1,0.7000000000000001,-125.96841999999306,-1.0,-7035.693090401397
2026-06-22,-1,2026-06-22 01:00:00,2026-06-22 01:00:05,1,4201.093,4213.696279,4213.696279,4168.507138888888,4168.507138888888,0.7743026468635195,sl,0.1,0.7000000000000001,-126.7327899999993,-1.0,-7162.425880401395
2026-06-22,-1,2026-06-22 01:10:00,2026-06-22 02:13:00,13,4213.775,4186.632717948718,4226.416324999999,4174.5093809523805,4174.5093809523805,0.9404606736962929,tp,0.1,0.7000000000000001,270.72282051281655,2.1471073681977577,-6891.703059888579
2026-06-22,1,2026-06-22 04:00:00,2026-06-22 05:08:35,14,4171.767,4183.727803278688,4159.2516989999995,4185.4338194444435,4185.4338194444435,-0.3294000105889528,tp,0.1,0.7000000000000001,118.90803278688217,0.955694415874446,-6772.795027101696
2026-06-22,-1,2026-06-22 06:25:00,2026-06-22 10:11:45,46,4200.427,4213.028280999999,4213.028280999999,4185.53877056277,4185.53877056277,0.3554435940687719,sl,0.1,0.7000000000000001,-126.7128099999929,-1.0,-6899.50783710169
2026-06-22,-1,2026-06-22 10:20:00,2026-06-22 12:57:55,32,4210.514,4194.203458064518,4223.145541999999,4190.965056451613,4190.965056451613,0.46609655020424984,tp,0.1,0.7000000000000001,162.40541935482435,1.2912550134800251,-6737.102417746864
2026-06-22,1,2026-06-22 15:45:00,2026-06-22 18:45:35,37,4181.316,4192.533505185188,4168.772051999999,4194.215807760144,4194.215807760144,-0.3099937713288009,tp,0.1,0.7000000000000001,111.47505185188201,0.8942563525604375,-6625.627365894983
2026-06-23,1,2026-06-23 01:20:00,2026-06-23 01:37:55,4,4173.828,4161.306516000001,4161.306516000001,4186.578895833333,4186.578895833333,-0.3043749120795337,sl,0.1,0.7000000000000001,-125.91483999999873,-1.0,-6751.542205894981
2026-06-23,1,2026-06-23 01:45:00,2026-06-23 03:02:15,16,4154.622,4142.158134,4142.158134,4182.627650793651,4182.627650793651,-0.6688056678519415,sl,0.1,0.7000000000000001,-125.33866000000053,-1.0,-6876.880865894982
2026-06-23,1,2026-06-23 03:10:00,2026-06-23 04:58:05,22,4140.61,4128.188169999999,4128.188169999999,4170.034385964912,4170.034385964912,-0.7064542696353686,sl,0.1,0.7000000000000001,-124.91830000000228,-1.0,-7001.799165894983
2026-06-23,1,2026-06-23 05:05:00,2026-06-23 05:30:00,6,4134.597,4122.193209,4122.193209,4158.06968306011,4158.06968306011,-0.5658559103991267,sl,0.1,0.7000000000000001,-124.73790999999729,-1.0,-7126.537075894979
2026-06-23,1,2026-06-23 05:40:00,2026-06-23 06:09:55,6,4125.479,4113.102563,4113.102563,4154.992093137255,4154.992093137255,-0.7126149093318482,sl,0.1,0.7000000000000001,-124.46436999999896,-1.0,-7251.001445894977
2026-06-23,1,2026-06-23 06:15:00,2026-06-23 07:40:55,18,4122.592,4110.224224,4110.224224,4151.820355555555,4151.820355555555,-0.7063493370158311,sl,0.1,0.7000000000000001,-124.37776000000049,-1.0,-7375.379205894977
2026-06-23,1,2026-06-23 07:50:00,2026-06-23 08:02:40,3,4106.78,4094.4596599999995,4094.4596599999995,4144.723297872341,4144.723297872341,-0.9197067001290373,sl,0.1,0.7000000000000001,-123.90340000000215,-1.0,-7499.2826058949795
2026-06-23,1,2026-06-23 08:10:00,2026-06-23 13:48:45,68,4094.218,4132.55524040404,4081.9353459999998,4142.7907006802725,4142.7907006802725,-1.1726081327810158,tp,0.1,0.7000000000000001,382.6724040404013,3.121250537875596,-7116.610201854579
2026-06-23,1,2026-06-23 18:40:00,2026-06-23 20:22:20,21,4120.174,4107.813478,4107.813478,4132.527822916666,4132.527822916666,-0.30029617339411047,sl,0.1,0.7000000000000001,-124.30521999999947,-1.0,-7240.915421854577
2026-06-23,1,2026-06-23 20:30:00,2026-06-23 22:34:25,13,4111.188,4098.8544360000005,4098.8544360000005,4131.131673441733,4131.131673441733,-0.4853554673804063,sl,0.1,0.7000000000000001,-124.0356399999957,-1.0,-7364.951061854572
2026-06-23,1,2026-06-23 22:40:00,2026-06-23 23:38:15,12,4101.223,4088.919331,4088.919331,4129.956910256409,4129.956910256409,-0.7047993693135612,sl,0.1,0.7000000000000001,-123.736689999999,-1.0,-7488.68775185457
2026-06-24,1,2026-06-24 01:05:00,2026-06-24 01:25:05,5,4073.434,4095.247941176471,4061.213698,4098.545641025641,4098.545641025641,-0.609792917162365,tp,0.1,0.7000000000000001,217.43941176470963,1.785057454101433,-7271.24834008986
2026-06-24,1,2026-06-24 02:10:00,2026-06-24 02:30:45,5,4081.343,4069.098971,4069.098971,4093.7977948717953,4093.7977948717953,-0.3079242186213076,sl,0.1,0.7000000000000001,-123.14028999999955,-1.0,-7394.388630089859
2026-06-24,1,2026-06-24 02:40:00,2026-06-24 05:30:00,35,4061.009,4075.6522323232334,4048.825973,4089.9853333333335,4089.9853333333335,-0.7097906463560326,tp,0.1,0.7000000000000001,145.73232323233407,1.2019371149085822,-7248.656306857527
2026-06-24,-1,2026-06-24 06:10:00,2026-06-24 07:35:30,18,4090.389,4078.1963113553106,4102.660167,4075.923855855856,4075.923855855856,0.35729676655321724,tp,0.1,0.7000000000000001,121.22688644689497,0.9936046542834612,-7127.429420410634
2026-06-24,1,2026-06-24 10:00:00,2026-06-24 11:04:30,13,4064.859,4052.6644229999997,4052.6644229999997,4077.629591666666,4077.629591666666,-0.3154919145416493,sl,0.1,0.7000000000000001,-122.64577000000209,-1.0,-7250.075190410636
2026-06-24,1,2026-06-24 11:10:00,2026-06-24 12:07:45,12,4049.562,4037.413314,4037.413314,4075.7139452736315,4075.7139452736315,-0.6439839897024278,sl,0.1,0.7000000000000001,-122.18685999999998,-1.0,-7372.262050410638
2026-06-24,1,2026-06-24 12:15:00,2026-06-24 12:25:00,3,4038.327,4026.212019,4026.212019,4073.0411972789097,4073.0411972789097,-0.8575949907466147,sl,0.1,0.7000000000000001,-121.84981000000171,-1.0,-7494.111860410641
2026-06-24,1,2026-06-24 12:35:00,2026-06-24 12:39:20,1,4019.402,4007.343794,4007.343794,4071.8362317880783,4071.8362317880783,-1.2872873270018652,sl,0.1,0.7000000000000001,-121.28206000000155,-1.0,-7615.393920410643
2026-06-24,1,2026-06-24 12:45:00,2026-06-24 12:51:20,2,4013.475,4001.4345749999998,4001.4345749999998,4071.059620915031,4071.059620915031,-1.4168699622744974,sl,0.1,0.7000000000000001,-121.10425000000141,-1.0,-7736.498170410643
2026-06-24,1,2026-06-24 13:00:00,2026-06-24 13:01:25,1,3988.047,3976.082859,3976.082859,4069.730794871793,4069.730794871793,-2.0062947400520947,sl,0.1,0.7000000000000001,-120.34140999999927,-1.0,-7856.839580410644
2026-06-24,1,2026-06-24 13:10:00,2026-06-24 13:16:25,2,3977.42,3965.48774,3965.48774,4068.6039345991544,4068.6039345991544,-2.2422908709137532,sl,0.1,0.7000000000000001,-120.02260000000042,-1.0,-7976.862180410644
2026-06-24,1,2026-06-24 13:25:00,2026-06-24 18:03:25,56,3974.0,3962.078,3962.078,4066.8110020703916,4066.8110020703916,-2.2817141495670974,sl,0.1,0.7000000000000001,-119.92000000000026,-1.0,-8096.782180410646
2026-06-24,1,2026-06-24 18:10:00,2026-06-24 23:59:55,58,3984.371,4012.41,3972.417887,4050.8661529051974,4050.8661529051974,-1.64804637786708,session_end,0.1,0.7000000000000001,279.6899999999976,2.345748760176507,-7817.092180410647
2026-06-25,1,2026-06-25 00:35:00,2026-06-25 00:54:00,4,3987.984,3998.2185666666664,3976.020048,4004.311952380952,4004.311952380952,-0.4074595729548585,tp,0.1,0.7000000000000001,101.64566666666524,0.8554503283418782,-7715.446513743984
2026-06-25,1,2026-06-25 01:45:00,2026-06-25 02:08:15,5,3981.809,3969.863573,3969.863573,3994.4185079365084,3994.4185079365084,-0.31515245364240996,sl,0.1,0.7000000000000001,-120.15427000000109,-1.0,-7835.6007837439865
2026-06-25,1,2026-06-25 02:15:00,2026-06-25 02:22:35,2,3967.992,3989.8804523809526,3956.088024,3990.3611851851856,3990.3611851851856,-0.564164097945953,tp,0.1,0.7000000000000001,218.1845238095246,1.8387513870115626,-7617.416259934464
2026-06-25,1,2026-06-25 03:10:00,2026-06-25 03:49:15,8,3973.635,3985.758762962963,3961.7140950000003,3987.869938596491,3987.869938596491,-0.3594886196698872,tp,0.1,0.7000000000000001,120.537629629627,1.0170169935053381,-7496.878630304836
2026-06-25,1,2026-06-25 06:20:00,2026-06-25 07:20:35,13,3974.954,3986.9035681818173,3963.0291380000003,3987.8634824561404,3987.8634824561404,-0.32334312628472006,tp,0.1,0.7000000000000001,118.79568181817085,1.0020718211931707,-7378.082948486666
2026-06-25,-1,2026-06-25 08:35:00,2026-06-25 09:36:55,13,4000.931,3987.620544927535,4012.9337929999997,3986.86229449838,3986.86229449838,0.3484621357700578,tp,0.1,0.7000000000000001,132.40455072465176,1.1089464820784258,-7245.678397762014
2026-06-25,-1,2026-06-25 12:45:00,2026-06-25 12:48:15,1,4005.484,4017.5004519999993,4017.5004519999993,3987.1412004357267,3987.1412004357267,0.45829326441401663,sl,0.1,0.7000000000000001,-120.8645199999939,-1.0,-7366.54291776201
2026-06-25,-1,2026-06-25 12:55:00,2026-06-25 13:01:35,2,4015.985,4028.0329549999997,4028.0329549999997,3987.485260215051,3987.485260215051,0.714804893934875,sl,0.1,0.7000000000000001,-121.17954999999547,-1.0,-7487.722467762007
2026-06-25,-1,2026-06-25 13:10:00,2026-06-25 15:54:10,33,4029.651,4041.7399529999993,4041.7399529999993,3988.1470464134995,3988.1470464134995,1.040557258885934,sl,0.1,0.7000000000000001,-121.58952999999492,-1.0,-7609.311997762001
2026-06-25,-1,2026-06-25 16:00:00,2026-06-25 23:59:55,84,4041.142,4014.811,4053.2654259999995,3993.907774305552,3993.907774305552,1.1804785778421196,session_end,0.1,0.7000000000000001,262.6099999999968,2.171910811349896,-7346.701997762004
2026-06-26,1,2026-06-26 02:35:00,2026-06-26 02:45:10,3,4003.224,3991.214328,3991.214328,4017.4313440860215,4017.4313440860215,-0.35615653039309375,sl,0.1,0.7000000000000001,-120.79672000000137,-1.0,-7467.498717762006
2026-06-26,1,2026-06-26 02:55:00,2026-06-26 04:14:15,16,3986.628,4009.404713333333,3974.6681160000003,4014.685657142857,4014.685657142857,-0.7012667876690774,tp,0.1,0.7000000000000001,227.06713333332738,1.9044259403630484,-7240.431584428679
2026-06-26,-1,2026-06-26 06:25:00,2026-06-26 07:27:45,13,4023.111,4035.1803329999993,4035.1803329999993,4009.9865541125537,4009.9865541125537,0.3299124749901815,sl,0.1,0.7000000000000001,-121.3933299999946,-1.0,-7361.824914428675
2026-06-26,-1,2026-06-26 07:35:00,2026-06-26 09:25:10,23,4037.552,4049.664656,4049.664656,4012.8035897435893,4012.8035897435893,0.618978968218019,sl,0.1,0.7000000000000001,-121.82655999999788,-1.0,-7483.651474428672
2026-06-26,-1,2026-06-26 09:35:00,2026-06-26 12:58:55,41,4048.443,4060.5883289999997,4060.5883289999997,4017.473142028985,4017.473142028985,0.7706550081720959,sl,0.1,0.7000000000000001,-122.15328999999493,-1.0,-7605.804764428667
2026-06-26,-1,2026-06-26 13:05:00,2026-06-26 13:47:20,9,4052.159,4064.3154769999996,4064.3154769999996,4025.8736284501083,4025.8736284501083,0.6615054024968098,sl,0.1,0.7000000000000001,-122.26476999999541,-1.0,-7728.069534428661
2026-06-26,-1,2026-06-26 13:55:00,2026-06-26 13:57:30,1,4064.11,4076.3023299999995,4076.3023299999995,4027.563808383237,4027.563808383237,0.9093385818129374,sl,0.1,0.7000000000000001,-122.62329999999402,-1.0,-7850.692834428657
2026-06-26,-1,2026-06-26 14:05:00,2026-06-26 14:16:30,3,4077.345,4089.5770349999993,4089.5770349999993,4028.106114398425,4028.106114398425,1.2219609961523124,sl,0.1,0.7000000000000001,-123.02034999999542,-1.0,-7973.713184428652
2026-06-26,-1,2026-06-26 14:25:00,2026-06-26 20:57:55,79,4088.61,4088.42,4100.87583,4029.396653179194,4029.396653179194,1.4691615622924308,session_end,0.1,0.7000000000000001,1.2000000000005455,0.015490186966561358,-7972.513184428652
2026-06-29,1,2026-06-29 05:30:00,2026-06-29 06:06:25,8,4049.565,4061.3755981735153,4037.416305,4062.549954545454,4062.549954545454,-0.3253856492438615,tp,0.1,0.7000000000000001,117.40598173515245,0.972170111564689,-7855.1072026935
2026-06-29,1,2026-06-29 09:00:00,2026-06-29 09:50:20,11,4046.99,4034.84903,4034.84903,4061.224200617283,4061.224200617283,-0.3472893866617646,sl,0.1,0.7000000000000001,-122.10969999999925,-1.0,-7977.216902693501
2026-06-29,1,2026-06-29 10:00:00,2026-06-29 14:06:20,50,4031.571,4019.476287,4019.476287,4059.6066944444433,4059.6066944444433,-0.6909214748026659,sl,0.1,0.7000000000000001,-121.64712999999956,-1.0,-8098.864032693502
2026-06-29,1,2026-06-29 14:15:00,2026-06-29 23:59:55,105,4009.03,4015.108,3997.00291,4053.1209239766085,4053.1209239766085,-1.0875057715614014,session_end,0.1,0.7000000000000001,60.07999999999974,0.5053591517149995,-8038.784032693504
2026-06-30,1,2026-06-30 00:45:00,2026-06-30 00:56:55,3,3992.058,3980.081826,3980.081826,4004.673074074074,4004.673074074074,-0.31463427453406995,sl,0.1,0.7000000000000001,-120.46173999999901,-1.0,-8159.245772693503
2026-06-30,1,2026-06-30 01:05:00,2026-06-30 01:06:35,1,3980.316,3968.375052,3968.375052,3999.568641025641,3999.568641025641,-0.4807678715250185,sl,0.1,0.7000000000000001,-120.10947999999935,-1.0,-8279.355252693502
2026-06-30,1,2026-06-30 01:15:00,2026-06-30 04:01:30,34,3958.282,3974.7944722222223,3946.407154,3994.491466666667,3994.491466666667,-0.9061846036905699,tp,0.1,0.7000000000000001,164.42472222222187,1.390542009742439,-8114.93053047128
2026-06-30,-1,2026-06-30 04:35:00,2026-06-30 05:30:00,12,3996.246,3977.0526363636372,4008.2347379999997,3975.038545454546,3975.038545454546,0.533289282683679,tp,0.1,0.7000000000000001,191.23363636362848,1.6009494607658916,-7923.696894107652
2026-06-30,-1,2026-06-30 06:25:00,2026-06-30 06:28:50,1,3999.943,4011.9428289999996,4011.9428289999996,3977.9798181818187,3977.9798181818187,0.551842463298735,sl,0.1,0.7000000000000001,-120.69828999999409,-1.0,-8044.395184107645
2026-06-30,-1,2026-06-30 06:35:00,2026-06-30 14:09:45,91,4030.269,4042.3598069999994,4042.3598069999994,3978.9412151898737,3978.9412151898737,1.2895336230213206,sl,0.1,0.7000000000000001,-121.60806999999586,-1.0,-8166.00325410764
2026-06-30,-1,2026-06-30 14:15:00,2026-06-30 14:23:30,2,4043.595,4055.725784999999,4055.725784999999,4003.854231968812,4003.854231968812,0.9950104505077878,sl,0.1,0.7000000000000001,-122.00784999999378,-1.0,-8288.011104107634
2026-06-30,-1,2026-06-30 14:30:00,2026-06-30 20:31:20,73,4054.27,4011.8418970189714,4066.4328099999993,4004.7201877394646,4004.7201877394646,1.2369856054412067,tp,0.1,0.7000000000000001,423.5810298102859,3.4883470991514987,-7864.43007429735
2026-07-01,1,2026-07-01 01:10:00,2026-07-01 02:05:20,12,3985.188,3973.2324360000002,3973.2324360000002,4000.4757142857147,4000.4757142857147,-0.38429715323143376,sl,0.1,0.7000000000000001,-120.25563999999868,-1.0,-7984.6857142973495
2026-07-01,1,2026-07-01 02:15:00,2026-07-01 06:08:50,47,3976.392,3964.4628239999997,3964.4628239999997,3990.094827160495,3990.094827160495,-0.3432205938383791,sl,0.1,0.7000000000000001,-119.99176000000098,-1.0,-8104.67747429735
2026-07-01,1,2026-07-01 06:15:00,2026-07-01 08:17:00,25,3965.176,3978.9918080808084,3953.280472,3982.208417777777,3982.208417777777,-0.4275119730492919,tp,0.1,0.7000000000000001,137.4580808080844,1.1614287386661966,-7967.2193934892675
2026-07-01,-1,2026-07-01 10:35:00,2026-07-01 11:01:00,6,3991.213,4003.1866389999996,4003.1866389999996,3979.335,3979.335,0.30027630244752124,sl,0.1,0.7000000000000001,-120.43638999999366,-1.0,-8087.655783489263
2026-07-01,-1,2026-07-01 11:10:00,2026-07-01 11:19:00,2,4010.39,4022.4211699999996,4022.4211699999996,3980.2122213930343,3980.2122213930343,0.760481525187914,sl,0.1,0.7000000000000001,-121.01169999999748,-1.0,-8208.667483489262
2026-07-01,-1,2026-07-01 11:25:00,2026-07-01 13:22:45,24,4024.347,4036.420041,4036.420041,3981.0798491484184,3981.0798491484184,1.0895071813457815,sl,0.1,0.7000000000000001,-121.43040999999648,-1.0,-8330.09789348926
2026-07-01,-1,2026-07-01 13:30:00,2026-07-01 13:38:45,2,4046.954,4059.094862,4059.094862,3988.2099300411533,3988.2099300411533,1.4752751482728403,sl,0.1,0.7000000000000001,-122.10861999999743,-1.0,-8452.206513489258
2026-07-01,-1,2026-07-01 13:45:00,2026-07-01 14:34:55,10,4098.077,4110.371231,4110.371231,3989.6375818181828,3989.6375818181828,2.7146430210951666,sl,0.1,0.7000000000000001,-123.64230999999855,-1.0,-8575.848823489257
2026-07-01,-1,2026-07-01 14:40:00,2026-07-01 23:59:55,100,4106.18,4035.329,4118.49854,3996.3353049242437,3996.3353049242437,2.7483353296311557,session_end,0.1,0.7000000000000001,707.8100000000011,5.751574456064121,-7868.038823489256
2026-07-02,-1,2026-07-02 01:05:00,2026-07-02 01:33:30,6,4064.859,4049.3387777777775,4077.0535769999997,4045.202461538461,4045.202461538461,0.48839430533780703,tp,0.1,0.7000000000000001,154.50222222222402,1.2727150947689874,-7713.536601267031
2026-07-02,-1,2026-07-02 03:30:00,2026-07-02 05:11:05,21,4065.355,4056.314252688172,4077.5510649999997,4051.8225317460324,4051.8225317460324,0.3383284471756033,tp,0.1,0.7000000000000001,89.70747311827999,0.7412839560815944,-7623.829128148751
2026-07-02,-1,2026-07-02 06:05:00,2026-07-02 10:15:10,51,4070.314,4062.5317398373986,4082.5249419999996,4057.098497716895,4057.098497716895,0.32620608768933407,tp,0.1,0.7000000000000001,77.12260162601233,0.6373185756349855,-7546.706526522739
2026-07-02,-1,2026-07-02 12:35:00,2026-07-02 12:40:05,2,4127.152,4139.533455999999,4139.533455999999,4063.361121412803,4063.361121412803,1.5768443087558828,sl,0.1,0.7000000000000001,-124.51455999999162,-1.0,-7671.221086522732
2026-07-02,-1,2026-07-02 12:50:00,2026-07-02 13:35:50,10,4124.716,4137.090148,4137.090148,4064.6869242424236,4064.6869242424236,1.4815427825059453,sl,0.1,0.7000000000000001,-124.44147999999878,-1.0,-7795.662566522729
2026-07-02,-1,2026-07-02 13:45:00,2026-07-02 23:59:55,111,4134.722,4126.335,4147.126165999999,4068.5336323232314,4068.5336323232314,1.626467264545688,session_end,0.1,0.7000000000000001,83.16999999999716,0.6761438052344798,-7712.492566522731
2026-07-03,-1,2026-07-03 01:05:00,2026-07-03 01:09:25,1,4160.979,4173.461937,4173.461937,4138.535897435897,4138.535897435897,0.5419815876914442,sl,0.1,0.7000000000000001,-125.52936999999766,-1.0,-7838.021936522728
2026-07-03,-1,2026-07-03 01:15:00,2026-07-03 01:24:15,2,4176.115,4188.6433449999995,4188.6433449999995,4142.983044444443,4142.983044444443,0.8054572079483744,sl,0.1,0.7000000000000001,-125.98344999999718,-1.0,-7964.005386522724
2026-07-03,-1,2026-07-03 01:30:00,2026-07-03 05:48:10,52,4187.584,4171.9656231884055,4200.146752,4150.047,4150.047,0.9121342481181605,tp,0.1,0.7000000000000001,155.48376811594318,1.2432289367484564,-7808.521618406779
2026-07-03,1,2026-07-03 14:10:00,2026-07-03 15:10:45,13,4159.01,4173.614073260072,4146.53297,4174.131568627451,4174.131568627451,-0.3653111641726557,tp,0.1,0.7000000000000001,145.34073260071347,1.1704767288426277,-7663.180885806065
2026-07-06,-1,2026-07-06 01:35:00,2026-07-06 02:01:15,6,4197.911,4184.902055555555,4210.504733,4182.365368421051,4182.365368421051,0.3700927636743602,tp,0.1,0.7000000000000001,129.38944444444752,1.0329696877363574,-7533.791441361616
2026-07-06,1,2026-07-06 03:10:00,2026-07-06 05:03:35,23,4167.632,4155.129104,4155.129104,4181.7992631578945,4181.7992631578945,-0.3403621805401163,sl,0.1,0.7000000000000001,-125.72895999999965,-1.0,-7659.520401361617
2026-07-06,1,2026-07-06 05:10:00,2026-07-06 09:30:35,53,4153.598,4141.137206,4141.137206,4174.31105376344,4174.31105376344,-0.5011378762629671,sl,0.1,0.7000000000000001,-125.30793999999624,-1.0,-7784.828341361612
2026-07-06,1,2026-07-06 09:40:00,2026-07-06 14:44:10,61,4141.531,4129.106407,4129.106407,4164.549445402297,4164.549445402297,-0.5554129133424918,sl,0.1,0.7000000000000001,-124.94592999999732,-1.0,-7909.77427136161
2026-07-06,1,2026-07-06 14:50:00,2026-07-06 17:23:40,31,4133.703,4156.696190705125,4121.301891,4158.354505617974,4158.354505617974,-0.5913277856602349,tp,0.1,0.7000000000000001,229.23190705125018,1.8541237485392918,-7680.54236431036
2026-07-07,1,2026-07-07 01:20:00,2026-07-07 05:01:55,45,4136.111,4123.702667,4123.702667,4151.417791666667,4151.417791666667,-0.362353114563965,sl,0.1,0.7000000000000001,-124.78333000000312,-1.0,-7805.325694310362
2026-07-07,1,2026-07-07 05:10:00,2026-07-07 08:11:45,37,4126.323,4134.77924489796,4113.944031,4139.435182795698,4139.435182795698,-0.31941997426731605,tp,0.1,0.7000000000000001,83.8624489795955,0.6831138278122619,-7721.463245330768
2026-07-07,-1,2026-07-07 11:45:00,2026-07-07 12:06:35,5,4148.294,4160.738882,4160.738882,4134.431721040189,4134.431721040189,0.3350467463113856,sl,0.1,0.7000000000000001,-125.1488199999978,-1.0,-7846.612065330766
2026-07-07,-1,2026-07-07 12:15:00,2026-07-07 15:51:25,44,4173.169,4140.8320543859645,4185.688507,4135.4121020408165,4135.4121020408165,0.9124821669057194,tp,0.1,0.7000000000000001,322.6694561403536,2.582924839934625,-7523.942609190413
2026-07-07,1,2026-07-07 18:55:00,2026-07-07 19:07:10,3,4127.392,4115.009824,4115.009824,4141.143992657855,4141.143992657855,-0.3387226496524721,sl,0.1,0.7000000000000001,-124.52176000000073,-1.0,-7648.464369190413
2026-07-07,1,2026-07-07 19:15:00,2026-07-07 19:18:30,1,4106.115,4093.7966549999996,4093.7966549999996,4140.740499278499,4140.740499278499,-0.8384128221642352,sl,0.1,0.7000000000000001,-123.88345000000136,-1.0,-7772.347819190414
2026-07-07,1,2026-07-07 19:25:00,2026-07-07 23:59:55,43,4101.71,4098.656,4089.40487,4140.384494992846,4140.384494992846,-0.9337175095597635,session_end,0.1,0.7000000000000001,-31.240000000000872,-0.24818916988280823,-7803.587819190416
2026-07-08,-1,2026-07-08 00:40:00,2026-07-08 01:00:00,5,4122.805,4109.8365,4135.173415,4105.018916666667,4105.018916666667,0.43585873041144957,tp,0.1,0.7000000000000001,128.9849999999995,1.0485175343809243,-7674.602819190415
2026-07-08,-1,2026-07-08 03:05:00,2026-07-08 07:05:30,49,4125.666,4119.88405882353,4138.042998,4111.135900900901,4111.135900900901,0.3532137941710207,tp,0.1,0.7000000000000001,57.11941176470354,0.46715214597840937,-7617.483407425712
2026-07-08,1,2026-07-08 08:20:00,2026-07-08 08:35:15,4,4088.866,4076.599402,4076.599402,4119.737586666666,4119.737586666666,-0.7544797699558277,sl,0.1,0.7000000000000001,-123.36598000000158,-1.0,-7740.849387425715
2026-07-08,1,2026-07-08 08:45:00,2026-07-08 08:58:45,3,4065.651,4053.4540469999997,4053.4540469999997,4117.8312857142855,4117.8312857142855,-1.2603548351856089,sl,0.1,0.7000000000000001,-122.66953000000122,-1.0,-7863.5189174257175
2026-07-08,1,2026-07-08 09:05:00,2026-07-08 09:58:35,11,4055.683,4043.515951,4043.515951,4115.764596330276,4115.764596330276,-1.4619785685489992,sl,0.1,0.7000000000000001,-122.37049000000134,-1.0,-7985.889407425719
2026-07-08,1,2026-07-08 10:05:00,2026-07-08 14:44:45,56,4047.494,4035.351518,4035.351518,4109.469322314049,4109.469322314049,-1.5099351630908109,sl,0.1,0.7000000000000001,-122.124820000002,-1.0,-8108.01422742572
2026-07-08,1,2026-07-08 14:50:00,2026-07-08 15:30:40,9,4035.792,4023.684624,4023.684624,4094.230702247193,4094.230702247193,-1.4247780960456324,sl,0.1,0.7000000000000001,-121.77375999999931,-1.0,-8229.78798742572
2026-07-08,1,2026-07-08 15:40:00,2026-07-08 18:46:30,38,4029.367,4085.6538459259273,4017.2788990000004,4091.0596578014206,4091.0596578014206,-1.5018030275911214,tp,0.1,0.7000000000000001,562.1684592592708,4.6563844830489005,-7667.619528166448
2026-07-09,1,2026-07-09 03:10:00,2026-07-09 05:01:15,23,4060.963,4069.4128777777787,4048.780111,4074.447859649123,4074.447859649123,-0.3306916694789472,tp,0.1,0.7000000000000001,83.7987777777851,0.6935857149957124,-7583.820750388662
2026-07-09,-1,2026-07-09 06:05:00,2026-07-09 06:33:00,6,4093.028,4105.307083999999,4105.307083999999,4070.309990867581,4070.309990867581,0.5578692822749606,sl,0.1,0.7000000000000001,-123.4908399999933,-1.0,-7707.311590388657
2026-07-09,-1,2026-07-09 06:40:00,2026-07-09 07:42:15,13,4098.597,4110.892790999999,4110.892790999999,4072.6368208333347,4072.6368208333347,0.6334760574449165,sl,0.1,0.7000000000000001,-123.65790999999554,-1.0,-7830.969500388652
2026-07-09,-1,2026-07-09 07:50:00,2026-07-09 12:40:40,59,4110.43,4122.7612899999995,4122.7612899999995,4077.576730496455,4077.576730496455,0.8065395620290547,sl,0.1,0.7000000000000001,-124.01289999999172,-1.0,-7954.982400388642
2026-07-09,-1,2026-07-09 12:50:00,2026-07-09 13:16:40,6,4112.636,4124.973908,4124.973908,4089.259487012989,4089.259487012989,0.5711183910236456,sl,0.1,0.7000000000000001,-124.07907999999516,-1.0,-8079.061480388638
2026-07-09,-1,2026-07-09 13:25:00,2026-07-09 16:32:35,38,4125.375,4137.751125,4137.751125,4090.4263871635626,4090.4263871635626,0.8540824239270322,sl,0.1,0.7000000000000001,-124.46124999999775,-1.0,-8203.522730388635
2026-07-09,-1,2026-07-09 16:40:00,2026-07-09 23:59:55,76,4132.833,4123.707,4145.2314989999995,4097.481010000002,4097.481010000002,0.8650678285876283,session_end,0.1,0.7000000000000001,90.55999999999294,0.7360568404287783,-8112.962730388641
2026-07-10,1,2026-07-10 07:50:00,2026-07-10 12:13:55,53,4105.483,4113.711267123285,4093.1665510000003,4118.871063829785,4118.871063829785,-0.32759131375283995,tp,0.1,0.7000000000000001,81.5826712328515,0.6680713835038982,-8031.380059155788
2026-07-10,1,2026-07-10 12:45:00,2026-07-10 13:29:45,9,4098.554,4086.258338,4086.258338,4113.350644880173,4113.350644880173,-0.3594063856086199,sl,0.1,0.7000000000000001,-123.65661999999993,-1.0,-8155.03667915579
2026-07-10,1,2026-07-10 13:35:00,2026-07-10 14:33:05,12,4090.099,4077.828703,4077.828703,4112.512834355826,4112.512834355826,-0.5473985191672299,sl,0.1,0.7000000000000001,-123.40297000000028,-1.0,-8278.439649155789
2026-07-10,1,2026-07-10 14:40:00,2026-07-10 15:52:30,15,4095.722,4110.8431105263135,4083.434834,4111.560590909089,4111.560590909089,-0.3856100514277827,tp,0.1,0.7000000000000001,150.5111052631326,1.2306426499253915,-8127.928543892656
2026-07-13,1,2026-07-13 00:35:00,2026-07-13 00:58:25,5,4062.709,4077.4681515151515,4050.520873,4081.2760000000003,4081.2760000000003,-0.4572099510055264,tp,0.1,0.7000000000000001,146.89151515151644,1.2109450053442805,-7981.037028741139
2026-07-13,1,2026-07-13 03:10:00,2026-07-13 05:08:15,24,4061.729,4068.6329071038253,4049.543813,4075.312201754385,4075.312201754385,-0.3392673019856781,tp,0.1,0.7000000000000001,68.33907103825531,0.5665819575707379,-7912.697957702883
2026-07-13,1,2026-07-13 06:00:00,2026-07-13 07:59:35,24,4054.007,4065.0889228070178,4041.844979,4067.7256944444434,4067.7256944444434,-0.33988758050539125,tp,0.1,0.7000000000000001,110.1192280701769,0.9111908955771088,-7802.578729632707
2026-07-13,-1,2026-07-13 08:25:00,2026-07-13 10:15:40,23,4078.567,4066.7911517615184,4090.8027009999996,4065.4262013201323,4065.4262013201323,0.3269472380423819,tp,0.1,0.7000000000000001,117.05848238481558,0.9624171298793535,-7685.520247247892
2026-07-13,1,2026-07-13 10:45:00,2026-07-13 11:05:55,5,4052.316,4066.434385964913,4040.159052,4066.7092428940578,4066.7092428940578,-0.3534366987060243,tp,0.1,0.7000000000000001,140.4838596491316,1.161342959179669,-7545.0363875987605
2026-07-13,1,2026-07-13 13:50:00,2026-07-13 14:03:00,3,4050.908,4038.755276,4038.755276,4065.4162429718895,4065.4162429718895,-0.35608267657500725,sl,0.1,0.7000000000000001,-122.22724000000035,-1.0,-7667.263627598761
2026-07-13,1,2026-07-13 14:10:00,2026-07-13 14:16:45,2,4037.637,4025.524089,4025.524089,4064.8948039215693,4064.8948039215693,-0.6703200263702346,sl,0.1,0.7000000000000001,-121.82911000000168,-1.0,-7789.092737598763
2026-07-13,1,2026-07-13 14:25:00,2026-07-13 14:31:50,2,4021.08,4009.01676,4009.01676,4064.1978246628137,4064.1978246628137,-1.0601310891255205,sl,0.1,0.7000000000000001,-121.33239999999951,-1.0,-7910.425137598762
2026-07-13,1,2026-07-13 14:40:00,2026-07-13 16:33:25,23,4007.97,3995.94609,3995.94609,4063.3238920454546,4063.3238920454546,-1.361739637683686,sl,0.1,0.7000000000000001,-120.93909999999887,-1.0,-8031.364237598762
2026-07-13,1,2026-07-13 16:40:00,2026-07-13 23:59:55,76,3996.671,4000.993,3984.6809869999997,4057.1148800000005,4057.1148800000005,-1.48938055212281,session_end,0.1,0.7000000000000001,42.52000000000116,0.36046666504866043,-7988.8442375987615
2026-07-14,-1,2026-07-14 02:15:00,2026-07-14 05:32:50,40,4016.751,4028.8012529999996,4028.8012529999996,4000.4896543209884,4000.4896543209884,0.40240938160215667,sl,0.1,0.7000000000000001,-121.2025299999943,-1.0,-8110.046767598757
2026-07-14,-1,2026-07-14 05:40:00,2026-07-14 08:09:30,30,4028.276,4015.5068831615126,4040.3608279999994,4010.7402941176483,4010.7402941176483,0.4396371888803854,tp,0.1,0.7000000000000001,126.99116838487207,1.0566237962582232,-7983.055599213883
2026-07-14,-1,2026-07-14 12:00:00,2026-07-14 12:30:00,7,4031.043,4043.1361289999995,4043.1361289999995,4017.2210208333354,4017.2210208333354,0.3467566034933972,sl,0.1,0.7000000000000001,-121.63128999999408,-1.0,-8104.686889213877
2026-07-14,-1,2026-07-14 12:40:00,2026-07-14 15:08:35,30,4086.798,4099.058394,4099.058394,4018.521932017546,4018.521932017546,1.707967982844753,sl,0.1,0.7000000000000001,-123.30393999999906,-1.0,-8227.990829213875
2026-07-14,-1,2026-07-14 15:15:00,2026-07-14 23:59:55,93,4090.222,4053.283,4102.492666,4029.1352732240475,4029.1352732240475,1.5185572741268036,session_end,0.1,0.7000000000000001,368.69000000000307,3.0103500494594697,-7859.300829213873
2026-07-15,1,2026-07-15 01:45:00,2026-07-15 05:11:15,42,4039.159,4027.041523,4027.041523,4054.326492063492,4054.326492063492,-0.3764741713172526,sl,0.1,0.7000000000000001,-121.87477000000236,-1.0,-7981.175599213875
2026-07-15,1,2026-07-15 05:20:00,2026-07-15 10:14:25,59,4027.773,4034.6578387978134,4015.6896810000003,4040.690151041665,4040.690151041665,-0.31388576128252255,tp,0.1,0.7000000000000001,68.14838797813245,0.5697804384551407,-7913.027211235742
2026-07-15,-1,2026-07-15 12:35:00,2026-07-15 12:50:25,4,4054.276,4066.4388279999994,4066.4388279999994,4034.5432428256063,4034.5432428256063,0.48882255034603095,sl,0.1,0.7000000000000001,-122.32827999999536,-1.0,-8035.355491235736
2026-07-15,-1,2026-07-15 13:00:00,2026-07-15 16:10:50,39,4067.882,4039.6476975945006,4080.0856459999995,4035.4725726495717,4035.4725726495717,0.8075740018976498,tp,0.1,0.7000000000000001,281.6430240549942,2.3135956586663218,-7753.712467180743
2026-07-15,-1,2026-07-15 17:35:00,2026-07-15 18:03:10,6,4054.708,4066.8721239999995,4066.8721239999995,4039.396682464453,4039.396682464453,0.3821936479417014,sl,0.1,0.7000000000000001,-122.34123999999447,-1.0,-7876.053707180738
2026-07-15,-1,2026-07-15 18:10:00,2026-07-15 18:30:20,5,4066.908,4079.1087239999993,4079.1087239999993,4040.1579724770627,4040.1579724770627,0.6643806431776773,sl,0.1,0.7000000000000001,-122.70723999999355,-1.0,-7998.76094718073
2026-07-15,-1,2026-07-15 18:40:00,2026-07-15 23:59:55,52,4071.135,4058.06,4083.3484049999997,4040.9903258928543,4040.9903258928543,0.7456754824199661,session_end,0.1,0.7000000000000001,130.05000000000274,1.070545028188355,-7868.710947180727
2026-07-16,1,2026-07-16 01:20:00,2026-07-16 02:16:15,12,4041.072,4028.948784,4028.948784,4053.7128125000004,4053.7128125000004,-0.3114875938192807,sl,0.1,0.7000000000000001,-121.93215999999957,-1.0,-7990.643107180727
2026-07-16,1,2026-07-16 02:25:00,2026-07-16 08:32:00,74,4033.343,4035.1581666666666,4021.2429709999997,4046.6451379310342,4046.6451379310342,-0.3284730308185652,tp,0.1,0.7000000000000001,17.451666666667553,0.15001341456840547,-7973.19144051406
2026-07-16,1,2026-07-16 12:25:00,2026-07-16 12:40:55,4,4021.221,4009.157337,4009.157337,4034.316514541384,4034.316514541384,-0.3242312420018734,sl,0.1,0.7000000000000001,-121.33662999999906,-1.0,-8094.528070514058
2026-07-16,1,2026-07-16 12:50:00,2026-07-16 13:02:35,3,3999.744,3987.744768,3987.744768,4033.679158008656,4033.679158008656,-0.8395104489513681,sl,0.1,0.7000000000000001,-120.6923200000012,-1.0,-8215.22039051406
2026-07-16,1,2026-07-16 13:10:00,2026-07-16 19:35:20,78,3983.95,3971.99815,3971.99815,4032.5490928270024,4032.5490928270024,-1.198450203940906,sl,0.1,0.7000000000000001,-120.21849999999922,-1.0,-8335.438890514059
2026-07-16,1,2026-07-16 19:45:00,2026-07-16 23:59:55,39,3975.862,3985.862,3963.9344140000003,4018.8282433192708,4018.8282433192708,-1.0730053813808844,session_end,0.1,0.7000000000000001,99.3,0.8383926135598749,-8236.13889051406
2026-07-17,1,2026-07-17 02:40:00,2026-07-17 03:02:50,5,3973.776,3984.9622222222233,3961.854672,3985.952843750001,3985.952843750001,-0.3093574920068658,tp,0.1,0.7000000000000001,111.16222222223477,0.9383369220462325,-8124.976668291823
2026-07-17,-1,2026-07-17 03:20:00,2026-07-17 04:09:45,10,4002.546,3987.6785578231306,4014.5536379999994,3985.5461666666683,3985.5461666666683,0.42616074743745747,tp,0.1,0.7000000000000001,147.9744217686919,1.2381654224477536,-7977.00224652313
2026-07-17,-1,2026-07-17 06:15:00,2026-07-17 08:19:45,25,3999.693,3989.5085286195285,4011.692079,3986.721355555555,3986.721355555555,0.3236906543885348,tp,0.1,0.7000000000000001,101.14471380471677,0.848771091553937,-7875.857532718415
2026-07-17,1,2026-07-17 12:40:00,2026-07-17 12:43:05,1,3977.915,3965.981255,3965.981255,3991.044475877194,3991.044475877194,-0.32857253173837125,sl,0.1,0.7000000000000001,-120.03744999999817,-1.0,-7995.894982718415
2026-07-17,1,2026-07-17 12:50:00,2026-07-17 13:38:30,10,3967.469,3989.5895480572617,3955.566593,3990.7715649350666,3990.7715649350666,-0.5861915309965158,tp,0.1,0.7000000000000001,220.5054805726166,1.858493669159657,-7775.389502145797
2026-07-17,-1,2026-07-17 14:25:00,2026-07-17 15:30:05,14,4002.708,4014.7161239999996,4014.7161239999996,3989.8116377649344,3989.8116377649344,0.3230067834050702,sl,0.1,0.7000000000000001,-120.78123999999498,-1.0,-7896.170742145794
2026-07-17,-1,2026-07-17 15:40:00,2026-07-17 20:57:55,64,4014.422,4017.912,4026.4652659999997,3990.9302588652513,3990.9302588652513,0.5882774093232108,session_end,0.1,0.7000000000000001,-35.59999999999782,-0.289788500893352,-7931.770742145793
2026-07-20,-1,2026-07-20 01:05:00,2026-07-20 01:21:30,4,4013.748,4002.197791666666,4025.7892439999996,4000.0387179487175,4000.0387179487175,0.345153710371155,tp,0.1,0.7000000000000001,114.80208333334012,0.9592205201833335,-7816.968658812453
2026-07-20,-1,2026-07-20 02:50:00,2026-07-20 05:12:55,29,4025.027,4012.740704301074,4037.1020809999995,4004.3110098039215,4004.3110098039215,0.517092457238786,tp,0.1,0.7000000000000001,122.16295698926096,1.0174917831960386,-7694.805701823192
2026-07-20,-1,2026-07-20 08:15:00,2026-07-20 11:30:35,40,4024.013,4036.0850389999996,4036.0850389999996,4011.8911313131302,4011.8911313131302,0.3016499772990758,sl,0.1,0.7000000000000001,-121.42038999999677,-1.0,-7816.226091823188
2026-07-20,-1,2026-07-20 11:40:00,2026-07-20 12:02:30,5,4032.454,4015.2572314814793,4044.5513619999997,4014.8744642857123,4014.8744642857123,0.4435639488283732,tp,0.1,0.7000000000000001,171.26768518520913,1.4215304558565407,-7644.958406637979
2026-07-20,1,2026-07-20 14:10:00,2026-07-20 15:08:55,12,4000.966,4014.099847145486,3988.9631019999997,4014.6006999999977,4014.6006999999977,-0.3355925285420674,tp,0.1,0.7000000000000001,130.63847145486017,1.0942230072675625,-7514.319935183121
2026-07-21,-1,2026-07-21 01:20:00,2026-07-21 01:58:55,8,4034.404,4021.8601014492756,4046.5072119999995,4019.4572291666664,4019.4572291666664,0.37412441471485014,tp,0.1,0.7000000000000001,124.73898550724407,1.0364107107043068,-7389.5809496758775
2026-07-21,-1,2026-07-21 02:40:00,2026-07-21 03:27:40,10,4037.334,4049.446001999999,4049.446001999999,4023.329635416666,4023.329635416666,0.34703506420219005,sl,0.1,0.7000000000000001,-121.82001999999393,-1.0,-7511.400969675873
2026-07-21,-1,2026-07-21 03:35:00,2026-07-21 05:30:05,24,4045.009,4057.1440269999994,4057.1440269999994,4027.438457364341,4027.438457364341,0.43599778920397003,sl,0.1,0.7000000000000001,-122.05026999999355,-1.0,-7633.4512396758655
2026-07-21,-1,2026-07-21 05:40:00,2026-07-21 06:22:30,9,4061.145,4073.3284349999994,4073.3284349999994,4035.108147058824,4035.108147058824,0.644861351737058,sl,0.1,0.7000000000000001,-122.53434999999463,-1.0,-7755.98558967586
2026-07-21,-1,2026-07-21 06:30:00,2026-07-21 12:43:40,75,4072.493,4052.1338991228054,4084.7104789999994,4039.2536153846163,4039.2536153846163,0.8280832995478792,tp,0.1,0.7000000000000001,202.8910087719458,1.66639131339579,-7553.094580903915
2026-07-21,-1,2026-07-21 14:15:00,2026-07-21 15:17:15,13,4065.803,4078.0004089999993,4078.0004089999993,4052.4447037037025,4052.4447037037025,0.3321524975774564,sl,0.1,0.7000000000000001,-122.67408999999425,-1.0,-7675.768670903908
2026-07-21,-1,2026-07-21 15:25:00,2026-07-21 23:59:55,91,4078.179,4080.922,4090.4135369999995,4053.7001441441425,4053.7001441441425,0.6053692918383913,session_end,0.1,0.7000000000000001,-28.12999999999938,-0.2242013735378855,-7703.898670903909
2026-07-22,-1,2026-07-22 01:05:00,2026-07-22 01:45:10,9,4110.859,4123.191577,4123.191577,4094.1660256410255,4094.1660256410255,0.4099974024953357,sl,0.1,0.7000000000000001,-124.02576999999219,-1.0,-7827.924440903902
2026-07-22,-1,2026-07-22 01:55:00,2026-07-22 03:02:35,14,4119.721,4132.080162999999,4132.080162999999,4104.253391304347,4104.253391304347,0.3765510367463195,sl,0.1,0.7000000000000001,-124.29162999999171,-1.0,-7952.216070903894
2026-07-22,-1,2026-07-22 03:10:00,2026-07-22 06:25:55,40,4137.286,4121.682034632035,4149.6978579999995,4112.904666666666,4112.904666666666,0.601164756716148,tp,0.1,0.7000000000000001,155.3396536796543,1.257182072818274,-7796.876417224241
2026-07-22,-1,2026-07-22 12:30:00,2026-07-22 12:49:00,4,4132.488,4120.167113289759,4144.885464,4120.011448888888,4120.011448888888,0.30498825712004796,tp,0.1,0.7000000000000001,122.50886710241211,0.9938231488505663,-7674.367550121828
2026-07-22,-1,2026-07-22 13:25:00,2026-07-22 13:33:30,2,4133.67,4146.07101,4146.07101,4120.25644927536,4120.25644927536,0.32501740824883335,sl,0.1,0.7000000000000001,-124.71009999999588,-1.0,-7799.077650121824
2026-07-22,-1,2026-07-22 13:40:00,2026-07-22 14:00:30,5,4144.29,4156.72287,4156.72287,4120.5954004065015,4120.5954004065015,0.5802219647951787,sl,0.1,0.7000000000000001,-125.02869999999639,-1.0,-7924.10635012182
2026-07-22,-1,2026-07-22 14:10:00,2026-07-22 20:46:35,80,4156.914,4128.846878179381,4169.384741999999,4121.64389215686,4121.64389215686,0.8493481911369325,tp,0.1,0.7000000000000001,279.97121820618923,2.2506376782247606,-7644.135131915631
2026-07-23,1,2026-07-23 02:05:00,2026-07-23 02:52:00,10,4113.945,4125.958725490196,4101.6031649999995,4129.013573333334,4129.013573333334,-0.3614561460810395,tp,0.1,0.7000000000000001,119.4372549019652,0.9734148520213041,-7524.697877013667
2026-07-23,1,2026-07-23 07:10:00,2026-07-23 07:42:15,7,4110.785,4098.452644999999,4098.452644999999,4125.195550387598,4125.195550387598,-0.35156031297074036,sl,0.1,0.7000000000000001,-124.02355000000462,-1.0,-7648.721427013672
2026-07-23,1,2026-07-23 07:50:00,2026-07-23 11:24:00,43,4093.307,4081.027079,4081.027079,4123.363695035462,4123.363695035462,-0.7321618287470151,sl,0.1,0.7000000000000001,-123.49920999999831,-1.0,-7772.22063701367
2026-07-23,1,2026-07-23 11:30:00,2026-07-23 12:24:35,11,4084.253,4072.000241,4072.000241,4113.183690821257,4113.183690821257,-0.7009823287396194,sl,0.1,0.7000000000000001,-123.2275899999997,-1.0,-7895.448227013669
2026-07-23,1,2026-07-23 12:30:00,2026-07-23 12:48:20,4,4075.321,4063.095037,4063.095037,4110.576726666667,4110.576726666667,-0.8532312859930061,sl,0.1,0.7000000000000001,-122.95962999999865,-1.0,-8018.407857013666
2026-07-23,1,2026-07-23 12:55:00,2026-07-23 13:05:55,3,4064.258,4052.0652259999997,4052.0652259999997,4109.229208602152,4109.229208602152,-1.0940058663080585,sl,0.1,0.7000000000000001,-122.627740000001,-1.0,-8141.035597013666
2026-07-23,1,2026-07-23 13:15:00,2026-07-23 23:59:55,117,4041.237,4046.985,4029.113289,4107.8275555555565,4107.8275555555565,-1.6238402088067962,session_end,0.1,0.7000000000000001,56.78000000000047,0.4741122582021264,-8084.255597013667
2026-07-24,1,2026-07-24 02:50:00,2026-07-24 06:20:30,43,4026.737,4035.845508771931,4014.656789,4045.1294509803915,4045.1294509803915,-0.4570546185094407,tp,0.1,0.7000000000000001,90.38508771930701,0.7540024567394336,-7993.87050929436
2026-07-24,-1,2026-07-24 07:30:00,2026-07-24 09:02:45,19,4048.924,4061.0707719999996,4061.0707719999996,4036.42918888889,4036.42918888889,0.304744875618539,sl,0.1,0.7000000000000001,-122.16771999999601,-1.0,-8116.038229294358
2026-07-24,-1,2026-07-24 09:10:00,2026-07-24 13:30:20,53,4057.48,4044.702248971195,4069.6524399999994,4039.0610484848485,4039.0610484848485,0.4630767223032619,tp,0.1,0.7000000000000001,127.07751028805141,1.0497279944535198,-7988.960719006307
2026-07-24,-1,2026-07-24 13:50:00,2026-07-24 15:10:55,17,4058.59,4070.7657699999995,4070.7657699999995,4044.900865461849,4044.900865461849,0.3414702856153547,sl,0.1,0.7000000000000001,-122.45769999999375,-1.0,-8111.418419006302
2026-07-24,-1,2026-07-24 15:20:00,2026-07-24 19:15:45,48,4077.31,4050.7426522366527,4089.5419299999994,4046.7686268115954,4046.7686268115954,0.7544877408140995,tp,0.1,0.7000000000000001,264.97347763347244,2.171966955611126,-7846.444941372829
2026-07-27,1,2026-07-27 03:30:00,2026-07-27 06:12:05,33,4085.769,4096.4769234234245,4073.511693,4101.3485634920635,4101.3485634920635,-0.3791085603030186,tp,0.1,0.7000000000000001,106.37923423424745,0.873595107263355,-7740.065707138583
2026-07-27,1,2026-07-27 12:25:00,2026-07-27 13:58:20,19,4083.51,4071.2594700000004,4071.2594700000004,4096.0127807606295,4096.0127807606295,-0.30746439121928243,sl,0.1,0.7000000000000001,-123.20529999999799,-1.0,-7863.271007138581
2026-07-27,1,2026-07-27 14:05:00,2026-07-27 16:31:10,30,4075.631,4091.805582491585,4063.404107,4094.5561045364934,4094.5561045364934,-0.46437523509391293,tp,0.1,0.7000000000000001,161.0458249158517,1.3228693905790412,-7702.22518222273
2026-07-27,1,2026-07-27 17:05:00,2026-07-27 23:59:55,71,4076.533,4073.275,4064.3034009999997,4091.592133333336,4091.592133333336,-0.36966376022953173,session_end,0.1,0.7000000000000001,-33.27999999999811,-0.26640284771395595,-7735.505182222729
2026-07-28,1,2026-07-28 01:30:00,2026-07-28 05:36:30,50,4047.582,4035.439254,4035.439254,4060.3986851851855,4060.3986851851855,-0.3214138856069092,sl,0.1,0.7000000000000001,-122.12745999999989,-1.0,-7857.6326422227285
2026-07-28,1,2026-07-28 09:40:00,2026-07-28 09:57:40,4,4032.458,4020.360626,4020.360626,4048.2086580459772,4048.2086580459772,-0.3913004339460952,sl,0.1,0.7000000000000001,-121.67373999999946,-1.0,-7979.306382222727
2026-07-28,1,2026-07-28 10:05:00,2026-07-28 14:22:25,52,4024.515,4012.4414549999997,4012.4414549999997,4047.4005399449034,4047.4005399449034,-0.5651662028294068,sl,0.1,0.7000000000000001,-121.43545000000195,-1.0,-8100.741832222728
2026-07-28,1,2026-07-28 14:30:00,2026-07-28 15:20:40,11,4022.294,4040.426951086956,4010.227118,4041.227768199233,4041.227768199233,-0.46826779594423895,tp,0.1,0.7000000000000001,180.62951086955928,1.5027039368542603,-7920.112321353168
2026-07-28,1,2026-07-28 17:55:00,2026-07-28 22:32:20,44,4026.724,4014.643828,4014.643828,4040.209434108527,4040.209434108527,-0.3334588052487869,sl,0.1,0.7000000000000001,-121.50171999999948,-1.0,-8041.614041353168
2026-07-28,1,2026-07-28 22:40:00,2026-07-28 23:59:55,16,4015.303,4025.178,4003.257091,4037.648260256409,4037.648260256409,-0.555329707075196,session_end,0.1,0.7000000000000001,98.05,0.8197803918326173,-7943.564041353169
2026-07-29,-1,2026-07-29 05:45:00,2026-07-29 09:30:30,46,4039.045,4031.5917280701747,4051.1621349999996,4025.880193236715,4025.880193236715,0.32655732739814236,tp,0.1,0.7000000000000001,73.83271929825405,0.6151018314003853,-7869.731322054915
2026-07-29,1,2026-07-29 12:20:00,2026-07-29 13:54:30,19,4018.831,4006.774507,4006.774507,4031.477641891893,4031.477641891893,-0.3126060221923748,sl,0.1,0.7000000000000001,-121.26493000000046,-1.0,-7990.996252054916
2026-07-29,1,2026-07-29 14:00:00,2026-07-29 16:55:15,36,4007.603,4026.23504761905,3995.580191,4029.7407976190484,4029.7407976190484,-0.557896866029985,tp,0.1,0.7000000000000001,185.620476190499,1.5497249951363128,-7805.375775864417
2026-07-29,-1,2026-07-29 17:10:00,2026-07-29 18:00:00,11,4038.851,4050.9675529999995,4050.9675529999995,4026.342226537219,4026.342226537219,0.3103505057374946,sl,0.1,0.7000000000000001,-121.86552999999385,-1.0,-7927.241305864412
2026-07-29,-1,2026-07-29 18:10:00,2026-07-29 18:46:20,8,4076.514,4088.7435419999997,4088.7435419999997,4027.545207951073,4027.545207951073,1.218677619112242,sl,0.1,0.7000000000000001,-122.99541999999583,-1.0,-8050.236725864408
2026-07-29,-1,2026-07-29 18:55:00,2026-07-29 23:59:55,49,4104.603,4084.914,4116.916808999999,4029.5176182085183,4029.5176182085183,1.8657166667236398,session_end,0.1,0.7000000000000001,196.18999999999852,1.5989366084857215,-7854.046725864409
2026-07-30,-1,2026-07-30 01:05:00,2026-07-30 01:14:45,2,4089.287,4076.4321904761896,4101.554861,4075.486487179486,4075.486487179486,0.3366595095745056,tp,0.1,0.7000000000000001,127.84809523810218,1.047844406112069,-7726.198630626306
2026-07-30,1,2026-07-30 03:00:00,2026-07-30 03:30:25,7,4063.912,4051.7202639999996,4051.7202639999996,4079.453833333333,4079.453833333333,-0.3805615645525654,sl,0.1,0.7000000000000001,-122.6173600000022,-1.0,-7848.81599062631
2026-07-30,1,2026-07-30 03:40:00,2026-07-30 05:18:35,20,4051.698,4039.5429059999997,4039.5429059999997,4075.794636363636,4075.794636363636,-0.5924645012335633,sl,0.1,0.7000000000000001,-122.2509400000019,-1.0,-7971.066930626312
2026-07-30,1,2026-07-30 05:25:00,2026-07-30 05:38:15,3,4044.054,4031.921838,4031.921838,4067.730435897436,4067.730435897436,-0.5779742848729086,sl,0.1,0.7000000000000001,-122.0216199999988,-1.0,-8093.088550626311
2026-07-30,1,2026-07-30 05:45:00,2026-07-30 08:20:45,32,4033.673,4058.250986666666,4021.5719809999996,4066.1788888888887,4066.1788888888887,-0.8016835899169236,tp,0.1,0.7000000000000001,245.0798666666622,2.031067521393517,-7848.008683959648
2026-07-30,-1,2026-07-30 10:20:00,2026-07-30 13:37:05,40,4075.472,4087.6984159999997,4087.6984159999997,4059.830311827955,4059.830311827955,0.3921269351003261,sl,0.1,0.7000000000000001,-122.96415999999518,-1.0,-7970.972843959644
2026-07-30,-1,2026-07-30 13:45:00,2026-07-30 13:48:35,1,4089.103,4101.370309,4101.370309,4064.331359595957,4064.331359595957,0.6089474064561368,sl,0.1,0.7000000000000001,-123.37308999999841,-1.0,-8094.345933959641
2026-07-30,-1,2026-07-30 13:55:00,2026-07-30 14:00:25,2,4102.248,4114.554743999999,4114.554743999999,4064.7211257485,4064.7211257485,0.9254232476913817,sl,0.1,0.7000000000000001,-123.76743999999526,-1.0,-8218.113373959637
2026-07-30,-1,2026-07-30 14:10:00,2026-07-30 14:44:45,7,4099.072,4111.369216,4111.369216,4065.4682117647035,4065.4682117647035,0.8263202781436659,sl,0.1,0.7000000000000001,-123.67215999999935,-1.0,-8341.785533959635
2026-07-30,-1,2026-07-30 14:50:00,2026-07-30 16:24:05,19,4104.394,4116.707182,4116.707182,4067.0036310861396,4067.0036310861396,0.9275961453662541,sl,0.1,0.7000000000000001,-123.8318199999987,-1.0,-8465.617353959635
2026-07-30,-1,2026-07-30 16:30:00,2026-07-30 23:59:55,78,4116.23,4106.003,4128.578689999999,4070.6860471380455,4070.6860471380455,1.118016774935314,session_end,0.1,0.7000000000000001,101.56999999999861,0.8281850139569479,-8364.047353959635
2026-07-31,1,2026-07-31 02:45:00,2026-07-31 06:16:30,43,4075.663,4083.5129911111103,4063.436011,4091.13109090909,4091.13109090909,-0.3790172097771677,tp,0.1,0.7000000000000001,77.79991111110284,0.6420216057371227,-8286.247442848533
2026-07-31,1,2026-07-31 07:35:00,2026-07-31 08:28:35,11,4069.987,4057.777039,4057.777039,4082.6530293040287,4082.6530293040287,-0.31249359699331497,sl,0.1,0.7000000000000001,-122.79961000000021,-1.0,-8409.047052848535
2026-07-31,1,2026-07-31 08:35:00,2026-07-31 12:30:00,48,4057.342,4045.169974,4045.169974,4080.7090485436884,4080.7090485436884,-0.576763701202566,sl,0.1,0.7000000000000001,-122.42026000000187,-1.0,-8531.467312848537
2026-07-31,1,2026-07-31 12:40:00,2026-07-31 13:36:10,12,4044.927,4032.792219,4032.792219,4072.558355263158,4072.558355263158,-0.6809320541059678,sl,0.1,0.7000000000000001,-122.04781000000203,-1.0,-8653.515122848541
2026-07-31,1,2026-07-31 13:45:00,2026-07-31 20:57:55,87,4025.413,4043.897,4013.336761,4069.9064282828285,4069.9064282828285,-1.0973084779659505,session_end,0.1,0.7000000000000001,184.13999999999925,1.530608991756452,-8469.375122848542
