session_date,side,entry_dt,exit_dt,bars_held,entry_price,exit_price,stop_price,target_at_entry,vwap_at_signal,dev_pct,exit_reason,lots,commission,pnl,r_multiple,equity
2024-01-02,-1,2024-01-02 05:55:00,2024-01-02 11:34:20,68,2074.661,2071.527576086956,2083.9969745,2068.231302816901,2068.231302816901,0.3146261820056911,tp,0.1,0.7000000000000001,30.634239130442257,0.33562901366582515,10030.634239130442
2024-01-02,1,2024-01-02 15:35:00,2024-01-02 23:59:55,89,2064.19,2059.645,2054.9011450000003,2070.4661051693406,2070.4661051693406,-0.3045983295063431,session_end,0.1,0.7000000000000001,-46.15000000000073,-0.4892960434843883,9984.484239130441
2024-01-03,1,2024-01-03 09:45:00,2024-01-03 12:04:45,28,2055.134,2045.885897,2045.885897,2062.8336566951566,2062.8336566951566,-0.37740108951049617,sl,0.1,0.7000000000000001,-93.18102999999901,-1.0,9891.303209130443
2024-01-03,1,2024-01-03 12:10:00,2024-01-03 14:17:10,26,2044.965,2035.7626575,2035.7626575,2060.9065331050233,2060.9065331050233,-0.7774750017839288,sl,0.1,0.7000000000000001,-92.72342499999986,-1.0,9798.579784130443
2024-01-03,1,2024-01-03 14:25:00,2024-01-03 23:59:55,103,2036.066,2042.835,2026.9037030000002,2058.120132947977,2058.120132947977,-1.073364600750213,session_end,0.1,0.7000000000000001,66.99000000000005,0.7387885374159028,9865.569784130443
2024-01-04,1,2024-01-04 14:50:00,2024-01-04 15:13:45,5,2036.632,2044.9329816849818,2027.4671560000002,2045.0457331460677,2045.0457331460677,-0.4130094994537916,tp,0.1,0.7000000000000001,82.30981684981707,0.9057417327541849,9947.879600980259
2024-01-05,1,2024-01-05 10:10:00,2024-01-05 13:30:10,41,2037.855,2028.6846525,2028.6846525,2044.3752909836053,2044.3752909836053,-0.31800868520951986,sl,0.1,0.7000000000000001,-92.40347499999935,-1.0,9855.47612598026
2024-01-05,1,2024-01-05 13:40:00,2024-01-05 14:01:05,5,2027.309,2042.7838035714276,2018.1861095000002,2042.9578821138205,2042.9578821138205,-0.7659424724718195,tp,0.1,0.7000000000000001,154.0480357142763,1.696261022910222,10009.524161694537
2024-01-05,-1,2024-01-05 15:05:00,2024-01-05 16:58:55,23,2057.496,2044.3516059113292,2066.754732,2042.9595681399626,2042.9595681399626,0.7116847580725649,tp,0.1,0.7000000000000001,130.7439408867088,1.4196754035726695,10140.268102581245
2024-01-08,1,2024-01-08 03:50:00,2024-01-08 09:19:40,66,2036.171,2027.0082305,2027.0082305,2043.37193115942,2043.37193115942,-0.3557076931802579,sl,0.1,0.7000000000000001,-92.32769499999968,-1.0,10047.940407581245
2024-01-08,1,2024-01-08 09:25:00,2024-01-08 11:18:35,23,2027.499,2018.3752545000002,2018.3752545000002,2036.744693215339,2036.744693215339,-0.4550493366307853,sl,0.1,0.7000000000000001,-91.93745499999814,-1.0,9956.002952581248
2024-01-08,1,2024-01-08 11:25:00,2024-01-08 15:31:25,50,2020.827,2031.7868808243738,2011.7332785,2035.1823454987837,2035.1823454987837,-0.7049415267636566,tp,0.1,0.7000000000000001,108.8988082437384,1.2052140396397624,10064.901760824987
2024-01-09,1,2024-01-09 16:05:00,2024-01-09 23:59:55,83,2027.765,2030.569,2018.6400575000002,2034.4588791019012,2034.4588791019012,-0.3300326770362239,session_end,0.1,0.7000000000000001,27.3399999999986,0.30728960757833845,10092.241760824985
2024-01-10,-1,2024-01-10 10:05:00,2024-01-10 12:56:55,35,2039.052,2031.4372591397848,2048.2277339999996,2030.4679132231402,2030.4679132231402,0.42180360108545367,tp,0.1,0.7000000000000001,75.44740860215079,0.8298781176759629,10167.689169427136
2024-01-10,1,2024-01-10 15:05:00,2024-01-10 23:59:55,95,2025.11,2026.527,2015.997005,2031.3148591160223,2031.3148591160223,-0.3045741081574362,session_end,0.1,0.7000000000000001,13.470000000001438,0.15549223937905712,10181.159169427137
2024-01-11,-1,2024-01-11 13:25:00,2024-01-11 13:30:00,2,2038.916,2048.091122,2048.091122,2031.7458146997928,2031.7458146997928,0.35620525204706555,sl,0.1,0.7000000000000001,-92.45121999999874,-1.0,10088.707949427138
2024-01-11,1,2024-01-11 16:25:00,2024-01-11 21:11:10,58,2019.282,2028.80144160105,2010.195231,2031.3354297800342,2031.3354297800342,-0.5929316056550322,tp,0.1,0.7000000000000001,94.49441601050175,1.0476156707681434,10183.20236543764
2024-01-12,-1,2024-01-12 10:45:00,2024-01-12 12:08:25,17,2042.258,2051.448161,2051.448161,2035.5500878552964,2035.5500878552964,0.3306925329357053,sl,0.1,0.7000000000000001,-92.60160999999762,-1.0,10090.600755437643
2024-01-12,-1,2024-01-12 12:15:00,2024-01-12 14:32:05,28,2050.904,2060.133068,2060.133068,2036.8418809523803,2036.8418809523803,0.6914930009704097,sl,0.1,0.7000000000000001,-92.99068000000098,-1.0,9997.610075437642
2024-01-12,-1,2024-01-12 14:40:00,2024-01-12 17:46:20,38,2059.803,2041.585302034429,2069.0721135,2039.3240511363629,2039.3240511363629,1.0075372205897315,tp,0.1,0.7000000000000001,181.4769796557078,1.965419666678024,10179.087055093349
2024-01-12,-1,2024-01-12 19:10:00,2024-01-12 21:57:55,34,2048.608,2049.164,2057.826736,2041.9170847826092,2041.9170847826092,0.32922077333550065,session_end,0.1,0.7000000000000001,-6.2600000000004,-0.060311955999179455,10172.827055093348
2024-01-15,-1,2024-01-15 03:00:00,2024-01-15 07:32:10,55,2056.35,2053.3076370370372,2065.6035749999996,2050.217351851852,2050.217351851852,0.30307265434737984,tp,0.1,0.7000000000000001,29.723629629626704,0.32877703622251503,10202.550684722975
2024-01-16,1,2024-01-16 08:40:00,2024-01-16 13:14:05,55,2043.435,2034.2395425,2034.2395425,2050.0979695512824,2050.0979695512824,-0.32893401444412296,sl,0.1,0.7000000000000001,-92.65457499999975,-1.0,10109.896109722975
2024-01-16,1,2024-01-16 13:20:00,2024-01-16 23:59:55,116,2033.088,2027.998,2023.939104,2046.4944250000003,2046.4944250000003,-0.6589035784937614,session_end,0.1,0.7000000000000001,-51.599999999999184,-0.5563512799795692,10058.296109722976
2024-01-17,1,2024-01-17 05:20:00,2024-01-17 07:44:45,29,2020.039,2024.8023949275373,2010.9488245,2027.1118802083338,2027.1118802083338,-0.3505667485705552,tp,0.1,0.7000000000000001,46.933949275373195,0.5240157274782348,10105.23005899835
2024-01-17,1,2024-01-17 14:55:00,2024-01-17 15:29:30,7,2017.695,2008.6153725000001,2008.6153725000001,2024.3901294227196,2024.3901294227196,-0.33311906261085067,sl,0.1,0.7000000000000001,-91.49627499999788,-1.0,10013.733783998352
2024-01-17,1,2024-01-17 15:35:00,2024-01-17 23:59:55,89,2006.502,2009.416,1997.472741,2023.82817023173,2023.82817023173,-0.8596416675896917,session_end,0.1,0.7000000000000001,28.439999999999873,0.32272858714098424,10042.173783998353
2024-01-18,-1,2024-01-18 12:30:00,2024-01-18 13:30:00,13,2016.671,2010.7157088477359,2025.7460194999999,2010.427139999999,2010.427139999999,0.3138318158598317,tp,0.1,0.7000000000000001,58.852911522641804,0.6562290199226894,10101.026695520994
2024-01-18,-1,2024-01-18 18:25:00,2024-01-18 23:59:55,55,2017.518,2023.854,2026.5968309999998,2011.5045279034678,2011.5045279034678,0.30203621280755716,session_end,0.1,0.7000000000000001,-64.06000000000013,-0.6978872059629864,10036.966695520994
2024-01-19,-1,2024-01-19 07:50:00,2024-01-19 13:32:00,69,2029.24,2038.37158,2038.37158,2023.0855851063843,2023.0855851063843,0.30364088098094966,sl,0.1,0.7000000000000001,-92.01579999999986,-1.0,9944.950895520993
2024-01-19,-1,2024-01-19 13:40:00,2024-01-19 14:46:35,14,2036.428,2026.9241854990591,2045.591926,2026.4312184959354,2026.4312184959354,0.49657651403207353,tp,0.1,0.7000000000000001,94.33814500940962,1.0370898347434294,10039.289040530402
2024-01-22,1,2024-01-22 06:15:00,2024-01-22 08:28:00,27,2020.841,2026.037792079208,2011.7472155,2027.271942222222,2027.271942222222,-0.3206990678860378,tp,0.1,0.7000000000000001,51.2679207920808,0.5714663767552621,10090.556961322483
2024-01-22,1,2024-01-22 14:45:00,2024-01-22 15:15:25,7,2018.385,2025.1060364298721,2009.3022675000002,2025.18631638418,2025.18631638418,-0.33931773726622266,tp,0.1,0.7000000000000001,66.51036429872129,0.7399795634047663,10157.067325621205
2024-01-23,-1,2024-01-23 05:45:00,2024-01-23 10:05:40,53,2030.616,2026.8616198347117,2039.7537719999998,2024.204200483092,2024.204200483092,0.318288022293907,tp,0.1,0.7000000000000001,36.84380165288239,0.41086384791482167,10193.911127274088
2024-01-24,-1,2024-01-24 09:40:00,2024-01-24 14:39:25,60,2033.364,2028.93736952381,2042.514138,2027.0471594827588,2027.0471594827588,0.31278702557956595,tp,0.1,0.7000000000000001,43.56630476189984,0.4837774551804573,10237.477432035987
2024-01-24,1,2024-01-24 15:05:00,2024-01-24 16:07:30,13,2021.59,2012.492845,2012.492845,2028.8395451197057,2028.8395451197057,-0.35577210317437113,sl,0.1,0.7000000000000001,-91.6715499999993,-1.0,10145.805882035987
2024-01-24,1,2024-01-24 16:15:00,2024-01-24 23:58:55,81,2013.721,2016.27,2004.6592555000002,2028.0822341880344,2028.0822341880344,-0.7070341599720831,session_end,0.1,0.7000000000000001,24.789999999999782,0.28129241560496804,10170.595882035988
2024-01-25,-1,2024-01-25 14:15:00,2024-01-25 16:25:10,27,2022.873,2016.8790177664973,2031.9759285,2016.1994064327487,2016.1994064327487,0.3304531062748153,tp,0.1,0.7000000000000001,59.2398223350272,0.6584674628063645,10229.835704371015
2024-01-29,-1,2024-01-29 07:15:00,2024-01-29 10:41:45,42,2031.051,2026.7581276041662,2040.1907294999999,2024.886153256705,2024.886153256705,0.30326874098173107,tp,0.1,0.7000000000000001,42.22872395833683,0.46969359386770865,10272.064428329351
2024-01-29,-1,2024-01-29 13:45:00,2024-01-29 14:38:40,11,2035.192,2027.6348038095239,2044.350364,2027.184665656566,2027.184665656566,0.39746425078764624,tp,0.1,0.7000000000000001,74.87196190476133,0.8251687954831477,10346.936390234114
2024-01-29,-1,2024-01-29 20:20:00,2024-01-29 23:59:55,32,2034.193,2031.162,2043.3468684999998,2027.3542226775967,2027.3542226775967,0.33917493280092426,session_end,0.1,0.7000000000000001,29.60999999999949,0.33111683874418885,10376.546390234113
2024-01-30,-1,2024-01-30 14:10:00,2024-01-30 15:15:00,14,2040.777,2035.0916129326042,2049.9604965,2034.354208823529,2034.354208823529,0.3150528629022534,tp,0.1,0.7000000000000001,56.153870673958224,0.6190874104864018,10432.700260908072
2024-01-31,-1,2024-01-31 14:15:00,2024-01-31 14:46:45,7,2044.234,2053.4330529999997,2053.4330529999997,2036.612443469786,2036.612443469786,0.3780324801068704,sl,0.1,0.7000000000000001,-92.69052999999822,-1.0,10340.009730908074
2024-01-31,-1,2024-01-31 14:55:00,2024-01-31 19:00:10,50,2053.935,2039.9310482456146,2063.1777075,2037.0912728119188,2037.0912728119188,0.8258209837038658,tp,0.1,0.7000000000000001,139.339517543853,1.5151352300595058,10479.349248451927
2024-01-31,-1,2024-01-31 19:40:00,2024-01-31 20:02:00,5,2047.304,2040.20454513889,2056.516868,2040.0786779661025,2040.0786779661025,0.3540952666148843,tp,0.1,0.7000000000000001,70.29454861110189,0.7706020384868354,10549.643797063029
2024-01-31,1,2024-01-31 20:30:00,2024-01-31 21:22:55,11,2033.697,2039.8857044270842,2024.5453635,2040.097508807589,2040.097508807589,-0.3177303427706175,tp,0.1,0.7000000000000001,61.18704427084303,0.6762401923507677,10610.830841333871
2024-02-01,1,2024-02-01 10:40:00,2024-02-01 13:40:30,37,2035.556,2040.9780182926834,2026.3959980000002,2043.1974361979162,2043.1974361979162,-0.3761719773992331,tp,0.1,0.7000000000000001,53.52018292683333,0.5919232651568659,10664.351024260704
2024-02-01,-1,2024-02-01 14:25:00,2024-02-01 15:00:00,8,2047.187,2041.3619157407413,2056.3993415,2041.0775838150294,2041.0775838150294,0.3023851829010075,tp,0.1,0.7000000000000001,57.55084259258574,0.6323131051164913,10721.90186685329
2024-02-01,-1,2024-02-01 15:10:00,2024-02-01 16:10:30,13,2048.037,2057.2531664999997,2057.2531664999997,2041.4152976190483,2041.4152976190483,0.3286054723297031,sl,0.1,0.7000000000000001,-92.86166499999872,-1.0,10629.040201853291
2024-02-01,-1,2024-02-01 16:20:00,2024-02-01 23:59:55,80,2056.949,2055.058,2066.2052705,2042.1387882653069,2042.1387882653069,0.7259404610440714,session_end,0.1,0.7000000000000001,18.210000000000765,0.20429394322476538,10647.250201853292
2024-02-02,1,2024-02-02 13:35:00,2024-02-02 13:50:20,4,2041.53,2032.3431150000001,2032.3431150000001,2054.885921267894,2054.885921267894,-0.649545608821843,sl,0.1,0.7000000000000001,-92.56884999999848,-1.0,10554.681351853293
2024-02-02,1,2024-02-02 14:00:00,2024-02-02 21:57:55,96,2031.756,2039.675,2022.6130980000003,2054.298114087302,2054.298114087302,-1.0968522013813502,session_end,0.1,0.7000000000000001,78.48999999999869,0.8661363755184102,10633.171351853292
2024-02-05,1,2024-02-05 08:05:00,2024-02-05 13:27:10,65,2026.558,2017.4384890000001,2017.4384890000001,2032.7712199312716,2032.7712199312716,-0.3091946535667819,sl,0.1,0.7000000000000001,-91.89510999999875,-1.0,10541.276241853293
2024-02-05,1,2024-02-05 13:35:00,2024-02-05 18:33:00,60,2018.668,2026.88235135135,2009.583994,2029.1704734151322,2029.1704734151322,-0.5179443301007493,tp,0.1,0.7000000000000001,81.4435135135016,0.904265293456469,10622.719755366794
2024-02-06,-1,2024-02-06 15:10:00,2024-02-06 23:58:50,94,2034.27,2035.501,2043.4242149999998,2026.5112234432231,2026.5112234432231,0.3817041064117044,session_end,0.1,0.7000000000000001,-13.009999999999945,-0.13447357310266606,10609.709755366795
2024-02-07,-1,2024-02-07 14:50:00,2024-02-07 17:27:55,32,2044.151,2035.152850877193,2053.3496795,2034.4603183520599,2034.4603183520599,0.47625316456348965,tp,0.1,0.7000000000000001,89.28149122807035,0.9782000908725008,10698.991246594866
2024-02-08,1,2024-02-08 12:05:00,2024-02-08 14:33:50,30,2027.74,2032.498665708812,2018.61517,2034.0514793103441,2034.0514793103441,-0.31011896082801377,tp,0.1,0.7000000000000001,46.886657088120316,0.5215073276775617,10745.877903682986
2024-02-09,1,2024-02-09 13:15:00,2024-02-09 13:31:15,4,2026.601,2032.8623117283953,2017.4812955000002,2032.9773647798747,2032.9773647798747,-0.31283500200522524,tp,0.1,0.7000000000000001,61.91311728395185,0.6865695843977462,10807.791020966937
2024-02-09,1,2024-02-09 14:05:00,2024-02-09 21:56:55,95,2025.964,2024.252,2016.847162,2032.6974151873767,2032.6974151873767,-0.3316733290948365,session_end,0.1,0.7000000000000001,-17.81999999999989,-0.1877844050755322,10789.971020966937
2024-02-12,1,2024-02-12 14:25:00,2024-02-12 18:50:50,54,2015.43,2021.5553797935113,2006.3605650000002,2023.1336310211962,2023.1336310211962,-0.3805547445380609,tp,0.1,0.7000000000000001,60.553797935112286,0.6753871430261429,10850.52481890205
2024-02-13,-1,2024-02-13 11:25:00,2024-02-13 13:30:00,26,2028.948,2023.0985555555549,2038.078266,2022.144564476886,2022.144564476886,0.3372130580029949,tp,0.1,0.7000000000000001,57.79444444445225,0.6406652823088939,10908.319263346502
2024-02-13,1,2024-02-13 13:40:00,2024-02-13 13:48:15,2,2015.586,2006.515863,2006.515863,2023.0386585365848,2023.0386585365848,-0.3674748628858397,sl,0.1,0.7000000000000001,-91.40136999999932,-1.0,10816.917893346503
2024-02-13,1,2024-02-13 13:55:00,2024-02-13 14:32:05,8,2006.155,1997.1273025,1997.1273025,2022.7957125748496,2022.7957125748496,-0.826762310740793,sl,0.1,0.7000000000000001,-90.97697499999931,-1.0,10725.940918346503
2024-02-13,1,2024-02-13 14:40:00,2024-02-13 23:58:55,100,1997.652,1991.361,1988.6625660000002,2021.722390151515,2021.722390151515,-1.1905141016769962,session_end,0.1,0.7000000000000001,-63.6099999999994,-0.6998215905473079,10662.330918346503
2024-02-15,-1,2024-02-15 13:40:00,2024-02-15 23:58:55,112,2002.065,2003.589,2011.0742925,1994.3419024390232,1994.3419024390232,0.3914122022623247,session_end,0.1,0.7000000000000001,-15.939999999998872,-0.16915867699932086,10646.390918346504
2024-02-16,1,2024-02-16 13:35:00,2024-02-16 15:13:00,20,1998.87,2004.3213644688635,1989.875085,2004.9279376278114,2004.9279376278114,-0.30142916931776315,tp,0.1,0.7000000000000001,53.8136446886363,0.6060495812204602,10700.20456303514
2024-02-16,-1,2024-02-16 16:20:00,2024-02-16 21:56:55,68,2010.558,2013.4,2019.605511,2004.5587363945565,2004.5587363945565,0.30165060747082284,session_end,0.1,0.7000000000000001,-29.12000000000098,-0.31411954072231607,10671.08456303514
2024-02-20,-1,2024-02-20 10:25:00,2024-02-20 23:58:50,151,2025.678,2024.559,2034.793551,2019.4837519999996,2019.4837519999996,0.3099677327832446,session_end,0.1,0.7000000000000001,10.49000000000142,0.12275725296256453,10681.574563035141
2024-02-22,1,2024-02-22 15:20:00,2024-02-22 23:58:55,92,2021.043,2024.846,2011.9483065,2028.351105072463,2028.351105072463,-0.35965691808580563,session_end,0.1,0.7000000000000001,37.33000000000111,0.4181559279595439,10718.904563035143
2024-02-23,1,2024-02-23 06:35:00,2024-02-23 10:52:40,52,2018.521,2023.036166666666,2009.4376555000001,2025.1541329113927,2025.1541329113927,-0.3291913836606945,tp,0.1,0.7000000000000001,44.45166666666118,0.49708195771570685,10763.356229701803
2024-02-23,-1,2024-02-23 16:00:00,2024-02-23 17:01:00,13,2030.157,2039.2927065,2039.2927065,2023.903111979165,2023.903111979165,0.3080625739409937,sl,0.1,0.7000000000000001,-92.0570649999997,-1.0,10671.299164701804
2024-02-23,-1,2024-02-23 17:10:00,2024-02-23 21:56:55,58,2037.718,2035.655,2046.887731,2024.7067063106779,2024.7067063106779,0.6451943705528297,session_end,0.1,0.7000000000000001,19.93000000000102,0.22497933690749616,10691.229164701805
2024-02-26,1,2024-02-26 15:20:00,2024-02-26 20:08:35,58,2025.752,2031.527125864454,2016.6361160000001,2032.4963605072467,2032.4963605072467,-0.33096543924772254,tp,0.1,0.7000000000000001,57.05125864454139,0.633523404252868,10748.280423346347
2024-02-28,-1,2024-02-28 14:00:00,2024-02-28 23:58:50,108,2035.841,2034.735,2045.0022844999999,2029.7660079365087,2029.7660079365087,0.3012658621526413,session_end,0.1,0.7000000000000001,10.359999999999946,0.12072542884133756,10758.640423346345
2024-02-29,1,2024-02-29 12:25:00,2024-02-29 13:30:05,14,2028.756,2034.6919279835413,2019.6265980000003,2035.0475268456398,2035.0475268456398,-0.31073116289530806,tp,0.1,0.7000000000000001,58.65927983541205,0.6501989926110533,10817.299703181758
2024-02-29,-1,2024-02-29 13:40:00,2024-02-29 14:11:05,7,2041.014,2050.198563,2050.198563,2034.7392621951242,2034.7392621951242,0.3088473261235568,sl,0.1,0.7000000000000001,-92.54563000000026,-1.0,10724.754073181757
2024-02-29,-1,2024-02-29 14:20:00,2024-02-29 23:58:55,104,2048.112,2044.413,2057.328504,2035.323713178296,2035.323713178296,0.6269905243611812,session_end,0.1,0.7000000000000001,36.29000000000069,0.401345238932254,10761.044073181758
2024-03-01,-1,2024-03-01 10:35:00,2024-03-01 14:45:00,51,2052.078,2047.6885922787185,2061.312351,2045.2676351706027,2045.2676351706027,0.3328349166797076,tp,0.1,0.7000000000000001,43.19407721281486,0.47533472804764054,10804.238150394573
2024-03-01,-1,2024-03-01 15:15:00,2024-03-01 15:36:00,5,2055.665,2064.9154925,2064.9154925,2047.7575264116567,2047.7575264116567,0.3878620142229882,sl,0.1,0.7000000000000001,-93.20492499999837,-1.0,10711.033225394574
2024-03-01,-1,2024-03-01 15:45:00,2024-03-01 16:15:50,7,2065.427,2074.7214215,2074.7214215,2048.222112874779,2048.222112874779,0.8411630270429621,sl,0.1,0.7000000000000001,-93.64421499999771,-1.0,10617.389010394576
2024-03-01,-1,2024-03-01 16:25:00,2024-03-01 17:12:10,10,2075.313,2084.6519085,2084.6519085,2049.1735837563447,2049.1735837563447,1.2794629235652217,sl,0.1,0.7000000000000001,-94.08908499999889,-1.0,10523.299925394578
2024-03-01,-1,2024-03-01 17:20:00,2024-03-01 21:56:55,56,2083.697,2083.446,2093.0736365,2050.800069711538,2050.800069711538,1.6057601506271502,session_end,0.1,0.7000000000000001,1.810000000002037,0.026768660595962356,10525.10992539458
2024-03-04,-1,2024-03-04 14:00:00,2024-03-04 14:58:15,12,2091.691,2101.1036094999995,2101.1036094999995,2082.9972341269836,2082.9972341269836,0.41671999034863005,sl,0.1,0.7000000000000001,-94.8260949999969,-1.0,10430.283830394583
2024-03-04,-1,2024-03-04 15:05:00,2024-03-04 15:58:00,11,2098.692,2108.136114,2108.136114,2083.952879373849,2083.952879373849,0.7064517039643687,sl,0.1,0.7000000000000001,-95.141139999999,-1.0,10335.142690394583
2024-03-04,-1,2024-03-04 16:05:00,2024-03-04 16:38:45,7,2108.813,2118.3026585,2118.3026585,2085.1183583765114,2085.1183583765114,1.136393122639714,sl,0.1,0.7000000000000001,-95.59658499999678,-1.0,10239.546105394587
2024-03-04,-1,2024-03-04 16:45:00,2024-03-04 23:58:55,75,2117.314,2114.911,2126.8419129999997,2086.273762023217,2086.273762023217,1.4893892902458592,session_end,0.1,0.7000000000000001,23.329999999997927,0.2522063331182619,10262.876105394585
2024-03-05,-1,2024-03-05 08:35:00,2024-03-05 13:26:45,59,2121.309,2130.8548905000002,2130.8548905000002,2114.954733009709,2114.954733009709,0.30524374302347923,sl,0.1,0.7000000000000001,-96.15890500000042,-1.0,10166.717200394585
2024-03-05,-1,2024-03-05 13:35:00,2024-03-05 23:58:50,113,2139.916,2128.594,2149.545622,2118.51027607362,2118.51027607362,1.0100363528109872,session_end,0.1,0.7000000000000001,112.52000000000116,1.1757470853996348,10279.237200394586
2024-03-06,-1,2024-03-06 12:35:00,2024-03-06 14:32:50,24,2133.519,2143.1198354999997,2143.1198354999997,2127.0068730684316,2127.0068730684316,0.3071511904493134,sl,0.1,0.7000000000000001,-96.70835499999903,-1.0,10182.528845394587
2024-03-06,-1,2024-03-06 14:40:00,2024-03-06 23:58:55,100,2143.811,2147.773,2153.4581495,2128.336804924241,2128.336804924241,0.7317072673708411,session_end,0.1,0.7000000000000001,-40.319999999999894,-0.41069126170377696,10142.208845394587
2024-03-07,-1,2024-03-07 04:05:00,2024-03-07 11:21:20,88,2157.234,2153.5333860294136,2166.9415529999997,2148.5886768707483,2148.5886768707483,0.4018602174626982,tp,0.1,0.7000000000000001,36.30613970586346,0.3812097621909916,10178.51498510045
2024-03-07,-1,2024-03-07 13:25:00,2024-03-07 14:11:40,10,2160.758,2154.326598039218,2170.4814109999998,2154.0216977225696,2154.0216977225696,0.31226715517964115,tp,0.1,0.7000000000000001,63.614019607818406,0.6614347537897842,10242.12900470827
2024-03-08,-1,2024-03-08 08:30:00,2024-03-08 13:30:00,61,2166.249,2162.070908436213,2175.9971204999997,2158.93602614379,2158.93602614379,0.33738720221462765,tp,0.1,0.7000000000000001,41.08091563786893,0.42860483349451106,10283.209920346138
2024-03-08,-1,2024-03-08 13:40:00,2024-03-08 17:05:15,42,2180.178,2189.988801,2189.988801,2162.2374044715434,2162.2374044715434,0.8285905835966806,sl,0.1,0.7000000000000001,-98.80801000000083,-1.0,10184.401910346138
2024-03-08,-1,2024-03-08 17:15:00,2024-03-08 21:56:55,57,2190.553,2178.633,2200.4104884999997,2164.726902576488,2164.726902576488,1.1931342190449417,session_end,0.1,0.7000000000000001,118.50000000000072,1.2092329603022407,10302.901910346138
2024-03-12,1,2024-03-12 11:20:00,2024-03-12 12:30:05,15,2171.204,2161.433582,2161.433582,2178.235245098039,2178.235245098039,-0.32564182927449375,sl,0.1,0.7000000000000001,-98.40418000000064,-1.0,10204.497730346136
2024-03-12,1,2024-03-12 13:00:00,2024-03-12 13:05:20,2,2169.838,2160.073729,2160.073729,2177.537074786325,2177.537074786325,-0.3534302527124671,sl,0.1,0.7000000000000001,-98.34271000000008,-1.0,10106.155020346137
2024-03-12,1,2024-03-12 13:15:00,2024-03-12 13:43:00,6,2165.943,2156.1962565000003,2156.1962565000003,2177.2856677148848,2177.2856677148848,-0.5238250489589894,sl,0.1,0.7000000000000001,-98.16743499999866,-1.0,10007.987585346138
2024-03-12,1,2024-03-12 13:50:00,2024-03-12 19:03:05,63,2160.615,2150.8922325,2150.8922325,2176.6253403614455,2176.6253403614455,-0.737349697434855,sl,0.1,0.7000000000000001,-97.92767499999918,-1.0,9910.059910346139
2024-03-12,1,2024-03-12 19:10:00,2024-03-12 23:58:55,46,2154.21,2156.984,2144.516055,2171.990684057971,2171.990684057971,-0.8195331678271516,session_end,0.1,0.7000000000000001,27.039999999998873,0.28615800894268445,9937.099910346138
2024-03-13,-1,2024-03-13 13:40:00,2024-03-13 17:15:40,44,2169.439,2179.2014754999996,2179.2014754999996,2160.223115853659,2160.223115853659,0.426570944395244,sl,0.1,0.7000000000000001,-98.3247549999971,-1.0,9838.77515534614
2024-03-13,-1,2024-03-13 17:25:00,2024-03-13 23:58:55,67,2176.243,2175.493,2186.0360935,2162.4908125996817,2162.4908125996817,0.634878415220351,session_end,0.1,0.7000000000000001,6.8,0.07658458484032696,9845.575155346141
2024-03-14,1,2024-03-14 12:35:00,2024-03-14 15:40:45,38,2164.616,2154.875228,2154.875228,2171.0628068432675,2171.0628068432675,-0.3005351490846348,sl,0.1,0.7000000000000001,-98.10772000000107,-1.0,9747.46743534614
2024-03-14,1,2024-03-14 15:50:00,2024-03-14 23:58:55,86,2154.954,2161.689,2145.2567070000005,2169.147578070176,2169.147578070176,-0.6579348595024136,session_end,0.1,0.7000000000000001,66.64999999999672,0.6945237191451128,9814.117435346137
2024-03-15,1,2024-03-15 12:45:00,2024-03-15 14:53:30,26,2158.859,2165.1690355805245,2149.1441345,2165.884624183007,2165.884624183007,-0.32839349352184355,tp,0.1,0.7000000000000001,62.40035580524527,0.6495237201713673,9876.517791151382
2024-03-15,1,2024-03-15 15:50:00,2024-03-15 20:56:55,62,2158.501,2155.766,2148.7877455000003,2164.9801719298243,2164.9801719298243,-0.3010499594559571,session_end,0.1,0.7000000000000001,-28.050000000001273,-0.2815740079702577,9848.46779115138
2024-03-18,-1,2024-03-18 10:55:00,2024-03-18 23:58:55,145,2158.141,2161.781,2167.8526345,2151.107838422392,2151.107838422392,0.3288613174686748,session_end,0.1,0.7000000000000001,-37.09999999999873,-0.3748081746692478,9811.367791151382
2024-03-19,1,2024-03-19 08:15:00,2024-03-19 12:42:40,54,2152.516,2157.3494484649136,2142.829678,2159.3516582491584,2159.3516582491584,-0.31957084075659764,tp,0.1,0.7000000000000001,47.634484649135445,0.4989972938039367,9859.002275800518
2024-03-19,1,2024-03-19 14:05:00,2024-03-19 17:01:50,36,2150.528,2156.513699346407,2140.8506239999997,2157.1398106508896,2157.1398106508896,-0.30597509805811507,tp,0.1,0.7000000000000001,59.15699346407273,0.618525036787577,9918.15926926459
2024-03-20,1,2024-03-20 12:45:00,2024-03-20 13:54:15,14,2149.999,2156.4776305220885,2140.3240045,2156.7544389978216,2156.7544389978216,-0.3166998928721575,tp,0.1,0.7000000000000001,64.08630522088679,0.6696262052099832,9982.245574485476
2024-03-20,-1,2024-03-20 14:05:00,2024-03-20 14:47:00,9,2163.44,2156.729690207157,2173.17548,2156.511818540434,2156.511818540434,0.3210824721680673,tp,0.1,0.7000000000000001,66.40309792842963,0.6892633740548061,10048.648672413907
2024-03-20,-1,2024-03-20 18:05:00,2024-03-20 18:54:15,10,2170.461,2180.2280745,2180.2280745,2156.898173579109,2156.898173579109,0.6283711761135697,sl,0.1,0.7000000000000001,-98.37074500000035,-1.0,9950.277927413907
2024-03-20,-1,2024-03-20 19:00:00,2024-03-20 22:11:50,27,2181.918,2191.736631,2191.736631,2157.5958735380113,2157.5958735380113,1.126746058432356,sl,0.1,0.7000000000000001,-98.88631000000096,-1.0,9851.391617413905
2024-03-20,-1,2024-03-20 22:26:00,2024-03-20 23:58:55,19,2206.857,2203.707,2216.7878564999996,2160.670212239584,2160.670212239584,2.362914408279659,session_end,0.1,0.7000000000000001,30.80000000000091,0.3171931846966269,9882.191617413906
2024-03-21,-1,2024-03-21 01:15:00,2024-03-21 03:43:55,30,2209.065,2202.622333333333,2219.0057925,2199.655122222222,2199.655122222222,0.42692500669335104,tp,0.1,0.7000000000000001,63.72666666667264,0.6481039279984203,9945.918284080579
2024-03-21,-1,2024-03-21 10:25:00,2024-03-21 12:33:35,26,2211.126,2204.7173511111123,2221.076067,2204.0948186666674,2204.0948186666674,0.3218410239548603,tp,0.1,0.7000000000000001,63.3864888888791,0.644080978438443,10009.304772969457
2024-03-21,1,2024-03-21 13:50:00,2024-03-21 14:01:55,3,2196.313,2186.4295915000002,2186.4295915000002,2204.581038152611,2204.581038152611,-0.37812346238797007,sl,0.1,0.7000000000000001,-99.5340849999986,-1.0,9909.77068796946
2024-03-21,1,2024-03-21 14:10:00,2024-03-21 15:01:15,11,2183.949,2174.1212295,2174.1212295,2204.239400000001,2204.239400000001,-0.9197458316007299,sl,0.1,0.7000000000000001,-98.97770500000043,-1.0,9810.792982969459
2024-03-21,1,2024-03-21 15:10:00,2024-03-21 23:58:55,94,2171.989,2181.559,2162.2150495,2202.570300366301,2202.570300366301,-1.3917058793176036,session_end,0.1,0.7000000000000001,95.00000000000163,0.9791332583483217,9905.79298296946
2024-03-22,1,2024-03-22 02:00:00,2024-03-22 07:22:05,65,2173.648,2163.8665840000003,2163.8665840000003,2183.0444999999995,2183.0444999999995,-0.4333397692992325,sl,0.1,0.7000000000000001,-98.51415999999809,-1.0,9807.278822969462
2024-03-22,1,2024-03-22 07:30:00,2024-03-22 12:18:30,58,2165.055,2172.6604195011337,2155.3122525,2176.050987037038,2176.050987037038,-0.5049737851960935,tp,0.1,0.7000000000000001,75.35419501133838,0.7806236896864952,9882.633017980801
2024-03-22,1,2024-03-22 16:00:00,2024-03-22 20:56:55,60,2166.19,2165.407,2156.442145,2172.7867673611104,2172.7867673611104,-0.3033554631371298,session_end,0.1,0.7000000000000001,-8.529999999999017,-0.08032536388773694,9874.103017980802
2024-03-25,-1,2024-03-25 01:25:00,2024-03-25 03:29:40,25,2173.343,2171.5923821138217,2183.1230434999998,2166.540607843137,2166.540607843137,0.3137209675303365,tp,0.1,0.7000000000000001,16.806178861781337,0.1789989877016547,9890.909196842584
2024-03-25,-1,2024-03-25 12:35:00,2024-03-25 19:11:30,80,2176.022,2171.7127681159436,2185.8140989999997,2169.54436754967,2169.54436754967,0.3023276476128616,tp,0.1,0.7000000000000001,42.39231884056316,0.440072336284224,9933.301515683146
2024-03-26,-1,2024-03-26 08:40:00,2024-03-26 09:40:45,13,2178.598,2188.401691,2188.401691,2172.009030448718,2172.009030448718,0.30236842753482107,sl,0.1,0.7000000000000001,-98.73691000000072,-1.0,9834.564605683145
2024-03-26,-1,2024-03-26 09:50:00,2024-03-26 13:41:45,47,2191.828,2178.9650640243913,2201.691226,2173.3122372881353,2173.3122372881353,0.8560556735777504,tp,0.1,0.7000000000000001,127.92935975608707,1.3041307150022503,9962.493965439233
2024-03-26,-1,2024-03-26 14:05:00,2024-03-26 14:31:15,6,2185.638,2179.217209770116,2195.4733709999996,2179.0893915187385,2179.0893915187385,0.3005663056666455,tp,0.1,0.7000000000000001,63.50790229884005,0.6528264393772458,10026.001867738072
2024-03-27,-1,2024-03-27 09:45:00,2024-03-27 23:58:55,159,2188.92,2191.1,2198.77014,2178.40673931624,2178.40673931624,0.4878685183968738,session_end,0.1,0.7000000000000001,-22.499999999998362,-0.22131665133691847,10003.501867738074
2024-03-28,-1,2024-03-28 05:50:00,2024-03-28 07:30:55,21,2199.825,2193.866505555555,2209.7242125,2192.9587595238095,2192.9587595238095,0.3138335568920988,tp,0.1,0.7000000000000001,58.88494444445023,0.6019160053837653,10062.386812182525
2024-03-28,-1,2024-03-28 10:25:00,2024-03-28 12:17:05,23,2206.259,2216.1871655,2216.1871655,2194.317833333333,2194.317833333333,0.5484696192977975,sl,0.1,0.7000000000000001,-99.98165499999978,-1.0,9962.405157182524
2024-03-28,-1,2024-03-28 12:25:00,2024-03-28 16:33:00,50,2211.493,2221.4447185,2221.4447185,2196.986173378076,2196.986173378076,0.659418197413987,sl,0.1,0.7000000000000001,-100.2171849999997,-1.0,9862.187972182524
2024-03-28,-1,2024-03-28 16:40:00,2024-03-28 20:49:20,50,2224.916,2234.9281220000003,2234.9281220000003,2200.8238125000003,2200.8238125000003,1.1007327057444638,sl,0.1,0.7000000000000001,-100.8212200000009,-1.0,9761.366752182525
2024-04-01,-1,2024-04-01 01:05:00,2024-04-01 07:52:15,82,2259.046,2258.483076241134,2269.2117069999995,2250.725192307692,2250.725192307692,0.3688947775892334,tp,0.1,0.7000000000000001,4.9292375886596345,0.05537477706823367,9766.295989771184
2024-04-01,1,2024-04-01 09:45:00,2024-04-01 13:09:00,41,2249.94,2255.9403662420386,2239.81527,2258.2013817663815,2258.2013817663815,-0.3658390183039967,tp,0.1,0.7000000000000001,59.303662420385805,0.5926445685009458,9825.59965219157
2024-04-01,1,2024-04-01 13:45:00,2024-04-01 14:00:45,4,2248.858,2238.7381390000005,2238.7381390000005,2255.8531494949502,2255.8531494949502,-0.3123053243305104,sl,0.1,0.7000000000000001,-101.89860999999674,-1.0,9723.701042191573
2024-04-01,1,2024-04-01 14:10:00,2024-04-01 20:02:45,71,2237.049,2244.501,2226.9822795,2255.434347058824,2255.434347058824,-0.8178401239157492,session_end,0.1,0.7000000000000001,73.82000000000225,0.740260941982073,9797.521042191574
2024-04-02,-1,2024-04-02 08:10:00,2024-04-02 12:19:20,50,2262.238,2255.384339002269,2272.4180709999996,2252.767423469388,2252.767423469388,0.4212408450046478,tp,0.1,0.7000000000000001,67.83660997730912,0.673242946707451,9865.357652168885
2024-04-02,-1,2024-04-02 13:40:00,2024-04-02 14:03:35,5,2263.688,2273.874596,2273.874596,2255.5655101626035,2255.5655101626035,0.36381075169059507,sl,0.1,0.7000000000000001,-102.56596000000009,-1.0,9762.791692168885
2024-04-02,-1,2024-04-02 14:10:00,2024-04-02 15:04:15,11,2268.482,2256.668287962964,2278.690169,2255.940515686276,2255.940515686276,0.5558428613934252,tp,0.1,0.7000000000000001,117.43712037036111,1.1572802171511967,9880.228812539246
2024-04-02,-1,2024-04-02 17:50:00,2024-04-02 19:06:20,16,2264.02,2274.20809,2274.20809,2257.047361370717,2257.047361370717,0.3116743914939596,sl,0.1,0.7000000000000001,-102.58090000000102,-1.0,9777.647912539243
2024-04-03,1,2024-04-03 07:20:00,2024-04-03 13:07:55,70,2275.055,2278.2651433121005,2264.8172525,2283.207628787878,2283.207628787878,-0.3584049336863161,tp,0.1,0.7000000000000001,31.401433121006267,0.31355953173299855,9809.04934566025
2024-04-03,-1,2024-04-03 15:30:00,2024-04-03 18:40:10,39,2286.697,2296.9871365,2296.9871365,2278.360055555554,2278.360055555554,0.3685301813456587,sl,0.1,0.7000000000000001,-103.6013649999979,-1.0,9705.447980660252
2024-04-03,-1,2024-04-03 18:50:00,2024-04-03 23:01:20,39,2296.078,2300.809,2306.410351,2280.6464439528017,2280.6464439528017,0.6788450743099249,session_end,0.1,0.7000000000000001,-48.01000000000222,-0.45788223803084255,9657.43798066025
2024-04-04,1,2024-04-04 12:00:00,2024-04-04 14:27:50,30,2289.442,2295.3192784200387,2279.1395110000003,2296.805266203704,2296.805266203704,-0.32411394702209,tp,0.1,0.7000000000000001,58.07278420038692,0.570471700580206,9715.510764860637
2024-04-04,1,2024-04-04 16:40:00,2024-04-04 18:05:10,18,2288.12,2294.67648233487,2277.82346,2295.0556058333336,2295.0556058333336,-0.30354845501898486,tp,0.1,0.7000000000000001,64.86482334869997,0.6367655867767338,9780.375588209337
2024-04-04,-1,2024-04-04 18:45:00,2024-04-04 19:02:05,4,2301.892,2294.914114766082,2312.250514,2294.813968888889,2294.813968888889,0.3128589597433525,tp,0.1,0.7000000000000001,69.07885233917732,0.6736376698354342,9849.454440548514
2024-04-04,1,2024-04-04 19:40:00,2024-04-04 23:58:55,40,2284.985,2288.959,2274.7025675000004,2294.9237810734467,2294.9237810734467,-0.43251027137833087,session_end,0.1,0.7000000000000001,39.03999999999705,0.38648442379756215,9888.494440548511
2024-04-05,1,2024-04-05 01:15:00,2024-04-05 03:12:30,24,2277.68,2277.705451754386,2267.43044,2285.0627777777777,2285.0627777777777,-0.326502092210938,tp,0.1,0.7000000000000001,-0.4454824561373244,0.002483204585003473,9888.048958092375
2024-04-05,-1,2024-04-05 07:30:00,2024-04-05 12:30:30,61,2286.095,2283.570817777778,2296.3824274999997,2278.64797037037,2278.64797037037,0.3303068191093531,tp,0.1,0.7000000000000001,24.541822222219526,0.24536573620781013,9912.590780314595
2024-04-05,-1,2024-04-05 13:00:00,2024-04-05 13:51:00,11,2290.975,2301.2843875,2301.2843875,2283.722794871795,2283.722794871795,0.31762633996092954,sl,0.1,0.7000000000000001,-103.79387499999957,-1.0,9808.796905314593
2024-04-05,-1,2024-04-05 14:00:00,2024-04-05 14:26:50,6,2299.764,2310.112938,2310.112938,2284.5281607142856,2284.5281607142856,0.6707879355237634,sl,0.1,0.7000000000000001,-104.1893800000009,-1.0,9704.607525314594
2024-04-05,-1,2024-04-05 14:35:00,2024-04-05 15:39:00,13,2317.203,2327.6304135,2327.6304135,2285.3260342857143,2285.3260342857143,1.394307212023041,sl,0.1,0.7000000000000001,-104.97413500000057,-1.0,9599.633390314593
2024-04-05,-1,2024-04-05 15:45:00,2024-04-05 20:00:55,52,2325.731,2323.647,2336.1967895000002,2288.0873650793646,2288.0873650793646,1.6454413190350115,session_end,0.1,0.7000000000000001,20.140000000002875,0.19912496806860885,9619.773390314596
2024-04-08,-1,2024-04-08 01:35:00,2024-04-08 02:10:25,8,2316.723,2327.1482535,2327.1482535,2308.5999649122805,2308.5999649122805,0.3514916057805574,sl,0.1,0.7000000000000001,-104.95253500000054,-1.0,9514.820855314596
2024-04-08,-1,2024-04-08 02:20:00,2024-04-08 02:36:50,4,2328.154,2338.630693,2338.630693,2313.0338273809525,2313.0338273809525,0.654969782097893,sl,0.1,0.7000000000000001,-105.46693000000069,-1.0,9409.353925314594
2024-04-08,-1,2024-04-08 02:45:00,2024-04-08 12:02:05,112,2344.616,2333.9462037037047,2355.166772,2316.452409090909,2316.452409090909,1.2172316080586627,tp,0.1,0.7000000000000001,105.99796296295317,1.011281098321077,9515.351888277548
2024-04-08,1,2024-04-08 12:30:00,2024-04-08 13:03:25,7,2326.832,2333.6712799145307,2316.361256,2333.8913444444456,2333.8913444444456,-0.3022567636337343,tp,0.1,0.7000000000000001,67.69279914530834,0.6531799377896169,9583.044687422856
2024-04-08,1,2024-04-08 14:05:00,2024-04-08 17:30:00,42,2319.733,2332.315061904763,2309.2942015000003,2333.387282051283,2333.387282051283,-0.5868842329184225,tp,0.1,0.7000000000000001,125.12061904762668,1.205317058736487,9708.165306470482
2024-04-08,-1,2024-04-08 18:25:00,2024-04-08 23:01:30,44,2340.78,2338.582,2351.31351,2332.598263197587,2332.598263197587,0.35176382199500145,session_end,0.1,0.7000000000000001,21.280000000003202,0.2086673862748858,9729.445306470487
2024-04-09,-1,2024-04-09 01:35:00,2024-04-09 01:45:55,3,2348.024,2341.322420634921,2358.590108,2341.0201578947367,2341.0201578947367,0.30313032894364594,tp,0.1,0.7000000000000001,66.31579365078942,0.6342524007022218,9795.761100121275
2024-04-09,-1,2024-04-09 07:15:00,2024-04-09 12:25:05,63,2355.125,2349.182675615213,2365.7230624999997,2343.804718390805,2343.804718390805,0.4825180835440718,tp,0.1,0.7000000000000001,58.72324384786843,0.5606991263532356,9854.484343969143
2024-04-09,-1,2024-04-09 13:35:00,2024-04-09 14:40:40,14,2356.579,2349.9983162878793,2367.1836055,2349.3143711656444,2349.3143711656444,0.3080528056687809,tp,0.1,0.7000000000000001,65.10683712120844,0.6205496010314601,9919.591181090353
2024-04-09,1,2024-04-09 16:00:00,2024-04-09 17:47:35,22,2340.46,2349.253067292645,2329.9279300000003,2349.7582604166673,2349.7582604166673,-0.39860527674053764,tp,0.1,0.7000000000000001,87.23067292644991,0.8348850029144509,10006.821854016802
2024-04-10,-1,2024-04-10 05:25:00,2024-04-10 07:47:20,29,2359.426,2353.529107526881,2370.043417,2352.0264179487167,2352.0264179487167,0.31373295788568145,tp,0.1,0.7000000000000001,58.26892473118896,0.5553980288349731,10065.090778747992
2024-04-10,1,2024-04-10 12:35:00,2024-04-10 13:31:45,12,2329.807,2319.3228685,2319.3228685,2352.078375275939,2352.078375275939,-0.9461366385517657,sl,0.1,0.7000000000000001,-105.54131499999876,-1.0,9959.549463747993
2024-04-10,1,2024-04-10 13:40:00,2024-04-10 14:20:40,9,2326.665,2349.8364011627914,2316.1950075,2350.528987804879,2350.528987804879,-1.0148348703053234,tp,0.1,0.7000000000000001,231.01401162791427,2.2131249055614366,10190.563475375906
2024-04-10,1,2024-04-10 15:05:00,2024-04-10 17:07:35,25,2340.589,2330.0563495,2330.0563495,2349.7442605893193,2349.7442605893193,-0.3924154957615043,sl,0.1,0.7000000000000001,-106.02650499999818,-1.0,10084.536970375908
2024-04-10,1,2024-04-10 17:15:00,2024-04-10 20:56:55,45,2328.787,2332.801,2318.3074585,2348.137732689211,2348.137732689211,-0.8268140500845493,session_end,0.1,0.7000000000000001,39.440000000001234,0.3830320248266753,10123.97697037591
2024-04-11,-1,2024-04-11 03:10:00,2024-04-11 05:43:15,31,2346.787,2341.2925122549022,2357.3475415,2339.2061973684213,2339.2061973684213,0.32873556167170703,tp,0.1,0.7000000000000001,54.24487745097558,0.520284660128229,10178.221847826886
2024-04-11,1,2024-04-11 08:15:00,2024-04-11 10:56:40,33,2332.442,2338.243029262086,2321.946011,2340.16546969697,2340.16546969697,-0.33264612258286513,tp,0.1,0.7000000000000001,57.310292620861034,0.5526901049616286,10235.532140447747
2024-04-11,-1,2024-04-11 13:50:00,2024-04-11 14:16:30,6,2346.35,2338.661722222222,2356.908575,2338.486641566265,2338.486641566265,0.3394442496544892,tp,0.1,0.7000000000000001,76.18277777777784,0.7281548672787541,10311.714918225523
2024-04-11,-1,2024-04-11 16:15:00,2024-04-11 17:26:05,15,2345.938,2356.494721,2356.494721,2338.855873504273,2338.855873504273,0.302225826559219,sl,0.1,0.7000000000000001,-106.26720999999925,-1.0,10205.447708225525
2024-04-11,-1,2024-04-11 17:35:00,2024-04-11 18:40:55,14,2353.916,2364.508622,2364.508622,2339.661968404423,2339.661968404423,0.6098757764271392,sl,0.1,0.7000000000000001,-106.62621999999665,-1.0,10098.821488225529
2024-04-11,-1,2024-04-11 18:50:00,2024-04-11 19:57:00,14,2362.744,2373.3763480000002,2373.3763480000002,2340.997669616519,2340.997669616519,0.9297245642728941,sl,0.1,0.7000000000000001,-107.02348000000093,-1.0,9991.798008225527
2024-04-11,-1,2024-04-11 20:05:00,2024-04-11 23:58:55,35,2373.23,2377.132,2383.909535,2342.5413616874134,2342.5413616874134,1.3107618424491252,session_end,0.1,0.7000000000000001,-39.72000000000044,-0.3653717132815363,9952.078008225528
2024-04-12,-1,2024-04-12 01:05:00,2024-04-12 03:42:35,32,2386.63,2385.395696969698,2397.369835,2377.034294871795,2377.034294871795,0.4037470199277355,tp,0.1,0.7000000000000001,11.643030303022716,0.11492755990220407,9963.721038528549
2024-04-12,-1,2024-04-12 06:50:00,2024-04-12 13:42:55,83,2393.733,2404.5047985,2404.5047985,2385.8815691056907,2385.8815691056907,0.3293302985384382,sl,0.1,0.7000000000000001,-108.41798499999932,-1.0,9855.30305352855
2024-04-12,-1,2024-04-12 13:50:00,2024-04-12 14:14:05,5,2402.885,2413.6979825000003,2413.6979825000003,2391.212485943776,2391.212485943776,0.48680383381445425,sl,0.1,0.7000000000000001,-108.8298250000009,-1.0,9746.47322852855
2024-04-12,-1,2024-04-12 14:20:00,2024-04-12 14:58:25,8,2416.078,2426.950351,2426.950351,2391.788165697675,2391.788165697675,1.0145059938971137,sl,0.1,0.7000000000000001,-109.42350999999981,-1.0,9637.04971852855
2024-04-12,-1,2024-04-12 15:05:00,2024-04-12 15:30:45,6,2430.665,2393.5810931899655,2441.6029925,2393.127943830572,2393.127943830572,1.567469732077311,tp,0.1,0.7000000000000001,370.1390681003448,3.3903759588457416,10007.188786628894
2024-04-12,1,2024-04-12 16:20:00,2024-04-12 16:31:20,3,2380.913,2370.1988915,2370.1988915,2393.4515102040823,2393.4515102040823,-0.5270008667527608,sl,0.1,0.7000000000000001,-107.84108499999839,-1.0,9899.347701628896
2024-04-12,1,2024-04-12 16:40:00,2024-04-12 17:13:45,7,2370.872,2360.203076,2360.203076,2393.0689750000006,2393.0689750000006,-0.9275526627894518,sl,0.1,0.7000000000000001,-107.38924000000061,-1.0,9791.958461628896
2024-04-12,1,2024-04-12 17:20:00,2024-04-12 18:25:30,14,2356.772,2346.166526,2346.166526,2392.0290625000007,2392.0290625000007,-1.4727689998540934,sl,0.1,0.7000000000000001,-106.75473999999959,-1.0,9685.203721628895
2024-04-12,1,2024-04-12 18:35:00,2024-04-12 20:56:55,29,2341.654,2344.451,2331.1165570000003,2389.3718512705536,2389.3718512705536,-2.000352153020388,session_end,0.1,0.7000000000000001,27.270000000000255,0.2654344132632653,9712.473721628896
2024-04-15,1,2024-04-15 00:55:00,2024-04-15 01:06:30,3,2352.08,2358.556307692308,2341.49564,2359.43296969697,2359.43296969697,-0.3154134824998085,tp,0.1,0.7000000000000001,64.06307692308182,0.6118752283849269,9776.536798551979
2024-04-15,1,2024-04-15 08:30:00,2024-04-15 10:57:35,30,2349.927,2355.4422302798976,2339.3523285,2357.0962222222224,2357.0962222222224,-0.3074639954829561,tp,0.1,0.7000000000000001,54.45230279897423,0.521550979611746,9830.989101350951
2024-04-15,1,2024-04-15 13:45:00,2024-04-15 14:06:50,5,2345.442,2334.887511,2334.887511,2355.630149494949,2355.630149494949,-0.43277801895745865,sl,0.1,0.7000000000000001,-106.24489000000104,-1.0,9724.744211350951
2024-04-15,1,2024-04-15 14:15:00,2024-04-15 16:41:20,30,2332.418,2353.8646549999994,2321.9221190000003,2355.127643274853,2355.127643274853,-0.963902883976461,tp,0.1,0.7000000000000001,213.76654999999283,2.0433401445766806,9938.510761350944
2024-04-15,-1,2024-04-15 17:30:00,2024-04-15 18:55:45,18,2366.926,2377.577167,2377.577167,2354.043192857143,2354.043192857143,0.5511499186686492,sl,0.1,0.7000000000000001,-107.21166999999987,-1.0,9831.299091350944
2024-04-15,-1,2024-04-15 19:05:00,2024-04-15 22:14:55,26,2377.178,2387.8753009999996,2387.8753009999996,2355.233854439592,2355.233854439592,0.9313786619981964,sl,0.1,0.7000000000000001,-107.67300999999698,-1.0,9723.626081350947
2024-04-15,-1,2024-04-15 22:20:00,2024-04-15 23:58:55,20,2390.165,2381.969,2400.9207425,2358.2360065104167,2358.2360065104167,1.3595964696098175,session_end,0.1,0.7000000000000001,81.25999999999912,0.7620115487145509,9804.886081350945
2024-04-16,1,2024-04-16 06:35:00,2024-04-16 07:54:35,16,2375.501,2364.8112455000005,2364.8112455000005,2384.882415611814,2384.882415611814,-0.3961166198372256,sl,0.1,0.7000000000000001,-107.59754499999708,-1.0,9697.288536350949
2024-04-16,1,2024-04-16 08:00:00,2024-04-16 13:25:45,66,2365.629,2378.178610766046,2354.9836695,2382.5588524305554,2382.5588524305554,-0.7052649471140365,tp,0.1,0.7000000000000001,124.79610766046044,1.1788840906391815,9822.08464401141
2024-04-16,1,2024-04-16 14:00:00,2024-04-16 14:51:55,11,2366.448,2377.5426760299624,2355.798984,2378.003926587302,2378.003926587302,-0.4885368967398719,tp,0.1,0.7000000000000001,110.24676029962556,1.041849878896108,9932.331404311035
2024-04-16,-1,2024-04-16 15:05:00,2024-04-16 20:54:30,70,2388.777,2380.841095999999,2399.5264965,2377.631071823205,2377.631071823205,0.4716218722779687,tp,0.1,0.7000000000000001,78.65904000000846,0.7382582058611572,10010.990444311044
2024-04-17,1,2024-04-17 06:20:00,2024-04-17 06:53:55,7,2372.95,2381.4493943089433,2362.271725,2381.796940789474,2381.796940789474,-0.37341305789592705,tp,0.1,0.7000000000000001,84.29394308943465,0.7959519968294184,10095.28438740048
2024-04-17,-1,2024-04-17 08:35:00,2024-04-17 12:23:45,46,2390.564,2384.0482781531537,2401.3215379999997,2381.601375404531,2381.601375404531,0.37987568737998273,tp,0.1,0.7000000000000001,64.4572184684619,0.6056889454488831,10159.74160586894
2024-04-17,-1,2024-04-17 13:40:00,2024-04-17 15:16:00,20,2391.392,2384.909143897997,2402.1532639999996,2384.148600609757,2384.148600609757,0.30199037880447477,tp,0.1,0.7000000000000001,64.12856102002642,0.6024251521013507,10223.870166888966
2024-04-17,1,2024-04-17 16:35:00,2024-04-17 16:44:40,2,2375.461,2364.7714255,2364.7714255,2384.8059597989964,2384.8059597989964,-0.39181216235235855,sl,0.1,0.7000000000000001,-107.59574499999708,-1.0,10116.27442188897
2024-04-17,1,2024-04-17 16:50:00,2024-04-17 23:02:50,63,2364.939,2364.977,2354.2967745,2384.5549876237633,2384.5549876237633,-0.8253316751305122,session_end,0.1,0.7000000000000001,-0.3199999999998909,0.0035706817150239624,10115.95442188897
2024-04-18,-1,2024-04-18 07:00:00,2024-04-18 13:29:50,78,2380.618,2391.3307809999997,2391.3307809999997,2373.0548214285723,2373.0548214285723,0.3214918805303952,sl,0.1,0.7000000000000001,-107.82780999999723,-1.0,10008.126611888973
2024-04-18,-1,2024-04-18 13:35:00,2024-04-18 13:44:15,2,2388.102,2377.042357723577,2398.848459,2377.014503067485,2377.014503067485,0.46970672320708046,tp,0.1,0.7000000000000001,109.89642276422892,1.0291429275841404,10118.0230346532
2024-04-18,-1,2024-04-18 16:15:00,2024-04-18 19:29:20,39,2384.979,2378.6247260371956,2395.7114054999997,2377.623746153846,2377.623746153846,0.31273887881471896,tp,0.1,0.7000000000000001,62.842739628042,0.5920642825883025,10180.865774281243
2024-04-19,-1,2024-04-19 01:10:00,2024-04-19 01:27:35,4,2386.684,2397.424078,2397.424078,2377.766583333333,2377.766583333333,0.37415012596380537,sl,0.1,0.7000000000000001,-108.10077999999812,-1.0,10072.764994281246
2024-04-19,-1,2024-04-19 01:35:00,2024-04-19 01:46:15,3,2406.155,2416.9826975,2416.9826975,2381.9785087719297,2381.9785087719297,1.0145763758603394,sl,0.1,0.7000000000000001,-108.97697499999886,-1.0,9963.788019281246
2024-04-19,-1,2024-04-19 01:55:00,2024-04-19 03:09:00,15,2406.326,2394.3824774774776,2417.154467,2386.8958695652173,2386.8958695652173,0.8147875524341727,tp,0.1,0.7000000000000001,118.73522522522471,1.1029744582056418,10082.523244506472
2024-04-19,1,2024-04-19 03:20:00,2024-04-19 06:58:35,44,2383.937,2389.321510040161,2373.2092835,2394.143383333334,2394.143383333334,-0.42549178149684136,tp,0.1,0.7000000000000001,53.14510040160876,0.5019250872411528,10135.66834490808
2024-04-19,1,2024-04-19 08:10:00,2024-04-19 13:37:20,66,2381.798,2385.8333885480556,2371.079909,2389.134000000001,2389.134000000001,-0.30799863046615145,tp,0.1,0.7000000000000001,39.653885480558344,0.37650254584103976,10175.322230388638
2024-04-19,-1,2024-04-19 15:05:00,2024-04-19 19:47:55,57,2393.727,2388.0184345991556,2404.4987714999997,2385.9109659300175,2385.9109659300175,0.33060890295660195,tp,0.1,0.7000000000000001,56.38565400844236,0.5299560430560838,10231.707884397081
2024-04-22,1,2024-04-22 03:05:00,2024-04-22 05:44:40,32,2372.003,2361.3289865,2361.3289865,2379.4296306306305,2379.4296306306305,-0.31369411116612966,sl,0.1,0.7000000000000001,-107.44013500000001,-1.0,10124.26774939708
2024-04-22,1,2024-04-22 05:50:00,2024-04-22 06:47:05,12,2363.993,2353.3550315,2353.3550315,2374.4385071428565,2374.4385071428565,-0.43884089276309096,sl,0.1,0.7000000000000001,-107.07968499999716,-1.0,10017.188064397084
2024-04-22,1,2024-04-22 06:55:00,2024-04-22 11:18:05,53,2356.663,2346.0580165,2346.0580165,2372.655345381525,2372.655345381525,-0.6737533714132617,sl,0.1,0.7000000000000001,-106.7498349999989,-1.0,9910.438229397085
2024-04-22,1,2024-04-22 11:25:00,2024-04-22 12:51:45,18,2344.989,2334.4365495,2334.4365495,2367.1616666666664,2367.1616666666664,-0.9382615044599665,sl,0.1,0.7000000000000001,-106.2245049999985,-1.0,9804.213724397086
2024-04-22,1,2024-04-22 13:00:00,2024-04-22 18:09:45,62,2336.993,2326.4765315,2326.4765315,2364.283112179487,2364.283112179487,-1.15779755979618,sl,0.1,0.7000000000000001,-105.86468499999974,-1.0,9698.349039397086
2024-04-22,1,2024-04-22 18:15:00,2024-04-22 22:04:10,34,2326.911,2329.644,2316.4399005,2355.8968820395735,2355.8968820395735,-1.2319249734923743,session_end,0.1,0.7000000000000001,26.6299999999972,0.26100410945380764,9724.979039397083
2024-04-23,1,2024-04-23 01:40:00,2024-04-23 01:52:10,3,2314.638,2304.222129,2304.222129,2331.641291666667,2331.641291666667,-0.7321577177278418,sl,0.1,0.7000000000000001,-104.85870999999698,-1.0,9620.120329397087
2024-04-23,1,2024-04-23 02:00:00,2024-04-23 05:17:35,40,2299.108,2314.129346560846,2288.7620140000004,2327.1481458333337,2327.1481458333337,-1.2076002073030987,tp,0.1,0.7000000000000001,149.51346560845815,1.451900917017101,9769.633795005544
2024-04-23,1,2024-04-23 05:55:00,2024-04-23 09:17:15,41,2306.487,2296.1078085000004,2296.1078085000004,2313.677427230046,2313.677427230046,-0.31121137049197045,sl,0.1,0.7000000000000001,-104.49191499999706,-1.0,9665.141880005547
2024-04-23,1,2024-04-23 09:25:00,2024-04-23 12:08:25,33,2294.153,2308.257897701149,2283.8293115,2310.465651917403,2310.465651917403,-0.7060114442240772,tp,0.1,0.7000000000000001,140.34897701149185,1.3662653325068503,9805.49085701704
2024-04-23,-1,2024-04-23 13:20:00,2024-04-23 13:46:00,6,2315.401,2325.8203044999996,2325.8203044999996,2308.4070416666664,2308.4070416666664,0.3062050238865249,sl,0.1,0.7000000000000001,-104.89304499999726,-1.0,9700.597812017042
2024-04-23,-1,2024-04-23 13:55:00,2024-04-23 23:03:45,98,2328.107,2322.913,2338.5834815,2308.7842105788422,2308.7842105788422,0.8401733402488171,session_end,0.1,0.7000000000000001,51.2399999999996,0.49577713662740946,9751.837812017042
2024-04-24,-1,2024-04-24 04:05:00,2024-04-24 07:03:00,36,2329.859,2323.9858710317453,2340.3433655,2321.7009421768707,2321.7009421768707,0.3507797957601504,tp,0.1,0.7000000000000001,58.031289682546046,0.5601797236327389,9809.869101699587
2024-04-24,1,2024-04-24 09:20:00,2024-04-24 12:40:05,41,2315.181,2321.109948464912,2304.7626855000003,2323.059123511904,2323.059123511904,-0.3387612236061891,tp,0.1,0.7000000000000001,58.58948464912082,0.5690890273001683,9868.458586348708
2024-04-24,-1,2024-04-24 14:55:00,2024-04-24 17:42:00,34,2329.413,2322.125763364779,2339.8953585,2321.2391471135934,2321.2391471135934,0.3520900850121205,tp,0.1,0.7000000000000001,72.17236635221234,0.6951905561349854,9940.630952700922
2024-04-24,1,2024-04-24 20:35:00,2024-04-24 23:58:55,29,2314.657,2316.06,2304.2410435,2321.912275303643,2321.912275303643,-0.31374033296285586,session_end,0.1,0.7000000000000001,13.329999999997927,0.13469718311513623,9953.96095270092
2024-04-25,1,2024-04-25 03:15:00,2024-04-25 05:03:15,22,2306.95,2316.6795888888887,2296.568725,2318.78088034188,2318.78088034188,-0.5138424437984631,tp,0.1,0.7000000000000001,96.59588888888884,0.9372248484785477,10050.556841589809
2024-04-25,-1,2024-04-25 07:55:00,2024-04-25 13:07:45,63,2325.576,2321.5467728237804,2336.041092,2317.8804719298246,2317.8804719298246,0.33364654320318166,tp,0.1,0.7000000000000001,39.59227176219592,0.3850159345201768,10090.149113352003
2024-04-25,1,2024-04-25 13:20:00,2024-04-25 13:35:20,4,2313.99,2321.449481595093,2303.577045,2321.522361458334,2321.522361458334,-0.32424247051429594,tp,0.1,0.7000000000000001,73.89481595093166,0.716365488479814,10164.043929302936
2024-04-25,-1,2024-04-25 14:35:00,2024-04-25 14:40:15,2,2333.411,2343.9113495,2343.9113495,2321.4852685714295,2321.4852685714295,0.5134312756550599,sl,0.1,0.7000000000000001,-105.70349500000084,-1.0,10058.340434302934
2024-04-25,-1,2024-04-25 14:50:00,2024-04-25 23:02:05,87,2341.509,2332.539,2352.0457905,2321.8125093632966,2321.8125093632966,0.8472256290021445,session_end,0.1,0.7000000000000001,88.999999999998,0.8513028706416769,10147.340434302932
2024-04-26,-1,2024-04-26 06:45:00,2024-04-26 09:11:25,30,2341.4,2351.9363,2351.9363,2333.9194259259257,2333.9194259259257,0.3211153731710678,sl,0.1,0.7000000000000001,-106.06299999999756,-1.0,10041.277434302936
2024-04-26,-1,2024-04-26 09:20:00,2024-04-26 13:31:45,51,2351.271,2340.1653220164603,2361.8517195,2337.111424107143,2337.111424107143,0.6077192446347662,tp,0.1,0.7000000000000001,110.35677983539863,1.0496146300391118,10151.634214138334
2024-04-26,1,2024-04-26 14:40:00,2024-04-26 17:48:00,38,2332.221,2339.3189624413144,2321.7260055,2340.189927083333,2340.189927083333,-0.34204177151163867,tp,0.1,0.7000000000000001,70.27962441314394,0.6763188338321184,10221.913838551478
2024-04-29,-1,2024-04-29 08:25:00,2024-04-29 12:26:50,49,2338.343,2333.7561476510073,2348.8655434999996,2330.8262376237635,2330.8262376237635,0.32174266168728943,tp,0.1,0.7000000000000001,45.16852348992579,0.435907188123545,10267.082362041403
2024-04-29,-1,2024-04-29 16:10:00,2024-04-29 19:01:10,35,2341.366,2335.343389619883,2351.902147,2334.0555592783508,2334.0555592783508,0.31310054692565514,tp,0.1,0.7000000000000001,59.5261038011693,0.5716141185309055,10326.608465842573
2024-04-30,1,2024-04-30 05:45:00,2024-04-30 08:28:55,33,2322.524,2312.072642,2312.072642,2330.437301932366,2330.437301932366,-0.342459414194424,sl,0.1,0.7000000000000001,-105.213579999998,-1.0,10221.394885842576
2024-04-30,1,2024-04-30 08:35:00,2024-04-30 13:07:55,55,2314.641,2304.2251155000004,2304.2251155000004,2326.788440129449,2326.788440129449,-0.5217681126511673,sl,0.1,0.7000000000000001,-104.8588449999972,-1.0,10116.536040842577
2024-04-30,1,2024-04-30 13:15:00,2024-04-30 14:41:45,18,2306.26,2295.8818300000003,2295.8818300000003,2321.9472714884696,2321.9472714884696,-0.676017568581873,sl,0.1,0.7000000000000001,-104.48169999999955,-1.0,10012.054340842578
2024-04-30,1,2024-04-30 14:50:00,2024-04-30 18:55:00,50,2301.718,2291.360269,2291.360269,2320.0709307116103,2320.0709307116103,-0.7904038824358518,sl,0.1,0.7000000000000001,-104.27731000000058,-1.0,9907.777030842577
2024-04-30,1,2024-04-30 19:05:00,2024-04-30 23:58:55,47,2292.636,2290.703,2282.3191380000003,2314.6700538573514,2314.6700538573514,-0.9534211504821092,session_end,0.1,0.7000000000000001,-20.029999999999927,-0.18736317302684227,9887.747030842578
2024-05-01,-1,2024-05-01 11:30:00,2024-05-01 14:00:00,31,2294.761,2305.0874245,2305.0874245,2287.6650567632855,2287.6650567632855,0.30959266592702417,sl,0.1,0.7000000000000001,-103.9642450000003,-1.0,9783.782785842577
2024-05-01,-1,2024-05-01 14:10:00,2024-05-01 18:38:35,54,2307.388,2317.771246,2317.771246,2289.648548039216,2289.648548039216,0.7775844889395999,sl,0.1,0.7000000000000001,-104.53245999999872,-1.0,9679.250325842579
2024-05-01,-1,2024-05-01 18:45:00,2024-05-01 23:58:55,51,2324.163,2324.493,2334.6217335,2293.394602222222,2293.394602222222,1.3441820150752468,session_end,0.1,0.7000000000000001,-3.9999999999992726,-0.03155257756590928,9675.250325842579
2024-05-02,1,2024-05-02 05:25:00,2024-05-02 08:55:10,43,2314.071,2303.6576805,2303.6576805,2321.4665282051283,2321.4665282051283,-0.31958368190922226,sl,0.1,0.7000000000000001,-104.83319499999944,-1.0,9570.41713084258
2024-05-02,1,2024-05-02 09:05:00,2024-05-02 12:59:15,47,2304.401,2294.0311954999997,2294.0311954999997,2317.5241651376145,2317.5241651376145,-0.5692568533295502,sl,0.1,0.7000000000000001,-104.398045000001,-1.0,9466.01908584258
2024-05-02,1,2024-05-02 13:05:00,2024-05-02 17:55:50,59,2294.257,2308.540451937985,2283.9328435,2312.1154363057326,2312.1154363057326,-0.7720823980248697,tp,0.1,0.7000000000000001,142.13451937984865,1.383498200360008,9608.153605222427
2024-05-03,-1,2024-05-03 12:35:00,2024-05-03 12:45:20,3,2315.304,2301.9695773420485,2325.722868,2301.855599337749,2301.855599337749,0.5839376139023722,tp,0.1,0.7000000000000001,132.64422657951565,1.2798341103805027,9740.797831801943
2024-05-03,1,2024-05-03 13:35:00,2024-05-03 14:00:00,6,2282.208,2301.5401825396825,2271.9380640000004,2301.975319018405,2301.975319018405,-0.8614696627964448,tp,0.1,0.7000000000000001,192.62182539682436,1.8824053567308523,9933.419657198767
2024-05-03,1,2024-05-03 14:15:00,2024-05-03 16:56:35,33,2290.23,2300.1760665024635,2279.923965,2301.4084961013646,2301.4084961013646,-0.48837466796549334,tp,0.1,0.7000000000000001,98.76066502463509,0.9650720672366673,10032.180322223403
2024-05-06,-1,2024-05-06 01:05:00,2024-05-06 07:26:55,77,2305.627,2316.0023214999997,2316.0023214999997,2294.8756666666663,2294.8756666666663,0.47145618782254217,sl,0.1,0.7000000000000001,-104.453214999997,-1.0,9927.727107223405
2024-05-06,-1,2024-05-06 07:35:00,2024-05-06 12:46:00,63,2318.941,2329.3762344999996,2329.3762344999996,2308.7941025641026,2308.7941025641026,0.4430190385768058,sl,0.1,0.7000000000000001,-105.05234499999752,-1.0,9822.674762223409
2024-05-06,-1,2024-05-06 12:55:00,2024-05-06 23:59:55,121,2326.051,2326.074,2336.5182295,2313.365552688173,2313.365552688173,0.5473171888945177,session_end,0.1,0.7000000000000001,-0.9300000000013825,-0.0021973340701222015,9821.744762223407
2024-05-07,1,2024-05-07 08:15:00,2024-05-07 13:04:30,58,2314.235,2319.8620138888896,2303.8209425000005,2322.9064225589223,2322.9064225589223,-0.37652926841914336,tp,0.1,0.7000000000000001,55.570138888894505,0.5403286748598832,9877.3149011123
2024-05-08,1,2024-05-08 08:00:00,2024-05-08 10:05:15,26,2305.823,2313.5110867768594,2295.4467965,2314.9417552083332,2314.9417552083332,-0.3937358332159301,tp,0.1,0.7000000000000001,76.18086776859563,0.7409344638296255,9953.495768880897
2024-05-09,-1,2024-05-09 05:20:00,2024-05-09 07:07:30,22,2318.507,2312.606968627451,2328.9402815,2311.3791536458334,2311.3791536458334,0.30935410760662746,tp,0.1,0.7000000000000001,58.30031372549165,0.5655010240593319,10011.796082606388
2024-05-09,-1,2024-05-09 12:35:00,2024-05-09 13:12:05,8,2323.151,2312.913998945147,2333.6051795,2312.303355408388,2312.303355408388,0.4724572390581713,tp,0.1,0.7000000000000001,101.67001054852953,0.9792256824031904,10113.466093154919
2024-05-09,-1,2024-05-09 13:50:00,2024-05-09 14:09:30,4,2320.83,2331.2737349999998,2331.2737349999998,2313.145309236947,2313.145309236947,0.3311590816393564,sl,0.1,0.7000000000000001,-105.13734999999834,-1.0,10008.32874315492
2024-05-09,-1,2024-05-09 14:15:00,2024-05-09 19:48:50,67,2333.257,2343.7566564999997,2343.7566564999997,2313.535547758284,2313.535547758284,0.8514436815463239,sl,0.1,0.7000000000000001,-105.69656499999674,-1.0,9902.632178154923
2024-05-09,-1,2024-05-09 19:55:00,2024-05-09 23:58:55,37,2343.262,2346.655,2353.8066790000003,2319.3799421199433,2319.3799421199433,1.0330156540957847,session_end,0.1,0.7000000000000001,-34.630000000000294,-0.32177366423387577,9868.002178154922
2024-05-10,-1,2024-05-10 06:15:00,2024-05-10 08:55:35,33,2359.893,2370.5125184999997,2370.5125184999997,2351.814231111111,2351.814231111111,0.3431295202715259,sl,0.1,0.7000000000000001,-106.89518499999686,-1.0,9761.106993154926
2024-05-10,-1,2024-05-10 09:05:00,2024-05-10 13:03:25,48,2370.632,2361.3189455128195,2381.299844,2356.5111972477057,2356.5111972477057,0.6021317772165335,tp,0.1,0.7000000000000001,92.4305448718058,0.8730025005221793,9853.537538026732
2024-05-10,-1,2024-05-10 13:25:00,2024-05-10 14:29:15,13,2370.545,2361.8591782273593,2381.2124525,2361.4604565217383,2361.4604565217383,0.3840438425812091,tp,0.1,0.7000000000000001,86.15821772640793,0.8142358049066459,9939.695755753139
2024-05-10,-1,2024-05-10 16:55:00,2024-05-10 19:29:15,31,2369.758,2362.90970100143,2380.421911,2362.1079261083732,2362.1079261083732,0.32304086563048057,tp,0.1,0.7000000000000001,67.78298998569589,0.642193937906039,10007.478745738836
2024-05-13,1,2024-05-13 06:15:00,2024-05-13 09:56:40,45,2350.064,2339.488712,2339.488712,2357.5359377777772,2357.5359377777772,-0.3172141581360813,sl,0.1,0.7000000000000001,-106.45288000000001,-1.0,9901.025865738835
2024-05-13,1,2024-05-13 10:05:00,2024-05-13 23:58:55,155,2340.789,2338.494,2330.2554495000004,2353.2980179063356,2353.2980179063356,-0.5303840742380858,session_end,0.1,0.7000000000000001,-23.650000000000727,-0.21787525488201837,9877.375865738835
2024-05-14,-1,2024-05-14 09:20:00,2024-05-14 12:30:00,39,2348.177,2342.222858888889,2358.7437965,2341.1943348214277,2341.1943348214277,0.3023313816070823,tp,0.1,0.7000000000000001,58.84141111111312,0.5634764624369775,9936.217276849948
2024-05-14,-1,2024-05-14 13:15:00,2024-05-14 23:58:55,117,2349.79,2355.521,2360.364055,2342.4803752620546,2342.4803752620546,0.31179022095877423,session_end,0.1,0.7000000000000001,-58.01000000000222,-0.5419869671568947,9878.207276849946
2024-05-15,-1,2024-05-15 08:25:00,2024-05-15 12:00:45,44,2366.867,2361.663128472223,2377.5179015,2358.6862211221123,2358.6862211221123,0.34704823407978547,tp,0.1,0.7000000000000001,51.338715277772096,0.4885850768385531,9929.545992127718
2024-05-15,-1,2024-05-15 12:35:00,2024-05-15 13:44:10,14,2370.934,2362.4837997967493,2381.603203,2361.760216335542,2361.760216335542,0.3884934465825832,tp,0.1,0.7000000000000001,83.80200203250915,0.7920179420384985,10013.347994160227
2024-05-15,1,2024-05-15 13:55:00,2024-05-15 14:08:50,3,2353.676,2362.37319723866,2343.0844580000003,2362.4360718562884,2362.4360718562884,-0.3737274401398301,tp,0.1,0.7000000000000001,86.2719723866001,0.8211455176838545,10099.619966546827
2024-05-15,-1,2024-05-15 14:45:00,2024-05-15 15:13:40,6,2370.278,2380.944251,2380.944251,2362.516516949154,2362.516516949154,0.32744672874652064,sl,0.1,0.7000000000000001,-107.36251000000102,-1.0,9992.257456546826
2024-05-15,-1,2024-05-15 15:20:00,2024-05-15 23:58:55,92,2381.833,2391.726,2392.5512485,2362.990590579712,2362.990590579712,0.7973332393027511,session_end,0.1,0.7000000000000001,-99.6300000000003,-0.9230052839323675,9892.627456546825
2024-05-16,1,2024-05-16 10:35:00,2024-05-16 23:58:55,149,2381.242,2378.156,2370.5264110000003,2389.535742782152,2389.535742782152,-0.34913655538954647,session_end,0.1,0.7000000000000001,-31.5600000000024,-0.28799163536416583,9861.067456546823
2024-05-17,-1,2024-05-17 06:40:00,2024-05-17 13:02:20,77,2385.943,2396.6797435000003,2396.6797435000003,2378.7546687500007,2378.7546687500007,0.3036391833460785,sl,0.1,0.7000000000000001,-108.06743500000103,-1.0,9753.000021546823
2024-05-17,-1,2024-05-17 13:10:00,2024-05-17 14:40:15,19,2397.708,2408.497686,2408.497686,2382.395665611813,2382.395665611813,0.641888944347955,sl,0.1,0.7000000000000001,-108.59686000000075,-1.0,9644.403161546821
2024-05-17,-1,2024-05-17 14:50:00,2024-05-17 20:33:00,69,2410.794,2421.6425729999996,2421.6425729999996,2384.6406610486883,2384.6406610486883,1.0972654865242844,sl,0.1,0.7000000000000001,-109.1857299999976,-1.0,9535.217431546824
2024-05-20,-1,2024-05-20 01:05:00,2024-05-20 05:44:30,56,2436.781,2447.7465144999996,2447.7465144999996,2422.5255,2422.5255,0.5878575891151416,sl,0.1,0.7000000000000001,-110.355144999997,-1.0,9424.862286546828
2024-05-20,-1,2024-05-20 05:50:00,2024-05-20 06:37:40,10,2449.928,2434.697485232068,2460.952676,2433.3329952380955,2433.3329952380955,0.6818016602894531,tp,0.1,0.7000000000000001,151.6051476793171,1.3814931856438875,9576.467434226144
2024-05-20,-1,2024-05-20 09:10:00,2024-05-20 10:35:35,18,2445.484,2436.8783818897637,2456.4886779999997,2436.0217303030304,2436.0217303030304,0.38999117203226924,tp,0.1,0.7000000000000001,85.35618110236264,0.7819963573887788,9661.823615328507
2024-05-20,1,2024-05-20 11:45:00,2024-05-20 12:21:30,8,2428.054,2417.127757,2417.127757,2436.638091016548,2436.638091016548,-0.3557192612437615,sl,0.1,0.7000000000000001,-109.96242999999886,-1.0,9551.861185328507
2024-05-20,1,2024-05-20 12:30:00,2024-05-20 12:42:45,3,2418.393,2407.5102315000004,2407.5102315000004,2435.9302422222218,2435.9302422222218,-0.7190781541528249,sl,0.1,0.7000000000000001,-109.52768499999657,-1.0,9442.333500328512
2024-05-20,1,2024-05-20 12:50:00,2024-05-20 17:24:30,55,2413.605,2431.8133894230755,2402.7437775000003,2435.3997987012976,2435.3997987012976,-0.8948550752496275,tp,0.1,0.7000000000000001,181.3838942307546,1.6764585591608994,9623.717394559266
2024-05-21,1,2024-05-21 02:05:00,2024-05-21 03:26:10,17,2419.5,2408.61225,2408.61225,2427.203726666666,2427.203726666666,-0.32118138996813084,sl,0.1,0.7000000000000001,-109.5774999999987,-1.0,9514.139894559266
2024-05-21,1,2024-05-21 03:35:00,2024-05-21 07:34:25,48,2410.337,2418.1930555555546,2399.4904835,2422.4051589147284,2422.4051589147284,-0.50095496494753,tp,0.1,0.7000000000000001,77.86055555554576,0.7242929612981952,9592.000450114812
2024-05-21,-1,2024-05-21 12:25:00,2024-05-21 15:53:45,42,2426.909,2420.4887464912285,2437.8300905,2418.421048098434,2418.421048098434,0.3509294590468107,tp,0.1,0.7000000000000001,63.50253508771566,0.58787659609373,9655.502985202529
2024-05-22,1,2024-05-22 03:55:00,2024-05-22 07:16:05,41,2413.688,2418.135155172414,2402.8264040000004,2420.99614893617,2420.99614893617,-0.30492196112801423,tp,0.1,0.7000000000000001,43.77155172414113,0.40943846304117937,9699.27453692667
2024-05-22,1,2024-05-22 11:45:00,2024-05-22 14:10:55,30,2407.997,2397.1610135,2397.1610135,2417.1113368794317,2417.1113368794317,-0.3767653041249212,sl,0.1,0.7000000000000001,-109.05986499999763,-1.0,9590.214671926673
2024-05-22,1,2024-05-22 14:20:00,2024-05-22 18:29:15,50,2389.593,2378.8398315,2378.8398315,2415.7263149224805,2415.7263149224805,-1.0812199528206345,sl,0.1,0.7000000000000001,-108.23168499999902,-1.0,9481.982986926672
2024-05-22,1,2024-05-22 18:35:00,2024-05-22 23:58:55,53,2379.53,2382.039,2368.8221150000004,2409.769059790731,2409.769059790731,-1.2557452203888277,session_end,0.1,0.7000000000000001,24.390000000000146,0.23431331210599107,9506.372986926674
2024-05-23,1,2024-05-23 01:30:00,2024-05-23 05:57:15,54,2371.377,2360.7058035,2360.7058035,2380.3089074074073,2380.3089074074073,-0.3742962680046146,sl,0.1,0.7000000000000001,-107.41196499999951,-1.0,9398.961021926674
2024-05-23,1,2024-05-23 06:05:00,2024-05-23 11:07:50,61,2360.182,2368.2050137844603,2349.561181,2373.0414406392683,2373.0414406392683,-0.5442568519068451,tp,0.1,0.7000000000000001,79.53013784460545,0.755404435802995,9478.49115977128
2024-05-23,1,2024-05-23 12:55:00,2024-05-23 13:12:20,4,2360.908,2367.9308343881844,2350.283914,2368.013275268816,2368.013275268816,-0.30058004079423367,tp,0.1,0.7000000000000001,69.52834388184492,0.6610295123914302,9548.019503653124
2024-05-23,1,2024-05-23 13:50:00,2024-05-23 14:33:20,9,2356.224,2345.620992,2345.620992,2367.8113012048184,2367.8113012048184,-0.4884595828617487,sl,0.1,0.7000000000000001,-106.73008000000046,-1.0,9441.289423653123
2024-05-23,1,2024-05-23 14:40:00,2024-05-23 17:29:20,34,2347.193,2336.6306315,2336.6306315,2366.9288285984835,2366.9288285984835,-0.8336891401237393,sl,0.1,0.7000000000000001,-106.32368500000048,-1.0,9334.965738653123
2024-05-23,1,2024-05-23 17:35:00,2024-05-23 20:35:35,37,2338.877,2328.3520535000002,2328.3520535000002,2363.0866366508685,2363.0866366508685,-1.026840754567456,sl,0.1,0.7000000000000001,-105.94946499999715,-1.0,9229.016273653126
2024-05-23,1,2024-05-23 20:45:00,2024-05-23 23:58:55,27,2328.358,2332.014,2317.8803890000004,2358.5423647925036,2358.5423647925036,-1.2839228688252884,session_end,0.1,0.7000000000000001,35.85999999999949,0.3489345042491098,9264.876273653126
2024-05-24,-1,2024-05-24 07:15:00,2024-05-24 14:15:35,85,2340.156,2336.3647202729053,2350.686702,2332.962810344829,2332.962810344829,0.3088000212959284,tp,0.1,0.7000000000000001,37.21279727094661,0.36002155669153435,9302.089070924072
2024-05-27,-1,2024-05-27 02:55:00,2024-05-27 05:37:35,33,2345.998,2341.0781119402986,2356.554991,2338.4501761904758,2338.4501761904758,0.32339041842848654,tp,0.1,0.7000000000000001,48.498880597014065,0.4660312829386178,9350.587951521085
2024-05-27,-1,2024-05-27 13:20:00,2024-05-27 23:59:55,70,2350.207,2352.504,2360.7829315,2342.7187083333324,2342.7187083333324,0.32265041636369735,session_end,0.1,0.7000000000000001,-23.670000000000254,-0.2171912705750808,9326.917951521085
2024-05-28,1,2024-05-28 06:25:00,2024-05-28 11:56:00,67,2343.667,2348.3404254079255,2333.1204985,2352.033562770563,2352.033562770563,-0.3538241503986145,tp,0.1,0.7000000000000001,46.03425407925606,0.44312565715992325,9372.952205600342
2024-05-28,-1,2024-05-28 12:40:00,2024-05-28 14:04:00,17,2356.767,2349.3437341269832,2367.3724515,2348.5297346491225,2348.5297346491225,0.35074136934902483,tp,0.1,0.7000000000000001,73.53265873016589,0.6999481231908457,9446.484864330507
2024-05-28,-1,2024-05-28 15:20:00,2024-05-28 23:59:55,92,2358.357,2359.816,2368.9696065,2349.708250905796,2349.708250905796,0.3715248091263638,session_end,0.1,0.7000000000000001,-15.289999999998326,-0.13747800787675038,9431.19486433051
2024-05-29,1,2024-05-29 08:10:00,2024-05-29 11:53:30,45,2349.34,2338.7679700000003,2338.7679700000003,2356.8591683673467,2356.8591683673467,-0.31880005679557344,sl,0.1,0.7000000000000001,-106.42029999999814,-1.0,9324.774564330512
2024-05-29,1,2024-05-29 12:00:00,2024-05-29 23:59:55,132,2341.789,2338.433,2331.2509495000004,2353.096290509258,2353.096290509258,-0.4816118471210203,session_end,0.1,0.7000000000000001,-34.26000000000222,-0.31846497604089835,9290.51456433051
2024-05-30,1,2024-05-30 05:40:00,2024-05-30 07:00:35,17,2327.228,2333.2747857142845,2316.755474,2334.6001029411755,2334.6001029411755,-0.31451223410488777,tp,0.1,0.7000000000000001,59.767857142843965,0.5773951493922658,9350.282421473352
2024-05-30,-1,2024-05-30 11:00:00,2024-05-30 12:02:15,13,2340.601,2334.049130787036,2351.1337045,2333.6926502525243,2333.6926502525243,0.30029017517440737,tp,0.1,0.7000000000000001,64.81869212963993,0.6220500359583856,9415.101113602992
2024-05-30,-1,2024-05-30 12:35:00,2024-05-30 23:59:55,125,2341.501,2344.038,2352.0377545,2334.178651214127,2334.178651214127,0.3169144222112228,session_end,0.1,0.7000000000000001,-26.06999999999807,-0.24077622763250559,9389.031113602994
2024-05-31,-1,2024-05-31 12:45:00,2024-05-31 13:55:40,15,2352.576,2344.4564720558874,2363.1625919999997,2343.5891078431373,2343.5891078431373,0.38880075548945614,tp,0.1,0.7000000000000001,80.49527944112633,0.7669633385430267,9469.526393044122
2024-05-31,1,2024-05-31 14:45:00,2024-05-31 17:26:50,33,2336.223,2325.7099965,2325.7099965,2344.3141186440675,2344.3141186440675,-0.34501002147039656,sl,0.1,0.7000000000000001,-105.83003499999741,-1.0,9363.696358044122
2024-05-31,1,2024-05-31 17:35:00,2024-05-31 20:57:55,41,2324.485,2327.26,2314.0248175,2342.374298578199,2342.374298578199,-0.7651338468441022,session_end,0.1,0.7000000000000001,27.05000000000091,0.26529173845677145,9390.746358044124
2024-06-03,1,2024-06-03 05:45:00,2024-06-03 07:00:45,16,2315.682,2324.0232162698408,2305.261431,2325.3242294685992,2325.3242294685992,-0.419026703679337,tp,0.1,0.7000000000000001,82.7121626984097,0.8004568915422048,9473.458520742533
2024-06-03,-1,2024-06-03 12:40:00,2024-06-03 14:39:15,24,2333.444,2343.944498,2343.944498,2325.686322368421,2325.686322368421,0.3363384630311254,sl,0.1,0.7000000000000001,-105.7049799999988,-1.0,9367.753540742535
2024-06-03,-1,2024-06-03 14:45:00,2024-06-03 17:05:25,29,2342.821,2353.3636945,2353.3636945,2327.1443248587566,2327.1443248587566,0.6778769572961848,sl,0.1,0.7000000000000001,-106.12694499999925,-1.0,9261.626595742535
2024-06-03,-1,2024-06-03 17:15:00,2024-06-03 23:59:55,69,2350.729,2350.76,2361.3072804999997,2329.5770901771334,2329.5770901771334,0.906705766979391,session_end,0.1,0.7000000000000001,-1.0100000000040383,-0.0029305329916713904,9260.616595742531
2024-06-04,1,2024-06-04 08:00:00,2024-06-04 09:11:30,15,2339.809,2329.2798595000004,2329.2798595000004,2347.518694444445,2347.518694444445,-0.3274178162088683,sl,0.1,0.7000000000000001,-105.99140499999812,-1.0,9154.625190742534
2024-06-04,1,2024-06-04 09:20:00,2024-06-04 14:13:55,59,2331.936,2321.442288,2321.442288,2345.6456145833336,2345.6456145833336,-0.5843855737674333,sl,0.1,0.7000000000000001,-105.6371199999996,-1.0,9048.988070742535
2024-06-04,1,2024-06-04 14:20:00,2024-06-04 23:59:55,104,2319.46,2328.855,2309.02243,2340.309465116278,2340.309465116278,-0.8941110322449616,session_end,0.1,0.7000000000000001,93.24999999999982,0.9001137237881937,9142.238070742533
2024-06-05,-1,2024-06-05 05:05:00,2024-06-05 06:11:55,14,2339.855,2333.60193918919,2350.3843475,2332.4396584699457,2332.4396584699457,0.3194012545191219,tp,0.1,0.7000000000000001,61.83060810809984,0.5938697351198703,9204.068678850634
2024-06-05,-1,2024-06-05 12:55:00,2024-06-05 15:16:30,29,2343.009,2353.5525405,2353.5525405,2333.366962365592,2333.366962365592,0.4165241812010169,sl,0.1,0.7000000000000001,-106.13540499999836,-1.0,9097.933273850635
2024-06-05,-1,2024-06-05 15:25:00,2024-06-05 23:59:55,91,2351.919,2355.143,2362.5026354999995,2335.1858396396406,2335.1858396396406,0.7191573396552843,session_end,0.1,0.7000000000000001,-32.940000000001604,-0.30462122396413405,9064.993273850634
2024-06-06,-1,2024-06-06 01:15:00,2024-06-06 02:59:40,21,2363.649,2374.2854205,2374.2854205,2356.2066222222224,2356.2066222222224,0.3155656090451357,sl,0.1,0.7000000000000001,-107.06420499999986,-1.0,8957.929068850633
2024-06-06,-1,2024-06-06 03:05:00,2024-06-06 06:14:25,38,2373.529,2366.365729729731,2384.2098805,2363.7583693693696,2363.7583693693696,0.41468412159427265,tp,0.1,0.7000000000000001,70.93270270269095,0.6706628980886975,9028.861771553324
2024-06-06,1,2024-06-06 12:55:00,2024-06-06 13:33:00,8,2356.554,2363.913346707819,2345.9495070000003,2364.2189043010753,2364.2189043010753,-0.3234008613654914,tp,0.1,0.7000000000000001,72.89346707818986,0.6939838338163937,9101.755238631515
2024-06-06,-1,2024-06-06 15:25:00,2024-06-06 23:59:55,91,2372.567,2376.861,2383.2435514999997,2364.00710990991,2364.00710990991,0.36124637926387027,session_end,0.1,0.7000000000000001,-43.63999999999869,-0.4021897894652573,9058.115238631515
2024-06-07,-1,2024-06-07 04:30:00,2024-06-07 05:51:40,17,2384.282,2377.9663166666664,2395.011269,2376.2213333333325,2376.2213333333325,0.33968496761809625,tp,0.1,0.7000000000000001,62.45683333333709,0.5886405992182459,9120.572071964853
2024-06-07,1,2024-06-07 08:05:00,2024-06-07 08:38:40,7,2358.515,2347.9016825,2347.9016825,2377.1361030927833,2377.1361030927833,-0.7864548886561497,sl,0.1,0.7000000000000001,-106.83317499999994,-1.0,9013.738896964853
2024-06-07,1,2024-06-07 08:45:00,2024-06-07 10:02:05,16,2347.199,2336.6366045,2336.6366045,2375.2771476190474,2375.2771476190474,-1.1817209476874515,sl,0.1,0.7000000000000001,-106.32395500000094,-1.0,8907.414941964851
2024-06-07,1,2024-06-07 10:10:00,2024-06-07 12:30:00,29,2337.119,2326.6019645,2326.6019645,2370.5880860655734,2370.5880860655734,-1.4157704690601065,sl,0.1,0.7000000000000001,-105.8703550000002,-1.0,8801.544586964852
2024-06-07,1,2024-06-07 12:40:00,2024-06-07 13:50:40,15,2321.8,2311.3519,2311.3519,2363.3906107456132,2363.3906107456132,-1.7629802943351778,sl,0.1,0.7000000000000001,-105.18100000000068,-1.0,8696.36358696485
2024-06-07,1,2024-06-07 14:00:00,2024-06-07 19:10:25,63,2309.59,2299.1968450000004,2299.1968450000004,2359.201390873016,2359.201390873016,-2.1064073234810454,sl,0.1,0.7000000000000001,-104.63154999999752,-1.0,8591.732036964853
2024-06-07,1,2024-06-07 19:20:00,2024-06-07 20:57:55,20,2295.716,2293.87,2285.385278,2345.259223419541,2345.259223419541,-2.1120361845254414,session_end,0.1,0.7000000000000001,-19.160000000000036,-0.17869031806296384,8572.572036964853
2024-06-10,-1,2024-06-10 12:00:00,2024-06-10 23:59:55,132,2305.061,2310.062,2315.4337745000003,2296.0200046296304,2296.0200046296304,0.39736131880268244,session_end,0.1,0.7000000000000001,-50.70999999999749,-0.4821275156420009,8521.862036964856
2024-06-11,1,2024-06-11 02:15:00,2024-06-11 06:35:35,53,2299.835,2304.1123143459913,2289.4857425,2307.767425925926,2307.767425925926,-0.34611052379862833,tp,0.1,0.7000000000000001,42.073143459912714,0.41329673611766476,8563.935180424767
2024-06-11,-1,2024-06-11 12:20:00,2024-06-11 16:21:45,49,2313.652,2307.1225229591832,2324.063434,2304.8564864864866,2304.8564864864866,0.3809136735839395,tp,0.1,0.7000000000000001,64.594770408168,0.6271448333454103,8628.529950832935
2024-06-11,-1,2024-06-11 18:30:00,2024-06-11 23:59:55,54,2314.909,2315.202,2325.3260905,2307.497303303303,2307.497303303303,0.32193739451233255,session_end,0.1,0.7000000000000001,-3.6300000000012007,-0.028126855574511677,8624.899950832934
2024-06-12,-1,2024-06-12 12:35:00,2024-06-12 12:52:05,4,2325.162,2335.6252289999998,2335.6252289999998,2314.0011324503307,2314.0011324503307,0.4805255880706857,sl,0.1,0.7000000000000001,-105.33228999999956,-1.0,8519.567660832936
2024-06-12,-1,2024-06-12 13:00:00,2024-06-12 18:53:00,71,2335.938,2319.915202802359,2346.449721,2314.576716880341,2314.576716880341,0.926488327790756,tp,0.1,0.7000000000000001,159.52797197641013,1.5242791544449512,8679.095632809345
2024-06-13,1,2024-06-13 01:35:00,2024-06-13 03:14:05,20,2311.472,2315.9995350877193,2301.070376,2318.4724736842104,2318.4724736842104,-0.30358237003459393,tp,0.1,0.7000000000000001,44.575350877191156,0.4352719428926752,8723.670983686536
2024-06-13,1,2024-06-13 11:40:00,2024-06-13 12:30:05,11,2307.684,2314.326521111111,2297.2994220000005,2314.842080952382,2314.842080952382,-0.3127030138230219,tp,0.1,0.7000000000000001,65.72521111110909,0.6396524838189002,8789.396194797646
2024-06-13,-1,2024-06-13 12:55:00,2024-06-13 13:50:15,12,2323.403,2314.866629518072,2333.8583135,2314.492161290323,2314.492161290323,0.38325205235224824,tp,0.1,0.7000000000000001,84.6637048192786,0.8164624123349126,8874.059899616925
2024-06-13,1,2024-06-13 14:15:00,2024-06-13 15:01:00,10,2306.436,2314.580933333333,2296.0570380000004,2314.7380331384015,2314.7380331384015,-0.3582925160285552,tp,0.1,0.7000000000000001,80.74933333333028,0.7847541337306376,8954.809232950254
2024-06-13,1,2024-06-13 15:40:00,2024-06-13 16:01:00,5,2306.789,2296.4084495,2296.4084495,2314.3785629432623,2314.3785629432623,-0.3296376429256369,sl,0.1,0.7000000000000001,-104.50550500000027,-1.0,8850.303727950253
2024-06-13,1,2024-06-13 16:10:00,2024-06-13 23:59:55,82,2296.003,2302.404,2285.6709865000003,2313.9583513745697,2313.9583513745697,-0.7757854139382383,session_end,0.1,0.7000000000000001,63.309999999998396,0.6195307429669832,8913.613727950253
2024-06-14,-1,2024-06-14 07:50:00,2024-06-14 10:19:15,30,2315.018,2325.4355809999997,2325.4355809999997,2307.0675780141833,2307.0675780141833,0.34738566230968704,sl,0.1,0.7000000000000001,-104.875809999997,-1.0,8808.737917950255
2024-06-14,-1,2024-06-14 10:25:00,2024-06-14 20:57:55,127,2329.348,2332.957,2339.830066,2310.0927386666654,2310.0927386666654,0.8366011030574126,session_end,0.1,0.7000000000000001,-36.78999999999924,-0.3443023541351402,8771.947917950256
2024-06-17,1,2024-06-17 06:40:00,2024-06-17 09:14:20,31,2315.741,2322.3677227272724,2305.3201655000003,2323.6287958333323,2323.6287958333323,-0.33851344274253886,tp,0.1,0.7000000000000001,65.56722727272408,0.6359109462176548,8837.51514522298
2024-06-17,1,2024-06-17 15:35:00,2024-06-17 20:00:00,54,2314.518,2320.739167361112,2304.1026690000003,2321.8946078431363,2321.8946078431363,-0.31696562877041995,tp,0.1,0.7000000000000001,61.51167361111838,0.5973086559718572,8899.026818834098
2024-06-18,1,2024-06-18 08:05:00,2024-06-18 12:30:00,54,2314.34,2318.2917933333333,2303.92547,2321.961946735396,2321.961946735396,-0.32868526317264957,tp,0.1,0.7000000000000001,38.81793333333171,0.37944999278250346,8937.84475216743
2024-06-18,-1,2024-06-18 14:00:00,2024-06-18 23:59:55,108,2326.728,2328.386,2337.198276,2318.3549712301588,2318.3549712301588,0.36351330466747767,session_end,0.1,0.7000000000000001,-17.279999999999017,-0.15835303672987225,8920.564752167431
2024-06-20,-1,2024-06-20 05:05:00,2024-06-20 08:03:40,36,2341.433,2337.1903281250006,2351.9694485,2334.125161202186,2334.125161202186,0.3126798390731892,tp,0.1,0.7000000000000001,41.726718749993594,0.4026662186029151,8962.291470917424
2024-06-20,-1,2024-06-20 13:45:00,2024-06-20 14:20:25,8,2345.116,2355.669022,2355.669022,2337.2578797979804,2337.2578797979804,0.33974086773453893,sl,0.1,0.7000000000000001,-106.23022000000056,-1.0,8856.061250917424
2024-06-20,-1,2024-06-20 14:30:00,2024-06-20 23:59:55,102,2355.594,2360.878,2366.194173,2337.970054597701,2337.970054597701,0.7528516187658171,session_end,0.1,0.7000000000000001,-53.54000000000106,-0.49848243042827683,8802.521250917423
2024-06-21,1,2024-06-21 13:30:00,2024-06-21 13:45:00,4,2355.356,2344.7568980000005,2344.7568980000005,2362.4456316872447,2362.4456316872447,-0.30009713629606677,sl,0.1,0.7000000000000001,-106.69101999999675,-1.0,8695.830230917425
2024-06-21,1,2024-06-21 13:55:00,2024-06-21 15:17:15,17,2335.992,2325.4800360000004,2325.4800360000004,2362.018757485032,2362.018757485032,-1.1009547406270608,sl,0.1,0.7000000000000001,-105.81963999999807,-1.0,8590.010590917427
2024-06-21,1,2024-06-21 15:25:00,2024-06-21 20:57:55,67,2324.953,2321.571,2314.4907115,2359.17486756757,2359.17486756757,-1.4492510935750127,session_end,0.1,0.7000000000000001,-34.52000000000062,-0.3232562359564161,8555.490590917427
2024-06-24,-1,2024-06-24 07:45:00,2024-06-24 09:32:55,22,2331.641,2325.165029239766,2342.1333845,2324.0361917562727,2324.0361917562727,0.32750386034115275,tp,0.1,0.7000000000000001,64.05970760233849,0.6172067712762477,8619.550298519765
2024-06-24,-1,2024-06-24 13:35:00,2024-06-24 23:59:55,113,2332.518,2331.008,2343.014331,2325.4878834355823,2325.4878834355823,0.3022856672137286,session_end,0.1,0.7000000000000001,14.400000000002183,0.1438597925313372,8633.950298519769
2024-06-25,-1,2024-06-25 10:10:00,2024-06-25 11:42:15,19,2334.761,2328.370173809522,2345.2674245,2327.5201639344255,2327.5201639344255,0.3093995135750643,tp,0.1,0.7000000000000001,63.20826190478037,0.608277934179998,8697.158560424548
2024-06-25,1,2024-06-25 15:35:00,2024-06-25 23:59:55,89,2318.007,2320.096,2307.5759685000003,2327.6594447415323,2327.6594447415323,-0.41429792332026677,session_end,0.1,0.7000000000000001,20.18999999999942,0.20026782586170733,8717.348560424547
2024-06-26,1,2024-06-26 10:25:00,2024-06-26 12:04:45,20,2308.916,2315.6630370370353,2298.5258780000004,2316.6767879999993,2316.6767879999993,-0.33482391847572807,tp,0.1,0.7000000000000001,66.7703703703517,0.6493703381957695,8784.118930794899
2024-06-26,1,2024-06-26 13:10:00,2024-06-26 13:32:20,5,2306.226,2295.847983,2295.847983,2315.51859599156,2315.51859599156,-0.4017715948239114,sl,0.1,0.7000000000000001,-104.48017,-1.0,8679.6387607949
2024-06-26,1,2024-06-26 13:40:00,2024-06-26 23:59:55,112,2297.085,2298.47,2286.7481175000003,2314.960901422763,2314.960901422763,-0.7757539840835271,session_end,0.1,0.7000000000000001,13.149999999997636,0.13398623811384078,8692.788760794896
2024-06-27,-1,2024-06-27 08:50:00,2024-06-27 11:41:15,35,2307.113,2317.4950084999996,2317.4950084999996,2300.029204402516,2300.029204402516,0.30924805580160525,sl,0.1,0.7000000000000001,-104.52008499999756,-1.0,8588.2686757949
2024-06-27,-1,2024-06-27 11:50:00,2024-06-27 14:01:00,27,2315.552,2325.971984,2325.971984,2303.3021607981223,2303.3021607981223,0.5315559291463283,sl,0.1,0.7000000000000001,-104.89983999999659,-1.0,8483.368835794903
2024-06-27,-1,2024-06-27 14:10:00,2024-06-27 23:59:55,106,2326.888,2327.852,2337.358996,2306.2875088235296,2306.2875088235296,0.8945108143517659,session_end,0.1,0.7000000000000001,-10.339999999999417,-0.09206383041307059,8473.028835794903
2024-06-28,-1,2024-06-28 10:20:00,2024-06-28 13:33:50,39,2332.92,2327.318430041152,2343.4181399999998,2324.8961411290325,2324.8961411290325,0.3480524883592325,tp,0.1,0.7000000000000001,55.315699588479035,0.5335773726439224,8528.344535383381
2024-07-01,-1,2024-07-01 11:05:00,2024-07-01 13:16:35,27,2332.794,2326.963278825995,2343.291573,2325.6245375939843,2325.6245375939843,0.3082811644837927,tp,0.1,0.7000000000000001,57.60721174004793,0.5554351633472553,8585.95174712343
2024-07-02,1,2024-07-02 11:45:00,2024-07-02 12:55:55,15,2321.384,2328.4858903225813,2310.937772,2329.052586288416,2329.052586288416,-0.3293221601595062,tp,0.1,0.7000000000000001,70.31890322581312,0.6798521267754689,8656.270650349243
2024-07-03,-1,2024-07-03 07:00:00,2024-07-03 12:30:35,67,2340.214,2350.7449629999996,2350.7449629999996,2331.9376587301585,2331.9376587301585,0.35489118840114486,sl,0.1,0.7000000000000001,-106.00962999999702,-1.0,8550.261020349246
2024-07-03,-1,2024-07-03 12:40:00,2024-07-03 23:59:55,124,2356.062,2359.056,2366.6642789999996,2337.918575657894,2337.918575657894,0.7760716960384395,session_end,0.1,0.7000000000000001,-30.640000000001418,-0.28239211588378493,8519.621020349245
2024-07-05,-1,2024-07-05 12:35:00,2024-07-05 13:41:15,14,2370.287,2380.9532914999995,2380.9532914999995,2363.0111688741704,2363.0111688741704,0.3112270996727193,sl,0.1,0.7000000000000001,-107.36291499999716,-1.0,8412.258105349247
2024-07-05,-1,2024-07-05 13:50:00,2024-07-05 18:27:00,56,2380.496,2391.208232,2391.208232,2364.0671726907613,2364.0671726907613,0.6952352073199249,sl,0.1,0.7000000000000001,-107.82231999999858,-1.0,8304.43578534925
2024-07-05,-1,2024-07-05 18:35:00,2024-07-05 20:57:55,29,2390.4,2391.687,2401.1567999999997,2369.3346464872934,2369.3346464872934,0.8902437460228769,session_end,0.1,0.7000000000000001,-13.569999999998071,-0.11964524765728174,8290.865785349251
2024-07-08,1,2024-07-08 07:00:00,2024-07-08 14:13:05,87,2377.025,2379.4947147058824,2366.3283875,2384.46636111111,2384.46636111111,-0.3120975507342566,tp,0.1,0.7000000000000001,23.99714705882325,0.23088755490416688,8314.862932408074
2024-07-08,1,2024-07-08 15:30:00,2024-07-08 15:46:00,4,2369.644,2358.980602,2358.980602,2379.1051039426525,2379.1051039426525,-0.4009114152563468,sl,0.1,0.7000000000000001,-107.33397999999688,-1.0,8207.528952408076
2024-07-08,1,2024-07-08 15:55:00,2024-07-08 23:59:55,85,2354.45,2361.78,2343.8549749999997,2378.658642233857,2378.658642233857,-1.0188785310992257,session_end,0.1,0.7000000000000001,72.60000000000382,0.6918341391360877,8280.12895240808
2024-07-09,1,2024-07-09 15:00:00,2024-07-09 16:00:20,13,2355.063,2362.5693862847224,2344.4652165,2363.0244907407414,2363.0244907407414,-0.3403896477695925,tp,0.1,0.7000000000000001,74.36386284722339,0.7082977572359754,8354.492815255304
2024-07-10,-1,2024-07-10 11:50:00,2024-07-10 17:21:35,67,2377.203,2372.9698076923078,2387.9004135,2370.1298896713615,2370.1298896713615,0.3030471182165634,tp,0.1,0.7000000000000001,41.631923076922064,0.3957211065733031,8396.124738332226
2024-07-11,-1,2024-07-11 12:35:00,2024-07-11 13:25:00,11,2399.595,2410.3931774999996,2410.3931774999996,2379.842714128036,2379.842714128036,0.8330922776645898,sl,0.1,0.7000000000000001,-108.68177499999838,-1.0,8287.442963332227
2024-07-11,-1,2024-07-11 13:35:00,2024-07-11 15:07:20,19,2407.553,2418.3869885,2418.3869885,2381.8111196319023,2381.8111196319023,1.084421856762902,sl,0.1,0.7000000000000001,-109.03988500000033,-1.0,8178.403078332227
2024-07-11,-1,2024-07-11 15:15:00,2024-07-11 23:59:55,93,2418.585,2415.986,2429.4686325,2384.821722222223,2384.821722222223,1.418985639993431,session_end,0.1,0.7000000000000001,25.2900000000016,0.23879894878848767,8203.693078332228
2024-07-12,1,2024-07-12 07:30:00,2024-07-12 08:40:30,15,2401.269,2408.138717948718,2390.4632895,2408.6074129629633,2408.6074129629633,-0.30710330472095426,tp,0.1,0.7000000000000001,67.99717948718062,0.6357488430509207,8271.69025781941
2024-07-12,1,2024-07-12 10:50:00,2024-07-12 14:00:00,39,2400.257,2405.9566666666674,2389.4558435000004,2407.4118948717946,2407.4118948717946,-0.30058814975574305,tp,0.1,0.7000000000000001,56.29666666667326,0.5276904067326014,8327.986924486082
2024-07-12,-1,2024-07-12 16:20:00,2024-07-12 20:57:55,56,2414.45,2411.531,2425.315025,2406.5716411564626,2406.5716411564626,0.3288436840273815,session_end,0.1,0.7000000000000001,28.48999999999869,0.26866021937361884,8356.476924486082
2024-07-15,-1,2024-07-15 11:10:00,2024-07-15 14:51:55,45,2416.807,2427.6826315,2427.6826315,2409.2165783582072,2409.2165783582072,0.3172160490029985,sl,0.1,0.7000000000000001,-109.45631500000054,-1.0,8247.02060948608
2024-07-15,-1,2024-07-15 15:00:00,2024-07-15 23:59:55,96,2431.568,2422.611,2442.510056,2411.5749249999976,2411.5749249999976,0.832239330071919,session_end,0.1,0.7000000000000001,88.87000000000334,0.8185847339842206,8335.890609486083
2024-07-16,-1,2024-07-16 07:20:00,2024-07-16 12:38:25,64,2435.892,2432.5398311258273,2446.853514,2427.73359469697,2427.73359469697,0.3354530052563868,tp,0.1,0.7000000000000001,32.82168874172548,0.3058125797378468,8368.712298227809
2024-07-16,-1,2024-07-16 13:40:00,2024-07-16 14:58:30,16,2442.555,2453.5464974999995,2453.5464974999995,2432.7613638211374,2432.7613638211374,0.4052857927411426,sl,0.1,0.7000000000000001,-110.61497499999696,-1.0,8258.097323227812
2024-07-16,-1,2024-07-16 15:05:00,2024-07-16 17:50:00,34,2454.432,2465.4769439999995,2465.4769439999995,2434.05212062615,2434.05212062615,0.8370354603832061,sl,0.1,0.7000000000000001,-111.1494399999976,-1.0,8146.947883227815
2024-07-16,-1,2024-07-16 18:00:00,2024-07-16 23:59:55,60,2464.657,2468.394,2475.7479565,2438.475280864196,2438.475280864196,1.0763168009848536,session_end,0.1,0.7000000000000001,-38.069999999996256,-0.33694118266532913,8108.8778832278185
2024-07-17,-1,2024-07-17 01:55:00,2024-07-17 02:36:35,9,2480.19,2474.0048763440855,2491.350855,2471.938268115942,2471.938268115942,0.33654691103589307,tp,0.1,0.7000000000000001,61.15123655914594,0.5541800924673377,8170.029119786965
2024-07-17,1,2024-07-17 03:30:00,2024-07-17 07:44:00,51,2465.281,2470.519512681159,2454.1872355,2473.41240079365,2473.41240079365,-0.32820652112219595,tp,0.1,0.7000000000000001,51.68512681159136,0.47220334280209214,8221.714246598556
2024-07-17,-1,2024-07-17 08:20:00,2024-07-17 09:24:40,13,2478.33,2471.169391369047,2489.482485,2470.812034999999,2470.812034999999,0.30603157556665933,tp,0.1,0.7000000000000001,70.90608630952993,0.6420639553384693,8292.620332908085
2024-07-17,-1,2024-07-17 13:40:00,2024-07-17 14:10:00,7,2479.776,2471.798128431373,2490.9349919999995,2471.5643333333337,2471.5643333333337,0.3355229946809502,tp,0.1,0.7000000000000001,79.07871568627051,0.7149276178912295,8371.699048594355
2024-07-17,1,2024-07-17 15:00:00,2024-07-17 17:57:45,36,2463.827,2452.7397785000003,2452.7397785000003,2471.62587037037,2471.62587037037,-0.3154955798064097,sl,0.1,0.7000000000000001,-111.57221499999942,-1.0,8260.126833594357
2024-07-17,1,2024-07-17 18:05:00,2024-07-17 23:59:55,59,2451.992,2461.36,2440.9580360000004,2469.403348694316,2469.403348694316,-0.7073307284349282,session_end,0.1,0.7000000000000001,92.97999999999938,0.8490149143136735,8353.106833594356
2024-07-18,-1,2024-07-18 07:05:00,2024-07-18 08:56:30,23,2473.449,2466.36896105919,2484.5795205,2465.0159901960787,2465.0159901960787,0.3411949389931655,tp,0.1,0.7000000000000001,70.10038940810027,0.6360923499318928,8423.207223002457
2024-07-18,1,2024-07-18 16:05:00,2024-07-18 19:06:15,37,2458.079,2447.0176445,2447.0176445,2465.587816062175,2465.587816062175,-0.3039362870531826,sl,0.1,0.7000000000000001,-111.31355499999991,-1.0,8311.893668002456
2024-07-18,1,2024-07-18 19:15:00,2024-07-18 23:59:55,45,2443.114,2441.314,2432.119987,2463.8088672438653,2463.8088672438653,-0.8398324853425829,session_end,0.1,0.7000000000000001,-18.70000000000182,-0.16372547494715375,8293.193668002454
2024-07-19,1,2024-07-19 01:25:00,2024-07-19 02:57:15,19,2423.859,2428.179319047619,2412.9516345,2431.1311862745097,2431.1311862745097,-0.3014722659101467,tp,0.1,0.7000000000000001,42.5031904761925,0.3960918929157873,8335.696858478646
2024-07-19,1,2024-07-19 06:10:00,2024-07-19 12:03:55,71,2417.763,2406.8830665,2406.8830665,2426.9497567567564,2426.9497567567564,-0.3784073704529205,sl,0.1,0.7000000000000001,-109.4993349999988,-1.0,8226.197523478648
2024-07-19,1,2024-07-19 12:10:00,2024-07-19 13:16:05,14,2406.752,2395.921616,2395.921616,2421.575355022831,2421.575355022831,-0.6120336082909652,sl,0.1,0.7000000000000001,-109.00383999999868,-1.0,8117.193683478649
2024-07-19,1,2024-07-19 13:25:00,2024-07-19 20:57:55,91,2396.519,2400.515,2385.7346645,2419.875751552794,2419.875751552794,-0.9684485469039446,session_end,0.1,0.7000000000000001,39.26000000000094,0.3705374336694269,8156.45368347865
2024-07-22,1,2024-07-22 12:05:00,2024-07-22 14:29:45,29,2397.44,2386.6515200000003,2386.6515200000003,2405.0475873563223,2405.0475873563223,-0.31933203304158253,sl,0.1,0.7000000000000001,-108.58479999999709,-1.0,8047.868883478653
2024-07-22,1,2024-07-22 14:35:00,2024-07-22 23:59:55,101,2384.479,2395.847,2373.7488445,2403.2556009523814,2403.2556009523814,-0.7804871418981845,session_end,0.1,0.7000000000000001,112.98000000000393,1.0594441059125834,8160.848883478657
2024-07-23,1,2024-07-23 06:15:00,2024-07-23 07:45:55,19,2390.157,2397.007422939068,2379.4012935,2398.234626666667,2398.234626666667,-0.3391922781956022,tp,0.1,0.7000000000000001,67.80422939067812,0.6369105496759099,8228.653112869335
2024-07-23,-1,2024-07-23 08:55:00,2024-07-23 13:52:50,60,2405.386,2400.6523363453816,2416.210237,2397.3576464174457,2397.3576464174457,0.334111749847748,tp,0.1,0.7000000000000001,46.6366365461834,0.4373207695487841,8275.289749415519
2024-07-23,-1,2024-07-23 20:55:00,2024-07-23 23:59:55,25,2409.877,2408.629,2420.7214464999997,2402.2756540504647,2402.2756540504647,0.3185457063027964,session_end,0.1,0.7000000000000001,11.780000000000474,0.11508194539943307,8287.06974941552
2024-07-24,-1,2024-07-24 13:00:00,2024-07-24 13:24:45,5,2421.488,2414.143136458334,2432.3846959999996,2414.0126655982913,2414.0126655982913,0.3108241521942765,tp,0.1,0.7000000000000001,72.74863541665745,0.6740450079240428,8359.818384832175
2024-07-24,-1,2024-07-24 13:40:00,2024-07-24 17:05:20,42,2423.632,2416.2020772357723,2434.538344,2414.2369532520333,2414.2369532520333,0.3903530154847602,tp,0.1,0.7000000000000001,73.5992276422774,0.6812477915814636,8433.417612474454
2024-07-24,1,2024-07-24 18:05:00,2024-07-24 22:07:00,37,2407.37,2396.536835,2396.536835,2416.061231182796,2416.061231182796,-0.3596858833971435,sl,0.1,0.7000000000000001,-109.03165000000008,-1.0,8324.385962474453
2024-07-24,1,2024-07-24 22:15:00,2024-07-24 23:59:55,21,2395.739,2398.733,2384.9581745,2414.1723287581704,2414.1723287581704,-0.7650170014031468,session_end,0.1,0.7000000000000001,29.24000000000142,0.2777152825634868,8353.625962474454
2024-07-25,1,2024-07-25 01:30:00,2024-07-25 01:40:30,3,2388.059,2377.3127345000003,2377.3127345000003,2396.68462962963,2396.68462962963,-0.35964805394366084,sl,0.1,0.7000000000000001,-108.16265499999936,-1.0,8245.463307474456
2024-07-25,1,2024-07-25 01:50:00,2024-07-25 03:20:30,19,2379.853,2369.1436615000002,2369.1436615000002,2393.9603787878787,2393.9603787878787,-0.5882461093616431,sl,0.1,0.7000000000000001,-107.79338499999831,-1.0,8137.669922474457
2024-07-25,1,2024-07-25 03:30:00,2024-07-25 10:37:25,86,2370.73,2377.7112624671922,2360.0617150000003,2384.758341269842,2384.758341269842,-0.591122422171101,tp,0.1,0.7000000000000001,69.11262467192209,0.6543940724486061,8206.782547146378
2024-07-25,1,2024-07-25 11:45:00,2024-07-25 12:30:00,10,2369.381,2377.038056666667,2358.7187855,2377.5768486997645,2377.5768486997645,-0.34578687558555227,tp,0.1,0.7000000000000001,75.87056666667358,0.7181488110811877,8282.653113813052
2024-07-25,1,2024-07-25 12:55:00,2024-07-25 14:15:35,17,2369.469,2358.8063895,2358.8063895,2376.7896688172045,2376.7896688172045,-0.3102575256848106,sl,0.1,0.7000000000000001,-107.32610500000028,-1.0,8175.327008813052
2024-07-25,1,2024-07-25 14:25:00,2024-07-25 17:28:45,37,2364.312,2353.672596,2353.672596,2375.8408930635837,2375.8408930635837,-0.48813845647000226,sl,0.1,0.7000000000000001,-107.09404000000013,-1.0,8068.232968813052
2024-07-25,1,2024-07-25 17:35:00,2024-07-25 23:59:55,65,2354.938,2363.864,2344.340779,2373.5625552922584,2373.5625552922584,-0.7837398365920795,session_end,0.1,0.7000000000000001,88.5599999999993,0.8422962963592001,8156.792968813052
2024-07-26,-1,2024-07-26 01:50:00,2024-07-26 05:00:40,39,2371.701,2369.803683333333,2382.3736544999997,2364.083484848485,2364.083484848485,0.3204842468581571,tp,0.1,0.7000000000000001,18.273166666669386,0.1777736425991299,8175.06613547972
2024-07-26,-1,2024-07-26 13:25:00,2024-07-26 14:15:20,11,2379.173,2389.8792784999996,2389.8792784999996,2371.5570734989647,2371.5570734989647,0.3208198776262228,sl,0.1,0.7000000000000001,-107.76278499999826,-1.0,8067.303350479722
2024-07-26,-1,2024-07-26 14:25:00,2024-07-26 20:57:55,79,2386.443,2387.23,2397.1819935,2372.3601608863196,2372.3601608863196,0.5962770470903458,session_end,0.1,0.7000000000000001,-8.569999999998071,-0.07328433525915001,8058.733350479724
2024-07-29,1,2024-07-29 14:45:00,2024-07-29 15:19:35,7,2381.297,2370.5811635,2370.5811635,2392.978242937852,2392.978242937852,-0.4911763394648201,sl,0.1,0.7000000000000001,-107.85836500000023,-1.0,7950.874985479724
2024-07-29,1,2024-07-29 15:25:00,2024-07-29 23:59:55,91,2373.854,2381.207,2363.171657,2392.3730063063053,2392.3730063063053,-0.7732074495718068,session_end,0.1,0.7000000000000001,72.83000000000065,0.6883321383707771,8023.704985479724
2024-07-30,-1,2024-07-30 13:30:00,2024-07-30 15:23:20,23,2394.626,2387.452663043478,2405.401817,2386.7790493827156,2386.7790493827156,0.3277827756745113,tp,0.1,0.7000000000000001,71.03336956522234,0.6656884537406688,8094.738355044947
2024-07-30,-1,2024-07-30 16:50:00,2024-07-30 17:01:55,3,2396.875,2407.6609375,2407.6609375,2387.5171402640262,2387.5171402640262,0.3918447150892133,sl,0.1,0.7000000000000001,-108.55937499999818,-1.0,7986.178980044949
2024-07-30,-1,2024-07-30 17:10:00,2024-07-30 23:59:55,70,2403.458,2409.923,2414.273561,2387.7781901294497,2387.7781901294497,0.6576326869665696,session_end,0.1,0.7000000000000001,-65.34999999999691,-0.5977498531976064,7920.828980044951
2024-07-31,-1,2024-07-31 03:30:00,2024-07-31 14:15:15,130,2417.945,2428.8257525,2428.8257525,2408.6495119047618,2408.6495119047618,0.38876507557270995,sl,0.1,0.7000000000000001,-109.50752499999744,-1.0,7811.321455044954
2024-07-31,-1,2024-07-31 14:40:00,2024-07-31 18:58:40,52,2424.57,2435.480565,2435.480565,2417.2075482954547,2417.2075482954547,0.3006962190594883,sl,0.1,0.7000000000000001,-109.80564999999679,-1.0,7701.515805044957
2024-07-31,-1,2024-07-31 19:05:00,2024-07-31 19:33:05,6,2433.836,2444.7882619999996,2444.7882619999996,2419.1471266375547,2419.1471266375547,0.6083909986451248,sl,0.1,0.7000000000000001,-110.22261999999792,-1.0,7591.29318504496
2024-07-31,-1,2024-07-31 19:40:00,2024-07-31 23:59:55,40,2449.783,2445.86,2460.8070234999996,2419.7424943502833,2419.7424943502833,1.2413513305589028,session_end,0.1,0.7000000000000001,38.52999999999774,0.3558591833553236,7629.823185044957
2024-08-01,-1,2024-08-01 01:25:00,2024-08-01 02:00:55,8,2456.984,2450.0455069444447,2468.040428,2448.1873627450977,2448.1873627450977,0.3596798753600554,tp,0.1,0.7000000000000001,68.68493055555227,0.6275528638684491,7698.508115600511
2024-08-01,1,2024-08-01 02:55:00,2024-08-01 05:20:15,30,2437.82,2446.7528072916666,2426.84981,2449.2089285714287,2449.2089285714287,-0.4680665841813458,tp,0.1,0.7000000000000001,88.6280729166645,0.8142800891932088,7787.1361885171755
2024-08-01,1,2024-08-01 08:30:00,2024-08-01 11:52:40,41,2436.791,2442.7473720657267,2425.8254405000002,2445.831423202614,2445.831423202614,-0.37011639954975867,tp,0.1,0.7000000000000001,58.863720657265546,0.54318906989895,7845.999909174441
2024-08-01,-1,2024-08-01 12:35:00,2024-08-01 14:24:20,22,2453.908,2443.966579457364,2464.950586,2442.8030562913896,2442.8030562913896,0.4572388134132882,tp,0.1,0.7000000000000001,98.71420542636024,0.9002801103506007,7944.714114600802
2024-08-01,-1,2024-08-01 14:40:00,2024-08-01 14:56:30,4,2452.231,2444.130245810056,2463.2660395000003,2444.055305871212,2444.055305871212,0.33439071976624934,tp,0.1,0.7000000000000001,80.30754189944382,0.7340938099899283,8025.021656500245
2024-08-01,1,2024-08-01 17:45:00,2024-08-01 19:31:40,22,2436.309,2443.669277065528,2425.3456095,2444.1486150234746,2444.1486150234746,-0.3231438127340967,tp,0.1,0.7000000000000001,72.90277065527953,0.6713504426872247,8097.924427155524
2024-08-02,1,2024-08-02 01:15:00,2024-08-02 01:56:35,9,2437.692,2445.9491086956527,2426.722386,2448.0119444444445,2448.0119444444445,-0.42450546321998955,tp,0.1,0.7000000000000001,81.87108695652732,0.7527255467378035,8179.795514112052
2024-08-02,-1,2024-08-02 03:00:00,2024-08-02 05:59:45,36,2455.599,2466.6491955,2466.6491955,2447.702606481482,2447.702606481482,0.32530069206258466,sl,0.1,0.7000000000000001,-111.20195499999973,-1.0,8068.593559112052
2024-08-02,-1,2024-08-02 06:05:00,2024-08-02 11:38:15,67,2463.065,2457.729967625899,2474.1487925,2452.7847899543385,2452.7847899543385,0.4176970636650087,tp,0.1,0.7000000000000001,52.65032374101047,0.4813363633522562,8121.243882853062
2024-08-02,-1,2024-08-02 12:35:00,2024-08-02 13:15:20,9,2473.519,2458.4902505241093,2484.6498354999994,2457.8645452538635,2457.8645452538635,0.6362415201575458,tp,0.1,0.7000000000000001,149.58749475890437,1.350190601225839,8270.831377611967
2024-08-02,-1,2024-08-02 13:30:00,2024-08-02 14:32:00,13,2466.029,2459.278046934866,2477.1261305,2458.5805627572017,2458.5805627572017,0.3051125253502385,tp,0.1,0.7000000000000001,66.80953065134126,0.6083512368476008,8337.640908263307
2024-08-02,1,2024-08-02 14:40:00,2024-08-02 14:45:20,2,2442.66,2431.66803,2431.66803,2459.1717888257576,2459.1717888257576,-0.6710100083588199,sl,0.1,0.7000000000000001,-110.61970000000038,-1.0,8227.021208263308
2024-08-02,1,2024-08-02 14:55:00,2024-08-02 15:08:05,3,2434.67,2423.7139850000003,2423.7139850000003,2458.779218808194,2458.779218808194,-0.9803531209230643,sl,0.1,0.7000000000000001,-110.26014999999752,-1.0,8116.76105826331
2024-08-02,1,2024-08-02 15:15:00,2024-08-02 20:57:55,69,2413.658,2441.956,2402.796539,2458.0869653916216,2458.0869653916216,-1.8072780181129173,session_end,0.1,0.7000000000000001,282.2800000000023,2.6053585240512604,8399.041058263312
2024-08-05,1,2024-08-05 00:55:00,2024-08-05 01:07:55,3,2421.29,2427.8469743589744,2410.3941950000003,2428.735196969697,2428.735196969697,-0.3088108155658634,tp,0.1,0.7000000000000001,64.86974358974457,0.6017888865462134,8463.910801853057
2024-08-05,-1,2024-08-05 01:20:00,2024-08-05 01:34:30,3,2437.605,2429.314388888889,2448.5742225,2428.5182604166666,2428.5182604166666,0.37688576332809964,tp,0.1,0.7000000000000001,82.20611111111047,0.7558066317928306,8546.116912964168
2024-08-05,-1,2024-08-05 01:45:00,2024-08-05 03:49:35,25,2438.435,2449.4079574999996,2449.4079574999996,2430.1261904761905,2430.1261904761905,0.3418468372698701,sl,0.1,0.7000000000000001,-110.42957499999666,-1.0,8435.687337964171
2024-08-05,-1,2024-08-05 03:55:00,2024-08-05 05:37:20,21,2452.511,2440.942470149253,2463.5472995,2436.38334751773,2436.38334751773,0.6650083411043515,tp,0.1,0.7000000000000001,114.98529850746927,1.0482254355952267,8550.67263647164
2024-08-05,1,2024-08-05 05:55:00,2024-08-05 06:22:50,6,2433.146,2422.196843,2422.196843,2440.8486338028165,2440.8486338028165,-0.31850126612336294,sl,0.1,0.7000000000000001,-110.19157000000014,-1.0,8440.481066471639
2024-08-05,1,2024-08-05 06:30:00,2024-08-05 07:23:40,11,2428.12,2438.7379299242425,2417.19346,2439.952004273504,2439.952004273504,-0.4833293545466947,tp,0.1,0.7000000000000001,105.47929924242617,0.9717559194623991,8545.960365714065
2024-08-05,1,2024-08-05 08:10:00,2024-08-05 09:17:55,14,2430.739,2419.8006745000002,2419.8006745000002,2438.5216887755105,2438.5216887755105,-0.32149350205071786,sl,0.1,0.7000000000000001,-110.08325499999792,-1.0,8435.877110714067
2024-08-05,1,2024-08-05 09:25:00,2024-08-05 10:50:35,18,2425.115,2414.2019824999998,2414.2019824999998,2436.927569321534,2436.927569321534,-0.4870300402419511,sl,0.1,0.7000000000000001,-109.83017500000024,-1.0,8326.046935714068
2024-08-05,1,2024-08-05 11:00:00,2024-08-05 11:22:25,5,2408.741,2397.9016655,2397.9016655,2434.7502436868685,2434.7502436868685,-1.0710028165920666,sl,0.1,0.7000000000000001,-109.0933449999995,-1.0,8216.953590714067
2024-08-05,1,2024-08-05 11:30:00,2024-08-05 11:42:55,3,2397.742,2386.952161,2386.952161,2433.3674239130437,2433.3674239130437,-1.4630928138173194,sl,0.1,0.7000000000000001,-108.5983900000003,-1.0,8108.355200714068
2024-08-05,1,2024-08-05 11:50:00,2024-08-05 12:24:30,7,2383.764,2373.0370620000003,2373.0370620000003,2432.163050469484,2432.163050469484,-1.9909253394889395,sl,0.1,0.7000000000000001,-107.96937999999791,-1.0,8000.385820714069
2024-08-05,1,2024-08-05 12:30:00,2024-08-05 23:59:55,126,2369.789,2404.901,2359.1249495,2429.57348,2429.57348,-2.463188723973059,session_end,0.1,0.7000000000000001,350.41999999999626,3.2925575511855953,8350.805820714066
2024-08-06,1,2024-08-06 05:50:00,2024-08-06 07:44:10,23,2402.555,2408.888226449276,2391.7435025,2410.6928309523814,2410.6928309523814,-0.3390656348843912,tp,0.1,0.7000000000000001,62.63226449276026,0.5857862381484257,8413.438085206826
2024-08-06,1,2024-08-06 12:35:00,2024-08-06 14:31:35,24,2397.685,2386.8954175,2386.8954175,2410.0428929359828,2410.0428929359828,-0.5155258013207796,sl,0.1,0.7000000000000001,-108.59582500000052,-1.0,8304.842260206826
2024-08-06,1,2024-08-06 14:40:00,2024-08-06 23:59:55,100,2388.491,2383.851,2377.7427905,2407.8278873106055,2407.8278873106055,-0.807569652842773,session_end,0.1,0.7000000000000001,-47.09999999999873,-0.43169981009393793,8257.742260206827
2024-08-07,-1,2024-08-07 04:50:00,2024-08-07 07:50:45,37,2393.572,2388.557030141844,2404.343074,2385.7272873563215,2385.7272873563215,0.32879754049218357,tp,0.1,0.7000000000000001,49.44969858156291,0.46559608244789685,8307.19195878839
2024-08-07,-1,2024-08-07 10:50:00,2024-08-07 15:45:00,60,2397.203,2393.15747883598,2407.9904134999997,2389.9730628205134,2389.9730628205134,0.30253216205515354,tp,0.1,0.7000000000000001,39.75521164020101,0.37502235026220165,8346.94717042859
2024-08-07,1,2024-08-07 18:45:00,2024-08-07 23:59:55,51,2385.654,2384.855,2374.918557,2393.1468185185195,2393.1468185185195,-0.3125933795883994,session_end,0.1,0.7000000000000001,-8.689999999999781,-0.07442636507873739,8338.257170428591
2024-08-08,-1,2024-08-08 04:10:00,2024-08-08 11:04:35,83,2395.833,2406.6142485,2406.6142485,2388.51914,2388.51914,0.3083232567271801,sl,0.1,0.7000000000000001,-108.51248499999947,-1.0,8229.744685428592
2024-08-08,-1,2024-08-08 11:10:00,2024-08-08 14:10:20,37,2407.393,2418.2262685,2418.2262685,2393.5712263681585,2393.5712263681585,0.5787909496582007,sl,0.1,0.7000000000000001,-109.03268500000031,-1.0,8120.712000428591
2024-08-08,-1,2024-08-08 14:20:00,2024-08-08 23:59:55,104,2419.526,2424.711,2430.4138669999998,2397.3986540697656,2397.3986540697656,0.9244956358263402,session_end,0.1,0.7000000000000001,-52.54999999999946,-0.4762181610043534,8068.162000428591
2024-08-09,-1,2024-08-09 10:50:00,2024-08-09 12:24:00,19,2430.752,2423.7930033783787,2441.690384,2423.099097435898,2423.099097435898,0.31847242947132814,tp,0.1,0.7000000000000001,68.88996621621281,0.6361997002136015,8137.0519666448035
2024-08-09,-1,2024-08-09 13:25:00,2024-08-09 13:42:50,4,2431.44,2424.295976626016,2442.38148,2424.1818126293992,2424.1818126293992,0.30268717190984035,tp,0.1,0.7000000000000001,70.74023373984055,0.6529302593418883,8207.792200384645
2024-08-09,-1,2024-08-09 14:30:00,2024-08-09 20:57:55,78,2432.145,2430.921,2443.0896525,2424.472305555555,2424.472305555555,0.3155818454561332,session_end,0.1,0.7000000000000001,11.540000000001601,0.11183543744309626,8219.332200384646
2024-08-12,-1,2024-08-12 06:55:00,2024-08-12 13:31:25,80,2436.945,2447.9112525,2447.9112525,2429.7132068273086,2429.7132068273086,0.3004796266562195,sl,0.1,0.7000000000000001,-110.36252499999883,-1.0,8108.969675384647
2024-08-12,-1,2024-08-12 13:40:00,2024-08-12 16:04:10,29,2452.052,2463.086234,2463.086234,2435.9235203252033,2435.9235203252033,0.6643262622890581,sl,0.1,0.7000000000000001,-111.04233999999742,-1.0,7997.927335384649
2024-08-12,-1,2024-08-12 16:10:00,2024-08-12 23:18:25,74,2463.707,2474.7936815,2474.7936815,2438.8377534364263,2438.8377534364263,1.0226283617445275,sl,0.1,0.7000000000000001,-111.56681499999941,-1.0,7886.360520384651
2024-08-13,1,2024-08-13 01:20:00,2024-08-13 07:27:35,74,2464.564,2464.898200374532,2453.473462,2472.330302083333,2472.330302083333,-0.31477598590995715,tp,0.1,0.7000000000000001,2.6420037453197436,0.03013382890279774,7889.00252412997
2024-08-13,-1,2024-08-13 13:45:00,2024-08-13 14:33:40,10,2473.708,2464.7782911877393,2484.839686,2464.410224242424,2464.410224242424,0.37681533967951636,tp,0.1,0.7000000000000001,88.59708812260742,0.8021883488503869,7977.599612252578
2024-08-14,1,2024-08-14 02:35:00,2024-08-14 06:00:50,42,2456.976,2463.0432083333335,2445.919608,2465.9084301075263,2465.9084301075263,-0.3620341290263272,tp,0.1,0.7000000000000001,59.97208333333383,0.548751195989922,8037.571695585912
2024-08-14,-1,2024-08-14 08:05:00,2024-08-14 12:31:15,54,2471.742,2467.38844111111,2482.864839,2464.1586683848805,2464.1586683848805,0.3088206823997863,tp,0.1,0.7000000000000001,42.83558888890347,0.391407165822546,8080.407284474815
2024-08-14,1,2024-08-14 13:20:00,2024-08-14 14:35:05,16,2458.781,2447.7164855,2447.7164855,2467.4076885416653,2467.4076885416653,-0.34863263908971437,sl,0.1,0.7000000000000001,-111.3451449999986,-1.0,7969.062139474816
2024-08-14,1,2024-08-14 14:45:00,2024-08-14 16:34:15,22,2449.29,2438.268195,2438.268195,2466.1883615819193,2466.1883615819193,-0.6875939342703857,sl,0.1,0.7000000000000001,-110.91804999999859,-1.0,7858.1440894748175
2024-08-14,1,2024-08-14 16:40:00,2024-08-14 23:59:55,76,2442.019,2449.47,2431.0299145,2463.8857108333327,2463.8857108333327,-0.8875294311413748,session_end,0.1,0.7000000000000001,73.81000000000022,0.6780364025741821,7931.954089474819
2024-08-15,-1,2024-08-15 11:35:00,2024-08-15 12:38:30,13,2462.554,2455.199694260485,2473.6354929999998,2454.4362410071935,2454.4362410071935,0.33024931987966966,tp,0.1,0.7000000000000001,72.84305739514984,0.6636565794442315,8004.797146869968
2024-08-15,1,2024-08-15 13:00:00,2024-08-15 14:34:50,19,2441.244,2453.940891762452,2430.2584020000004,2455.0624508547007,2455.0624508547007,-0.5657269879169704,tp,0.1,0.7000000000000001,126.26891762451741,1.1557761136400608,8131.0660644944855
2024-08-16,-1,2024-08-16 08:35:00,2024-08-16 12:06:15,43,2463.214,2474.2984629999996,2474.2984629999996,2455.844339805827,2455.844339805827,0.3005956067539834,sl,0.1,0.7000000000000001,-111.54462999999687,-1.0,8019.521434494489
2024-08-16,-1,2024-08-16 12:15:00,2024-08-16 12:53:50,8,2472.703,2483.8301635,2483.8301635,2458.815100907031,2458.815100907031,0.5649224737494442,sl,0.1,0.7000000000000001,-111.97163499999824,-1.0,7907.549799494491
2024-08-16,-1,2024-08-16 13:00:00,2024-08-16 18:37:40,68,2491.699,2502.9116455,2502.9116455,2459.855077991455,2459.855077991455,1.2935892969161118,sl,0.1,0.7000000000000001,-112.82645499999781,-1.0,7794.723344494492
2024-08-16,-1,2024-08-16 18:45:00,2024-08-16 20:57:55,27,2504.786,2507.927,2516.057537,2469.898118518519,2469.898118518519,1.4113287191938757,session_end,0.1,0.7000000000000001,-32.11000000000077,-0.2786665208125612,7762.613344494492
2024-08-19,1,2024-08-19 10:40:00,2024-08-19 14:08:15,42,2492.799,2499.278264299802,2481.5814045,2501.7455234374984,2501.7455234374984,-0.35685178024147685,tp,0.1,0.7000000000000001,64.09264299801798,0.5775983186238014,7826.705987492511
2024-08-20,-1,2024-08-20 07:45:00,2024-08-20 09:10:50,18,2513.211,2524.5204495,2524.5204495,2502.5705913978495,2502.5705913978495,0.4247396112895695,sl,0.1,0.7000000000000001,-113.79449500000028,-1.0,7712.911492492511
2024-08-20,-1,2024-08-20 09:20:00,2024-08-20 15:03:00,69,2523.079,2512.6483851851854,2534.4328555,2505.2739166666674,2505.2739166666674,0.711821698006576,tp,0.1,0.7000000000000001,103.60614814814816,0.918684830436217,7816.517640640659
2024-08-20,1,2024-08-20 16:05:00,2024-08-20 17:24:20,16,2504.827,2512.1660769230775,2493.5552785000004,2512.5044576856653,2512.5044576856653,-0.3054505102344992,tp,0.1,0.7000000000000001,72.690769230773,0.6511052391666562,7889.208409871431
2024-08-21,1,2024-08-21 09:05:00,2024-08-21 11:46:15,33,2506.901,2513.168541371159,2495.6199455,2514.7481681957183,2514.7481681957183,-0.31494876090916585,tp,0.1,0.7000000000000001,61.975413711590406,0.55558116230705,7951.183823583022
2024-08-21,1,2024-08-21 13:35:00,2024-08-21 17:49:45,51,2504.981,2511.057198748044,2493.7085855000005,2512.748573619633,2512.748573619633,-0.31219094906630357,tp,0.1,0.7000000000000001,60.0619874804368,0.5390325868556217,8011.245811063459
2024-08-21,-1,2024-08-21 18:20:00,2024-08-21 19:20:30,13,2518.931,2511.339729885058,2530.2661895,2511.1144045454553,2511.1144045454553,0.31187728605149956,tp,0.1,0.7000000000000001,75.21270114941835,0.6697082668923875,8086.458512212877
2024-08-22,1,2024-08-22 02:40:00,2024-08-22 05:55:00,40,2500.809,2505.716525821595,2489.5553595,2510.1771354166667,2510.1771354166667,-0.37535739146562724,tp,0.1,0.7000000000000001,48.37525821594845,0.4360834008865676,8134.833770428826
2024-08-22,1,2024-08-22 12:10:00,2024-08-22 13:32:50,17,2497.5,2486.26125,2486.26125,2505.604141552511,2505.604141552511,-0.32631417776333427,sl,0.1,0.7000000000000001,-113.08749999999982,-1.0,8021.746270428826
2024-08-22,1,2024-08-22 13:40:00,2024-08-22 14:14:50,7,2486.35,2475.1614250000002,2475.1614250000002,2504.7467865853655,2504.7467865853655,-0.7345966739595876,sl,0.1,0.7000000000000001,-112.58574999999674,-1.0,7909.16052042883
2024-08-22,1,2024-08-22 14:20:00,2024-08-22 23:59:55,104,2475.367,2487.629,2464.2278485,2503.758319767441,2503.758319767441,-1.1360249726532343,session_end,0.1,0.7000000000000001,121.91999999999716,1.1008019776012283,8031.080520428826
2024-08-23,-1,2024-08-23 08:50:00,2024-08-23 13:48:35,60,2499.783,2494.69920808081,2511.0320235,2492.0202138364784,2492.0202138364784,0.31415419987582155,tp,0.1,0.7000000000000001,50.13791919189934,0.4519318427230528,8081.218439620726
2024-08-23,-1,2024-08-23 14:05:00,2024-08-23 20:57:55,83,2510.755,2512.472,2522.0533975,2494.8123353057217,2494.8123353057217,0.6381908758811359,session_end,0.1,0.7000000000000001,-17.87000000000098,-0.15196845393341296,8063.348439620725
2024-08-26,-1,2024-08-26 07:40:00,2024-08-26 13:50:10,75,2520.705,2517.883659638554,2532.0481725,2512.849295289855,2512.849295289855,0.31405403917128455,tp,0.1,0.7000000000000001,27.513403614458912,0.24872586231461102,8090.861843235183
2024-08-27,-1,2024-08-27 17:40:00,2024-08-27 23:59:55,64,2519.612,2525.369,2530.950254,2511.5436037735844,2511.5436037735844,0.32069505838217666,session_end,0.1,0.7000000000000001,-58.27000000000062,-0.5077501350737225,8032.591843235183
2024-08-28,1,2024-08-28 05:10:00,2024-08-28 12:11:20,85,2509.913,2498.6183915,2498.6183915,2517.833822580645,2517.833822580645,-0.31311925790895934,sl,0.1,0.7000000000000001,-113.64608499999868,-1.0,7918.945758235184
2024-08-28,1,2024-08-28 12:20:00,2024-08-28 13:29:45,14,2499.129,2510.659736024844,2487.8829195,2511.606399774774,2511.606399774774,-0.497705364021027,tp,0.1,0.7000000000000001,114.60736024843918,1.0253115318571528,8033.553118483624
2024-08-28,1,2024-08-28 16:20:00,2024-08-28 19:01:50,33,2501.685,2509.038505116957,2490.4274175,2509.9171760204067,2509.9171760204067,-0.32774691129250344,tp,0.1,0.7000000000000001,72.83505116956967,0.6532046393581422,8106.3881696531935
2024-08-29,-1,2024-08-29 09:55:00,2024-08-29 12:14:10,28,2523.439,2516.9676940639265,2534.7944755,2515.862170868347,2515.862170868347,0.3004866172395898,tp,0.1,0.7000000000000001,64.0130593607335,0.5698841881234602,8170.401229013926
2024-08-29,1,2024-08-29 12:40:00,2024-08-29 13:52:20,15,2509.04,2516.343554216867,2497.74932,2516.8827543859647,2516.8827543859647,-0.3133540635622002,tp,0.1,0.7000000000000001,72.33554216866814,0.6468657527152282,8242.736771182594
2024-08-29,-1,2024-08-29 15:10:00,2024-08-29 23:59:55,94,2524.59,2519.715,2535.950655,2516.601441391941,2516.601441391941,0.31818938336258107,session_end,0.1,0.7000000000000001,48.05,0.4291125819770093,8290.786771182595
2024-08-30,-1,2024-08-30 08:25:00,2024-08-30 10:34:45,26,2525.18,2518.267562169314,2536.5433099999996,2516.8428729372945,2516.8428729372945,0.33256454555453857,tp,0.1,0.7000000000000001,68.4243783068603,0.6083119998210201,8359.211149489454
2024-08-30,1,2024-08-30 14:30:00,2024-08-30 16:40:30,27,2510.069,2498.7736895000003,2498.7736895000003,2518.262653256706,2518.262653256706,-0.32473392900976195,sl,0.1,0.7000000000000001,-113.65310499999687,-1.0,8245.558044489459
2024-08-30,1,2024-08-30 16:50:00,2024-08-30 20:57:55,50,2499.992,2503.402,2488.742036,2516.4426419141932,2516.4426419141932,-0.6533684352799835,session_end,0.1,0.7000000000000001,33.39999999999854,0.3031120810697551,8278.958044489456
2024-09-02,1,2024-09-02 02:30:00,2024-09-02 04:05:15,20,2492.611,2498.013408163265,2481.3942505,2500.8884777777785,2500.8884777777785,-0.32814249218624597,tp,0.1,0.7000000000000001,53.32408163265136,0.4816375870090702,8332.282126122107
2024-09-02,-1,2024-09-02 08:55:00,2024-09-02 09:53:15,12,2506.719,2498.5835254237286,2517.9992355,2498.17807788162,2498.17807788162,0.33908399859000005,tp,0.1,0.7000000000000001,80.65474576271463,0.7212149583465294,8412.936871884822
2024-09-03,-1,2024-09-03 08:25:00,2024-09-03 10:20:00,24,2503.522,2497.3258682795695,2514.787849,2495.987371287129,2495.987371287129,0.3013888932054951,tp,0.1,0.7000000000000001,61.261317204304575,0.5499924346962682,8474.198189089127
2024-09-03,1,2024-09-03 11:50:00,2024-09-03 12:13:35,5,2487.634,2496.952623287671,2476.439647,2497.1789272300466,2497.1789272300466,-0.3843908470224891,tp,0.1,0.7000000000000001,92.48623287671016,0.8324396494974858,8566.684421965838
2024-09-03,1,2024-09-03 13:35:00,2024-09-03 13:49:20,3,2489.059,2477.8582345000004,2477.8582345000004,2496.668165644172,2496.668165644172,-0.30761659678512143,sl,0.1,0.7000000000000001,-112.70765499999762,-1.0,8453.97676696584
2024-09-03,1,2024-09-03 13:55:00,2024-09-03 19:21:25,66,2477.963,2493.3228534482764,2466.8121665000003,2496.302405189621,2496.302405189621,-0.7340619129928256,tp,0.1,0.7000000000000001,152.89853448276227,1.3774623617397226,8606.875301448601
2024-09-04,1,2024-09-04 06:50:00,2024-09-04 08:54:55,25,2485.322,2474.1380510000004,2474.1380510000004,2493.8864024390246,2493.8864024390246,-0.3452604108432415,sl,0.1,0.7000000000000001,-112.53948999999757,-1.0,8494.335811448604
2024-09-04,1,2024-09-04 09:00:00,2024-09-04 10:47:35,22,2473.467,2489.363750645996,2462.3363985,2491.093109567902,2491.093109567902,-0.7093717011230947,tp,0.1,0.7000000000000001,158.26750645995781,1.428202298500738,8652.60331790856
2024-09-04,-1,2024-09-04 14:40:00,2024-09-04 23:59:55,100,2498.25,2495.929,2509.4921249999998,2489.2593560606065,2489.2593560606065,0.3602133268099414,session_end,0.1,0.7000000000000001,22.509999999999128,0.20645563005214426,8675.113317908561
2024-09-05,-1,2024-09-05 06:25:00,2024-09-05 08:39:20,27,2504.991,2516.2634595,2516.2634595,2496.810556277055,2496.810556277055,0.32943803855145787,sl,0.1,0.7000000000000001,-113.42459499999968,-1.0,8561.68872290856
2024-09-05,-1,2024-09-05 08:45:00,2024-09-05 15:08:05,77,2515.188,2506.363621546961,2526.506346,2499.5290777777777,2499.5290777777777,0.628235228860911,tp,0.1,0.7000000000000001,87.54378453039116,0.7796526500461376,8649.232507438952
2024-09-05,-1,2024-09-05 18:00:00,2024-09-05 23:59:55,60,2515.174,2517.382,2526.492283,2506.919567129629,2506.919567129629,0.32866761975156844,session_end,0.1,0.7000000000000001,-22.780000000000836,-0.1950825933580271,8626.452507438951
2024-09-06,-1,2024-09-06 12:50:00,2024-09-06 13:03:35,3,2525.676,2517.9733974358983,2537.041542,2517.9041796536803,2517.9041796536803,0.31080691670308414,tp,0.1,0.7000000000000001,76.32602564101653,0.6777153754833382,8702.778533079967
2024-09-06,1,2024-09-06 13:30:00,2024-09-06 15:00:45,19,2508.662,2516.82612962963,2497.373021,2517.801380658437,2517.801380658437,-0.36223590663263816,tp,0.1,0.7000000000000001,80.94129629630224,0.7231946865726544,8783.71982937627
2024-09-06,1,2024-09-06 15:10:00,2024-09-06 15:16:40,2,2508.123,2516.74395992714,2496.8364465,2516.766705128205,2516.766705128205,-0.34555070640772506,tp,0.1,0.7000000000000001,85.5095992714012,0.7638257265284799,8869.229428647672
2024-09-06,1,2024-09-06 15:50:00,2024-09-06 16:05:00,4,2508.29,2497.002695,2497.002695,2516.593331578947,2516.593331578947,-0.3291485944512952,sl,0.1,0.7000000000000001,-113.57304999999833,-1.0,8755.656378647673
2024-09-06,1,2024-09-06 16:15:00,2024-09-06 16:41:40,6,2497.2,2485.9626,2485.9626,2516.212996581196,2516.212996581196,-0.7573681801615743,sl,0.1,0.7000000000000001,-113.0739999999998,-1.0,8642.582378647672
2024-09-06,1,2024-09-06 16:50:00,2024-09-06 20:57:55,50,2487.148,2497.6,2475.9558340000003,2515.3652013201317,2515.3652013201317,-1.1238209586940149,session_end,0.1,0.7000000000000001,103.8199999999977,0.933867492672995,8746.40237864767
2024-09-09,1,2024-09-09 05:50:00,2024-09-09 07:33:20,21,2489.759,2495.8930518518523,2478.5550845000002,2497.6099619047623,2497.6099619047623,-0.31475939096459826,tp,0.1,0.7000000000000001,60.64051851852291,0.5474917989030191,8807.042897166193
2024-09-09,-1,2024-09-09 12:35:00,2024-09-09 14:22:00,22,2503.513,2496.444709302326,2514.7788084999997,2495.744314569537,2495.744314569537,0.310656239311126,tp,0.1,0.7000000000000001,69.98290697674001,0.6274108687072139,8877.025804142933
2024-09-09,-1,2024-09-09 17:00:00,2024-09-09 23:59:55,72,2504.39,2506.912,2515.6597549999997,2496.813776960785,2496.813776960785,0.30409648926469135,session_end,0.1,0.7000000000000001,-25.919999999999344,-0.22378481164852104,8851.105804142933
2024-09-10,-1,2024-09-10 13:00:00,2024-09-10 14:09:25,14,2513.878,2504.923055226825,2525.190451,2504.390157051283,2504.390157051283,0.37826945302608067,tp,0.1,0.7000000000000001,88.84944773175157,0.7916007568276167,8939.955251874686
2024-09-10,-1,2024-09-10 15:30:00,2024-09-10 23:59:55,90,2513.031,2518.777,2524.3396395,2505.1397284946243,2505.1397284946243,0.31378575078921866,session_end,0.1,0.7000000000000001,-58.16000000000095,-0.508107098117336,8881.795251874684
2024-09-11,-1,2024-09-11 06:40:00,2024-09-11 10:06:00,42,2527.361,2521.2799586776855,2538.7341245,2519.7061062500006,2519.7061062500006,0.3054083859586357,tp,0.1,0.7000000000000001,60.110413223143766,0.5346851977496974,8941.905665097827
2024-09-11,1,2024-09-11 12:35:00,2024-09-11 16:44:05,50,2511.446,2518.5219141666653,2500.1444930000002,2521.262002207505,2521.262002207505,-0.38871415183838753,tp,0.1,0.7000000000000001,70.0591416666537,0.6261035954466581,9011.964806764481
2024-09-12,-1,2024-09-12 12:35:05,2024-09-12 13:09:15,7,2524.551,2535.9114794999996,2535.9114794999996,2516.382753863135,2516.382753863135,0.32315219631757236,sl,0.1,0.7000000000000001,-114.30479499999656,-1.0,8897.660011764485
2024-09-12,-1,2024-09-12 13:15:00,2024-09-12 13:45:10,7,2538.164,2549.585738,2549.585738,2517.1546802935013,2517.1546802935013,0.8377244303492719,sl,0.1,0.7000000000000001,-114.91738000000005,-1.0,8782.742631764486
2024-09-12,-1,2024-09-12 13:55:00,2024-09-12 18:40:50,58,2545.751,2557.2068795,2557.2068795,2518.298831337326,2518.298831337326,1.0918350245221844,sl,0.1,0.7000000000000001,-115.2587949999981,-1.0,8667.483836764488
2024-09-12,-1,2024-09-12 18:50:00,2024-09-12 23:59:55,50,2555.889,2558.521,2567.3905005,2526.8806954277297,2526.8806954277297,1.1471774122427845,session_end,0.1,0.7000000000000001,-27.020000000000618,-0.22883970661045985,8640.463836764486
2024-09-13,-1,2024-09-13 13:00:00,2024-09-13 20:57:55,96,2575.866,2579.166,2587.4573969999997,2566.4897414529914,2566.4897414529914,0.36465209253905906,session_end,0.1,0.7000000000000001,-33.70000000000182,-0.28469389841451126,8606.763836764485
2024-09-17,1,2024-09-17 10:25:00,2024-09-17 11:41:40,16,2572.631,2579.6394142857134,2561.0541605,2580.374302666667,2580.374302666667,-0.30184778458759454,tp,0.1,0.7000000000000001,69.3841428571357,0.6053823485860339,8676.14797962162
2024-09-17,1,2024-09-17 12:40:00,2024-09-17 13:52:45,15,2569.195,2579.262674698794,2557.6336225000005,2579.5272565789455,2579.5272565789455,-0.40301014662402757,tp,0.1,0.7000000000000001,99.9767469879378,0.8708023502211596,8776.124726609558
2024-09-17,1,2024-09-17 15:25:00,2024-09-17 23:59:55,91,2570.805,2574.112,2559.2363775,2578.9525900900894,2578.9525900900894,-0.31544163011562487,session_end,0.1,0.7000000000000001,32.370000000002435,0.2858594443720727,8808.49472660956
2024-09-18,-1,2024-09-18 11:45:00,2024-09-18 13:41:55,24,2579.923,2572.5754136178866,2591.5326534999995,2571.896420803783,2571.896420803783,0.31140753303408714,tp,0.1,0.7000000000000001,72.7758638211315,0.6328859325658034,8881.270590430691
2024-09-18,-1,2024-09-18 18:05:00,2024-09-18 18:22:15,4,2583.05,2594.673725,2594.673725,2572.3301213517666,2572.3301213517666,0.4192066390983535,sl,0.1,0.7000000000000001,-116.93724999999922,-1.0,8764.333340430692
2024-09-18,-1,2024-09-18 18:30:00,2024-09-18 18:50:35,5,2594.374,2573.0425980825953,2606.0486829999995,2572.7514466966963,2572.7514466966963,0.842174370599344,tp,0.1,0.7000000000000001,212.61401917404493,1.827150417480713,8976.947359604737
2024-09-18,1,2024-09-18 19:10:00,2024-09-18 19:46:30,8,2562.786,2551.253463,2551.253463,2573.0510731884056,2573.0510731884056,-0.3983043047686657,sl,0.1,0.7000000000000001,-116.02537000000048,-1.0,8860.921989604736
2024-09-18,1,2024-09-18 19:55:00,2024-09-18 23:59:55,37,2550.493,2559.301,2539.0157815000002,2572.4836820083674,2572.4836820083674,-0.8588269057986413,session_end,0.1,0.7000000000000001,87.37999999999992,0.7674333289028362,8948.301989604737
2024-09-19,-1,2024-09-19 02:50:00,2024-09-19 04:22:30,19,2565.516,2559.8687243589743,2577.060822,2557.7882745098036,2557.7882745098036,0.30198846273452956,tp,0.1,0.7000000000000001,55.77275641025771,0.4891609104952722,9004.074746014994
2024-09-19,-1,2024-09-19 05:30:00,2024-09-19 07:27:35,24,2568.706,2580.265177,2580.265177,2560.8329797979795,2560.8329797979795,0.30687359402253245,sl,0.1,0.7000000000000001,-116.29177000000091,-1.0,8887.782976014994
2024-09-19,-1,2024-09-19 07:35:00,2024-09-19 09:24:00,22,2579.294,2590.900823,2590.900823,2564.8196062271063,2564.8196062271063,0.5640901113578168,sl,0.1,0.7000000000000001,-116.76823000000077,-1.0,8771.014746014993
2024-09-19,-1,2024-09-19 09:30:00,2024-09-19 12:53:15,41,2590.662,2573.751090909092,2602.319979,2568.652631578947,2568.652631578947,0.8585383694912923,tp,0.1,0.7000000000000001,168.4090909090781,1.450586683241384,8939.42383692407
2024-09-19,-1,2024-09-19 13:10:00,2024-09-19 13:44:15,7,2582.217,2574.014028455286,2593.8369764999998,2573.8480084388198,2573.8480084388198,0.3245914884557626,tp,0.1,0.7000000000000001,81.32971544714273,0.7059370167155251,9020.753552371214
2024-09-19,-1,2024-09-19 14:35:00,2024-09-19 23:59:55,101,2583.576,2587.381,2595.202092,2574.157783809525,2574.157783809525,0.3650404124244828,session_end,0.1,0.7000000000000001,-38.749999999998366,-0.32728108464992756,8982.003552371214
2024-09-20,-1,2024-09-20 06:30:00,2024-09-20 08:36:10,26,2599.572,2611.270074,2611.270074,2591.213923076924,2591.213923076924,0.3216861737597525,sl,0.1,0.7000000000000001,-117.68073999999906,-1.0,8864.322812371216
2024-09-20,-1,2024-09-20 08:45:00,2024-09-20 16:00:55,88,2612.356,2624.111602,2624.111602,2595.090700000001,2595.090700000001,0.6666741936996118,sl,0.1,0.7000000000000001,-118.25601999999726,-1.0,8746.066792371219
2024-09-20,-1,2024-09-20 16:10:00,2024-09-20 20:57:55,58,2621.523,2622.196,2633.3198535,2602.9833109965653,2602.9833109965653,0.7127279274154049,session_end,0.1,0.7000000000000001,-7.429999999997745,-0.05704911059544603,8738.63679237122
2024-09-23,-1,2024-09-23 03:25:00,2024-09-23 06:52:20,42,2629.723,2625.157894308943,2641.5567535,2621.2312479674792,2621.2312479674792,0.3232165051858843,tp,0.1,0.7000000000000001,44.95105691056942,0.38576988197843737,8783.58784928179
2024-09-23,1,2024-09-23 07:40:00,2024-09-23 10:14:55,31,2615.572,2623.016953551912,2603.801926,2624.696452898551,2624.696452898551,-0.34739075783340634,tp,0.1,0.7000000000000001,73.74953551912022,0.632532433688353,8857.33738480091
2024-09-23,-1,2024-09-23 13:55:00,2024-09-23 23:59:55,109,2633.948,2626.399,2645.800766,2623.451871257485,2623.451871257485,0.39926895009109903,session_end,0.1,0.7000000000000001,74.78999999999978,0.6368977502803982,8932.12738480091
2024-09-24,-1,2024-09-24 05:00:00,2024-09-24 05:46:10,10,2638.161,2630.946857487923,2650.0327245,2629.951133333334,2629.951133333334,0.31127447817975507,tp,0.1,0.7000000000000001,71.4414251207716,0.6076743536355886,9003.568809921682
2024-09-24,-1,2024-09-24 14:20:00,2024-09-24 16:14:20,23,2638.39,2650.2627549999997,2650.2627549999997,2630.4073565891467,2630.4073565891467,0.3049011929944107,sl,0.1,0.7000000000000001,-119.4275499999987,-1.0,8884.141259921682
2024-09-24,-1,2024-09-24 16:20:00,2024-09-24 19:19:40,36,2648.053,2659.9692385,2659.9692385,2632.0270416666667,2632.0270416666667,0.6104594701716708,sl,0.1,0.7000000000000001,-119.86238499999963,-1.0,8764.278874921683
2024-09-24,-1,2024-09-24 19:25:00,2024-09-24 23:59:55,43,2659.33,2658.302,2671.296985,2635.4995622317597,2635.4995622317597,0.905480619698229,session_end,0.1,0.7000000000000001,9.579999999997927,0.08590300731552607,8773.858874921681
2024-09-25,-1,2024-09-25 03:00:00,2024-09-25 03:23:55,5,2670.172,2660.9134166666663,2682.187774,2660.463194444444,2660.463194444444,0.3673159461841888,tp,0.1,0.7000000000000001,91.88583333333717,0.7705357418784462,8865.744708255019
2024-09-26,-1,2024-09-26 08:30:00,2024-09-26 11:36:25,38,2668.952,2680.962284,2680.962284,2660.926372549019,2660.926372549019,0.3031323051323019,sl,0.1,0.7000000000000001,-120.80283999999956,-1.0,8744.941868255019
2024-09-26,-1,2024-09-26 11:45:00,2024-09-26 13:11:50,18,2682.304,2665.4368459915604,2694.374368,2663.9695520094556,2663.9695520094556,0.6895329556859386,tp,0.1,0.7000000000000001,167.97154008439685,1.397401803196068,8912.913408339415
2024-09-26,-1,2024-09-26 18:20:00,2024-09-26 23:59:55,56,2675.299,2672.7,2687.3378454999997,2666.1258356060584,2666.1258356060584,0.34141915855492705,session_end,0.1,0.7000000000000001,25.2900000000016,0.21588448825929477,8938.203408339417
2024-09-27,1,2024-09-27 09:20:00,2024-09-27 11:11:40,23,2659.333,2667.28725,2647.3660015,2668.0065163690474,2668.0065163690474,-0.324250196390866,tp,0.1,0.7000000000000001,78.84249999999774,0.6646821255973037,9017.045908339414
2024-09-27,1,2024-09-27 14:50:00,2024-09-27 20:57:55,74,2654.188,2658.044,2642.2441540000004,2667.0195674157308,2667.0195674157308,-0.4835010426348627,session_end,0.1,0.7000000000000001,37.85999999999767,0.32284408221605293,9054.905908339413
2024-09-30,1,2024-09-30 01:50:00,2024-09-30 05:04:05,39,2647.99,2656.5479722222226,2636.074045,2661.444333333334,2661.444333333334,-0.504456665321963,tp,0.1,0.7000000000000001,84.87972222222815,0.7181944059223838,9139.78563056164
2024-09-30,1,2024-09-30 10:20:00,2024-09-30 11:02:35,9,2646.508,2634.5987139999997,2634.5987139999997,2655.5978709677424,2655.5978709677424,-0.3420461760060113,sl,0.1,0.7000000000000001,-119.79286000000066,-1.0,9019.99277056164
2024-09-30,1,2024-09-30 11:10:00,2024-09-30 18:26:55,88,2636.667,2624.8019985,2624.8019985,2654.4542064676625,2654.4542064676625,-0.6745155529161907,sl,0.1,0.7000000000000001,-119.35001499999835,-1.0,8900.642755561641
2024-09-30,1,2024-09-30 18:35:00,2024-09-30 23:59:55,53,2628.216,2635.695,2616.389028,2647.2759125560538,2647.2759125560538,-0.7193210373627902,session_end,0.1,0.7000000000000001,74.09000000000269,0.6323681158626544,8974.732755561643
2024-10-01,-1,2024-10-01 09:35:00,2024-10-01 13:33:40,48,2648.772,2660.6914739999997,2660.6914739999997,2640.687488405797,2640.687488405797,0.30692808709053504,sl,0.1,0.7000000000000001,-119.8947399999981,-1.0,8854.838015561645
2024-10-01,-1,2024-10-01 13:40:00,2024-10-01 23:59:55,112,2661.803,2660.459,2673.7811134999997,2643.8235355691068,2643.8235355691068,0.6826085095353562,session_end,0.1,0.7000000000000001,12.74000000000051,0.11220464725101072,8867.578015561647
2024-10-02,1,2024-10-02 05:30:00,2024-10-02 07:58:50,30,2649.537,2655.614859649123,2637.6140835,2657.991583333333,2657.991583333333,-0.31693416134780994,tp,0.1,0.7000000000000001,60.078596491231835,0.5097628293482838,8927.656612052879
2024-10-02,1,2024-10-02 12:30:00,2024-10-02 13:06:25,8,2645.593,2654.0396815286617,2633.6878315,2654.2079766666666,2654.2079766666666,-0.32855287691577817,tp,0.1,0.7000000000000001,83.76681528661884,0.7094970162465086,9011.423427339498
2024-10-02,1,2024-10-02 15:05:00,2024-10-02 18:02:05,36,2645.872,2653.4272183641974,2633.965576,2654.2680313075502,2654.2680313075502,-0.31573794389641935,tp,0.1,0.7000000000000001,74.85218364197571,0.6345497492948098,9086.275610981473
2024-10-03,1,2024-10-03 07:45:00,2024-10-03 12:30:00,58,2646.824,2652.00828,2634.913292,2655.7791523297487,2655.7791523297487,-0.3395482761372703,tp,0.1,0.7000000000000001,51.14279999999944,0.43526211875901866,9137.418410981472
2024-10-03,1,2024-10-03 12:55:00,2024-10-03 14:13:30,16,2643.832,2651.4089274509806,2631.934756,2651.847510752689,2651.847510752689,-0.3043165461047975,tp,0.1,0.7000000000000001,75.06927450980747,0.6368640881014873,9212.48768549128
2024-10-03,-1,2024-10-03 16:40:00,2024-10-03 23:59:55,76,2660.439,2655.902,2672.4109754999995,2651.3549283333327,2651.3549283333327,0.34218623729755226,session_end,0.1,0.7000000000000001,44.66999999999807,0.378968366582436,9257.157685491278
2024-10-04,1,2024-10-04 12:35:00,2024-10-04 14:53:45,28,2641.227,2658.8385898876386,2629.3414785,2660.6657980132427,2660.6657980132427,-0.7302795423518355,tp,0.1,0.7000000000000001,175.4158988763873,1.4817683757198978,9432.573584367665
2024-10-04,-1,2024-10-04 15:10:00,2024-10-04 15:26:50,4,2666.939,2658.99715225225,2678.9402254999995,2658.889510989009,2658.889510989009,0.3050893607073532,tp,0.1,0.7000000000000001,78.71847747749761,0.6617530641141578,9511.292061845163
2024-10-04,1,2024-10-04 15:45:00,2024-10-04 20:57:55,63,2649.803,2653.58,2637.8788865,2658.9312160493805,2658.9312160493805,-0.3451279970685062,session_end,0.1,0.7000000000000001,37.070000000000434,0.316753107054887,9548.362061845162
2024-10-07,-1,2024-10-07 08:10:00,2024-10-07 12:25:15,52,2654.901,2649.7392315436236,2666.8480544999998,2646.739918367346,2646.739918367346,0.3097237312879114,tp,0.1,0.7000000000000001,50.91768456376194,0.4320536460577984,9599.279746408925
2024-10-07,1,2024-10-07 12:50:00,2024-10-07 13:12:35,5,2641.132,2649.400419831223,2629.2469060000003,2649.598112554112,2649.598112554112,-0.32158131883246904,tp,0.1,0.7000000000000001,81.98419831223127,0.695696629006325,9681.263944721155
2024-10-07,1,2024-10-07 15:00:00,2024-10-07 15:34:35,7,2640.92,2648.7256075268815,2629.0358600000004,2648.9190629629625,2648.9190629629625,-0.30150271764170733,tp,0.1,0.7000000000000001,77.35607526881431,0.6568087827038097,9758.62001998997
2024-10-08,1,2024-10-08 07:05:00,2024-10-08 09:48:40,33,2632.311,2640.4097934472934,2620.4656005,2641.9422215686272,2641.9422215686272,-0.3659702127356252,tp,0.1,0.7000000000000001,80.28793447293246,0.6837079194579513,9838.907954462902
2024-10-08,-1,2024-10-08 11:25:00,2024-10-08 12:32:05,14,2649.866,2641.703873333332,2661.7903969999998,2640.8779403892927,2640.8779403892927,0.34149854004148766,tp,0.1,0.7000000000000001,80.92126666667973,0.6844896783181682,9919.829221129583
2024-10-08,1,2024-10-08 14:20:00,2024-10-08 14:36:45,4,2632.621,2620.7742055000003,2620.7742055000003,2641.6618062015496,2641.6618062015496,-0.34203114798185047,sl,0.1,0.7000000000000001,-119.1679449999976,-1.0,9800.661276129586
2024-10-08,1,2024-10-08 14:45:00,2024-10-08 15:07:45,5,2625.104,2613.291032,2613.291032,2641.250989642184,2641.250989642184,-0.612379880049754,sl,0.1,0.7000000000000001,-118.82967999999728,-1.0,9681.831596129588
2024-10-08,1,2024-10-08 15:15:00,2024-10-08 23:59:55,93,2612.544,2621.929,2600.787552,2640.544620218578,2640.544620218578,-1.0623990219205544,session_end,0.1,0.7000000000000001,93.15000000000218,0.798285332440559,9774.98159612959
2024-10-09,1,2024-10-09 07:10:00,2024-10-09 09:25:30,28,2610.621,2617.726234513274,2598.8732055,2618.7552480620147,2618.7552480620147,-0.3104432179384074,tp,0.1,0.7000000000000001,70.35234513273899,0.6048143345777683,9845.333941262328
2024-10-09,1,2024-10-09 13:40:00,2024-10-09 15:16:25,20,2609.364,2617.002765027322,2597.621862,2617.8042347560972,2617.8042347560972,-0.32484227212999545,tp,0.1,0.7000000000000001,75.68765027321824,0.6505429443361831,9921.021591535547
2024-10-09,1,2024-10-09 17:05:00,2024-10-09 23:59:55,71,2607.673,2608.538,2595.9384715,2616.5285609756093,2616.5285609756093,-0.3377016825803153,session_end,0.1,0.7000000000000001,7.9500000000023645,0.0737140823340504,9928.97159153555
2024-10-10,-1,2024-10-10 12:50:00,2024-10-10 23:59:55,122,2624.704,2633.248,2636.515168,2613.7559729437216,2613.7559729437216,0.4214443570978066,session_end,0.1,0.7000000000000001,-86.1399999999987,-0.7233831573642902,9842.83159153555
2024-10-11,-1,2024-10-11 12:35:00,2024-10-11 12:47:20,3,2648.87,2640.8628888888875,2660.789915,2640.8217615894023,2640.8217615894023,0.3041378455531928,tp,0.1,0.7000000000000001,79.37111111112408,0.6717422994301926,9922.202702646675
2024-10-11,-1,2024-10-11 13:20:00,2024-10-11 16:29:10,38,2649.62,2661.5432899999996,2661.5432899999996,2641.030013541665,2641.030013541665,0.32761787688780103,sl,0.1,0.7000000000000001,-119.93289999999725,-1.0,9802.269802646677
2024-10-11,-1,2024-10-11 16:35:00,2024-10-11 20:57:55,53,2660.236,2656.962,2672.207062,2643.6664103852586,2643.6664103852586,0.6282596605038654,session_end,0.1,0.7000000000000001,32.03999999999887,0.2734928613685124,9834.309802646676
2024-10-14,-1,2024-10-14 03:15:00,2024-10-14 10:55:25,93,2656.199,2656.1799147582697,2668.1518955,2648.0408675213666,2648.0408675213666,0.30681673301508716,tp,0.1,0.7000000000000001,-0.5091475826959141,0.0015967044746947288,9833.80065506398
2024-10-14,1,2024-10-14 14:55:00,2024-10-14 23:59:55,97,2647.051,2649.418,2635.1392705000003,2655.2819283054,2655.2819283054,-0.31433303621836706,session_end,0.1,0.7000000000000001,22.970000000001892,0.19871169841459724,9856.770655063981
2024-10-15,1,2024-10-15 05:30:00,2024-10-15 06:33:15,13,2639.521,2646.7745769230773,2627.6431555000004,2647.564762626263,2647.564762626263,-0.30357189896613807,tp,0.1,0.7000000000000001,71.83576923077162,0.6106812497063148,9928.606424294754
2024-10-15,-1,2024-10-15 14:25:00,2024-10-15 23:59:55,103,2659.553,2660.598,2671.5209885,2649.6915154142594,2649.6915154142594,0.3738165189464225,session_end,0.1,0.7000000000000001,-11.150000000000727,-0.08731626037241502,9917.456424294753
2024-10-16,-1,2024-10-16 06:20:00,2024-10-16 13:59:05,92,2675.187,2672.511136726546,2687.2253414999996,2665.8462456140346,2665.8462456140346,0.3527680713558696,tp,0.1,0.7000000000000001,26.058632734540698,0.22227839885204662,9943.515057029294
2024-10-16,-1,2024-10-16 14:20:00,2024-10-16 14:43:55,5,2680.829,2672.7670946969683,2692.8927305,2672.642005813952,2672.642005813952,0.30653167046788715,tp,0.1,0.7000000000000001,79.91905303031835,0.6682763099715981,10023.434110059612
2024-10-17,-1,2024-10-17 14:15:00,2024-10-17 23:59:55,105,2690.104,2693.804,2702.2094679999996,2681.3137465886953,2681.3137465886953,0.3271811597007706,session_end,0.1,0.7000000000000001,-37.70000000000273,-0.30564700183424137,9985.73411005961
2024-10-18,-1,2024-10-18 01:45:00,2024-10-18 06:24:05,56,2704.774,2705.8462105263166,2716.945483,2696.4344523809523,2696.4344523809523,0.3117838674559395,tp,0.1,0.7000000000000001,-11.422105263166667,-0.08809202020137231,9974.312004796442
2024-10-18,-1,2024-10-18 12:35:00,2024-10-18 13:06:25,7,2716.427,2707.403508492569,2728.6509215,2707.1986390728475,2707.1986390728475,0.3401250574766099,tp,0.1,0.7000000000000001,89.53491507431117,0.7381830378599165,10063.846919870753
2024-10-18,-1,2024-10-18 14:20:00,2024-10-18 20:57:55,80,2716.866,2721.877,2729.091897,2707.719587209302,2707.719587209302,0.3370331563802687,session_end,0.1,0.7000000000000001,-50.809999999999675,-0.4098676767847829,10013.036919870754
2024-10-21,-1,2024-10-21 11:45:00,2024-10-21 14:35:45,35,2737.809,2731.045652380953,2750.1291405,2729.5959728132384,2729.5959728132384,0.3002835316434733,tp,0.1,0.7000000000000001,66.93347619047181,0.5489667604884207,10079.970396061226
2024-10-21,1,2024-10-21 15:10:00,2024-10-21 23:59:55,94,2720.381,2721.545,2708.1392855,2730.8515705128207,2730.8515705128207,-0.3829600490097908,session_end,0.1,0.7000000000000001,10.940000000002147,0.09508472036332982,10090.910396061228
2024-10-22,-1,2024-10-22 14:55:00,2024-10-22 23:59:55,97,2742.737,2746.65,2755.0793165,2733.2244581005593,2733.2244581005593,0.34728365873167666,session_end,0.1,0.7000000000000001,-39.83000000000011,-0.3170393499469921,10051.080396061228
2024-10-23,-1,2024-10-23 05:50:00,2024-10-23 12:08:10,76,2752.925,2748.7342620689647,2765.3131625,2744.6407333333336,2744.6407333333336,0.3012695456364449,tp,0.1,0.7000000000000001,41.20737931035528,0.33828567642986274,10092.287775371584
2024-10-23,1,2024-10-23 13:10:00,2024-10-23 14:13:00,13,2739.301,2726.9741455,2726.9741455,2748.38721835443,2748.38721835443,-0.33276673291712355,sl,0.1,0.7000000000000001,-123.96854500000082,-1.0,9968.319230371582
2024-10-23,1,2024-10-23 14:20:00,2024-10-23 15:13:00,11,2725.167,2712.9037485,2712.9037485,2747.3264699612396,2747.3264699612396,-0.8074384389254042,sl,0.1,0.7000000000000001,-123.33251500000024,-1.0,9844.986715371582
2024-10-23,1,2024-10-23 15:20:00,2024-10-23 23:59:55,92,2713.643,2721.32,2701.4316065000003,2745.5100932971004,2745.5100932971004,-1.1606073995100101,session_end,0.1,0.7000000000000001,76.07000000000134,0.6286751794543585,9921.056715371584
2024-10-24,-1,2024-10-24 06:30:00,2024-10-24 13:52:20,89,2733.188,2731.103173694778,2745.487346,2724.207087606837,2724.207087606837,0.3314877357982466,tp,0.1,0.7000000000000001,20.14826305222123,0.16950708641111153,9941.204978423804
2024-10-25,1,2024-10-25 08:40:00,2024-10-25 11:32:25,35,2719.951,2726.517316425121,2707.7112205000003,2728.533400641026,2728.533400641026,-0.31401120613048306,tp,0.1,0.7000000000000001,64.9631642512093,0.5364734246332693,10006.168142675015
2024-10-25,-1,2024-10-25 14:15:00,2024-10-25 20:57:55,81,2737.656,2747.121,2749.9754519999997,2726.868728070175,2726.868728070175,0.3978105663158152,session_end,0.1,0.7000000000000001,-95.35000000000146,-0.7682971612698645,9910.818142675012
2024-10-28,-1,2024-10-28 06:15:00,2024-10-28 08:33:55,28,2741.681,2734.88948366013,2754.0185644999997,2732.7923933333327,2732.7923933333327,0.32487307445401525,tp,0.1,0.7000000000000001,67.21516339870213,0.550474637021789,9978.033306073716
2024-10-28,-1,2024-10-28 13:40:00,2024-10-28 23:59:55,112,2742.624,2744.525,2754.9658079999995,2734.1106788617867,2734.1106788617867,0.31391637524295984,session_end,0.1,0.7000000000000001,-19.710000000002946,-0.15402929619390812,9958.323306073711
2024-10-29,-1,2024-10-29 02:15:00,2024-10-29 03:16:00,13,2757.335,2749.853371794871,2769.7430074999997,2748.2433888888886,2748.2433888888886,0.3305788398452064,tp,0.1,0.7000000000000001,74.11628205129254,0.6029677371753223,10032.439588125004
2024-10-29,-1,2024-10-29 13:45:00,2024-10-29 18:31:55,58,2760.65,2773.072925,2773.072925,2751.928681818183,2751.928681818183,0.3160626305210274,sl,0.1,0.7000000000000001,-124.9292499999985,-1.0,9907.510338125006
2024-10-29,-1,2024-10-29 18:40:00,2024-10-29 23:59:55,52,2772.448,2775.014,2784.924016,2756.051299107143,2756.051299107143,0.5949163899151205,session_end,0.1,0.7000000000000001,-26.360000000002582,-0.20567463202998806,9881.150338125004
2024-10-30,1,2024-10-30 13:50:00,2024-10-30 14:44:00,11,2772.708,2780.9253181818162,2760.230814,2781.110859437749,2781.110859437749,-0.30176285167738703,tp,0.1,0.7000000000000001,81.47318181816154,0.6585874556824035,9962.623519943165
2024-10-31,1,2024-10-31 10:15:00,2024-10-31 13:43:05,42,2775.277,2762.7882535000003,2762.7882535000003,2783.7799186991856,2783.7799186991856,-0.3066843984985244,sl,0.1,0.7000000000000001,-125.58746499999707,-1.0,9837.036054943168
2024-10-31,1,2024-10-31 13:50:00,2024-10-31 14:34:25,9,2759.164,2746.7477620000004,2746.7477620000004,2781.6752178714846,2781.6752178714846,-0.8123780133029291,sl,0.1,0.7000000000000001,-124.86237999999794,-1.0,9712.17367494317
2024-10-31,1,2024-10-31 14:40:00,2024-10-31 23:59:55,100,2743.07,2746.752,2730.7261850000004,2779.997451704544,2779.997451704544,-1.3275534364938055,session_end,0.1,0.7000000000000001,36.11999999999789,0.2982870368682512,9748.293674943168
2024-11-01,-1,2024-11-01 13:05:00,2024-11-01 14:23:50,16,2759.865,2751.4579670542635,2772.2843924999997,2750.9001220806795,2750.9001220806795,0.328633447894227,tp,0.1,0.7000000000000001,83.37032945736318,0.6769278727390529,9831.66400440053
2024-11-01,1,2024-11-01 14:45:00,2024-11-01 20:57:55,75,2739.874,2736.752,2727.544567,2751.3784378531072,2751.3784378531072,-0.41793370533498203,session_end,0.1,0.7000000000000001,-31.919999999998435,-0.25321521273523884,9799.744004400533
2024-11-05,-1,2024-11-05 09:15:00,2024-11-05 10:25:40,15,2744.659,2735.732372000001,2757.0099655,2735.1270195195207,2735.1270195195207,0.3489593138587007,tp,0.1,0.7000000000000001,88.56627999999255,0.7227473835951852,9888.310284400524
2024-11-05,-1,2024-11-05 13:50:00,2024-11-05 15:09:50,16,2745.562,2737.5400294659307,2757.9170289999997,2736.8257259036154,2736.8257259036154,0.3209475127790416,tp,0.1,0.7000000000000001,79.51970534069169,0.6492878757362106,9967.829989741216
2024-11-06,-1,2024-11-06 01:55:00,2024-11-06 02:33:20,8,2749.613,2742.0440000000012,2761.9862584999996,2740.811007246377,2740.811007246377,0.3209084001183859,tp,0.1,0.7000000000000001,74.98999999998595,0.6117224496682683,10042.819989741203
2024-11-06,1,2024-11-06 03:30:00,2024-11-06 04:40:50,15,2731.564,2740.105910714286,2719.271962,2741.4623333333343,2741.4623333333343,-0.3602760910935061,tp,0.1,0.7000000000000001,84.71910714286132,0.6949141154856582,10127.539096884064
2024-11-06,1,2024-11-06 06:25:00,2024-11-06 06:29:50,1,2728.615,2716.3362325,2716.3362325,2739.7811861471864,2739.7811861471864,-0.4073203438147378,sl,0.1,0.7000000000000001,-123.48767499999958,-1.0,10004.051421884065
2024-11-06,1,2024-11-06 06:35:00,2024-11-06 11:56:25,65,2709.518,2697.325169,2697.325169,2739.2026286919836,2739.2026286919836,-1.0818888818800076,sl,0.1,0.7000000000000001,-122.62830999999842,-1.0,9881.423111884065
2024-11-06,1,2024-11-06 12:05:00,2024-11-06 12:34:20,6,2706.12,2693.94246,2693.94246,2730.7538701149424,2730.7538701149424,-0.9013397503271287,sl,0.1,0.7000000000000001,-122.47539999999681,-1.0,9758.94771188407
2024-11-06,1,2024-11-06 12:40:00,2024-11-06 13:01:00,5,2701.298,2689.142159,2689.142159,2729.45459868421,2729.45459868421,-1.0310887273148674,sl,0.1,0.7000000000000001,-122.25840999999782,-1.0,9636.689301884071
2024-11-06,1,2024-11-06 13:10:00,2024-11-06 13:31:15,5,2682.772,2670.699526,2670.699526,2728.1416561181427,2728.1416561181427,-1.6653884528412175,sl,0.1,0.7000000000000001,-121.42474000000057,-1.0,9515.26456188407
2024-11-06,1,2024-11-06 13:40:00,2024-11-06 23:59:55,112,2662.038,2664.109,2650.058829,2726.2382398373975,2726.2382398373975,-2.356791086652416,session_end,0.1,0.7000000000000001,20.009999999999128,0.1728834157221665,9535.27456188407
2024-11-07,1,2024-11-07 01:20:00,2024-11-07 02:17:25,12,2650.585,2657.2760432098767,2638.6573675,2661.8576875,2661.8576875,-0.4258374725752444,tp,0.1,0.7000000000000001,66.21043209876625,0.5609699334613625,9601.484993982836
2024-11-07,-1,2024-11-07 07:35:00,2024-11-07 08:54:50,16,2666.214,2658.408169811321,2678.2119629999997,2657.564932234433,2657.564932234433,0.3277273740304887,tp,0.1,0.7000000000000001,77.3583018867901,0.6505962877764451,9678.843295869627
2024-11-07,-1,2024-11-07 10:25:00,2024-11-07 13:22:25,36,2667.745,2679.7498524999996,2679.7498524999996,2659.042910666667,2659.042910666667,0.3270571263986216,sl,0.1,0.7000000000000001,-120.74852499999743,-1.0,9558.09477086963
2024-11-07,-1,2024-11-07 13:30:00,2024-11-07 14:41:00,15,2681.521,2693.5878445,2693.5878445,2661.249755144033,2661.249755144033,0.7626020375103318,sl,0.1,0.7000000000000001,-121.36844499999661,-1.0,9436.726325869633
2024-11-07,-1,2024-11-07 14:50:00,2024-11-07 20:10:55,65,2691.19,2703.300355,2703.300355,2663.494511235956,2663.494511235956,1.0409628646532676,sl,0.1,0.7000000000000001,-121.803549999998,-1.0,9314.922775869634
2024-11-07,-1,2024-11-07 20:20:00,2024-11-07 23:59:55,32,2707.473,2706.965,2719.6566285,2672.3629685792366,2672.3629685792366,1.313202279532451,session_end,0.1,0.7000000000000001,4.379999999998108,0.04169529627399697,9319.302775869632
2024-11-08,1,2024-11-08 06:20:00,2024-11-08 11:42:45,65,2689.987,2693.474383333333,2677.8820585000003,2698.731934210525,2698.731934210525,-0.3233160767068825,tp,0.1,0.7000000000000001,34.173833333331274,0.2880958436133867,9353.476609202964
2024-11-08,-1,2024-11-08 14:10:00,2024-11-08 14:39:45,6,2702.806,2693.4960866666656,2714.9686269999997,2693.332711764705,2693.332711764705,0.35360608044056996,tp,0.1,0.7000000000000001,92.39913333334407,0.7654525073682383,9445.875742536307
2024-11-08,1,2024-11-08 17:00:00,2024-11-08 21:57:55,60,2683.483,2684.819,2671.4073265,2692.768830065358,2692.768830065358,-0.3467185879870568,session_end,0.1,0.7000000000000001,12.659999999997854,0.11063565108809757,9458.535742536305
2024-11-11,1,2024-11-11 02:35:00,2024-11-11 06:22:10,46,2669.617,2673.684521929825,2657.6037235000003,2678.6515752688174,2678.6515752688174,-0.33748604530285714,tp,0.1,0.7000000000000001,39.97521929825034,0.33858555822177955,9498.510961834556
2024-11-11,1,2024-11-11 11:00:00,2024-11-11 13:31:45,31,2662.043,2650.0638065000003,2650.0638065000003,2672.0872626262626,2672.0872626262626,-0.3750911419117267,sl,0.1,0.7000000000000001,-120.49193499999838,-1.0,9378.019026834558
2024-11-11,1,2024-11-11 13:40:00,2024-11-11 14:10:05,7,2640.72,2628.83676,2628.83676,2669.6663567073165,2669.6663567073165,-1.0866098167823057,sl,0.1,0.7000000000000001,-119.5323999999966,-1.0,9258.486626834561
2024-11-11,1,2024-11-11 14:20:00,2024-11-11 14:34:50,3,2634.447,2622.5919885000003,2622.5919885000003,2668.04619864341,2668.04619864341,-1.2609488793903105,sl,0.1,0.7000000000000001,-119.25011499999819,-1.0,9139.236511834562
2024-11-11,1,2024-11-11 14:40:00,2024-11-11 23:59:55,100,2621.88,2624.099,2610.08154,2667.1141278409086,2667.1141278409086,-1.6957889941335933,session_end,0.1,0.7000000000000001,21.49000000000051,0.18807539289026323,9160.726511834564
2024-11-12,1,2024-11-12 05:25:00,2024-11-12 07:24:50,24,2612.119,2600.3644645000004,2600.3644645000004,2621.2534230769224,2621.2534230769224,-0.34948635627032487,sl,0.1,0.7000000000000001,-118.24535499999747,-1.0,9042.481156834565
2024-11-12,1,2024-11-12 07:30:00,2024-11-12 09:08:20,20,2604.446,2592.725993,2592.725993,2617.3900740740733,2617.3900740740733,-0.4970437613765042,sl,0.1,0.7000000000000001,-117.90006999999896,-1.0,8924.581086834567
2024-11-12,1,2024-11-12 09:15:00,2024-11-12 13:08:50,47,2594.33,2609.2304511677266,2582.655515,2614.2177882882875,2614.2177882882875,-0.7597411500015911,tp,0.1,0.7000000000000001,148.30451167726716,1.2763262077707676,9072.885598511833
2024-11-12,1,2024-11-12 15:40:00,2024-11-12 23:59:55,88,2598.98,2599.017,2587.28459,2609.311684397161,2609.311684397161,-0.3948621568964302,session_end,0.1,0.7000000000000001,-0.3300000000019282,0.003163634280440599,9072.555598511832
2024-11-13,-1,2024-11-13 01:20:00,2024-11-13 04:57:50,44,2608.235,2606.856183615819,2619.9720575,2600.259270833333,2600.259270833333,0.30593984438010946,tp,0.1,0.7000000000000001,13.088163841809365,0.11747547323346907,9085.64376235364
2024-11-13,-1,2024-11-13 14:15:00,2024-11-13 14:37:15,5,2615.683,2607.900635238096,2627.4535735,2607.770332358675,2607.770332358675,0.3053247267416854,tp,0.1,0.7000000000000001,77.12364761903864,0.6611712472551905,9162.76740997268
2024-11-13,1,2024-11-13 15:10:00,2024-11-13 16:55:10,22,2598.741,2587.0466655,2587.0466655,2607.7550989010992,2607.7550989010992,-0.34426541452769993,sl,0.1,0.7000000000000001,-117.64334499999968,-1.0,9045.12406497268
2024-11-13,1,2024-11-13 17:05:00,2024-11-13 23:01:05,60,2583.912,2572.284396,2572.284396,2606.5671048780487,2606.5671048780487,-0.8681382050629066,sl,0.1,0.7000000000000001,-116.97603999999792,-1.0,8928.148024972681
2024-11-14,1,2024-11-14 02:40:00,2024-11-14 04:57:45,28,2559.123,2565.0770649717515,2547.6069465,2568.0455624999995,2568.0455624999995,-0.34723147557081957,tp,0.1,0.7000000000000001,58.840649717514495,0.5170230384698586,8986.988674690196
2024-11-14,1,2024-11-14 05:40:00,2024-11-14 09:35:55,48,2556.664,2545.1590120000005,2545.1590120000005,2564.5907205882354,2564.5907205882354,-0.31070145127904847,sl,0.1,0.7000000000000001,-115.74987999999685,-1.0,8871.2387946902
2024-11-14,1,2024-11-14 09:45:00,2024-11-14 13:38:30,47,2543.855,2557.5986411042945,2532.4076525,2560.7904287749293,2560.7904287749293,-0.6634251902861372,tp,0.1,0.7000000000000001,136.73641104294512,1.2005961297404955,9007.975205733144
2024-11-14,-1,2024-11-14 15:10:00,2024-11-14 23:59:55,94,2566.938,2566.997,2578.489221,2557.8481190476186,2557.8481190476186,0.3550398823430878,session_end,0.1,0.7000000000000001,-1.2899999999974172,-0.0051076851529152775,9006.685205733147
2024-11-15,1,2024-11-15 06:10:00,2024-11-15 08:02:10,23,2557.535,2565.942357638888,2546.0260925,2567.3627792792786,2567.3627792792786,-0.3818423854392057,tp,0.1,0.7000000000000001,83.37357638888243,0.7305087506253904,9090.058782122029
2024-11-15,-1,2024-11-15 15:10:00,2024-11-15 15:33:35,5,2575.096,2567.169413978493,2586.683932,2567.0766446886437,2567.0766446886437,0.31393123099891246,tp,0.1,0.7000000000000001,78.56586021506864,0.6840380165768082,9168.624642337098
2024-11-18,-1,2024-11-18 01:25:00,2024-11-18 05:32:15,50,2589.611,2586.904060606061,2601.2642494999996,2575.129245098039,2575.129245098039,0.5646029196257748,tp,0.1,0.7000000000000001,26.36939393938683,0.2322905206774092,9194.994036276485
2024-11-18,-1,2024-11-18 09:50:00,2024-11-18 14:13:30,53,2595.61,2607.290245,2607.290245,2586.5804124293786,2586.5804124293786,0.34984752560320653,sl,0.1,0.7000000000000001,-117.50245000000014,-1.0,9077.491586276485
2024-11-18,-1,2024-11-18 14:20:00,2024-11-18 23:59:55,104,2606.326,2612.803,2618.054467,2589.3786492248064,2589.3786492248064,0.656561016299537,session_end,0.1,0.7000000000000001,-65.46999999999862,-0.5522460863811026,9012.021586276485
2024-11-19,-1,2024-11-19 02:45:00,2024-11-19 07:07:55,53,2623.352,2620.0887274509805,2635.157084,2615.270570707072,2615.270570707072,0.3083401535294287,tp,0.1,0.7000000000000001,31.93272549019348,0.276429422189569,9043.95431176668
2024-11-19,-1,2024-11-19 09:20:00,2024-11-19 14:19:25,60,2629.82,2625.071153996101,2641.65419,2620.4831666666664,2620.4831666666664,0.35872519438050804,tp,0.1,0.7000000000000001,46.78846003898961,0.40128187935963067,9090.74277180567
2024-11-19,-1,2024-11-19 20:55:00,2024-11-19 23:59:55,25,2634.108,2635.265,2645.961486,2626.1251261620196,2626.1251261620196,0.3029700968441133,session_end,0.1,0.7000000000000001,-12.26999999999698,-0.09760841662947933,9078.472771805671
2024-11-20,1,2024-11-20 06:20:00,2024-11-20 12:44:50,77,2629.769,2631.6812774122823,2617.9350395,2638.142837719299,2638.142837719299,-0.3164096196745513,tp,0.1,0.7000000000000001,18.422774122824922,0.16159234368600006,9096.895545928497
2024-11-20,-1,2024-11-20 14:25:00,2024-11-20 17:06:20,33,2640.76,2652.64342,2652.64342,2632.133806358383,2632.133806358383,0.3262255748881253,sl,0.1,0.7000000000000001,-119.5341999999966,-1.0,8977.3613459285
2024-11-20,-1,2024-11-20 17:15:00,2024-11-20 23:59:55,69,2654.564,2652.223,2666.509538,2634.540859903384,2634.540859903384,0.7644459193301153,session_end,0.1,0.7000000000000001,22.709999999998946,0.19597275568500186,9000.0713459285
2024-11-21,-1,2024-11-21 08:25:00,2024-11-21 13:00:20,56,2665.936,2661.2565886752136,2677.932712,2657.4825049504952,2657.4825049504952,0.3170668116839297,tp,0.1,0.7000000000000001,46.09411324786542,0.39005781957478636,9046.165459176365
2024-11-21,-1,2024-11-21 14:20:00,2024-11-21 14:52:55,7,2670.975,2661.922122659176,2682.9943875,2661.70289244186,2661.70289244186,0.3505878730731975,tp,0.1,0.7000000000000001,89.82877340824125,0.7531895731645335,9135.994232584606
2024-11-21,-1,2024-11-21 17:55:00,2024-11-21 23:59:55,61,2671.401,2669.258,2683.4223045,2662.7298565891474,2662.7298565891474,0.3278080722027648,session_end,0.1,0.7000000000000001,20.73000000000029,0.17826684283723299,9156.724232584605
2024-11-22,-1,2024-11-22 02:40:00,2024-11-22 07:48:30,62,2684.608,2696.688736,2696.688736,2676.0239010416662,2676.0239010416662,0.32255313396018886,sl,0.1,0.7000000000000001,-121.50735999999888,-1.0,9035.216872584608
2024-11-22,-1,2024-11-22 07:55:00,2024-11-22 11:06:25,39,2698.051,2710.1922295,2710.1922295,2684.1217017543863,2684.1217017543863,0.5155056209474201,sl,0.1,0.7000000000000001,-122.11229500000009,-1.0,8913.104577584607
2024-11-22,-1,2024-11-22 11:15:00,2024-11-22 13:29:25,27,2706.098,2691.1397722567276,2718.275441,2689.3132938271606,2689.3132938271606,0.623475376086735,tp,0.1,0.7000000000000001,148.88227743272347,1.2283555915625106,9061.98685501733
2024-11-22,-1,2024-11-22 15:35:00,2024-11-22 21:45:50,75,2700.749,2712.9023704999995,2712.9023704999995,2691.433110516933,2691.433110516933,0.348156134605447,sl,0.1,0.7000000000000001,-122.2337049999971,-1.0,8939.753150017334
2024-11-25,1,2024-11-25 01:05:00,2024-11-25 03:19:00,27,2704.057,2691.8887435,2691.8887435,2714.795423076923,2714.795423076923,-0.3972646699359383,sl,0.1,0.7000000000000001,-122.38256499999643,-1.0,8817.370585017337
2024-11-25,1,2024-11-25 03:25:00,2024-11-25 03:28:15,1,2686.615,2674.5252325,2674.5252325,2703.9017845528456,2703.9017845528456,-0.6410101377151843,sl,0.1,0.7000000000000001,-121.59767499999653,-1.0,8695.77291001734
2024-11-25,1,2024-11-25 03:35:00,2024-11-25 05:50:00,28,2671.477,2659.4553535,2659.4553535,2702.3944844961243,2702.3944844961243,-1.1460201193349724,sl,0.1,0.7000000000000001,-120.91646499999861,-1.0,8574.856445017342
2024-11-25,1,2024-11-25 06:00:00,2024-11-25 11:08:20,62,2664.809,2680.6771867167918,2652.8173595000003,2689.521439814816,2689.521439814816,-0.9213884465826131,tp,0.1,0.7000000000000001,157.9818671679157,1.3232707165288768,8732.838312185257
2024-11-25,1,2024-11-25 14:10:00,2024-11-25 14:15:35,2,2667.312,2655.309096,2655.309096,2681.1222411764716,2681.1222411764716,-0.5182061810943334,sl,0.1,0.7000000000000001,-120.72903999999944,-1.0,8612.109272185258
2024-11-25,1,2024-11-25 14:25:00,2024-11-25 15:54:10,18,2640.804,2628.9203820000002,2628.9203820000002,2680.6499181117542,2680.6499181117542,-1.488684435894718,sl,0.1,0.7000000000000001,-119.53617999999842,-1.0,8492.57309218526
2024-11-25,1,2024-11-25 16:00:00,2024-11-25 18:23:10,29,2628.533,2616.7046015,2616.7046015,2676.261479166668,2676.261479166668,-1.785250788781097,sl,0.1,0.7000000000000001,-118.98398499999821,-1.0,8373.58910718526
2024-11-25,1,2024-11-25 18:30:00,2024-11-25 23:43:05,51,2617.881,2606.1005355,2606.1005355,2669.8782987987993,2669.8782987987993,-1.9466355010332281,sl,0.1,0.7000000000000001,-118.50464499999653,-1.0,8255.084462185265
2024-11-26,-1,2024-11-26 01:20:00,2024-11-26 03:02:30,21,2628.576,2624.355791666667,2640.404592,2619.783020833333,2619.783020833333,0.3377561842450721,tp,0.1,0.7000000000000001,41.502083333331754,0.35678027725812433,8296.586545518596
2024-11-26,1,2024-11-26 07:30:00,2024-11-26 09:16:40,22,2616.215,2622.970882882884,2604.4420325,2624.8230240740745,2624.8230240740745,-0.3272801249945149,tp,0.1,0.7000000000000001,66.85882882883725,0.573847068114619,8363.445374347433
2024-11-26,-1,2024-11-26 10:35:00,2024-11-26 13:52:20,40,2631.887,2625.4604939759033,2643.7304915,2623.3597362204723,2623.3597362204723,0.32747181642364054,tp,0.1,0.7000000000000001,63.56506024096852,0.5426192119187961,8427.010434588401
2024-11-26,-1,2024-11-26 14:25:00,2024-11-26 14:32:20,2,2633.546,2625.668250957853,2645.3969569999995,2625.6396368015403,2625.6396368015403,0.3019021760395053,tp,0.1,0.7000000000000001,78.0774904214666,0.6647352650209508,8505.087925009868
2024-11-27,-1,2024-11-27 02:45:00,2024-11-27 08:54:35,74,2639.873,2651.7524285,2651.7524285,2631.5878838383837,2631.5878838383837,0.3146623455925918,sl,0.1,0.7000000000000001,-119.49428499999904,-1.0,8385.593640009869
2024-11-27,-1,2024-11-27 09:00:00,2024-11-27 15:03:00,73,2653.548,2643.7776833333332,2665.4889659999994,2639.2312808641977,2639.2312808641977,0.5414159509023186,tp,0.1,0.7000000000000001,97.00316666666531,0.8182182803859258,8482.596806676534
2024-11-27,1,2024-11-27 19:45:00,2024-11-27 23:59:55,39,2634.777,2637.23,2622.9205035,2642.8188769338963,2642.8188769338963,-0.30385649973914064,session_end,0.1,0.7000000000000001,23.829999999999746,0.20689079611333452,8506.426806676534
2024-11-28,1,2024-11-28 01:10:00,2024-11-28 03:21:35,27,2626.014,2630.150908333333,2614.196937,2635.9332142857143,2635.9332142857143,-0.3738984824160135,tp,0.1,0.7000000000000001,40.6690833333294,0.3500792314751096,8547.095890009863
2024-11-28,-1,2024-11-28 08:45:00,2024-11-28 15:32:30,82,2640.902,2638.266647849462,2652.786059,2632.632576190476,2632.632576190476,0.31644840548084063,tp,0.1,0.7000000000000001,25.653521505379832,0.2217552227347565,8572.749411515244
2024-11-29,-1,2024-11-29 02:10:00,2024-11-29 04:40:55,31,2651.494,2663.425723,2663.425723,2641.002576923077,2641.002576923077,0.39700540879966784,sl,0.1,0.7000000000000001,-120.01722999999693,-1.0,8452.732181515246
2024-11-29,-1,2024-11-29 04:50:00,2024-11-29 08:44:15,47,2660.575,2655.585913461538,2672.5475874999997,2650.818787356321,2650.818787356321,0.3701766673181444,tp,0.1,0.7000000000000001,49.190865384618334,0.41670913146066946,8501.923046899865
2024-11-29,-1,2024-11-29 10:00:00,2024-11-29 13:16:40,40,2664.22,2657.555411949685,2676.2089899999996,2656.099569444443,2656.099569444443,0.3080807154104021,tp,0.1,0.7000000000000001,65.94588050314705,0.555892368774584,8567.868927403011
2024-12-02,1,2024-12-02 00:45:00,2024-12-02 01:45:05,13,2633.001,2637.2246746031747,2621.1524955000004,2643.250759259259,2643.250759259259,-0.39005982399297,tp,0.1,0.7000000000000001,41.536746031744585,0.3564732243781942,8609.405673434756
2024-12-02,1,2024-12-02 03:00:00,2024-12-02 07:26:20,54,2626.882,2630.141960674157,2615.061031,2635.1807500000004,2635.1807500000004,-0.31691374491106983,tp,0.1,0.7000000000000001,31.899606741569006,0.2757777872657423,8641.305280176326
2024-12-02,-1,2024-12-02 11:15:00,2024-12-02 14:13:00,36,2639.841,2651.7202844999997,2651.7202844999997,2631.168028395062,2631.168028395062,0.3289592877205091,sl,0.1,0.7000000000000001,-119.49284499999813,-1.0,8521.812435176327
2024-12-02,-1,2024-12-02 14:20:00,2024-12-02 18:06:30,46,2650.169,2635.6542619047636,2662.0947604999997,2633.8196705426376,2633.8196705426376,0.6199676325599948,tp,0.1,0.7000000000000001,144.44738095236227,1.2170911947490872,8666.25981612869
2024-12-03,-1,2024-12-03 06:20:00,2024-12-03 08:06:10,22,2648.851,2641.502572164949,2660.7708294999998,2640.0847807017544,2640.0847807017544,0.3310014648818484,tp,0.1,0.7000000000000001,72.78427835051097,0.616487663271636,8739.0440944792
2024-12-03,-1,2024-12-03 13:55:00,2024-12-03 15:01:30,14,2651.571,2643.027251851851,2663.5030694999996,2642.381460079839,2642.381460079839,0.34968607143806807,tp,0.1,0.7000000000000001,84.73748148149006,0.7160323821571138,8823.78157596069
2024-12-04,1,2024-12-04 13:05:00,2024-12-04 13:23:35,4,2633.041,2643.8965500000004,2621.1923155000004,2644.0342834394905,2644.0342834394905,-0.41783813124839875,tp,0.1,0.7000000000000001,107.85550000000221,0.9161818765619456,8931.637075960693
2024-12-04,-1,2024-12-04 14:30:00,2024-12-04 23:59:55,102,2652.536,2650.495,2664.472412,2644.141769157088,2644.141769157088,0.3158579067254107,session_end,0.1,0.7000000000000001,19.710000000001674,0.17098940619678377,8951.347075960693
2024-12-05,1,2024-12-05 15:05:00,2024-12-05 17:13:50,26,2639.107,2627.2310185,2627.2310185,2648.1359677716405,2648.1359677716405,-0.34301364741797136,sl,0.1,0.7000000000000001,-119.45981499999853,-1.0,8831.887260960695
2024-12-05,1,2024-12-05 17:20:00,2024-12-05 23:59:55,68,2628.267,2633.775,2616.4397985,2646.678988782053,2646.678988782053,-0.6957960848333629,session_end,0.1,0.7000000000000001,54.38000000000265,0.465706109767418,8886.267260960698
2024-12-06,1,2024-12-06 01:10:00,2024-12-06 02:43:10,19,2619.359,2624.7468333333336,2607.5718845,2630.9850238095237,2630.9850238095237,-0.4410714505976453,tp,0.1,0.7000000000000001,53.17833333333674,0.45709515049154864,8939.445594294035
2024-12-06,-1,2024-12-06 03:25:00,2024-12-06 10:41:10,88,2634.059,2635.3083554687482,2645.9122655,2625.1798577235772,2625.1798577235772,0.33946787494211833,tp,0.1,0.7000000000000001,-13.193554687480354,-0.1054017957117425,8926.252039606554
2024-12-09,-1,2024-12-09 01:15:00,2024-12-09 03:26:30,27,2642.915,2641.1333861788607,2654.8081174999998,2633.290788888889,2633.290788888889,0.3671342015057143,tp,0.1,0.7000000000000001,17.116138211392173,0.14980208689094754,8943.368177817947
2024-12-09,-1,2024-12-09 07:35:00,2024-12-09 13:39:30,73,2650.03,2661.955135,2661.955135,2640.743815018314,2640.743815018314,0.35367629864622463,sl,0.1,0.7000000000000001,-119.95134999999955,-1.0,8823.416827817946
2024-12-09,-1,2024-12-09 13:45:00,2024-12-09 14:47:25,13,2661.524,2673.500858,2673.500858,2646.8880212121194,2646.8880212121194,0.5564451034515592,sl,0.1,0.7000000000000001,-120.46857999999993,-1.0,8702.948247817947
2024-12-09,-1,2024-12-09 14:55:00,2024-12-09 23:59:55,97,2673.939,2660.548,2685.9717254999996,2648.486025139663,2648.486025139663,0.9626433599547629,session_end,0.1,0.7000000000000001,133.21000000000078,1.1128816991628674,8836.158247817948
2024-12-10,-1,2024-12-10 10:50:00,2024-12-10 14:32:10,45,2675.263,2687.3016835,2687.3016835,2666.9928923076914,2666.9928923076914,0.30894749348878675,sl,0.1,0.7000000000000001,-121.08683499999934,-1.0,8715.071412817948
2024-12-10,-1,2024-12-10 14:40:00,2024-12-10 23:59:55,100,2687.88,2696.089,2699.97546,2669.5113901515147,2669.5113901515147,0.6903551682332043,session_end,0.1,0.7000000000000001,-82.78999999999833,-0.6786843989397535,8632.281412817949
2024-12-11,1,2024-12-11 04:40:00,2024-12-11 06:07:55,18,2686.339,2695.1193310502285,2674.2504745,2698.6189285714286,2698.6189285714286,-0.4565456960590865,tp,0.1,0.7000000000000001,87.10331050228596,0.7263359828482571,8719.384723320236
2024-12-11,-1,2024-12-11 14:05:00,2024-12-11 15:41:00,20,2703.052,2715.215734,2715.215734,2694.909693452381,2694.909693452381,0.30182111732281636,sl,0.1,0.7000000000000001,-122.3373399999975,-1.0,8597.047383320238
2024-12-11,-1,2024-12-11 15:50:00,2024-12-11 23:59:55,86,2713.276,2720.021,2725.485742,2696.193474426808,2696.193474426808,0.6345622350721406,session_end,0.1,0.7000000000000001,-68.15000000000346,-0.5524277253360753,8528.897383320234
2024-12-12,1,2024-12-12 01:35:00,2024-12-12 04:25:45,35,2710.926,2712.3853364779875,2698.726833,2719.661535087719,2719.661535087719,-0.32938051195514384,tp,0.1,0.7000000000000001,13.893364779875629,0.11962591199772832,8542.79074810011
2024-12-12,1,2024-12-12 13:55:00,2024-12-12 14:16:05,5,2701.824,2689.6657920000002,2689.6657920000002,2713.0357235528936,2713.0357235528936,-0.41975943973122376,sl,0.1,0.7000000000000001,-122.28207999999832,-1.0,8420.508668100112
2024-12-12,1,2024-12-12 14:25:00,2024-12-12 23:59:55,103,2686.882,2680.685,2674.791031,2712.3752630057797,2712.3752630057797,-0.9452513210641654,session_end,0.1,0.7000000000000001,-62.67000000000117,-0.512531295051719,8357.83866810011
2024-12-13,-1,2024-12-13 01:20:00,2024-12-13 02:15:15,12,2692.046,2685.781543209876,2704.160207,2683.3624687499996,2683.3624687499996,0.3332397823304908,tp,0.1,0.7000000000000001,61.944567901238585,0.5171165384679177,8419.783236001349
2024-12-13,1,2024-12-13 09:00:00,2024-12-13 12:01:10,37,2674.944,2662.9067520000003,2662.9067520000003,2686.2720694444442,2686.2720694444442,-0.4157274153825351,sl,0.1,0.7000000000000001,-121.07247999999636,-1.0,8298.710756001354
2024-12-13,1,2024-12-13 12:10:00,2024-12-13 15:04:05,35,2669.348,2657.335934,2657.335934,2681.7453390410965,2681.7453390410965,-0.4689796177885325,sl,0.1,0.7000000000000001,-120.82065999999777,-1.0,8177.890096001355
2024-12-13,1,2024-12-13 15:10:00,2024-12-13 20:58:10,70,2659.552,2647.5840160000002,2647.5840160000002,2678.434011904762,2678.434011904762,-0.7077087514760776,sl,0.1,0.7000000000000001,-120.37983999999888,-1.0,8057.5102560013565
2024-12-16,-1,2024-12-16 11:30:00,2024-12-16 14:42:10,39,2662.678,2655.840914772727,2674.660051,2654.35460869565,2654.35460869565,0.31182311802782703,tp,0.1,0.7000000000000001,67.67085227272837,0.570610593067319,8125.181108274084
2024-12-17,1,2024-12-17 09:00:00,2024-12-17 17:58:30,108,2644.333,2646.959234883721,2632.4335015,2653.1630277777786,2653.1630277777786,-0.33316941647503456,tp,0.1,0.7000000000000001,25.562348837208265,0.22070130801905985,8150.743457111293
2024-12-18,1,2024-12-18 14:30:00,2024-12-18 19:03:50,55,2638.638,2626.764129,2626.764129,2646.7116954022986,2646.7116954022986,-0.3046495550046199,sl,0.1,0.7000000000000001,-119.43870999999781,-1.0,8031.304747111295
2024-12-18,1,2024-12-18 19:10:00,2024-12-18 19:57:20,10,2616.945,2605.1687475000003,2605.1687475000003,2644.2738275362303,2644.2738275362303,-1.0352682559255488,sl,0.1,0.7000000000000001,-118.46252499999828,-1.0,7912.842222111296
2024-12-18,1,2024-12-18 20:05:00,2024-12-18 20:30:35,6,2605.401,2593.6766955,2593.6766955,2642.9654446749646,2642.9654446749646,-1.4234747090910775,sl,0.1,0.7000000000000001,-117.94304500000017,-1.0,7794.899177111296
2024-12-18,1,2024-12-18 20:40:00,2024-12-18 23:59:55,28,2590.168,2588.286,2578.5122440000005,2641.7669905913976,2641.7669905913976,-1.951969676926496,session_end,0.1,0.7000000000000001,-19.520000000000618,-0.16146528805168173,7775.379177111296
2024-12-19,-1,2024-12-19 01:15:00,2024-12-19 01:42:45,6,2601.53,2613.2368850000003,2613.2368850000003,2593.6137,2593.6137,0.30813378260609064,sl,0.1,0.7000000000000001,-117.76885000000057,-1.0,7657.610327111295
2024-12-19,-1,2024-12-19 01:50:00,2024-12-19 06:03:15,51,2613.734,2606.2832453703704,2625.495803,2598.1334848484844,2598.1334848484844,0.5988535709289424,tp,0.1,0.7000000000000001,73.807546296295,0.6334704491844985,7731.41787340759
2024-12-19,-1,2024-12-19 07:20:00,2024-12-19 12:39:20,64,2616.445,2611.8665706401785,2628.2190025,2607.059458333333,2607.059458333333,0.3613282250451198,tp,0.1,0.7000000000000001,45.084293598217116,0.38885921417307157,7776.502167005809
2024-12-19,1,2024-12-19 13:10:00,2024-12-19 15:00:15,23,2603.125,2591.4109375000003,2591.4109375000003,2611.660453586499,2611.660453586499,-0.32534679517127774,sl,0.1,0.7000000000000001,-117.84062499999727,-1.0,7658.6615420058115
2024-12-19,1,2024-12-19 15:10:00,2024-12-19 23:59:55,94,2595.265,2593.58,2583.5863075,2609.8926282051293,2609.8926282051293,-0.5594915303152297,session_end,0.1,0.7000000000000001,-17.549999999999454,-0.14427984982051656,7641.111542005812
2024-12-20,-1,2024-12-20 02:00:00,2024-12-20 02:28:00,6,2603.853,2596.552603448276,2615.5703384999997,2595.996375,2595.996375,0.3025090895976344,tp,0.1,0.7000000000000001,72.30396551724134,0.6230422166027172,7713.415507523054
2024-12-20,-1,2024-12-20 07:05:00,2024-12-20 11:18:20,51,2606.35,2601.0563987654323,2618.078575,2598.4053117647063,2598.4053117647063,0.30569473512579654,tp,0.1,0.7000000000000001,52.236012345676315,0.4513422333546565,7765.65151986873
2024-12-20,-1,2024-12-20 13:50:00,2024-12-20 15:19:05,18,2612.815,2624.5726675,2624.5726675,2601.598550200803,2601.598550200803,0.4346154712580148,sl,0.1,0.7000000000000001,-118.27667500000025,-1.0,7647.374844868729
2024-12-20,-1,2024-12-20 15:25:00,2024-12-20 21:57:55,79,2624.96,2622.742,2636.77232,2603.093946846846,2603.093946846846,0.8422113685028623,session_end,0.1,0.7000000000000001,21.479999999998473,0.18777005702519464,7668.854844868729
2024-12-23,-1,2024-12-23 07:10:00,2024-12-23 09:58:25,34,2633.279,2626.412299719887,2645.1287555,2625.036751937984,2625.036751937984,0.3115288978708148,tp,0.1,0.7000000000000001,67.96700280113036,0.5794803344350096,7736.8218476698585
2024-12-23,1,2024-12-23 11:05:00,2024-12-23 23:59:55,143,2618.142,2615.55,2606.360361,2626.048162907268,2626.048162907268,-0.30150486267175264,session_end,0.1,0.7000000000000001,-26.619999999996434,-0.22000334588419188,7710.201847669863
2024-12-26,-1,2024-12-26 15:15:00,2024-12-26 23:01:00,82,2634.881,2628.8124387626276,2646.7379644999996,2626.608182149363,2626.608182149363,0.3140863531418015,tp,0.1,0.7000000000000001,59.9856123737225,0.5118140682104906,7770.187460043586
2024-12-27,1,2024-12-27 10:00:00,2024-12-27 12:19:25,28,2624.112,2631.103012471654,2612.303496,2632.0752486111096,2632.0752486111096,-0.30209047462854677,tp,0.1,0.7000000000000001,69.21012471653903,0.5920320196067049,7839.397584760125
2024-12-27,1,2024-12-27 13:25:00,2024-12-27 21:57:55,103,2621.038,2621.681,2609.2433290000004,2630.751316770184,2630.751316770184,-0.36905110370157407,session_end,0.1,0.7000000000000001,5.730000000000291,0.05451614546942836,7845.127584760125
2024-12-30,1,2024-12-30 08:45:00,2024-12-30 12:44:30,48,2613.815,2620.0967203947357,2602.0528325,2622.489955555555,2622.489955555555,-0.33216354316634533,tp,0.1,0.7000000000000001,62.11720394735657,0.5340614639891533,7907.244788707481
2024-12-30,1,2024-12-30 13:50:00,2024-12-30 15:34:00,21,2611.907,2600.1534185000005,2600.1534185000005,2620.008908634537,2620.008908634537,-0.3087931727206857,sl,0.1,0.7000000000000001,-118.23581499999655,-1.0,7789.008973707485
2024-12-30,1,2024-12-30 15:40:00,2024-12-30 23:59:55,88,2602.673,2606.736,2590.9609714999997,2618.567581560282,2618.567581560282,-0.6080072812478537,session_end,0.1,0.7000000000000001,39.930000000001016,0.34690830883822316,7828.938973707487
2024-12-31,-1,2024-12-31 08:40:00,2024-12-31 12:08:35,42,2616.443,2609.5094850574715,2628.2169935,2607.923296474359,2607.923296474359,0.32676204615223875,tp,0.1,0.7000000000000001,68.63514942528745,0.5888838772102913,7897.574123132774
2024-12-31,-1,2024-12-31 15:15:00,2024-12-31 21:57:55,81,2618.069,2624.483,2629.8503105,2610.073684881604,2610.073684881604,0.308834772178536,session_end,0.1,0.7000000000000001,-64.84000000000215,-0.5444216074264577,7832.734123132772
2025-01-02,-1,2025-01-02 10:20:00,2025-01-02 15:52:25,67,2643.318,2655.212931,2655.212931,2633.4411008064512,2633.4411008064512,0.37678454970990505,sl,0.1,0.7000000000000001,-119.64930999999815,-1.0,7713.084813132775
2025-01-02,-1,2025-01-02 16:00:00,2025-01-02 23:59:55,84,2654.121,2658.428,2666.0645445,2637.4109244791657,2637.4109244791657,0.636024343614447,session_end,0.1,0.7000000000000001,-43.76999999999789,-0.3606132166208967,7669.314813132776
2025-01-03,1,2025-01-03 08:50:00,2025-01-03 11:04:50,27,2650.258,2658.423554292928,2638.331839,2659.2954040880495,2659.2954040880495,-0.33927799349329596,tp,0.1,0.7000000000000001,80.95554292928391,0.6846758393525363,7750.270356062061
2025-01-03,1,2025-01-03 13:30:00,2025-01-03 20:38:40,86,2649.716,2637.792278,2637.792278,2658.1324348785865,2658.1324348785865,-0.32076787321457234,sl,0.1,0.7000000000000001,-119.93721999999998,-1.0,7630.333136062061
2025-01-03,1,2025-01-03 20:45:00,2025-01-03 21:57:55,15,2638.28,2640.428,2626.4077400000006,2652.6814901960784,2652.6814901960784,-0.5449953282936157,session_end,0.1,0.7000000000000001,20.779999999996836,0.18092595681022386,7651.113136062058
2025-01-06,1,2025-01-06 05:40:00,2025-01-06 11:14:30,67,2632.704,2636.162385572137,2620.8568320000004,2640.618953431371,2640.618953431371,-0.30011726686552453,tp,0.1,0.7000000000000001,33.88385572136649,0.29191664810836754,7684.996991783424
2025-01-06,-1,2025-01-06 11:30:00,2025-01-06 13:35:00,26,2644.942,2637.6070276073588,2656.844239,2636.275080917872,2636.275080917872,0.3283769263985063,tp,0.1,0.7000000000000001,72.64972392641248,0.6162682830214754,7757.646715709838
2025-01-06,1,2025-01-06 13:45:00,2025-01-06 15:25:00,21,2624.86,2636.4435549549526,2613.04813,2637.506048484845,2637.506048484845,-0.4785599825295531,tp,0.1,0.7000000000000001,115.13554954952433,0.9806707113227994,7872.782265259362
2025-01-07,-1,2025-01-07 12:10:00,2025-01-07 13:30:25,17,2649.763,2661.6869334999997,2661.6869334999997,2640.8287739726024,2640.8287739726024,0.34056452716805624,sl,0.1,0.7000000000000001,-119.93933499999748,-1.0,7752.842930259365
2025-01-07,-1,2025-01-07 13:40:00,2025-01-07 15:07:25,18,2659.757,2643.823778084714,2671.7259065,2642.1408211382104,2642.1408211382104,0.6656223135833225,tp,0.1,0.7000000000000001,158.6322191528614,1.3312178447785885,7911.4751494122265
2025-01-07,-1,2025-01-07 15:25:00,2025-01-07 23:59:55,91,2651.997,2649.905,2663.9309864999996,2643.9243828828817,2643.9243828828817,0.308560909303422,session_end,0.1,0.7000000000000001,20.219999999996435,0.17529766771561983,7931.695149412222
2025-01-08,-1,2025-01-08 13:25:00,2025-01-08 17:38:45,51,2658.969,2653.7518633491313,2670.9343605,2650.522940993789,2650.522940993789,0.31841109072034585,tp,0.1,0.7000000000000001,51.47136650868724,0.43602001384486366,7983.16651592091
2025-01-08,-1,2025-01-08 20:55:00,2025-01-08 23:59:55,25,2663.83,2662.605,2675.817235,2654.332234666665,2654.332234666665,0.3600252149495923,session_end,0.1,0.7000000000000001,11.549999999999091,0.10219204011599868,7994.716515920909
2025-01-09,-1,2025-01-09 11:30:00,2025-01-09 17:05:55,68,2670.98,2665.1847130081287,2682.99941,2661.812652173913,2661.812652173913,0.34355715525727004,tp,0.1,0.7000000000000001,57.252869918713074,0.482160687743522,8051.969385839622
2025-01-10,1,2025-01-10 13:35:00,2025-01-10 13:44:45,2,2666.596,2675.85375609756,2654.5963180000003,2675.8865961145184,2675.8865961145184,-0.3455339298737129,tp,0.1,0.7000000000000001,91.87756097560104,0.771500119549865,8143.846946815223
2025-01-10,-1,2025-01-10 14:05:00,2025-01-10 15:34:00,18,2685.901,2697.9875544999995,2697.9875544999995,2675.9672573964485,2675.9672573964485,0.3701555979869726,sl,0.1,0.7000000000000001,-121.56554499999693,-1.0,8022.281401815226
2025-01-10,-1,2025-01-10 15:40:00,2025-01-10 21:57:55,76,2695.133,2689.65,2707.2610984999997,2677.2954609929075,2677.2954609929075,0.6661214373582277,session_end,0.1,0.7000000000000001,54.129999999997196,0.45209065543125226,8076.411401815223
2025-01-13,1,2025-01-13 10:30:00,2025-01-13 12:31:55,25,2678.432,2666.3790559999998,2666.3790559999998,2687.0257248677244,2687.0257248677244,-0.31913445369588483,sl,0.1,0.7000000000000001,-121.22944000000025,-1.0,7955.181961815223
2025-01-13,1,2025-01-13 12:40:00,2025-01-13 19:02:25,77,2668.873,2656.8630715000004,2656.8630715000004,2685.240932017544,2685.240932017544,-0.6115813229915507,sl,0.1,0.7000000000000001,-120.7992849999966,-1.0,7834.382676815227
2025-01-13,1,2025-01-13 19:10:00,2025-01-13 23:59:55,46,2657.759,2668.119,2645.7990845,2678.5293797101444,2678.5293797101444,-0.7760556918884194,session_end,0.1,0.7000000000000001,102.90000000000127,0.866226855867005,7937.282676815228
2025-01-14,-1,2025-01-14 21:55:00,2025-01-14 23:59:55,13,2677.939,2675.688,2689.9897254999996,2669.953717997466,2669.953717997466,0.3016450041154403,session_end,0.1,0.7000000000000001,21.80999999999749,0.18679373287523574,7959.092676815225
2025-01-15,-1,2025-01-15 09:10:00,2025-01-15 14:36:15,66,2685.303,2680.7207114285725,2697.3868635,2677.14886060606,2677.14886060606,0.3028833963347047,tp,0.1,0.7000000000000001,45.12288571427398,0.3792072437285803,8004.215562529499
2025-01-15,-1,2025-01-15 17:00:00,2025-01-15 23:59:55,72,2689.324,2695.063,2701.425958,2680.8979656862753,2680.8979656862753,0.31655566240665994,session_end,0.1,0.7000000000000001,-58.09000000000033,-0.47422078311626564,7946.125562529499
2025-01-16,-1,2025-01-16 09:30:00,2025-01-16 13:51:55,53,2705.241,2717.4145845,2717.4145845,2697.0755745614047,2697.0755745614047,0.3015089942341613,sl,0.1,0.7000000000000001,-122.43584499999834,-1.0,7823.689717529501
2025-01-16,-1,2025-01-16 14:00:00,2025-01-16 23:59:55,108,2715.475,2714.676,2727.6946374999998,2700.305455357144,2700.305455357144,0.5641970841717566,session_end,0.1,0.7000000000000001,7.2899999999997815,0.06538655504305976,7830.979717529501
2025-01-17,1,2025-01-17 10:00:00,2025-01-17 12:39:00,32,2704.938,2711.633548565122,2692.7657790000003,2713.0596500000006,2713.0596500000006,-0.3029844920660169,tp,0.1,0.7000000000000001,66.25548565121953,0.5500679428283515,7897.23520318072
2025-01-17,1,2025-01-17 20:05:00,2025-01-17 21:57:55,23,2700.573,2702.941,2688.4204215,2711.114618257262,2711.114618257262,-0.39091369232020473,session_end,0.1,0.7000000000000001,22.979999999999382,0.19485576661775603,7920.21520318072
2025-01-20,-1,2025-01-20 04:45:00,2025-01-20 13:35:45,107,2705.902,2703.8343323108384,2718.078559,2697.349698830409,2697.349698830409,0.3178602008226229,tp,0.1,0.7000000000000001,19.97667689161681,0.16980722461589365,7940.191880072337
2025-01-21,-1,2025-01-21 02:05:00,2025-01-21 07:40:50,68,2719.844,2732.083298,2732.083298,2711.0143866666663,2711.0143866666663,0.3260445011581827,sl,0.1,0.7000000000000001,-123.09297999999963,-1.0,7817.0989000723375
2025-01-21,-1,2025-01-21 07:50:00,2025-01-21 08:44:20,11,2730.484,2722.142793269231,2742.771178,2721.6482925531905,2721.6482925531905,0.3255089010232982,tp,0.1,0.7000000000000001,82.71206730769045,0.6788545531585054,7899.810967380028
2025-01-21,-1,2025-01-21 14:25:00,2025-01-21 16:19:45,23,2731.366,2743.657147,2743.657147,2722.7429865125246,2722.7429865125246,0.31763973060684525,sl,0.1,0.7000000000000001,-123.6114699999991,-1.0,7776.199497380029
2025-01-21,-1,2025-01-21 16:25:00,2025-01-21 23:59:55,79,2743.342,2744.357,2755.687039,2724.4688121827417,2724.4688121827417,0.6931878879585249,session_end,0.1,0.7000000000000001,-10.849999999998726,-0.0822192623287693,7765.349497380031
2025-01-22,-1,2025-01-22 05:55:00,2025-01-22 06:19:20,5,2757.615,2749.651193333333,2770.0242674999995,2749.3343497652577,2749.3343497652577,0.30546121956609007,tp,0.1,0.7000000000000001,78.93806666666642,0.6417628330332008,7844.287564046697
2025-01-22,-1,2025-01-22 09:25:00,2025-01-22 12:31:30,38,2759.341,2752.2063288888903,2771.7580344999997,2750.0639483775817,2750.0639483775817,0.3398303384156398,tp,0.1,0.7000000000000001,70.64671111109583,0.5745873631187635,7914.934275157793
2025-01-22,-1,2025-01-22 13:05:00,2025-01-22 13:35:20,7,2761.239,2752.5924018404926,2773.6645755,2752.409744161361,2752.409744161361,0.3232351526698176,tp,0.1,0.7000000000000001,85.76598159507448,0.6958710411044947,8000.700256752868
2025-01-23,1,2025-01-23 09:30:00,2025-01-23 10:52:25,17,2743.907,2752.1749282051287,2731.5594185000004,2752.999076023393,2752.999076023393,-0.32962510239927095,tp,0.1,0.7000000000000001,81.97928205128555,0.6695989984053762,8082.679538804154
2025-01-23,1,2025-01-23 12:40:00,2025-01-23 16:16:45,44,2743.819,2750.1626128205135,2731.4718145,2751.9855043859648,2751.9855043859648,-0.3006921501867059,tp,0.1,0.7000000000000001,62.73612820513499,0.5137699454271262,8145.415667009288
2025-01-24,-1,2025-01-24 02:15:00,2025-01-24 13:08:10,131,2768.805,2781.2646225,2781.2646225,2759.913524691359,2759.913524691359,0.3244295601487296,sl,0.1,0.7000000000000001,-125.29622500000023,-1.0,8020.119442009288
2025-01-24,-1,2025-01-24 13:15:00,2025-01-24 16:49:20,43,2782.018,2773.5962910447743,2794.537081,2771.983330188677,2771.983330188677,0.3613358602211063,tp,0.1,0.7000000000000001,83.51708955225767,0.6727098383040916,8103.636531561546
2025-01-27,1,2025-01-27 02:15:00,2025-01-27 08:39:25,77,2758.778,2758.741367313916,2746.363499,2767.105425925926,2767.105425925926,-0.3001665873697757,tp,0.1,0.7000000000000001,-1.0663268608397631,-0.0029507981097248327,8102.570204700705
2025-01-27,-1,2025-01-27 10:40:00,2025-01-27 12:38:30,24,2768.072,2760.7316192052986,2780.528324,2759.46371875,2759.46371875,0.3126615215621693,tp,0.1,0.7000000000000001,72.70380794701559,0.5892894881910342,8175.274012647721
2025-01-27,1,2025-01-27 14:25:00,2025-01-27 16:24:05,24,2750.87,2738.491085,2738.491085,2760.402545279384,2760.402545279384,-0.34777700432864017,sl,0.1,0.7000000000000001,-124.48914999999779,-1.0,8050.7848626477235
2025-01-27,1,2025-01-27 16:30:00,2025-01-27 23:59:55,78,2741.191,2741.771,2728.8556405,2758.406514309766,2758.406514309766,-0.6268479363018321,session_end,0.1,0.7000000000000001,5.10000000000382,0.04701930251812995,8055.8848626477275
2025-01-28,-1,2025-01-28 14:05:00,2025-01-28 18:43:35,56,2750.807,2763.1856314999995,2763.1856314999995,2742.1801252465484,2742.1801252465484,0.31363274331507224,sl,0.1,0.7000000000000001,-124.48631499999756,-1.0,7931.39854764773
2025-01-28,-1,2025-01-28 18:50:00,2025-01-28 23:59:55,50,2763.102,2762.801,2775.535959,2745.960091445427,2745.960091445427,0.624969336154463,session_end,0.1,0.7000000000000001,2.3099999999993086,0.024207897098577524,7933.70854764773
2025-01-29,1,2025-01-29 15:30:00,2025-01-29 20:26:00,60,2750.296,2758.985777551022,2737.919668,2761.1320555555562,2761.1320555555562,-0.3913813370067869,tp,0.1,0.7000000000000001,86.19777551021961,0.7021286719701837,8019.9063231579485
2025-01-30,-1,2025-01-30 08:10:00,2025-01-30 13:40:55,67,2771.238,2783.7085709999997,2783.7085709999997,2761.885217687075,2761.885217687075,0.33851089296008013,sl,0.1,0.7000000000000001,-125.40570999999836,-1.0,7894.50061315795
2025-01-30,-1,2025-01-30 13:50:00,2025-01-30 15:56:10,26,2784.022,2796.5500989999996,2796.5500989999996,2768.192311244981,2768.192311244981,0.5708125367891331,sl,0.1,0.7000000000000001,-125.98098999999657,-1.0,7768.519623157954
2025-01-30,-1,2025-01-30 16:05:00,2025-01-30 23:59:55,82,2796.594,2796.244,2809.178673,2770.9550975820384,2770.9550975820384,0.9243889386844629,session_end,0.1,0.7000000000000001,2.7999999999990903,0.027811608613105287,7771.319623157953
2025-01-31,-1,2025-01-31 12:20:00,2025-01-31 18:22:05,73,2805.11,2799.9279878787875,2817.732995,2795.984855855856,2795.984855855856,0.328422527930079,tp,0.1,0.7000000000000001,51.12012121212665,0.41052160134839477,7822.43974437008
2025-02-03,1,2025-02-03 01:20:00,2025-02-03 04:09:55,34,2782.827,2782.473697278912,2770.3042785000002,2791.7063125000004,2791.7063125000004,-0.3182932409549656,tp,0.1,0.7000000000000001,-4.23302721088312,-0.028212934471816872,7818.206717159197
2025-02-03,-1,2025-02-03 08:15:00,2025-02-03 12:37:20,53,2793.326,2805.895967,2805.895967,2783.571104377105,2783.571104377105,0.35254697131551493,sl,0.1,0.7000000000000001,-126.39966999999906,-1.0,7691.807047159198
2025-02-03,-1,2025-02-03 12:45:00,2025-02-03 14:45:10,25,2808.618,2821.2567809999996,2821.2567809999996,2788.959278867101,2788.959278867101,0.7054682110988444,sl,0.1,0.7000000000000001,-127.08780999999654,-1.0,7564.719237159202
2025-02-03,-1,2025-02-03 14:55:00,2025-02-03 23:59:55,97,2829.436,2814.125,2842.168462,2792.4103556797004,2792.4103556797004,1.3248462657020363,session_end,0.1,0.7000000000000001,152.4100000000015,1.2025168423828965,7717.1292371592035
2025-02-04,1,2025-02-04 07:30:00,2025-02-04 08:19:05,10,2807.605,2817.1041936026945,2794.9707775,2817.661077777779,2817.661077777779,-0.35584754521600437,tp,0.1,0.7000000000000001,94.29193602694504,0.7518621428975638,7811.421173186149
2025-02-04,-1,2025-02-04 13:20:00,2025-02-04 14:32:00,15,2825.942,2838.658739,2838.658739,2817.1428187500005,2817.1428187500005,0.3143142474377056,sl,0.1,0.7000000000000001,-127.86738999999962,-1.0,7683.553783186149
2025-02-04,-1,2025-02-04 14:40:00,2025-02-04 23:59:55,100,2840.257,2841.308,2853.0381565,2818.6856003787884,2818.6856003787884,0.767659210317878,session_end,0.1,0.7000000000000001,-11.209999999999308,-0.08223043039962413,7672.34378318615
2025-02-05,-1,2025-02-05 04:15:00,2025-02-05 09:24:40,62,2857.711,2870.5706994999996,2870.5706994999996,2847.992343137255,2847.992343137255,0.3418603594987273,sl,0.1,0.7000000000000001,-129.29699499999805,-1.0,7543.046788186152
2025-02-05,-1,2025-02-05 09:30:00,2025-02-05 13:46:35,52,2869.463,2859.29400909091,2882.3755835,2854.873868421054,2854.873868421054,0.5094316684116691,tp,0.1,0.7000000000000001,100.98990909090098,0.7875256651072275,7644.0366972770535
2025-02-05,-1,2025-02-05 14:35:00,2025-02-05 15:51:40,16,2869.134,2882.045103,2882.045103,2859.514743809525,2859.514743809525,0.33882518743608236,sl,0.1,0.7000000000000001,-129.8110299999991,-1.0,7514.2256672770545
2025-02-05,-1,2025-02-05 16:00:00,2025-02-05 20:01:45,49,2880.329,2862.6601138888914,2893.2904805,2860.8252586805575,2860.8252586805575,0.681000744814028,tp,0.1,0.7000000000000001,175.98886111108806,1.3631842528412768,7690.214528388143
2025-02-06,1,2025-02-06 07:00:00,2025-02-06 11:37:55,56,2859.289,2864.5433429256595,2846.4221995000003,2868.6694980158736,2868.6694980158736,-0.3272247995931882,tp,0.1,0.7000000000000001,51.843429256593296,0.40836437354098626,7742.057957644736
2025-02-06,1,2025-02-06 14:10:00,2025-02-06 14:59:05,10,2855.079,2842.2311445000005,2842.2311445000005,2864.423993137255,2864.423993137255,-0.3249691093063327,sl,0.1,0.7000000000000001,-129.17855499999695,-1.0,7612.8794026447395
2025-02-06,1,2025-02-06 15:05:00,2025-02-06 23:59:55,95,2838.704,2858.058,2825.9298320000003,2863.719449355432,2863.719449355432,-0.8730586147696756,session_end,0.1,0.7000000000000001,192.83999999999816,1.5150888887636313,7805.719402644738
2025-02-07,-1,2025-02-07 14:40:00,2025-02-07 16:17:00,20,2875.66,2866.763532478631,2888.60047,2865.3598541666656,2865.3598541666656,0.3614431122246039,tp,0.1,0.7000000000000001,88.26467521368777,0.6874918392739038,7893.984077858426
2025-02-07,1,2025-02-07 17:20:00,2025-02-07 21:57:55,56,2857.472,2861.072,2844.6133760000002,2866.5812195512813,2866.5812195512813,-0.31991835740544067,session_end,0.1,0.7000000000000001,35.29999999999909,0.2799677477154569,7929.284077858425
2025-02-10,-1,2025-02-10 06:10:00,2025-02-10 07:31:30,17,2882.235,2895.2050575,2895.2050575,2873.624292792792,2873.624292792792,0.30105561220739585,sl,0.1,0.7000000000000001,-130.4005749999971,-1.0,7798.883502858428
2025-02-10,-1,2025-02-10 07:40:00,2025-02-10 12:16:30,56,2893.967,2906.9898515,2906.9898515,2876.4054746376814,2876.4054746376814,0.6114237202435501,sl,0.1,0.7000000000000001,-130.92851499999887,-1.0,7667.954987858429
2025-02-10,-1,2025-02-10 12:25:00,2025-02-10 23:36:10,123,2905.037,2918.1096664999995,2918.1096664999995,2885.566593959732,2885.566593959732,0.6743183845071747,sl,0.1,0.7000000000000001,-131.4266649999974,-1.0,7536.528322858432
2025-02-11,-1,2025-02-11 01:15:00,2025-02-11 02:36:00,17,2930.307,2927.535360215055,2943.4933814999995,2920.5803000000005,2920.5803000000005,0.33247502217280345,tp,0.1,0.7000000000000001,27.016397849449096,0.21018956450979165,7563.544720707881
2025-02-11,1,2025-02-11 02:45:00,2025-02-11 03:36:30,11,2917.184,2924.891019379846,2904.056672,2926.900722222223,2926.900722222223,-0.33127950492497305,tp,0.1,0.7000000000000001,76.3701937984586,0.587097342265375,7639.91491450634
2025-02-11,1,2025-02-11 07:05:00,2025-02-11 12:09:25,61,2913.223,2900.1134965,2900.1134965,2922.6673078431377,2922.6673078431377,-0.32521005102534584,sl,0.1,0.7000000000000001,-131.79503499999845,-1.0,7508.119879506342
2025-02-11,1,2025-02-11 12:15:00,2025-02-11 12:57:00,9,2900.44,2887.3880200000003,2887.3880200000003,2916.530778911567,2916.530778911567,-0.5519324201191573,sl,0.1,0.7000000000000001,-131.2197999999973,-1.0,7376.900079506345
2025-02-11,1,2025-02-11 13:05:00,2025-02-11 23:59:55,119,2886.998,2898.597,2874.0065090000003,2915.2964235668805,2915.2964235668805,-0.9727629525982561,session_end,0.1,0.7000000000000001,115.2900000000016,0.8928151510862277,7492.190079506347
2025-02-12,1,2025-02-12 10:45:00,2025-02-12 13:30:15,34,2881.053,2868.0882615,2868.0882615,2890.8091472868214,2890.8091472868214,-0.3375403490742172,sl,0.1,0.7000000000000001,-130.34738499999838,-1.0,7361.842694506348
2025-02-12,1,2025-02-12 13:40:00,2025-02-12 14:11:05,7,2871.695,2888.4515147058814,2858.7723725000005,2888.799688008129,2888.799688008129,-0.5939556169074578,tp,0.1,0.7000000000000001,166.86514705881274,1.296680160894659,7528.707841565161
2025-02-12,-1,2025-02-12 14:35:00,2025-02-12 15:04:40,6,2897.972,2888.741697222221,2911.012874,2888.594316190475,2888.594316190475,0.32667044162744374,tp,0.1,0.7000000000000001,91.60302777779343,0.7077978652181964,7620.310869342955
2025-02-12,-1,2025-02-12 16:50:00,2025-02-12 23:59:55,74,2899.077,2905.879,2912.1228465,2889.2667846534646,2889.2667846534646,0.339661100133143,session_end,0.1,0.7000000000000001,-68.7199999999968,-0.5213920001281509,7551.590869342958
2025-02-13,-1,2025-02-13 03:40:00,2025-02-13 08:13:05,55,2916.933,2912.9151496598647,2930.0591984999996,2907.3542045454546,2907.3542045454546,0.3288658616001094,tp,0.1,0.7000000000000001,39.478503401352825,0.306093979923844,7591.069372744311
2025-02-13,-1,2025-02-13 19:00:00,2025-02-13 23:59:55,48,2924.132,2931.316,2937.290594,2914.6976549707606,2914.6976549707606,0.325448679490383,session_end,0.1,0.7000000000000001,-72.53999999999742,-0.545954985768217,7518.529372744314
2025-02-14,1,2025-02-14 13:45:00,2025-02-14 15:22:50,20,2918.074,2904.9426670000003,2904.9426670000003,2931.4616939393936,2931.4616939393936,-0.45885620703155616,sl,0.1,0.7000000000000001,-132.01332999999812,-1.0,7386.516042744316
2025-02-14,1,2025-02-14 15:30:00,2025-02-14 17:43:05,27,2900.361,2887.3093755,2887.3093755,2930.0932437275974,2930.0932437275974,-1.0142251886083684,sl,0.1,0.7000000000000001,-131.21624499999888,-1.0,7255.299797744317
2025-02-14,1,2025-02-14 17:50:00,2025-02-14 21:57:55,50,2886.992,2882.834,2874.0005360000005,2925.6294190031163,2925.6294190031163,-1.3213197389944356,session_end,0.1,0.7000000000000001,-42.28000000000357,-0.32005630774179455,7213.019797744314
2025-02-17,-1,2025-02-17 01:40:00,2025-02-17 05:59:40,52,2895.548,2896.3547769953047,2908.577966,2886.7545833333334,2886.7545833333334,0.304075612015866,tp,0.1,0.7000000000000001,-8.767769953049719,-0.061917045317306914,7204.2520277912645
2025-02-18,-1,2025-02-18 03:10:00,2025-02-18 10:45:00,92,2907.546,2907.6361020671848,2920.6299569999996,2898.83548245614,2898.83548245614,0.3035017888081487,tp,0.1,0.7000000000000001,-1.6010206718494375,-0.006886453936293503,7202.651007119415
2025-02-18,-1,2025-02-18 12:50:00,2025-02-18 16:40:55,47,2917.736,2930.8658119999996,2930.8658119999996,2908.463688311689,2908.463688311689,0.32315382605883286,sl,0.1,0.7000000000000001,-131.99811999999673,-1.0,7070.652887119419
2025-02-18,-1,2025-02-18 16:50:00,2025-02-18 23:59:55,74,2932.32,2934.159,2945.51544,2912.0400000000013,2912.0400000000013,0.6985652669605628,session_end,0.1,0.7000000000000001,-19.089999999999417,-0.13936632654916753,7051.562887119419
2025-02-19,-1,2025-02-19 09:20:00,2025-02-19 11:59:05,32,2945.805,2935.330949883451,2959.0611225,2932.915544642858,2932.915544642858,0.439049647394806,tp,0.1,0.7000000000000001,104.04050116548824,0.7901292490733143,7155.603388284908
2025-02-19,1,2025-02-19 16:00:00,2025-02-19 20:25:25,54,2925.765,2933.698105442179,2912.5990575,2935.5848020833346,2935.5848020833346,-0.3332658649953326,tp,0.1,0.7000000000000001,78.63105442179112,0.6025474774919632,7234.234442706699
2025-02-20,-1,2025-02-20 07:35:00,2025-02-20 12:23:10,58,2950.758,2945.742586711711,2964.0364109999996,2941.862443223442,2941.862443223442,0.3026333470168255,tp,0.1,0.7000000000000001,49.45413288288982,0.3777118578637961,7283.688575589589
2025-02-20,1,2025-02-20 13:50:00,2025-02-20 16:25:55,32,2936.523,2943.862859560066,2923.3086465,2945.4805230923694,2945.4805230923694,-0.30341477467951117,tp,0.1,0.7000000000000001,72.69859560066088,0.5554459822847996,7356.38717119025
2025-02-21,1,2025-02-21 01:50:00,2025-02-21 02:19:45,6,2930.827,2940.0306111111113,2917.6382785000005,2941.8142575757574,2941.8142575757574,-0.37268694131601166,tp,0.1,0.7000000000000001,91.33611111111058,0.697839522285103,7447.723282301361
2025-02-21,1,2025-02-21 03:30:00,2025-02-21 11:09:25,92,2928.408,2931.9881340852116,2915.230164,2938.9512460317465,2938.9512460317465,-0.3562408885102508,tp,0.1,0.7000000000000001,35.10134085211739,0.27167845200166263,7482.824623153479
2025-02-21,-1,2025-02-21 18:55:00,2025-02-21 19:58:10,13,2942.502,2933.0946129707104,2955.743259,2932.7369640234942,2932.7369640234942,0.3345181002201479,tp,0.1,0.7000000000000001,93.37387029289566,0.710460163137783,7576.198493446374
2025-02-24,1,2025-02-24 01:15:00,2025-02-24 01:37:05,5,2924.35,2931.4248157894745,2911.1904250000002,2933.2227888888888,2933.2227888888888,-0.30295308363721585,tp,0.1,0.7000000000000001,70.04815789474542,0.5376173462649604,7646.24665134112
2025-02-24,-1,2025-02-24 03:00:00,2025-02-24 05:56:50,36,2940.891,2936.199368544601,2954.1250095,2931.5354166666675,2931.5354166666675,0.3214043835106022,tp,0.1,0.7000000000000001,46.21631455399147,0.35451323012871966,7692.462965895112
2025-02-24,-1,2025-02-24 08:55:00,2025-02-24 10:37:55,21,2946.93,2938.801612860893,2960.1911849999997,2937.7109392523366,2937.7109392523366,0.31431141247727473,tp,0.1,0.7000000000000001,80.58387139106962,0.6129457615670892,7773.0468372861815
2025-02-24,-1,2025-02-24 12:05:00,2025-02-24 14:28:05,29,2949.751,2940.7995655105974,2963.0248795,2939.154306896553,2939.154306896553,0.3622196044102436,tp,0.1,0.7000000000000001,88.814344894028,0.6743646037620565,7861.86118218021
2025-02-24,-1,2025-02-24 20:50:00,2025-02-24 23:59:55,26,2950.665,2950.095,2963.9429925,2941.6943960000003,2941.6943960000003,0.30391001907459153,session_end,0.1,0.7000000000000001,5.000000000001637,0.04292817607783439,7866.8611821802115
2025-02-25,1,2025-02-25 04:05:00,2025-02-25 08:56:25,59,2938.814,2942.035119937695,2925.589337,2948.2270306122455,2948.2270306122455,-0.3198712485275311,tp,0.1,0.7000000000000001,31.51119937695221,0.24356915088839917,7898.372381557164
2025-02-25,1,2025-02-25 12:35:00,2025-02-25 14:05:50,19,2927.26,2940.1865897435896,2914.0873300000003,2941.266835540839,2941.266835540839,-0.47528280575973947,tp,0.1,0.7000000000000001,128.56589743589376,0.9813188779184059,8026.938278993058
2025-02-25,1,2025-02-25 15:10:00,2025-02-25 15:24:00,3,2929.187,2916.0056585,2916.0056585,2940.063997252747,2940.063997252747,-0.37160746374758963,sl,0.1,0.7000000000000001,-132.51341499999688,-1.0,7894.424863993061
2025-02-25,1,2025-02-25 15:30:00,2025-02-25 16:07:35,8,2910.356,2897.259398,2897.259398,2939.6181227598568,2939.6181227598568,-0.996511163577763,sl,0.1,0.7000000000000001,-131.66602000000074,-1.0,7762.7588439930605
2025-02-25,1,2025-02-25 16:15:00,2025-02-25 23:59:55,81,2897.656,2918.666,2884.616548,2937.9703111111116,2937.9703111111116,-1.3716888478655345,session_end,0.1,0.7000000000000001,209.4000000000022,1.6112640316479747,7972.158843993062
2025-02-26,1,2025-02-26 06:15:00,2025-02-26 08:54:40,32,2910.714,2917.2699418238985,2897.615787,2919.6121644444443,2919.6121644444443,-0.30869389277801446,tp,0.1,0.7000000000000001,64.85941823898592,0.5005218516372205,8037.018262232048
2025-02-26,1,2025-02-26 14:00:00,2025-02-26 14:12:20,3,2906.068,2892.9906940000005,2892.9906940000005,2915.9368482142845,2915.9368482142845,-0.3382565785100882,sl,0.1,0.7000000000000001,-131.4730599999968,-1.0,7905.545202232051
2025-02-26,1,2025-02-26 14:20:00,2025-02-26 15:56:25,20,2894.975,2914.331490401395,2881.9476125,2915.5386889534875,2915.5386889534875,-0.7068398382627787,tp,0.1,0.7000000000000001,192.8649040139515,1.485830555158925,8098.410106246003
2025-02-27,1,2025-02-27 04:35:00,2025-02-27 08:09:05,43,2900.856,2887.802148,2887.802148,2911.9895666666666,2911.9895666666666,-0.38382921404010867,sl,0.1,0.7000000000000001,-131.23852000000005,-1.0,7967.171586246002
2025-02-27,1,2025-02-27 08:15:00,2025-02-27 14:47:00,79,2885.267,2872.2832985,2872.2832985,2904.005109427609,2904.005109427609,-0.6420308754651008,sl,0.1,0.7000000000000001,-130.53701499999823,-1.0,7836.634571246004
2025-02-27,1,2025-02-27 14:55:00,2025-02-27 23:59:55,97,2872.068,2876.124,2859.1436940000003,2896.442859404097,2896.442859404097,-0.8458775330074149,session_end,0.1,0.7000000000000001,39.85999999999585,0.3138272956396746,7876.494571246001
2025-02-28,1,2025-02-28 03:45:00,2025-02-28 13:55:35,123,2863.868,2850.980594,2850.980594,2875.8871592592586,2875.8871592592586,-0.4185372579902923,sl,0.1,0.7000000000000001,-129.57405999999827,-1.0,7746.920511246002
2025-02-28,1,2025-02-28 14:05:00,2025-02-28 15:00:20,12,2845.828,2833.0217740000003,2833.0217740000003,2864.9635463510845,2864.9635463510845,-0.6682474677720746,sl,0.1,0.7000000000000001,-128.76225999999696,-1.0,7618.158251246006
2025-02-28,1,2025-02-28 15:10:00,2025-02-28 21:48:15,80,2837.929,2858.7880114942527,2825.1583195000003,2863.3316346153847,2863.3316346153847,-0.8862799652193849,tp,0.1,0.7000000000000001,207.89011494252628,1.633351605206391,7826.048366188532
2025-03-03,-1,2025-03-03 12:05:00,2025-03-03 15:29:50,41,2876.049,2888.9912205,2888.9912205,2867.17117816092,2867.17117816092,0.3097590372953024,sl,0.1,0.7000000000000001,-130.12220500000075,-1.0,7695.926161188532
2025-03-03,-1,2025-03-03 15:35:00,2025-03-03 23:59:55,89,2888.029,2890.985,2901.0251304999997,2869.210218360071,2869.210218360071,0.6574032644673288,session_end,0.1,0.7000000000000001,-30.26000000000131,-0.2274523174417337,7665.66616118853
2025-03-04,-1,2025-03-04 07:30:00,2025-03-04 08:29:05,12,2899.399,2912.4462955,2912.4462955,2889.288975925925,2889.288975925925,0.3521462947753128,sl,0.1,0.7000000000000001,-131.17295500000017,-1.0,7534.49320618853
2025-03-04,-1,2025-03-04 08:35:00,2025-03-04 13:07:55,55,2914.17,2927.283765,2927.283765,2890.973055016181,2890.973055016181,0.8046579660594022,sl,0.1,0.7000000000000001,-131.83765000000056,-1.0,7402.655556188531
2025-03-04,-1,2025-03-04 13:15:00,2025-03-04 15:00:00,22,2926.579,2902.650097222222,2939.7486055,2900.544924528302,2900.544924528302,0.8995404708631117,tp,0.1,0.7000000000000001,238.5890277777815,1.8169794666801964,7641.244583966312
2025-03-04,-1,2025-03-04 16:50:00,2025-03-04 23:59:55,74,2912.547,2914.462,2925.6534615,2903.2284999999993,2903.2284999999993,0.32047081378544606,session_end,0.1,0.7000000000000001,-19.849999999999635,-0.14611113762474792,7621.394583966312
2025-03-05,1,2025-03-05 01:20:00,2025-03-05 02:17:00,12,2904.196,2911.962425925926,2891.127118,2913.7762083333337,2913.7762083333337,-0.32784632896696336,tp,0.1,0.7000000000000001,76.96425925925887,0.5942685782858754,7698.358843225571
2025-03-05,-1,2025-03-05 06:20:00,2025-03-05 09:36:30,40,2920.24,2913.728578260872,2933.3810799999997,2911.523302631579,2911.523302631579,0.3001589360635307,tp,0.1,0.7000000000000001,64.41421739127854,0.49550126314792364,7762.77306061685
2025-03-05,1,2025-03-05 13:45:00,2025-03-05 14:38:25,11,2900.003,2913.4725228571438,2886.9529865000004,2914.162708080809,2914.162708080809,-0.48735123956623416,tp,0.1,0.7000000000000001,133.99522857143603,1.03214627763748,7896.768289188287
2025-03-05,-1,2025-03-05 15:40:00,2025-03-05 17:55:15,28,2923.0,2914.7265837209325,2936.1535,2913.683081560285,2913.683081560285,0.3197471440416966,tp,0.1,0.7000000000000001,82.03416279067532,0.6289897197755425,7978.8024519789615
2025-03-06,1,2025-03-06 08:00:00,2025-03-06 09:36:35,20,2910.279,2897.1827445000004,2897.1827445000004,2919.8716249999998,2919.8716249999998,-0.33025852634872604,sl,0.1,0.7000000000000001,-131.66255499999642,-1.0,7847.139896978965
2025-03-06,1,2025-03-06 09:45:00,2025-03-06 14:34:40,58,2898.931,2912.3846800766282,2885.8858105000004,2917.0209501424492,2917.0209501424492,-0.6221227222095658,tp,0.1,0.7000000000000001,133.8368007662819,1.0313135026998688,7980.976697745247
2025-03-07,-1,2025-03-07 08:00:00,2025-03-07 13:24:50,65,2917.199,2912.79558125,2930.3263954999998,2907.932777777778,2907.932777777778,0.3179138903371248,tp,0.1,0.7000000000000001,43.33418750000128,0.33543734932037594,8024.310885245248
2025-03-07,-1,2025-03-07 13:45:00,2025-03-07 13:57:20,3,2922.962,2913.003705588823,2936.1153289999997,2912.9229303030306,2912.9229303030306,0.346853313277267,tp,0.1,0.7000000000000001,98.88294411177121,0.7570930835210846,8123.193829357019
2025-03-07,-1,2025-03-07 14:55:00,2025-03-07 15:41:35,10,2925.066,2913.87947074468,2938.2287969999998,2913.261788640596,2913.261788640596,0.4058925087169058,tp,0.1,0.7000000000000001,111.16529255319783,0.8498595895173208,8234.359121910216
2025-03-07,1,2025-03-07 18:25:00,2025-03-07 21:57:55,43,2903.669,2911.318,2890.6024895,2913.5835912518833,2913.5835912518833,-0.3386582516976511,session_end,0.1,0.7000000000000001,75.79000000000342,0.5853896493635731,8310.14912191022
2025-03-10,1,2025-03-10 08:35:00,2025-03-10 09:17:50,9,2902.517,2911.3346741741743,2889.4556735,2912.0833640776696,2912.0833640776696,-0.33051471659082343,tp,0.1,0.7000000000000001,87.47674174174499,0.6750979063401169,8397.625863651965
2025-03-10,1,2025-03-10 10:35:00,2025-03-10 14:16:00,45,2901.478,2909.0577884990253,2888.421349,2911.185059055118,2911.185059055118,-0.33410995377515545,tp,0.1,0.7000000000000001,75.09788499025198,0.5805308343636719,8472.723748642218
2025-03-10,1,2025-03-10 16:50:00,2025-03-10 17:42:15,11,2899.256,2886.209348,2886.209348,2908.414812706271,2908.414812706271,-0.3132741817455121,sl,0.1,0.7000000000000001,-131.16651999999993,-1.0,8341.557228642218
2025-03-10,1,2025-03-10 17:50:00,2025-03-10 23:59:55,62,2884.456,2884.746,2871.4759480000002,2907.5305490654223,2907.5305490654223,-0.7930458055835069,session_end,0.1,0.7000000000000001,2.199999999999636,0.0223419752093417,8343.757228642216
2025-03-11,-1,2025-03-11 02:25:00,2025-03-11 05:56:25,43,2897.131,2893.7155234741776,2910.1680894999995,2888.417948275862,2888.417948275862,0.30122204888429344,tp,0.1,0.7000000000000001,33.45476525822214,0.2619815201715313,8377.211993900439
2025-03-11,-1,2025-03-11 08:15:00,2025-03-11 13:35:50,65,2904.203,2917.2719134999998,2917.2719134999998,2895.3435976430974,2895.3435976430974,0.3063160574144734,sl,0.1,0.7000000000000001,-131.3891349999978,-1.0,8245.822858900441
2025-03-11,-1,2025-03-11 13:45:00,2025-03-11 23:59:55,111,2919.759,2915.649,2932.8979154999997,2901.913407070705,2901.913407070705,0.6170788172266944,session_end,0.1,0.7000000000000001,40.40000000000127,0.31281120576505855,8286.222858900443
2025-03-12,-1,2025-03-12 15:10:00,2025-03-12 16:30:00,17,2925.041,2938.2036845000002,2938.2036845000002,2915.7049432234444,2915.7049432234444,0.3194272725778344,sl,0.1,0.7000000000000001,-132.32684500000067,-1.0,8153.896013900442
2025-03-12,-1,2025-03-12 16:40:00,2025-03-12 23:59:55,76,2935.844,2938.137,2949.0552979999998,2916.9957483333337,2916.9957483333337,0.6476098457620256,session_end,0.1,0.7000000000000001,-23.6300000000012,-0.17356356657764963,8130.26601390044
2025-03-13,-1,2025-03-13 13:45:00,2025-03-13 14:44:15,12,2952.025,2965.3091125,2965.3091125,2942.2751343434347,2942.2751343434347,0.330674910140121,sl,0.1,0.7000000000000001,-133.5411249999999,-1.0,7996.72488890044
2025-03-13,-1,2025-03-13 14:50:00,2025-03-13 16:33:35,21,2969.28,2982.64176,2982.64176,2943.168134831461,2943.168134831461,0.8891223324568199,sl,0.1,0.7000000000000001,-134.31759999999775,-1.0,7862.407288900443
2025-03-13,-1,2025-03-13 16:40:00,2025-03-13 23:59:55,76,2982.695,2986.534,2996.1171275,2946.6723650000004,2946.6723650000004,1.221721675867392,session_end,0.1,0.7000000000000001,-39.08999999999942,-0.2860202303993868,7823.317288900444
2025-03-14,-1,2025-03-14 09:20:00,2025-03-14 10:40:50,17,2996.464,2988.5782864583325,3009.9480879999996,2987.1072916666662,2987.1072916666662,0.314525305453348,tp,0.1,0.7000000000000001,78.15713541667428,0.5848162324116842,7901.474424317118
2025-03-14,-1,2025-03-14 11:05:00,2025-03-14 13:32:45,30,2997.946,2990.0926563786,3011.436757,2988.7188132832075,2988.7188132832075,0.3075795111917597,tp,0.1,0.7000000000000001,77.83343621399744,0.5821277205867489,7979.307860531116
2025-03-14,1,2025-03-14 15:20:00,2025-03-14 16:22:10,13,2980.455,2989.322358843537,2967.0429525,2989.6874800724636,2989.6874800724636,-0.31056691157024857,tp,0.1,0.7000000000000001,87.97358843537204,0.6611487801200542,8067.281448966487
2025-03-17,-1,2025-03-17 10:50:00,2025-03-17 12:15:30,18,2998.285,2989.8711848072567,3011.7772824999997,2988.734571794872,2988.734571794872,0.3195977419765261,tp,0.1,0.7000000000000001,83.43815192743186,0.6236020623451417,8150.719600893919
2025-03-17,-1,2025-03-17 14:40:00,2025-03-17 23:59:55,100,2999.226,2999.929,3012.722517,2989.982263257576,2989.982263257576,0.30833750606867294,session_end,0.1,0.7000000000000001,-7.7299999999997455,-0.05208751265233634,8142.9896008939195
2025-03-18,-1,2025-03-18 03:20:00,2025-03-18 05:23:45,25,3013.861,3007.8247656249996,3027.4233744999997,3004.817441666666,3004.817441666666,0.3022832005493006,tp,0.1,0.7000000000000001,59.66234375000276,0.44507209080536475,8202.651944643922
2025-03-18,-1,2025-03-18 07:20:00,2025-03-18 12:39:10,64,3018.502,3032.085259,3032.085259,3009.4317310606057,3009.4317310606057,0.30068031934404316,sl,0.1,0.7000000000000001,-136.53258999999997,-1.0,8066.119354643923
2025-03-18,-1,2025-03-18 12:45:00,2025-03-18 23:59:55,123,3033.618,3031.872,3047.269281,3015.551092592593,3015.551092592593,0.5994727614402686,session_end,0.1,0.7000000000000001,16.760000000000947,0.12790008498104347,8082.879354643923
2025-03-19,-1,2025-03-19 06:00:00,2025-03-19 08:00:05,25,3044.565,3035.475385416668,3058.2655425,3034.050175925926,3034.050175925926,0.3490161157549958,tp,0.1,0.7000000000000001,90.1961458333215,0.6634492454099764,8173.0755004772445
2025-03-19,1,2025-03-19 09:00:00,2025-03-19 10:22:30,17,3025.227,3034.1940537634405,3011.6134785,3035.0269783950616,3035.0269783950616,-0.3226158602464761,tp,0.1,0.7000000000000001,88.97053763440617,0.6586873031669771,8262.04603811165
2025-03-19,-1,2025-03-19 18:40:00,2025-03-19 23:59:55,52,3044.036,3050.125,3057.7341619999997,3034.293633928571,3034.293633928571,0.32007008032557827,session_end,0.1,0.7000000000000001,-61.58999999999942,-0.444512190759613,8200.456038111652
2025-03-20,1,2025-03-20 08:25:00,2025-03-20 10:36:00,27,3040.243,3026.5619065,3026.5619065,3049.652417491749,3049.652417491749,-0.307999608016782,sl,0.1,0.7000000000000001,-137.5109349999986,-1.0,8062.945103111652
2025-03-20,1,2025-03-20 10:45:00,2025-03-20 18:05:10,89,3028.469,3043.052486175116,3014.8408895000002,3047.4540788113704,3047.4540788113704,-0.6247043702392913,tp,0.1,0.7000000000000001,145.13486175115924,1.0701033114690488,8208.079964862813
2025-03-21,1,2025-03-21 05:40:00,2025-03-21 08:02:25,29,3026.228,3034.008439236111,3012.6099740000004,3035.5223750000005,3035.5223750000005,-0.305577553188033,tp,0.1,0.7000000000000001,77.10439236110851,0.5713338508908012,8285.18435722392
2025-03-21,1,2025-03-21 13:40:00,2025-03-21 14:06:00,6,3016.764,3003.1885620000003,3003.1885620000003,3033.2893729674793,3033.2893729674793,-0.5422124612987214,sl,0.1,0.7000000000000001,-136.45437999999848,-1.0,8148.729977223922
2025-03-21,1,2025-03-21 14:15:00,2025-03-21 20:57:55,81,3003.881,3023.554,2990.3635355,3032.26765497076,3032.26765497076,-0.935905342136873,session_end,0.1,0.7000000000000001,196.0300000000023,1.4553764872103505,8344.759977223925
2025-03-24,-1,2025-03-24 10:30:00,2025-03-24 12:51:05,29,3032.743,3023.396523809525,3046.3903434999997,3022.56403968254,3022.56403968254,0.33608751325337105,tp,0.1,0.7000000000000001,92.76476190474732,0.6848568141100035,8437.524739128672
2025-03-24,1,2025-03-24 14:35:00,2025-03-24 23:59:55,101,3010.862,3009.972,2997.313121,3023.343966666668,3023.343966666668,-0.41482103276841986,session_end,0.1,0.7000000000000001,-9.599999999998726,-0.06568809124355428,8427.924739128672
2025-03-25,-1,2025-03-25 13:40:00,2025-03-25 15:31:10,23,3028.002,3018.3926845878113,3041.628009,3017.1141158536575,3017.1141158536575,0.36068851652512507,tp,0.1,0.7000000000000001,95.39315412188607,0.7052186309423808,8523.317893250558
2025-03-26,-1,2025-03-26 08:00:00,2025-03-26 09:11:55,15,3030.57,3022.067168181818,3044.207565,3021.3438229166672,3021.3438229166672,0.30472126387937304,tp,0.1,0.7000000000000001,84.3283181818213,0.6234860708771789,8607.64621143238
2025-03-27,-1,2025-03-27 10:05:00,2025-03-27 10:36:45,7,3041.664,3055.3514880000002,3055.3514880000002,3031.3232892561987,3031.3232892561987,0.342101773854223,sl,0.1,0.7000000000000001,-137.5748800000003,-1.0,8470.07133143238
2025-03-27,-1,2025-03-27 10:45:00,2025-03-27 13:37:20,35,3052.464,3036.2491595092033,3066.2000879999996,3032.4859612403106,3032.4859612403106,0.6596415948948839,tp,0.1,0.7000000000000001,161.44840490796634,1.1804554900053814,8631.519736340346
2025-03-27,-1,2025-03-27 14:15:00,2025-03-27 23:59:55,105,3047.262,3055.809,3060.974679,3036.4244502923984,3036.4244502923984,0.3566711401812969,session_end,0.1,0.7000000000000001,-86.17000000000026,-0.6232917725267382,8545.349736340346
2025-03-28,-1,2025-03-28 02:00:00,2025-03-28 08:18:05,76,3073.966,3073.6977020202,3087.7988469999996,3064.1847916666666,3064.1847916666666,0.3190312921048205,tp,0.1,0.7000000000000001,1.982979798000815,0.01939571657230705,8547.332716138346
2025-03-28,-1,2025-03-28 14:00:00,2025-03-28 14:30:40,7,3083.603,3074.3755287356307,3097.4792135,3074.110083333332,3074.110083333332,0.30862319206149913,tp,0.1,0.7000000000000001,91.57471264369342,0.6649848147961638,8638.90742878204
2025-03-28,-1,2025-03-28 15:55:00,2025-03-28 18:37:30,33,3083.842,3075.6063460388627,3097.719289,3074.564526178009,3074.564526178009,0.30127758722000164,tp,0.1,0.7000000000000001,81.65653961137359,0.5934627405350821,8720.563968393413
2025-03-31,-1,2025-03-31 01:35:00,2025-03-31 03:06:10,19,3094.94,3108.86723,3108.86723,3084.598850877193,3084.598850877193,0.3337111118964365,sl,0.1,0.7000000000000001,-139.9722999999978,-1.0,8580.591668393416
2025-03-31,-1,2025-03-31 03:15:00,2025-03-31 06:12:20,36,3109.051,3123.0417294999997,3123.0417294999997,3092.6699786324784,3092.6699786324784,0.5300119793179288,sl,0.1,0.7000000000000001,-140.60729499999815,-1.0,8439.984373393418
2025-03-31,-1,2025-03-31 06:20:00,2025-03-31 13:33:55,87,3120.784,3111.4707037037047,3134.827528,3101.9084035087712,3101.9084035087712,0.6078869533961615,tp,0.1,0.7000000000000001,92.43296296295448,0.6631735484342431,8532.417336356371
2025-03-31,-1,2025-03-31 14:50:00,2025-03-31 16:11:45,17,3121.206,3112.3084072164947,3135.251427,3111.645604868914,3111.645604868914,0.30694032495672313,tp,0.1,0.7000000000000001,88.27592783505388,0.633486812718857,8620.693264191425
2025-03-31,-1,2025-03-31 18:25:00,2025-03-31 23:59:55,55,3122.762,3120.679,3136.814429,3113.006068627452,3113.006068627452,0.3136335476805932,session_end,0.1,0.7000000000000001,20.130000000000837,0.14823060127185886,8640.823264191426
2025-04-01,-1,2025-04-01 02:30:00,2025-04-01 05:52:30,41,3142.789,3138.842171428572,3156.9315505,3131.054288888889,3131.054288888889,0.3714151860087333,tp,0.1,0.7000000000000001,38.76828571428341,0.27907473771639796,8679.59154990571
2025-04-01,1,2025-04-01 07:40:00,2025-04-01 10:15:55,32,3128.052,3136.066852303522,3113.9757660000005,3137.553376811594,3137.553376811594,-0.3026204074093707,tp,0.1,0.7000000000000001,79.4485230352182,0.5693889646564567,8759.040072940927
2025-04-01,1,2025-04-01 14:15:00,2025-04-01 16:01:15,22,3125.639,3111.5736245000003,3111.5736245000003,3135.1646832358665,3135.1646832358665,-0.3057952039052396,sl,0.1,0.7000000000000001,-141.35375499999844,-1.0,8617.686317940928
2025-04-01,1,2025-04-01 16:10:00,2025-04-01 23:59:55,82,3109.95,3115.229,3095.955225,3134.0129639175234,3134.0129639175234,-0.7675291772710323,session_end,0.1,0.7000000000000001,52.08999999999996,0.37721220955678986,8669.776317940928
2025-04-02,-1,2025-04-02 01:15:00,2025-04-02 03:00:35,22,3132.266,3127.3761574074074,3146.3611969999997,3120.6805222222224,3120.6805222222224,0.371873304400724,tp,0.1,0.7000000000000001,48.198425925926855,0.3469155197045355,8717.974743866856
2025-04-02,1,2025-04-02 04:55:00,2025-04-02 07:50:05,36,3117.156,3122.9921914893625,3103.128798,3126.8045451977405,3126.8045451977405,-0.30907097191549426,tp,0.1,0.7000000000000001,57.661914893625905,0.4160624114034068,8775.636658760483
2025-04-02,-1,2025-04-02 08:45:00,2025-04-02 10:37:40,23,3132.995,3124.5636181102373,3147.0934774999996,3123.4719825396824,3123.4719825396824,0.3067905687608033,tp,0.1,0.7000000000000001,83.61381889762633,0.5980349218390995,8859.250477658108
2025-04-02,1,2025-04-02 10:55:00,2025-04-02 12:28:10,19,3111.738,3123.84465883669,3097.735179,3124.3697493638683,3124.3697493638683,-0.40495365077851675,tp,0.1,0.7000000000000001,120.36658836690258,0.8645871311709421,8979.61706602501
2025-04-02,-1,2025-04-02 20:30:00,2025-04-02 22:05:10,8,3139.489,3124.6927490118564,3153.6167004999998,3124.4814254742532,3124.4814254742532,0.476113392912517,tp,0.1,0.7000000000000001,147.26250988143585,1.0473219607213415,9126.879575906447
2025-04-02,-1,2025-04-02 22:15:00,2025-04-02 23:19:10,13,3144.497,3158.6472364999995,3158.6472364999995,3124.8126816993445,3124.8126816993445,0.6296639288456582,sl,0.1,0.7000000000000001,-142.20236499999663,-1.0,8984.67721090645
2025-04-03,1,2025-04-03 05:15:00,2025-04-03 06:29:45,15,3136.026,3121.913883,3121.913883,3149.1659285714286,3149.1659285714286,-0.4177750194762425,sl,0.1,0.7000000000000001,-141.8211699999967,-1.0,8842.856040906452
2025-04-03,1,2025-04-03 06:35:00,2025-04-03 10:25:10,47,3124.042,3109.983811,3109.983811,3145.1229641350196,3145.1229641350196,-0.6700680506084985,sl,0.1,0.7000000000000001,-141.28188999999855,-1.0,8701.574150906454
2025-04-03,1,2025-04-03 10:35:00,2025-04-03 11:01:25,6,3102.923,3088.9598465,3088.9598465,3137.476324146981,3137.476324146981,-1.1031102890119997,sl,0.1,0.7000000000000001,-140.3315349999986,-1.0,8561.242615906456
2025-04-03,1,2025-04-03 11:10:00,2025-04-03 12:24:15,15,3097.635,3083.6956425000003,3083.6956425000003,3135.6330522388057,3135.6330522388057,-1.2147005597995897,sl,0.1,0.7000000000000001,-140.09357499999913,-1.0,8421.149040906457
2025-04-03,1,2025-04-03 12:30:00,2025-04-03 12:39:20,2,3078.742,3064.887661,3064.887661,3130.8961111111107,3130.8961111111107,-1.6628022541647032,sl,0.1,0.7000000000000001,-139.2433899999998,-1.0,8281.905650906456
2025-04-03,1,2025-04-03 12:45:00,2025-04-03 14:26:00,21,3065.896,3124.250060693641,3052.0994680000003,3129.6631405228754,3129.6631405228754,-2.0366613805032885,tp,0.1,0.7000000000000001,582.840606936408,4.229618044131777,8864.746257842864
2025-04-03,-1,2025-04-03 14:50:00,2025-04-03 15:06:40,4,3134.222,3124.3639953959473,3148.325999,3124.2615636704113,3124.2615636704113,0.321930034493418,tp,0.1,0.7000000000000001,97.88004604052894,0.6989510282901283,8962.626303883393
2025-04-03,1,2025-04-03 15:15:00,2025-04-03 20:45:45,67,3111.709,3119.9023755020094,3097.7063095,3124.2920810564656,3124.2920810564656,-0.40446221827610707,tp,0.1,0.7000000000000001,81.2337550200953,0.5851286580967813,9043.860058903489
2025-04-04,1,2025-04-04 02:40:00,2025-04-04 04:43:45,25,3092.666,3104.538690476191,3078.7490030000004,3110.738260416667,3110.738260416667,-0.5829085862800439,tp,0.1,0.7000000000000001,118.02690476190655,0.8531072095647371,9161.886963665394
2025-04-04,1,2025-04-04 07:45:00,2025-04-04 08:42:15,12,3094.027,3080.1038785,3080.1038785,3103.6727007168456,3103.6727007168456,-0.3124749821269938,sl,0.1,0.7000000000000001,-139.93121499999978,-1.0,9021.955748665396
2025-04-04,1,2025-04-04 08:50:00,2025-04-04 10:26:15,20,3083.915,3100.2032226666647,3070.0373825,3101.7501163521993,3101.7501163521993,-0.574663196052735,tp,0.1,0.7000000000000001,162.18222666664752,1.1737045401824173,9184.137975332043
2025-04-04,-1,2025-04-04 10:35:00,2025-04-04 11:09:55,7,3113.881,3127.8934644999995,3127.8934644999995,3100.3111351706016,3100.3111351706016,0.43751624395117744,sl,0.1,0.7000000000000001,-140.82464499999622,-1.0,9043.313330332046
2025-04-04,-1,2025-04-04 11:15:00,2025-04-04 11:45:25,7,3134.534,3102.1443557919615,3148.639403,3101.1888234567887,3101.1888234567887,1.0766411993576852,tp,0.1,0.7000000000000001,323.1964420803859,2.296257980579395,9366.509772412432
2025-04-04,1,2025-04-04 12:35:00,2025-04-04 12:39:25,1,3092.611,3078.6942505,3078.6942505,3102.0322836644586,3102.0322836644586,-0.3035037292821655,sl,0.1,0.7000000000000001,-139.86749499999695,-1.0,9226.642277412435
2025-04-04,1,2025-04-04 12:45:00,2025-04-04 12:51:20,2,3088.941,3075.0407655,3075.0407655,3101.79429738562,3101.79429738562,-0.4136895021193228,sl,0.1,0.7000000000000001,-139.70234499999896,-1.0,9086.939932412437
2025-04-04,1,2025-04-04 13:00:00,2025-04-04 14:01:00,13,3071.275,3057.4542625000004,3057.4542625000004,3101.295767094017,3101.295767094017,-0.9698612887283908,sl,0.1,0.7000000000000001,-138.90737499999722,-1.0,8948.03255741244
2025-04-04,1,2025-04-04 14:10:00,2025-04-04 14:47:15,8,3050.144,3036.418352,3036.418352,3098.9336627450975,3098.9336627450975,-1.5738369404750023,sl,0.1,0.7000000000000001,-137.95647999999636,-1.0,8810.076077412443
2025-04-04,1,2025-04-04 14:55:00,2025-04-04 15:10:00,4,3048.767,3035.0475485,3035.0475485,3096.263198324022,3096.263198324022,-1.5337745947995514,sl,0.1,0.7000000000000001,-137.8945149999965,-1.0,8672.181562412447
2025-04-04,1,2025-04-04 15:20:00,2025-04-04 15:28:35,2,3039.462,3025.7844210000003,3025.7844210000003,3094.782911231884,3094.782911231884,-1.7897349449249835,sl,0.1,0.7000000000000001,-137.47578999999695,-1.0,8534.70577241245
2025-04-04,1,2025-04-04 15:35:00,2025-04-04 20:57:55,65,3025.055,3038.587,3011.4422525,3093.772498217469,3093.772498217469,-2.2209130844965994,session_end,0.1,0.7000000000000001,134.62000000000154,0.9940682437546359,8669.32577241245
2025-04-07,-1,2025-04-07 01:15:00,2025-04-07 01:24:40,2,3006.628,3020.157826,3020.157826,2987.0266333333334,2987.0266333333334,0.657907313157645,sl,0.1,0.7000000000000001,-135.99825999999956,-1.0,8533.32751241245
2025-04-07,-1,2025-04-07 01:30:00,2025-04-07 01:35:20,2,3019.029,3032.6146304999997,3032.6146304999997,2991.7630000000004,2991.7630000000004,0.9110848686877839,sl,0.1,0.7000000000000001,-136.5563049999975,-1.0,8396.771207412454
2025-04-07,-1,2025-04-07 01:45:00,2025-04-07 03:49:55,25,3052.248,3018.5949962962964,3065.983116,2998.3997222222224,2998.3997222222224,1.7985853379751882,tp,0.1,0.7000000000000001,335.8300370370369,2.450143391850793,8732.60124444949
2025-04-07,-1,2025-04-07 04:40:00,2025-04-07 06:13:45,19,3032.139,3023.3541936936936,3045.7836254999997,3019.9469404761903,3019.9469404761903,0.40416470104886126,tp,0.1,0.7000000000000001,87.14806306306563,0.6438290524211755,8819.749307512557
2025-04-07,1,2025-04-07 07:15:00,2025-04-07 07:17:10,1,3014.37,3023.4753697318,3000.805335,3023.4753697318,3023.4753697318,-0.30037849233763103,tp,0.1,0.7000000000000001,90.35369731800238,0.6712565132865662,8910.103004830558
2025-04-07,-1,2025-04-07 08:55:00,2025-04-07 09:19:20,5,3034.765,3023.8342747747743,3048.4214424999996,3023.5893785046724,3023.5893785046724,0.3691017561665999,tp,0.1,0.7000000000000001,108.60725225225615,0.8004079558220135,9018.710257082814
2025-04-07,-1,2025-04-07 10:35:00,2025-04-07 12:06:00,19,3035.787,3025.8547321839083,3049.4480415,3024.2663687664044,3024.2663687664044,0.38303938281470745,tp,0.1,0.7000000000000001,98.62267816091553,0.7270505558519492,9117.33293524373
2025-04-07,1,2025-04-07 12:40:00,2025-04-07 12:46:30,2,3016.519,3025.819151416122,3002.9446645,3025.8669342105263,3025.8669342105263,-0.3103716856926696,tp,0.1,0.7000000000000001,92.30151416122389,0.6851275641538708,9209.634449404954
2025-04-07,1,2025-04-07 13:35:00,2025-04-07 14:11:40,8,3014.948,3025.2958882352946,3001.380734,3025.89068813906,3025.89068813906,-0.36313896540054885,tp,0.1,0.7000000000000001,102.77888235294704,0.7627099104045495,9312.4133317579
2025-04-07,1,2025-04-07 14:30:00,2025-04-07 15:08:20,8,3008.837,2995.2972335,2995.2972335,3025.2214195402307,3025.2214195402307,-0.5414122561224041,sl,0.1,0.7000000000000001,-136.0976650000004,-1.0,9176.3156667579
2025-04-07,1,2025-04-07 15:15:00,2025-04-07 16:54:35,20,2984.971,2971.5386305,2971.5386305,3023.986836976321,3023.986836976321,-1.2894016766061107,sl,0.1,0.7000000000000001,-135.0236949999982,-1.0,9041.291971757903
2025-04-07,1,2025-04-07 17:00:00,2025-04-07 17:29:25,6,2970.669,2957.3009895,2957.3009895,3019.651437908497,3019.651437908497,-1.6237946304974407,sl,0.1,0.7000000000000001,-134.38010499999854,-1.0,8906.911866757902
2025-04-07,1,2025-04-07 17:35:00,2025-04-07 23:59:55,65,2962.433,2981.399,2949.1020515,3017.8458767772513,3017.8458767772513,-1.8353282122014658,session_end,0.1,0.7000000000000001,188.95999999999896,1.4227044684779877,9095.871866757901
2025-04-08,-1,2025-04-08 01:10:00,2025-04-08 03:11:25,25,2997.236,2995.457912280702,3010.7235619999997,2988.0041904761906,2988.0041904761906,0.3081089897113677,tp,0.1,0.7000000000000001,17.080877192976732,0.13183166233435664,9112.952743950878
2025-04-08,-1,2025-04-08 06:20:00,2025-04-08 09:18:45,36,3009.592,3000.982313813815,3023.135164,2997.5986622807022,2997.5986622807022,0.4017495027214478,tp,0.1,0.7000000000000001,85.39686186185172,0.6357219174326885,9198.349605812731
2025-04-08,-1,2025-04-08 11:15:00,2025-04-08 12:54:40,20,3011.384,3003.1550670995675,3024.935228,3001.8704086419757,3001.8704086419757,0.3173052151286393,tp,0.1,0.7000000000000001,81.58932900432482,0.6072462879698134,9279.938934817055
2025-04-08,-1,2025-04-08 13:15:00,2025-04-08 15:12:05,24,3018.53,3004.3835604395613,3032.113385,3003.274200209644,3003.274200209644,0.5106859636487915,tp,0.1,0.7000000000000001,140.76439560438922,1.041451711811085,9420.703330421444
2025-04-08,1,2025-04-08 16:25:00,2025-04-08 17:02:45,8,2995.234,2981.755447,2981.755447,3004.3129771573617,3004.3129771573617,-0.30284718092089513,sl,0.1,0.7000000000000001,-135.4855299999992,-1.0,9285.217800421446
2025-04-08,1,2025-04-08 17:10:00,2025-04-08 23:59:55,70,2983.1,2978.382,2969.67605,3003.6010598705507,3003.6010598705507,-0.6823329550773989,session_end,0.1,0.7000000000000001,-47.879999999998475,-0.35146138059214244,9237.337800421446
2025-04-09,-1,2025-04-09 01:30:00,2025-04-09 01:46:00,4,2990.175,3003.6307875,3003.6307875,2980.7000000000007,2980.7000000000007,0.31792867447241596,sl,0.1,0.7000000000000001,-135.2578750000004,-1.0,9102.079925421447
2025-04-09,-1,2025-04-09 01:55:00,2025-04-09 06:07:55,51,3008.473,3022.0111285,3022.0111285,2984.9047028985515,2984.9047028985515,0.7888961104380414,sl,0.1,0.7000000000000001,-136.08128499999856,-1.0,8965.998640421447
2025-04-09,-1,2025-04-09 06:15:00,2025-04-09 06:33:35,4,3020.497,3034.0892364999995,3034.0892364999995,3002.0033222222223,3002.0033222222223,0.6165608692290234,sl,0.1,0.7000000000000001,-136.6223649999967,-1.0,8829.376275421451
2025-04-09,-1,2025-04-09 06:40:00,2025-04-09 07:06:00,6,3031.411,3045.0523494999998,3045.0523494999998,3003.7274166666666,3003.7274166666666,0.9215244758810746,sl,0.1,0.7000000000000001,-137.11349499999704,-1.0,8692.262780421453
2025-04-09,-1,2025-04-09 07:15:00,2025-04-09 11:20:25,50,3045.375,3059.0791875,3059.0791875,3006.4372586206896,3006.4372586206896,1.2958940442743463,sl,0.1,0.7000000000000001,-137.74187499999988,-1.0,8554.520905421454
2025-04-09,-1,2025-04-09 11:30:00,2025-04-09 13:35:50,26,3060.372,3074.1436739999995,3074.1436739999995,3020.686320048308,3020.686320048308,1.31447544513847,sl,0.1,0.7000000000000001,-138.4167399999962,-1.0,8416.104165421457
2025-04-09,-1,2025-04-09 13:45:00,2025-04-09 15:25:35,21,3073.011,3086.8395495,3086.8395495,3026.942830303029,3026.942830303029,1.5217555229597715,sl,0.1,0.7000000000000001,-138.98549500000007,-1.0,8277.118670421458
2025-04-09,-1,2025-04-09 15:35:00,2025-04-09 17:21:40,22,3085.057,3098.9397564999995,3098.9397564999995,3032.830623885917,3032.830623885917,1.72142406182874,sl,0.1,0.7000000000000001,-139.52756499999686,-1.0,8137.59110542146
2025-04-09,-1,2025-04-09 17:30:00,2025-04-09 17:48:10,4,3060.309,3074.0803905000002,3074.0803905000002,3038.6532658730157,3038.6532658730157,0.7122311179774106,sl,0.1,0.7000000000000001,-138.4139050000005,-1.0,7999.17720042146
2025-04-09,-1,2025-04-09 17:55:00,2025-04-09 19:08:10,15,3068.852,3082.6618339999995,3082.6618339999995,3039.2689674418602,3039.2689674418602,0.975975896700787,sl,0.1,0.7000000000000001,-138.7983399999968,-1.0,7860.378860421463
2025-04-09,-1,2025-04-09 19:15:00,2025-04-09 23:59:55,45,3086.459,3086.883,3100.3480655,3041.159155844157,3041.159155844157,1.4886542214945742,session_end,0.1,0.7000000000000001,-4.939999999999782,-0.030527611810886607,7855.438860421464
2025-04-10,-1,2025-04-10 02:10:00,2025-04-10 03:14:20,13,3111.874,3125.8774329999997,3125.8774329999997,3091.3676410256408,3091.3676410256408,0.666820041097407,sl,0.1,0.7000000000000001,-140.73432999999858,-1.0,7714.704530421465
2025-04-10,-1,2025-04-10 03:20:00,2025-04-10 07:30:40,51,3123.718,3113.027368518519,3137.7747309999995,3099.943245833334,3099.943245833334,0.7665061029295801,tp,0.1,0.7000000000000001,106.20631481480977,0.7605346848766777,7820.910845236275
2025-04-10,-1,2025-04-10 11:40:00,2025-04-10 14:05:05,30,3123.304,3137.358868,3137.358868,3113.2808964285728,3113.2808964285728,0.3234723722803034,sl,0.1,0.7000000000000001,-141.24867999999714,-1.0,7679.662165236278
2025-04-10,-1,2025-04-10 14:15:00,2025-04-10 15:00:45,10,3142.961,3157.1043244999996,3157.1043244999996,3115.6424366471742,3115.6424366471742,0.8808155592577598,sl,0.1,0.7000000000000001,-142.13324499999834,-1.0,7537.52892023628
2025-04-10,-1,2025-04-10 15:10:00,2025-04-10 15:30:15,5,3157.617,3171.8262765,3171.8262765,3117.733920329672,3117.733920329672,1.2763622774492696,sl,0.1,0.7000000000000001,-142.7927649999976,-1.0,7394.736155236283
2025-04-10,-1,2025-04-10 15:40:00,2025-04-10 22:33:10,71,3174.681,3188.9670644999997,3188.9670644999997,3119.2573342198602,3119.2573342198602,1.7788902881274327,sl,0.1,0.7000000000000001,-143.5606449999961,-1.0,7251.175510236287
2025-04-10,-1,2025-04-10 22:40:00,2025-04-10 23:59:55,16,3185.054,3189.071,3199.386743,3132.859997435899,3132.859997435899,1.6674062232865443,session_end,0.1,0.7000000000000001,-40.86999999999826,-0.2802673570578809,7210.305510236289
2025-04-11,-1,2025-04-11 00:40:00,2025-04-11 01:18:30,8,3206.49,3201.543277777778,3220.9192049999997,3193.7138333333332,3193.7138333333332,0.3987103206857026,tp,0.1,0.7000000000000001,48.767222222219786,0.34282708037081805,7259.072732458509
2025-04-11,-1,2025-04-11 01:45:00,2025-04-11 04:19:35,31,3214.697,3211.195748366015,3229.1631365,3203.907896825397,3203.907896825397,0.33826200763578107,tp,0.1,0.7000000000000001,34.31251633985248,0.242030872167238,7293.385248798361
2025-04-11,1,2025-04-11 05:45:00,2025-04-11 06:42:20,12,3189.288,3209.322912500001,3174.936204,3211.2873454106293,3211.2873454106293,-0.6870093840141309,tp,0.1,0.7000000000000001,199.64912500001157,1.395986432638902,7493.034373798373
2025-04-11,1,2025-04-11 07:00:00,2025-04-11 07:05:20,2,3197.318,3208.9023196078438,3182.9300690000005,3208.9735793650802,3208.9735793650802,-0.3647608518919638,tp,0.1,0.7000000000000001,115.14319607843554,0.8051414486102104,7608.177569876809
2025-04-11,-1,2025-04-11 08:20:00,2025-04-11 10:13:35,23,3219.296,3233.782832,3233.782832,3209.0979700000003,3209.0979700000003,0.31808097151984666,sl,0.1,0.7000000000000001,-145.56832000000048,-1.0,7462.6092498768085
2025-04-11,-1,2025-04-11 10:20:00,2025-04-11 10:51:15,7,3228.721,3212.055135897437,3243.2502445,3211.5051612903235,3211.5051612903235,0.5363634135576278,tp,0.1,0.7000000000000001,165.95864102562865,1.1470564833954622,7628.567890902437
2025-04-11,-1,2025-04-11 11:20:00,2025-04-11 11:51:40,7,3222.152,3212.520755868546,3236.651684,3212.285693627452,3212.285693627452,0.30694051877477757,tp,0.1,0.7000000000000001,95.61244131453968,0.6642382090157305,7724.180332216977
2025-04-11,-1,2025-04-11 12:30:00,2025-04-11 13:32:45,13,3225.21,3239.723445,3239.723445,3212.7939088888907,3212.7939088888907,0.3885587269252139,sl,0.1,0.7000000000000001,-145.83445000000046,-1.0,7578.345882216977
2025-04-11,-1,2025-04-11 13:40:00,2025-04-11 20:57:55,88,3233.181,3237.678,3247.7303145,3214.345398373985,3214.345398373985,0.5881166857668034,session_end,0.1,0.7000000000000001,-45.66999999999844,-0.3090867270756868,7532.675882216979
2025-04-14,-1,2025-04-14 01:35:00,2025-04-14 03:01:30,18,3234.428,3230.147222222223,3248.9829259999997,3223.2459210526317,3223.2459210526317,0.3483314404909471,tp,0.1,0.7000000000000001,42.10777777777075,0.2941119575446234,7574.7836599947495
2025-04-14,1,2025-04-14 08:10:00,2025-04-14 08:58:20,10,3220.39,3229.575920560747,3205.898245,3230.247608843537,3230.247608843537,-0.3043453640093021,tp,0.1,0.7000000000000001,91.15920560747035,0.6338721956551866,7665.94286560222
2025-04-14,1,2025-04-14 10:20:00,2025-04-14 12:05:05,22,3219.03,3227.3933091954023,3204.544365,3228.922279569891,3228.922279569891,-0.307340304617468,tp,0.1,0.7000000000000001,82.93309195402053,0.5773519210861002,7748.875957556241
2025-04-14,1,2025-04-14 12:30:00,2025-04-14 13:13:30,9,3212.062,3197.607721,3197.607721,3227.219495555555,3227.219495555555,-0.47254286783272315,sl,0.1,0.7000000000000001,-145.2427900000004,-1.0,7603.633167556241
2025-04-14,1,2025-04-14 13:20:00,2025-04-14 23:59:55,111,3199.08,3212.688,3184.6841400000003,3225.896914583333,3225.896914583333,-0.8336414738412836,session_end,0.1,0.7000000000000001,135.38000000000176,0.9452717656326558,7739.0131675562425
2025-04-15,-1,2025-04-15 01:25:00,2025-04-15 05:43:50,52,3224.335,3222.5159117647067,3238.8445075,3213.8874607843136,3213.8874607843136,0.32446808865987065,tp,0.1,0.7000000000000001,17.490882352932932,0.1253721558290867,7756.504049909176
2025-04-15,1,2025-04-15 13:55:00,2025-04-15 14:20:00,6,3212.056,3223.034713178293,3197.601748,3223.168372255488,3223.168372255488,-0.3466425257725395,tp,0.1,0.7000000000000001,109.08713178292764,0.7595490363868547,7865.591181692103
2025-04-15,-1,2025-04-15 22:30:00,2025-04-15 23:58:15,18,3235.031,3249.5886394999998,3249.5886394999998,3223.942925064599,3223.942925064599,0.34605373589787564,sl,0.1,0.7000000000000001,-146.27639499999822,-1.0,7719.314786692105
2025-04-16,-1,2025-04-16 01:05:00,2025-04-16 01:30:05,6,3273.243,3264.3113888888893,3287.9725934999997,3262.287038461539,3262.287038461539,0.3345034146231038,tp,0.1,0.7000000000000001,88.61611111110669,0.6063718670247641,7807.930897803212
2025-04-16,-1,2025-04-16 03:55:00,2025-04-16 04:36:05,9,3280.053,3269.825287878788,3294.8132385,3268.4461737588645,3268.4461737588645,0.3556529807485505,tp,0.1,0.7000000000000001,101.5771212121188,0.6929232289310142,7909.508019015331
2025-04-16,-1,2025-04-16 04:55:00,2025-04-16 07:07:55,27,3282.556,3297.327502,3297.327502,3270.348494350282,3270.348494350282,0.3726515896018892,sl,0.1,0.7000000000000001,-148.41502000000054,-1.0,7761.092999015331
2025-04-16,-1,2025-04-16 07:15:00,2025-04-16 08:15:10,13,3297.221,3312.0584945,3312.0584945,3276.589842911878,3276.589842911878,0.6289361218860543,sl,0.1,0.7000000000000001,-149.07494500000047,-1.0,7612.018054015331
2025-04-16,-1,2025-04-16 08:25:00,2025-04-16 16:03:45,92,3313.631,3328.5423395,3328.5423395,3279.9522970297025,3279.9522970297025,1.029197985619109,sl,0.1,0.7000000000000001,-149.8133949999994,-1.0,7462.204659015331
2025-04-16,-1,2025-04-16 16:10:00,2025-04-16 19:09:25,36,3327.314,3342.2869129999995,3342.2869129999995,3293.0064355670097,3293.0064355670097,1.0426358133454026,sl,0.1,0.7000000000000001,-150.42912999999606,-1.0,7311.775529015335
2025-04-16,-1,2025-04-16 19:15:00,2025-04-16 22:11:10,24,3339.008,3354.0335359999995,3354.0335359999995,3299.1907748917733,3299.1907748917733,1.2076211358081856,sl,0.1,0.7000000000000001,-150.95535999999646,-1.0,7160.820169015339
2025-04-16,-1,2025-04-16 22:20:00,2025-04-16 23:59:55,20,3354.324,3350.231,3369.418458,3303.264921223957,3303.264921223957,1.5478195057118933,session_end,0.1,0.7000000000000001,40.22999999999847,0.2711591234345638,7201.050169015338
2025-04-17,1,2025-04-17 01:50:00,2025-04-17 03:14:30,17,3328.539,3340.656377192982,3313.5605745000003,3345.8389090909086,3345.8389090909086,-0.5167735076524251,tp,0.1,0.7000000000000001,120.47377192981621,0.8089887146670827,7321.523940945154
2025-04-17,1,2025-04-17 06:00:00,2025-04-17 07:24:00,17,3329.555,3314.5720025,3314.5720025,3340.1829722222233,3340.1829722222233,-0.31957746958759065,sl,0.1,0.7000000000000001,-150.52997499999782,-1.0,7170.993965945157
2025-04-17,1,2025-04-17 07:30:00,2025-04-17 10:26:55,36,3317.013,3333.1897013333346,3302.0864415,3337.5687388888896,3337.5687388888896,-0.6155450417997677,tp,0.1,0.7000000000000001,161.06701333334678,1.0837529182185475,7332.0609792785035
2025-04-17,1,2025-04-17 13:55:00,2025-04-17 14:28:55,7,3317.983,3303.0520765000006,3303.0520765000006,3331.733091816369,3331.733091816369,-0.4164676891570629,sl,0.1,0.7000000000000001,-150.00923499999607,-1.0,7182.051744278508
2025-04-17,1,2025-04-17 14:35:00,2025-04-17 20:30:10,72,3293.126,3325.082198509485,3278.3069330000003,3330.658822857145,3330.658822857145,-1.12852516142441,tp,0.1,0.7000000000000001,318.86198509484694,2.1564244570515068,7500.913729373355
2025-04-21,-1,2025-04-21 00:45:00,2025-04-21 02:59:25,27,3369.858,3385.022361,3385.022361,3356.614537037037,3356.614537037037,0.39459290951694564,sl,0.1,0.7000000000000001,-152.34360999999643,-1.0,7348.5701193733585
2025-04-21,-1,2025-04-21 03:05:00,2025-04-21 04:14:40,14,3382.822,3374.4429600000008,3398.044699,3371.8163828828833,3371.8163828828833,0.32478391091253517,tp,0.1,0.7000000000000001,83.0903999999935,0.5504306430810589,7431.660519373352
2025-04-21,-1,2025-04-21 06:10:00,2025-04-21 11:42:50,67,3387.034,3402.275653,3402.275653,3376.042504504505,3376.042504504505,0.3282540276287628,sl,0.1,0.7000000000000001,-153.1165300000004,-1.0,7278.543989373352
2025-04-21,-1,2025-04-21 11:50:00,2025-04-21 13:01:10,15,3403.9,3419.21755,3419.21755,3383.9247992957735,3383.9247992957735,0.5899274330322223,sl,0.1,0.7000000000000001,-153.87549999999754,-1.0,7124.6684893733545
2025-04-21,-1,2025-04-21 13:10:00,2025-04-21 23:17:00,110,3421.508,3436.9047859999996,3436.9047859999996,3386.283988396624,3386.283988396624,1.041599337924305,sl,0.1,0.7000000000000001,-154.66785999999792,-1.0,6970.000629373357
2025-04-22,-1,2025-04-22 01:25:00,2025-04-22 02:21:10,12,3440.04,3455.52018,3455.52018,3426.5848137254907,3426.5848137254907,0.39373565832858703,sl,0.1,0.7000000000000001,-155.50180000000017,-1.0,6814.498829373357
2025-04-22,-1,2025-04-22 02:30:00,2025-04-22 02:45:35,4,3455.968,3471.519856,3471.519856,3436.387222222222,3436.387222222222,0.5700835357288201,sl,0.1,0.7000000000000001,-156.21856000000042,-1.0,6658.2802693733565
2025-04-22,-1,2025-04-22 02:55:00,2025-04-22 03:24:55,6,3471.114,3486.734013,3486.734013,3440.5410333333334,3440.5410333333334,0.8902805218686926,sl,0.1,0.7000000000000001,-156.90012999999743,-1.0,6501.380139373359
2025-04-22,-1,2025-04-22 03:30:00,2025-04-22 07:13:25,45,3488.648,3466.2767984496136,3504.346916,3446.9256904761896,3446.9256904761896,1.2106094900480786,tp,0.1,0.7000000000000001,223.0120155038656,1.425015685821034,6724.392154877225
2025-04-22,1,2025-04-22 08:45:00,2025-04-22 10:05:10,17,3451.327,3464.8129628099173,3435.7960285000004,3466.5145126984125,3466.5145126984125,-0.43966389416752677,tp,0.1,0.7000000000000001,134.15962809917056,0.8683270592517142,6858.551782976396
2025-04-22,1,2025-04-22 10:50:00,2025-04-22 12:20:20,19,3453.166,3463.306779279279,3437.6267530000005,3464.4738179487176,3464.4738179487176,-0.3267831868165401,tp,0.1,0.7000000000000001,100.70779279278831,0.6525914208892506,6959.259575769184
2025-04-22,1,2025-04-22 12:35:00,2025-04-22 12:46:05,3,3451.786,3436.2529630000004,3436.2529630000004,3463.132369757174,3463.132369757174,-0.32738770992946,sl,0.1,0.7000000000000001,-156.03036999999694,-1.0,6803.2292057691875
2025-04-22,1,2025-04-22 12:55:00,2025-04-22 13:44:15,10,3429.795,3414.3609225000005,3414.3609225000005,3462.5661430107525,3462.5661430107525,-0.9482459440385766,sl,0.1,0.7000000000000001,-155.04077499999602,-1.0,6648.188430769192
2025-04-22,1,2025-04-22 13:50:00,2025-04-22 16:02:35,27,3421.769,3406.3710395,3406.3710395,3460.598351405622,3460.598351405622,-1.1216225480156117,sl,0.1,0.7000000000000001,-154.67960499999953,-1.0,6493.508825769192
2025-04-22,1,2025-04-22 16:10:00,2025-04-22 16:16:40,2,3418.481,3403.0978355,3403.0978355,3455.5543505154646,3455.5543505154646,-1.0711407421487447,sl,0.1,0.7000000000000001,-154.5316450000002,-1.0,6338.977180769192
2025-04-22,1,2025-04-22 16:25:00,2025-04-22 16:31:55,2,3398.028,3382.736874,3382.736874,3454.793987309645,3454.793987309645,-1.6450904892857028,sl,0.1,0.7000000000000001,-153.6112599999962,-1.0,6185.365920769196
2025-04-22,1,2025-04-22 16:40:00,2025-04-22 22:02:55,53,3376.942,3361.745761,3361.745761,3453.761426666667,3453.761426666667,-2.224036844976913,sl,0.1,0.7000000000000001,-152.66238999999877,-1.0,6032.703530769198
2025-04-22,1,2025-04-22 22:10:00,2025-04-22 22:30:00,5,3332.959,3317.9606845,3317.9606845,3438.9702709973735,3438.9702709973735,-3.0841432940510076,sl,0.1,0.7000000000000001,-150.68315499999989,-1.0,5882.020375769198
2025-04-22,1,2025-04-22 22:40:00,2025-04-22 23:59:55,16,3329.223,3336.622,3314.2414965000003,3436.4365621794855,3436.4365621794855,-3.1217239206490106,session_end,0.1,0.7000000000000001,73.28999999999887,0.4938756647488712,5955.310375769197
2025-04-23,-1,2025-04-23 00:40:00,2025-04-23 00:55:00,4,3355.362,3370.461129,3370.461129,3345.1028333333334,3345.1028333333334,0.3080822079361079,sl,0.1,0.7000000000000001,-151.6912899999972,-1.0,5803.6190857692
2025-04-23,-1,2025-04-23 01:05:00,2025-04-23 01:41:55,8,3364.749,3379.8903705,3379.8903705,3352.483551282051,3352.483551282051,0.36933659863040524,sl,0.1,0.7000000000000001,-152.11370499999992,-1.0,5651.5053807692
2025-04-23,-1,2025-04-23 01:50:00,2025-04-23 02:39:20,10,3381.233,3364.996252688171,3396.4485485,3360.6375,3360.6375,0.6126218611796183,tp,0.1,0.7000000000000001,161.66747311829278,1.0671154780801655,5813.172853887493
2025-04-23,1,2025-04-23 03:05:00,2025-04-23 03:13:15,2,3345.004,3329.951482,3329.951482,3363.9496711711704,3363.9496711711704,-0.5623500058068366,sl,0.1,0.7000000000000001,-151.22517999999963,-1.0,5661.947673887494
2025-04-23,1,2025-04-23 03:20:00,2025-04-23 05:40:30,29,3339.139,3324.1128745,3324.1128745,3362.113233333332,3362.113233333332,-0.6855132987440159,sl,0.1,0.7000000000000001,-150.96125500000034,-1.0,5510.9864188874935
2025-04-23,1,2025-04-23 05:50:00,2025-04-23 06:53:25,13,3318.014,3303.082937,3303.082937,3352.7553476190474,3352.7553476190474,-1.0376494558051503,sl,0.1,0.7000000000000001,-150.01062999999994,-1.0,5360.975788887494
2025-04-23,1,2025-04-23 07:00:00,2025-04-23 09:20:10,29,3301.218,3338.9102886904757,3286.362519,3346.5823928571426,3346.5823928571426,-1.3570827646161303,tp,0.1,0.7000000000000001,376.22288690475835,2.537264777254651,5737.198675792252
2025-04-23,1,2025-04-23 09:50:00,2025-04-23 11:22:35,19,3328.432,3337.279303921569,3313.454056,3338.6789576271185,3338.6789576271185,-0.3066319869938802,tp,0.1,0.7000000000000001,87.77303921569164,0.5906888102645671,5824.971715007944
2025-04-23,1,2025-04-23 11:55:00,2025-04-23 13:00:00,14,3324.976,3310.013608,3310.013608,3337.1173694638696,3337.1173694638696,-0.3657908341962451,sl,0.1,0.7000000000000001,-150.32391999999908,-1.0,5674.647795007945
2025-04-23,1,2025-04-23 13:10:00,2025-04-23 13:38:25,6,3305.963,3291.0861665,3291.0861665,3335.475858649789,3335.475858649789,-0.8860912176337296,sl,0.1,0.7000000000000001,-149.46833499999974,-1.0,5525.179460007946
2025-04-23,1,2025-04-23 13:45:00,2025-04-23 13:50:40,2,3292.36,3277.5443800000003,3277.5443800000003,3333.9648797979803,3333.9648797979803,-1.2499045820934258,sl,0.1,0.7000000000000001,-148.85619999999852,-1.0,5376.323260007947
2025-04-23,1,2025-04-23 14:00:00,2025-04-23 14:01:55,1,3277.629,3262.8796695,3262.8796695,3332.985156746033,3332.985156746033,-1.6616832701440556,sl,0.1,0.7000000000000001,-148.19330499999813,-1.0,5228.129955007949
2025-04-23,1,2025-04-23 14:10:00,2025-04-23 23:51:30,105,3263.552,3316.889881995134,3248.8660160000004,3332.2155019607853,3332.2155019607853,-2.0603109828997335,tp,0.1,0.7000000000000001,532.6788199513401,3.6318902427739927,5760.80877495929
2025-04-24,-1,2025-04-24 00:35:00,2025-04-24 01:17:05,9,3336.453,3351.4670385,3351.4670385,3323.616880952381,3323.616880952381,0.3880296529220735,sl,0.1,0.7000000000000001,-150.84038499999969,-1.0,5609.96838995929
2025-04-24,-1,2025-04-24 01:25:00,2025-04-24 02:37:15,15,3360.976,3344.2101021505373,3376.100392,3333.4489509803925,3333.4489509803925,0.8270577838457435,tp,0.1,0.7000000000000001,166.95897849462818,1.1085336752355488,5776.9273684539185
2025-04-24,1,2025-04-24 03:25:00,2025-04-24 07:04:30,44,3329.294,3334.376902777778,3314.3121770000002,3343.0435406504066,3343.0435406504066,-0.41297818836425904,tp,0.1,0.7000000000000001,50.129027777781445,0.3392713141637218,5827.0563962317
2025-04-24,1,2025-04-24 07:40:00,2025-04-24 07:48:50,2,3323.899,3334.0753835125447,3308.9414545,3334.1424836956526,3334.1424836956526,-0.3086545864784402,tp,0.1,0.7000000000000001,101.06383512544816,0.6803511654064411,5928.120231357148
2025-04-24,1,2025-04-24 13:40:00,2025-04-24 14:06:05,6,3323.655,3308.6985525000005,3308.6985525000005,3334.301230691057,3334.301230691057,-0.31855942088517386,sl,0.1,0.7000000000000001,-150.2644749999974,-1.0,5777.855756357151
2025-04-24,1,2025-04-24 14:15:00,2025-04-24 16:04:25,22,3313.827,3332.394688368056,3298.9147785000005,3333.4927972709556,3333.4927972709556,-0.5937705126334809,tp,0.1,0.7000000000000001,184.9768836805577,1.2451322807977383,5962.832640037709
2025-04-24,-1,2025-04-24 19:50:00,2025-04-24 22:26:45,16,3343.992,3359.039964,3359.039964,3332.835384453781,3332.835384453781,0.33455344354027194,sl,0.1,0.7000000000000001,-151.17963999999864,-1.0,5811.653000037711
2025-04-24,-1,2025-04-24 22:35:00,2025-04-24 23:59:55,17,3363.911,3349.074,3379.0485995,3333.747738562091,3333.747738562091,0.9048603494792254,session_end,0.1,0.7000000000000001,147.6699999999999,0.9801421949365311,5959.323000037711
2025-04-25,1,2025-04-25 03:50:00,2025-04-25 03:59:45,2,3338.49,3323.466795,3323.466795,3351.1188260869567,3351.1188260869567,-0.37680926109389296,sl,0.1,0.7000000000000001,-150.9320499999996,-1.0,5808.390950037711
2025-04-25,1,2025-04-25 04:05:00,2025-04-25 05:42:25,20,3324.335,3309.3754925000003,3309.3754925000003,3349.791132653062,3349.791132653062,-0.7590214328654233,sl,0.1,0.7000000000000001,-150.29507499999744,-1.0,5658.095875037714
2025-04-25,1,2025-04-25 05:50:00,2025-04-25 05:54:50,1,3303.135,3288.2708925,3288.2708925,3340.866004761905,3340.866004761905,-1.128285441803929,sl,0.1,0.7000000000000001,-149.34107500000044,-1.0,5508.754800037714
2025-04-25,1,2025-04-25 06:00:00,2025-04-25 13:02:00,85,3294.407,3279.5821685000005,3279.5821685000005,3339.5491481481486,3339.5491481481486,-1.3461292573902295,sl,0.1,0.7000000000000001,-148.94831499999617,-1.0,5359.806485037718
2025-04-25,1,2025-04-25 13:10:00,2025-04-25 13:27:30,4,3283.646,3268.8695930000004,3268.8695930000004,3317.828396624471,3317.828396624471,-1.0326000181120465,sl,0.1,0.7000000000000001,-148.46406999999834,-1.0,5211.34241503772
2025-04-25,1,2025-04-25 13:35:00,2025-04-25 19:43:25,74,3270.368,3306.856913135595,3255.651344,3316.5280746421254,3316.5280746421254,-1.3915629116785064,tp,0.1,0.7000000000000001,364.18913135594886,2.4794296432283764,5575.531546393669
2025-04-28,1,2025-04-28 01:25:00,2025-04-28 01:40:40,4,3295.46,3280.63043,3280.63043,3309.0220686274515,3309.0220686274515,-0.4118004759364931,sl,0.1,0.7000000000000001,-148.99569999999875,-1.0,5426.53584639367
2025-04-28,1,2025-04-28 01:50:00,2025-04-28 02:03:35,3,3287.031,3272.2393605,3272.2393605,3304.1979848484857,3304.1979848484857,-0.5191421617936829,sl,0.1,0.7000000000000001,-148.61639499999745,-1.0,5277.919451393673
2025-04-28,1,2025-04-28 02:10:00,2025-04-28 03:22:00,15,3272.929,3293.311525,3258.2008195000003,3300.5926153846162,3300.5926153846162,-0.8399435681760407,tp,0.1,0.7000000000000001,203.12524999999988,1.3839133082324928,5481.044701393673
2025-04-28,1,2025-04-28 06:55:00,2025-04-28 07:45:20,11,3283.186,3292.2436684587815,3268.4116630000003,3293.2506887550194,3293.2506887550194,-0.30599519160289274,tp,0.1,0.7000000000000001,89.87668458781336,0.6130676766599705,5570.921385981486
2025-04-28,1,2025-04-28 08:50:00,2025-04-28 10:44:40,23,3281.561,3289.681955729167,3266.7939755,3291.432405660377,3291.432405660377,-0.3011426163068381,tp,0.1,0.7000000000000001,80.5095572916678,0.5499385288598131,5651.430943273154
2025-04-28,-1,2025-04-28 12:30:00,2025-04-28 13:43:45,15,3302.08,3290.693920731707,3316.93936,3290.052577777778,3290.052577777778,0.3674081777254341,tp,0.1,0.7000000000000001,113.16079268293088,0.7662563709536041,5764.591735956085
2025-04-28,-1,2025-04-28 14:20:00,2025-04-28 14:35:00,4,3307.525,3322.4088625,3322.4088625,3290.9147596899224,3290.9147596899224,0.5058393038307027,sl,0.1,0.7000000000000001,-149.5386249999985,-1.0,5615.053110956087
2025-04-28,-1,2025-04-28 14:45:00,2025-04-28 18:24:55,44,3330.015,3345.0000674999997,3345.0000674999997,3291.717780602636,3291.717780602636,1.1653100889573043,sl,0.1,0.7000000000000001,-150.55067499999785,-1.0,5464.502435956089
2025-04-28,-1,2025-04-28 18:30:00,2025-04-28 23:59:55,54,3348.287,3337.781,3363.3542915,3300.1819504504497,3300.1819504504497,1.4571181308044872,session_end,0.1,0.7000000000000001,104.35999999999858,0.6972719682233434,5568.862435956088
2025-04-29,1,2025-04-29 03:00:00,2025-04-29 05:17:15,28,3320.712,3305.7687960000003,3305.7687960000003,3330.804796296297,3330.804796296297,-0.3044998706491225,sl,0.1,0.7000000000000001,-150.13203999999695,-1.0,5418.730395956091
2025-04-29,1,2025-04-29 05:25:00,2025-04-29 06:29:20,13,3307.661,3321.497465367965,3292.7765255000004,3323.144797435897,3323.144797435897,-0.4666753446272656,tp,0.1,0.7000000000000001,137.66465367965048,0.9295904513098769,5556.395049635742
2025-04-29,1,2025-04-29 10:00:00,2025-04-29 13:30:30,43,3309.113,3317.785452674896,3294.2219915,3319.963633333333,3319.963633333333,-0.3247364888304032,tp,0.1,0.7000000000000001,86.02452674896249,0.5823952538134931,5642.419576384705
2025-04-29,1,2025-04-29 13:50:00,2025-04-29 14:39:05,10,3301.358,3317.2102257142847,3286.501889,3317.688576305219,3317.688576305219,-0.49197132068966926,tp,0.1,0.7000000000000001,157.82225714284488,1.0670508395019684,5800.24183352755
2025-04-29,1,2025-04-29 15:45:00,2025-04-29 16:22:40,8,3306.503,3316.7499778911556,3291.6237365,3316.871905643738,3316.871905643738,-0.31054577736968497,tp,0.1,0.7000000000000001,101.76977891155438,0.688675073948079,5902.011612439104
2025-04-29,-1,2025-04-29 16:50:00,2025-04-29 17:58:15,14,3327.329,3317.3866286821703,3342.3019805,3316.8874620462043,3316.8874620462043,0.31650268735134407,tp,0.1,0.7000000000000001,98.72371317829838,0.664020855288633,6000.735325617403
2025-04-30,1,2025-04-30 04:25:00,2025-04-30 05:08:25,9,3301.828,3311.334543715847,3286.969774,3312.152034591195,3312.152034591195,-0.3130452492189017,tp,0.1,0.7000000000000001,94.36543715846874,0.6398168742248894,6095.100762775872
2025-04-30,1,2025-04-30 08:15:00,2025-04-30 11:02:50,34,3285.288,3270.5042040000003,3270.5042040000003,3310.3742205387202,3310.3742205387202,-0.7593014826773813,sl,0.1,0.7000000000000001,-148.5379599999971,-1.0,5946.562802775875
2025-04-30,1,2025-04-30 11:10:00,2025-04-30 12:46:55,20,3277.204,3299.768700435731,3262.4565820000003,3302.5542263681596,3302.5542263681596,-0.7691539525785125,tp,0.1,0.7000000000000001,224.9470043573063,1.530078040490257,6171.509807133181
2025-04-30,-1,2025-04-30 13:40:00,2025-04-30 14:02:00,5,3319.261,3300.3456488095244,3334.1976744999997,3300.0334105691063,3300.0334105691063,0.5824210557789141,tp,0.1,0.7000000000000001,188.45351190475577,1.2663696454305065,6359.963319037937
2025-04-30,-1,2025-04-30 14:20:00,2025-04-30 14:31:10,3,3311.446,3300.6083352490423,3326.347507,3300.5006531007753,3300.5006531007753,0.3312481362169579,tp,0.1,0.7000000000000001,107.67664750957628,0.7272864919606856,6467.639966547514
2025-04-30,-1,2025-04-30 15:05:00,2025-04-30 15:45:40,9,3310.576,3300.932029100529,3325.473592,3300.654947513812,3300.654947513812,0.3007449322645832,tp,0.1,0.7000000000000001,95.73970899471242,0.647350987963113,6563.379675542226
2025-04-30,-1,2025-04-30 16:35:00,2025-04-30 18:26:15,23,3313.051,3302.025620663649,3327.9597295,3301.2917830820766,3301.2917830820766,0.3565791117964617,tp,0.1,0.7000000000000001,109.55379336350852,0.7395250773280782,6672.933468905735
2025-04-30,1,2025-04-30 20:30:00,2025-04-30 22:14:45,9,3290.834,3276.025247,3276.025247,3301.686692411923,3301.686692411923,-0.3291709185156948,sl,0.1,0.7000000000000001,-148.78752999999796,-1.0,6524.145938905737
2025-04-30,1,2025-04-30 22:20:00,2025-04-30 23:59:55,20,3274.22,3272.949,3259.48601,3301.063312499999,3301.063312499999,-0.814398572671994,session_end,0.1,0.7000000000000001,-13.409999999997307,-0.08626312356664792,6510.73593890574
2025-05-01,1,2025-05-01 00:35:00,2025-05-01 01:51:45,16,3249.166,3234.544753,3234.544753,3266.0434047619046,3266.0434047619046,-0.5180551102669259,sl,0.1,0.7000000000000001,-146.91247000000038,-1.0,6363.82346890574
2025-05-01,1,2025-05-01 02:00:00,2025-05-01 02:24:40,5,3238.985,3249.60430952381,3224.4095675000003,3251.0470277777786,3251.0470277777786,-0.3723578180920156,tp,0.1,0.7000000000000001,105.49309523809988,0.7285759461209902,6469.31656414384
2025-05-01,1,2025-05-01 03:10:00,2025-05-01 04:38:25,18,3237.529,3222.9601195,3222.9601195,3248.0343421052635,3248.0343421052635,-0.32471461180509553,sl,0.1,0.7000000000000001,-146.38880499999976,-1.0,6322.92775914384
2025-05-01,1,2025-05-01 04:45:00,2025-05-01 06:03:40,16,3226.855,3239.8300324074066,3212.3341525,3242.1108508771936,3242.1108508771936,-0.47198728177518157,tp,0.1,0.7000000000000001,129.05032407406617,0.8935451190026384,6451.978083217907
2025-05-01,1,2025-05-01 07:20:00,2025-05-01 11:47:05,54,3226.551,3212.0315205,3212.0315205,3239.1659962121207,3239.1659962121207,-0.39014660646903093,sl,0.1,0.7000000000000001,-145.8947949999976,-1.0,6306.083288217909
2025-05-01,1,2025-05-01 11:55:00,2025-05-01 12:56:05,13,3205.44,3232.714486021506,3191.0155200000004,3234.1297319347323,3234.1297319347323,-0.886706295408148,tp,0.1,0.7000000000000001,272.04486021506165,1.8908470892196305,6578.128148432971
2025-05-01,1,2025-05-01 13:10:00,2025-05-01 13:42:00,7,3221.681,3232.328072154472,3207.1834355,3232.5753090717308,3232.5753090717308,-0.336165689357182,tp,0.1,0.7000000000000001,105.7707215447197,0.7344041928195598,6683.898869977691
2025-05-01,1,2025-05-01 14:05:00,2025-05-01 15:43:35,20,3220.895,3206.4009725,3206.4009725,3232.0762504930967,3232.0762504930967,-0.3474778941673472,sl,0.1,0.7000000000000001,-145.640274999999,-1.0,6538.258594977692
2025-05-01,1,2025-05-01 15:50:00,2025-05-01 19:43:05,47,3207.789,3228.1626122881335,3193.3539495000005,3230.6439394736826,3230.6439394736826,-0.7074577050854585,tp,0.1,0.7000000000000001,203.03612288133246,1.411398753896537,6741.294717859025
2025-05-01,-1,2025-05-01 20:45:00,2025-05-01 23:59:55,27,3239.124,3237.352,3253.7000579999994,3228.3542637215514,3228.3542637215514,0.33432626647381875,session_end,0.1,0.7000000000000001,17.019999999999346,0.1215692198809841,6758.314717859024
2025-05-02,-1,2025-05-02 03:15:00,2025-05-02 06:50:45,44,3250.63,3247.5765934959345,3265.257835,3240.0727307692314,3240.0727307692314,0.3234115435513963,tp,0.1,0.7000000000000001,29.83406504065606,0.20873946855878894,6788.148782899681
2025-05-02,-1,2025-05-02 07:35:00,2025-05-02 12:30:00,60,3261.932,3253.3739088888888,3276.6106939999995,3248.221565934066,3248.221565934066,0.42161329786000085,tp,0.1,0.7000000000000001,84.88091111111025,0.5830281025758277,6873.029694010791
2025-05-02,1,2025-05-02 13:10:00,2025-05-02 13:24:05,3,3243.122,3253.261772916667,3228.527951,3253.366624472574,3253.366624472574,-0.31438585481377346,tp,0.1,0.7000000000000001,100.6977291666697,0.6947881918627997,6973.727423177461
2025-05-02,-1,2025-05-02 15:05:00,2025-05-02 15:23:30,4,3263.126,3253.4699447463777,3277.810067,3253.340859116023,3253.340859116023,0.3007874461281138,tp,0.1,0.7000000000000001,95.86055253622526,0.6575872511084792,7069.587975713686
2025-05-02,1,2025-05-02 15:35:00,2025-05-02 16:01:00,6,3242.511,3227.9197005,3227.9197005,3253.4167308377905,3253.4167308377905,-0.33251906327427777,sl,0.1,0.7000000000000001,-146.61299499999876,-1.0,6922.974980713688
2025-05-02,1,2025-05-02 16:10:00,2025-05-02 20:57:55,58,3229.775,3241.009,3215.2410125,3252.7095850515475,3252.7095850515475,-0.7039080635040599,session_end,0.1,0.7000000000000001,111.63999999999923,0.7729468599033782,7034.614980713687
2025-05-05,-1,2025-05-05 01:15:00,2025-05-05 03:18:25,25,3259.178,3258.8966367521366,3273.8443009999996,3247.4997444444443,3247.4997444444443,0.3625791064556338,tp,0.1,0.7000000000000001,2.1136324786328258,0.01918433610924032,7036.72861319232
2025-05-05,-1,2025-05-05 08:25:00,2025-05-05 09:01:20,8,3269.497,3284.2097364999995,3284.2097364999995,3259.461869636964,3259.461869636964,0.30810700553323656,sl,0.1,0.7000000000000001,-147.82736499999663,-1.0,6888.901248192324
2025-05-05,-1,2025-05-05 09:10:00,2025-05-05 09:29:25,4,3286.106,3300.893477,3300.893477,3261.0273030303033,3261.0273030303033,0.7686595247578557,sl,0.1,0.7000000000000001,-148.57476999999852,-1.0,6740.326478192325
2025-05-05,-1,2025-05-05 09:35:00,2025-05-05 10:04:35,6,3300.239,3315.0900755,3315.0900755,3262.547844927536,3262.547844927536,1.155068273743615,sl,0.1,0.7000000000000001,-149.2107549999975,-1.0,6591.115723192328
2025-05-05,-1,2025-05-05 10:10:00,2025-05-05 14:06:00,48,3310.135,3325.0306075,3325.0306075,3265.029161202185,3265.029161202185,1.381284410372894,sl,0.1,0.7000000000000001,-149.6560749999964,-1.0,6441.459648192332
2025-05-05,-1,2025-05-05 14:15:00,2025-05-05 19:25:00,63,3316.123,3331.0455535,3331.0455535,3279.6917339181296,3279.6917339181296,1.110280143261144,sl,0.1,0.7000000000000001,-149.92553500000048,-1.0,6291.5341131923315
2025-05-05,-1,2025-05-05 19:35:00,2025-05-05 23:59:55,41,3335.245,3334.129,3350.2536025,3289.5260794326236,3289.5260794326236,1.3923106083194854,session_end,0.1,0.7000000000000001,10.459999999999855,0.07435735605630049,6301.9941131923315
2025-05-06,-1,2025-05-06 01:05:00,2025-05-06 01:34:00,6,3349.846,3364.920307,3364.920307,3329.8893717948717,3329.8893717948717,0.6009547456629654,sl,0.1,0.7000000000000001,-151.4430699999986,-1.0,6150.551043192333
2025-05-06,-1,2025-05-06 01:40:00,2025-05-06 02:19:30,8,3369.864,3385.0283879999997,3385.0283879999997,3340.632466666667,3340.632466666667,0.8767810774035492,sl,0.1,0.7000000000000001,-152.3438799999969,-1.0,5998.207163192336
2025-05-06,-1,2025-05-06 02:25:00,2025-05-06 03:00:35,8,3381.108,3355.7899166666666,3396.322986,3352.708293103448,3352.708293103448,0.844666592521787,tp,0.1,0.7000000000000001,252.48083333333562,1.6640227821000715,6250.687996525672
2025-05-06,-1,2025-05-06 07:10:00,2025-05-06 11:00:00,47,3368.873,3384.0329285,3384.0329285,3358.825992248061,3358.825992248061,0.3004772433949093,sl,0.1,0.7000000000000001,-152.2992849999975,-1.0,6098.388711525675
2025-05-06,-1,2025-05-06 11:10:00,2025-05-06 14:10:45,37,3382.872,3398.0949239999995,3398.0949239999995,3365.5208557213923,3365.5208557213923,0.5151548607738958,sl,0.1,0.7000000000000001,-152.92923999999692,-1.0,5945.459471525678
2025-05-06,-1,2025-05-06 14:20:00,2025-05-06 16:44:55,29,3392.729,3407.9962804999996,3407.9962804999996,3370.1204670542616,3370.1204670542616,0.6731519887052415,sl,0.1,0.7000000000000001,-153.3728049999974,-1.0,5792.086666525681
2025-05-06,-1,2025-05-06 16:50:00,2025-05-06 20:05:20,40,3408.872,3424.2119239999997,3424.2119239999997,3373.7784900990086,3373.7784900990086,1.039398703972489,sl,0.1,0.7000000000000001,-154.09923999999882,-1.0,5637.987426525682
2025-05-06,-1,2025-05-06 20:15:00,2025-05-06 22:59:15,21,3422.002,3383.288996831433,3437.4010089999997,3380.841991083677,3380.841991083677,1.2192675382356557,tp,0.1,0.7000000000000001,386.4300316856696,2.513993151674084,6024.417458211352
2025-05-07,1,2025-05-07 00:40:00,2025-05-07 00:46:25,2,3378.067,3362.8656985000002,3362.8656985000002,3388.596375,3388.596375,-0.3125741111612938,sl,0.1,0.7000000000000001,-152.7130149999977,-1.0,5871.704443211354
2025-05-07,1,2025-05-07 01:25:00,2025-05-07 01:56:20,7,3370.223,3377.417210144928,3355.0569965,3380.3338529411762,3380.3338529411762,-0.300602052437375,tp,0.1,0.7000000000000001,71.24210144928092,0.47436426774714235,5942.9465446606355
2025-05-07,-1,2025-05-07 02:25:00,2025-05-07 03:27:35,13,3389.29,3380.7458089430897,3404.541805,3377.5847873563225,3377.5847873563225,0.3494719862507556,tp,0.1,0.7000000000000001,84.74191056910222,0.5602085167565604,6027.688455229738
2025-05-07,-1,2025-05-07 06:10:00,2025-05-07 08:02:10,23,3393.199,3383.858999999999,3408.4683955,3381.87627027027,3381.87627027027,0.33422954674881317,tp,0.1,0.7000000000000001,92.70000000001055,0.6116810583628587,6120.388455229749
2025-05-07,1,2025-05-07 09:25:00,2025-05-07 10:13:15,10,3373.184,3383.138415300547,3358.0046720000005,3383.7884882005906,3383.7884882005906,-0.3130215803241026,tp,0.1,0.7000000000000001,98.8441530054677,0.6557876146129102,6219.2326082352165
2025-05-07,-1,2025-05-07 13:50:00,2025-05-07 14:15:50,6,3396.307,3384.8045409356714,3411.5903814999997,3384.5970220883532,3384.5970220883532,0.3457273594251001,tp,0.1,0.7000000000000001,114.32459064328377,0.7526121797279253,6333.5571988785005
2025-05-07,-1,2025-05-07 18:15:00,2025-05-07 18:31:00,4,3395.262,3385.0551426426423,3410.540679,3384.9987024353118,3384.9987024353118,0.30451407728079927,tp,0.1,0.7000000000000001,101.36857357357876,0.6680458014307303,6434.925772452079
2025-05-07,1,2025-05-07 19:15:00,2025-05-07 23:59:55,45,3372.998,3376.55,3357.8195090000004,3384.9491479076482,3384.9491479076482,-0.3549136894737173,session_end,0.1,0.7000000000000001,34.82000000000134,0.2340153576531562,6469.745772452081
2025-05-08,-1,2025-05-08 01:05:00,2025-05-08 01:26:00,5,3393.76,3384.538754901961,3409.03192,3382.2677564102564,3382.2677564102564,0.3388479096021515,tp,0.1,0.7000000000000001,91.51245098039162,0.6038039158166986,6561.258223432473
2025-05-08,-1,2025-05-08 01:50:00,2025-05-08 02:01:40,3,3397.746,3413.035857,3413.035857,3386.2181212121213,3386.2181212121213,0.3398593467971555,sl,0.1,0.7000000000000001,-153.59856999999755,-1.0,6407.659653432475
2025-05-08,-1,2025-05-08 02:10:00,2025-05-08 03:40:50,19,3410.655,3396.006037878788,3426.0029475,3389.5285897435897,3389.5285897435897,0.6250400223947666,tp,0.1,0.7000000000000001,145.78962121212209,0.9544574035852211,6553.449274644598
2025-05-08,1,2025-05-08 04:55:00,2025-05-08 05:49:15,11,3384.996,3369.763518,3369.763518,3395.3366920903964,3395.3366920903964,-0.3050122279337406,sl,0.1,0.7000000000000001,-153.0248199999989,-1.0,6400.424454644599
2025-05-08,1,2025-05-08 05:55:00,2025-05-08 06:14:20,4,3360.472,3345.349876,3345.349876,3392.0073826291086,3392.0073826291086,-0.9319225774976805,sl,0.1,0.7000000000000001,-151.92123999999984,-1.0,6248.503214644599
2025-05-08,1,2025-05-08 06:20:00,2025-05-08 06:34:05,3,3342.005,3326.9659775000005,3326.9659775000005,3389.445153508772,3389.445153508772,-1.4030807803318777,sl,0.1,0.7000000000000001,-151.09022499999645,-1.0,6097.412989644603
2025-05-08,1,2025-05-08 06:40:00,2025-05-08 13:18:50,80,3326.907,3364.7164790356396,3311.9359185000003,3386.7239041666667,3386.7239041666667,-1.7659663397150465,tp,0.1,0.7000000000000001,377.3947903563947,2.5255008487957156,6474.807780000998
2025-05-08,1,2025-05-08 14:25:00,2025-05-08 15:42:15,16,3352.304,3337.218632,3337.218632,3364.3696117533723,3364.3696117533723,-0.35891156878804575,sl,0.1,0.7000000000000001,-151.55368000000016,-1.0,6323.254100000998
2025-05-08,1,2025-05-08 15:50:00,2025-05-08 16:13:55,5,3331.16,3316.16978,3316.16978,3363.301092982456,3363.301092982456,-0.9554479986791726,sl,0.1,0.7000000000000001,-150.6021999999968,-1.0,6172.651900001001
2025-05-08,1,2025-05-08 16:20:00,2025-05-08 19:21:30,37,3308.338,3293.4504790000005,3293.4504790000005,3362.0741632653057,3362.0741632653057,-1.5976049503066012,sl,0.1,0.7000000000000001,-149.5752099999965,-1.0,6023.076690001005
2025-05-08,1,2025-05-08 19:30:00,2025-05-08 23:59:55,42,3292.177,3316.474,3277.3622035000003,3352.986289173788,3352.986289173788,-1.8139587796756333,session_end,0.1,0.7000000000000001,242.27000000000027,1.640049527511249,6265.346690001005
2025-05-09,1,2025-05-09 01:30:00,2025-05-09 01:37:20,2,3302.5,3287.63875,3287.63875,3314.426518518519,3314.426518518519,-0.35933874086437345,sl,0.1,0.7000000000000001,-149.31249999999926,-1.0,6116.034190001006
2025-05-09,1,2025-05-09 01:45:00,2025-05-09 02:12:30,6,3292.835,3278.0172425,3278.0172425,3311.4772460317463,3311.4772460317463,-0.5623697416028641,sl,0.1,0.7000000000000001,-148.8775749999997,-1.0,5967.156615001007
2025-05-09,1,2025-05-09 02:20:00,2025-05-09 02:52:55,7,3282.262,3302.478470588236,3267.4918210000005,3305.3669166666673,3305.3669166666673,-0.6997533783629752,tp,0.1,0.7000000000000001,201.46470588236008,1.368735652305669,6168.621320883367
2025-05-09,-1,2025-05-09 04:05:00,2025-05-09 05:10:30,14,3314.435,3329.3499574999996,3329.3499574999996,3303.9794387755114,3303.9794387755114,0.31852683769692897,sl,0.1,0.7000000000000001,-149.84957499999672,-1.0,6018.77174588337
2025-05-09,-1,2025-05-09 05:20:00,2025-05-09 13:29:45,98,3325.098,3340.0609409999997,3340.0609409999997,3307.497718750001,3307.497718750001,0.5315432615519257,sl,0.1,0.7000000000000001,-150.32940999999772,-1.0,5868.442335883373
2025-05-09,-1,2025-05-09 13:35:00,2025-05-09 20:57:55,89,3337.026,3326.904,3352.0426169999996,3319.190682004091,3319.190682004091,0.5390114551992874,session_end,0.1,0.7000000000000001,100.51999999999843,0.674053283772237,5968.962335883371
2025-05-12,1,2025-05-12 01:05:00,2025-05-12 01:49:30,9,3271.159,3275.990603174604,3256.4387845,3281.3789358974363,3281.3789358974363,-0.31098011222667343,tp,0.1,0.7000000000000001,47.616031746039695,0.3282291060619304,6016.578367629411
2025-05-12,1,2025-05-12 07:05:00,2025-05-12 07:23:10,4,3254.814,3240.167337,3240.167337,3276.454584313726,3276.454584313726,-0.6600452946078548,sl,0.1,0.7000000000000001,-147.16662999999988,-1.0,5869.411737629412
2025-05-12,1,2025-05-12 07:30:00,2025-05-12 07:49:40,4,3231.221,3216.6805055,3216.6805055,3274.6202981481497,3274.6202981481497,-1.3246359638300638,sl,0.1,0.7000000000000001,-146.1049450000002,-1.0,5723.306792629412
2025-05-12,1,2025-05-12 07:55:00,2025-05-12 10:24:50,30,3225.536,3211.0210880000004,3211.0210880000004,3272.0902526315804,3272.0902526315804,-1.4240974127808306,sl,0.1,0.7000000000000001,-145.8491199999964,-1.0,5577.457672629415
2025-05-12,1,2025-05-12 10:30:00,2025-05-12 23:59:55,150,3213.92,3236.942,3199.4573600000003,3260.2847103174604,3260.2847103174604,-1.422489581069265,session_end,0.1,0.7000000000000001,229.51999999999936,1.5918255588191612,5806.977672629415
2025-05-13,1,2025-05-13 01:35:00,2025-05-13 02:38:15,13,3224.31,3232.788575268816,3209.800605,3237.2936052631576,3237.2936052631576,-0.40046121371508775,tp,0.1,0.7000000000000001,84.08575268816257,0.5843507099238965,5891.063425317578
2025-05-13,-1,2025-05-13 04:40:00,2025-05-13 05:13:45,7,3245.141,3259.7441344999997,3259.7441344999997,3233.9512976190463,3233.9512976190463,0.34506402088272997,sl,0.1,0.7000000000000001,-146.73134499999668,-1.0,5744.332080317581
2025-05-13,-1,2025-05-13 05:20:00,2025-05-13 12:02:20,81,3258.681,3246.8738958333324,3273.3450645,3236.2537760416653,3236.2537760416653,0.6918098983485389,tp,0.1,0.7000000000000001,117.37104166667613,0.8051726836490525,5861.703121984257
2025-05-13,1,2025-05-13 13:50:00,2025-05-13 14:41:30,11,3234.207,3245.651195075757,3219.6530685000002,3246.2415361445774,3246.2415361445774,-0.3715384702674283,tp,0.1,0.7000000000000001,113.74195075757306,0.7863301456213115,5975.445072741831
2025-05-13,-1,2025-05-13 16:05:00,2025-05-13 17:15:55,15,3255.938,3246.3412230273743,3270.589721,3245.8791839378237,3245.8791839378237,0.31123512274170123,tp,0.1,0.7000000000000001,95.26776972625775,0.6549931555907975,6070.712842468089
2025-05-14,1,2025-05-14 03:05:00,2025-05-14 06:00:45,36,3230.9,3234.975546296297,3216.3609500000002,3241.696031531531,3241.696031531531,-0.33336042079260564,tp,0.1,0.7000000000000001,40.05546296297034,0.28031723505298306,6110.768305431059
2025-05-14,1,2025-05-14 12:00:00,2025-05-14 12:36:35,8,3220.24,3205.74892,3205.74892,3234.0283865740753,3234.0283865740753,-0.4272345484484654,sl,0.1,0.7000000000000001,-145.61079999999782,-1.0,5965.1575054310615
2025-05-14,1,2025-05-14 12:45:00,2025-05-14 12:54:25,2,3201.13,3186.7249150000002,3186.7249150000002,3232.807314814816,3232.807314814816,-0.98127762423209,sl,0.1,0.7000000000000001,-144.7508499999987,-1.0,5820.406655431063
2025-05-14,1,2025-05-14 13:00:00,2025-05-14 19:00:20,73,3184.824,3170.4922920000004,3170.4922920000004,3231.994628205129,3231.994628205129,-1.4591648078115578,sl,0.1,0.7000000000000001,-144.01707999999707,-1.0,5676.389575431066
2025-05-14,1,2025-05-14 19:10:00,2025-05-14 23:59:55,46,3171.702,3186.19,3157.4293410000005,3216.218572463769,3216.218572463769,-1.3849205661929742,session_end,0.1,0.7000000000000001,144.1799999999983,1.015087658158167,5820.569575431065
2025-05-15,1,2025-05-15 02:00:00,2025-05-15 02:38:30,8,3172.549,3158.2725295,3158.2725295,3183.4412777777775,3183.4412777777775,-0.3416987099372723,sl,0.1,0.7000000000000001,-143.46470499999958,-1.0,5677.104870431065
2025-05-15,1,2025-05-15 02:45:00,2025-05-15 04:43:50,24,3157.793,3143.5829315,3143.5829315,3179.0248333333334,3179.0248333333334,-0.6692408662635536,sl,0.1,0.7000000000000001,-142.80068500000033,-1.0,5534.304185431065
2025-05-15,1,2025-05-15 04:50:00,2025-05-15 05:55:15,14,3141.157,3127.0217935000005,3127.0217935000005,3166.8337902298854,3166.8337902298854,-0.8103769231293402,sl,0.1,0.7000000000000001,-142.0520649999964,-1.0,5392.252120431069
2025-05-15,1,2025-05-15 06:05:00,2025-05-15 08:38:10,31,3125.508,3155.6717119741106,3111.443214,3160.6117579908678,3160.6117579908678,-1.1123877490482108,tp,0.1,0.7000000000000001,300.9371197411081,2.1446264432399467,5693.189240172177
2025-05-15,-1,2025-05-15 09:15:00,2025-05-15 12:04:15,34,3165.876,3180.122442,3180.122442,3156.0323993994,3156.0323993994,0.31429020191578294,sl,0.1,0.7000000000000001,-143.1644199999966,-1.0,5550.024820172181
2025-05-15,-1,2025-05-15 12:10:00,2025-05-15 13:15:25,14,3182.245,3196.5651024999997,3196.5651024999997,3160.423453196346,3160.423453196346,0.6901938024030562,sl,0.1,0.7000000000000001,-143.90102499999847,-1.0,5406.123795172182
2025-05-15,-1,2025-05-15 13:25:00,2025-05-15 15:09:45,21,3196.363,3210.7466334999995,3210.7466334999995,3162.8726645962724,3162.8726645962724,1.0602967289550453,sl,0.1,0.7000000000000001,-144.5363349999963,-1.0,5261.587460172186
2025-05-15,-1,2025-05-15 15:15:00,2025-05-15 17:00:15,22,3209.38,3223.82221,3223.82221,3167.3026775956264,3167.3026775956264,1.3297378460951337,sl,0.1,0.7000000000000001,-145.12209999999703,-1.0,5116.465360172189
2025-05-15,-1,2025-05-15 17:10:00,2025-05-15 22:03:35,47,3227.628,3242.152326,3242.152326,3173.021128640776,3173.021128640776,1.7209583278953948,sl,0.1,0.7000000000000001,-145.94325999999745,-1.0,4970.522100172192
2025-05-15,-1,2025-05-15 22:10:00,2025-05-15 23:59:55,22,3245.435,3237.249,3260.0394574999996,3183.508075459318,3183.508075459318,1.9448175746106382,session_end,0.1,0.7000000000000001,81.16000000000149,0.5605138020361495,5051.682100172194
2025-05-16,1,2025-05-16 01:20:00,2025-05-16 03:12:05,23,3223.495,3208.9892725,3208.9892725,3236.343583333333,3236.343583333333,-0.39513985471720464,sl,0.1,0.7000000000000001,-145.7572749999992,-1.0,4905.924825172195
2025-05-16,1,2025-05-16 03:20:00,2025-05-16 04:56:20,20,3210.475,3222.579409604519,3196.0278625,3226.619933333333,3226.619933333333,-0.5019628486767876,tp,0.1,0.7000000000000001,120.34409604518878,0.8378413789249963,5026.268921217384
2025-05-16,1,2025-05-16 07:20:00,2025-05-16 10:45:50,42,3208.177,3193.7402035000005,3193.7402035000005,3221.226234848484,3221.226234848484,-0.40344061239448437,sl,0.1,0.7000000000000001,-145.06796499999672,-1.0,4881.200956217387
2025-05-16,1,2025-05-16 10:55:00,2025-05-16 11:54:40,12,3172.507,3158.2307185000004,3158.2307185000004,3216.1158027989804,3216.1158027989804,-1.3556819925773564,sl,0.1,0.7000000000000001,-143.4628149999964,-1.0,4737.738141217391
2025-05-16,1,2025-05-16 12:00:00,2025-05-16 20:05:20,98,3163.318,3200.36628077455,3149.0830690000003,3212.171600694442,3212.171600694442,-1.524423560804037,tp,0.1,0.7000000000000001,369.7828077454977,2.6026315669917803,5107.520948962889
2025-05-19,1,2025-05-19 01:15:00,2025-05-19 01:51:05,8,3233.522,3218.971151,3218.971151,3243.638388888889,3243.638388888889,-0.3116527700349546,sl,0.1,0.7000000000000001,-146.20848999999743,-1.0,4961.3124589628915
2025-05-19,1,2025-05-19 02:00:00,2025-05-19 06:02:35,49,3218.523,3225.36461111111,3204.0396465000003,3236.556180555556,3236.556180555556,-0.5562295091218109,tp,0.1,0.7000000000000001,67.71611111110069,0.47237755476383053,5029.028570073992
2025-05-19,-1,2025-05-19 08:20:00,2025-05-19 12:56:05,56,3237.698,3231.460079569892,3252.267641,3226.353198333332,3226.353198333332,0.35307050922237615,tp,0.1,0.7000000000000001,61.67920430107806,0.4281451018668055,5090.707774375071
2025-05-19,1,2025-05-19 14:10:00,2025-05-19 14:26:55,4,3218.478,3231.2301734104044,3203.994849,3231.3392696078427,3231.3392696078427,-0.3997961380703397,tp,0.1,0.7000000000000001,126.82173410404339,0.8804833568609773,5217.529508479114
2025-05-20,1,2025-05-20 02:20:00,2025-05-20 04:52:45,31,3211.668,3217.013959770115,3197.2154940000005,3222.6109047619043,3222.6109047619043,-0.33716154642960433,tp,0.1,0.7000000000000001,52.75959770114859,0.36989846398368537,5270.289106180263
2025-05-20,-1,2025-05-20 08:40:00,2025-05-20 12:30:00,47,3227.771,3242.2959695,3242.2959695,3216.7013878205116,3216.7013878205116,0.34346091997597455,sl,0.1,0.7000000000000001,-145.9496949999977,-1.0,5124.339411180265
2025-05-20,-1,2025-05-20 12:40:00,2025-05-20 14:00:00,17,3248.397,3263.0147865,3263.0147865,3223.004896929825,3223.004896929825,0.78673796289696,sl,0.1,0.7000000000000001,-146.87786499999964,-1.0,4977.461546180266
2025-05-20,-1,2025-05-20 14:10:00,2025-05-20 19:24:30,63,3276.083,3290.8253735,3290.8253735,3225.396160784314,3225.396160784314,1.5709183210339384,sl,0.1,0.7000000000000001,-148.12373499999757,-1.0,4829.337811180269
2025-05-20,-1,2025-05-20 19:30:00,2025-05-20 23:59:55,42,3289.784,3290.794,3304.588028,3241.058524216526,3241.058524216526,1.5029341623890997,session_end,0.1,0.7000000000000001,-10.799999999997635,-0.06822467506814783,4818.537811180271
2025-05-21,1,2025-05-21 01:25:00,2025-05-21 01:49:25,5,3287.449,3296.7546746031753,3272.6554795,3298.208264705883,3298.208264705883,-0.328929037683138,tp,0.1,0.7000000000000001,92.35674603175248,0.6290371925448929,4910.894557212024
2025-05-21,-1,2025-05-21 03:30:00,2025-05-21 05:06:05,20,3307.822,3300.24718306011,3322.707199,3297.890579365079,3297.890579365079,0.3004017385206332,tp,0.1,0.7000000000000001,75.04816939890297,0.5088824771432605,4985.942726610927
2025-05-21,-1,2025-05-21 05:45:00,2025-05-21 08:13:55,30,3312.651,3304.5676394557827,3327.5579295,3300.495514492754,3300.495514492754,0.3677625209289648,tp,0.1,0.7000000000000001,80.13360544217157,0.5422552339982015,5066.076332053099
2025-05-21,-1,2025-05-21 10:25:00,2025-05-21 12:20:10,24,3316.347,3306.622360360361,3331.2705615,3305.731316000001,3305.731316000001,0.32165905161540026,tp,0.1,0.7000000000000001,96.54639639639008,0.6516299503733846,5162.622728449489
2025-05-21,1,2025-05-21 12:30:00,2025-05-21 13:01:50,7,3295.952,3306.2435534188044,3281.1202160000003,3306.5443355555562,3306.5443355555562,-0.32256744423069705,tp,0.1,0.7000000000000001,102.21553418804142,0.6938850659370553,5264.8382626375305
2025-05-21,-1,2025-05-21 19:05:00,2025-05-21 23:59:55,47,3318.585,3320.183,3333.5186325,3307.1104577874826,3307.1104577874826,0.3461040191616317,session_end,0.1,0.7000000000000001,-16.679999999999563,-0.10700678485291264,5248.158262637531
2025-05-22,-1,2025-05-22 01:25:00,2025-05-22 04:01:55,32,3337.465,3334.6178680555563,3352.4835924999998,3324.631245098039,3324.631245098039,0.3851932427346042,tp,0.1,0.7000000000000001,27.77131944443845,0.1895738195469328,5275.92958208197
2025-05-22,1,2025-05-22 08:25:00,2025-05-22 09:01:25,8,3322.54,3307.5885700000003,3307.5885700000003,3333.3100396039613,3333.3100396039613,-0.32710847399171755,sl,0.1,0.7000000000000001,-150.21429999999617,-1.0,5125.715282081974
2025-05-22,1,2025-05-22 09:10:00,2025-05-22 10:30:20,17,3311.182,3296.281681,3296.281681,3331.755440909091,3331.755440909091,-0.6168502242614479,sl,0.1,0.7000000000000001,-149.70318999999853,-1.0,4976.012092081975
2025-05-22,1,2025-05-22 10:40:00,2025-05-22 14:00:55,41,3296.562,3281.727471,3281.727471,3328.038799479167,3328.038799479167,-0.947143389196674,sl,0.1,0.7000000000000001,-149.04528999999746,-1.0,4826.966802081978
2025-05-22,1,2025-05-22 14:10:00,2025-05-22 23:59:55,106,3292.15,3300.207,3277.3353250000005,3321.760327450979,3321.760327450979,-0.8890113837213532,session_end,0.1,0.7000000000000001,79.86999999999789,0.5438526326092198,4906.836802081976
2025-05-23,-1,2025-05-23 04:25:00,2025-05-23 06:01:10,20,3311.676,3326.5785419999997,3326.5785419999997,3300.7061352201263,3300.7061352201263,0.3340304870593489,sl,0.1,0.7000000000000001,-149.7254199999981,-1.0,4757.111382081978
2025-05-23,-1,2025-05-23 06:10:00,2025-05-23 11:49:35,68,3328.02,3342.9960899999996,3342.9960899999996,3305.6603693693696,3305.6603693693696,0.6758447067837392,sl,0.1,0.7000000000000001,-150.46089999999657,-1.0,4606.650482081982
2025-05-23,-1,2025-05-23 11:55:00,2025-05-23 12:36:30,9,3343.483,3358.5286735,3358.5286735,3316.9371060606063,3316.9371060606063,0.799424079851976,sl,0.1,0.7000000000000001,-151.15673499999792,-1.0,4455.493747081984
2025-05-23,-1,2025-05-23 12:45:00,2025-05-23 20:57:55,99,3358.137,3356.404,3373.2486165,3319.182013071895,3319.182013071895,1.174129251563313,session_end,0.1,0.7000000000000001,16.630000000001747,0.114679988074088,4472.123747081986
2025-05-26,-1,2025-05-26 02:40:00,2025-05-26 05:29:25,34,3352.899,3345.556510256409,3367.9870454999996,3342.175687499999,3342.175687499999,0.3205640128396465,tp,0.1,0.7000000000000001,72.72489743590704,0.4866428685936068,4544.848644517893
2025-05-26,1,2025-05-26 07:15:00,2025-05-26 14:00:15,82,3334.696,3339.2382222222222,3319.689868,3344.9578103448275,3344.9578103448275,-0.30790553809005367,tp,0.1,0.7000000000000001,44.72222222222335,0.302691074703484,4589.570866740117
2025-05-27,1,2025-05-27 01:45:00,2025-05-27 02:17:40,7,3332.231,3341.505796296296,3317.2359605000006,3343.1308492063495,3343.1308492063495,-0.3279964111770422,tp,0.1,0.7000000000000001,92.0479629629579,0.6185242990721048,4681.618829703075
2025-05-27,1,2025-05-27 05:00:00,2025-05-27 06:40:25,21,3330.998,3316.0085090000002,3316.0085090000002,3341.3442833333334,3341.3442833333334,-0.30819282480703647,sl,0.1,0.7000000000000001,-150.59490999999815,-1.0,4531.023919703077
2025-05-27,1,2025-05-27 06:50:00,2025-05-27 07:51:45,13,3313.405,3298.4946775000003,3298.4946775000003,3336.7609512195127,3336.7609512195127,-0.7006930242026301,sl,0.1,0.7000000000000001,-149.80322499999892,-1.0,4381.220694703078
2025-05-27,1,2025-05-27 08:00:00,2025-05-27 23:59:55,180,3296.312,3309.473,3281.478596,3332.3135208333347,3332.3135208333347,-1.0800310537507418,session_end,0.1,0.7000000000000001,130.9100000000006,0.8872542000474121,4512.130694703079
2025-05-28,1,2025-05-28 03:25:00,2025-05-28 05:15:00,23,3296.112,3303.5184153439145,3281.279496,3307.032093495935,3307.032093495935,-0.33206794447301,tp,0.1,0.7000000000000001,73.36415343914432,0.4993368175673134,4585.494848142223
2025-05-28,-1,2025-05-28 07:45:00,2025-05-28 11:48:45,49,3317.553,3309.490124113475,3332.4819884999997,3304.745482078853,3304.745482078853,0.38838143484118326,tp,0.1,0.7000000000000001,79.92875886525034,0.5400818606381219,4665.423607007474
2025-05-28,1,2025-05-28 15:05:00,2025-05-28 20:51:25,70,3297.87,3283.029585,3283.029585,3309.0766178637205,3309.0766178637205,-0.34061217570105545,sl,0.1,0.7000000000000001,-149.10414999999665,-1.0,4516.3194570074775
2025-05-28,1,2025-05-28 22:01:00,2025-05-28 23:10:55,15,3287.037,3272.2453335,3272.2453335,3305.5680873015876,3305.5680873015876,-0.569723170245189,sl,0.1,0.7000000000000001,-148.6166649999979,-1.0,4367.70279200748
2025-05-29,1,2025-05-29 01:20:00,2025-05-29 01:49:10,6,3247.955,3258.774944444444,3233.3392025000003,3260.443166666666,3260.443166666666,-0.38579622534951896,tp,0.1,0.7000000000000001,107.4994444444399,0.7402910750812095,4475.20223645192
2025-05-29,-1,2025-05-29 02:50:00,2025-05-29 05:39:30,34,3272.419,3266.7808681592037,3287.1448855,3260.8735490196077,3260.8735490196077,0.35367673131206706,tp,0.1,0.7000000000000001,55.68131840796177,0.38287217707866705,4530.883554859882
2025-05-29,-1,2025-05-29 07:15:00,2025-05-29 10:18:55,37,3278.26,3293.01217,3293.01217,3267.922614942529,3267.922614942529,0.3176600636136412,sl,0.1,0.7000000000000001,-148.2216999999975,-1.0,4382.661854859884
2025-05-29,-1,2025-05-29 10:25:00,2025-05-29 12:30:35,26,3297.193,3312.0303685,3312.0303685,3272.3393853333337,3272.3393853333337,0.759246268220917,sl,0.1,0.7000000000000001,-149.07368499999683,-1.0,4233.588169859888
2025-05-29,-1,2025-05-29 12:40:00,2025-05-29 16:05:00,42,3312.025,3326.9291125,3326.9291125,3277.537769736843,3277.537769736843,1.0539536899350732,sl,0.1,0.7000000000000001,-149.74112499999882,-1.0,4083.847044859889
2025-05-29,-1,2025-05-29 16:15:00,2025-05-29 23:59:55,81,3329.661,3315.602,3344.6444745,3285.916876068377,3285.916876068377,1.3293587628390795,session_end,0.1,0.7000000000000001,139.89000000000198,0.9383003922087869,4223.737044859891
2025-05-30,1,2025-05-30 02:25:00,2025-05-30 05:54:25,42,3302.132,3303.186495238095,3287.272406,3312.735775862069,3312.735775862069,-0.3175102565894287,tp,0.1,0.7000000000000001,9.844952380951145,0.07096393334132234,4233.581997240843
2025-05-30,1,2025-05-30 06:30:00,2025-05-30 10:07:30,44,3291.248,3300.3878553719014,3276.4373840000003,3302.6291581196583,3302.6291581196583,-0.34441221145562806,tp,0.1,0.7000000000000001,90.69855371901376,0.6171151403764387,4324.280550959857
2025-05-30,1,2025-05-30 12:10:00,2025-05-30 12:12:55,1,3289.094,3299.4065936073066,3274.2930770000003,3299.4065936073066,3299.4065936073066,-0.3161202874333659,tp,0.1,0.7000000000000001,102.42593607306553,0.696753412426151,4426.706487032922
2025-05-30,1,2025-05-30 13:50:00,2025-05-30 14:02:00,3,3286.912,3272.120896,3272.120896,3299.4425843373488,3299.4425843373488,-0.37952120751522306,sl,0.1,0.7000000000000001,-148.61103999999904,-1.0,4278.095447032923
2025-05-30,1,2025-05-30 14:10:00,2025-05-30 20:57:55,82,3283.364,3289.726,3268.588862,3298.9738666666663,3298.9738666666663,-0.47312792697073724,session_end,0.1,0.7000000000000001,62.9200000000008,0.4305881948446162,4341.015447032924
2025-06-02,-1,2025-06-02 05:45:00,2025-06-02 06:27:45,9,3322.63,3337.581835,3337.581835,3310.4381908212563,3310.4381908212563,0.3657313165463542,sl,0.1,0.7000000000000001,-150.21834999999845,-1.0,4190.797097032926
2025-06-02,-1,2025-06-02 06:35:00,2025-06-02 07:13:50,8,3336.936,3351.952212,3351.952212,3312.803656118143,3312.803656118143,0.7276568847458771,sl,0.1,0.7000000000000001,-150.86211999999995,-1.0,4039.9349770329263
2025-06-02,-1,2025-06-02 07:20:00,2025-06-02 13:54:05,79,3356.266,3371.369197,3371.369197,3316.130598484848,3316.130598484848,1.2095392604102524,sl,0.1,0.7000000000000001,-151.73196999999908,-1.0,3888.2030070329274
2025-06-02,-1,2025-06-02 14:00:00,2025-06-02 22:11:20,87,3371.009,3386.1785405,3386.1785405,3334.0845079365063,3334.0845079365063,1.1128089877498717,sl,0.1,0.7000000000000001,-152.39540500000038,-1.0,3735.807602032927
2025-06-02,-1,2025-06-02 22:20:00,2025-06-02 23:59:55,20,3388.018,3387.554,3403.264081,3348.6607213541656,3348.6607213541656,1.1747615515353274,session_end,0.1,0.7000000000000001,3.9399999999994177,0.030434050560268478,3739.747602032927
2025-06-03,1,2025-06-03 01:15:00,2025-06-03 01:48:55,7,3367.812,3375.2696111111118,3352.656846,3378.0254111111117,3378.0254111111117,-0.3058565242619936,tp,0.1,0.7000000000000001,73.87611111111873,0.492084152434997,3813.6237131440457
2025-06-03,1,2025-06-03 03:45:00,2025-06-03 13:46:35,121,3361.478,3346.351349,3346.351349,3372.4285888888894,3372.4285888888894,-0.3265329005088668,sl,0.1,0.7000000000000001,-151.96651000000037,-1.0,3661.6572031440455
2025-06-03,1,2025-06-03 13:55:00,2025-06-03 22:41:05,94,3343.444,3358.5594435897447,3328.398502,3362.778156686628,3362.778156686628,-0.5738605339830788,tp,0.1,0.7000000000000001,150.454435897447,1.0046489381570984,3812.1116390414927
2025-06-04,-1,2025-06-04 01:35:00,2025-06-04 03:32:15,24,3367.216,3362.598595238096,3382.3684719999997,3356.4163771929825,3356.4163771929825,0.32114975008053176,tp,0.1,0.7000000000000001,45.47404761903799,0.3047294700101655,3857.585686660531
2025-06-04,1,2025-06-04 05:40:00,2025-06-04 07:05:00,18,3348.388,3359.146578431373,3333.320254,3360.4047794117655,3360.4047794117655,-0.3568700855694184,tp,0.1,0.7000000000000001,106.8857843137328,0.7140137902094635,3964.471470974264
2025-06-04,1,2025-06-04 11:30:00,2025-06-04 12:46:35,16,3346.72,3357.8986601307183,3331.65976,3358.7713019323674,3358.7713019323674,-0.35816079306877135,tp,0.1,0.7000000000000001,111.08660130718526,0.7422630801845574,4075.5580722814493
2025-06-04,-1,2025-06-04 14:30:00,2025-06-04 14:44:00,3,3369.519,3384.6818354999996,3384.6818354999996,3358.014853448275,3358.014853448275,0.34325775956258014,sl,0.1,0.7000000000000001,-152.328354999998,-1.0,3923.2297172814515
2025-06-04,-1,2025-06-04 14:50:00,2025-06-04 23:59:55,98,3382.704,3378.141,3397.926168,3358.471523408239,3358.471523408239,0.7209224917646524,session_end,0.1,0.7000000000000001,44.930000000001016,0.29976019184653374,3968.1597172814527
2025-06-05,1,2025-06-05 05:55:00,2025-06-05 07:09:40,15,3361.663,3371.418750980393,3346.5355165,3372.374509389672,3372.374509389672,-0.31787719186657915,tp,0.1,0.7000000000000001,96.85750980392804,0.6449024373679106,4065.017227085381
2025-06-05,-1,2025-06-05 09:25:00,2025-06-05 10:32:00,14,3383.403,3398.6283134999994,3398.6283134999994,3371.9765619469035,3371.9765619469035,0.34059958134660545,sl,0.1,0.7000000000000001,-152.95313499999628,-1.0,3912.064092085385
2025-06-05,-1,2025-06-05 10:40:00,2025-06-05 12:51:50,27,3396.432,3377.7995606060617,3411.7159439999996,3374.0988385416667,3374.0988385416667,0.6626854318232466,tp,0.1,0.7000000000000001,185.62439393938058,1.2190858193368355,4097.688486024766
2025-06-05,1,2025-06-05 14:50:00,2025-06-05 15:38:20,10,3367.254,3352.101357,3352.101357,3377.961559925094,3377.961559925094,-0.3185666779859067,sl,0.1,0.7000000000000001,-152.22642999999897,-1.0,3945.4620560247668
2025-06-05,1,2025-06-05 15:45:00,2025-06-05 23:59:55,87,3350.754,3361.871,3335.675607,3377.108341269841,3377.108341269841,-0.7801301766923648,session_end,0.1,0.7000000000000001,110.47000000000189,0.7372801597624066,4055.932056024769
2025-06-06,1,2025-06-06 12:40:00,2025-06-06 14:13:50,19,3350.761,3335.6825755,3335.6825755,3363.01809868421,3363.01809868421,-0.36635540822781754,sl,0.1,0.7000000000000001,-151.48424499999982,-1.0,3904.447811024769
2025-06-06,1,2025-06-06 14:20:00,2025-06-06 20:05:15,70,3324.02,3309.0619100000004,3309.0619100000004,3361.3603817829458,3361.3603817829458,-1.1122544903416396,sl,0.1,0.7000000000000001,-150.28089999999628,-1.0,3754.166911024773
2025-06-09,1,2025-06-09 02:00:00,2025-06-09 02:25:45,6,3296.062,3305.579994252873,3281.229721,3306.9445972222215,3306.9445972222215,-0.33070095070258426,tp,0.1,0.7000000000000001,94.47994252872995,0.6417081456513297,3848.646853553503
2025-06-09,-1,2025-06-09 06:25:00,2025-06-09 10:41:25,52,3320.27,3313.8032031249995,3335.211215,3308.570504329004,3308.570504329004,0.3548963413544451,tp,0.1,0.7000000000000001,63.967968750004545,0.43281599756114403,3912.614822303508
2025-06-09,-1,2025-06-09 14:15:00,2025-06-09 23:59:55,105,3325.844,3326.864,3340.810298,3314.6452699805063,3314.6452699805063,0.3369962427249136,session_end,0.1,0.7000000000000001,-10.899999999999817,-0.06815312644449507,3901.7148223035083
2025-06-10,1,2025-06-10 01:35:00,2025-06-10 05:05:00,43,3307.643,3310.266896174864,3292.7586065,3317.7825350877188,3317.7825350877188,-0.30517476599625354,tp,0.1,0.7000000000000001,25.538961748640578,0.17628505822988755,3927.253784052149
2025-06-10,-1,2025-06-10 06:15:00,2025-06-10 11:08:05,59,3321.524,3336.4708579999997,3336.4708579999997,3311.172893333334,3311.172893333334,0.31307959447052736,sl,0.1,0.7000000000000001,-150.16857999999792,-1.0,3777.0852040521513
2025-06-10,-1,2025-06-10 11:15:00,2025-06-10 15:17:55,49,3339.107,3324.052294171222,3354.1329815,3319.4558827160504,3319.4558827160504,0.5927512815097215,tp,0.1,0.7000000000000001,149.8470582877797,1.0019116440931346,3926.932262339931
2025-06-11,1,2025-06-11 11:05:00,2025-06-11 12:18:20,15,3327.243,3336.893894557823,3312.2704065000003,3337.4210739348364,3337.4210739348364,-0.3068109689486736,tp,0.1,0.7000000000000001,95.80894557822994,0.6445706655846366,4022.7412079181613
2025-06-11,-1,2025-06-11 12:35:00,2025-06-11 12:56:45,5,3355.651,3337.4365881720432,3370.7514294999996,3337.0338178807947,3337.0338178807947,0.5597990053055155,tp,0.1,0.7000000000000001,181.4441182795661,1.2062181296205423,4204.185326197728
2025-06-11,1,2025-06-11 17:20:00,2025-06-11 18:05:10,10,3326.134,3336.216513056837,3311.166397,3336.7292924679496,3336.7292924679496,-0.3170108073144272,tp,0.1,0.7000000000000001,100.12513056836887,0.6736224268399457,4304.310456766097
2025-06-11,-1,2025-06-11 19:35:00,2025-06-11 22:18:25,21,3349.039,3364.1096755,3364.1096755,3336.7231078014197,3336.7231078014197,0.36872679575402334,sl,0.1,0.7000000000000001,-151.4067549999965,-1.0,4152.9037017661
2025-06-11,-1,2025-06-11 22:25:00,2025-06-11 23:59:55,19,3363.349,3365.475,3378.4840705,3338.0647380025944,3338.0647380025944,0.7609427614817618,session_end,0.1,0.7000000000000001,-21.95999999999749,-0.14046845701840313,4130.943701766103
2025-06-12,1,2025-06-12 07:40:00,2025-06-12 10:16:00,32,3353.335,3367.9972018970184,3338.2449925,3371.5537789855066,3371.5537789855066,-0.5401449948393404,tp,0.1,0.7000000000000001,145.9220189701835,0.9716497421898824,4276.865720736287
2025-06-12,-1,2025-06-12 10:30:00,2025-06-12 13:41:25,39,3379.554,3394.761993,3394.761993,3368.1425238095226,3368.1425238095226,0.34066183688390733,sl,0.1,0.7000000000000001,-152.77992999999987,-1.0,4124.085790736287
2025-06-12,-1,2025-06-12 13:50:00,2025-06-12 23:59:55,110,3391.399,3395.98,3406.6602955,3371.998248995983,3371.998248995983,0.5766091666805042,session_end,0.1,0.7000000000000001,-46.51000000000131,-0.3001711093268683,4077.575790736286
2025-06-13,-1,2025-06-13 01:15:00,2025-06-13 02:53:50,20,3425.548,3440.9629659999996,3440.9629659999996,3411.8121,3411.8121,0.40425438434900374,sl,0.1,0.7000000000000001,-154.8496599999982,-1.0,3922.726130736288
2025-06-13,-1,2025-06-13 03:00:00,2025-06-13 03:18:00,4,3441.467,3424.5047393162395,3456.9536015,3423.3611481481485,3423.3611481481485,0.5302786082523528,tp,0.1,0.7000000000000001,168.92260683760634,1.0952861855301743,4091.6487375738943
2025-06-13,1,2025-06-13 06:50:00,2025-06-13 08:22:15,19,3408.678,3423.4791399999995,3393.338949,3425.1085243902435,3425.1085243902435,-0.4823503918955253,tp,0.1,0.7000000000000001,147.31139999999579,0.964931924406513,4238.96013757389
2025-06-13,-1,2025-06-13 12:55:00,2025-06-13 14:58:30,25,3436.388,3424.9996303538187,3451.851746,3423.140656989248,3423.140656989248,0.3860736187912218,tp,0.1,0.7000000000000001,113.18369646181218,0.736456072557147,4352.143834035703
2025-06-13,-1,2025-06-13 18:35:00,2025-06-13 20:57:55,29,3436.084,3433.547,3451.5463779999995,3425.6690799701073,3425.6690799701073,0.3042739910529652,session_end,0.1,0.7000000000000001,24.669999999998073,0.1640756680505323,4376.813834035701
2025-06-16,1,2025-06-16 05:00:00,2025-06-16 07:12:10,27,3427.655,3412.2305525,3412.2305525,3437.9977444444444,3437.9977444444444,-0.30108351470478445,sl,0.1,0.7000000000000001,-154.9444750000004,-1.0,4221.869359035701
2025-06-16,1,2025-06-16 07:20:00,2025-06-16 13:54:00,79,3411.179,3395.8286945000004,3395.8286945000004,3432.315446969696,3432.315446969696,-0.6157635361969894,sl,0.1,0.7000000000000001,-154.20305499999648,-1.0,4067.6663040357043
2025-06-16,1,2025-06-16 14:00:00,2025-06-16 23:59:55,108,3388.123,3402.83,3372.8764465000004,3424.0386408730155,3424.0386408730155,-1.0502259070255944,session_end,0.1,0.7000000000000001,146.3699999999988,0.9646114448094911,4214.036304035703
2025-06-17,1,2025-06-17 03:10:00,2025-06-17 04:46:35,20,3385.668,3393.94366374269,3370.432494,3397.5326754385956,3397.5326754385956,-0.35055366868717763,tp,0.1,0.7000000000000001,82.05663742690085,0.5431827300445481,4296.092941462604
2025-06-17,1,2025-06-17 06:45:00,2025-06-17 10:14:20,42,3382.059,3390.3724945355198,3366.8397345000003,3393.1551131687256,3393.1551131687256,-0.32906285732098,tp,0.1,0.7000000000000001,82.43494535519567,0.5462480784975875,4378.5278868178
2025-06-17,1,2025-06-17 14:35:00,2025-06-17 17:16:15,33,3375.86,3389.182981481481,3360.66863,3390.6945971428563,3390.6945971428563,-0.4389394773388805,tp,0.1,0.7000000000000001,132.5298148148084,0.8770098734663715,4511.057701632609
2025-06-18,-1,2025-06-18 04:30:00,2025-06-18 05:37:00,14,3395.091,3386.035077114428,3410.3689094999995,3383.9921049382715,3383.9921049382715,0.3272287499007093,tp,0.1,0.7000000000000001,89.85922885571817,0.5927462055965209,4600.916930488327
2025-06-18,-1,2025-06-18 13:30:00,2025-06-18 14:12:40,9,3395.133,3385.0544509803904,3410.4110984999998,3384.718401234567,3384.718401234567,0.3073549268275535,tp,0.1,0.7000000000000001,100.08549019609454,0.6596729965845876,4701.002420684422
2025-06-18,1,2025-06-18 19:15:00,2025-06-18 23:59:55,45,3372.413,3375.084,3357.2371415000002,3385.782427849927,3385.782427849927,-0.3963316644196916,session_end,0.1,0.7000000000000001,26.009999999998218,0.17600322248654737,4727.01242068442
2025-06-19,1,2025-06-19 05:50:00,2025-06-19 06:21:30,7,3365.677,3350.5314535,3350.5314535,3376.1054380952382,3376.1054380952382,-0.3100891926273675,sl,0.1,0.7000000000000001,-152.15546499999908,-1.0,4574.856955684421
2025-06-19,1,2025-06-19 06:30:00,2025-06-19 08:45:15,28,3350.284,3370.618858730159,3335.207722,3374.1663846153847,3374.1663846153847,-0.7097422558821004,tp,0.1,0.7000000000000001,202.64858730158886,1.3487983393619356,4777.50554298601
2025-06-20,1,2025-06-20 03:10:00,2025-06-20 07:17:00,50,3348.923,3355.2239712643677,3333.8528465,3361.11750877193,3361.11750877193,-0.3643136171220591,tp,0.1,0.7000000000000001,62.30971264367945,0.41810929559330734,4839.81525562969
2025-06-20,1,2025-06-20 12:50:00,2025-06-20 13:21:25,7,3343.616,3353.626312499998,3328.569728,3353.8485562770543,3353.8485562770543,-0.3058294405648463,tp,0.1,0.7000000000000001,99.40312499998235,0.6653018435395961,4939.2183806296725
2025-06-20,-1,2025-06-20 13:40:00,2025-06-20 20:57:55,88,3364.273,3368.644,3379.4122285,3353.7440548780473,3353.7440548780473,0.31765826335069247,session_end,0.1,0.7000000000000001,-44.4099999999964,-0.2887201286379766,4894.808380629676
2025-06-23,1,2025-06-23 01:30:00,2025-06-23 02:11:55,9,3353.604,3362.1238461538455,3338.512782,3364.5043148148143,3364.5043148148143,-0.3255104999149718,tp,0.1,0.7000000000000001,84.49846153845719,0.56455656222352,4979.306842168134
2025-06-23,1,2025-06-23 05:40:00,2025-06-23 08:01:00,29,3349.941,3359.765947916668,3334.8662655,3361.4863186274524,3361.4863186274524,-0.34540728495938655,tp,0.1,0.7000000000000001,97.54947916668407,0.6517493171550333,5076.856321334818
2025-06-23,-1,2025-06-23 11:10:00,2025-06-23 12:19:35,14,3372.011,3362.491057823131,3387.1850495,3361.12439552239,3361.12439552239,0.3257571928071502,tp,0.1,0.7000000000000001,94.4994217686888,0.6273830974960861,5171.355743103507
2025-06-23,-1,2025-06-23 13:35:00,2025-06-23 15:30:30,24,3374.069,3389.2523104999996,3389.2523104999996,3362.610800613499,3362.610800613499,0.3399352486590374,sl,0.1,0.7000000000000001,-152.53310499999606,-1.0,5018.822638103511
2025-06-23,-1,2025-06-23 15:40:00,2025-06-23 20:40:55,61,3387.884,3369.4034798387124,3403.129478,3365.2794769503575,3365.2794769503575,0.6731097136149172,tp,0.1,0.7000000000000001,184.10520161287587,1.2121968337947688,5202.927839716387
2025-06-23,1,2025-06-23 22:05:00,2025-06-23 23:37:00,19,3358.814,3343.699337,3343.699337,3369.367025691702,3369.367025691702,-0.3150005805474232,sl,0.1,0.7000000000000001,-151.84662999999836,-1.0,5051.081209716389
2025-06-24,1,2025-06-24 05:30:00,2025-06-24 06:24:40,11,3338.691,3323.6668905,3323.6668905,3349.13456060606,3349.13456060606,-0.3116046971899353,sl,0.1,0.7000000000000001,-150.94109499999666,-1.0,4900.140114716392
2025-06-24,1,2025-06-24 06:30:00,2025-06-24 12:32:45,73,3322.805,3307.8523775,3307.8523775,3346.209239316238,3346.209239316238,-0.701323128288093,sl,0.1,0.7000000000000001,-150.2262249999996,-1.0,4749.913889716393
2025-06-24,1,2025-06-24 12:40:00,2025-06-24 23:59:55,124,3309.776,3324.204,3294.882008,3335.0150416666647,3335.0150416666647,-0.7563546596197289,session_end,0.1,0.7000000000000001,143.5800000000034,0.9687127534377978,4893.493889716397
2025-06-25,1,2025-06-25 13:05:00,2025-06-25 15:57:50,35,3317.685,3326.92394502618,3302.7554175,3328.336875796178,3328.336875796178,-0.32155326205126816,tp,0.1,0.7000000000000001,91.68945026179863,0.6188347883257894,4985.183339978195
2025-06-26,-1,2025-06-26 08:15:00,2025-06-26 10:22:10,26,3347.0,3338.251836021505,3362.0615,3337.022732323232,3337.022732323232,0.30304761123781054,tp,0.1,0.7000000000000001,86.78163978495085,0.5808295308233047,5071.964979763146
2025-06-26,1,2025-06-26 12:55:00,2025-06-26 13:35:30,9,3326.911,3311.9399005,3311.9399005,3338.100915053763,3338.100915053763,-0.33391486169565365,sl,0.1,0.7000000000000001,-150.41099500000036,-1.0,4921.553984763146
2025-06-26,1,2025-06-26 13:45:00,2025-06-26 17:21:40,44,3321.618,3334.3921810897423,3306.670719,3336.998568686868,3336.998568686868,-0.46053566912122895,tp,0.1,0.7000000000000001,127.04181089742342,0.854615705006319,5048.59579566057
2025-06-26,1,2025-06-26 22:20:00,2025-06-26 23:59:55,20,3322.76,3318.82,3307.8075800000006,3333.831854166666,3333.831854166666,-0.33278085554314285,session_end,0.1,0.7000000000000001,-40.10000000000055,-0.2635024965858473,5008.4957956605695
2025-06-27,1,2025-06-27 03:15:00,2025-06-27 05:12:10,24,3305.11,3290.2370050000004,3290.2370050000004,3315.5197136752136,3315.5197136752136,-0.3143764650899902,sl,0.1,0.7000000000000001,-149.42994999999718,-1.0,4859.065845660572
2025-06-27,1,2025-06-27 05:20:00,2025-06-27 08:23:00,37,3296.94,3282.10377,3282.10377,3308.051421874999,3308.051421874999,-0.33511939390335466,sl,0.1,0.7000000000000001,-149.06229999999886,-1.0,4710.003545660574
2025-06-27,1,2025-06-27 08:30:00,2025-06-27 13:00:15,55,3283.539,3268.7630745000006,3268.7630745000006,3301.761924836602,3301.761924836602,-0.5536566612841594,sl,0.1,0.7000000000000001,-148.4592549999963,-1.0,4561.544290660578
2025-06-27,1,2025-06-27 13:10:00,2025-06-27 20:57:55,94,3268.161,3274.66,3253.4542755,3295.0642953586516,3295.0642953586516,-0.8172767795937754,session_end,0.1,0.7000000000000001,64.28999999999796,0.44190669377126557,4625.834290660576
2025-06-30,-1,2025-06-30 02:10:00,2025-06-30 07:22:55,63,3281.348,3296.1140659999996,3296.1140659999996,3269.4344230769234,3269.4344230769234,0.3678335567213728,sl,0.1,0.7000000000000001,-148.3606599999968,-1.0,4477.473630660579
2025-06-30,-1,2025-06-30 07:30:00,2025-06-30 09:08:25,20,3295.126,3282.776799694189,3309.954067,3280.6674259259266,3280.6674259259266,0.44247319796448065,tp,0.1,0.7000000000000001,122.79200305811337,0.8328260390117879,4600.265633718693
2025-06-30,-1,2025-06-30 16:15:00,2025-06-30 19:55:05,45,3293.44,3308.26048,3308.26048,3283.5355000000004,3283.5355000000004,0.3035447614316837,sl,0.1,0.7000000000000001,-148.9047999999986,-1.0,4451.360833718694
2025-06-30,-1,2025-06-30 20:05:00,2025-06-30 23:59:55,35,3307.67,3312.539,3322.554515,3286.414877593361,3286.414877593361,0.6460724892466346,session_end,0.1,0.7000000000000001,-49.39000000000142,-0.3271184852177063,4401.970833718693
2025-07-01,-1,2025-07-01 05:15:00,2025-07-01 09:25:10,51,3328.376,3343.353692,3343.353692,3318.1569708994703,3318.1569708994703,0.3089223683637648,sl,0.1,0.7000000000000001,-150.47691999999932,-1.0,4251.493913718694
2025-07-01,-1,2025-07-01 09:35:00,2025-07-01 23:59:55,161,3344.372,3338.251,3359.4216739999997,3325.8180681159424,3325.8180681159424,0.5579208334317823,session_end,0.1,0.7000000000000001,60.509999999996396,0.40671977346484006,4312.0039137186905
2025-07-02,-1,2025-07-02 12:25:00,2025-07-02 13:47:25,17,3349.048,3338.690114141414,3364.1187159999995,3337.9728489932895,3337.9728489932895,0.33111866113721167,tp,0.1,0.7000000000000001,102.87885858585632,0.6872855847449998,4414.882772304547
2025-07-02,-1,2025-07-02 17:05:00,2025-07-02 22:27:40,53,3349.766,3364.839947,3364.839947,3339.355059349595,3339.355059349595,0.3131574949218367,sl,0.1,0.7000000000000001,-151.4394699999986,-1.0,4263.4433023045485
2025-07-02,-1,2025-07-02 22:35:00,2025-07-02 23:59:55,17,3363.539,3349.494,3378.6749255,3342.6003918918927,3342.6003918918927,0.6271796101909043,session_end,0.1,0.7000000000000001,139.75000000000074,0.9279247575577918,4403.193302304549
2025-07-03,-1,2025-07-03 05:55:00,2025-07-03 09:21:55,42,3360.074,3351.3702827380957,3375.194333,3348.175575117371,3348.175575117371,0.35613200727119315,tp,0.1,0.7000000000000001,86.3371726190433,0.5756299984864367,4489.530474923593
2025-07-03,1,2025-07-03 12:35:00,2025-07-03 12:43:35,2,3328.31,3313.332605,3313.332605,3350.53528807947,3350.53528807947,-0.6626340620395681,sl,0.1,0.7000000000000001,-150.47394999999887,-1.0,4339.056524923594
2025-07-03,1,2025-07-03 12:50:00,2025-07-03 23:59:55,122,3317.693,3330.933,3302.7633815000004,3349.893887445887,3349.893887445887,-0.9607882675479809,session_end,0.1,0.7000000000000001,131.69999999999783,0.8868277511578698,4470.756524923592
2025-07-07,1,2025-07-07 01:15:00,2025-07-07 05:53:10,56,3311.156,3313.9649190476193,3296.255798,3323.486433333333,3323.486433333333,-0.37294971957810497,tp,0.1,0.7000000000000001,27.389190476193836,0.18851550117370353,4498.145715399786
2025-07-07,1,2025-07-07 07:55:00,2025-07-07 08:36:20,9,3302.248,3312.5544482200635,3287.387884,3313.0648543859634,3313.0648543859634,-0.3287093632213755,tp,0.1,0.7000000000000001,102.3644822006343,0.6935644526639997,4600.510197600421
2025-07-07,1,2025-07-07 10:45:00,2025-07-07 12:41:20,24,3298.627,3310.5423157894725,3283.7831785000003,3311.829985788112,3311.829985788112,-0.3980121517311223,tp,0.1,0.7000000000000001,118.45315789472515,0.8027121445426164,4718.963355495146
2025-07-07,-1,2025-07-07 16:05:00,2025-07-07 19:06:10,37,3321.663,3336.6104834999996,3336.6104834999996,3311.5919473229696,3311.5919473229696,0.30292236593760813,sl,0.1,0.7000000000000001,-150.17483499999634,-1.0,4568.78852049515
2025-07-07,-1,2025-07-07 19:15:00,2025-07-07 23:59:55,45,3338.037,3334.751,3353.0581664999995,3314.679621212119,3314.679621212119,0.7065502994016987,session_end,0.1,0.7000000000000001,32.15999999999603,0.21875797728489776,4600.948520495146
2025-07-08,1,2025-07-08 13:50:00,2025-07-08 14:24:05,7,3316.248,3301.324884,3301.324884,3330.0228132530137,3330.0228132530137,-0.41481137000139445,sl,0.1,0.7000000000000001,-149.93115999999935,-1.0,4451.017360495147
2025-07-08,1,2025-07-08 14:30:00,2025-07-08 15:10:00,9,3305.118,3290.2449690000003,3290.2449690000003,3329.0784655172424,3329.0784655172424,-0.7213998037595378,sl,0.1,0.7000000000000001,-149.43030999999627,-1.0,4301.587050495151
2025-07-08,1,2025-07-08 15:20:00,2025-07-08 23:59:55,92,3293.605,3302.339,3278.7837775000003,3327.2951684782615,3327.2951684782615,-1.01207337411134,session_end,0.1,0.7000000000000001,86.63999999999923,0.589290120973494,4388.22705049515
2025-07-09,1,2025-07-09 02:50:00,2025-07-09 10:36:35,94,3290.41,3294.363972440945,3275.6031550000002,3303.326333333333,3303.326333333333,-0.3899957810203026,tp,0.1,0.7000000000000001,38.83972440945108,0.2670367955459257,4427.0667749046015
2025-07-09,-1,2025-07-09 14:10:00,2025-07-09 22:18:15,86,3304.959,3319.8313154999996,3319.8313154999996,3294.196874509804,3294.196874509804,0.32613792980404666,sl,0.1,0.7000000000000001,-149.42315499999785,-1.0,4277.643619904604
2025-07-09,-1,2025-07-09 22:25:00,2025-07-09 23:59:55,19,3320.153,3317.738,3335.0936884999996,3300.215333981842,3300.215333981842,0.6043898351957655,session_end,0.1,0.7000000000000001,23.449999999999637,0.1616391373128479,4301.093619904604
2025-07-11,-1,2025-07-11 06:25:00,2025-07-11 06:57:40,7,3343.019,3333.0196485943784,3358.0625854999994,3332.5081363636373,3332.5081363636373,0.3169193653608637,tp,0.1,0.7000000000000001,99.29351405621382,0.664692031405787,4400.387133960818
2025-07-11,-1,2025-07-11 10:30:00,2025-07-11 14:50:00,53,3345.772,3360.827974,3360.827974,3334.6461587301596,3334.6461587301596,0.3342885793341581,sl,0.1,0.7000000000000001,-151.25973999999877,-1.0,4249.127393960819
2025-07-11,-1,2025-07-11 15:00:00,2025-07-11 20:57:55,72,3361.186,3355.204,3376.311337,3339.6894629629637,3339.6894629629637,0.6454802842031646,session_end,0.1,0.7000000000000001,59.119999999999706,0.3954953202034436,4308.247393960819
2025-07-14,-1,2025-07-14 07:10:00,2025-07-14 11:59:50,58,3371.078,3364.241248251748,3386.2478509999996,3360.5327093023257,3360.5327093023257,0.3144677231803619,tp,0.1,0.7000000000000001,67.66751748252027,0.45068021750854265,4375.914911443339
2025-07-14,1,2025-07-14 12:40:00,2025-07-14 23:59:55,124,3351.659,3345.398,3336.5765345000004,3364.0474890350874,3364.0474890350874,-0.3694653263843316,session_end,0.1,0.7000000000000001,-63.309999999999675,-0.41511780683337907,4312.60491144334
2025-07-15,-1,2025-07-15 04:15:00,2025-07-15 11:30:15,88,3360.908,3357.7405483091793,3376.0320859999997,3350.601637254901,3350.601637254901,0.30946271349626353,tp,0.1,0.7000000000000001,30.974516908205988,0.2094309494683275,4343.579428351546
2025-07-15,1,2025-07-15 13:15:00,2025-07-15 15:31:05,28,3346.71,3331.649805,3331.649805,3357.129768343816,3357.129768343816,-0.31060069354899733,sl,0.1,0.7000000000000001,-151.3019500000002,-1.0,4192.277478351546
2025-07-15,1,2025-07-15 15:40:00,2025-07-15 23:59:55,88,3329.957,3331.117,3314.9721935000002,3355.0155815602834,3355.0155815602834,-0.7486427693013044,session_end,0.1,0.7000000000000001,10.900000000003093,0.07741174368853787,4203.177478351549
2025-07-16,1,2025-07-16 13:50:00,2025-07-16 14:54:25,13,3324.313,3335.098082397006,3309.3535915,3335.8185562249014,3335.8185562249014,-0.344504835356113,tp,0.1,0.7000000000000001,107.1508239700568,0.7209564734465114,4310.328302321606
2025-07-16,-1,2025-07-16 15:10:00,2025-07-16 15:16:35,2,3351.436,3366.517462,3366.517462,3335.2151428571447,3335.2151428571447,0.4863661397554988,sl,0.1,0.7000000000000001,-151.51461999999646,-1.0,4158.81368232161
2025-07-16,-1,2025-07-16 15:25:00,2025-07-16 15:56:10,7,3367.685,3336.5359188481684,3382.8395825,3335.6198981981997,3335.6198981981997,0.9625677619666371,tp,0.1,0.7000000000000001,310.79081151831525,2.0554232458618946,4469.604493839925
2025-07-16,-1,2025-07-16 16:10:00,2025-07-16 23:59:55,82,3349.054,3346.624,3364.124743,3336.6737216494853,3336.6737216494853,0.37057199420750797,session_end,0.1,0.7000000000000001,23.60000000000291,0.1612395619778221,4493.204493839929
2025-07-17,1,2025-07-17 06:25:00,2025-07-17 12:30:40,74,3330.508,3315.5207139999998,3315.5207139999998,3340.5834523809535,3340.5834523809535,-0.3018021409932884,sl,0.1,0.7000000000000001,-150.5728600000004,-1.0,4342.631633839928
2025-07-17,1,2025-07-17 12:40:00,2025-07-17 14:33:40,23,3317.621,3332.485111111112,3302.6917055000004,3334.5354692982473,3334.5354692982473,-0.5069962354248158,tp,0.1,0.7000000000000001,147.94111111111926,0.9956338600670099,4490.572744951048
2025-07-18,-1,2025-07-18 07:55:00,2025-07-18 20:57:55,157,3348.927,3350.494,3363.9971715,3338.853292982457,3338.853292982457,0.30196615822365647,session_end,0.1,0.7000000000000001,-16.370000000000072,-0.10398023672126132,4474.202744951048
2025-07-21,-1,2025-07-21 05:25:00,2025-07-21 12:22:30,84,3365.185,3380.3283324999998,3380.3283324999998,3354.889161538461,3354.889161538461,0.3072035457890557,sl,0.1,0.7000000000000001,-152.13332499999814,-1.0,4322.06941995105
2025-07-21,-1,2025-07-21 12:30:00,2025-07-21 14:25:25,24,3381.671,3396.8885195,3396.8885195,3362.242997777778,3362.242997777778,0.5782003928648559,sl,0.1,0.7000000000000001,-152.8751949999998,-1.0,4169.19422495105
2025-07-21,-1,2025-07-21 14:35:00,2025-07-21 23:59:55,101,3399.824,3396.631,3415.123208,3366.118637142858,3366.118637142858,1.0010598701222069,session_end,0.1,0.7000000000000001,31.23000000000211,0.2087036139387235,4200.424224951053
2025-07-22,-1,2025-07-22 12:25:00,2025-07-22 13:27:35,13,3400.101,3415.4014545,3415.4014545,3389.0338780760626,3389.0338780760626,0.3260109612775437,sl,0.1,0.7000000000000001,-153.70454499999886,-1.0,4046.719679951054
2025-07-22,-1,2025-07-22 13:35:00,2025-07-22 16:50:20,40,3416.032,3431.404144,3431.404144,3390.6072443762787,3390.6072443762787,0.749460311744128,sl,0.1,0.7000000000000001,-154.42143999999934,-1.0,3892.2982399510547
2025-07-22,-1,2025-07-22 17:00:00,2025-07-22 23:59:55,72,3432.269,3427.556,3447.7142105,3397.3720375816993,3397.3720375816993,1.025953649842581,session_end,0.1,0.7000000000000001,46.42999999999738,0.3051431380621021,3938.7282399510523
2025-07-23,1,2025-07-23 13:05:00,2025-07-23 15:58:00,35,3414.463,3399.0979165000003,3399.0979165000003,3425.226773885349,3425.226773885349,-0.3161914407513484,sl,0.1,0.7000000000000001,-154.35083499999854,-1.0,3784.377404951054
2025-07-23,1,2025-07-23 16:05:00,2025-07-23 23:59:55,83,3386.358,3390.07,3371.1193890000004,3422.7678264248675,3422.7678264248675,-1.065842858029101,session_end,0.1,0.7000000000000001,36.41999999999989,0.24359175518031442,3820.797404951054
2025-07-24,1,2025-07-24 06:30:00,2025-07-24 12:49:40,76,3372.011,3356.8369505,3356.8369505,3384.4368034188033,3384.4368034188033,-0.36597827462137583,sl,0.1,0.7000000000000001,-152.4404949999991,-1.0,3668.356909951055
2025-07-24,1,2025-07-24 12:55:00,2025-07-24 14:30:45,20,3354.752,3374.594823754788,3339.655616,3375.902295698924,3375.902295698924,-0.6255452275923161,tp,0.1,0.7000000000000001,197.72823754788243,1.3144090501929677,3866.0851474989377
2025-07-25,1,2025-07-25 08:20:00,2025-07-25 14:17:05,72,3350.345,3335.2684475,3335.2684475,3362.3130566666673,3362.3130566666673,-0.3557240645082826,sl,0.1,0.7000000000000001,-151.46552499999706,-1.0,3714.6196224989408
2025-07-25,1,2025-07-25 14:25:00,2025-07-25 20:57:55,79,3338.265,3336.93,3323.2428075000003,3354.3541435452785,3354.3541435452785,-0.4791576219287017,session_end,0.1,0.7000000000000001,-14.050000000000363,-0.08886851902610556,3700.5696224989406
2025-07-28,1,2025-07-28 12:50:00,2025-07-28 13:53:30,13,3326.945,3311.9737475,3311.9737475,3336.990324675323,3336.990324675323,-0.30137410351350896,sl,0.1,0.7000000000000001,-150.4125249999999,-1.0,3550.157097498941
2025-07-28,1,2025-07-28 14:00:00,2025-07-28 23:59:55,108,3302.443,3312.529,3287.5820065000003,3335.931910714285,3335.931910714285,-1.005368563026329,session_end,0.1,0.7000000000000001,100.15999999999785,0.6786894833107773,3650.317097498939
2025-07-29,-1,2025-07-29 08:15:00,2025-07-29 11:06:25,35,3327.264,3318.2353671679202,3342.236688,3315.829658249159,3315.829658249159,0.3442529601134034,tp,0.1,0.7000000000000001,89.58632832079893,0.603006810272143,3739.903425819738
2025-07-29,-1,2025-07-29 15:00:00,2025-07-29 16:01:40,13,3328.995,3319.294072916667,3343.9754774999997,3318.846553703704,3318.846553703704,0.3075148588869298,tp,0.1,0.7000000000000001,96.30927083332772,0.6475712862512504,3836.212696653066
2025-07-29,-1,2025-07-29 18:20:00,2025-07-29 23:59:55,56,3330.273,3327.636,3345.2592285,3320.018984848485,3320.018984848485,0.30983302199352397,session_end,0.1,0.7000000000000001,25.67000000000171,0.1759615502993421,3861.882696653068
2025-07-30,1,2025-07-30 12:55:00,2025-07-30 13:56:45,13,3313.808,3298.895864,3298.895864,3328.4435688172043,3328.4435688172043,-0.4391562757483829,sl,0.1,0.7000000000000001,-149.82135999999917,-1.0,3712.061336653069
2025-07-30,1,2025-07-30 14:05:00,2025-07-30 18:40:50,56,3303.148,3288.2838340000003,3288.2838340000003,3326.7054072978303,3326.7054072978303,-0.7104298218286583,sl,0.1,0.7000000000000001,-149.3416599999984,-1.0,3562.7196766530706
2025-07-30,1,2025-07-30 18:50:00,2025-07-30 19:31:35,9,3285.226,3270.4424830000003,3270.4424830000003,3319.4537713864324,3319.4537713864324,-1.0329793317805722,sl,0.1,0.7000000000000001,-148.53516999999846,-1.0,3414.1845066530723
2025-07-30,1,2025-07-30 19:40:00,2025-07-30 23:59:55,40,3270.158,3285.365,3255.442289,3317.643670903956,3317.643670903956,-1.4311112227136598,session_end,0.1,0.7000000000000001,151.3699999999988,1.0333853389754704,3565.5545066530713
2025-07-31,-1,2025-07-31 06:10:00,2025-07-31 10:50:50,57,3303.38,3298.5313051282055,3318.24521,3293.1710045045056,3293.1710045045056,0.3101720342345716,tp,0.1,0.7000000000000001,47.786948717945776,0.3261773544937878,3613.341455371017
2025-07-31,-1,2025-07-31 12:35:00,2025-07-31 14:00:30,18,3309.295,3300.0353670634913,3324.1868274999997,3299.2515927152317,3299.2515927152317,0.30388429021011015,tp,0.1,0.7000000000000001,91.89632936508751,0.6217929220915954,3705.237784736105
2025-08-01,-1,2025-08-01 12:20:00,2025-08-01 12:31:10,3,3302.677,3317.5390465,3317.5390465,3292.6875270270275,3292.6875270270275,0.30279134874285074,sl,0.1,0.7000000000000001,-149.32046499999905,-1.0,3555.917319736106
2025-08-01,-1,2025-08-01 12:40:00,2025-08-01 13:10:00,7,3332.192,3347.186864,3347.186864,3293.257197368421,3293.257197368421,1.1804818239718422,sl,0.1,0.7000000000000001,-150.64863999999778,-1.0,3405.2686797361084
2025-08-01,-1,2025-08-01 13:20:00,2025-08-01 20:57:55,92,3353.031,3363.218,3368.1196394999997,3295.770414583333,3295.770414583333,1.739413800275717,session_end,0.1,0.7000000000000001,-102.56999999999898,-0.6751437066277614,3302.6986797361096
2025-08-04,-1,2025-08-04 11:25:00,2025-08-04 13:52:05,30,3367.833,3382.9882485,3382.9882485,3357.000770072991,3357.000770072991,0.3231375465777165,sl,0.1,0.7000000000000001,-152.25248499999742,-1.0,3150.4461947361124
2025-08-04,-1,2025-08-04 14:00:00,2025-08-04 23:59:55,108,3383.35,3377.505,3398.5750749999997,3359.5238948412693,3359.5238948412693,0.7083326656872853,session_end,0.1,0.7000000000000001,57.749999999997996,0.38390615481367835,3208.1961947361106
2025-08-05,1,2025-08-05 09:40:00,2025-08-05 13:14:00,43,3362.879,3369.0807405063283,3347.7460445,3373.285333333332,3373.285333333332,-0.30924847151970525,tp,0.1,0.7000000000000001,61.317405063284056,0.409816873268973,3269.513599799395
2025-08-05,-1,2025-08-05 14:25:00,2025-08-05 23:59:55,103,3382.253,3383.249,3397.4731385,3369.5343497109834,3369.5343497109834,0.37714856030795196,session_end,0.1,0.7000000000000001,-10.659999999996398,-0.06543961475775334,3258.8535997993986
2025-08-06,1,2025-08-06 08:35:00,2025-08-06 13:51:50,64,3364.971,3371.570726907632,3349.8286305,3375.7738365695805,3375.7738365695805,-0.3176852801394513,tp,0.1,0.7000000000000001,65.29726907631975,0.4358450576464956,3324.1508688757185
2025-08-07,-1,2025-08-07 07:20:00,2025-08-07 08:16:05,12,3389.777,3379.833833333335,3405.0309964999997,3378.273928030304,3378.273928030304,0.34261792312515676,tp,0.1,0.7000000000000001,98.73166666665092,0.6518401041107709,3422.8825355423696
2025-08-07,-1,2025-08-07 13:45:00,2025-08-07 14:08:25,5,3390.523,3379.814245562131,3405.7803535,3379.6320111111118,3379.6320111111118,0.3240734154748216,tp,0.1,0.7000000000000001,106.38754437869174,0.7018749639555378,3529.2700799210616
2025-08-07,-1,2025-08-07 14:15:00,2025-08-07 14:23:00,2,3390.261,3379.9019980620155,3405.5171745,3379.861786549708,3379.861786549708,0.30748930301381344,tp,0.1,0.7000000000000001,102.8900193798443,0.6790038969457616,3632.160099300906
2025-08-07,-1,2025-08-07 16:05:00,2025-08-07 22:03:35,60,3391.446,3406.7075069999996,3406.7075069999996,3380.712764248705,3380.712764248705,0.3170850793553676,sl,0.1,0.7000000000000001,-153.3150699999971,-1.0,3478.845029300909
2025-08-07,-1,2025-08-07 22:10:00,2025-08-07 23:59:55,22,3401.7,3400.568,3417.0076499999996,3383.5980643044627,3383.5980643044627,0.5376653890265489,session_end,0.1,0.7000000000000001,10.619999999996072,0.07394995312798675,3489.4650293009054
2025-08-08,-1,2025-08-08 07:55:00,2025-08-08 10:18:10,29,3403.269,3393.936088075881,3418.5837104999996,3392.3279175438593,3392.3279175438593,0.3224211432973683,tp,0.1,0.7000000000000001,92.62911924118889,0.6094083152351459,3582.0941485420944
2025-08-08,1,2025-08-08 11:20:00,2025-08-08 12:23:45,13,3383.11,3392.8111711711713,3367.8860050000003,3393.419200980392,3393.419200980392,-0.30540585664741315,tp,0.1,0.7000000000000001,96.31171171171154,0.6372290040276065,3678.405860253806
2025-08-08,1,2025-08-08 18:00:00,2025-08-08 18:01:05,1,3381.891,3393.256902777778,3366.6724905,3393.256902777778,3393.256902777778,-0.39305608622972005,tp,0.1,0.7000000000000001,112.95902777778046,0.7468473031329421,3791.364888031587
2025-08-11,1,2025-08-11 01:10:00,2025-08-11 02:56:20,22,3371.893,3379.3427666666653,3356.7194815000003,3385.342785714285,3385.342785714285,-0.4009722670202483,tp,0.1,0.7000000000000001,73.79766666665255,0.4909716007309291,3865.1625546982395
2025-08-11,1,2025-08-11 06:30:00,2025-08-11 11:26:50,60,3366.659,3351.5090345000003,3351.5090345000003,3377.889239316239,3377.889239316239,-0.3322411873549351,sl,0.1,0.7000000000000001,-152.1996549999978,-1.0,3712.962899698242
2025-08-11,1,2025-08-11 11:35:00,2025-08-11 23:59:55,137,3351.394,3349.089,3336.312727,3370.321869304558,3370.321869304558,-0.5616190393252686,session_end,0.1,0.7000000000000001,-23.749999999998362,-0.15283855679821387,3689.2128996982437
2025-08-12,1,2025-08-12 12:25:00,2025-08-12 12:30:05,2,3339.364,3349.9275711111095,3324.336862,3349.993786353466,3349.993786353466,-0.31714346446686925,tp,0.1,0.7000000000000001,104.93571111109468,0.7029662675028021,3794.1486108093386
2025-08-12,1,2025-08-12 14:15:00,2025-08-12 15:25:55,15,3336.055,3348.779966666665,3321.0427525,3349.6570438596464,3349.6570438596464,-0.40769976391106877,tp,0.1,0.7000000000000001,126.54966666665295,0.8476390138562157,3920.6982774759917
2025-08-13,-1,2025-08-13 08:50:00,2025-08-13 13:05:35,52,3362.414,3354.870759023357,3377.544863,3351.4905911949704,3351.4905911949704,0.3266280631605912,tp,0.1,0.7000000000000001,74.73240976643119,0.49853342645711535,3995.430687242423
2025-08-13,-1,2025-08-13 13:55:00,2025-08-13 15:22:20,18,3365.28,3355.9147753623197,3380.42376,3355.1035279441126,3355.1035279441126,0.30338771877257115,tp,0.1,0.7000000000000001,92.95224637680512,0.6184213588752434,4088.3829336192284
2025-08-14,1,2025-08-14 03:35:00,2025-08-14 07:00:15,42,3356.575,3363.1699920634933,3341.4704125,3366.7007093023262,3366.7007093023262,-0.30041902074573873,tp,0.1,0.7000000000000001,65.24992063493464,0.43662179212067015,4153.632854254163
2025-08-14,1,2025-08-14 07:45:00,2025-08-14 14:07:15,77,3352.575,3337.4884125,3337.4884125,3363.0104462365603,3363.0104462365603,-0.3116834278136104,sl,0.1,0.7000000000000001,-151.5658749999995,-1.0,4002.066979254164
2025-08-14,1,2025-08-14 14:15:00,2025-08-14 23:59:55,105,3338.387,3335.612,3323.3642585000002,3357.963474658871,3357.963474658871,-0.5815421997958033,session_end,0.1,0.7000000000000001,-28.45000000000091,-0.18471994608974016,3973.616979254163
2025-08-18,-1,2025-08-18 04:40:00,2025-08-18 06:18:05,20,3354.406,3346.321326666667,3369.500827,3344.251029761905,3344.251029761905,0.3043273410853811,tp,0.1,0.7000000000000001,80.1467333333283,0.5355923147269516,4053.7637125874917
2025-08-18,1,2025-08-18 14:00:00,2025-08-18 23:59:55,108,3336.972,3331.04,3321.9556260000004,3347.0444206349216,3347.0444206349216,-0.3022643073557621,session_end,0.1,0.7000000000000001,-60.02000000000244,-0.39503544597386275,3993.7437125874894
2025-08-19,1,2025-08-19 14:45:00,2025-08-19 23:59:55,99,3326.324,3314.293,3311.3555420000002,3337.3467862523526,3337.3467862523526,-0.3309600997370652,session_end,0.1,0.7000000000000001,-121.0099999999995,-0.8037568064793372,3872.73371258749
2025-08-20,-1,2025-08-20 11:30:00,2025-08-20 13:44:15,27,3330.903,3345.8920634999995,3345.8920634999995,3320.826823671497,3320.826823671497,0.3039506985595695,sl,0.1,0.7000000000000001,-150.590634999997,-1.0,3722.1430775874933
2025-08-20,-1,2025-08-20 13:50:00,2025-08-20 23:59:55,110,3341.023,3346.935,3356.0576035,3323.7323714859435,3323.7323714859435,0.5215260007925003,session_end,0.1,0.7000000000000001,-59.819999999998075,-0.3932261998129778,3662.3230775874954
2025-08-21,1,2025-08-21 10:55:00,2025-08-21 12:07:00,15,3329.133,3339.452325287356,3314.1519015,3340.325398218829,3340.325398218829,-0.3375089811561623,tp,0.1,0.7000000000000001,102.4932528735615,0.6888230050257135,3764.816330461057
2025-08-22,-1,2025-08-22 14:05:00,2025-08-22 14:18:20,3,3348.193,3363.2598685000003,3363.2598685000003,3331.2712041420127,3331.2712041420127,0.5100243965985739,sl,0.1,0.7000000000000001,-151.36868500000054,-1.0,3613.4476454610567
2025-08-22,-1,2025-08-22 14:25:00,2025-08-22 15:05:10,9,3362.348,3377.478566,3377.478566,3331.9229431599238,3331.9229431599238,0.9161243330293716,sl,0.1,0.7000000000000001,-152.00565999999816,-1.0,3461.4419854610587
2025-08-22,-1,2025-08-22 15:15:00,2025-08-22 20:57:55,69,3376.501,3372.397,3391.6952545,3334.1791775956294,3334.1791775956294,1.2712370915511437,session_end,0.1,0.7000000000000001,40.34000000000269,0.2701020968156316,3501.7819854610616
2025-08-26,-1,2025-08-26 00:35:00,2025-08-26 01:09:55,7,3381.443,3375.622705128205,3396.6594935,3369.643642857143,3369.643642857143,0.3499140678525855,tp,0.1,0.7000000000000001,57.5029487179534,0.38249908704626906,3559.284934179015
2025-08-26,-1,2025-08-26 15:55:00,2025-08-26 23:59:55,85,3385.876,3390.961,3401.112442,3375.604075916234,3375.604075916234,0.304313653282288,session_end,0.1,0.7000000000000001,-51.54999999999582,-0.333739333631803,3507.7349341790195
2025-08-27,1,2025-08-27 04:55:00,2025-08-27 08:01:40,38,3374.241,3381.930611111111,3359.0569155000003,3384.626189265536,3384.626189265536,-0.30741029241383694,tp,0.1,0.7000000000000001,76.19611111110935,0.5064257322271282,3583.931045290129
2025-08-27,-1,2025-08-27 16:35:00,2025-08-27 23:59:55,77,3393.893,3395.918,3409.1655185,3381.837910385259,3381.837910385259,0.3581363133208534,session_end,0.1,0.7000000000000001,-20.95000000000091,-0.1325910981872505,3562.9810452901283
2025-08-28,-1,2025-08-28 11:30:00,2025-08-28 13:07:00,20,3404.242,3394.727077494692,3419.561089,3393.4047415458926,3393.4047415458926,0.3196423439063838,tp,0.1,0.7000000000000001,94.44922505308277,0.6211154269884137,3657.4302703432113
2025-08-28,-1,2025-08-28 13:35:00,2025-08-28 19:53:25,76,3406.495,3421.8242275,3421.8242275,3394.9798415132923,3394.9798415132923,0.34114071444810273,sl,0.1,0.7000000000000001,-153.99227499999887,-1.0,3503.4379953432126
2025-08-28,-1,2025-08-28 20:00:00,2025-08-28 23:59:55,36,3422.171,3414.918,3437.5707694999996,3401.1872833333323,3401.1872833333323,0.6163205645683729,session_end,0.1,0.7000000000000001,71.82999999999701,0.4709810753985497,3575.26799534321
2025-08-29,-1,2025-08-29 13:40:00,2025-08-29 14:32:30,11,3423.574,3438.980083,3438.980083,3410.823873983742,3410.823873983742,0.3740921984738787,sl,0.1,0.7000000000000001,-154.76082999999852,-1.0,3420.5071653432115
2025-08-29,-1,2025-08-29 14:40:00,2025-08-29 19:54:25,63,3438.305,3453.7773724999997,3453.7773724999997,3412.2538068181834,3412.2538068181834,0.762917844206067,sl,0.1,0.7000000000000001,-155.4237249999989,-1.0,3265.0834403432127
2025-08-29,-1,2025-08-29 20:00:00,2025-08-29 20:57:55,12,3452.666,3448.134,3468.202997,3421.0042125000014,3421.0042125000014,0.9251461130727554,session_end,0.1,0.7000000000000001,44.620000000001525,0.2916908589221096,3309.7034403432144
2025-09-01,-1,2025-09-01 02:00:00,2025-09-01 02:40:20,9,3457.333,3472.8909985,3472.8909985,3443.977180555555,3443.977180555555,0.3875844334802336,sl,0.1,0.7000000000000001,-156.27998499999939,-1.0,3153.423455343215
2025-09-01,-1,2025-09-01 02:50:00,2025-09-01 09:34:40,81,3476.245,3469.093918128655,3491.8881024999996,3450.4324705882354,3450.4324705882354,0.7497329576009465,tp,0.1,0.7000000000000001,70.81081871345013,0.45713961609246917,3224.2342740566655
2025-09-02,-1,2025-09-02 01:20:00,2025-09-02 01:47:15,6,3492.95,3508.6682749999995,3508.6682749999995,3482.301208333333,3482.301208333333,0.30532372217611736,sl,0.1,0.7000000000000001,-157.8827499999972,-1.0,3066.3515240566685
2025-09-02,-1,2025-09-02 02:00:00,2025-09-02 03:36:10,20,3497.898,3490.4512131782944,3513.638541,3487.1373055555555,3487.1373055555555,0.3084247479246009,tp,0.1,0.7000000000000001,73.767868217057,0.47309598962995353,3140.1193922737257
2025-09-02,1,2025-09-02 07:55:00,2025-09-02 11:51:15,48,3474.761,3487.1384577464783,3459.1245755,3490.7747561403503,3490.7747561403503,-0.45990524344517336,tp,0.1,0.7000000000000001,123.07457746478285,0.7915785188921102,3263.1939697385087
2025-09-02,1,2025-09-02 12:40:00,2025-09-02 12:57:20,4,3475.163,3486.949097849462,3459.5247665,3487.0994517543845,3487.0994517543845,-0.3417439599661869,tp,0.1,0.7000000000000001,117.16097849461839,0.7536719444342584,3380.3549482331273
2025-09-02,-1,2025-09-02 14:10:00,2025-09-02 14:47:15,8,3497.721,3513.4607444999997,3513.4607444999997,3486.8604882352925,3486.8604882352925,0.31337679845738947,sl,0.1,0.7000000000000001,-158.09744499999687,-1.0,3222.2575032331306
2025-09-02,-1,2025-09-02 14:55:00,2025-09-02 16:34:30,20,3511.29,3527.090805,3527.090805,3487.6921275605205,3487.6921275605205,0.6778801446564667,sl,0.1,0.7000000000000001,-158.70804999999854,-1.0,3063.549453233132
2025-09-02,-1,2025-09-02 16:40:00,2025-09-02 23:59:55,76,3528.245,3530.094,3544.1221024999995,3490.8621116666664,3490.8621116666664,1.0716661711817825,session_end,0.1,0.7000000000000001,-19.1900000000016,-0.1164570172674896,3044.359453233131
2025-09-03,-1,2025-09-03 11:35:00,2025-09-03 14:24:15,34,3548.881,3564.8509644999995,3564.8509644999995,3536.410308153477,3536.410308153477,0.35242493829937066,sl,0.1,0.7000000000000001,-160.39964499999604,-1.0,2883.959808233135
2025-09-03,-1,2025-09-03 14:30:00,2025-09-03 23:59:55,102,3563.1,3560.391,3579.13395,3539.468475095786,3539.468475095786,0.6687451822430379,session_end,0.1,0.7000000000000001,26.389999999998327,0.1689540007296912,2910.3498082331334
2025-09-04,1,2025-09-04 01:40:00,2025-09-04 02:54:05,15,3544.181,3528.2321855,3528.2321855,3557.178166666667,3557.178166666667,-0.3666857845045693,sl,0.1,0.7000000000000001,-160.18814500000025,-1.0,2750.1616632331334
2025-09-04,1,2025-09-04 03:00:00,2025-09-04 03:13:50,3,3530.93,3515.040815,3515.040815,3550.4335462962963,3550.4335462962963,-0.5484132020048033,sl,0.1,0.7000000000000001,-159.59184999999997,-1.0,2590.5698132331336
2025-09-04,1,2025-09-04 03:20:00,2025-09-04 06:30:50,39,3522.795,3539.413290598291,3506.9424225000002,3547.808458333334,3547.808458333334,-0.7047719353225704,tp,0.1,0.7000000000000001,165.4829059829097,1.048302119847145,2756.0527192160434
2025-09-04,-1,2025-09-04 13:25:00,2025-09-04 14:00:20,8,3552.724,3541.124428571431,3568.711258,3540.7054875776416,3540.7054875776416,0.3391135598395393,tp,0.1,0.7000000000000001,115.29571428569106,0.7255510249831056,2871.3484335017347
2025-09-04,-1,2025-09-04 15:55:00,2025-09-04 17:58:10,25,3552.183,3542.630597674419,3568.1678235,3541.552163176267,3541.552163176267,0.3016569100637264,tp,0.1,0.7000000000000001,94.8240232558117,0.5975919800166202,2966.1724567575466
2025-09-05,-1,2025-09-05 12:35:00,2025-09-05 13:52:00,16,3577.205,3593.3024225,3593.3024225,3552.6959039735098,3552.6959039735098,0.6884517191334667,sl,0.1,0.7000000000000001,-161.67422499999992,-1.0,2804.498231757547
2025-09-05,-1,2025-09-05 14:00:00,2025-09-05 20:57:55,84,3594.562,3586.695,3610.7375289999995,3555.6725734126994,3555.6725734126994,1.0933775758206827,session_end,0.1,0.7000000000000001,77.96999999999734,0.48635194558396877,2882.4682317575443
2025-09-08,-1,2025-09-08 07:05:00,2025-09-08 08:22:55,16,3600.123,3616.3235535,3616.3235535,3588.281590196078,3588.281590196078,0.3317161572949982,sl,0.1,0.7000000000000001,-162.7055349999984,-1.0,2719.762696757546
2025-09-08,-1,2025-09-08 08:30:00,2025-09-08 13:02:50,55,3612.729,3628.9862805,3628.9862805,3591.7391699346413,3591.7391699346413,0.5852688369278657,sl,0.1,0.7000000000000001,-163.27280499999978,-1.0,2556.4898917575465
2025-09-08,-1,2025-09-08 13:10:00,2025-09-08 15:11:50,25,3628.737,3645.0663165,3645.0663165,3600.4731582278487,3600.4731582278487,0.7849896535838227,sl,0.1,0.7000000000000001,-163.99316500000003,-1.0,2392.4967267575466
2025-09-08,-1,2025-09-08 15:20:00,2025-09-08 23:59:55,92,3642.617,3635.055,3659.0087765,3605.1836322463773,3605.1836322463773,1.0403316884652793,session_end,0.1,0.7000000000000001,74.92000000000353,0.46132888646941433,2467.4167267575504
2025-09-09,-1,2025-09-09 02:10:00,2025-09-09 03:13:10,13,3653.13,3644.212798245616,3669.569085,3640.9812051282065,3640.9812051282065,0.3350826105504046,tp,0.1,0.7000000000000001,88.47201754384223,0.5424390563333809,2555.8887443013928
2025-09-09,-1,2025-09-09 13:30:00,2025-09-09 14:07:30,8,3660.625,3649.4015571992118,3677.0978124999997,3648.7513765432113,3648.7513765432113,0.32463498425618303,tp,0.1,0.7000000000000001,111.53442800788234,0.6813313027625638,2667.4231723092753
2025-09-09,1,2025-09-09 15:15:00,2025-09-09 16:11:05,12,3635.196,3648.7111735395197,3618.837618,3649.1556438979983,3649.1556438979983,-0.3837639515709786,tp,0.1,0.7000000000000001,134.45173539519766,0.8261925622912983,2801.874907704473
2025-09-09,1,2025-09-09 19:15:00,2025-09-09 23:59:55,45,3635.693,3633.63,3619.3323815000003,3647.9382590187593,3647.9382590187593,-0.3352786738789039,session_end,0.1,0.7000000000000001,-21.330000000001018,-0.12609547738064536,2780.5449077044723
2025-09-10,-1,2025-09-10 06:15:00,2025-09-10 12:50:25,80,3646.301,3642.1687510822494,3662.7093545,3635.1057177777766,3635.1057177777766,0.30779798693346777,tp,0.1,0.7000000000000001,40.6224891775053,0.25183810587165006,2821.1673968819778
2025-09-10,-1,2025-09-10 14:15:00,2025-09-10 15:23:30,14,3653.928,3643.2802916666665,3670.3706759999995,3642.805778752436,3642.805778752436,0.3048397834530511,tp,0.1,0.7000000000000001,105.77708333333412,0.6475654165619774,2926.944480215312
2025-09-11,1,2025-09-11 05:55:00,2025-09-11 06:44:15,10,3626.082,3636.8662124999996,3609.764631,3637.593467136151,3637.593467136151,-0.3173517667778154,tp,0.1,0.7000000000000001,107.14212499999739,0.6609038810116891,3034.0866052153096
2025-09-11,1,2025-09-11 07:20:00,2025-09-11 12:30:25,63,3625.461,3630.883715555553,3609.1464255,3636.393090909091,3636.393090909091,-0.30155130743441594,tp,0.1,0.7000000000000001,53.52715555553168,0.3323847370676609,3087.6137607708415
2025-09-15,-1,2025-09-15 13:30:00,2025-09-15 15:48:30,28,3653.795,3670.2370775,3670.2370775,3641.6481831275714,3641.6481831275714,0.33337423776070846,sl,0.1,0.7000000000000001,-165.12077499999867,-1.0,2922.492985770843
2025-09-15,-1,2025-09-15 15:55:00,2025-09-15 23:59:55,85,3678.331,3677.06,3694.8834895,3644.845180628273,3644.845180628273,0.9181273199088014,session_end,0.1,0.7000000000000001,12.010000000001856,0.07678603269920188,2934.502985770845
2025-09-16,-1,2025-09-16 07:00:00,2025-09-16 12:40:30,69,3693.384,3687.4105614035107,3710.004228,3682.089019841271,3682.089019841271,0.308044702276586,tp,0.1,0.7000000000000001,59.03438596489359,0.35940774076561655,2993.537371735739
2025-09-16,-1,2025-09-16 14:15:00,2025-09-16 14:45:30,7,3699.393,3688.2184397363485,3716.0402685,3687.960076998052,3687.960076998052,0.31259619847435716,tp,0.1,0.7000000000000001,111.04560263651528,0.6712548826644809,3104.5829743722543
2025-09-17,1,2025-09-17 01:45:00,2025-09-17 05:04:30,40,3677.845,3684.3092055555558,3661.2946975,3690.675849206349,3690.675849206349,-0.34910541409697343,tp,0.1,0.7000000000000001,63.942055555559634,0.39057929941498265,3168.525029927814
2025-09-17,1,2025-09-17 06:45:00,2025-09-17 12:46:45,73,3671.594,3675.7767222222205,3655.071827,3682.879545267489,3682.879545267489,-0.3078310090824749,tp,0.1,0.7000000000000001,41.12722222220491,0.2531581180163488,3209.652252150019
2025-09-17,-1,2025-09-17 18:05:00,2025-09-17 18:32:25,6,3691.332,3678.175717717716,3707.9429939999995,3677.8976889400906,3677.8976889400906,0.3670251921499043,tp,0.1,0.7000000000000001,130.86282282283884,0.7920225774739398,3340.515074972858
2025-09-17,1,2025-09-17 18:40:00,2025-09-17 18:51:05,3,3665.752,3649.256116,3649.256116,3678.13410267857,3678.13410267857,-0.3356213322831317,sl,0.1,0.7000000000000001,-165.65883999999932,-1.0,3174.856234972859
2025-09-17,1,2025-09-17 19:00:00,2025-09-17 23:59:55,48,3650.442,3669.231,3634.0150110000004,3677.752492690057,3677.752492690057,-0.7442315040084899,session_end,0.1,0.7000000000000001,187.19000000000216,1.143788432560628,3362.0462349728614
2025-09-18,1,2025-09-18 06:05:00,2025-09-18 07:42:00,20,3644.174,3655.420423913045,3627.7752170000003,3659.0307922374436,3659.0307922374436,-0.40946067656026186,tp,0.1,0.7000000000000001,111.76423913044964,0.6858084476784169,3473.810474103311
2025-09-18,-1,2025-09-18 09:10:00,2025-09-18 13:05:25,48,3667.761,3659.748221868366,3684.2659245,3656.076436363637,3656.076436363637,0.31886815933088214,tp,0.1,0.7000000000000001,79.4277813163415,0.485478023945771,3553.238255419653
2025-09-18,1,2025-09-18 13:35:00,2025-09-18 13:44:25,2,3647.523,3631.1091465000004,3631.1091465000004,3659.6145470347647,3659.6145470347647,-0.3295715130583149,sl,0.1,0.7000000000000001,-164.8385349999973,-1.0,3388.3997204196558
2025-09-18,1,2025-09-18 13:50:00,2025-09-18 23:59:55,110,3636.265,3640.3,3619.9018075,3659.2009457831323,3659.2009457831323,-0.6263237827794966,session_end,0.1,0.7000000000000001,39.65000000000309,0.24659002208770184,3428.049720419659
2025-09-19,-1,2025-09-19 04:10:00,2025-09-19 06:18:15,26,3659.427,3649.6093044444438,3675.8944215,3645.8477799999987,3645.8477799999987,0.3738148387533906,tp,0.1,0.7000000000000001,97.47695555556383,0.5961889999327693,3525.526675975223
2025-09-19,-1,2025-09-19 14:00:00,2025-09-19 18:00:30,49,3663.348,3679.8330659999997,3679.8330659999997,3651.4884126984116,3651.4884126984116,0.3239524808692175,sl,0.1,0.7000000000000001,-165.55065999999732,-1.0,3359.976015975226
2025-09-19,-1,2025-09-19 18:10:00,2025-09-19 20:57:55,34,3679.319,3684.96,3695.8759354999997,3655.6062951070307,3655.6062951070307,0.6501576749329095,session_end,0.1,0.7000000000000001,-57.11000000000077,-0.34070314521670697,3302.8660159752253
2025-09-22,-1,2025-09-22 06:30:00,2025-09-22 09:18:25,34,3706.271,3722.9492195,3722.9492195,3692.340213675213,3692.340213675213,0.3766794368859909,sl,0.1,0.7000000000000001,-167.48219499999612,-1.0,3135.3838209752294
2025-09-22,-1,2025-09-22 09:25:00,2025-09-22 17:28:20,97,3724.761,3741.5224245,3741.5224245,3699.8276946902656,3699.8276946902656,0.6736477308255083,sl,0.1,0.7000000000000001,-168.31424499999974,-1.0,2967.06957597523
2025-09-22,-1,2025-09-22 17:35:00,2025-09-22 23:59:55,65,3742.97,3747.861,3759.8133649999995,3712.229368878358,3712.229368878358,0.8294512020130268,session_end,0.1,0.7000000000000001,-49.61000000000077,-0.2903814053783289,2917.459575975229
2025-09-23,-1,2025-09-23 08:35:00,2025-09-23 09:09:35,7,3764.218,3781.1569809999996,3781.1569809999996,3749.733101941745,3749.733101941745,0.3877982155776566,sl,0.1,0.7000000000000001,-170.08980999999784,-1.0,2747.3697659752315
2025-09-23,-1,2025-09-23 09:15:00,2025-09-23 18:55:25,117,3784.282,3766.3361842878103,3801.311269,3751.531716216214,3751.531716216214,0.8743037848249322,tp,0.1,0.7000000000000001,178.7581571218987,1.0538218470910425,2926.1279230971304
2025-09-23,1,2025-09-23 19:20:00,2025-09-23 19:41:30,5,3752.788,3766.047754237287,3735.900454,3766.166814655171,3766.166814655171,-0.3535508465360004,tp,0.1,0.7000000000000001,131.8975423728687,0.785179459306102,3058.0254654699993
2025-09-24,-1,2025-09-24 05:40:00,2025-09-24 09:33:40,47,3776.916,3766.7708976608205,3793.912122,3762.3874901960785,3762.3874901960785,0.38762646967979125,tp,0.1,0.7000000000000001,100.7510233917963,0.5969068908295446,3158.7764888617958
2025-09-24,1,2025-09-24 14:40:00,2025-09-24 16:17:10,20,3754.699,3737.8028545,3737.8028545,3766.155293560607,3766.155293560607,-0.30330118304302434,sl,0.1,0.7000000000000001,-169.66145499999874,-1.0,2989.115033861797
2025-09-24,1,2025-09-24 16:25:00,2025-09-24 18:58:35,31,3739.879,3723.0495445,3723.0495445,3764.309537225043,3764.309537225043,-0.6470784876792893,sl,0.1,0.7000000000000001,-168.99455499999766,-1.0,2820.1204788617997
2025-09-24,1,2025-09-24 19:05:00,2025-09-24 23:59:55,47,3721.513,3742.981,3704.7661915000003,3759.9325160116455,3759.9325160116455,-1.0235826267560133,session_end,0.1,0.7000000000000001,213.98000000000303,1.2819158946016986,3034.100478861803
2025-09-25,1,2025-09-25 02:05:00,2025-09-25 02:45:00,9,3732.265,3742.4988939393943,3715.4698075,3744.727446666666,3744.727446666666,-0.33201205812008977,tp,0.1,0.7000000000000001,101.6389393939442,0.6093347211944471,3135.7394182557473
2025-09-25,-1,2025-09-25 07:50:00,2025-09-25 11:11:05,41,3753.784,3745.105960199004,3770.676028,3740.60214539007,3740.60214539007,0.353428514877563,tp,0.1,0.7000000000000001,86.08039800995975,0.5137358167412522,3221.8198162657072
2025-09-25,1,2025-09-25 12:55:00,2025-09-25 13:23:20,6,3732.708,3745.2869062500004,3715.9108140000003,3745.5295279569887,3745.5295279569887,-0.3399259800772072,tp,0.1,0.7000000000000001,125.08906250000273,0.7488698553436531,3346.90887876571
2025-09-25,1,2025-09-25 13:40:00,2025-09-25 17:16:30,44,3731.538,3742.6224388083715,3714.746079,3745.145487804878,3745.145487804878,-0.3671683209545349,tp,0.1,0.7000000000000001,110.14438808371487,0.6601054643105745,3457.053266849425
2025-09-25,-1,2025-09-25 18:40:00,2025-09-25 23:16:45,44,3755.155,3743.8556473158537,3772.0531975,3742.615308035712,3742.615308035712,0.33626731385580333,tp,0.1,0.7000000000000001,112.2935268414647,0.668672068967514,3569.34679369089
2025-09-26,-1,2025-09-26 13:10:00,2025-09-26 14:19:00,14,3761.636,3778.563362,3778.563362,3746.925272151899,3746.925272151899,0.394356085986598,sl,0.1,0.7000000000000001,-169.97361999999902,-1.0,3399.3731736908912
2025-09-26,-1,2025-09-26 14:25:00,2025-09-26 20:57:55,79,3780.355,3761.14,3797.3665975,3748.4008603082852,3748.4008603082852,0.8521671209169341,session_end,0.1,0.7000000000000001,191.45000000000147,1.129523550036984,3590.823173690893
2025-09-29,-1,2025-09-29 02:20:00,2025-09-29 04:54:25,31,3791.3,3808.36085,3808.36085,3777.998797619048,3777.998797619048,0.350865712008848,sl,0.1,0.7000000000000001,-171.30849999999845,-1.0,3419.5146736908946
2025-09-29,-1,2025-09-29 05:00:00,2025-09-29 11:16:40,76,3805.036,3822.158662,3822.158662,3787.977516666666,3787.977516666666,0.45158618967693087,sl,0.1,0.7000000000000001,-171.92661999999763,-1.0,3247.588053690897
2025-09-29,-1,2025-09-29 11:25:00,2025-09-29 23:59:55,139,3823.596,3832.933,3840.802182,3802.121295620439,3802.121295620439,0.5646112448934314,session_end,0.1,0.7000000000000001,-94.0699999999999,-0.5426537973386568,3153.5180536908974
2025-09-30,-1,2025-09-30 03:25:00,2025-09-30 06:58:55,43,3856.246,3855.177423694779,3873.599107,3844.4033536585366,3844.4033536585366,0.3084782019601927,tp,0.1,0.7000000000000001,9.98576305221086,0.0615783850823424,3163.5038167431085
2025-09-30,1,2025-09-30 08:10:00,2025-09-30 08:31:05,5,3835.761,3818.5000755,3818.5000755,3854.393571428572,3854.393571428572,-0.48140053901384966,sl,0.1,0.7000000000000001,-173.30924499999873,-1.0,2990.19457174311
2025-09-30,1,2025-09-30 08:40:00,2025-09-30 14:08:55,66,3807.874,3837.146896449705,3790.738567,3852.7567211538462,3852.7567211538462,-1.1660020189489835,tp,0.1,0.7000000000000001,292.0289644970506,1.708325459281081,3282.2235362401607
2025-09-30,-1,2025-09-30 14:20:00,2025-09-30 15:08:45,10,3849.326,3837.80523296501,3866.647967,3837.227379844962,3837.227379844962,0.3143968016700073,tp,0.1,0.7000000000000001,114.50767034990058,0.6650957731873148,3396.7312065900614
2025-09-30,-1,2025-09-30 19:20:00,2025-09-30 23:59:55,44,3851.357,3863.025,3868.6881065,3839.1091551724153,3839.1091551724153,0.3195883297835927,session_end,0.1,0.7000000000000001,-117.3800000000012,-0.6732403381169143,3279.3512065900604
2025-10-01,-1,2025-10-01 07:55:00,2025-10-01 12:41:40,58,3878.182,3872.468820175436,3895.6338189999997,3863.965201754386,3863.965201754386,0.36931746277463123,tp,0.1,0.7000000000000001,56.43179824563667,0.3273687301343032,3335.7830048356973
2025-10-01,1,2025-10-01 15:30:00,2025-10-01 17:21:30,23,3859.822,3871.7580897435882,3842.4528010000004,3872.187903225804,3872.187903225804,-0.3221280458888018,tp,0.1,0.7000000000000001,118.66089743588127,0.687198629227997,3454.4439022715787
2025-10-01,1,2025-10-01 18:05:00,2025-10-01 19:50:05,22,3856.863,3870.8308809523783,3839.5071165,3871.5099838709657,3871.5099838709657,-0.37867612203099665,tp,0.1,0.7000000000000001,138.97880952378438,0.8047922741805984,3593.4227117953633
2025-10-02,-1,2025-10-02 09:55:00,2025-10-02 13:31:55,44,3879.14,3896.5961299999994,3896.5961299999994,3867.1557156862727,3867.1557156862727,0.3096276745505288,sl,0.1,0.7000000000000001,-175.26129999999574,-1.0,3418.1614117953677
2025-10-02,1,2025-10-02 14:35:00,2025-10-02 14:42:35,2,3857.343,3839.9849565,3839.9849565,3871.836063809523,3871.836063809523,-0.37397151043829024,sl,0.1,0.7000000000000001,-174.28043499999893,-1.0,3243.880976795369
2025-10-02,1,2025-10-02 14:50:00,2025-10-02 23:47:20,96,3829.967,3863.305288766788,3812.7321485,3871.3133127340816,3871.3133127340816,-1.0672298880635602,tp,0.1,0.7000000000000001,332.68288766788083,1.9343531197114359,3576.56386446325
2025-10-03,1,2025-10-03 03:25:00,2025-10-03 05:15:00,23,3841.684,3851.0155370370367,3824.3964220000003,3854.94887398374,3854.94887398374,-0.34561739777294664,tp,0.1,0.7000000000000001,92.61537037036469,0.5397827872149876,3669.179234833615
2025-10-03,-1,2025-10-03 12:45:00,2025-10-03 13:45:10,13,3870.784,3888.202528,3888.202528,3857.0448050108926,3857.0448050108926,0.35591225103926966,sl,0.1,0.7000000000000001,-174.88527999999695,-1.0,3494.293954833618
2025-10-03,-1,2025-10-03 13:55:00,2025-10-03 20:57:55,85,3884.275,3887.144,3901.7542375,3858.8443762475054,3858.8443762475054,0.6605118337858522,session_end,0.1,0.7000000000000001,-29.38999999999687,-0.1641375946748096,3464.9039548336214
2025-10-06,-1,2025-10-06 02:00:00,2025-10-06 04:34:05,31,3917.986,3935.616937,3935.616937,3905.481486111112,3905.481486111112,0.3195512239213081,sl,0.1,0.7000000000000001,-177.00936999999902,-1.0,3287.8945848336225
2025-10-06,-1,2025-10-06 04:40:00,2025-10-06 12:27:50,94,3936.142,3929.7806901566023,3953.8546389999997,3916.9565238095247,3916.9565238095247,0.4914013232844125,tp,0.1,0.7000000000000001,62.91309843397521,0.35913958633705423,3350.807683267598
2025-10-06,-1,2025-10-06 13:45:00,2025-10-06 15:55:15,27,3944.83,3962.5817349999998,3962.5817349999998,3930.177807070708,3930.177807070708,0.3724180850789899,sl,0.1,0.7000000000000001,-178.21734999999825,-1.0,3172.5903332676
2025-10-06,-1,2025-10-06 16:05:00,2025-10-06 23:59:55,83,3962.824,3969.612,3980.656708,3933.3892029360977,3933.3892029360977,0.7474545626442496,session_end,0.1,0.7000000000000001,-68.58000000000011,-0.38064886163111317,3104.0103332676
2025-10-07,1,2025-10-07 07:10:00,2025-10-07 09:24:05,27,3953.242,3962.3824821428593,3935.452411,3965.840678294575,3965.840678294575,-0.3179446507668921,tp,0.1,0.7000000000000001,90.70482142859127,0.5138107543046182,3194.7151546961913
2025-10-07,-1,2025-10-07 12:50:00,2025-10-07 15:48:05,36,3974.874,3965.6988544973574,3992.7609329999996,3962.372883116887,3962.372883116887,0.3148016920936714,tp,0.1,0.7000000000000001,91.05145502642408,0.5129524163053848,3285.7666097226156
2025-10-07,-1,2025-10-07 16:40:00,2025-10-07 23:59:55,76,3978.468,3994.51,3996.3711059999996,3965.909546666669,3965.909546666669,0.31818560622335673,session_end,0.1,0.7000000000000001,-161.1200000000037,-0.8960456358801983,3124.646609722612
2025-10-08,-1,2025-10-08 02:55:00,2025-10-08 05:05:30,27,4010.319,4028.3654355,4028.3654355,3997.2877476190465,3997.2877476190465,0.3255395458759434,sl,0.1,0.7000000000000001,-181.16435499999915,-1.0,2943.482254722613
2025-10-08,-1,2025-10-08 05:15:00,2025-10-08 09:58:30,57,4029.678,4047.811551,4047.811551,4006.2107486772475,4006.2107486772475,0.5851851735581491,sl,0.1,0.7000000000000001,-182.03550999999896,-1.0,2761.4467447226143
2025-10-08,-1,2025-10-08 10:05:00,2025-10-08 22:08:40,133,4047.188,4032.317722661397,4065.400346,4020.065717630854,4020.065717630854,0.6753318049025705,tp,0.1,0.7000000000000001,148.00277338603047,0.8164943351396471,2909.449518108645
2025-10-09,1,2025-10-09 01:05:00,2025-10-09 01:15:00,3,4009.13,4020.4071888888884,3991.0889150000003,4021.343705128205,4021.343705128205,-0.30348575061219657,tp,0.1,0.7000000000000001,112.07188888888304,0.6250837401901496,3021.521406997528
2025-10-09,1,2025-10-09 02:20:00,2025-10-09 02:52:30,7,4008.731,4020.225656862745,3990.6917105,4021.627011904762,4021.627011904762,-0.3222703613834997,tp,0.1,0.7000000000000001,114.24656862744705,0.6372011970174717,3135.7679756249754
2025-10-09,-1,2025-10-09 04:25:00,2025-10-09 06:47:20,29,4036.952,4027.552331275719,4055.118284,4022.2350031446545,4022.2350031446545,0.3673951632311899,tp,0.1,0.7000000000000001,93.29668724281127,0.5174238564299213,3229.064662867787
2025-10-09,-1,2025-10-09 09:05:00,2025-10-09 13:44:45,56,4041.674,4033.299323170729,4059.861533,4028.826698776757,4028.826698776757,0.3201130797499638,tp,0.1,0.7000000000000001,83.04676829270811,0.46046249534067657,3312.111431160495
2025-10-09,1,2025-10-09 14:00:00,2025-10-09 16:34:55,31,4017.325,3999.2470375,3999.2470375,4033.147599206346,4033.147599206346,-0.3915576808905781,sl,0.1,0.7000000000000001,-181.4796250000001,-1.0,3130.631806160495
2025-10-09,1,2025-10-09 16:40:00,2025-10-09 16:55:20,4,3986.619,3968.6792145000004,3968.6792145000004,4030.455544999998,4030.455544999998,-1.0866524766494603,sl,0.1,0.7000000000000001,-180.09785499999742,-1.0,2950.533951160498
2025-10-09,1,2025-10-09 17:05:00,2025-10-09 17:14:35,2,3970.585,3952.7173675000004,3952.7173675000004,4029.1355130081274,4029.1355130081274,-1.4528678129374568,sl,0.1,0.7000000000000001,-179.3763249999967,-1.0,2771.1576261605014
2025-10-09,1,2025-10-09 17:20:00,2025-10-09 17:57:10,8,3963.749,3945.9121295,3945.9121295,4028.14553205128,4028.14553205128,-1.5998436883302638,sl,0.1,0.7000000000000001,-179.06870499999803,-1.0,2592.0889211605036
2025-10-09,1,2025-10-09 18:05:00,2025-10-09 23:59:55,59,3952.883,3989.994,3935.0950265,4025.167890168969,4025.167890168969,-1.795015565572738,session_end,0.1,0.7000000000000001,370.4100000000033,2.086297238974468,2962.498921160507
2025-10-10,1,2025-10-10 01:40:00,2025-10-10 02:23:40,9,3972.26,3984.699416666667,3954.3848300000004,3987.2917166666666,3987.2917166666666,-0.3774295370404278,tp,0.1,0.7000000000000001,123.69416666666602,0.6959048035160921,3086.1930878271733
2025-10-10,1,2025-10-10 03:15:00,2025-10-10 04:13:20,12,3971.296,3953.425168,3953.425168,3983.6476965811976,3983.6476965811976,-0.308114510018838,sl,0.1,0.7000000000000001,-179.40831999999608,-1.0,2906.7847678271773
2025-10-10,1,2025-10-10 04:20:00,2025-10-10 05:18:40,12,3955.871,3976.269600529101,3938.0695805000005,3978.8414679487178,3978.8414679487178,-0.57607140503978,tp,0.1,0.7000000000000001,203.28600529100805,1.1458974116699654,3110.0707731181856
2025-10-10,1,2025-10-10 07:05:00,2025-10-10 07:55:05,11,3960.73,3973.7986157894734,3942.906715,3975.0155156862743,3975.0155156862743,-0.35859018990051167,tp,0.1,0.7000000000000001,129.9861578947337,0.7332327227822151,3240.0569310129194
2025-10-10,-1,2025-10-10 08:15:00,2025-10-10 09:47:10,19,3988.103,4006.0494635,4006.0494635,3974.0430858585855,3974.0430858585855,0.3527242618806706,sl,0.1,0.7000000000000001,-180.16463499999935,-1.0,3059.8922960129203
2025-10-10,-1,2025-10-10 09:55:00,2025-10-10 12:48:25,35,3998.589,3980.9695980392153,4016.5826504999995,3977.3339229691874,3977.3339229691874,0.5364542541322372,tp,0.1,0.7000000000000001,175.49401960784672,0.9792010776682063,3235.386315620767
2025-10-10,-1,2025-10-10 13:35:00,2025-10-10 13:49:40,3,3995.097,3981.530302020202,4013.0749365,3981.3769764826175,3981.3769764826175,0.34619991020191376,tp,0.1,0.7000000000000001,134.96697979798392,0.7546304315736367,3370.3532954187513
2025-10-10,-1,2025-10-10 15:05:00,2025-10-10 15:24:55,4,3996.821,4014.8066944999996,4014.8066944999996,3981.7455478821357,3981.7455478821357,0.3801335855304704,sl,0.1,0.7000000000000001,-180.5569449999968,-1.0,3189.7963504187546
2025-10-10,-1,2025-10-10 15:30:00,2025-10-10 16:06:50,8,4016.787,3983.358109671848,4034.8625414999997,3982.513155913978,3982.513155913978,0.8622531236344655,tp,0.1,0.7000000000000001,333.5889032815174,1.8493991080793886,3523.385253700272
2025-10-10,-1,2025-10-10 18:15:00,2025-10-10 19:42:00,18,3995.772,4013.7529739999995,4013.7529739999995,3983.765461948249,3983.765461948249,0.3006712660712982,sl,0.1,0.7000000000000001,-180.50973999999604,-1.0,3342.8755137002763
2025-10-10,-1,2025-10-10 19:50:00,2025-10-10 20:57:55,14,4014.217,4010.498,4032.2809764999997,3985.349422969188,3985.349422969188,0.7238029585200322,session_end,0.1,0.7000000000000001,36.49000000000051,0.20587936438026966,3379.365513700277
2025-10-13,-1,2025-10-13 00:40:00,2025-10-13 01:00:05,5,4052.263,4039.7291944444446,4070.4981835,4034.912166666667,4034.912166666667,0.42975739290152476,tp,0.1,0.7000000000000001,124.63805555555318,0.6873418935189413,3504.0035692558304
2025-10-13,-1,2025-10-13 05:05:00,2025-10-13 09:08:30,49,4061.677,4079.9545465,4079.9545465,4048.2025163934427,4048.2025163934427,0.3309612983120624,sl,0.1,0.7000000000000001,-183.4754649999997,-1.0,3320.528104255831
2025-10-13,-1,2025-10-13 09:15:00,2025-10-13 13:54:45,56,4076.269,4094.6122104999995,4094.6122104999995,4058.6659054054057,4058.6659054054057,0.4346648629318997,sl,0.1,0.7000000000000001,-184.13210499999713,-1.0,3136.395999255834
2025-10-13,-1,2025-10-13 14:00:00,2025-10-13 16:09:35,26,4094.016,4112.439072,4112.439072,4065.7962678571425,4065.7962678571425,0.6952200818895197,sl,0.1,0.7000000000000001,-184.93072000000046,-1.0,2951.4652792558336
2025-10-13,-1,2025-10-13 16:15:00,2025-10-13 23:59:55,81,4115.693,4128.144,4134.2136185,4070.3794829059816,4070.3794829059816,1.1167021965619521,session_end,0.1,0.7000000000000001,-125.21000000000022,-0.6722777643738088,2826.2552792558336
2025-10-14,-1,2025-10-14 01:15:00,2025-10-14 03:27:30,27,4140.591,4159.2236595,4159.2236595,4126.518588888889,4126.518588888889,0.34278074377753237,sl,0.1,0.7000000000000001,-187.02659500000044,-1.0,2639.2286842558333
2025-10-14,-1,2025-10-14 03:35:00,2025-10-14 05:15:40,21,4159.583,4178.301123499999,4178.301123499999,4139.1369883720945,4139.1369883720945,0.4952846858051947,sl,0.1,0.7000000000000001,-187.88123499999818,-1.0,2451.3474492558353
2025-10-14,-1,2025-10-14 05:25:00,2025-10-14 05:38:30,3,4175.887,4149.152534825873,4194.6784915,4148.309648717951,4148.309648717951,0.6661713715269375,tp,0.1,0.7000000000000001,266.64465174126855,1.4226899005928657,2717.992100997104
2025-10-14,1,2025-10-14 05:45:00,2025-10-14 06:22:25,8,4119.976,4101.436108,4101.436108,4148.912963768118,4148.912963768118,-0.6965550740758616,sl,0.1,0.7000000000000001,-186.0989199999978,-1.0,2531.8931809971064
2025-10-14,1,2025-10-14 06:30:00,2025-10-14 06:45:05,4,4114.144,4095.6303520000006,4095.6303520000006,4145.320012820514,4145.320012820514,-0.7533920836974138,sl,0.1,0.7000000000000001,-185.83647999999647,-1.0,2346.05670099711
2025-10-14,1,2025-10-14 06:55:00,2025-10-14 08:13:10,16,4109.476,4139.302068027211,4090.983358,4142.856431726908,4142.856431726908,-0.8078709044946878,tp,0.1,0.7000000000000001,297.5606802721148,1.6128613762820885,2643.617381269225
2025-10-14,1,2025-10-14 12:25:00,2025-10-14 12:57:00,7,4123.307,4104.7521185,4104.7521185,4137.70265212528,4137.70265212528,-0.34710450055909453,sl,0.1,0.7000000000000001,-186.2488150000019,-1.0,2457.3685662692233
2025-10-14,1,2025-10-14 13:05:00,2025-10-14 14:10:55,14,4106.283,4134.825868627451,4087.8047265000005,4136.330387473462,4136.330387473462,-0.7259305872760063,tp,0.1,0.7000000000000001,284.72868627450845,1.5446718345981305,2742.097252543732
2025-10-14,-1,2025-10-14 16:50:00,2025-10-14 19:37:30,34,4149.203,4136.697051773052,4167.874413500001,4134.856615511552,4134.856615511552,0.34658721743062815,tp,0.1,0.7000000000000001,124.35948226948021,0.6697911878470202,2866.4567348132123
2025-10-14,-1,2025-10-14 22:15:00,2025-10-14 23:59:55,21,4160.96,4161.711,4179.684319999999,4137.228642483663,4137.228642483663,0.573472233869428,session_end,0.1,0.7000000000000001,-8.210000000002037,-0.040108265613930424,2858.2467348132104
2025-10-15,-1,2025-10-15 01:10:00,2025-10-15 02:31:20,17,4179.266,4173.693466666667,4198.072697,4165.214238095237,4165.214238095237,0.33874036479850594,tp,0.1,0.7000000000000001,55.025333333330124,0.29630579645819877,2913.2720681465407
2025-10-15,-1,2025-10-15 03:50:00,2025-10-15 04:25:20,8,4188.051,4176.862286163521,4206.8972295,4175.547869565217,4175.547869565217,0.3008618468093523,tp,0.1,0.7000000000000001,111.1871383647911,0.5936844734104054,3024.459206511332
2025-10-15,-1,2025-10-15 05:25:00,2025-10-15 08:06:20,33,4191.941,4210.8047344999995,4210.8047344999995,4177.68695128205,4177.68695128205,0.34180513964953685,sl,0.1,0.7000000000000001,-189.33734499999736,-1.0,2835.121861511335
2025-10-15,-1,2025-10-15 08:15:00,2025-10-15 09:20:50,14,4212.994,4187.367214285713,4231.952472999999,4184.197853535353,4184.197853535353,0.6895143937868594,tp,0.1,0.7000000000000001,255.567857142866,1.351732584912668,3090.689718654201
2025-10-15,-1,2025-10-15 10:20:00,2025-10-15 12:16:05,24,4202.923,4189.6867562358275,4221.836153499999,4187.899529569892,4187.899529569892,0.3602514894061244,tp,0.1,0.7000000000000001,131.66243764172287,0.6998433002816008,3222.352156295924
2025-10-15,-1,2025-10-15 14:10:00,2025-10-15 15:34:30,17,4206.19,4190.784302867384,4225.1178549999995,4189.775782352942,4189.775782352942,0.39163713046819526,tp,0.1,0.7000000000000001,153.35697132615388,0.8139166922303378,3375.709127622078
2025-10-15,-1,2025-10-15 19:05:00,2025-10-15 23:59:55,47,4204.6,4209.556,4223.5207,4191.569930858808,4191.569930858808,0.3122593528699548,session_end,0.1,0.7000000000000001,-50.25999999999222,-0.26193534065860713,3325.449127622086
2025-10-16,-1,2025-10-16 03:00:00,2025-10-16 04:51:55,23,4239.466,4229.158833333332,4258.543597,4224.984694444445,4224.984694444445,0.34454102460290964,tp,0.1,0.7000000000000001,102.37166666668308,0.5402759407628,3427.8207942887693
2025-10-16,1,2025-10-16 05:35:00,2025-10-16 06:20:15,10,4210.84,4227.057587719297,4191.89122,4228.923813432833,4228.923813432833,-0.42957296547007734,tp,0.1,0.7000000000000001,161.47587719296718,0.8558644788369996,3589.2966714817367
2025-10-16,-1,2025-10-16 10:55:00,2025-10-16 12:40:10,22,4242.219,4230.708971491228,4261.3089855,4228.752110687023,4228.752110687023,0.31778616861970155,tp,0.1,0.7000000000000001,114.40028508771938,0.6029354243758891,3703.6969565694562
2025-10-16,-1,2025-10-16 13:15:00,2025-10-16 14:14:50,12,4245.888,4264.994495999999,4264.994495999999,4231.09399475891,4231.09399475891,0.35065411592056517,sl,0.1,0.7000000000000001,-191.76495999999423,-1.0,3511.931996569462
2025-10-16,-1,2025-10-16 14:20:00,2025-10-16 18:00:00,12,4262.659,4281.8409655,4281.8409655,4232.816343023257,4232.816343023257,0.7045936927053333,sl,0.1,0.7000000000000001,-192.51965499999932,-1.0,3319.412341569463
2025-10-16,-1,2025-10-16 18:10:00,2025-10-16 19:55:45,22,4291.508,4310.819786,4310.819786,4235.2381936936945,4235.2381936936945,1.3296609005405593,sl,0.1,0.7000000000000001,-193.8178600000021,-1.0,3125.594481569461
2025-10-16,-1,2025-10-16 20:05:00,2025-10-16 22:02:00,12,4314.756,4334.172402,4334.172402,4241.657951923078,4241.657951923078,1.7227119420082475,sl,0.1,0.7000000000000001,-194.86401999999833,-1.0,2930.730461569463
2025-10-16,-1,2025-10-16 22:10:00,2025-10-16 22:19:00,2,4351.692,4371.274614,4371.274614,4246.40255882353,4246.40255882353,2.4813931255180606,sl,0.1,0.7000000000000001,-196.5261399999992,-1.0,2734.204321569464
2025-10-16,-1,2025-10-16 22:25:00,2025-10-16 23:59:55,19,4360.477,4365.904,4380.0991465,4247.935302083334,4247.935302083334,2.6505864592957695,session_end,0.1,0.7000000000000001,-54.970000000005896,-0.2765752462402941,2679.234321569458
2025-10-17,1,2025-10-17 01:20:00,2025-10-17 01:38:15,4,4337.015,4317.4984325000005,4317.4984325000005,4358.277854166667,4358.277854166667,-0.48935278750704336,sl,0.1,0.7000000000000001,-195.86567499999836,-1.0,2483.36864656946
2025-10-17,1,2025-10-17 01:45:00,2025-10-17 02:30:35,10,4291.003,4340.355955555556,4271.6934865,4349.858595238095,4349.858595238095,-1.3527128284701109,tp,0.1,0.7000000000000001,492.8295555555604,2.555888088819925,2976.1982021250205
2025-10-17,-1,2025-10-17 03:15:00,2025-10-17 05:32:30,28,4359.626,4350.423186868687,4379.244317,4341.164098290598,4341.164098290598,0.426692041351203,tp,0.1,0.7000000000000001,91.32813131313632,0.4690928957521625,3067.526333438157
2025-10-17,-1,2025-10-17 05:55:00,2025-10-17 06:33:35,8,4367.312,4352.18570940171,4386.9649039999995,4351.093049295775,4351.093049295775,0.3740083358331978,tp,0.1,0.7000000000000001,150.56290598290326,0.7696720341324951,3218.0892394210605
2025-10-17,1,2025-10-17 07:30:00,2025-10-17 11:13:15,45,4338.737,4319.2126835,4319.2126835,4352.485277777779,4352.485277777779,-0.315331974765134,sl,0.1,0.7000000000000001,-195.94316500000167,-1.0,3022.146074421059
2025-10-17,1,2025-10-17 11:20:00,2025-10-17 11:32:50,3,4330.49,4311.002795,4311.002795,4347.568963235295,4347.568963235295,-0.39402395638014315,sl,0.1,0.7000000000000001,-195.57204999999448,-1.0,2826.5740244210647
2025-10-17,1,2025-10-17 11:40:00,2025-10-17 11:51:55,3,4319.389,4299.9517495,4299.9517495,4346.77476904762,4346.77476904762,-0.6326591670551559,sl,0.1,0.7000000000000001,-195.07250500000117,-1.0,2631.5015194210637
2025-10-17,1,2025-10-17 12:00:00,2025-10-17 13:35:35,20,4287.276,4267.983258,4267.983258,4345.592365740741,4345.592365740741,-1.3438413184156799,sl,0.1,0.7000000000000001,-193.62741999999633,-1.0,2437.8740994210675
2025-10-17,1,2025-10-17 13:45:00,2025-10-17 14:01:10,4,4286.227,4266.9389785,4266.9389785,4340.401415151515,4340.401415151515,-1.2475324278186564,sl,0.1,0.7000000000000001,-193.58021499999558,-1.0,2244.293884421072
2025-10-17,1,2025-10-17 14:10:00,2025-10-17 14:14:40,1,4237.595,4218.525822500001,4218.525822500001,4338.254947058823,4338.254947058823,-2.3186845468134507,sl,0.1,0.7000000000000001,-191.39177499999568,-1.0,2052.9021094210766
2025-10-17,1,2025-10-17 14:20:00,2025-10-17 14:22:50,1,4236.248,4217.184884,4217.184884,4337.003994186046,4337.003994186046,-2.3240811934037233,sl,0.1,0.7000000000000001,-191.33115999999353,-1.0,1861.5709494210832
2025-10-17,1,2025-10-17 14:30:00,2025-10-17 16:27:40,24,4241.003,4221.9184865,4221.9184865,4335.7977931034475,4335.7977931034475,-2.1874473310149773,sl,0.1,0.7000000000000001,-191.54513499999956,-1.0,1670.0258144210839
2025-10-17,1,2025-10-17 16:35:00,2025-10-17 17:03:15,6,4213.529,4194.568119500001,4194.568119500001,4324.213123115578,4324.213123115578,-2.561150895258919,sl,0.1,0.7000000000000001,-190.30880499999802,-1.0,1479.717009421085
2025-10-17,1,2025-10-17 17:10:00,2025-10-17 20:57:55,46,4193.336,4250.998,4174.465988000001,4320.237260517801,4320.237260517801,-2.9387219465484593,session_end,0.1,0.7000000000000001,575.9199999999935,3.055747924272712,2055.637009421079
2025-10-20,-1,2025-10-20 01:00:00,2025-10-20 01:01:10,1,4249.461,4235.494805555555,4268.5835745,4235.494805555555,4235.494805555555,0.33154790854721233,tp,0.1,0.7000000000000001,138.96194444445138,0.7303511587545403,2194.5989538655303
2025-10-20,-1,2025-10-20 01:15:00,2025-10-20 03:34:40,28,4255.219,4252.007515873015,4274.3674855,4236.683611111111,4236.683611111111,0.43998774985230354,tp,0.1,0.7000000000000001,31.414841269849422,0.1677147849100109,2226.01379513538
2025-10-20,-1,2025-10-20 04:40:00,2025-10-20 05:20:50,9,4267.181,4255.518374999999,4286.383314499999,4254.207976190475,4254.207976190475,0.3045343312323605,tp,0.1,0.7000000000000001,115.92625000000844,0.6073551706488935,2341.9400451353886
2025-10-20,1,2025-10-20 06:00:00,2025-10-20 07:12:15,15,4240.102,4252.10773255814,4221.021541,4255.058175925926,4255.058175925926,-0.3527490178829266,tp,0.1,0.7000000000000001,119.35732558140153,0.6292161293467984,2461.2973707167903
2025-10-20,-1,2025-10-20 11:55:00,2025-10-20 12:18:45,5,4267.039,4286.240675499999,4286.240675499999,4254.220276223778,4254.220276223778,0.3007654269275296,sl,0.1,0.7000000000000001,-192.7167549999951,-1.0,2268.5806157167954
2025-10-20,-1,2025-10-20 12:25:00,2025-10-20 12:39:35,3,4296.799,4316.1345955,4316.1345955,4255.36017114094,4255.36017114094,0.9755538236362518,sl,0.1,0.7000000000000001,-194.05595499999725,-1.0,2074.5246607167983
2025-10-20,-1,2025-10-20 12:45:00,2025-10-20 15:05:25,29,4320.112,4339.552504,4339.552504,4256.717349673204,4256.717349673204,1.4908471743294893,sl,0.1,0.7000000000000001,-195.10504000000145,-1.0,1879.419620716797
2025-10-20,-1,2025-10-20 15:15:00,2025-10-20 19:07:50,47,4346.208,4365.765936,4365.765936,4267.182465391623,4267.182465391623,1.853143971454709,sl,0.1,0.7000000000000001,-196.27936000000153,-1.0,1683.1402607167947
2025-10-20,-1,2025-10-20 19:15:00,2025-10-20 23:59:55,45,4366.381,4360.591,4386.0297145,4284.3548275613275,4284.3548275613275,1.9141895510403648,session_end,0.1,0.7000000000000001,57.19999999999963,0.2946757661932507,1740.3402607167936
2025-10-21,1,2025-10-21 01:30:00,2025-10-21 05:18:25,46,4350.313,4330.7365915,4330.7365915,4363.451851851851,4363.451851851851,-0.30279586667706043,sl,0.1,0.7000000000000001,-196.4640850000007,-1.0,1543.8761757167922
2025-10-21,1,2025-10-21 05:25:00,2025-10-21 07:33:50,26,4330.293,4310.8066815,4310.8066815,4349.0265871794845,4349.0265871794845,-0.4321446834767032,sl,0.1,0.7000000000000001,-195.5631849999947,-1.0,1348.3129907167968
2025-10-21,1,2025-10-21 07:40:00,2025-10-21 08:03:30,5,4297.458,4278.119439,4278.119439,4342.737652173911,4342.737652173911,-1.0440914419781377,sl,0.1,0.7000000000000001,-194.0856099999957,-1.0,1154.2273807168003
2025-10-21,1,2025-10-21 08:10:00,2025-10-21 08:13:00,1,4280.765,4261.501557500001,4261.501557500001,4339.787071428569,4339.787071428569,-1.3598955537959498,sl,0.1,0.7000000000000001,-193.33442499999654,-1.0,960.892955716803
2025-10-21,1,2025-10-21 08:20:00,2025-10-21 11:56:50,44,4265.152,4245.958816,4245.958816,4338.166913333332,4338.166913333332,-1.6848455763351495,sl,0.1,0.7000000000000001,-192.63183999999745,-1.0,768.2611157168049
2025-10-21,1,2025-10-21 12:05:00,2025-10-21 12:10:40,2,4254.904,4235.756932,4235.756932,4314.97683563218,4314.97683563218,-1.39220528685361,sl,0.1,0.7000000000000001,-192.17068000000216,-1.0,576.090435716802
2025-10-21,1,2025-10-21 12:20:00,2025-10-21 12:46:05,6,4230.712,4211.673796000001,4211.673796000001,4313.384448198195,4313.384448198195,-1.916405764218979,sl,0.1,0.7000000000000001,-191.08203999999495,-1.0,385.00839571680626
2025-10-21,1,2025-10-21 12:55:00,2025-10-21 13:47:55,11,4207.934,4188.998297,4188.998297,4309.175719354836,4309.175719354836,-2.3490622324863315,sl,0.1,0.7000000000000001,-190.05703000000102,-1.0,194.9513657168045
2025-10-21,1,2025-10-21 13:55:00,2025-10-21 14:21:25,6,4176.81,4158.014355,4158.014355,4301.416096806384,4301.416096806384,-2.8956649159996575,sl,0.1,0.7000000000000001,-188.65645000000148,-1.0,6.294915716802279
2025-10-21,1,2025-10-21 14:30:00,2025-10-21 14:38:55,2,4137.044,4118.427302,4118.427302,4296.033842911875,4296.033842911875,-3.702166899227033,sl,0.1,0.7000000000000001,-186.86697999999814,-1.0,-180.5720642831966
2025-10-21,1,2025-10-21 14:45:00,2025-10-21 14:45:25,1,4101.831,4083.3727605000004,4083.3727605000004,4293.060177966099,4293.060177966099,-4.453948233651079,sl,0.1,0.7000000000000001,-185.28239499999762,-1.0,-365.85445928319496
2025-10-21,1,2025-10-21 14:55:00,2025-10-21 16:38:45,21,4123.136,4104.581888000001,4104.581888000001,4291.028568901301,4291.028568901301,-3.9111384649735044,sl,0.1,0.7000000000000001,-186.24111999999803,-1.0,-552.0955792831937
2025-10-21,1,2025-10-21 16:45:00,2025-10-21 17:27:35,9,4114.035,4095.5218425000003,4095.5218425000003,4273.430775290214,4273.430775290214,-3.729609385784198,sl,0.1,0.7000000000000001,-185.83157499999578,-1.0,-737.9271542831902
2025-10-21,1,2025-10-21 17:35:00,2025-10-21 23:58:00,65,4113.895,4095.382472500001,4095.382472500001,4265.7330908372805,4265.7330908372805,-3.560949257785488,sl,0.1,0.7000000000000001,-185.82527499999577,-1.0,-923.7524292831858
2025-10-22,-1,2025-10-22 00:35:00,2025-10-22 00:48:20,3,4071.128,4089.448076,4089.448076,4050.2075476190475,4050.2075476190475,0.5178982097666441,sl,0.1,0.7000000000000001,-183.9007599999997,-1.0,-1107.6531892831863
2025-10-22,-1,2025-10-22 00:55:00,2025-10-22 01:04:05,2,4079.725,4098.0837624999995,4098.0837624999995,4060.7716212121213,4060.7716212121213,0.4686025357466159,sl,0.1,0.7000000000000001,-184.28762499999556,-1.0,-1291.9408142831817
2025-10-22,-1,2025-10-22 01:10:00,2025-10-22 03:35:05,30,4111.207,4129.7074315,4129.7074315,4066.894714285714,4066.894714285714,1.0911712456780374,sl,0.1,0.7000000000000001,-185.70431499999648,-1.0,-1477.645129283179
2025-10-22,-1,2025-10-22 03:45:00,2025-10-22 06:43:10,36,4139.119,4157.745035499999,4157.745035499999,4096.551974074075,4096.551974074075,1.0401802832138407,sl,0.1,0.7000000000000001,-186.96035499999488,-1.0,-1664.6054842831745
2025-10-22,-1,2025-10-22 06:50:00,2025-10-22 08:04:00,15,4156.685,4118.419225694445,4175.3900825,4114.277589430895,4114.277589430895,1.0301908329663294,tp,0.1,0.7000000000000001,381.9577430555517,2.0457420760136107,-1282.6477412276236
2025-10-22,1,2025-10-22 08:10:00,2025-10-22 08:15:05,2,4102.599,4084.1373045000005,4084.1373045000005,4118.353357142858,4118.353357142858,-0.3851261843607621,sl,0.1,0.7000000000000001,-185.31695499999677,-1.0,-1467.9646962276202
2025-10-22,1,2025-10-22 08:25:00,2025-10-22 08:41:55,4,4104.664,4086.193012,4086.193012,4117.506740924093,4117.506740924093,-0.3112135991601752,sl,0.1,0.7000000000000001,-185.40987999999578,-1.0,-1653.3745762276158
2025-10-22,1,2025-10-22 08:50:00,2025-10-22 09:17:35,6,4087.032,4068.6403560000003,4068.6403560000003,4116.635163522013,4116.635163522013,-0.7206532117514913,sl,0.1,0.7000000000000001,-184.61643999999814,-1.0,-1837.9910162276137
2025-10-22,1,2025-10-22 09:25:00,2025-10-22 10:41:30,16,4069.326,4051.0140330000004,4051.0140330000004,4114.456485250737,4114.456485250737,-1.096815227296958,sl,0.1,0.7000000000000001,-183.8196699999964,-1.0,-2021.8106862276109
2025-10-22,1,2025-10-22 10:50:00,2025-10-22 10:54:10,1,4059.26,4040.9933300000002,4040.9933300000002,4108.775335897435,4108.775335897435,-1.2044181502230162,sl,0.1,0.7000000000000001,-183.36669999999975,-1.0,-2205.1773862276114
2025-10-22,1,2025-10-22 11:00:00,2025-10-22 11:02:45,1,4035.271,4017.1122805000005,4017.1122805000005,4107.696616161616,4107.696616161616,-1.7644223255548197,sl,0.1,0.7000000000000001,-182.28719499999733,-1.0,-2387.4645812276085
2025-10-22,1,2025-10-22 11:10:00,2025-10-22 19:03:25,95,4028.363,4082.8859137426894,4010.2353665,4106.509189054726,4106.509189054726,-1.9024598620881152,tp,0.1,0.7000000000000001,544.5291374268952,3.00772374632851,-1842.935443800714
2025-10-22,-1,2025-10-22 19:25:00,2025-10-22 23:12:10,34,4098.243,4085.3241616541345,4116.6850935,4083.0352124463516,4083.0352124463516,0.374042513938985,tp,0.1,0.7000000000000001,128.4883834586588,0.7005082338328888,-1714.447060342056
2025-10-23,-1,2025-10-23 03:20:00,2025-10-23 04:22:00,13,4095.949,4084.174820512821,4114.3807705,4081.7332166666674,4081.7332166666674,0.34811886468505254,tp,0.1,0.7000000000000001,117.04179487179026,0.6387980735317379,-1597.4052654702664
2025-10-23,-1,2025-10-23 05:50:00,2025-10-23 06:04:05,3,4098.799,4117.2435955,4117.2435955,4085.623228571429,4085.623228571429,0.32184248749654537,sl,0.1,0.7000000000000001,-185.14595500000104,-1.0,-1782.5512204702682
2025-10-23,-1,2025-10-23 06:10:00,2025-10-23 07:37:15,18,4127.106,4093.258976190478,4145.677976999999,4087.1689459459462,4087.1689459459462,0.9752362718842518,tp,0.1,0.7000000000000001,337.77023809521944,1.8224782320978892,-1444.7809823750486
2025-10-23,-1,2025-10-23 08:05:00,2025-10-23 12:23:20,52,4108.873,4101.07247972973,4127.3629285,4093.7375893470803,4093.7375893470803,0.3674615268957377,tp,0.1,0.7000000000000001,77.30520270269771,0.4218794177743692,-1367.4757796723516
2025-10-23,-1,2025-10-23 12:35:00,2025-10-23 13:18:05,9,4118.703,4137.2371635,4137.2371635,4101.223910596027,4101.223910596027,0.4259603909661792,sl,0.1,0.7000000000000001,-186.0416349999952,-1.0,-1553.5174146723475
2025-10-23,-1,2025-10-23 13:25:00,2025-10-23 20:00:05,80,4146.715,4114.664093055556,4165.3752175,4103.003404761905,4103.003404761905,1.067196171157853,tp,0.1,0.7000000000000001,319.8090694444425,1.7176062896611235,-1233.7083452279057
2025-10-24,-1,2025-10-24 01:15:00,2025-10-24 01:35:10,5,4142.97,4131.654763157894,4161.613365,4130.359033333333,4130.359033333333,0.30490004779325225,tp,0.1,0.7000000000000001,112.4523684210606,0.6069310364360789,-1121.2559768068459
2025-10-24,1,2025-10-24 01:55:00,2025-10-24 03:55:55,25,4116.053,4122.250932624114,4097.5307615,4130.295326086956,4130.295326086956,-0.3444505771076291,tp,0.1,0.7000000000000001,61.279326241144005,0.3346211433415292,-1059.9766505657026
2025-10-24,1,2025-10-24 04:25:00,2025-10-24 06:07:25,21,4106.355,4087.8764024999996,4087.8764024999996,4121.5850849056615,4121.5850849056615,-0.3692653334126168,sl,0.1,0.7000000000000001,-185.48597499999977,-1.0,-1245.4626255657022
2025-10-24,1,2025-10-24 06:15:00,2025-10-24 08:04:40,22,4083.51,4065.1342050000003,4065.1342050000003,4117.638295555557,4117.638295555557,-0.8283582264224997,sl,0.1,0.7000000000000001,-184.45794999999924,-1.0,-1429.9205755657022
2025-10-24,1,2025-10-24 08:10:00,2025-10-24 11:03:45,35,4065.361,4047.0668755,4047.0668755,4110.459088435375,4110.459088435375,-1.0981884861079336,sl,0.1,0.7000000000000001,-183.64124499999724,-1.0,-1613.5618205656992
2025-10-24,1,2025-10-24 11:10:00,2025-10-24 12:30:55,17,4060.253,4093.568835555554,4041.9818615000004,4097.526000000001,4097.526000000001,-0.9095366325924725,tp,0.1,0.7000000000000001,332.45835555553805,1.8234132238423022,-1281.103465010161
2025-10-24,1,2025-10-24 12:40:00,2025-10-24 13:05:25,6,4080.445,4093.037077494691,4062.0829975,4093.4208289473668,4093.4208289473668,-0.31839699586222375,tp,0.1,0.7000000000000001,125.22077494690784,0.6857682050032817,-1155.882690063254
2025-10-24,-1,2025-10-24 13:15:00,2025-10-24 14:13:50,12,4112.018,4130.522081,4130.522081,4093.2209213836463,4093.2209213836463,0.4588948160170206,sl,0.1,0.7000000000000001,-185.7408100000004,-1.0,-1341.623500063255
2025-10-24,-1,2025-10-24 14:20:00,2025-10-24 20:01:00,69,4126.879,4101.847376388889,4145.449955499999,4094.761467054262,4094.761467054262,0.7857852821127843,tp,0.1,0.7000000000000001,249.61623611111173,1.3478909909138483,-1092.007263952144
2025-10-27,-1,2025-10-27 01:10:00,2025-10-27 02:00:00,11,4094.41,4079.919444444444,4112.834844999999,4073.60680952381,4073.60680952381,0.5105964185733793,tp,0.1,0.7000000000000001,144.20555555556058,0.7864682473885892,-947.8017083965842
2025-10-27,1,2025-10-27 04:05:00,2025-10-27 05:13:15,14,4061.437,4074.4282741935467,4043.1605335,4077.314901360542,4077.314901360542,-0.389187535042903,tp,0.1,0.7000000000000001,129.21274193546816,0.7108197962416223,-818.5889664611168
2025-10-27,1,2025-10-27 08:25:00,2025-10-27 08:53:15,6,4058.64,4040.37612,4040.37612,4074.7410544554427,4074.7410544554427,-0.39652960125590936,sl,0.1,0.7000000000000001,-183.3387999999997,-1.0,-1001.9277664611163
2025-10-27,1,2025-10-27 09:00:00,2025-10-27 11:11:15,27,4043.507,4025.3112185000005,4025.3112185000005,4073.4215648148124,4073.4215648148124,-0.7373669613343253,sl,0.1,0.7000000000000001,-182.6578149999961,-1.0,-1184.5855814611132
2025-10-27,1,2025-10-27 11:20:00,2025-10-27 13:47:50,30,4031.941,4013.7972655,4013.7972655,4066.498147058822,4066.498147058822,-0.8492478247850639,sl,0.1,0.7000000000000001,-182.13734499999936,-1.0,-1366.7229264611124
2025-10-27,1,2025-10-27 13:55:00,2025-10-27 14:08:45,3,4018.559,4000.4754845,4000.4754845,4060.221446107784,4060.221446107784,-1.0251398023544844,sl,0.1,0.7000000000000001,-181.53515499999975,-1.0,-1548.258081461112
2025-10-27,1,2025-10-27 14:15:00,2025-10-27 14:24:15,2,4004.879,3986.8570445,3986.8570445,4059.095780701753,4059.095780701753,-1.3354521211219468,sl,0.1,0.7000000000000001,-180.91955499999875,-1.0,-1729.1776364611105
2025-10-27,1,2025-10-27 14:30:00,2025-10-27 15:00:35,7,3998.948,3980.952734,3980.952734,4057.9912873563203,4057.9912873563203,-1.457809619765359,sl,0.1,0.7000000000000001,-180.652659999999,-1.0,-1909.8302964611103
2025-10-27,1,2025-10-27 15:10:00,2025-10-27 23:59:55,94,3974.687,3998.538,3956.8009085,4054.937054945053,4054.937054945053,-1.9787373726850748,session_end,0.1,0.7000000000000001,237.81000000000114,1.3334942404828962,-1672.020296461109
2025-10-29,-1,2025-10-29 00:45:00,2025-10-29 01:05:40,5,3981.692,3971.1762948717956,3999.609614,3968.803092592593,3968.803092592593,0.32638070232265,tp,0.1,0.7000000000000001,104.45705128204445,0.5868920453473587,-1567.5632451790643
2025-10-29,1,2025-10-29 02:35:00,2025-10-29 03:23:50,10,3955.803,3968.189441666667,3938.0018865,3971.0648978494623,3971.0648978494623,-0.38534746328999975,tp,0.1,0.7000000000000001,123.16441666666996,0.6958239812732616,-1444.3988285123942
2025-10-29,1,2025-10-29 04:30:00,2025-10-29 05:34:50,13,3953.622,3965.2805555555556,3935.830701,3967.1161604938275,3967.1161604938275,-0.3397092484468532,tp,0.1,0.7000000000000001,115.88555555555722,0.6552953528326253,-1328.5132729568377
2025-10-29,-1,2025-10-29 06:45:00,2025-10-29 07:56:00,15,3980.895,3998.8090275,3998.8090275,3965.7570267489705,3965.7570267489705,0.38319224169634253,sl,0.1,0.7000000000000001,-179.84027499999974,-1.0,-1508.3535479568382
2025-10-29,-1,2025-10-29 08:05:00,2025-10-29 09:47:05,21,4006.529,4024.5583804999997,4024.5583804999997,3969.9978986254296,3969.9978986254296,0.9198393124392898,sl,0.1,0.7000000000000001,-180.9938049999966,-1.0,-1689.3473529568346
2025-10-29,-1,2025-10-29 09:55:00,2025-10-29 15:50:30,72,4027.756,3993.0721964912254,4045.8809019999994,3978.33468207283,3978.33468207283,1.2438575907190088,tp,0.1,0.7000000000000001,346.1380350877442,1.9135995057394104,-1343.2093178690902
2025-10-29,1,2025-10-29 18:40:00,2025-10-29 19:40:45,13,3951.957,3934.1731935000003,3934.1731935000003,3992.954252976188,3992.954252976188,-1.0282049423828583,sl,0.1,0.7000000000000001,-178.53806499999627,-1.0,-1521.7473828690872
2025-10-29,1,2025-10-29 19:50:00,2025-10-29 22:04:25,15,3941.843,3924.1047065000002,3924.1047065000002,3990.7250294117616,3990.7250294117616,-1.224477483455292,sl,0.1,0.7000000000000001,-178.08293499999598,-1.0,-1699.830317869084
2025-10-29,1,2025-10-29 22:10:00,2025-10-29 23:59:55,22,3930.446,3952.868,3912.758993,3987.4793661417293,3987.4793661417293,-1.4296215956820844,session_end,0.1,0.7000000000000001,223.52000000000027,1.267710246284181,-1476.3103178690835
2025-10-30,1,2025-10-30 00:45:00,2025-10-30 01:00:10,4,3941.99,3954.045166666667,3924.251045,3956.422611111111,3956.422611111111,-0.364625130555998,tp,0.1,0.7000000000000001,119.85166666666991,0.6795871947737127,-1356.4586512024143
2025-10-30,1,2025-10-30 02:05:00,2025-10-30 03:00:10,12,3937.461,3919.7424255,3919.7424255,3952.975273333334,3952.975273333334,-0.3923316555495728,sl,0.1,0.7000000000000001,-177.88574499999703,-1.0,-1534.344396202412
2025-10-30,1,2025-10-30 03:10:00,2025-10-30 04:09:35,12,3924.344,3942.998336734694,3906.6844520000004,3945.8495789473695,3945.8495789473695,-0.5443968027057935,tp,0.1,0.7000000000000001,185.84336734693971,1.0563314947072462,-1348.5010288554731
2025-10-30,-1,2025-10-30 04:30:00,2025-10-30 04:36:35,2,3959.465,3977.2825924999997,3977.2825924999997,3943.4114320987655,3943.4114320987655,0.4068068518200904,sl,0.1,0.7000000000000001,-178.8759249999959,-1.0,-1527.3769538554698
2025-10-30,-1,2025-10-30 04:45:00,2025-10-30 05:31:20,10,3978.851,3948.10796969697,3996.7558295,3944.940552631579,3944.940552631579,0.8612537227146966,tp,0.1,0.7000000000000001,306.73030303030083,1.7170244655516247,-1220.6466508251688
2025-10-30,-1,2025-10-30 05:45:00,2025-10-30 09:00:30,40,3962.642,3980.4738889999994,3980.4738889999994,3948.4973357487925,3948.4973357487925,0.36133148988188785,sl,0.1,0.7000000000000001,-179.0188899999959,-1.0,-1399.6655408251645
2025-10-30,-1,2025-10-30 09:10:00,2025-10-30 12:58:20,46,3994.998,3964.1954677419376,4012.9754909999997,3955.788942424244,3955.788942424244,0.9930650534576285,tp,0.1,0.7000000000000001,307.3253225806246,1.7133943918015626,-1092.3402182445407
2025-10-30,-1,2025-10-30 13:55:00,2025-10-30 14:08:40,3,3987.926,4005.871667,4005.871667,3964.842482035931,3964.842482035931,0.5811836931346853,sl,0.1,0.7000000000000001,-180.15666999999956,-1.0,-1272.496888244541
2025-10-30,-1,2025-10-30 14:15:00,2025-10-30 22:50:05,92,4011.064,4029.1137879999997,4029.1137879999997,3965.7073927875267,3965.7073927875267,1.1431531054188002,sl,0.1,0.7000000000000001,-181.19787999999807,-1.0,-1453.6947682445389
2025-10-30,-1,2025-10-30 23:00:00,2025-10-30 23:59:55,12,4038.073,4036.756,4056.2443284999995,3981.4769002525277,3981.4769002525277,1.4210204194298863,session_end,0.1,0.7000000000000001,12.470000000000073,0.07247681422962746,-1441.2247682445395
2025-11-03,-1,2025-11-03 01:10:00,2025-11-03 02:21:05,15,3984.736,4002.6673119999996,4002.6673119999996,3972.6085,3972.6085,0.3048374890201269,sl,0.1,0.7000000000000001,-180.01311999999706,-1.0,-1621.2378882445373
2025-11-03,-1,2025-11-03 02:35:00,2025-11-03 05:31:20,36,3998.816,4016.8106719999996,4016.8106719999996,3984.9251344086024,3984.9251344086024,0.34756902888347146,sl,0.1,0.7000000000000001,-180.64671999999808,-1.0,-1801.8846082445361
2025-11-03,-1,2025-11-03 05:40:00,2025-11-03 09:27:30,46,4014.34,4005.4455383480813,4032.40453,3997.088107843137,3997.088107843137,0.430823431764562,tp,0.1,0.7000000000000001,88.24461651918845,0.49237160623160514,-1713.6399917253475
2025-11-03,-1,2025-11-03 13:20:00,2025-11-03 14:31:55,15,4018.452,4005.977229885057,4036.535034,4005.0856479166664,4005.0856479166664,0.3332725753387289,tp,0.1,0.7000000000000001,124.04770114943112,0.6898604578713545,-1589.5922905759162
2025-11-03,-1,2025-11-03 14:50:00,2025-11-03 15:36:20,10,4020.664,4006.8987299465234,4038.756988,4006.1169363295876,4006.1169363295876,0.36423209562576975,tp,0.1,0.7000000000000001,136.95270053476798,0.7608068967644753,-1452.639590041148
2025-11-03,-1,2025-11-03 15:45:00,2025-11-03 15:57:20,3,4021.355,4007.106615183246,4039.4510975,4007.0040837742504,4007.0040837742504,0.3574844428972317,tp,0.1,0.7000000000000001,141.7838481675397,0.7873733448194626,-1310.855741873609
2025-11-04,1,2025-11-04 00:45:00,2025-11-04 01:01:25,4,3980.148,3991.019999999999,3962.2373340000004,3992.535574074074,3992.535574074074,-0.3093040461370948,tp,0.1,0.7000000000000001,108.01999999998934,0.6070126035513742,-1202.8357418736196
2025-11-04,1,2025-11-04 06:00:00,2025-11-04 06:55:15,12,3973.461,3985.573130522089,3955.5804255,3987.0787685185187,3987.0787685185187,-0.3408327075406236,tp,0.1,0.7000000000000001,120.42130522089046,0.6773904564469709,-1082.414436652729
2025-11-04,-1,2025-11-04 08:30:00,2025-11-04 10:00:45,19,3999.89,3988.160533333334,4017.8895049999996,3986.8420947712416,3986.8420947712416,0.33014613861986053,tp,0.1,0.7000000000000001,116.59466666665757,0.6516549575483274,-965.8197699860721
2025-11-04,1,2025-11-04 13:50:00,2025-11-04 14:29:15,8,3977.032,3959.1353560000002,3959.1353560000002,3989.028502008033,3989.028502008033,-0.30137668863436473,sl,0.1,0.7000000000000001,-179.66643999999923,-1.0,-1145.4862099860711
2025-11-04,1,2025-11-04 14:35:00,2025-11-04 23:59:55,101,3938.649,3934.828,3920.9250795000003,3987.941244761904,3987.941244761904,-1.2383518645559333,session_end,0.1,0.7000000000000001,-38.90999999999913,-0.21558435674544998,-1184.396209986071
2025-11-05,-1,2025-11-05 03:10:00,2025-11-05 04:42:15,19,3953.786,3971.5780369999998,3971.5780369999998,3941.4334473684216,3941.4334473684216,0.3140241436739773,sl,0.1,0.7000000000000001,-178.62036999999708,-1.0,-1363.0165799860679
2025-11-05,-1,2025-11-05 04:50:00,2025-11-05 10:06:40,64,3969.668,3960.559915977962,3987.531506,3948.2681954022987,3948.2681954022987,0.5443729638916119,tp,0.1,0.7000000000000001,90.38084022037928,0.5098710198344092,-1272.6357397656884
2025-11-05,-1,2025-11-05 13:10:00,2025-11-05 23:03:20,107,3973.559,3969.4220126262617,3991.4400155,3961.556126582278,3961.556126582278,0.30198672025488604,tp,0.1,0.7000000000000001,40.6698737373852,0.23136199248519201,-1231.965866028304
2025-11-06,-1,2025-11-06 03:35:00,2025-11-06 07:20:15,46,3988.478,4006.4261509999997,4006.4261509999997,3976.4999806201554,3976.4999806201554,0.3018865695548792,sl,0.1,0.7000000000000001,-180.18150999999597,-1.0,-1412.1473760283006
2025-11-06,-1,2025-11-06 07:30:00,2025-11-06 14:21:20,83,4004.203,3996.245356589147,4022.2219134999996,3983.1001555555545,3983.1001555555545,0.5301986799149403,tp,0.1,0.7000000000000001,78.87643410853052,0.44162726075871495,-1333.2709419197708
2025-11-06,1,2025-11-06 15:05:00,2025-11-06 19:12:05,50,3979.537,3993.3148014492754,3961.6290835,3996.2058535911597,3996.2058535911597,-0.41652893271755254,tp,0.1,0.7000000000000001,137.07801449275559,0.7693693149214589,-1196.192927427015
2025-11-06,1,2025-11-06 21:10:00,2025-11-06 23:59:55,22,3980.4,3989.239,3962.4882000000002,3992.662528871392,3992.662528871392,-0.30831628724884713,session_end,0.1,0.7000000000000001,87.68999999999942,0.4934735760783401,-1108.5029274270164
2025-11-07,-1,2025-11-07 07:05:00,2025-11-07 11:27:15,53,4007.636,3999.970925790755,4025.670362,3995.572205882353,3995.572205882353,0.30386871997387915,tp,0.1,0.7000000000000001,75.95074209245176,0.4250260812800159,-1032.5521853345654
2025-11-07,1,2025-11-07 14:40:00,2025-11-07 16:10:15,19,3986.515,3999.0113333333325,3968.5756825,3999.731859848484,3999.731859848484,-0.32995611483276155,tp,0.1,0.7000000000000001,124.26333333332586,0.696589116800713,-908.2888520012402
2025-11-07,-1,2025-11-07 16:35:00,2025-11-07 17:06:40,7,4017.876,3999.6274382113816,4035.956442,3999.140804857621,3999.140804857621,0.46999333255654374,tp,0.1,0.7000000000000001,181.78561788618646,1.0092984335570279,-726.5032341150545
2025-11-10,-1,2025-11-10 01:20:00,2025-11-10 01:36:35,4,4034.538,4052.693421,4052.693421,4018.7982291666667,4018.7982291666667,0.39121821840240834,sl,0.1,0.7000000000000001,-182.25420999999932,-1.0,-908.7574441150537
2025-11-10,-1,2025-11-10 01:45:00,2025-11-10 05:56:00,51,4050.837,4069.0657665,4069.0657665,4025.817738095239,4025.817738095239,0.6210356139120812,sl,0.1,0.7000000000000001,-182.9876649999989,-1.0,-1091.7451091150524
2025-11-10,-1,2025-11-10 06:05:00,2025-11-10 12:01:20,72,4068.49,4086.7982049999996,4086.7982049999996,4043.9498105022835,4043.9498105022835,0.6077644542938558,sl,0.1,0.7000000000000001,-183.78204999999815,-1.0,-1275.5271591150504
2025-11-10,-1,2025-11-10 12:10:00,2025-11-10 13:03:30,11,4087.542,4105.935939,4105.935939,4061.171671232876,4061.171671232876,0.6499806189948794,sl,0.1,0.7000000000000001,-184.63939000000045,-1.0,-1460.1665491150507
2025-11-10,-1,2025-11-10 13:10:00,2025-11-10 23:59:55,118,4104.878,4120.053,4123.349950999999,4063.8268670886064,4063.8268670886064,1.0117220604146637,session_end,0.1,0.7000000000000001,-152.4500000000018,-0.8215158214744378,-1612.6165491150532
2025-11-11,-1,2025-11-11 01:35:00,2025-11-11 02:31:35,12,4141.133,4130.572211111112,4159.7680985,4127.954798245615,4127.954798245615,0.3208053964159979,tp,0.1,0.7000000000000001,104.90788888888055,0.5667149486163491,-1507.7086602261734
2025-11-11,-1,2025-11-11 03:20:00,2025-11-11 05:07:40,22,4145.284,4136.589915300548,4163.9377779999995,4132.332041666668,4132.332041666668,0.3141678403968694,tp,0.1,0.7000000000000001,86.24084699452105,0.4660763465423553,-1421.467813231653
2025-11-11,1,2025-11-11 14:50:00,2025-11-11 15:28:00,8,4120.472,4101.929876,4101.929876,4136.917209737824,4136.917209737824,-0.3966168261526278,sl,0.1,0.7000000000000001,-186.12123999999602,-1.0,-1607.5890532316498
2025-11-11,1,2025-11-11 15:35:00,2025-11-11 20:53:00,64,4102.788,4130.8484666666645,4084.325454,4135.934713903741,4135.934713903741,-0.8025565246993724,tp,0.1,0.7000000000000001,279.9046666666498,1.5198589981395503,-1327.6843865650008
2025-11-12,1,2025-11-12 02:55:00,2025-11-12 05:31:35,32,4120.621,4102.0782055,4102.0782055,4134.642319047619,4134.642319047619,-0.3394687608879328,sl,0.1,0.7000000000000001,-186.12794500000126,-1.0,-1513.8123315650028
2025-11-12,1,2025-11-12 05:40:00,2025-11-12 07:08:45,18,4107.781,4121.446476470589,4089.2959855000004,4124.042671568627,4124.042671568627,-0.39563537208555005,tp,0.1,0.7000000000000001,135.95476470589057,0.7392732351164435,-1377.857566859113
2025-11-12,-1,2025-11-12 12:30:00,2025-11-12 13:10:05,9,4136.516,4123.7877805907165,4155.130321999999,4123.269339999999,4123.269339999999,0.32105979280996455,tp,0.1,0.7000000000000001,126.58219409283156,0.6837863559727576,-1251.275372766282
2025-11-12,-1,2025-11-12 14:55:00,2025-11-12 15:11:45,4,4139.231,4157.8575395,4157.8575395,4124.63166387337,4124.63166387337,0.3535063810506982,sl,0.1,0.7000000000000001,-186.96539500000034,-1.0,-1438.2407677662832
2025-11-12,-1,2025-11-12 15:20:00,2025-11-12 16:03:15,9,4167.152,4185.904184,4185.904184,4125.280039855072,4125.280039855072,1.0142453297885263,sl,0.1,0.7000000000000001,-188.22183999999942,-1.0,-1626.4626077662833
2025-11-12,-1,2025-11-12 16:10:00,2025-11-12 17:39:25,18,4186.731,4205.5712895,4205.5712895,4127.9604776632295,4127.9604776632295,1.425135309678945,sl,0.1,0.7000000000000001,-189.10289499999925,-1.0,-1815.5655027662833
2025-11-12,-1,2025-11-12 17:45:00,2025-11-12 23:59:55,63,4202.634,4191.195,4221.545853,4133.848374804381,4133.848374804381,1.6635134857570368,session_end,0.1,0.7000000000000001,113.69000000000305,0.6048587623857135,-1701.875502766281
2025-11-13,-1,2025-11-13 03:45:00,2025-11-13 08:03:25,52,4207.39,4226.323255,4226.323255,4194.145929629628,4194.145929629628,0.3136889033218171,sl,0.1,0.7000000000000001,-190.03254999999916,-1.0,-1891.908052766281
2025-11-13,-1,2025-11-13 08:10:00,2025-11-13 14:08:40,72,4229.374,4215.746580867851,4248.406182999999,4203.872404761904,4203.872404761904,0.60634797595717,tp,0.1,0.7000000000000001,135.57419132149045,0.7160197614824063,-1756.3338614447912
2025-11-13,1,2025-11-13 14:45:00,2025-11-13 18:32:10,46,4188.224,4169.376992,4169.376992,4215.6167843691155,4215.6167843691155,-0.6492118655232939,sl,0.1,0.7000000000000001,-189.1700799999973,-1.0,-1945.5039414447892
2025-11-13,1,2025-11-13 18:40:00,2025-11-13 23:59:55,52,4148.493,4185.926,4129.8247815,4212.110790178574,4212.110790178574,-1.51160055730335,session_end,0.1,0.7000000000000001,373.62999999999994,2.0051725878395983,-1571.87394144479
2025-11-14,-1,2025-11-14 02:30:00,2025-11-14 05:09:25,32,4199.787,4195.475112021858,4218.6860415,4186.411688888889,4186.411688888889,0.322443469832116,tp,0.1,0.7000000000000001,42.418879781422945,0.228153791722312,-1529.4550616633678
2025-11-14,1,2025-11-14 06:30:00,2025-11-14 07:25:55,12,4178.38,4159.57729,4159.57729,4194.158401709401,4194.158401709401,-0.37523384197856186,sl,0.1,0.7000000000000001,-188.72709999999933,-1.0,-1718.1821616633679
2025-11-14,1,2025-11-14 07:35:00,2025-11-14 11:17:10,45,4164.92,4146.177860000001,4146.177860000001,4191.16856959707,4191.16856959707,-0.6273207378914224,sl,0.1,0.7000000000000001,-188.1213999999938,-1.0,-1906.3035616633624
2025-11-14,1,2025-11-14 11:25:00,2025-11-14 12:12:10,10,4146.117,4127.4594735,4127.4594735,4184.394103406327,4184.394103406327,-0.9145554281126256,sl,0.1,0.7000000000000001,-187.2752650000013,-1.0,-2093.5788266633645
2025-11-14,1,2025-11-14 12:20:00,2025-11-14 13:11:45,11,4118.732,4100.197706,4100.197706,4181.211921171172,4181.211921171172,-1.4936918374058166,sl,0.1,0.7000000000000001,-186.04294000000044,-1.0,-2279.6217666633656
2025-11-14,1,2025-11-14 13:20:00,2025-11-14 13:29:20,2,4077.155,4058.8078025000004,4058.8078025000004,4175.840916666666,4175.840916666666,-2.364300236453359,sl,0.1,0.7000000000000001,-184.17197499999764,-1.0,-2463.793741663363
2025-11-14,1,2025-11-14 13:35:00,2025-11-14 14:32:45,12,4055.258,4037.009339,4037.009339,4173.778935582822,4173.778935582822,-2.840697540830957,sl,0.1,0.7000000000000001,-183.18660999999628,-1.0,-2646.98035166336
2025-11-14,1,2025-11-14 14:40:00,2025-11-14 21:57:55,88,4067.641,4084.674,4049.3366155000003,4164.798924242424,4164.798924242424,-2.3326798246351235,session_end,0.1,0.7000000000000001,169.62999999999903,0.9305420785932541,-2477.350351663361
2025-11-17,1,2025-11-17 05:15:00,2025-11-17 05:32:40,4,4072.606,4054.2792730000006,4054.2792730000006,4086.173383597885,4086.173383597885,-0.3332918679503799,sl,0.1,0.7000000000000001,-183.96726999999663,-1.0,-2661.3176216633583
2025-11-17,1,2025-11-17 05:40:00,2025-11-17 07:31:40,23,4053.899,4079.7353148148154,4035.6564545,4084.3966813725506,4084.3966813725506,-0.7478260256123389,tp,0.1,0.7000000000000001,257.66314814815524,1.416266979562465,-2403.654473515204
2025-11-17,-1,2025-11-17 08:10:00,2025-11-17 08:25:20,4,4094.353,4080.4399686468655,4112.7775885,4080.215982993198,4080.215982993198,0.34433267908762705,tp,0.1,0.7000000000000001,138.43031353134558,0.7551338990900414,-2265.224159983858
2025-11-17,1,2025-11-17 11:05:00,2025-11-17 11:37:25,7,4063.477,4080.076065947243,4045.1913535,4080.56572556391,4080.56572556391,-0.41955519688496407,tp,0.1,0.7000000000000001,165.29065947243163,0.9077647841022835,-2099.9335005114262
2025-11-17,1,2025-11-17 13:50:00,2025-11-17 14:36:30,10,4066.463,4079.274399047621,4048.1639165000006,4079.9121787148615,4079.9121787148615,-0.3310531727944241,tp,0.1,0.7000000000000001,127.41399047620853,0.7001115136515518,-1972.5195100352175
2025-11-17,1,2025-11-17 15:10:00,2025-11-17 17:19:05,26,4065.563,4077.7796159420304,4047.2679665000005,4079.0774945054955,4079.0774945054955,-0.3327957001008407,tp,0.1,0.7000000000000001,121.4661594203033,0.6677558662043774,-1851.053350614915
2025-11-17,1,2025-11-17 18:55:00,2025-11-17 19:32:30,8,4064.797,4046.5054135,4046.5054135,4077.401288546256,4077.401288546256,-0.3105112214934905,sl,0.1,0.7000000000000001,-183.61586499999993,-1.0,-2034.6692156149147
2025-11-17,1,2025-11-17 19:40:00,2025-11-17 19:56:30,4,4031.764,4013.621062,4013.621062,4076.589653954803,4076.589653954803,-1.100899471480149,sl,0.1,0.7000000000000001,-182.12937999999957,-1.0,-2216.798595614915
2025-11-17,1,2025-11-17 20:05:00,2025-11-17 23:59:55,35,4015.019,4036.887,3996.9514145,4075.3861141078855,4075.3861141078855,-1.483310106461368,session_end,0.1,0.7000000000000001,217.98000000000394,1.2103443484465843,-1998.8185956149118
2025-11-18,1,2025-11-18 02:55:00,2025-11-18 05:42:40,34,4021.248,4024.0692303921574,4003.1523840000004,4033.5903095238095,4033.5903095238095,-0.3081326701540166,tp,0.1,0.7000000000000001,27.51230392157304,0.1559068446278571,-1971.3062916933395
2025-11-18,1,2025-11-18 06:40:00,2025-11-18 08:05:50,18,4010.562,4020.5721701030934,3992.514471,4022.920933333334,4022.920933333334,-0.30677792424590405,tp,0.1,0.7000000000000001,99.40170103093514,0.5546559921357405,-1871.904590662405
2025-11-18,-1,2025-11-18 08:35:00,2025-11-18 13:35:05,61,4036.883,4055.0489734999996,4055.0489734999996,4020.807108414241,4020.807108414241,0.3995563863817081,sl,0.1,0.7000000000000001,-182.35973499999835,-1.0,-2054.2643256624033
2025-11-18,-1,2025-11-18 13:45:00,2025-11-18 14:41:05,12,4063.44,4081.72548,4081.72548,4028.605926262628,4028.605926262628,0.8634146494849918,sl,0.1,0.7000000000000001,-183.55480000000006,-1.0,-2237.819125662403
2025-11-18,-1,2025-11-18 14:50:00,2025-11-18 23:59:55,98,4074.956,4076.748,4093.293302,4031.859707865171,4031.859707865171,1.0682363786321873,session_end,0.1,0.7000000000000001,-18.619999999999163,-0.09772429989973036,-2256.439125662402
2025-11-19,-1,2025-11-19 05:20:00,2025-11-19 09:48:25,54,4086.836,4105.226761999999,4105.226761999999,4071.0054375000022,4071.0054375000022,0.3872031797058458,sl,0.1,0.7000000000000001,-184.6076199999954,-1.0,-2441.0467456623974
2025-11-19,-1,2025-11-19 09:55:00,2025-11-19 14:58:55,61,4106.1,4124.57745,4124.57745,4079.97686134454,4079.97686134454,0.640926150910643,sl,0.1,0.7000000000000001,-185.47449999999407,-1.0,-2626.521245662392
2025-11-19,-1,2025-11-19 15:05:00,2025-11-19 15:53:35,10,4126.684,4092.671040350876,4145.254078,4091.3237891344374,4091.3237891344374,0.8635276181120163,tp,0.1,0.7000000000000001,339.4295964912424,1.831600257636221,-2287.0916491711505
2025-11-19,1,2025-11-19 16:30:00,2025-11-19 17:08:15,8,4074.659,4056.3230345,4056.3230345,4092.5565336700324,4092.5565336700324,-0.43679381147123725,sl,0.1,0.7000000000000001,-184.05965499999928,-1.0,-2471.1513041711496
2025-11-19,1,2025-11-19 17:15:00,2025-11-19 18:52:55,20,4065.708,4090.410595870205,4047.412314,4091.608411433171,4091.608411433171,-0.6324630519592458,tp,0.1,0.7000000000000001,246.32595870204733,1.3501869167521143,-2224.825345469102
2025-11-19,1,2025-11-19 19:20:00,2025-11-19 23:11:35,35,4077.319,4088.445607769422,4058.9710645,4090.213311781607,4090.213311781607,-0.31508898923399725,tp,0.1,0.7000000000000001,110.56607769422207,0.6064228735392185,-2114.25926777488
2025-11-20,1,2025-11-20 02:00:00,2025-11-20 02:07:15,2,4081.441,4063.0745155,4063.0745155,4100.422652777777,4100.422652777777,-0.4622731455484636,sl,0.1,0.7000000000000001,-184.3648449999984,-1.0,-2298.624112774878
2025-11-20,1,2025-11-20 02:15:00,2025-11-20 02:19:00,1,4063.423,4045.1375965,4045.1375965,4096.7556358024685,4096.7556358024685,-0.8149896838044676,sl,0.1,0.7000000000000001,-183.55403499999574,-1.0,-2482.1781477748737
2025-11-20,1,2025-11-20 02:25:00,2025-11-20 12:11:05,118,4054.582,4070.9807351598133,4036.336381,4093.6185574712636,4093.6185574712636,-0.952654892578797,tp,0.1,0.7000000000000001,163.28735159813442,0.8987765863034636,-2318.89079617674
2025-11-20,-1,2025-11-20 13:05:00,2025-11-20 13:30:20,6,4087.776,4071.9476831275683,4106.170991999999,4071.4011242038173,4071.4011242038173,0.40387511066963333,tp,0.1,0.7000000000000001,157.58316872431516,0.8604688097951825,-2161.3076274524246
2025-11-20,-1,2025-11-20 13:40:00,2025-11-20 14:06:10,6,4092.943,4072.3646715976292,4111.3612435000005,4072.0787764227603,4072.0787764227603,0.5136374988210217,tp,0.1,0.7000000000000001,205.08328402370972,1.1172796364849178,-1956.2243434287157
2025-11-20,-1,2025-11-20 14:20:00,2025-11-20 14:50:20,7,4088.339,4106.7365254999995,4106.7365254999995,4072.4953643410813,4072.4953643410813,0.3906483429844833,sl,0.1,0.7000000000000001,-184.67525499999573,-1.0,-2140.899598428712
2025-11-20,-1,2025-11-20 15:00:00,2025-11-20 15:59:50,12,4093.327,4074.09563089005,4111.7469715,4073.221998148145,4073.221998148145,0.49622882968433557,tp,0.1,0.7000000000000001,191.61369109950266,1.0440498841135974,-1949.2859073292093
2025-11-20,1,2025-11-20 16:45:00,2025-11-20 18:06:10,17,4059.455,4072.6335230414725,4041.1874525000003,4073.913075456051,4073.913075456051,-0.35782735630457785,tp,0.1,0.7000000000000001,131.08523041472546,0.7214172040046868,-1818.2006769144846
2025-11-20,1,2025-11-20 18:25:00,2025-11-20 19:17:25,11,4059.429,4072.0402748917727,4041.1615695000005,4072.4938484162876,4072.4938484162876,-0.3222189868105128,tp,0.1,0.7000000000000001,125.41274891772609,0.6903693922236568,-1692.7879279967583
2025-11-20,-1,2025-11-20 19:30:00,2025-11-20 23:59:55,42,4084.336,4079.222,4102.715512,4072.12059259259,4072.12059259259,0.30016074252918634,session_end,0.1,0.7000000000000001,50.43999999999578,0.27824460192411987,-1642.3479279967632
2025-11-21,1,2025-11-21 03:00:00,2025-11-21 06:00:10,37,4057.481,4062.274546296297,4039.2223355000006,4070.861203703703,4070.861203703703,-0.3298737793242712,tp,0.1,0.7000000000000001,47.23546296296881,0.2625354278401341,-1595.1124650337952
2025-11-21,1,2025-11-21 06:20:00,2025-11-21 07:03:30,9,4043.088,4024.8941040000004,4024.8941040000004,4061.8816228070177,4061.8816228070177,-0.46198103612014535,sl,0.1,0.7000000000000001,-182.63895999999767,-1.0,-1777.7514250337936
2025-11-21,1,2025-11-21 07:10:00,2025-11-21 09:13:20,25,4030.535,4054.2629999999995,4012.3975925,4058.810937984497,4058.810937984497,-0.6974810706150871,tp,0.1,0.7000000000000001,236.57999999999612,1.308235479629587,-1541.1714250337973
2025-11-21,1,2025-11-21 10:15:00,2025-11-21 12:30:10,28,4038.892,4051.3733311111114,4020.716986,4054.0895542005414,4054.0895542005414,-0.374314725850551,tp,0.1,0.7000000000000001,124.11331111111558,0.6867302061561886,-1417.0581139226815
2025-11-21,-1,2025-11-21 12:50:00,2025-11-21 16:50:00,49,4067.582,4085.886119,4085.886119,4051.617255411256,4051.617255411256,0.3965637318600452,sl,0.1,0.7000000000000001,-183.741189999999,-1.0,-1600.7993039226803
2025-11-21,-1,2025-11-21 17:00:00,2025-11-21 20:33:00,43,4099.853,4061.0472560975595,4118.3023385,4056.276241830065,4056.276241830065,1.076412343904769,tp,0.1,0.7000000000000001,387.35743902440555,2.103367765865501,-1213.4418648982755
2025-11-24,1,2025-11-24 02:00:00,2025-11-24 03:36:20,20,4044.222,4054.0579728682173,4026.0230010000005,4059.5060416666674,4059.5060416666674,-0.3753545754155695,tp,0.1,0.7000000000000001,97.6597286821714,0.5404677954110161,-1115.7821362161048
2025-11-24,-1,2025-11-24 09:10:00,2025-11-24 15:05:15,72,4068.313,4086.6204085,4086.6204085,4054.1475545454537,4054.1475545454537,0.3487772772032617,sl,0.1,0.7000000000000001,-183.77408499999837,-1.0,-1299.556221216104
2025-11-24,-1,2025-11-24 15:15:00,2025-11-24 18:39:10,41,4092.468,4110.8841059999995,4110.8841059999995,4062.091132058287,4062.091132058287,0.7493767853083326,sl,0.1,0.7000000000000001,-184.8610599999967,-1.0,-1484.4172812161014
2025-11-24,-1,2025-11-24 18:45:00,2025-11-24 20:33:55,22,4112.709,4131.216190499999,4131.216190499999,4068.1401488888882,4068.1401488888882,1.0982254660846527,sl,0.1,0.7000000000000001,-185.77190499999523,-1.0,-1670.1891862160974
2025-11-24,-1,2025-11-24 20:40:00,2025-11-24 23:59:55,28,4131.572,4143.909,4150.164074,4072.9878763440856,4072.9878763440856,1.439965583903434,session_end,0.1,0.7000000000000001,-124.06999999999535,-0.663562333067276,-1794.2591862160934
2025-11-25,-1,2025-11-25 02:40:00,2025-11-25 04:57:45,28,4149.059,4140.451262711864,4167.7297655,4135.838979166667,4135.838979166667,0.3194882803680948,tp,0.1,0.7000000000000001,85.37737288136377,0.4610275506987847,-1708.8818133347304
2025-11-25,1,2025-11-25 08:40:00,2025-11-25 10:16:35,20,4127.332,4138.546369918699,4108.759006,4140.767330128206,4140.767330128206,-0.3238489163744059,tp,0.1,0.7000000000000001,111.44369918699049,0.6037997922520723,-1597.4381141477406
2025-11-25,1,2025-11-25 12:45:00,2025-11-25 13:09:30,5,4117.083,4137.126756900211,4098.5561265,4137.399918300653,4137.399918300653,-0.48889202639516743,tp,0.1,0.7000000000000001,199.7375690021152,1.0818747642559094,-1397.7005451456262
2025-11-25,1,2025-11-25 14:40:00,2025-11-25 16:17:00,20,4122.554,4136.480322222224,4104.002507,4137.587450757575,4137.587450757575,-0.3648491043932215,tp,0.1,0.7000000000000001,138.56322222223463,0.750684714282754,-1259.1373229233923
2025-11-25,-1,2025-11-25 17:10:00,2025-11-25 18:38:40,18,4150.489,4137.548316143499,4169.166200499999,4136.635601941748,4136.635601941748,0.33439972454326616,tp,0.1,0.7000000000000001,128.70683856500983,0.6928599313639877,-1130.4304843583832
2025-11-26,-1,2025-11-26 02:25:00,2025-11-26 06:15:55,47,4157.015,4155.853082222222,4175.7215675,4144.506879310345,4144.506879310345,0.30342863592371255,tp,0.1,0.7000000000000001,10.91917777778399,0.06211282629902219,-1119.5113065806
2025-11-26,-1,2025-11-26 11:35:00,2025-11-26 12:40:55,14,4172.319,4158.327664473683,4191.0944355,4157.380085131894,4157.380085131894,0.3591544328964644,tp,0.1,0.7000000000000001,139.21335526317017,0.7451936614901539,-980.2979513174305
2025-11-26,1,2025-11-26 14:25:00,2025-11-26 15:23:10,12,4145.137,4157.379144927535,4126.4838835,4157.957947013486,4157.957947013486,-0.3077579710174062,tp,0.1,0.7000000000000001,121.72144927535264,0.6563056059578828,-858.5765020420786
2025-11-26,-1,2025-11-26 18:15:00,2025-11-26 18:35:10,5,4171.157,4158.745695814647,4189.9272065,4158.584498477929,4158.584498477929,0.30426222015453935,tp,0.1,0.7000000000000001,123.41304185353401,0.6612236357311144,-735.1634601885453
2025-11-28,-1,2025-11-28 01:05:00,2025-11-28 03:40:35,32,4189.981,4184.771272727272,4208.8359144999995,4174.801525641026,4174.801525641026,0.3647831942534135,tp,0.1,0.7000000000000001,51.39727272727832,0.2763060671915489,-683.7661874612677
2025-11-28,1,2025-11-28 08:05:05,2025-11-28 13:57:00,63,4164.473,4178.963475890985,4145.7328715,4184.185173539519,4184.185173539519,-0.4549194825289647,tp,0.1,0.7000000000000001,144.20475890985182,0.7732324722845667,-539.5614285514166
2025-11-28,-1,2025-11-28 14:15:00,2025-11-28 16:29:40,27,4191.895,4210.7585275,4210.7585275,4179.12845807771,4179.12845807771,0.30532782254219615,sl,0.1,0.7000000000000001,-189.3352749999969,-1.0,-728.8967035514142
2025-11-28,-1,2025-11-28 16:35:00,2025-11-28 19:44:55,38,4208.954,4219.26,4227.894292999999,4181.969267015707,4181.969267015707,0.644988790258162,session_end,0.1,0.7000000000000001,-103.76000000000495,-0.5441309698852431,-832.6567035514199
2025-12-01,-1,2025-12-01 01:40:00,2025-12-01 02:40:15,13,4241.696,4234.492645833333,4260.783632,4228.160849999999,4228.160849999999,0.31987075420747757,tp,0.1,0.7000000000000001,71.3335416666694,0.3773833321318764,-761.3231618847512
2025-12-01,1,2025-12-01 05:25:00,2025-12-01 06:44:00,16,4223.182,4235.113708333336,4204.177681,4236.605930769231,4236.605930769231,-0.3193931885653251,tp,0.1,0.7000000000000001,118.61708333336246,0.6278419307388207,-642.7060785513895
2025-12-01,-1,2025-12-01 08:10:00,2025-12-01 14:01:10,71,4250.185,4242.718551587303,4269.3108325,4236.01623129252,4236.01623129252,0.33548664432627406,tp,0.1,0.7000000000000001,73.96448412696991,0.39038553813001525,-568.7415944244203
2025-12-01,1,2025-12-01 14:45:00,2025-12-01 15:00:00,4,4225.07,4242.585346296297,4206.057185,4242.692594161959,4242.692594161959,-0.4163651683430164,tp,0.1,0.7000000000000001,174.4534629629714,0.9212389799352224,-394.28813146144967
2025-12-01,1,2025-12-01 15:20:00,2025-12-01 16:46:35,18,4225.517,4241.553732172472,4206.5021735,4242.440994565218,4242.440994565218,-0.3970943753089051,tp,0.1,0.7000000000000001,159.66732172472513,0.843380410148506,-234.62080973672528
2025-12-01,1,2025-12-01 17:00:00,2025-12-01 18:29:15,18,4226.358,4240.844782051283,4207.339389000001,4241.407792483661,4241.407792483661,-0.3559028799450017,tp,0.1,0.7000000000000001,144.16782051282718,0.7617160922678891,-90.45298922389884
2025-12-02,1,2025-12-02 01:10:00,2025-12-02 01:55:25,10,4206.275,4219.408644927537,4187.3467625,4223.880000000001,4223.880000000001,-0.4178740873320632,tp,0.1,0.7000000000000001,130.63644927537717,0.6938651803971804,40.183460051477596
2025-12-02,1,2025-12-02 06:30:00,2025-12-02 07:22:10,11,4205.763,4218.967329545454,4186.8370665,4219.934034188034,4219.934034188034,-0.33703214488212796,tp,0.1,0.7000000000000001,131.3432954545413,0.6976844521542009,171.52675550601816
2025-12-02,1,2025-12-02 09:20:00,2025-12-02 09:36:20,4,4204.514,4185.5936870000005,4185.5936870000005,4217.699678571428,4217.699678571428,-0.31221233314289276,sl,0.1,0.7000000000000001,-189.90312999999622,-1.0,-18.3763744939788
2025-12-02,1,2025-12-02 09:45:00,2025-12-02 13:00:20,40,4190.664,4211.364551282052,4171.806012,4216.679340455839,4216.679340455839,-0.6199153017173381,tp,0.1,0.7000000000000001,206.30551282052403,1.0977073101357724,187.9291383265445
2025-12-02,-1,2025-12-02 14:20:00,2025-12-02 15:05:50,10,4224.304,4211.80397513812,4243.313368,4211.247670542635,4211.247670542635,0.3093579498658612,tp,0.1,0.7000000000000001,124.30024861879865,0.6575718278419287,312.2293869453424
2025-12-02,1,2025-12-02 15:20:00,2025-12-02 15:54:40,7,4197.965,4179.0741575,4179.0741575,4211.7219221014475,4211.7219221014475,-0.32628987277942645,sl,0.1,0.7000000000000001,-189.6084249999996,-1.0,122.62096194534206
2025-12-02,1,2025-12-02 16:00:00,2025-12-02 20:35:45,56,4169.524,4206.207948043183,4150.761142,4210.596043402776,4210.596043402776,-0.9765254842529731,tp,0.1,0.7000000000000001,366.1394804318268,1.955136474580929,488.76044237716815
2025-12-03,-1,2025-12-03 02:40:00,2025-12-03 04:04:00,17,4228.85,4218.281708333333,4247.879825,4215.325781250001,4215.325781250001,0.3226255681231574,tp,0.1,0.7000000000000001,104.98291666667392,0.5553541173745741,593.7433590438413
2025-12-03,1,2025-12-03 05:50:00,2025-12-03 12:35:40,82,4205.705,4211.203886313464,4186.7793275,4218.76229047619,4218.76229047619,-0.30932746567992936,tp,0.1,0.7000000000000001,54.288863134640266,0.29055169973295025,648.0322221784809
2025-12-03,-1,2025-12-03 13:50:00,2025-12-03 14:53:25,13,4226.689,4212.884876404493,4245.7091005,4211.707877510038,4211.707877510038,0.35568997009400044,tp,0.1,0.7000000000000001,137.3412359550701,0.7257650187235909,785.3734581335502
2025-12-03,-1,2025-12-03 15:35:00,2025-12-03 16:21:20,10,4228.83,4213.502498299319,4247.859735,4213.116444741531,4213.116444741531,0.3744034959716374,tp,0.1,0.7000000000000001,152.57501700680842,0.8054500864400257,937.9484751403579
2025-12-03,1,2025-12-03 17:00:00,2025-12-03 17:37:55,8,4200.812,4213.454237756713,4181.908346,4213.604174836601,4213.604174836601,-0.3017292158700237,tp,0.1,0.7000000000000001,125.72237756713257,0.6687721726557964,1063.6708527074898
2025-12-03,1,2025-12-03 18:25:00,2025-12-03 20:08:35,21,4199.729,4212.491780774548,4180.830219500001,4213.224976621416,4213.224976621416,-0.32337405899319704,tp,0.1,0.7000000000000001,126.92780774547536,0.6753229804720858,1190.5986604529644
2025-12-04,1,2025-12-04 03:05:00,2025-12-04 05:53:05,34,4194.355,4175.480402499999,4175.480402499999,4208.519743243245,4208.519743243245,-0.3379155643995101,sl,0.1,0.7000000000000001,-189.44597500000162,-1.0,1001.152685452962
2025-12-04,1,2025-12-04 06:00:00,2025-12-04 09:43:50,45,4181.209,4196.914002873566,4162.3935595,4201.332393518519,4201.332393518519,-0.48196361586999475,tp,0.1,0.7000000000000001,156.3500287356572,0.8346869622088348,1157.5027141886185
2025-12-04,-1,2025-12-04 16:10:00,2025-12-04 19:12:00,37,4213.932,4200.233614492756,4232.894694,4197.9059158075615,4197.9059158075615,0.38346700748631546,tp,0.1,0.7000000000000001,136.28385507243985,0.7223860442637585,1293.7865692610576
2025-12-05,-1,2025-12-05 05:30:00,2025-12-05 13:38:00,98,4219.586,4238.574137,4238.574137,4206.383363636364,4206.383363636364,0.31492936374168157,sl,0.1,0.7000000000000001,-190.58136999999368,-1.0,1103.2051992610632
2025-12-05,-1,2025-12-05 13:45:00,2025-12-05 15:32:40,22,4233.75,4252.801875,4252.801875,4217.341996969698,4217.341996969698,0.39175155920892424,sl,0.1,0.7000000000000001,-191.21875000000108,-1.0,911.9864492610614
2025-12-05,-1,2025-12-05 15:40:00,2025-12-05 16:10:10,7,4257.423,4220.725910652922,4276.581403499999,4219.980171985817,4219.980171985817,0.888732327776198,tp,0.1,0.7000000000000001,366.27089347077964,1.9154565434994981,1278.2573427318403
2025-12-05,1,2025-12-05 16:20:00,2025-12-05 21:57:55,68,4205.013,4198.583,4186.0904415,4220.60074659864,4220.60074659864,-0.370806137283962,session_end,0.1,0.7000000000000001,-65.00000000000291,-0.33980605741028475,1213.2573427318366
2025-12-08,1,2025-12-08 15:05:00,2025-12-08 23:59:55,95,4188.803,4194.796,4169.9533865,4208.78329189687,4208.78329189687,-0.47345730380641676,session_end,0.1,0.7000000000000001,59.230000000003926,0.3179375534676362,1272.4873427318398
2025-12-09,1,2025-12-09 06:05:00,2025-12-09 08:15:25,27,4177.462,4188.63607912458,4158.663421000001,4191.396248858448,4191.396248858448,-0.33188818313795354,tp,0.1,0.7000000000000001,111.04079124579293,0.5944108394884362,1383.528133977632
2025-12-09,-1,2025-12-09 09:10:00,2025-12-09 14:11:00,61,4202.292,4194.062878431372,4221.202314,4188.821396969698,4188.821396969698,0.3220978349676754,tp,0.1,0.7000000000000001,81.59121568628215,0.43516578141580975,1465.1193496639135
2025-12-09,-1,2025-12-09 14:55:00,2025-12-09 15:09:50,3,4207.917,4194.370621546959,4226.8526265,4194.273343575417,4194.273343575417,0.3248275758052756,tp,0.1,0.7000000000000001,134.76378453041144,0.7153910884882198,1599.8831341943242
2025-12-09,-1,2025-12-09 16:00:00,2025-12-09 23:59:55,84,4212.584,4210.969,4231.540628,4194.837798611109,4194.837798611109,0.42441930400229966,session_end,0.1,0.7000000000000001,15.449999999997818,0.08519447657040004,1615.3331341943212
2025-12-10,1,2025-12-10 09:45:00,2025-12-10 13:51:30,50,4195.054,4204.409435742971,4176.176257,4207.897297720799,4207.897297720799,-0.30653784558348307,tp,0.1,0.7000000000000001,92.85435742971167,0.49558020484605403,1708.1874916240322
2025-12-10,-1,2025-12-10 19:10:00,2025-12-10 19:28:15,4,4215.842,4202.9198891273245,4234.813289,4202.80151884058,4202.80151884058,0.31141087916592863,tp,0.1,0.7000000000000001,128.5211087267515,0.6811403733649886,1836.7086003507839
2025-12-10,1,2025-12-10 19:45:00,2025-12-10 19:52:55,2,4187.595,4202.831242296918,4168.7508225,4202.880411392405,4202.880411392405,-0.3633201494626053,tp,0.1,0.7000000000000001,151.66242296918136,0.8085384621811189,1988.3710233199654
2025-12-10,-1,2025-12-10 20:00:00,2025-12-10 20:14:40,3,4216.434,4235.407953,4235.407953,4202.8609097222225,4202.8609097222225,0.3241503958949343,sl,0.1,0.7000000000000001,-190.4395299999971,-1.0,1797.9314933199676
2025-12-10,-1,2025-12-10 20:20:00,2025-12-10 23:59:55,32,4233.904,4232.509,4252.9565680000005,4203.274412568306,4203.274412568306,0.731645960105268,session_end,0.1,0.7000000000000001,13.250000000004366,0.0732184763754908,1811.181493319972
2025-12-11,1,2025-12-11 02:40:00,2025-12-11 06:03:40,41,4223.372,4204.366826,4204.366826,4237.709510416666,4237.709510416666,-0.3396648680444973,sl,0.1,0.7000000000000001,-190.75173999999896,-1.0,1620.4297533199733
2025-12-11,1,2025-12-11 06:10:00,2025-12-11 09:47:45,44,4209.962,4220.818331908832,4191.017171,4224.593522522523,4224.593522522523,-0.3477973074614291,tp,0.1,0.7000000000000001,107.86331908831635,0.5730498759757409,1728.293072408289
2025-12-11,-1,2025-12-11 14:35:00,2025-12-11 15:44:15,14,4235.866,4254.9273969999995,4254.9273969999995,4219.754372380952,4219.754372380952,0.38244234604446814,sl,0.1,0.7000000000000001,-191.31396999999487,-1.0,1536.9791024082933
2025-12-11,-1,2025-12-11 15:50:00,2025-12-11 16:48:45,12,4256.001,4275.1530045,4275.1530045,4221.349119298244,4221.349119298244,0.8204576243983852,sl,0.1,0.7000000000000001,-192.22004499999747,-1.0,1344.7590574082951
2025-12-11,-1,2025-12-11 16:55:00,2025-12-11 23:59:55,73,4273.358,4276.621,4292.588111,4223.806770935959,4223.806770935959,1.1720879232614758,session_end,0.1,0.7000000000000001,-33.3299999999992,-0.16968180786891687,1311.4290574082952
2025-12-12,-1,2025-12-12 07:10:00,2025-12-12 08:51:05,21,4287.311,4306.6038995,4306.6038995,4273.545476744185,4273.545476744185,0.32333862669788654,sl,0.1,0.7000000000000001,-193.62899500000202,-1.0,1117.8000624082924
2025-12-12,-1,2025-12-12 09:00:00,2025-12-12 10:44:10,21,4308.085,4327.4713825,4327.4713825,4277.449743827161,4277.449743827161,0.7189507303322052,sl,0.1,0.7000000000000001,-194.56382499999853,-1.0,923.2362374082932
2025-12-12,-1,2025-12-12 10:50:00,2025-12-12 14:54:00,49,4330.411,4349.8978495,4349.8978495,4284.171976923078,4284.171976923078,1.0789604928540002,sl,0.1,0.7000000000000001,-195.5684950000006,-1.0,727.6677424082918
2025-12-12,-1,2025-12-12 15:00:00,2025-12-12 15:29:15,6,4346.997,4299.633741441441,4366.5584865,4298.610859259259,4298.610859259259,1.126727734296168,tp,0.1,0.7000000000000001,472.9325855855921,2.4212504790246774,1200.6003279938832
2025-12-12,-1,2025-12-12 15:40:00,2025-12-12 15:54:55,3,4315.538,4299.931407017544,4334.957920999999,4299.753597517731,4299.753597517731,0.3664373347199572,tp,0.1,0.7000000000000001,155.3659298245537,0.8036383352154525,1355.9662578184361
2025-12-12,1,2025-12-12 16:05:00,2025-12-12 16:40:05,8,4277.362,4258.1138710000005,4258.1138710000005,4299.8356899827295,4299.8356899827295,-0.521629001661213,sl,0.1,0.7000000000000001,-193.18128999999607,-1.0,1162.7849678184393
2025-12-12,1,2025-12-12 16:50:00,2025-12-12 17:53:20,13,4278.517,4298.023738317758,4259.2636735,4298.922483498351,4298.922483498351,-0.47437430138900294,tp,0.1,0.7000000000000001,194.36738317758392,1.0131619758153587,1357.1523509960225
2025-12-15,-1,2025-12-15 01:40:00,2025-12-15 05:54:40,51,4321.388,4340.834245999999,4340.834245999999,4307.974583333333,4307.974583333333,0.3108634094193117,sl,0.1,0.7000000000000001,-195.16245999999518,-1.0,1161.9898909960266
2025-12-15,-1,2025-12-15 06:00:00,2025-12-15 13:57:35,96,4343.515,4333.876236526948,4363.0608175,4322.012884259259,4322.012884259259,0.4986245140366885,tp,0.1,0.7000000000000001,95.68763473052677,0.4931368807190059,1257.6775257265526
2025-12-15,1,2025-12-15 14:55:00,2025-12-15 16:21:40,18,4318.565,4299.1314575,4299.1314575,4333.529822160151,4333.529822160151,-0.34658402679835626,sl,0.1,0.7000000000000001,-195.0354249999993,-1.0,1062.6421007265526
2025-12-15,1,2025-12-15 16:30:00,2025-12-15 23:59:55,78,4296.243,4304.211,4276.909906500001,4331.798843434345,4331.798843434345,-0.8184900711187092,session_end,0.1,0.7000000000000001,78.97999999999847,0.4121430437400033,1141.6221007265503
2025-12-16,1,2025-12-16 02:55:00,2025-12-16 05:30:20,32,4293.523,4274.202146500001,4274.202146500001,4308.64111904762,4308.64111904762,-0.35200469541478735,sl,0.1,0.7000000000000001,-193.9085349999943,-1.0,947.7135657265553
2025-12-16,1,2025-12-16 05:40:00,2025-12-16 12:16:10,80,4276.978,4289.718459183675,4257.731599000001,4298.296093137256,4298.296093137256,-0.49614062584719865,tp,0.1,0.7000000000000001,126.70459183674829,0.6619657973288207,1074.4181575633029
2025-12-16,-1,2025-12-16 13:35:00,2025-12-16 14:19:20,9,4307.493,4326.876718500001,4326.876718500001,4290.197659509204,4290.197659509204,0.40256514644530367,sl,0.1,0.7000000000000001,-194.53718500000213,-1.0,879.8809725633
2025-12-16,-1,2025-12-16 14:25:00,2025-12-16 16:37:10,27,4328.694,4295.507486599666,4348.1731230000005,4291.556216763007,4291.556216763007,0.8688988645037197,tp,0.1,0.7000000000000001,331.1651340033466,1.703696485736783,1211.046106566646
2025-12-16,-1,2025-12-16 18:50:00,2025-12-16 23:59:55,50,4313.07,4307.958,4332.4788149999995,4296.491830383482,4296.491830383482,0.3853764948283451,session_end,0.1,0.7000000000000001,50.4200000000008,0.26338547716592375,1261.466106566646
2025-12-17,-1,2025-12-17 05:25:00,2025-12-17 07:12:00,22,4336.16,4323.349968992249,4355.67272,4320.376715384616,4320.376715384616,0.3667222943537538,tp,0.1,0.7000000000000001,127.40031007750694,0.6564964293932819,1388.8664166441522
2025-12-17,-1,2025-12-17 13:40:00,2025-12-17 16:15:25,32,4335.786,4323.7291529914555,4355.297037,4321.42018089431,4321.42018089431,0.3318195987765015,tp,0.1,0.7000000000000001,119.86847008544537,0.6179500868428677,1508.7348867295968
2025-12-17,-1,2025-12-17 16:50:00,2025-12-17 23:59:55,73,4337.231,4339.299,4356.748539499999,4323.878440594062,4323.878440594062,0.30828941167240487,session_end,0.1,0.7000000000000001,-21.38000000000211,-0.10595597872366275,1487.354886729594
2025-12-18,1,2025-12-18 13:15:00,2025-12-18 13:30:00,4,4316.527,4329.913884773662,4297.102628500001,4330.085998951782,4330.085998951782,-0.31199146980111614,tp,0.1,0.7000000000000001,133.16884773662133,0.689179815864961,1620.5237344662146
2025-12-18,1,2025-12-18 14:45:00,2025-12-18 14:59:20,3,4314.399,4330.164697392923,4294.9842045000005,4330.308228813559,4330.308228813559,-0.36959791238565776,tp,0.1,0.7000000000000001,156.9569739292245,0.812045503797481,1777.4807083954383
2025-12-18,-1,2025-12-18 16:05:00,2025-12-18 16:12:50,2,4343.585,4363.1311325,4363.1311325,4330.502598445594,4330.502598445594,0.30338052583367703,sl,0.1,0.7000000000000001,-196.16132499999657,-1.0,1581.319383395441
2025-12-18,-1,2025-12-18 16:20:00,2025-12-18 17:09:30,10,4372.357,4332.441604065039,4392.0326065,4330.9234353741485,4330.9234353741485,0.9588501215853024,tp,0.1,0.7000000000000001,398.45395934960544,2.028674233496214,1979.7733427450466
2025-12-19,1,2025-12-19 01:30:00,2025-12-19 02:01:20,7,4313.229,4325.53713888889,4293.8194695,4327.940222222223,4327.940222222223,-0.3413568918157886,tp,0.1,0.7000000000000001,122.38138888889516,0.6341286250530104,2102.154731633942
2025-12-19,-1,2025-12-19 15:05:00,2025-12-19 21:57:55,83,4339.247,4339.438,4358.7736115,4325.42182412523,4325.42182412523,0.31901341501091446,session_end,0.1,0.7000000000000001,-2.6099999999980357,-0.009781523025631383,2099.544731633944
2025-12-22,-1,2025-12-22 01:45:00,2025-12-22 05:13:05,42,4381.807,4401.5251315,4401.5251315,4365.60930952381,4365.60930952381,0.37271293243519327,sl,0.1,0.7000000000000001,-197.88131499999798,-1.0,1901.6634166339463
2025-12-22,-1,2025-12-22 05:20:00,2025-12-22 06:59:50,20,4400.169,4419.969760499999,4419.969760499999,4381.951119791666,4381.951119791666,0.4164441754247819,sl,0.1,0.7000000000000001,-198.7076049999934,-1.0,1702.9558116339522
2025-12-22,-1,2025-12-22 07:05:00,2025-12-22 15:56:55,107,4415.083,4434.950873499999,4434.950873499999,4387.765801960784,4387.765801960784,0.6229753198541491,sl,0.1,0.7000000000000001,-199.37873499999404,-1.0,1503.5770766339574
2025-12-22,-1,2025-12-22 16:05:00,2025-12-22 23:03:10,72,4430.879,4450.8179555,4450.8179555,4403.304510362696,4403.304510362696,0.6259841801182552,sl,0.1,0.7000000000000001,-200.08955499999792,-1.0,1303.4875216339587
2025-12-23,-1,2025-12-23 01:10:00,2025-12-23 01:24:35,3,4482.171,4470.344166666667,4502.3407695,4468.586904761904,4468.586904761904,0.30543425760727355,tp,0.1,0.7000000000000001,117.56833333333525,0.5863643277298686,1421.0558549672933
2025-12-23,-1,2025-12-23 01:55:00,2025-12-23 04:50:30,36,4488.659,4482.1744137931055,4508.857965499999,4473.845413043478,4473.845413043478,0.3299865237515841,tp,0.1,0.7000000000000001,64.14586206894164,0.3210355603060088,1485.2017170362342
2025-12-23,1,2025-12-23 14:10:00,2025-12-23 14:43:15,7,4469.23,4449.118465,4449.118465,4483.390823529414,4483.390823529414,-0.31505893832147813,sl,0.1,0.7000000000000001,-201.81535000000002,-1.0,1283.3863670362334
2025-12-23,1,2025-12-23 14:50:00,2025-12-23 15:02:50,3,4454.737,4434.6906835,4434.6906835,4482.415488764046,4482.415488764046,-0.6170331338845312,sl,0.1,0.7000000000000001,-201.16316500000102,-1.0,1082.2232020362317
2025-12-23,1,2025-12-23 15:10:00,2025-12-23 17:04:20,23,4443.126,4479.038805555557,4423.131933000001,4481.598523809526,4481.598523809526,-0.8605193795169559,tp,0.1,0.7000000000000001,358.4280555555659,1.796173112531695,1440.6512575917968
2025-12-23,-1,2025-12-23 19:05:00,2025-12-23 23:59:55,47,4493.667,4503.442,4513.8885015000005,4478.80984643377,4478.80984643377,0.3314419248687365,session_end,0.1,0.7000000000000001,-98.44999999999636,-0.4833963491781043,1342.2012575917997
2025-12-24,1,2025-12-24 03:00:00,2025-12-24 10:03:00,85,4477.672,4497.763158333333,4457.522476,4513.243083333333,4513.243083333333,-0.7897332954423525,tp,0.1,0.7000000000000001,200.21158333333625,0.9971033724337185,1542.4128409251352
2025-12-24,1,2025-12-24 13:20:00,2025-12-24 15:37:00,28,4479.971,4459.8111305,4459.8111305,4495.852514583333,4495.852514583333,-0.35248074824361175,sl,0.1,0.7000000000000001,-202.2986949999933,-1.0,1340.1141459251412
2025-12-24,1,2025-12-24 15:45:00,2025-12-24 18:29:55,33,4453.345,4480.777,4433.304947500001,4492.955235449736,4492.955235449736,-0.8827093387625606,session_end,0.1,0.7000000000000001,273.6199999999979,1.3688586893672263,1613.7341459251384
2025-12-26,-1,2025-12-26 01:05:00,2025-12-26 01:17:20,3,4526.378,4509.042388888888,4546.746700999999,4507.55696153846,4507.55696153846,0.41708931516470776,tp,0.1,0.7000000000000001,172.65611111111576,0.8510906567439951,1786.3902570362534
2025-12-26,-1,2025-12-26 14:00:00,2025-12-26 15:37:55,20,4525.12,4545.48304,4545.48304,4511.134190476189,4511.134190476189,0.3109707876442087,sl,0.1,0.7000000000000001,-204.33040000000182,-1.0,1582.0598570362508
2025-12-26,-1,2025-12-26 15:45:00,2025-12-26 17:31:10,22,4538.012,4515.463265079364,4558.433053999999,4512.933764550264,4512.933764550264,0.5542012525465975,tp,0.1,0.7000000000000001,224.7873492063598,1.1041905535647953,1806.84720624261
2025-12-26,-1,2025-12-26 18:45:00,2025-12-26 21:57:55,39,4529.639,4532.613,4550.0223755,4515.702497037036,4515.702497037036,0.31016221666848004,session_end,0.1,0.7000000000000001,-30.4400000000016,-0.1459032141168286,1776.4072062426076
2025-12-29,1,2025-12-29 00:45:00,2025-12-29 00:49:15,1,4489.845,4505.750425925926,4469.640697500001,4505.750425925926,4505.750425925926,-0.35250345501907376,tp,0.1,0.7000000000000001,158.35425925925557,0.7872296470480019,1934.7614655018633
2025-12-29,1,2025-12-29 06:30:00,2025-12-29 07:00:05,7,4490.911,4470.7019005,4470.7019005,4509.856337606837,4509.856337606837,-0.4196549998503832,sl,0.1,0.7000000000000001,-202.79099499999865,-1.0,1731.9704705018648
2025-12-29,1,2025-12-29 07:10:00,2025-12-29 11:40:10,55,4459.661,4439.5925255,4439.5925255,4506.932492248061,4506.932492248061,-1.0472531445554842,sl,0.1,0.7000000000000001,-201.38474499999865,-1.0,1530.5857255018655
2025-12-29,1,2025-12-29 11:50:00,2025-12-29 13:42:25,23,4450.666,4430.638003,4430.638003,4491.616384976524,4491.616384976524,-0.9125865047964979,sl,0.1,0.7000000000000001,-200.9799700000014,-1.0,1329.6057555018633
2025-12-29,1,2025-12-29 13:50:00,2025-12-29 14:06:15,4,4417.073,4397.196171500001,4397.196171500001,4486.1467811244975,4486.1467811244975,-1.5392559471089937,sl,0.1,0.7000000000000001,-199.46828499999646,-1.0,1130.1374705018661
2025-12-29,1,2025-12-29 14:15:00,2025-12-29 14:30:05,4,4398.744,4378.949652,4378.949652,4483.77660331384,4483.77660331384,-1.8976213768312087,sl,0.1,0.7000000000000001,-198.64347999999444,-1.0,931.4939905018709
2025-12-29,1,2025-12-29 14:40:00,2025-12-29 15:00:00,5,4372.142,4352.467361,4352.467361,4481.03815530303,4481.03815530303,-2.4311923158722464,sl,0.1,0.7000000000000001,-197.44638999999842,-1.0,734.0476005018718
2025-12-29,1,2025-12-29 15:10:00,2025-12-29 15:20:45,3,4343.902,4324.354441,4324.354441,4477.10412087912,4477.10412087912,-2.976915820598559,sl,0.1,0.7000000000000001,-196.17558999999636,-1.0,537.8720105018747
2025-12-29,1,2025-12-29 15:30:00,2025-12-29 23:59:55,90,4319.838,4345.707,4300.398729,4473.908933691755,4473.908933691755,-3.4421003192990955,session_end,0.1,0.7000000000000001,257.990000000006,1.3307597800349789,795.8620105018799
2025-12-30,1,2025-12-30 01:05:00,2025-12-30 01:17:20,3,4327.966,4341.43441111111,4308.490153000001,4342.623628205128,4342.623628205128,-0.3372645077966662,tp,0.1,0.7000000000000001,133.98411111110073,0.6915443067051347,929.8461216129799
2025-12-30,-1,2025-12-30 01:55:00,2025-12-30 05:33:20,44,4357.403,4377.0113135,4377.0113135,4341.892673913044,4341.892673913044,0.35645344667185824,sl,0.1,0.7000000000000001,-196.78313499999894,-1.0,733.0629866129802
2025-12-30,-1,2025-12-30 05:40:00,2025-12-30 08:22:50,33,4378.189,4360.21726,4397.8908505,4355.477240196081,4355.477240196081,0.5210280883685132,tp,0.1,0.7000000000000001,179.01739999999955,0.9121853807590452,912.080386612979
2025-12-30,-1,2025-12-30 09:20:00,2025-12-30 12:13:35,35,4375.172,4394.860274,4394.860274,4360.520720238096,4360.520720238096,0.33529894019412537,sl,0.1,0.7000000000000001,-197.5827400000009,-1.0,714.4976466129774
2025-12-30,-1,2025-12-30 12:20:00,2025-12-30 14:40:40,29,4399.063,4369.619676136364,4418.8587835,4365.55266891892,4365.55266891892,0.7673903769296644,tp,0.1,0.7000000000000001,293.7332386363567,1.4873532974148789,1008.2308852493334
2025-12-30,1,2025-12-30 16:10:00,2025-12-30 16:19:00,2,4356.083,4369.303416239318,4336.4806265,4369.36194329897,4369.36194329897,-0.3032123104218629,tp,0.1,0.7000000000000001,131.50416239318184,0.6744293612872064,1139.7350476425145
2025-12-30,1,2025-12-30 19:50:00,2025-12-30 23:35:05,34,4349.911,4330.3364005,4330.3364005,4369.167238095236,4369.167238095236,-0.4424352981201935,sl,0.1,0.7000000000000001,-196.44599499999748,-1.0,943.2890526425163
2025-12-31,-1,2025-12-31 01:25:00,2025-12-31 02:50:30,18,4357.044,4353.984519607843,4376.6506979999995,4343.5778921568635,4343.5778921568635,0.31118603553865976,tp,0.1,0.7000000000000001,29.89480392156729,0.15604261320069254,973.1838565640828
2025-12-31,1,2025-12-31 05:00:00,2025-12-31 05:48:25,10,4333.159,4313.6597845,4313.6597845,4351.529955555556,4351.529955555556,-0.42422908135994386,sl,0.1,0.7000000000000001,-195.6921549999999,-1.0,777.4917015640822
2025-12-31,1,2025-12-31 05:55:00,2025-12-31 09:44:00,46,4287.418,4336.725913793103,4268.124619,4347.933279342722,4347.933279342722,-1.3936225661650896,tp,0.1,0.7000000000000001,492.3791379310358,2.555690668893382,1269.8708394951173
2025-12-31,1,2025-12-31 10:30:00,2025-12-31 13:31:20,37,4319.834,4330.660806584361,4300.394747,4336.066420634921,4336.066420634921,-0.37418524212885224,tp,0.1,0.7000000000000001,107.56806584361293,0.556955896626354,1377.4389053387295
2025-12-31,-1,2025-12-31 14:00:00,2025-12-31 15:10:00,15,4345.848,4331.656547619047,4365.404316,4330.851240079364,4330.851240079364,0.347466562263161,tp,0.1,0.7000000000000001,141.21452380952798,0.7256710507721744,1518.6534291482567
2025-12-31,1,2025-12-31 18:50:00,2025-12-31 21:57:55,38,4317.672,4318.909,4298.242475999999,4330.683561209439,4330.683561209439,-0.3031059883251665,session_end,0.1,0.7000000000000001,11.670000000000801,0.06366599614072233,1530.3234291482568
2026-01-02,-1,2026-01-02 03:00:00,2026-01-02 07:56:50,60,4362.824,4382.456708,4382.456708,4349.527166666667,4349.527166666667,0.30696056885569656,sl,0.1,0.7000000000000001,-197.02708000000092,-1.0,1333.296349148255
2026-01-02,-1,2026-01-02 08:05:00,2026-01-02 13:29:30,65,4382.86,4375.925508281574,4402.582869999999,4365.743802405498,4365.743802405498,0.3920912075754436,tp,0.1,0.7000000000000001,68.64491718425306,0.3515964825821722,1401.9412663325074
2026-01-02,1,2026-01-02 14:35:00,2026-01-02 15:11:30,8,4355.276,4335.677258,4335.677258,4375.453454285715,4375.453454285715,-0.461002602277895,sl,0.1,0.7000000000000001,-196.68742000000128,-1.0,1205.2538463325054
2026-01-02,1,2026-01-02 15:20:00,2026-01-02 16:16:30,12,4339.474,4319.9463670000005,4319.9463670000005,4374.232570652175,4374.232570652175,-0.7968728248708097,sl,0.1,0.7000000000000001,-195.97632999999695,-1.0,1009.2775163325077
2026-01-02,1,2026-01-02 16:25:00,2026-01-02 21:57:55,67,4318.691,4331.821,4299.2568905,4371.5301700507625,4371.5301700507625,-1.208036270973508,session_end,0.1,0.7000000000000001,130.6000000000011,0.6756162406103622,1139.877516332508
2026-01-05,-1,2026-01-05 01:05:00,2026-01-05 01:51:40,10,4416.975,4393.156651515152,4436.8513875,4387.186756410257,4387.186756410257,0.682002961146461,tp,0.1,0.7000000000000001,237.48348484848685,1.1983238143676396,1377.3610011809942
2026-01-05,-1,2026-01-05 03:05:00,2026-01-05 04:00:45,12,4411.723,4398.918819444444,4431.575753499999,4396.191932432432,4396.191932432432,0.3529774815582787,tp,0.1,0.7000000000000001,127.34180555555831,0.6449574138698811,1504.7028067365518
2026-01-05,-1,2026-01-05 06:10:00,2026-01-05 09:42:55,43,4414.968,4434.835356,4434.835356,4401.664256756757,4401.664256756757,0.30150512326947043,sl,0.1,0.7000000000000001,-199.37355999999744,-1.0,1305.3292467365536
2026-01-05,-1,2026-01-05 09:50:00,2026-01-05 11:27:30,20,4434.961,4413.682154501217,4454.9183245,4410.4219039548025,4410.4219039548025,0.557148422085497,tp,0.1,0.7000000000000001,212.08845498783086,1.0662173428498862,1517.4177017243837
2026-01-05,1,2026-01-05 13:30:00,2026-01-05 13:40:55,3,4399.75,4413.828262195122,4379.9511250000005,4413.9083539094645,4413.9083539094645,-0.322522643608017,tp,0.1,0.7000000000000001,140.0826219512208,0.7110637445371233,1657.5003236756038
2026-01-05,-1,2026-01-05 14:45:00,2026-01-05 15:03:15,4,4429.672,4449.605524,4449.605524,4414.353556497175,4414.353556497175,0.3482037246473281,sl,0.1,0.7000000000000001,-200.03524000000033,-1.0,1457.4650836756027
2026-01-05,-1,2026-01-05 15:10:00,2026-01-05 23:59:55,94,4454.396,4440.433,4474.440782,4415.120087912088,4415.120087912088,0.8909703769012364,session_end,0.1,0.7000000000000001,138.9299999999974,0.6965902647382136,1596.3950836755994
2026-01-06,-1,2026-01-06 02:05:00,2026-01-06 05:31:05,42,4453.142,4473.181138999999,4473.181138999999,4439.5110466666665,4439.5110466666665,0.3067106532724518,sl,0.1,0.7000000000000001,-201.09138999999522,-1.0,1395.3036936756034
2026-01-06,-1,2026-01-06 08:30:00,2026-01-06 09:11:05,9,4471.107,4458.0146,4491.2269815,4457.350398692811,4457.350398692811,0.30976028519630394,tp,0.1,0.7000000000000001,130.22399999999544,0.6507163040880304,1525.5276936755981
2026-01-06,-1,2026-01-06 14:10:00,2026-01-06 17:55:35,46,4471.479,4491.6006555,4491.6006555,4457.930249019608,4457.930249019608,0.3052593966311049,sl,0.1,0.7000000000000001,-201.91655500000087,-1.0,1323.6111386755965
2026-01-06,-1,2026-01-06 18:05:00,2026-01-06 23:59:55,59,4488.697,4493.294,4508.8961365,4463.050185099845,4463.050185099845,0.5726647436204709,session_end,0.1,0.7000000000000001,-46.66999999999753,-0.22758398607781477,1276.9411386755983
2026-01-07,1,2026-01-07 01:10:00,2026-01-07 03:18:50,26,4476.106,4478.746970085471,4455.963523,4489.684904761904,4489.684904761904,-0.3033487884073887,tp,0.1,0.7000000000000001,25.709700854710537,0.1311144644956591,1302.650839530308
2026-01-07,1,2026-01-07 04:40:00,2026-01-07 05:48:10,14,4463.635,4443.548642500001,4443.548642500001,4477.139529761905,4477.139529761905,-0.30381071823838524,sl,0.1,0.7000000000000001,-201.56357499999393,-1.0,1101.0872645303134
2026-01-07,1,2026-01-07 05:55:00,2026-01-07 08:21:25,30,4447.68,4468.396993333332,4427.665440000001,4473.852119718308,4473.852119718308,-0.5860412686139266,tp,0.1,0.7000000000000001,206.4699333333163,1.035096116693648,1307.557197863629
2026-01-07,1,2026-01-07 11:40:00,2026-01-07 13:09:40,18,4451.78,4431.74699,4431.74699,4467.163833333335,4467.163833333335,-0.34590925942837275,sl,0.1,0.7000000000000001,-201.03010000000103,-1.0,1106.5270978636272
2026-01-07,1,2026-01-07 13:15:00,2026-01-07 16:22:50,38,4433.755,4460.909705782314,4413.8031025,4464.811252620547,4464.811252620547,-0.696194102321857,tp,0.1,0.7000000000000001,270.84705782313614,1.361008685129497,1377.3741556867626
2026-01-08,1,2026-01-08 02:35:00,2026-01-08 05:43:40,38,4436.917,4416.950873500001,4416.950873500001,4452.526768817205,4452.526768817205,-0.34965020145945536,sl,0.1,0.7000000000000001,-200.36126499999517,-1.0,1177.0128906867667
2026-01-08,1,2026-01-08 05:50:00,2026-01-08 13:25:00,92,4421.211,4434.601568322982,4401.3155505,4443.187852380953,4443.187852380953,-0.4961156969570885,tp,0.1,0.7000000000000001,133.20568322981381,0.6730467850440628,1310.2185739165798
2026-01-08,-1,2026-01-08 15:15:00,2026-01-08 20:25:40,63,4447.92,4467.93564,4467.93564,4434.1048715847,4434.1048715847,0.3139445010538195,sl,0.1,0.7000000000000001,-200.8563999999962,-1.0,1109.3621739165828
2026-01-08,-1,2026-01-08 20:35:00,2026-01-08 23:59:55,29,4476.188,4475.695,4496.330846,4439.601080296896,4439.601080296896,0.822718506516398,session_end,0.1,0.7000000000000001,4.230000000003929,0.02447519084445164,1113.592173916586
2026-01-09,-1,2026-01-09 13:35:00,2026-01-09 15:23:20,22,4487.001,4507.1925045,4507.1925045,4468.899183026585,4468.899183026585,0.40437960744452456,sl,0.1,0.7000000000000001,-202.6150449999961,-1.0,910.9771289165892
2026-01-09,-1,2026-01-09 15:30:00,2026-01-09 21:57:55,78,4505.438,4509.174,4525.712471,4471.6569390681,4471.6569390681,0.7553477691188769,session_end,0.1,0.7000000000000001,-38.059999999998766,-0.1842711457181757,872.9171289165897
2026-01-12,-1,2026-01-12 00:35:00,2026-01-12 00:47:20,3,4574.523,4595.1083535,4595.1083535,4556.858833333334,4556.858833333334,0.3872770105927682,sl,0.1,0.7000000000000001,-206.55353499999654,-1.0,666.3635939165924
2026-01-12,-1,2026-01-12 00:55:00,2026-01-12 01:35:25,9,4599.085,4575.281342105263,4619.7808825,4569.1172878787875,4569.1172878787875,0.6559519100269476,tp,0.1,0.7000000000000001,237.33657894736717,1.150163946608053,903.7001728639589
2026-01-12,-1,2026-01-12 08:50:00,2026-01-12 12:08:50,40,4594.087,4580.189164367819,4614.7603915,4575.9323836478015,4575.9323836478015,0.3984787104232299,tp,0.1,0.7000000000000001,138.27835632181342,0.6722571684564509,1041.9785291857715
2026-01-12,-1,2026-01-12 13:05:00,2026-01-12 13:51:10,10,4596.102,4616.7844589999995,4616.7844589999995,4580.575472399153,4580.575472399153,0.34039451363258216,sl,0.1,0.7000000000000001,-207.52458999999652,-1.0,834.4539391857743
2026-01-12,-1,2026-01-12 14:00:00,2026-01-12 20:46:50,82,4615.912,4591.997471887551,4636.683604,4582.481541666669,4582.481541666669,0.7289491082419578,tp,0.1,0.7000000000000001,238.44528112449262,1.151308686245403,1072.8992203102662
2026-01-13,1,2026-01-13 06:45:00,2026-01-13 08:10:50,18,4576.129,4589.569809523809,4555.5364195,4591.108841563786,4591.108841563786,-0.3275753654026592,tp,0.1,0.7000000000000001,133.7080952380955,0.6527015651977048,1206.607315548361
2026-01-13,-1,2026-01-13 13:15:00,2026-01-13 14:24:45,14,4602.891,4623.604009499999,4623.604009499999,4589.0383008385725,4589.0383008385725,0.3030090021015273,sl,0.1,0.7000000000000001,-207.83009499999315,-1.0,998.777220548367
2026-01-13,-1,2026-01-13 14:30:00,2026-01-13 16:27:55,24,4618.291,4593.978427241962,4639.0733095,4591.080568965516,4591.080568965516,0.5921248957869782,tp,0.1,0.7000000000000001,242.42572758038187,1.169868669217868,1241.2029481287482
2026-01-13,-1,2026-01-13 16:45:00,2026-01-13 17:56:00,15,4608.839,4595.1602953488355,4629.5787755,4594.176826699832,4594.176826699832,0.3193319250340202,tp,0.1,0.7000000000000001,136.08704651164481,0.6595396681687496,1377.2899946403923
2026-01-13,1,2026-01-13 20:35:00,2026-01-13 23:07:40,19,4572.384,4594.311741509435,4551.808272,4594.8908670715255,4594.8908670715255,-0.49074869727855935,tp,0.1,0.7000000000000001,218.57741509434783,1.0657091457194126,1595.8674097347393
2026-01-14,-1,2026-01-14 05:05:00,2026-01-14 05:57:50,11,4638.873,4621.047035211269,4659.747928499999,4618.6615,4618.6615,0.4366633060249093,tp,0.1,0.7000000000000001,177.55964788730745,0.8539413578700986,1773.427057622046
2026-01-14,-1,2026-01-14 07:00:00,2026-01-14 08:10:00,15,4637.387,4624.223578231294,4658.255241499999,4622.503281746032,4622.503281746032,0.32002612766951344,tp,0.1,0.7000000000000001,130.9342176870603,0.6307873027397358,1904.3612753091065
2026-01-14,-1,2026-01-14 09:20:00,2026-01-14 11:52:45,31,4639.06,4626.816248826292,4659.93577,4625.179589285716,4625.179589285716,0.3028836057898328,tp,0.1,0.7000000000000001,121.73751173708006,0.5865053683628538,2026.0987870461868
2026-01-14,1,2026-01-14 14:50:00,2026-01-14 18:16:55,42,4607.905,4625.583069254187,4587.1694275,4627.998838951314,4627.998838951314,-0.4351846154714496,tp,0.1,0.7000000000000001,176.08069254186995,0.8525479223777013,2202.179479588057
2026-01-15,1,2026-01-15 01:25:00,2026-01-15 02:07:05,9,4598.038,4609.0826333333325,4577.346829,4613.431480392156,4613.431480392156,-0.3349129700489899,tp,0.1,0.7000000000000001,109.74633333332967,0.5337848366983793,2311.9258129213868
2026-01-15,1,2026-01-15 03:15:00,2026-01-15 06:03:20,34,4591.388,4600.213953703704,4570.726754,4607.842611111112,4607.842611111112,-0.355591813652694,tp,0.1,0.7000000000000001,87.55953703703817,0.42717431967578146,2399.485349958425
2026-01-15,-1,2026-01-15 10:40:00,2026-01-15 13:19:10,32,4617.901,4605.818606918238,4638.6815545,4603.038028645832,4603.038028645832,0.3227536088494761,tp,0.1,0.7000000000000001,120.12393081761438,0.5814278479316505,2519.6092807760397
2026-01-15,1,2026-01-15 13:45:00,2026-01-15 14:24:30,8,4590.116,4605.10328488372,4569.460478,4605.636386868686,4605.636386868686,-0.33539093343813753,tp,0.1,0.7000000000000001,149.1728488372035,0.7255824802549331,2668.7821296132433
2026-01-15,-1,2026-01-15 16:15:00,2026-01-15 16:40:00,6,4622.217,4606.087631666665,4643.016976499999,4605.868764957264,4605.868764957264,0.3547156003887554,tp,0.1,0.7000000000000001,160.59368333334243,0.7754512767519054,2829.375812946586
2026-01-15,-1,2026-01-15 19:10:00,2026-01-15 20:09:35,12,4621.287,4607.614186030429,4642.0827915,4607.148714492753,4607.148714492753,0.3063236370654273,tp,0.1,0.7000000000000001,136.02813969571508,0.6574798544970837,2965.403952642301
2026-01-16,1,2026-01-16 13:20:00,2026-01-16 13:58:00,8,4587.511,4603.036362275449,4566.867200500001,4603.41553125,4603.41553125,-0.3466346051464763,tp,0.1,0.7000000000000001,154.5536227544897,0.7520593423438949,3119.957575396791
2026-01-16,-1,2026-01-16 15:10:00,2026-01-16 15:19:55,2,4617.417,4603.457683970855,4638.1953765,4603.384357142856,4603.384357142856,0.3046919780960759,tp,0.1,0.7000000000000001,138.89316029145158,0.6718193805538905,3258.850735688243
2026-01-16,1,2026-01-16 15:25:00,2026-01-16 15:29:20,1,4588.98,4568.329589999999,4568.329589999999,4603.438815315314,4603.438815315314,-0.3153146136540962,sl,0.1,0.7000000000000001,-207.20410000000192,-1.0,3051.646635688241
2026-01-16,1,2026-01-16 15:35:00,2026-01-16 21:19:15,69,4544.66,4598.318826797386,4524.20903,4603.001063279856,4603.001063279856,-1.2667944777381182,tp,0.1,0.7000000000000001,535.888267973857,2.6237790577848408,3587.5349036620983
2026-01-20,-1,2026-01-20 04:30:00,2026-01-20 05:46:30,16,4685.983,4707.0699235,4707.0699235,4671.20562345679,4671.20562345679,0.3156974394181456,sl,0.1,0.7000000000000001,-211.5692350000001,-1.0,3375.9656686620983
2026-01-20,-1,2026-01-20 05:55:00,2026-01-20 08:57:45,37,4710.029,4731.2241305,4731.2241305,4677.510025821596,4677.510025821596,0.6947814969716808,sl,0.1,0.7000000000000001,-212.65130499999322,-1.0,3163.3143636621053
2026-01-20,-1,2026-01-20 09:05:00,2026-01-20 14:28:40,65,4728.553,4749.8314885,4749.8314885,4691.52833792049,4691.52833792049,0.7901937153371728,sl,0.1,0.7000000000000001,-213.48488500000093,-1.0,2949.8294786621045
2026-01-20,-1,2026-01-20 14:35:00,2026-01-20 16:55:15,29,4731.125,4752.4150625,4752.4150625,4706.030978095238,4706.030978095238,0.5344954595888092,sl,0.1,0.7000000000000001,-213.60062500000203,-1.0,2736.2288536621027
2026-01-20,-1,2026-01-20 17:05:00,2026-01-20 23:44:15,68,4749.787,4771.1610415000005,4771.1610415000005,4710.916254471545,4710.916254471545,0.8267445954167973,sl,0.1,0.7000000000000001,-214.44041500000202,-1.0,2521.788438662101
2026-01-21,-1,2026-01-21 01:15:00,2026-01-21 01:30:05,4,4807.742,4829.376839,4829.376839,4783.188455555556,4783.188455555556,0.5148457911132831,sl,0.1,0.7000000000000001,-217.04838999999373,-1.0,2304.7400486621073
2026-01-21,-1,2026-01-21 01:40:00,2026-01-21 01:54:50,3,4819.368,4841.055156,4841.055156,4792.010716666667,4792.010716666667,0.5705284263711207,sl,0.1,0.7000000000000001,-217.57155999999958,-1.0,2087.168488662108
2026-01-21,-1,2026-01-21 02:00:00,2026-01-21 04:35:30,32,4835.403,4857.1623135,4857.1623135,4798.282680555556,4798.282680555556,0.7731895328882168,sl,0.1,0.7000000000000001,-218.29313499999733,-1.0,1868.8753536621107
2026-01-21,-1,2026-01-21 04:45:00,2026-01-21 06:27:25,21,4865.468,4887.362606,4887.362606,4821.806254385964,4821.806254385964,0.9053919488018687,sl,0.1,0.7000000000000001,-219.64605999999839,-1.0,1649.2292936621125
2026-01-21,-1,2026-01-21 06:35:00,2026-01-21 07:04:20,6,4881.175,4837.103333333333,4903.1402875,4835.525010548522,4835.525010548522,0.9433203085905226,tp,0.1,0.7000000000000001,440.01666666667626,2.0064233926675126,2089.245960328789
2026-01-21,-1,2026-01-21 07:55:00,2026-01-21 13:38:10,69,4856.219,4878.0719855,4878.0719855,4837.937531578947,4837.937531578947,0.37912784737978433,sl,0.1,0.7000000000000001,-219.22985499999703,-1.0,1870.016105328792
2026-01-21,-1,2026-01-21 13:45:00,2026-01-21 14:05:00,5,4877.477,4849.516503944774,4899.4256465,4848.957146464647,4848.957146464647,0.5868345022619986,tp,0.1,0.7000000000000001,278.9049605522603,1.2739052522088794,2148.9210658810525
2026-01-21,-1,2026-01-21 14:40:00,2026-01-21 14:51:35,3,4870.645,4849.888065543071,4892.5629025,4849.77134469697,4849.77134469697,0.4300647148207543,tp,0.1,0.7000000000000001,206.8693445692923,0.9470310608841243,2355.790410450345
2026-01-21,1,2026-01-21 15:20:00,2026-01-21 15:53:55,7,4831.47,4849.545547368421,4809.728385,4850.062259057971,4850.062259057971,-0.38444370529775124,tp,0.1,0.7000000000000001,180.05547368420304,0.8313801605087928,2535.845884134548
2026-01-21,1,2026-01-21 16:25:00,2026-01-21 16:40:10,4,4832.795,4849.297671666666,4811.047422500001,4849.408960236887,4849.408960236887,-0.3419893098905995,tp,0.1,0.7000000000000001,164.32671666666175,0.758828042648275,2700.17260080121
2026-01-21,1,2026-01-21 16:50:00,2026-01-21 17:31:15,9,4833.974,4812.221117,4812.221117,4849.173138613861,4849.173138613861,-0.3145410192183946,sl,0.1,0.7000000000000001,-218.2288300000011,-1.0,2481.943770801209
2026-01-21,1,2026-01-21 17:40:00,2026-01-21 18:58:35,16,4815.662,4846.597617474303,4793.991521000001,4847.908355345911,4847.908355345911,-0.6666350305544322,tp,0.1,0.7000000000000001,308.6561747430249,1.427546547277672,2790.5999455442343
2026-01-21,1,2026-01-21 19:30:00,2026-01-21 19:35:15,2,4816.148,4794.475334000001,4794.475334000001,4846.556866096866,4846.556866096866,-0.6291964984499195,sl,0.1,0.7000000000000001,-217.4266599999948,-1.0,2573.1732855442397
2026-01-21,1,2026-01-21 19:45:00,2026-01-21 23:59:55,39,4765.959,4778.432,4744.5121845,4845.817587201125,4845.817587201125,-1.649279729641797,session_end,0.1,0.7000000000000001,124.02999999999956,0.5815781834837086,2697.2032855442394
2026-01-22,-1,2026-01-22 01:25:00,2026-01-22 02:01:55,8,4807.834,4792.204875,4829.469252999999,4789.027892156863,4789.027892156863,0.3921590825122218,tp,0.1,0.7000000000000001,155.59124999999477,0.7223915985636896,2852.7945355442343
2026-01-22,-1,2026-01-22 05:50:00,2026-01-22 07:02:25,15,4807.845,4829.4803025,4829.4803025,4793.0940666666675,4793.0940666666675,0.3080981330208371,sl,0.1,0.7000000000000001,-217.0530249999985,-1.0,2635.741510544236
2026-01-22,-1,2026-01-22 07:10:00,2026-01-22 13:42:45,79,4834.582,4812.876609756098,4856.337619,4798.859085271319,4798.859085271319,0.7431436117417242,tp,0.1,0.7000000000000001,216.35390243902003,0.9976912283627706,2852.095412983256
2026-01-22,-1,2026-01-22 14:30:00,2026-01-22 15:26:45,12,4829.385,4851.1172325,4851.1172325,4813.389582375478,4813.389582375478,0.3332561669900331,sl,0.1,0.7000000000000001,-218.02232499999553,-1.0,2634.073087983261
2026-01-22,-1,2026-01-22 15:35:00,2026-01-22 16:51:00,16,4863.668,4885.5545059999995,4885.5545059999995,4815.392810160427,4815.392810160427,1.000244252928734,sl,0.1,0.7000000000000001,-219.56505999999825,-1.0,2414.5080279832628
2026-01-22,-1,2026-01-22 17:00:00,2026-01-22 17:46:40,10,4878.141,4900.0926345,4900.0926345,4820.277130718953,4820.277130718953,1.1990466048665942,sl,0.1,0.7000000000000001,-220.2163450000018,-1.0,2194.291682983261
2026-01-22,-1,2026-01-22 17:55:00,2026-01-22 20:15:00,29,4904.671,4926.7420195,4926.7420195,4823.8151976744175,4823.8151976744175,1.6774337119007474,sl,0.1,0.7000000000000001,-221.41019500000147,-1.0,1972.8814879832598
2026-01-22,-1,2026-01-22 20:25:00,2026-01-22 23:03:55,20,4927.445,4949.6185024999995,4949.6185024999995,4835.057714965987,4835.057714965987,1.9091351225920705,sl,0.1,0.7000000000000001,-222.43502499999812,-1.0,1750.4464629832619
2026-01-23,1,2026-01-23 08:25:00,2026-01-23 12:53:20,54,4921.047,4942.623664502164,4898.9022884999995,4953.310595709571,4953.310595709571,-0.6522727595066683,tp,0.1,0.7000000000000001,215.06664502164023,0.9743484128101618,1965.5131080049023
2026-01-23,-1,2026-01-23 15:45:00,2026-01-23 16:20:25,8,4959.1,4981.4159500000005,4981.4159500000005,4942.689902116401,4942.689902116401,0.3315724475569745,sl,0.1,0.7000000000000001,-223.85950000000156,-1.0,1741.653608004901
2026-01-23,-1,2026-01-23 16:30:00,2026-01-23 21:57:55,66,4985.416,4988.436,5007.850372,4943.893659932659,4943.893659932659,0.8404476901290521,session_end,0.1,0.7000000000000001,-30.89999999999527,-0.13461486686587731,1710.753608004905
2026-01-26,-1,2026-01-26 01:20:00,2026-01-26 01:35:50,4,5062.692,5085.474114,5085.474114,5044.597916666667,5044.597916666667,0.35813723178300727,sl,0.1,0.7000000000000001,-228.52113999999636,-1.0,1482.2324680049078
2026-01-26,-1,2026-01-26 01:45:00,2026-01-26 04:32:25,34,5083.345,5068.494839506172,5106.2200525,5051.937563492063,5051.937563492063,0.6229676458269985,tp,0.1,0.7000000000000001,147.801604938283,0.6491858540577587,1630.03407294319
2026-01-26,-1,2026-01-26 06:40:00,2026-01-26 06:47:50,2,5084.244,5107.123097999999,5107.123097999999,5068.435100000001,5068.435100000001,0.31274741981010185,sl,0.1,0.7000000000000001,-229.4909799999943,-1.0,1400.543092943195
2026-01-26,-1,2026-01-26 06:55:00,2026-01-26 09:56:45,37,5099.541,5076.051945378151,5122.4889345,5069.518640562249,5069.518640562249,0.5917299366005246,tp,0.1,0.7000000000000001,234.19054621849392,1.0235803410476625,1634.7336391616882
2026-01-26,-1,2026-01-26 10:35:00,2026-01-26 12:56:20,29,5092.972,5078.975749462366,5115.890374,5076.6952716535425,5076.6952716535425,0.3208234387712746,tp,0.1,0.7000000000000001,139.26250537633388,0.6106999797469695,1773.9961445380213
2026-01-26,1,2026-01-26 13:35:00,2026-01-26 14:24:05,10,5063.35,5078.232234496126,5040.564925000001,5078.753444785277,5078.753444785277,-0.30556602036294384,tp,0.1,0.7000000000000001,148.1223449612542,0.6531571432670538,1922.1184894992757
2026-01-26,-1,2026-01-26 15:00:00,2026-01-26 15:34:50,7,5096.379,5078.947424731185,5119.3127054999995,5078.531537037039,5078.531537037039,0.350848721387615,tp,0.1,0.7000000000000001,173.61575268815324,0.7600854239981237,2095.734242187429
2026-01-26,-1,2026-01-26 16:05:00,2026-01-26 16:28:50,5,5100.393,5079.609274957702,5123.3447685,5079.211658894648,5079.211658894648,0.41683321206502155,tp,0.1,0.7000000000000001,207.13725042298103,0.905539154523018,2302.8714926104103
2026-01-26,-1,2026-01-26 17:05:00,2026-01-26 18:11:10,14,5095.161,5080.578714067281,5118.0892245,5079.709015447157,5079.709015447157,0.3038655266651038,tp,0.1,0.7000000000000001,145.1228593271906,0.63599717163967,2447.994351937601
2026-01-26,1,2026-01-26 18:45:00,2026-01-26 18:50:05,2,5064.468,5080.495234513277,5041.677894,5080.524800740744,5080.524800740744,-0.31505211308898046,tp,0.1,0.7000000000000001,159.5723451327711,0.7032540574088371,2607.5666970703724
2026-01-26,1,2026-01-26 19:05:00,2026-01-26 19:22:05,4,5046.02,5023.312910000001,5023.312910000001,5080.326815866087,5080.326815866087,-0.6762422401408086,sl,0.1,0.7000000000000001,-227.7708999999988,-1.0,2379.7957970703737
2026-01-26,1,2026-01-26 19:30:00,2026-01-26 21:36:05,26,5027.474,5004.850367,5004.850367,5079.5389658119675,5079.5389658119675,-1.0248069000420812,sl,0.1,0.7000000000000001,-226.93633000000153,-1.0,2152.8594670703724
2026-01-26,1,2026-01-26 21:45:00,2026-01-26 23:59:55,15,5005.332,5043.691,4982.808006,5075.1095996168615,5075.1095996168615,-1.3745929668618038,session_end,0.1,0.7000000000000001,382.8899999999947,1.7030283350279372,2535.7494670703672
2026-01-27,1,2026-01-27 00:50:00,2026-01-27 01:05:25,4,5023.605,5040.2103205128205,5000.9987775,5044.2599,5044.2599,-0.4093841397823204,tp,0.1,0.7000000000000001,165.35320512820982,0.7345464512180783,2701.1026721985772
2026-01-27,-1,2026-01-27 01:15:00,2026-01-27 02:03:00,10,5071.619,5050.437805555556,5094.441285499999,5042.094188888889,5042.094188888889,0.5851201902599079,tp,0.1,0.7000000000000001,211.11194444443464,0.9280926068707699,2912.214616643012
2026-01-27,-1,2026-01-27 02:25:00,2026-01-27 04:44:00,28,5068.147,5061.903708333333,5090.9536615,5052.61985632184,5052.61985632184,0.30749678622111615,tp,0.1,0.7000000000000001,61.73291666666664,0.2737486004545962,2973.947533309679
2026-01-27,-1,2026-01-27 05:50:00,2026-01-27 11:49:10,72,5080.033,5074.829901891255,5102.8931485,5062.842914285713,5062.842914285713,0.3397218915434808,tp,0.1,0.7000000000000001,51.33098108745507,0.227605612830797,3025.278514397134
2026-01-27,1,2026-01-27 14:15:00,2026-01-27 14:36:50,5,5060.225,5075.357823809523,5037.453987500001,5075.705455165692,5075.705455165692,-0.3048434410224623,tp,0.1,0.7000000000000001,150.62823809522962,0.6645652585506837,3175.906752492364
2026-01-27,1,2026-01-27 15:00:00,2026-01-27 15:24:50,5,5054.324,5074.852755434783,5031.5795419999995,5075.118942592593,5075.118942592593,-0.40941784473682447,tp,0.1,0.7000000000000001,204.58755434783308,0.9025827493793519,3380.494306840197
2026-01-27,-1,2026-01-27 16:00:00,2026-01-27 18:08:55,26,5091.072,5076.586023809526,5113.9818239999995,5075.073875000001,5075.073875000001,0.3178599050442211,tp,0.1,0.7000000000000001,144.15976190474504,0.632304123788768,3524.6540687449424
2026-01-27,-1,2026-01-27 18:50:00,2026-01-27 20:03:25,15,5092.386,5115.301737,5115.301737,5076.945994100295,5076.945994100295,0.3037752601195128,sl,0.1,0.7000000000000001,-229.85736999999352,-1.0,3294.796698744949
2026-01-27,-1,2026-01-27 20:10:00,2026-01-27 20:20:40,3,5125.495,5148.5597275,5148.5597275,5078.0394628099175,5078.0394628099175,0.9354011038700822,sl,0.1,0.7000000000000001,-231.34727500000116,-1.0,3063.449423744948
2026-01-27,-1,2026-01-27 20:30:00,2026-01-27 20:48:45,4,5141.707,5164.8446815,5164.8446815,5079.031589430895,5079.031589430895,1.2354896689299066,sl,0.1,0.7000000000000001,-232.07681499999416,-1.0,2831.372608744954
2026-01-27,-1,2026-01-27 20:55:00,2026-01-27 23:59:55,23,5176.8,5172.532,5200.0956,5080.4629966799475,5080.4629966799475,1.8957820061477382,session_end,0.1,0.7000000000000001,41.98000000000029,0.18321056336819513,2873.3526087449545
2026-01-28,-1,2026-01-28 01:05:00,2026-01-28 01:41:15,8,5186.347,5209.6855614999995,5209.6855614999995,5168.30808974359,5168.30808974359,0.34843917861915025,sl,0.1,0.7000000000000001,-234.0856149999974,-1.0,2639.2669937449573
2026-01-28,-1,2026-01-28 01:50:00,2026-01-28 03:08:40,16,5220.783,5244.2765235,5244.2765235,5179.622151515152,5179.622151515152,0.7957597538807178,sl,0.1,0.7000000000000001,-235.63523499999354,-1.0,2403.631758744964
2026-01-28,-1,2026-01-28 03:15:00,2026-01-28 06:51:40,44,5243.447,5267.0425115,5267.0425115,5198.311217948718,5198.311217948718,0.868845287587538,sl,0.1,0.7000000000000001,-236.655114999997,-1.0,2166.976643744967
2026-01-28,-1,2026-01-28 07:00:00,2026-01-28 08:01:55,13,5269.957,5293.6718065000005,5293.6718065000005,5225.622920634921,5225.622920634921,0.8478908646492269,sl,0.1,0.7000000000000001,-237.8480650000012,-1.0,1929.128578744966
2026-01-28,-1,2026-01-28 08:10:00,2026-01-28 11:04:55,35,5294.64,5246.281164141412,5318.46588,5233.627639455782,5233.627639455782,1.1666259953978608,tp,0.1,0.7000000000000001,482.88835858588465,2.0296767992867273,2412.016937330851
2026-01-28,-1,2026-01-28 11:50:00,2026-01-28 13:04:25,15,5265.562,5289.257028999999,5289.257028999999,5247.010119718308,5247.010119718308,0.35403743956737693,sl,0.1,0.7000000000000001,-237.6502899999952,-1.0,2174.366647330856
2026-01-28,-1,2026-01-28 13:10:00,2026-01-28 14:06:20,12,5280.762,5250.483768244573,5304.525428999999,5249.061721518984,5249.061721518984,0.6053801644347997,tp,0.1,0.7000000000000001,302.08231755426533,1.2741524699750613,2476.4489648851213
2026-01-28,-1,2026-01-28 14:40:00,2026-01-28 15:08:05,6,5281.833,5251.8450524861855,5305.601248499999,5251.014823863634,5251.014823863634,0.5866804259695265,tp,0.1,0.7000000000000001,299.1794751381411,1.2616809990780198,2775.6284400232626
2026-01-28,-1,2026-01-28 15:25:00,2026-01-28 16:46:20,17,5269.799,5293.5130954999995,5293.5130954999995,5251.9971882882855,5251.9971882882855,0.3382772510109591,sl,0.1,0.7000000000000001,-237.8409549999953,-1.0,2537.7874850232674
2026-01-28,-1,2026-01-28 16:55:00,2026-01-28 18:21:15,18,5292.405,5316.2208224999995,5316.2208224999995,5254.570028735629,5254.570028735629,0.7198775743307075,sl,0.1,0.7000000000000001,-238.8582249999974,-1.0,2298.92926002327
2026-01-28,-1,2026-01-28 18:30:00,2026-01-28 19:57:55,18,5305.448,5329.322516,5329.322516,5258.369243243241,5258.369243243241,0.895054237912945,sl,0.1,0.7000000000000001,-239.44515999999857,-1.0,2059.484100023272
2026-01-28,-1,2026-01-28 20:05:00,2026-01-28 20:30:15,6,5332.094,5356.088423,5356.088423,5261.180537344398,5261.180537344398,1.3487650186476954,sl,0.1,0.7000000000000001,-240.64423000000096,-1.0,1818.839870023271
2026-01-28,-1,2026-01-28 20:40:00,2026-01-28 21:48:45,14,5376.187,5400.379841499999,5400.379841499999,5263.525174731183,5263.525174731183,2.1426196612534745,sl,0.1,0.7000000000000001,-242.62841499999303,-1.0,1576.2114550232782
2026-01-28,-1,2026-01-28 21:55:00,2026-01-28 23:01:45,2,5409.001,5433.3415045,5433.3415045,5270.541854879595,5270.541854879595,2.6286413984576926,sl,0.1,0.7000000000000001,-244.1050449999995,-1.0,1332.106410023278
2026-01-29,-1,2026-01-29 00:35:00,2026-01-29 00:42:50,2,5521.417,5496.086333333334,5546.2633765,5492.782119047619,5492.782119047619,0.5227839067710837,tp,0.1,0.7000000000000001,252.6066666666673,1.0194913800274683,1584.7130766899445
2026-01-29,-1,2026-01-29 00:55:00,2026-01-29 01:00:35,2,5518.629,5501.482666666667,5543.4628305,5500.02343939394,5500.02343939394,0.33809057017599864,tp,0.1,0.7000000000000001,170.76333333333133,0.6904425530863354,1755.476410023275
2026-01-29,1,2026-01-29 01:10:00,2026-01-29 01:19:00,2,5447.196,5495.553277777778,5422.683618,5497.384976190477,5497.384976190477,-0.9136976291095469,tp,0.1,0.7000000000000001,482.8727777777811,1.9727694263975786,2238.3491878010564
2026-01-29,-1,2026-01-29 01:35:00,2026-01-29 01:41:50,2,5520.762,5545.605428999999,5545.605428999999,5497.545464912279,5497.545464912279,0.42213448230375705,sl,0.1,0.7000000000000001,-249.1342899999956,-1.0,1989.214897801061
2026-01-29,-1,2026-01-29 01:50:00,2026-01-29 02:02:55,3,5537.361,5505.532111111109,5562.2791245,5502.308893939392,5502.308893939392,0.6368891084833015,tp,0.1,0.7000000000000001,317.58888888891016,1.277338865888203,2306.8037866899713
2026-01-29,-1,2026-01-29 02:30:00,2026-01-29 03:04:25,7,5525.875,5512.917898148148,5550.7414375,5508.553999999999,5508.553999999999,0.3128316432951549,tp,0.1,0.7000000000000001,128.87101851851804,0.5210678792188017,2435.6748052084895
2026-01-29,-1,2026-01-29 03:15:00,2026-01-29 04:35:05,17,5538.639,5563.5628755,5563.5628755,5513.963397435897,5513.963397435897,0.44713939478758447,sl,0.1,0.7000000000000001,-249.93875499999666,-1.0,2185.736050208493
2026-01-29,-1,2026-01-29 04:45:00,2026-01-29 05:22:40,8,5557.408,5526.1373125,5582.416336,5522.345956140351,5522.345956140351,0.6358990207884857,tp,0.1,0.7000000000000001,312.0068750000035,1.2504105631018596,2497.7429252084967
2026-01-29,-1,2026-01-29 05:35:00,2026-01-29 06:00:30,6,5544.452,5569.402034,5569.402034,5526.638136815921,5526.638136815921,0.3219744579537624,sl,0.1,0.7000000000000001,-250.20033999999504,-1.0,2247.542585208502
2026-01-29,-1,2026-01-29 06:10:00,2026-01-29 07:28:55,16,5586.882,5537.457552434457,5612.022969,5530.000103603604,5530.000103603604,1.0282892464927889,tp,0.1,0.7000000000000001,493.54447565542324,1.9658927054697948,2741.087060863925
2026-01-29,1,2026-01-29 08:40:00,2026-01-29 08:44:00,1,5511.654,5486.851557000001,5486.851557000001,5537.638192307691,5537.638192307691,-0.46851548271481397,sl,0.1,0.7000000000000001,-248.72442999999583,-1.0,2492.3626308639296
2026-01-29,1,2026-01-29 08:50:00,2026-01-29 11:02:25,27,5506.39,5481.611245000001,5481.611245000001,5536.8139245283,5536.8139245283,-0.5486444901774121,sl,0.1,0.7000000000000001,-248.48754999999363,-1.0,2243.875080863936
2026-01-29,1,2026-01-29 11:10:00,2026-01-29 12:13:10,13,5494.712,5529.850783105021,5469.985796000001,5531.058099502486,5531.058099502486,-0.6580946872671658,tp,0.1,0.7000000000000001,350.68783105020594,1.421115149944616,2594.562911914142
2026-01-29,1,2026-01-29 13:35:00,2026-01-29 13:43:45,2,5509.947,5529.7738353658515,5485.152238500001,5529.882583844578,5529.882583844578,-0.3612930933279903,tp,0.1,0.7000000000000001,197.56835365851367,0.7996380753995909,2792.131265572656
2026-01-29,1,2026-01-29 14:00:00,2026-01-29 14:08:10,2,5510.501,5529.4252534516745,5485.703745500001,5529.511376984125,5529.511376984125,-0.3446032693492197,tp,0.1,0.7000000000000001,188.54253451674305,0.7631592219886608,2980.6738000893993
2026-01-29,1,2026-01-29 14:55:00,2026-01-29 15:01:30,2,5505.222,5480.448501,5480.448501,5529.128716014896,5529.128716014896,-0.430035494489871,sl,0.1,0.7000000000000001,-248.434989999999,-1.0,2732.2388100894004
2026-01-29,1,2026-01-29 15:10:00,2026-01-29 15:14:30,1,5415.121,5390.7529555,5390.7529555,5528.098117216116,5528.098117216116,-2.0444936905901483,sl,0.1,0.7000000000000001,-244.38044499999995,-1.0,2487.8583650894006
2026-01-29,1,2026-01-29 15:20:00,2026-01-29 15:24:35,1,5332.543,5308.5465564999995,5308.5465564999995,5526.305021739129,5526.305021739129,-3.524787737428007,sl,0.1,0.7000000000000001,-240.66443500000167,-1.0,2247.193930089399
2026-01-29,1,2026-01-29 15:30:00,2026-01-29 15:32:05,1,5191.503,5168.1412365,5168.1412365,5523.433263440859,5523.433263440859,-6.010514613044241,sl,0.1,0.7000000000000001,-234.3176350000005,-1.0,2012.8762950893988
2026-01-29,1,2026-01-29 15:40:00,2026-01-29 15:40:15,1,5204.478,5181.057849000001,5181.057849000001,5519.806331560282,5519.806331560282,-5.715451097558787,sl,0.1,0.7000000000000001,-234.9015099999935,-1.0,1777.9747850894055
2026-01-29,1,2026-01-29 15:50:00,2026-01-29 23:59:55,86,5166.186,5438.65,5142.938163,5515.91862982456,5515.91862982456,-6.342391055824695,session_end,0.1,0.7000000000000001,2723.9399999999996,11.719972055894972,4501.914785089405
2026-01-30,1,2026-01-30 00:45:00,2026-01-30 01:01:35,4,5411.703,5387.350336500001,5387.350336500001,5434.25912962963,5434.25912962963,-0.41662771482838984,sl,0.1,0.7000000000000001,-244.22663499999834,-1.0,4257.688150089407
2026-01-30,1,2026-01-30 01:10:00,2026-01-30 01:11:25,1,5367.043,5342.8913065,5342.8913065,5421.566857142857,5421.566857142857,-1.0025580902178848,sl,0.1,0.7000000000000001,-242.21693499999964,-1.0,4015.4712150894075
2026-01-30,1,2026-01-30 01:20:00,2026-01-30 01:57:40,8,5332.945,5308.9467475,5308.9467475,5409.797166666667,5409.797166666667,-1.421803152632068,sl,0.1,0.7000000000000001,-240.6825249999958,-1.0,3774.788690089412
2026-01-30,1,2026-01-30 02:05:00,2026-01-30 02:09:50,1,5296.146,5272.313343,5272.313343,5384.317366666667,5384.317366666667,-1.637270997664884,sl,0.1,0.7000000000000001,-239.02656999999925,-1.0,3535.7621200894127
2026-01-30,1,2026-01-30 02:15:00,2026-01-30 02:15:15,1,5212.423,5188.9670965000005,5188.9670965000005,5374.808006172839,5374.808006172839,-3.0223127223572748,sl,0.1,0.7000000000000001,-235.25903499999293,-1.0,3300.50308508942
2026-01-30,1,2026-01-30 02:25:00,2026-01-30 02:32:00,2,5163.173,5139.9387215,5139.9387215,5359.965166666667,5359.965166666667,-3.6713236102809264,sl,0.1,0.7000000000000001,-233.04278500000072,-1.0,3067.4603000894194
2026-01-30,1,2026-01-30 02:40:00,2026-01-30 03:05:25,6,5211.278,5187.827249000001,5187.827249000001,5342.749958333333,5342.749958333333,-2.4621301644138436,sl,0.1,0.7000000000000001,-235.207509999994,-1.0,2832.2527900894256
2026-01-30,1,2026-01-30 03:15:00,2026-01-30 03:43:45,6,5181.794,5158.475927,5158.475927,5319.515995726494,5319.515995726494,-2.588101921999978,sl,0.1,0.7000000000000001,-233.88072999999457,-1.0,2598.372060089431
2026-01-30,1,2026-01-30 03:50:00,2026-01-30 07:00:10,39,5167.231,5143.9784605,5143.9784605,5298.574478260869,5298.574478260869,-2.476854459615812,sl,0.1,0.7000000000000001,-233.22539499999328,-1.0,2365.146665089438
2026-01-30,1,2026-01-30 07:10:00,2026-01-30 07:35:25,6,5166.166,5142.918253000001,5142.918253000001,5252.10580620155,5252.10580620155,-1.6361114831328305,sl,0.1,0.7000000000000001,-233.17746999999434,-1.0,2131.969195089444
2026-01-30,1,2026-01-30 07:45:00,2026-01-30 08:32:20,10,5147.169,5124.006739500001,5124.006739500001,5245.534768817205,5245.534768817205,-1.8762294628617424,sl,0.1,0.7000000000000001,-232.3226049999932,-1.0,1899.646590089451
2026-01-30,1,2026-01-30 08:40:00,2026-01-30 09:08:50,6,5092.351,5069.4354205,5069.4354205,5235.051743589743,5235.051743589743,-2.7251735145585436,sl,0.1,0.7000000000000001,-229.85579499999693,-1.0,1669.7907950894532
2026-01-30,1,2026-01-30 09:15:00,2026-01-30 09:42:40,6,5028.21,5005.583055,5005.583055,5226.291896396395,5226.291896396395,-3.788238397723404,sl,0.1,0.7000000000000001,-226.96944999999977,-1.0,1442.8213450894527
2026-01-30,1,2026-01-30 09:50:00,2026-01-30 09:50:25,1,4982.14,4959.720370000001,4959.720370000001,5214.602415254236,5214.602415254236,-4.458900156492563,sl,0.1,0.7000000000000001,-224.89629999999414,-1.0,1217.9250450894579
2026-01-30,1,2026-01-30 10:00:00,2026-01-30 15:01:25,61,5013.589,4991.0278495,4991.0278495,5210.905988888888,5210.905988888888,-3.7853204281458726,sl,0.1,0.7000000000000001,-226.3115049999971,-1.0,991.61354008946
2026-01-30,1,2026-01-30 15:10:00,2026-01-30 16:35:35,18,5000.43,4977.928065000001,4977.928065000001,5165.730456043954,5165.730456043954,-3.201656715372115,sl,0.1,0.7000000000000001,-225.7193499999932,-1.0,765.8941900894661
2026-01-30,1,2026-01-30 16:45:00,2026-01-30 16:48:05,1,5010.642,4988.094111,4988.094111,5152.864339137644,5152.864339137644,-2.7609855368607077,sl,0.1,0.7000000000000001,-226.17888999999485,-1.0,539.7153000894705
2026-01-30,1,2026-01-30 16:55:00,2026-01-30 17:06:15,3,4978.721,4956.3167555,4956.3167555,5151.1471863710985,5151.1471863710985,-3.3452681536070727,sl,0.1,0.7000000000000001,-224.74244499999548,-1.0,314.97285508947425
2026-01-30,1,2026-01-30 17:15:00,2026-01-30 17:33:35,4,4914.972,4892.854626,4892.854626,5147.370461352655,5147.370461352655,-4.517432018902122,sl,0.1,0.7000000000000001,-221.8737399999947,-1.0,93.0991150894788
2026-01-30,1,2026-01-30 17:40:00,2026-01-30 17:43:20,1,4889.664,4867.660512,4867.660512,5141.85982389937,5141.85982389937,-4.9056242787280375,sl,0.1,0.7000000000000001,-220.73487999999378,-1.0,-127.63576491051572
2026-01-30,1,2026-01-30 17:50:00,2026-01-30 17:52:45,1,4857.373,4835.5148215,4835.5148215,5139.270763239874,5139.270763239874,-5.489013446375353,sl,0.1,0.7000000000000001,-219.28178499999666,-1.0,-346.9175499105131
2026-01-30,1,2026-01-30 18:00:00,2026-01-30 18:09:05,2,4849.984,4828.159072,4828.159072,5136.410018518517,5136.410018518517,-5.5760641671111255,sl,0.1,0.7000000000000001,-218.94928,-1.0,-565.8668299105138
2026-01-30,1,2026-01-30 18:15:00,2026-01-30 18:16:25,1,4808.665,4787.026007500001,4787.026007500001,5132.3375456621,5132.3375456621,-6.305977398849115,sl,0.1,0.7000000000000001,-217.08992499999403,-1.0,-782.9567549105086
2026-01-30,1,2026-01-30 18:25:00,2026-01-30 18:29:00,1,4717.492,4696.263286,4696.263286,5128.905168174962,5128.905168174962,-8.02342126987293,sl,0.1,0.7000000000000001,-212.98713999999853,-1.0,-995.9438949105079
2026-01-30,1,2026-01-30 18:35:00,2026-01-30 18:36:30,1,4752.06,4730.675730000001,4730.675730000001,5125.421308669655,5125.421308669655,-7.280685551418864,sl,0.1,0.7000000000000001,-214.5426999999956,-1.0,-1210.4865949105042
2026-01-30,1,2026-01-30 18:45:00,2026-01-30 21:57:55,39,4780.471,4891.558,4758.958880499999,5121.942448888888,5121.942448888888,-6.665068034158499,session_end,0.1,0.7000000000000001,1110.1700000000044,5.1639263160470845,-100.3165949105005
2026-02-02,1,2026-02-02 00:45:00,2026-02-02 00:47:55,1,4804.385,4782.765267500001,4782.765267500001,4827.931574074074,4827.931574074074,-0.48544751959474647,sl,0.1,0.7000000000000001,-216.8973249999937,-1.0,-317.21391991049495
2026-02-02,1,2026-02-02 00:55:00,2026-02-02 00:56:20,1,4791.61,4770.047755,4770.047755,4821.493136363636,4821.493136363636,-0.6183901028245199,sl,0.1,0.7000000000000001,-216.32245000000074,-1.0,-533.5363699104964
2026-02-02,1,2026-02-02 01:05:00,2026-02-02 01:06:35,1,4756.314,4734.910587,4734.910587,4812.948423076923,4812.948423076923,-1.1784236624057567,sl,0.1,0.7000000000000001,-214.73413,-1.0,-748.2704999104972
2026-02-02,1,2026-02-02 01:15:00,2026-02-02 02:32:00,16,4643.657,4753.412733333333,4622.7605435000005,4792.548788888888,4792.548788888888,-3.1099795840251296,tp,0.1,0.7000000000000001,1096.857333333325,5.252361008352507,348.5868334228271
2026-02-02,1,2026-02-02 02:50:00,2026-02-02 02:57:45,2,4729.332,4708.050006,4708.050006,4753.32662745098,4753.32662745098,-0.506300730776523,sl,0.1,0.7000000000000001,-213.5199399999994,-1.0,135.06689342282698
2026-02-02,1,2026-02-02 03:05:00,2026-02-02 03:15:25,3,4706.746,4685.565643,4685.565643,4750.569193693694,4750.569193693694,-0.9257563020463839,sl,0.1,0.7000000000000001,-212.50357000000184,-1.0,-77.4366765771756
2026-02-02,1,2026-02-02 03:25:00,2026-02-02 03:28:20,1,4715.834,4694.612747,4694.612747,4746.517126016261,4746.517126016261,-0.6477302240783115,sl,0.1,0.7000000000000001,-212.91252999999705,-1.0,-290.3492065771734
2026-02-02,1,2026-02-02 03:35:00,2026-02-02 03:36:20,1,4673.216,4652.186528,4652.186528,4743.999081395349,4743.999081395349,-1.4917494750975862,sl,0.1,0.7000000000000001,-210.99472000000168,-1.0,-501.3439265771758
2026-02-02,1,2026-02-02 03:45:00,2026-02-02 03:58:30,3,4665.346,4644.351943,4644.351943,4740.188862962963,4740.188862962963,-1.5777085075090422,sl,0.1,0.7000000000000001,-210.64056999999883,-1.0,-711.9844965771754
2026-02-02,1,2026-02-02 04:05:00,2026-02-02 05:44:15,20,4610.32,4589.57356,4589.57356,4733.349969387756,4733.349969387756,-2.598740219575747,sl,0.1,0.7000000000000001,-208.16439999999892,-1.0,-920.148896577175
2026-02-02,1,2026-02-02 05:50:00,2026-02-02 05:51:50,1,4553.593,4533.1018315,4533.1018315,4711.348885714286,4711.348885714286,-3.3421720516546545,sl,0.1,0.7000000000000001,-205.6116849999973,-1.0,-1125.760581577173
2026-02-02,1,2026-02-02 06:00:00,2026-02-02 06:07:35,2,4549.439,4528.966524500001,4528.966524500001,4706.608694444445,4706.608694444445,-3.338841289906607,sl,0.1,0.7000000000000001,-205.42475499999745,-1.0,-1331.1853365771713
2026-02-02,1,2026-02-02 06:15:00,2026-02-02 06:17:30,1,4535.669,4515.2584895,4515.2584895,4700.3247666666675,4700.3247666666675,-3.504359269699553,sl,0.1,0.7000000000000001,-204.80510499999872,-1.0,-1535.9904415771707
2026-02-02,1,2026-02-02 06:25:00,2026-02-02 06:27:25,1,4460.281,4440.2097355000005,4440.2097355000005,4695.246781385282,4695.246781385282,-4.974185431769261,sl,0.1,0.7000000000000001,-201.41264499999414,-1.0,-1737.4030865771656
2026-02-02,1,2026-02-02 06:35:00,2026-02-02 06:37:10,1,4468.978,4448.867599,4448.867599,4689.672242616034,4689.672242616034,-4.705525913105949,sl,0.1,0.7000000000000001,-201.8040099999991,-1.0,-1939.2070965771654
2026-02-02,1,2026-02-02 06:45:00,2026-02-02 06:49:20,1,4453.042,4433.003311,4433.003311,4683.327545267491,4683.327545267491,-4.919345124606946,sl,0.1,0.7000000000000001,-201.08688999999976,-1.0,-2140.293986577166
2026-02-02,1,2026-02-02 06:55:00,2026-02-02 09:12:00,28,4485.193,4656.9289333333345,4465.0096315,4677.871102409638,4677.871102409638,-4.121781002266565,tp,0.1,0.7000000000000001,1716.6593333333428,8.508784514008802,-423.6346532438238
2026-02-02,1,2026-02-02 09:20:00,2026-02-02 09:25:55,2,4642.158,4656.553547197641,4621.268289000001,4656.680636904763,4656.680636904763,-0.31164123194862076,tp,0.1,0.7000000000000001,143.25547197640554,0.6891214147309499,-280.37918126741897
2026-02-02,-1,2026-02-02 09:35:00,2026-02-02 09:41:00,2,4690.46,4711.56707,4711.56707,4657.061073913044,4657.061073913044,0.7171352395190643,sl,0.1,0.7000000000000001,-211.7707000000002,-1.0,-492.1498812674199
2026-02-02,-1,2026-02-02 09:50:00,2026-02-02 10:37:40,10,4717.151,4661.688712598427,4738.3781794999995,4658.138251412431,4658.138251412431,1.2667345922950632,tp,0.1,0.7000000000000001,553.9228740157312,2.6127958922462553,61.77299274831057
2026-02-02,-1,2026-02-02 10:55:00,2026-02-02 11:00:10,2,4694.333,4715.457498499999,4715.457498499999,4662.223131043259,4662.223131043259,0.6828366652974285,sl,0.1,0.7000000000000001,-211.9449849999939,-1.0,-150.17199225168406
2026-02-02,-1,2026-02-02 11:10:00,2026-02-02 11:14:20,1,4723.881,4745.1384645,4745.1384645,4663.345131840799,4663.345131840799,1.2977244113028559,sl,0.1,0.7000000000000001,-213.27464499999513,-1.0,-363.44663725167993
2026-02-02,-1,2026-02-02 11:20:00,2026-02-02 11:40:15,5,4754.135,4775.5286075,4775.5286075,4664.542401960787,4664.542401960787,1.9225057960994532,sl,0.1,0.7000000000000001,-214.63607500000143,-1.0,-578.0827122516821
2026-02-02,-1,2026-02-02 11:50:00,2026-02-02 12:45:00,12,4776.571,4798.0655695,4798.0655695,4668.693399061036,4668.693399061036,2.309492008206173,sl,0.1,0.7000000000000001,-215.6456949999967,-1.0,-793.7284072516795
2026-02-02,-1,2026-02-02 12:55:00,2026-02-02 13:40:45,10,4785.15,4681.675985772362,4806.683174999999,4677.625439784949,4677.625439784949,2.2964228666412714,tp,0.1,0.7000000000000001,1034.0401422763778,4.805330111683012,240.31173502469755
2026-02-02,-1,2026-02-02 13:50:00,2026-02-02 13:53:40,1,4698.508,4719.651285999999,4719.651285999999,4681.777427710847,4681.777427710847,0.3545677372636166,sl,0.1,0.7000000000000001,-212.13285999999533,-1.0,28.178875024701483
2026-02-02,-1,2026-02-02 14:00:00,2026-02-02 14:00:50,1,4706.301,4727.4793545,4727.4793545,4682.118577380957,4682.118577380957,0.515320622924934,sl,0.1,0.7000000000000001,-212.4835449999984,-1.0,-184.30466997529766
2026-02-02,-1,2026-02-02 14:10:00,2026-02-02 14:13:20,1,4715.13,4736.348085,4736.348085,4682.490754901965,4682.490754901965,0.6965255631074305,sl,0.1,0.7000000000000001,-212.88084999999518,-1.0,-397.1855199752936
2026-02-02,-1,2026-02-02 14:25:00,2026-02-02 14:28:30,1,4701.391,4722.547259499999,4722.547259499999,4682.944945086709,4682.944945086709,0.3932473076074165,sl,0.1,0.7000000000000001,-212.26259499999577,-1.0,-609.4481149752901
2026-02-02,-1,2026-02-02 14:35:00,2026-02-02 14:38:05,1,4759.979,4781.3989055,4781.3989055,4683.4753800000035,4683.4753800000035,1.6318890097378285,sl,0.1,0.7000000000000001,-214.89905499999912,-1.0,-824.34716997529
2026-02-02,-1,2026-02-02 14:45:00,2026-02-02 15:24:20,8,4754.278,4685.918217391309,4775.672251,4684.458910546143,4684.458910546143,1.4914975408699005,tp,0.1,0.7000000000000001,682.897826086916,3.1952407498954987,-141.44934388837464
2026-02-02,-1,2026-02-02 15:40:00,2026-02-02 15:42:40,1,4703.493,4685.984911347522,4724.6587185,4685.984911347522,4685.984911347522,0.37244227163888216,tp,0.1,0.7000000000000001,174.38088652478365,0.8271908488473383,32.93154263640827
2026-02-02,1,2026-02-02 15:50:00,2026-02-02 15:53:15,1,4659.157,4638.190793500001,4638.190793500001,4685.843577192986,4685.843577192986,-0.5709554054088375,sl,0.1,0.7000000000000001,-210.36206499999315,-1.0,-177.43052236358562
2026-02-02,1,2026-02-02 16:00:00,2026-02-02 16:01:55,1,4620.151,4599.3603205,4599.3603205,4685.326107638893,4685.326107638893,-1.3930643489783612,sl,0.1,0.7000000000000001,-208.60679499999895,-1.0,-386.0373173635853
2026-02-02,1,2026-02-02 16:35:00,2026-02-02 16:40:10,2,4657.947,4684.803923333337,4636.986238500001,4684.872324120607,4684.872324120607,-0.5727759961023805,tp,0.1,0.7000000000000001,267.86923333336455,1.2812952112134404,-118.16808403022151
2026-02-02,1,2026-02-02 16:50:00,2026-02-02 17:06:10,4,4657.396,4684.375734146345,4636.437718,4684.63770957096,4684.63770957096,-0.5842332164778407,tp,0.1,0.7000000000000001,269.09734146345437,1.2873065715188845,150.92925743323212
2026-02-02,-1,2026-02-02 17:15:00,2026-02-02 17:17:10,1,4707.715,4684.549227858296,4728.8997174999995,4684.549227858296,4684.549227858296,0.49416221317601305,tp,0.1,0.7000000000000001,230.9577214170411,1.0935133849061154,381.8869788502725
2026-02-02,1,2026-02-02 17:30:00,2026-02-02 17:33:25,1,4667.64,4684.441580952384,4646.635620000001,4684.441580952384,4684.441580952384,-0.35874245973555774,tp,0.1,0.7000000000000001,167.3158095238403,0.799908445399698,549.2027883741121
2026-02-02,1,2026-02-02 17:40:00,2026-02-02 17:52:50,3,4667.65,4684.213015576327,4646.645575,4684.316441823902,4684.316441823902,-0.35091441895631303,tp,0.1,0.7000000000000001,164.93015576327417,0.7885488689324917,714.1329441373855
2026-02-02,1,2026-02-02 18:05:00,2026-02-02 18:16:00,3,4652.348,4631.412434,4631.412434,4684.035622887867,4684.035622887867,-0.6791392177383645,sl,0.1,0.7000000000000001,-210.05566000000107,-1.0,504.0772841373837
2026-02-02,1,2026-02-02 18:25:00,2026-02-02 19:40:30,16,4640.312,4681.241053672319,4619.430596,4683.282178733035,4683.282178733035,-0.916359021199205,tp,0.1,0.7000000000000001,408.59053672319243,1.960071921999102,912.6678208605754
2026-02-02,-1,2026-02-02 19:50:00,2026-02-02 19:55:25,2,4705.929,4681.41367433752,4727.1056805,4681.350470588238,4681.350470588238,0.5239092771595166,tp,0.1,0.7000000000000001,244.45325662479883,1.1576566810119355,1157.1210774853735
2026-02-02,1,2026-02-02 20:25:00,2026-02-02 20:41:40,4,4656.942,4681.243297043013,4635.985761,4681.41819931973,4681.41819931973,-0.5207972943599085,tp,0.1,0.7000000000000001,242.3129704301271,1.1596211058202093,1399.4340479154998
2026-02-02,1,2026-02-02 20:50:00,2026-02-02 20:55:00,2,4666.961,4681.139225099603,4645.9596755,4681.194896000002,4681.194896000002,-0.3059987101208228,tp,0.1,0.7000000000000001,141.0822509960297,0.6751109959566104,1540.5162989115288
2026-02-02,1,2026-02-02 21:05:00,2026-02-02 21:26:55,5,4656.166,4680.764741245138,4635.213253000001,4680.957088932808,4680.957088932808,-0.5315705412390579,tp,0.1,0.7000000000000001,245.28741245137718,1.1740103216603754,1785.8037113629052
2026-02-02,1,2026-02-02 21:50:00,2026-02-02 23:01:30,3,4664.993,4680.491256313132,4644.000531500001,4680.649380407125,4680.649380407125,-0.32958846419262117,tp,0.1,0.7000000000000001,154.28256313131607,0.7382769831538334,1940.0862744942215
2026-02-03,-1,2026-02-03 00:35:00,2026-02-03 00:48:45,3,4825.911,4806.151462962963,4847.6275995,4801.569928571428,4801.569928571428,0.5067003457306718,tp,0.1,0.7000000000000001,196.89537037037263,0.9098817260518918,2136.9816448645943
2026-02-03,1,2026-02-03 01:00:00,2026-02-03 01:02:45,1,4780.449,4804.374027777777,4758.9369795,4804.374027777777,4804.374027777777,-0.4960589587734731,tp,0.1,0.7000000000000001,238.5502777777736,1.1121701830740653,2375.531922642368
2026-02-03,-1,2026-02-03 01:15:00,2026-02-03 01:24:05,2,4829.809,4851.5431405,4851.5431405,4805.132477777777,4805.132477777777,0.5174055520259321,sl,0.1,0.7000000000000001,-218.04140499999738,-1.0,2157.490517642371
2026-02-03,-1,2026-02-03 01:30:00,2026-02-03 02:04:35,7,4853.838,4818.382972222222,4875.680270999999,4811.668314814814,4811.668314814814,0.8734846717464096,tp,0.1,0.7000000000000001,353.85027777778015,1.6232299186187544,2511.340795420151
2026-02-03,1,2026-02-03 02:15:00,2026-02-03 02:18:05,1,4801.261,4779.655325500001,4779.655325500001,4817.6472901234565,4817.6472901234565,-0.34068060891679436,sl,0.1,0.7000000000000001,-216.75674499999622,-1.0,2294.584050420155
2026-02-03,1,2026-02-03 02:25:00,2026-02-03 02:26:35,1,4791.667,4770.104498500001,4770.104498500001,4815.499097701149,4815.499097701149,-0.4935438096644049,sl,0.1,0.7000000000000001,-216.32501499999597,-1.0,2078.2590354201593
2026-02-03,1,2026-02-03 02:35:00,2026-02-03 02:45:00,3,4774.588,4753.102354,4753.102354,4812.747424731182,4812.747424731182,-0.7997287481449733,sl,0.1,0.7000000000000001,-215.55646000000087,-1.0,1862.7025754201586
2026-02-03,1,2026-02-03 02:55:00,2026-02-03 03:38:45,9,4770.673,4801.347678294574,4749.2049715,4807.389919047619,4807.389919047619,-0.7630007065223732,tp,0.1,0.7000000000000001,306.04678294573824,1.4288539953528825,2168.749358365897
2026-02-03,-1,2026-02-03 04:05:00,2026-02-03 04:24:20,4,4816.955,4802.429916666667,4838.6312975,4801.567132653062,4801.567132653062,0.3196741172804621,tp,0.1,0.7000000000000001,144.55083333332988,0.6700906062639567,2313.300191699227
2026-02-03,-1,2026-02-03 04:40:00,2026-02-03 06:14:00,19,4822.408,4844.108836,4844.108836,4803.061398809523,4803.061398809523,0.402037358824157,sl,0.1,0.7000000000000001,-217.7083599999998,-1.0,2095.5918316992274
2026-02-03,-1,2026-02-03 06:20:00,2026-02-03 06:35:20,4,4857.149,4879.0061705,4879.0061705,4808.809745614034,4808.809745614034,1.0077078726219904,sl,0.1,0.7000000000000001,-219.27170499999482,-1.0,1876.3201266992328
2026-02-03,-1,2026-02-03 06:45:00,2026-02-03 07:32:20,10,4891.422,4913.433399,4913.433399,4812.715306584361,4812.715306584361,1.634569850994768,sl,0.1,0.7000000000000001,-220.81398999999982,-1.0,1655.5061366992322
2026-02-03,-1,2026-02-03 07:40:00,2026-02-03 16:16:20,104,4931.265,4953.4556925,4953.4556925,4822.0558550724645,4822.0558550724645,2.2681953136748154,sl,0.1,0.7000000000000001,-222.60692499999385,-1.0,1432.8992116992376
2026-02-03,-1,2026-02-03 16:25:00,2026-02-03 16:38:35,3,4969.941,4992.3057345,4992.3057345,4874.594792724195,4874.594792724195,1.9552949799656736,sl,0.1,0.7000000000000001,-224.3473449999994,-1.0,1208.5518666992375
2026-02-03,-1,2026-02-03 16:45:00,2026-02-03 19:06:20,29,4981.085,4883.731772197962,5003.499882499999,4876.684788557212,4876.684788557212,2.136671036997967,tp,0.1,0.7000000000000001,972.8322780203841,4.3432406037391225,2181.384144719622
2026-02-03,-1,2026-02-03 19:15:00,2026-02-03 19:38:00,5,4916.063,4938.1852835,4938.1852835,4883.8313282828285,4883.8313282828285,0.6584619647066742,sl,0.1,0.7000000000000001,-221.92283499999866,-1.0,1959.4613097196234
2026-02-03,-1,2026-02-03 19:45:00,2026-02-03 21:11:40,18,4940.589,4962.8216505,4962.8216505,4884.991893811533,4884.991893811533,1.1405874850898203,sl,0.1,0.7000000000000001,-223.0265050000009,-1.0,1736.4348047196218
2026-02-03,-1,2026-02-03 21:20:00,2026-02-03 23:02:05,9,4944.93,4967.182185,4967.182185,4888.868919270834,4888.868919270834,1.1436097316658025,sl,0.1,0.7000000000000001,-223.2218499999937,-1.0,1513.2129547196273
2026-02-04,-1,2026-02-04 00:50:00,2026-02-04 01:00:10,3,5003.209,4986.127,5025.7234405,4981.948466666667,4981.948466666667,0.4269019134909639,tp,0.1,0.7000000000000001,170.11999999999426,0.758713057959373,1683.3329547196208
2026-02-04,-1,2026-02-04 01:10:00,2026-02-04 02:02:00,11,5031.573,5054.2150785,5054.2150785,4990.5600476190475,4990.5600476190475,0.8200372701752716,sl,0.1,0.7000000000000001,-227.12078500000024,-1.0,1456.2121697196199
2026-02-04,-1,2026-02-04 02:10:00,2026-02-04 05:18:00,38,5061.61,5084.387244999999,5084.387244999999,5014.354128205128,5014.354128205128,0.9445557809421397,sl,0.1,0.7000000000000001,-228.4724499999931,-1.0,1227.739719719626
2026-02-04,-1,2026-02-04 05:25:00,2026-02-04 09:23:10,48,5080.067,5057.017556547619,5102.9273015,5043.527946153846,5043.527946153846,0.7251383205687334,tp,0.1,0.7000000000000001,229.7944345238073,1.0082738170527126,1457.5341542434326
2026-02-04,1,2026-02-04 11:20:00,2026-02-04 12:01:05,9,5030.017,5055.08307175926,5007.3819235,5056.241487745099,5056.241487745099,-0.5198127464600162,tp,0.1,0.7000000000000001,249.96071759260013,1.1073994717561613,1707.494871836032
2026-02-04,1,2026-02-04 13:10:00,2026-02-04 13:26:00,4,5029.812,5054.051270186335,5007.1778460000005,5054.37937763713,5054.37937763713,-0.48557648335065134,tp,0.1,0.7000000000000001,241.6927018633549,1.070915669582178,1949.187573699387
2026-02-04,1,2026-02-04 13:45:00,2026-02-04 13:50:40,2,5037.258,5053.872355421688,5014.590339,5053.922166666667,5053.922166666667,-0.33723642954136906,tp,0.1,0.7000000000000001,165.44355421687834,0.7329541156314364,2114.6311279162655
2026-02-04,1,2026-02-04 14:10:00,2026-02-04 14:32:45,5,5037.068,5014.401194,5014.401194,5053.833843137256,5053.833843137256,-0.3330410864241426,sl,0.1,0.7000000000000001,-227.36806000000178,-1.0,1887.263067916264
2026-02-04,1,2026-02-04 14:40:00,2026-02-04 15:22:40,9,4982.321,4959.9005555,4959.9005555,5052.970051136365,5052.970051136365,-1.3971100248355748,sl,0.1,0.7000000000000001,-224.90444499999575,-1.0,1662.3586229162684
2026-02-04,1,2026-02-04 15:30:00,2026-02-04 15:31:25,1,4958.286,4935.973713,4935.973713,5049.388560931901,5049.388560931901,-1.8070318778371306,sl,0.1,0.7000000000000001,-223.8228699999974,-1.0,1438.5357529162702
2026-02-04,1,2026-02-04 15:40:00,2026-02-04 16:21:35,9,4913.134,4891.024897,4891.024897,5048.023640070924,5048.023640070924,-2.671127349733049,sl,0.1,0.7000000000000001,-221.79102999999776,-1.0,1216.7447229162717
2026-02-04,1,2026-02-04 16:30:00,2026-02-04 16:41:35,3,4924.448,4902.2879840000005,4902.2879840000005,5041.72483838384,5041.72483838384,-2.328594720006041,sl,0.1,0.7000000000000001,-222.30015999999813,-1.0,994.4445629162728
2026-02-04,1,2026-02-04 16:50:00,2026-02-04 23:16:30,66,4871.257,5013.015637328339,4849.3363435,5038.997869636965,5038.997869636965,-3.331165719446099,tp,0.1,0.7000000000000001,1416.8863732833931,6.466897436595596,2411.330936199666
2026-02-05,1,2026-02-05 01:15:00,2026-02-05 01:19:30,1,4967.487,4945.133308500001,4945.133308500001,5008.580166666667,5008.580166666667,-0.822162475120611,sl,0.1,0.7000000000000001,-224.23691499999512,-1.0,2187.0940211996713
2026-02-05,1,2026-02-05 01:25:00,2026-02-05 02:12:15,10,4947.684,4925.419422000001,4925.419422000001,5001.899088235295,5001.899088235295,-1.0843399132714175,sl,0.1,0.7000000000000001,-223.34577999999345,-1.0,1963.748241199678
2026-02-05,1,2026-02-05 02:20:00,2026-02-05 02:45:05,6,4909.429,4887.3365695,4887.3365695,4983.87194047619,4983.87194047619,-1.4986629144618977,sl,0.1,0.7000000000000001,-221.62430499999863,-1.0,1742.1239361996795
2026-02-05,1,2026-02-05 02:55:00,2026-02-05 02:59:00,1,4845.742,4823.9361610000005,4823.9361610000005,4967.150242857144,4967.150242857144,-2.441958405256012,sl,0.1,0.7000000000000001,-218.7583899999965,-1.0,1523.3655461996823
2026-02-05,1,2026-02-05 03:05:00,2026-02-05 06:09:25,37,4837.044,4915.386700913242,4815.277302,4959.415076576577,4959.415076576577,-2.4703634336884055,tp,0.1,0.7000000000000001,782.7270091324197,3.599200067609885,2306.092555332102
2026-02-05,-1,2026-02-05 07:30:00,2026-02-05 07:34:00,1,4932.609,4916.34881111111,4954.8057405,4916.34881111111,4916.34881111111,0.3315608699701974,tp,0.1,0.7000000000000001,161.901888888903,0.7325484968791074,2467.9944442210053
2026-02-05,-1,2026-02-05 08:15:00,2026-02-05 08:45:50,7,4940.67,4917.1096746031735,4962.903015,4916.456139730639,4916.456139730639,0.5020356038549646,tp,0.1,0.7000000000000001,234.90325396826557,1.0596999730727827,2702.897698189271
2026-02-05,1,2026-02-05 09:05:00,2026-02-05 09:20:55,4,4884.295,4862.3156725,4862.3156725,4916.7260107033635,4916.7260107033635,-0.6585176931331926,sl,0.1,0.7000000000000001,-220.4932750000018,-1.0,2482.4044231892694
2026-02-05,1,2026-02-05 09:30:00,2026-02-05 09:56:10,6,4874.044,4852.110802,4852.110802,4914.807532163743,4914.807532163743,-0.8382430419529676,sl,0.1,0.7000000000000001,-220.0319799999972,-1.0,2262.3724431892724
2026-02-05,1,2026-02-05 10:05:00,2026-02-05 12:11:25,26,4860.785,4838.9114675,4838.9114675,4912.549207988982,4912.549207988982,-1.0571844838627547,sl,0.1,0.7000000000000001,-219.43532499999782,-1.0,2042.9371181892748
2026-02-05,1,2026-02-05 12:20:00,2026-02-05 16:50:00,55,4820.613,4887.228001650167,4798.920241500001,4904.954324324327,4904.954324324327,-1.7198901100052257,tp,0.1,0.7000000000000001,665.4500165016696,3.070840513444558,2708.3871346909445
2026-02-05,1,2026-02-05 17:05:00,2026-02-05 19:05:10,25,4871.658,4849.735539,4849.735539,4887.25769674797,4887.25769674797,-0.3178714467687544,sl,0.1,0.7000000000000001,-219.9246100000011,-1.0,2488.4625246909436
2026-02-05,1,2026-02-05 19:15:00,2026-02-05 19:34:05,4,4851.339,4829.5079745,4829.5079745,4884.938482683983,4884.938482683983,-0.6881557015128067,sl,0.1,0.7000000000000001,-219.01025499999668,-1.0,2269.452269690947
2026-02-05,1,2026-02-05 19:40:00,2026-02-05 20:23:30,9,4833.062,4811.313221,4811.313221,4884.121785310736,4884.121785310736,-1.0468880089050332,sl,0.1,0.7000000000000001,-218.18778999999557,-1.0,2051.2644796909517
2026-02-05,1,2026-02-05 20:30:00,2026-02-05 20:48:30,4,4825.785,4804.0689675,4804.0689675,4881.898852303526,4881.898852303526,-1.157405223110353,sl,0.1,0.7000000000000001,-217.86032499999527,-1.0,1833.4041546909566
2026-02-05,1,2026-02-05 20:55:00,2026-02-05 21:34:25,8,4801.336,4779.729988,4779.729988,4880.506740371848,4880.506740371848,-1.6243034707049215,sl,0.1,0.7000000000000001,-216.7601200000019,-1.0,1616.6440346909549
2026-02-05,1,2026-02-05 21:40:00,2026-02-05 23:38:10,12,4766.319,4744.870564500001,4744.870564500001,4877.752741025642,4877.752741025642,-2.2865292061153224,sl,0.1,0.7000000000000001,-215.18435499999504,-1.0,1401.459679690959
2026-02-06,-1,2026-02-06 00:35:00,2026-02-06 00:42:00,2,4734.393,4755.6977685,4755.6977685,4697.275476190477,4697.275476190477,0.7916509048279294,sl,0.1,0.7000000000000001,-213.74768500000135,-1.0,1187.711994690957
2026-02-06,-1,2026-02-06 00:50:00,2026-02-06 01:01:55,3,4755.914,4719.204347222222,4777.315613,4712.736916666667,4712.736916666667,0.9227033908799156,tp,0.1,0.7000000000000001,366.39652777777593,1.715275048557209,1554.1085224687322
2026-02-06,-1,2026-02-06 01:10:00,2026-02-06 01:15:30,2,4737.551,4758.8699795,4758.8699795,4721.981321428572,4721.981321428572,0.32893350299676044,sl,0.1,0.7000000000000001,-213.8897949999984,-1.0,1340.218727468733
2026-02-06,-1,2026-02-06 01:35:00,2026-02-06 01:54:00,4,4741.026,4762.360616999999,4762.360616999999,4723.596771929825,4723.596771929825,0.36761664698741825,sl,0.1,0.7000000000000001,-214.04616999999524,-1.0,1126.172557468737
2026-02-06,-1,2026-02-06 02:00:00,2026-02-06 02:12:30,3,4774.31,4795.794395,4795.794395,4729.6052430555565,4729.6052430555565,0.9440799950483003,sl,0.1,0.7000000000000001,-215.54394999999494,-1.0,910.6286074687414
2026-02-06,-1,2026-02-06 02:20:00,2026-02-06 02:29:50,2,4799.952,4821.551784,4821.551784,4737.438041666667,4737.438041666667,1.3212934455879608,sl,0.1,0.7000000000000001,-216.69783999999999,-1.0,693.9307674687407
2026-02-06,-1,2026-02-06 02:35:00,2026-02-06 05:38:05,37,4835.931,4857.6926895,4857.6926895,4744.588989247312,4744.588989247312,1.9280597531209969,sl,0.1,0.7000000000000001,-218.316895000001,-1.0,475.6138724687389
2026-02-06,-1,2026-02-06 05:45:00,2026-02-06 05:54:50,2,4865.913,4887.8096085,4887.8096085,4788.731198067632,4788.731198067632,1.6144005318896155,sl,0.1,0.7000000000000001,-219.66608500000183,-1.0,255.94778746873635
2026-02-06,-1,2026-02-06 06:00:00,2026-02-06 13:01:35,85,4897.588,4919.627146,4919.627146,4792.6123310185185,4792.6123310185185,2.1930246329593155,sl,0.1,0.7000000000000001,-221.09146000000072,-1.0,34.85632746873489
2026-02-06,-1,2026-02-06 13:10:00,2026-02-06 13:38:55,6,4914.398,4936.512791,4936.512791,4833.802036919829,4833.802036919829,1.6658411425446238,sl,0.1,0.7000000000000001,-221.84790999999967,-1.0,-186.99158253126552
2026-02-06,-1,2026-02-06 13:45:00,2026-02-06 15:00:05,16,4932.39,4954.585755,4954.585755,4837.491395959593,4837.491395959593,1.959013386970749,sl,0.1,0.7000000000000001,-222.65754999999734,-1.0,-409.6491325312636
2026-02-06,-1,2026-02-06 15:10:00,2026-02-06 21:57:55,82,4957.614,4968.557,4979.923263,4846.0608287545765,4846.0608287545765,2.3037406089290657,session_end,0.1,0.7000000000000001,-110.13000000000211,-0.4905137386205973,-519.7791325312664
2026-02-09,1,2026-02-09 00:50:00,2026-02-09 01:00:00,3,5013.635,5028.749277777778,4991.0736425000005,5030.413200000001,5030.413200000001,-0.3348174261311388,tp,0.1,0.7000000000000001,150.44277777777717,0.6699188104163447,-369.33635475349
2026-02-09,1,2026-02-09 01:35:00,2026-02-09 01:38:10,1,5002.83,4980.317265000001,4980.317265000001,5025.1506052631585,5025.1506052631585,-0.4420982973105472,sl,0.1,0.7000000000000001,-225.82734999999337,-1.0,-595.1637047534841
2026-02-09,1,2026-02-09 01:50:00,2026-02-09 02:00:25,3,4997.259,4974.7713345,4974.7713345,5021.212363636365,5021.212363636365,-0.47934367027914515,sl,0.1,0.7000000000000001,-225.5766549999982,-1.0,-820.7403597534831
2026-02-09,1,2026-02-09 02:10:00,2026-02-09 02:52:25,9,4989.939,5011.439137254903,4967.4842745000005,5015.844051282052,5015.844051282052,-0.5140421236872734,tp,0.1,0.7000000000000001,214.30137254902257,0.9574883137583882,-606.4389872044612
2026-02-09,-1,2026-02-09 05:30:00,2026-02-09 06:22:10,11,5030.555,5017.504754385966,5053.1924975,5014.899742424243,5014.899742424243,0.30987174966423053,tp,0.1,0.7000000000000001,129.80245614033885,0.5764879980233659,-476.6365310641231
2026-02-09,-1,2026-02-09 06:45:00,2026-02-09 07:09:40,5,5035.361,5018.73959019608,5058.0201245,5018.0907716049405,5018.0907716049405,0.34375082437065446,tp,0.1,0.7000000000000001,165.5140980391996,0.7335415719137776,-311.12243302492425
2026-02-09,1,2026-02-09 10:30:00,2026-02-09 11:54:15,17,4991.449,5015.813713615024,4968.9874795,5018.089753968255,5018.089753968255,-0.5345909555930257,tp,0.1,0.7000000000000001,242.94713615024813,1.0847312680824437,-68.17529687467686
2026-02-09,1,2026-02-09 13:45:00,2026-02-09 14:08:30,5,4998.934,5015.283239644971,4976.438797000001,5015.505342424244,5015.505342424244,-0.3348584295620801,tp,0.1,0.7000000000000001,162.79239644971022,0.7267878242739748,94.61709957503263
2026-02-09,-1,2026-02-09 14:35:00,2026-02-09 15:45:15,15,5035.349,5058.0080705,5058.0080705,5015.369406666668,5015.369406666668,0.40059049900941673,sl,0.1,0.7000000000000001,-227.2907049999987,-1.0,-132.6736054249668
2026-02-09,-1,2026-02-09 15:55:00,2026-02-09 16:45:50,11,5057.98,5080.7409099999995,5080.7409099999995,5017.44327835951,5017.44327835951,0.8070489170278989,sl,0.1,0.7000000000000001,-228.30909999999966,-1.0,-360.9827054249672
2026-02-09,-1,2026-02-09 16:55:00,2026-02-09 23:10:00,64,5073.853,5031.41428446115,5096.6853384999995,5020.541667487684,5020.541667487684,1.0634675708016492,tp,0.1,0.7000000000000001,423.68715538850375,1.8587108604250697,62.70444996353581
2026-02-10,1,2026-02-10 00:40:00,2026-02-10 01:08:40,6,5018.693,5030.075243589744,4996.1088815,5036.797458333333,5036.797458333333,-0.36493344204109246,tp,0.1,0.7000000000000001,113.12243589743666,0.5039932636619712,175.82688586097174
2026-02-10,-1,2026-02-10 02:10:00,2026-02-10 03:00:40,11,5045.048,5034.125712962963,5067.750716,5029.5873717948725,5029.5873717948725,0.3116384515562056,tp,0.1,0.7000000000000001,108.52287037036767,0.4811004567487376,284.3497562313387
2026-02-10,-1,2026-02-10 08:45:00,2026-02-10 12:43:25,48,5048.619,5036.989155701757,5071.337785499999,5031.621757142859,5031.621757142859,0.33869284456744875,tp,0.1,0.7000000000000001,115.5984429824246,0.5119043136457636,399.94819921376256
2026-02-10,-1,2026-02-10 13:35:00,2026-02-10 14:31:15,12,5053.206,5075.945427,5075.945427,5036.905457055217,5036.905457055217,0.32275854854515806,sl,0.1,0.7000000000000001,-228.09426999999522,-1.0,171.8539292137666
2026-02-10,-1,2026-02-10 14:40:00,2026-02-10 14:47:35,2,5062.754,5038.6624114877595,5085.536392999999,5038.5531609848495,5038.5531609848495,0.4796086940646086,tp,0.1,0.7000000000000001,240.2158851224038,1.0574652325697702,412.06981433616966
2026-02-10,1,2026-02-10 15:40:00,2026-02-10 17:26:45,22,5007.681,5036.698037480064,4985.1464355,5038.511744680853,5038.511744680853,-0.6116338760822925,tp,0.1,0.7000000000000001,289.47037480064574,1.287667994651722,701.5401891368147
2026-02-10,1,2026-02-10 18:10:00,2026-02-10 20:43:25,31,5021.145,5034.4283655914,4998.5498475,5036.447264525995,5036.447264525995,-0.3031256702224447,tp,0.1,0.7000000000000001,132.13365591399162,0.5878856357087715,833.6738450508055
2026-02-11,-1,2026-02-11 10:15:00,2026-02-11 10:44:15,6,5068.966,5091.776347,5091.776347,5052.027857723578,5052.027857723578,0.3345318504248646,sl,0.1,0.7000000000000001,-228.80346999999637,-1.0,604.8703750508084
2026-02-11,-1,2026-02-11 10:50:00,2026-02-11 12:41:20,23,5099.129,5060.104131578947,5122.0750805,5053.455887179487,5053.455887179487,0.9104385958376704,tp,0.1,0.7000000000000001,389.54868421052817,1.7007204529354378,994.4190592613359
2026-02-11,-1,2026-02-11 12:55:00,2026-02-11 13:30:00,8,5078.438,5061.2056069958835,5101.290970999999,5060.325730107526,5060.325730107526,0.36420125650846774,tp,0.1,0.7000000000000001,171.62393004116603,0.754054823073862,1166.0429893025012
2026-02-11,-1,2026-02-11 14:20:00,2026-02-11 14:32:00,3,5079.32,5061.637775862067,5102.176939999999,5061.517393410852,5061.517393410852,0.35465859729174,tp,0.1,0.7000000000000001,176.12224137932282,0.773604171771573,1342.1652306818232
2026-02-11,1,2026-02-11 14:40:00,2026-02-11 14:55:00,4,5046.187,5061.405984171321,5023.4791585,5061.634623106059,5061.634623106059,-0.3080254555492116,tp,0.1,0.7000000000000001,151.489841713207,0.6702083142213647,1493.6550723950295
2026-02-11,-1,2026-02-11 15:10:00,2026-02-11 15:18:15,2,5079.691,5061.536175774134,5102.5496095,5061.479450549449,5061.479450549449,0.36278028252308614,tp,0.1,0.7000000000000001,180.84824225865924,0.7942225980922364,1674.503314653688
2026-02-11,-1,2026-02-11 17:10:00,2026-02-11 23:11:45,61,5080.318,5066.812630325812,5103.179431,5061.554614886731,5061.554614886731,0.37102998075008553,tp,0.1,0.7000000000000001,134.35369674187933,0.5907490950233304,1808.8570113955675
2026-02-12,-1,2026-02-12 05:10:00,2026-02-12 06:08:25,12,5077.401,5062.849938356166,5100.249304499999,5061.23594623656,5061.23594623656,0.3249908508152037,tp,0.1,0.7000000000000001,144.81061643834147,0.6368552048942868,1953.6676278339091
2026-02-12,-1,2026-02-12 09:55:00,2026-02-12 10:16:25,5,5079.294,5063.846760162601,5102.150823,5063.580455182072,5063.580455182072,0.307016842242893,tp,0.1,0.7000000000000001,153.7723983739914,0.6758262002290994,2107.4400262079007
2026-02-12,-1,2026-02-12 13:55:00,2026-02-12 14:14:40,4,5080.17,5064.028996078432,5103.0307649999995,5063.847597804391,5063.847597804391,0.3249486063274034,tp,0.1,0.7000000000000001,160.71003921567973,0.7060570335930737,2268.1500654235806
2026-02-12,1,2026-02-12 15:00:00,2026-02-12 15:12:05,3,5044.489,5063.649327838828,5021.7887995,5063.775051851852,5063.775051851852,-0.3820381366422941,tp,0.1,0.7000000000000001,190.9032783882838,0.844059850432987,2459.0533438118646
2026-02-12,1,2026-02-12 16:15:00,2026-02-12 16:17:35,1,4951.13,4928.849915000001,4928.849915000001,5063.400505128205,5063.400505128205,-2.2207803829525026,sl,0.1,0.7000000000000001,-223.50084999999416,-1.0,2235.5524938118706
2026-02-12,1,2026-02-12 16:25:00,2026-02-12 16:26:05,1,4923.628,4901.471674,4901.471674,5062.047043147208,5062.047043147208,-2.7342998191726258,sl,0.1,0.7000000000000001,-222.26325999999352,-1.0,2013.2892338118772
2026-02-12,1,2026-02-12 16:35:00,2026-02-12 18:18:45,21,4938.008,4915.786964,4915.786964,5060.5454262981575,5060.5454262981575,-2.4242826802940325,sl,0.1,0.7000000000000001,-222.91035999999912,-1.0,1790.3788738118783
2026-02-12,1,2026-02-12 18:25:00,2026-02-12 23:00:45,44,4917.789,4895.6589495,4895.6589495,5049.517957013573,5049.517957013573,-2.611208795295668,sl,0.1,0.7000000000000001,-222.00050499999924,-1.0,1568.3783688118783
2026-02-13,-1,2026-02-13 01:05:00,2026-02-13 01:23:25,4,4957.138,4979.445121,4979.445121,4938.108858974359,4938.108858974359,0.3880157682392897,sl,0.1,0.7000000000000001,-223.77120999999823,-1.0,1344.6071588118793
2026-02-13,-1,2026-02-13 01:30:00,2026-02-13 04:16:25,34,4969.764,4992.127938,4992.127938,4946.370814814814,4946.370814814814,0.4736136060608565,sl,0.1,0.7000000000000001,-224.33937999999506,-1.0,1120.2677788118835
2026-02-13,-1,2026-02-13 04:25:00,2026-02-13 05:19:05,11,4989.157,4970.73167989418,5011.6082065,4969.121783018868,4969.121783018868,0.40437159438915643,tp,0.1,0.7000000000000001,183.55320105819993,0.8206828486397858,1303.8209798700827
2026-02-13,1,2026-02-13 05:55:00,2026-02-13 06:59:45,13,4955.252,4968.46643574297,4932.953366000001,4970.7011807511735,4970.7011807511735,-0.3136917747450849,tp,0.1,0.7000000000000001,131.44435742969728,0.5926118946555141,1435.2653372997793
2026-02-13,-1,2026-02-13 08:10:00,2026-02-13 09:28:10,16,4986.063,4970.377033923302,5008.5002835,4968.828136054421,4968.828136054421,0.3450585022486611,tp,0.1,0.7000000000000001,156.15966076697697,0.6991027267939128,1591.4249980667555
2026-02-13,1,2026-02-13 11:00:00,2026-02-13 12:17:25,16,4950.332,4968.011851473923,4928.055506000001,4970.242611111112,4970.242611111112,-0.3988962443561721,tp,0.1,0.7000000000000001,176.0985147392301,0.7936550282070071,1767.5235128059849
2026-02-13,-1,2026-02-13 13:35:00,2026-02-13 14:41:40,14,4993.625,4970.057242424244,5016.0963125,4968.189178936607,4968.189178936607,0.5113597761353711,tp,0.1,0.7000000000000001,234.97757575756333,1.0487931034627596,2002.5010885635484
2026-02-13,-1,2026-02-13 14:50:00,2026-02-13 15:37:00,10,4998.385,5020.8777325,5020.8777325,4970.289668539327,4970.289668539327,0.5687360968033921,sl,0.1,0.7000000000000001,-225.62732499999873,-1.0,1776.8737635635498
2026-02-13,-1,2026-02-13 15:45:00,2026-02-13 16:28:05,9,5006.776,5029.306492,5029.306492,4972.222002645503,4972.222002645503,0.6941463461634041,sl,0.1,0.7000000000000001,-226.00491999999866,-1.0,1550.8688435635504
2026-02-13,-1,2026-02-13 16:35:00,2026-02-13 19:07:05,31,5019.166,5041.752247,5041.752247,4973.612541876048,4973.612541876048,0.9181245571398495,sl,0.1,0.7000000000000001,-226.56247000000184,-1.0,1324.3063735635478
2026-02-13,-1,2026-02-13 19:15:00,2026-02-13 21:57:55,33,5039.649,5042.883,5062.3274205,4980.424893939396,4980.424893939396,1.192741730387128,session_end,0.1,0.7000000000000001,-33.03999999999469,-0.14260252383976862,1291.2663735635524
2026-02-16,1,2026-02-16 02:45:00,2026-02-16 03:49:10,13,5002.881,4980.368035500001,4980.368035500001,5020.332186868687,5020.332186868687,-0.34971165682241356,sl,0.1,0.7000000000000001,-225.82964499999724,-1.0,1065.4367285635544
2026-02-16,1,2026-02-16 03:55:00,2026-02-16 05:03:15,14,4991.302,4968.841141,4968.841141,5012.4738049645375,5012.4738049645375,-0.42408810083921156,sl,0.1,0.7000000000000001,-225.308589999998,-1.0,840.1281385635557
2026-02-16,1,2026-02-16 05:10:00,2026-02-16 06:44:35,19,4983.414,5000.735079166667,4960.988637,5004.301112903226,5004.301112903226,-0.416653843020436,tp,0.1,0.7000000000000001,172.51079166667006,0.7723879059022359,1012.638930230225
2026-02-16,1,2026-02-16 14:55:00,2026-02-16 23:05:00,57,4986.374,4998.481219148938,4963.935317,5001.786235567971,5001.786235567971,-0.3143624062971445,tp,0.1,0.7000000000000001,120.37219148938384,0.539569062450711,1133.0111217196081
2026-02-17,1,2026-02-17 00:55:00,2026-02-17 01:03:15,2,4952.39,4930.104245,4930.104245,4975.072075757576,4975.072075757576,-0.4582159898478518,sl,0.1,0.7000000000000001,-223.5575499999988,-1.0,909.4535717196086
2026-02-17,1,2026-02-17 01:10:00,2026-02-17 01:44:05,7,4947.778,4963.129300000001,4925.5129990000005,4967.436547619049,4967.436547619049,-0.3932218848051677,tp,0.1,0.7000000000000001,152.81300000001175,0.6894812176294689,1062.2665717196196
2026-02-17,1,2026-02-17 05:10:00,2026-02-17 05:15:35,2,4944.624,4922.373192,4922.373192,4959.713150537634,4959.713150537634,-0.3040629584797517,sl,0.1,0.7000000000000001,-223.20807999999778,-1.0,839.0584917196211
2026-02-17,1,2026-02-17 05:25:00,2026-02-17 05:32:00,2,4897.758,4875.718089,4875.718089,4957.560325641026,4957.560325641026,-1.2073847156521815,sl,0.1,0.7000000000000001,-221.09910999999846,-1.0,617.9593817196219
2026-02-17,1,2026-02-17 05:40:00,2026-02-17 10:11:45,55,4884.068,4936.060185792349,4862.089694,4954.478573529412,4954.478573529412,-1.4234610662403633,tp,0.1,0.7000000000000001,519.2218579234911,2.365613882723681,1137.1812396431123
2026-02-17,1,2026-02-17 10:50:00,2026-02-17 12:05:35,16,4916.368,4934.391394252874,4894.244344000001,4935.553251282051,4935.553251282051,-0.38775290849267396,tp,0.1,0.7000000000000001,179.53394252873915,0.8146661769137123,1316.7151821718508
2026-02-17,1,2026-02-17 13:20:00,2026-02-17 13:57:25,8,4913.296,4891.186168,4891.186168,4934.314166666665,4934.314166666665,-0.4252195129447694,sl,0.1,0.7000000000000001,-221.79832000000096,-1.0,1094.916862171849
2026-02-17,1,2026-02-17 14:05:00,2026-02-17 15:00:45,12,4871.865,4849.9416075,4849.9416075,4932.9010838264285,4932.9010838264285,-1.2403164544902652,sl,0.1,0.7000000000000001,-219.93392499999862,-1.0,874.9829371718497
2026-02-17,1,2026-02-17 15:10:00,2026-02-17 23:59:55,94,4857.907,4859.622,4836.0464185,4929.23079120879,4929.23079120879,-1.449075813942034,session_end,0.1,0.7000000000000001,16.450000000001456,0.07845170998768441,891.4329371718504
2026-02-18,-1,2026-02-18 02:05:00,2026-02-18 03:21:40,16,4895.738,4917.768821,4917.768821,4879.719073333335,4879.719073333335,0.3253963276992244,sl,0.1,0.7000000000000001,-221.00820999999377,-1.0,670.4247271718559
2026-02-18,-1,2026-02-18 03:30:00,2026-02-18 07:14:30,45,4919.297,4941.433836499999,4941.433836499999,4890.689563492065,4890.689563492065,0.5838223043449133,sl,0.1,0.7000000000000001,-222.06836499999844,-1.0,448.35636217185674
2026-02-18,-1,2026-02-18 07:20:00,2026-02-18 09:04:45,21,4934.463,4914.886049382715,4956.6680835,4911.691742424243,4911.691742424243,0.4633995529312801,tp,0.1,0.7000000000000001,195.0695061728464,0.8816427381272688,643.4258683447024
2026-02-18,-1,2026-02-18 12:50:00,2026-02-18 13:01:15,3,4931.41,4953.601345,4953.601345,4915.94434848485,4915.94434848485,0.31007575421085304,sl,0.1,0.7000000000000001,-222.61345000000182,-1.0,420.81241834469984
2026-02-18,-1,2026-02-18 13:10:00,2026-02-18 14:32:30,17,4955.055,4977.3527475,4977.3527475,4916.648187763715,4916.648187763715,0.7830804801552463,sl,0.1,0.7000000000000001,-223.67747499999786,-1.0,197.13494334470124
2026-02-18,-1,2026-02-18 14:40:00,2026-02-18 15:03:55,5,4983.831,5006.2582395,5006.2582395,4920.960592803032,4920.960592803032,1.280012428652454,sl,0.1,0.7000000000000001,-224.97239499999813,-1.0,-27.837451655297627
2026-02-18,-1,2026-02-18 15:10:00,2026-02-18 23:59:55,94,4998.387,4976.432,5020.8797415,4923.296644688647,4923.296644688647,1.5282210425512854,session_end,0.1,0.7000000000000001,218.84999999999928,0.9760926652715828,191.01254834470092
2026-02-19,-1,2026-02-19 05:05:00,2026-02-19 06:41:35,20,4988.158,5010.604711,5010.604711,4972.534887978142,4972.534887978142,0.3105782537432625,sl,0.1,0.7000000000000001,-225.16710999999594,-1.0,-34.154561655295765
2026-02-19,-1,2026-02-19 06:50:00,2026-02-19 10:03:15,39,5015.735,4989.827605555557,5038.305807499999,4978.981837398374,4978.981837398374,0.7373929811483267,tp,0.1,0.7000000000000001,258.3739444444262,1.1478275398185642,224.21938278912967
2026-02-19,1,2026-02-19 14:15:00,2026-02-19 14:43:55,6,4972.933,4988.797607954546,4950.5548015,4989.126669590644,4989.126669590644,-0.32378752155374435,tp,0.1,0.7000000000000001,157.94607954546046,0.7089314161971675,382.1654623345894
2026-02-19,-1,2026-02-19 14:55:00,2026-02-19 16:58:00,25,5005.486,4991.04577914614,5028.010687,4988.919250465549,4988.919250465549,0.33448626238825835,tp,0.1,0.7000000000000001,143.70220853859502,0.6410841959250952,525.8676708731837
2026-02-20,-1,2026-02-20 01:15:00,2026-02-20 01:25:25,3,5013.534,4998.900029411765,5036.094902999999,4997.728611111112,4997.728611111112,0.3186625390878968,tp,0.1,0.7000000000000001,145.63970588234662,0.6486429460839809,671.5073767555295
2026-02-20,-1,2026-02-20 06:05:00,2026-02-20 09:06:50,37,5014.967,5037.5343514999995,5037.5343514999995,4998.182066210046,4998.182066210046,0.34169291081675296,sl,0.1,0.7000000000000001,-226.37351499999858,-1.0,445.13386175553023
2026-02-20,-1,2026-02-20 09:15:00,2026-02-20 12:30:05,40,5039.173,5011.78844888889,5061.8492785,5005.895133633635,5005.895133633635,0.6650032706977754,tp,0.1,0.7000000000000001,273.1455111110943,1.2076298635646645,718.2793728666238
2026-02-20,-1,2026-02-20 13:05:00,2026-02-20 14:32:25,18,5028.352,5050.979584,5050.979584,5012.286935244162,5012.286935244162,0.3227382024379199,sl,0.1,0.7000000000000001,-226.9758399999984,-1.0,491.30353286662466
2026-02-20,-1,2026-02-20 14:40:00,2026-02-20 15:05:55,6,5047.342,5015.926835174953,5070.055038999999,5014.9251875,5014.9251875,0.6551306604112838,tp,0.1,0.7000000000000001,313.45164825046305,1.3831334866746485,804.755181117087
2026-02-20,-1,2026-02-20 15:20:00,2026-02-20 15:27:45,2,5035.907,5016.102463963964,5058.5685815,5016.034224637681,5016.034224637681,0.39653388457004607,tp,0.1,0.7000000000000001,197.34536036036553,0.8739255923527199,1002.1005414774518
2026-02-20,-1,2026-02-20 15:40:00,2026-02-20 16:31:10,11,5036.549,5059.2134705,5059.2134705,5016.254804964539,5016.254804964539,0.40344232544630604,sl,0.1,0.7000000000000001,-227.34470499999878,-1.0,774.7558364774522
2026-02-20,-1,2026-02-20 16:40:00,2026-02-20 20:31:05,47,5064.578,5087.368601,5087.368601,5018.259228333333,5018.259228333333,0.9222375640813211,sl,0.1,0.7000000000000001,-228.60600999999696,-1.0,546.1498264774546
2026-02-20,-1,2026-02-20 20:40:00,2026-02-20 21:57:55,16,5086.01,5106.037,5108.897045,5028.534650537638,5028.534650537638,1.1388178354550735,session_end,0.1,0.7000000000000001,-200.97000000000043,-0.8750365108296196,345.1798264774534
2026-02-23,-1,2026-02-23 01:45:00,2026-02-23 03:12:25,18,5166.283,5156.232728070176,5189.5312735,5148.685928571428,5148.685928571428,0.3410884189132131,tp,0.1,0.7000000000000001,99.80271929824703,0.43230186232216156,444.9825457756997
2026-02-23,1,2026-02-23 07:05:00,2026-02-23 10:01:55,36,5140.315,5152.3464861111115,5117.1835825,5157.679507843138,5157.679507843138,-0.3359845802125859,tp,0.1,0.7000000000000001,119.61486111111917,0.5201361356740043,564.5974068868181
2026-02-23,-1,2026-02-23 14:35:00,2026-02-23 14:45:20,3,5171.941,5195.214734499999,5195.214734499999,5152.911456190476,5152.911456190476,0.3647461045918907,sl,0.1,0.7000000000000001,-233.4373449999959,-1.0,331.1600618868215
2026-02-23,-1,2026-02-23 14:55:00,2026-02-23 16:26:55,19,5196.123,5219.505553499999,5219.505553499999,5153.735701117318,5153.735701117318,0.8293362593936584,sl,0.1,0.7000000000000001,-234.5255349999963,-1.0,96.63452688682446
2026-02-23,-1,2026-02-23 16:35:00,2026-02-23 20:52:35,52,5209.421,5232.8633945,5232.8633945,5158.267337520938,5158.267337520938,0.994542529928603,sl,0.1,0.7000000000000001,-235.12394499999863,-1.0,-138.4894181131749
2026-02-23,-1,2026-02-23 21:00:00,2026-02-23 23:59:55,24,5236.063,5236.238,5259.6252835,5169.8631706349215,5169.8631706349215,1.2834059079542275,session_end,0.1,0.7000000000000001,-2.450000000001819,-0.007427123945783347,-140.93941811317745
2026-02-24,1,2026-02-24 01:10:00,2026-02-24 01:13:15,1,5207.615,5184.1807325,5184.1807325,5226.471738095237,5226.471738095237,-0.36015191583333284,sl,0.1,0.7000000000000001,-235.04267499999804,-1.0,-375.98209311317623
2026-02-24,1,2026-02-24 01:20:00,2026-02-24 05:57:40,56,5160.629,5185.098340375587,5137.4061695,5220.5675624999985,5220.5675624999985,-1.1494930729574033,tp,0.1,0.7000000000000001,243.9934037558731,1.0536760527786413,-131.98868935730388
2026-02-24,1,2026-02-24 06:35:00,2026-02-24 07:29:55,11,5166.666,5182.94811423221,5143.416003,5184.418495780591,5184.418495780591,-0.34215979661032253,tp,0.1,0.7000000000000001,162.12114232210007,0.7003060788442287,30.132452964795448
2026-02-24,1,2026-02-24 12:20:00,2026-02-24 13:48:05,18,5151.688,5128.505404,5128.505404,5179.232484234235,5179.232484234235,-0.531642175130239,sl,0.1,0.7000000000000001,-232.52595999999647,-1.0,-202.39350703520176
2026-02-24,1,2026-02-24 13:55:00,2026-02-24 14:00:35,2,5133.146,5110.046843,5110.046843,5176.150288423155,5176.150288423155,-0.8349793961705255,sl,0.1,0.7000000000000001,-231.6915699999965,-1.0,-434.085077035199
2026-02-24,1,2026-02-24 14:10:00,2026-02-24 14:13:35,1,5121.384,5098.337772,5098.337772,5175.154939215687,5175.154939215687,-1.038895257188867,sl,0.1,0.7000000000000001,-231.16228000000154,-1.0,-665.2473570352013
2026-02-24,1,2026-02-24 14:20:00,2026-02-24 18:04:20,45,5102.034,5168.053762345683,5079.074847,5174.344112403102,5174.344112403102,-1.3967878987765372,tp,0.1,0.7000000000000001,659.4976234568337,2.875531268321788,-5.74973357836825
2026-02-24,1,2026-02-24 19:20:00,2026-02-24 20:26:15,14,5149.351,5166.705372108848,5126.1789205,5167.471379310349,5167.471379310349,-0.35194929928720164,tp,0.1,0.7000000000000001,172.84372108848112,0.7489346007486306,167.09398751011213
2026-02-24,1,2026-02-24 21:35:00,2026-02-24 23:59:55,17,5150.132,5146.677,5126.956406,5166.483111325614,5166.483111325614,-0.3172876204642787,session_end,0.1,0.7000000000000001,-35.249999999999275,-0.14907924258597308,131.84398751011213
2026-02-25,-1,2026-02-25 01:10:00,2026-02-25 02:16:40,14,5168.688,5191.947096,5191.947096,5147.470880952381,5147.470880952381,0.4149148104295286,sl,0.1,0.7000000000000001,-233.2909599999977,-1.0,-101.44697248988632
2026-02-25,-1,2026-02-25 02:25:00,2026-02-25 02:51:10,6,5187.845,5168.99362745098,5211.1903025,5165.920247126437,5165.920247126437,0.4247114129523771,tp,0.1,0.7000000000000001,187.813725490202,0.8075017468298081,86.36675300031493
2026-02-25,-1,2026-02-25 03:15:00,2026-02-25 04:10:20,12,5186.082,5173.361706666667,5209.419369,5170.673696581197,5170.673696581197,0.30082740338240627,tp,0.1,0.7000000000000001,126.50293333333757,0.5450611563511653,212.86968633365177
2026-02-25,-1,2026-02-25 05:20:00,2026-02-25 07:54:20,31,5192.806,5181.16429432624,5216.173626999999,5175.67225,5175.67225,0.32506405327345966,tp,0.1,0.7000000000000001,115.71705673759134,0.4981980272861818,328.5867430712424
2026-02-25,1,2026-02-25 11:15:00,2026-02-25 11:59:05,9,5164.183,5181.446933566435,5140.9441765,5182.211635802471,5182.211635802471,-0.3490427846965136,tp,0.1,0.7000000000000001,171.939335664353,0.7428918923729253,500.52607873559464
2026-02-25,1,2026-02-25 14:40:00,2026-02-25 14:50:15,3,5160.372,5181.833773408242,5137.150326000001,5181.911193181821,5181.911193181821,-0.41877779013992983,tp,0.1,0.7000000000000001,213.91773408242153,0.9242130179005472,714.4438128180154
2026-02-25,-1,2026-02-25 15:05:00,2026-02-25 15:26:10,5,5198.615,5182.214426126128,5222.0087674999995,5181.987713627995,5181.987713627995,0.3211467740118224,tp,0.1,0.7000000000000001,163.3057387387151,0.7010659515989329,877.7495515567298
2026-02-25,-1,2026-02-25 16:25:00,2026-02-25 20:16:35,47,5205.053,5187.23499176955,5228.475738499999,5182.792134517767,5182.792134517767,0.43158909139453283,tp,0.1,0.7000000000000001,177.48008230449778,0.7607141338511798,1055.2296338612268
2026-02-25,1,2026-02-25 21:00:00,2026-02-25 23:59:55,24,5152.355,5163.293,5129.1694025,5187.001996693125,5187.001996693125,-0.6708980778359311,session_end,0.1,0.7000000000000001,108.68000000000102,0.47175838362587674,1163.9096338612271
2026-02-26,1,2026-02-26 11:55:00,2026-02-26 12:41:55,10,5163.82,5184.894896929822,5140.58281,5185.690229603727,5185.690229603727,-0.4285973249394289,tp,0.1,0.7000000000000001,210.0489692982199,0.9069468782508618,1373.9586031594463
2026-02-26,1,2026-02-26 13:45:00,2026-02-26 14:30:40,10,5165.472,5142.227376,5142.227376,5184.262918181816,5184.262918181816,-0.36221963426964776,sl,0.1,0.7000000000000001,-233.1462399999993,-1.0,1140.8123631594462
2026-02-26,1,2026-02-26 14:40:00,2026-02-26 15:27:35,10,5166.49,5143.240795,5143.240795,5183.164765151512,5183.164765151512,-0.32131460036704246,sl,0.1,0.7000000000000001,-233.19205000000073,-1.0,907.6203131594448
2026-02-26,1,2026-02-26 15:35:00,2026-02-26 15:46:05,3,5154.043,5181.7723730158705,5130.8498065,5181.91630926916,5181.91630926916,-0.5479596267961273,tp,0.1,0.7000000000000001,276.59373015870807,1.1955823597932562,1184.214043318152
2026-02-26,-1,2026-02-26 20:25:00,2026-02-26 23:01:50,20,5197.738,5182.498792929294,5221.127821,5181.68769047619,5181.68769047619,0.3116129432788299,tp,0.1,0.7000000000000001,151.69207070706472,0.6515315816528322,1335.906114025216
2026-02-27,-1,2026-02-27 13:10:00,2026-02-27 13:23:45,3,5211.299,5234.7498454999995,5234.7498454999995,5183.662103375527,5183.662103375527,0.5389123763734798,sl,0.1,0.7000000000000001,-235.20845499999558,-1.0,1100.6976590252198
2026-02-27,-1,2026-02-27 13:30:00,2026-02-27 20:21:55,83,5234.891,5258.448009499999,5258.448009499999,5184.656981481481,5184.656981481481,0.9712217934257809,sl,0.1,0.7000000000000001,-236.27009499999366,-1.0,864.4275640252254
2026-02-27,-1,2026-02-27 20:30:00,2026-02-27 21:51:05,17,5256.978,5280.634400999999,5280.634400999999,5201.893517615178,5201.893517615178,1.0611517171179703,sl,0.1,0.7000000000000001,-237.26400999999277,-1.0,627.1635540252319
2026-03-02,1,2026-03-02 00:55:00,2026-03-02 01:01:25,2,5346.082,5322.024631,5322.024631,5366.335196969697,5366.335196969697,-0.3808315399536911,sl,0.1,0.7000000000000001,-241.27369000000107,-1.0,385.88986402523005
2026-03-02,1,2026-03-02 01:10:00,2026-03-02 01:29:35,4,5327.844,5303.868702000001,5303.868702000001,5359.70530952381,5359.70530952381,-0.5961859408021902,sl,0.1,0.7000000000000001,-240.45297999999383,-1.0,145.43688402523549
2026-03-02,1,2026-03-02 01:35:00,2026-03-02 02:41:10,14,5325.977,5342.833708333333,5302.0101035,5351.06455263158,5351.06455263158,-0.46245102050602355,tp,0.1,0.7000000000000001,167.8670833333279,0.7033329631699597,313.30396735856266
2026-03-02,-1,2026-03-02 03:40:00,2026-03-02 04:37:50,12,5363.923,5348.893548484847,5388.0606535,5345.562166666666,5345.562166666666,0.34316939474998837,tp,0.1,0.7000000000000001,149.59451515152688,0.6226558648359387,462.8984825100888
2026-03-02,-1,2026-03-02 06:10:00,2026-03-02 07:07:55,12,5376.382,5400.5757189999995,5400.5757189999995,5350.853954954955,5350.853954954955,0.4804755514068519,sl,0.1,0.7000000000000001,-242.63718999999872,-1.0,220.26129251008933
2026-03-02,-1,2026-03-02 07:15:00,2026-03-02 14:05:00,83,5405.827,5375.575872781066,5430.1532215,5355.774818007664,5355.774818007664,0.9375801578419468,tp,0.1,0.7000000000000001,301.8112721893402,1.2435604608358357,522.0725646994288
2026-03-02,1,2026-03-02 14:25:00,2026-03-02 14:26:05,1,5348.215,5324.1480325,5324.1480325,5375.389600192679,5375.389600192679,-0.5042071776845168,sl,0.1,0.7000000000000001,-241.36967499999918,-1.0,280.70288969942885
2026-03-02,1,2026-03-02 14:35:00,2026-03-02 16:00:25,18,5317.152,5293.224816,5293.224816,5374.826936190477,5374.826936190477,-1.0730101057235675,sl,0.1,0.7000000000000001,-239.97184000000124,-1.0,40.731049699426876
2026-03-02,1,2026-03-02 16:10:00,2026-03-02 23:59:55,82,5289.766,5345.778,5265.962053,5370.377321305842,5370.377321305842,-1.5090154091097847,session_end,0.1,0.7000000000000001,559.4200000000062,2.353055146694873,600.1510496994324
2026-03-03,-1,2026-03-03 01:20:00,2026-03-03 01:46:35,6,5371.711,5359.580341269841,5395.8836995,5355.124520833333,5355.124520833333,0.3114396145558058,tp,0.1,0.7000000000000001,120.60658730159666,0.5018330174567268,720.7576370010283
2026-03-03,1,2026-03-03 02:00:00,2026-03-03 02:27:15,6,5339.709,5356.8519137931025,5315.6803095000005,5358.517208333334,5358.517208333334,-0.3546449063143791,tp,0.1,0.7000000000000001,170.72913793102708,0.713435207511752,891.4867749320547
2026-03-03,1,2026-03-03 05:40:00,2026-03-03 05:54:00,3,5338.201,5314.179095500001,5314.179095500001,5361.070901960782,5361.070901960782,-0.42628427004057917,sl,0.1,0.7000000000000001,-240.91904499999436,-1.0,650.5677299320596
2026-03-03,1,2026-03-03 06:00:00,2026-03-03 06:12:30,3,5319.21,5295.273555000001,5295.273555000001,5359.160314814813,5359.160314814813,-0.7486026253760292,sl,0.1,0.7000000000000001,-240.06444999999366,-1.0,410.5032799320652
2026-03-03,1,2026-03-03 06:20:00,2026-03-03 09:25:10,38,5302.753,5278.8906115,5278.8906115,5356.3483333333315,5356.3483333333315,-1.0022095276974867,sl,0.1,0.7000000000000001,-239.32388499999723,-1.0,171.17939493206723
2026-03-03,1,2026-03-03 09:35:00,2026-03-03 10:53:25,16,5266.702,5243.001841,5243.001841,5340.289546376811,5340.289546376811,-1.3833341008060445,sl,0.1,0.7000000000000001,-237.70158999999984,-1.0,-66.52219506793335
2026-03-03,1,2026-03-03 11:00:00,2026-03-03 11:07:40,2,5248.696,5225.076868,5225.076868,5330.814696969696,5330.814696969696,-1.5391680565512358,sl,0.1,0.7000000000000001,-236.89131999999807,-1.0,-303.41351506793217
2026-03-03,1,2026-03-03 11:15:00,2026-03-03 11:27:20,3,5199.198,5175.801609000001,5175.801609000001,5328.19514691358,5328.19514691358,-2.419968551419716,sl,0.1,0.7000000000000001,-234.6639099999931,-1.0,-538.077425067926
2026-03-03,1,2026-03-03 11:35:00,2026-03-03 14:41:45,38,5117.47,5094.441385,5094.441385,5323.389348920863,5323.389348920863,-3.867382891364078,sl,0.1,0.7000000000000001,-230.98615000000171,-1.0,-769.0635750679285
2026-03-03,1,2026-03-03 14:50:00,2026-03-03 14:50:25,1,5057.07,5034.313185,5034.313185,5287.892335205992,5287.892335205992,-4.368883111856936,sl,0.1,0.7000000000000001,-228.26814999999732,-1.0,-997.3317250679265
2026-03-03,1,2026-03-03 15:00:00,2026-03-03 15:16:15,4,5038.722,5016.047751,5016.047751,5285.176727777778,5285.176727777778,-4.666811357157489,sl,0.1,0.7000000000000001,-227.4424899999969,-1.0,-1224.7742150679242
2026-03-03,1,2026-03-03 15:25:00,2026-03-03 23:59:55,91,5040.409,5125.146,5017.7271595,5278.484381081082,5278.484381081082,-4.510118130392645,session_end,0.1,0.7000000000000001,846.6700000000008,3.7358961235972945,-378.1042150679241
2026-03-04,-1,2026-03-04 00:50:00,2026-03-04 01:19:05,6,5139.777,5162.9059965,5162.9059965,5123.159166666666,5123.159166666666,0.3248256162253992,sl,0.1,0.7000000000000001,-231.9899649999963,-1.0,-610.0941800679211
2026-03-04,-1,2026-03-04 01:25:00,2026-03-04 02:09:30,9,5159.242,5182.458589,5182.458589,5134.168225490195,5134.168225490195,0.49079565380620105,sl,0.1,0.7000000000000001,-232.86588999999657,-1.0,-842.9600700679184
2026-03-04,-1,2026-03-04 02:15:00,2026-03-04 03:02:35,10,5190.414,5152.947916666667,5213.770863,5146.210870370372,5146.210870370372,0.8579638639341305,tp,0.1,0.7000000000000001,373.9608333333279,1.6040717168796523,-468.99923673459125
2026-03-04,-1,2026-03-04 04:00:00,2026-03-04 04:42:15,9,5174.579,5157.093035714285,5197.864605499999,5154.843805555555,5154.843805555555,0.3863297355970686,tp,0.1,0.7000000000000001,174.15964285714546,0.7509344897952117,-294.83959387744653
2026-03-04,1,2026-03-04 06:25:00,2026-03-04 06:38:55,3,5134.752,5156.179871308016,5111.645616000001,5156.574768398268,5156.574768398268,-0.4261407888999406,tp,0.1,0.7000000000000001,213.57871308015712,0.9273571887326023,-81.26088079729016
2026-03-04,-1,2026-03-04 07:10:00,2026-03-04 08:04:55,11,5174.745,5157.655399305555,5198.031352499999,5156.243426356588,5156.243426356588,0.3586734006559288,tp,0.1,0.7000000000000001,170.19600694444927,0.733889117861864,88.93512614715837
2026-03-04,-1,2026-03-04 08:45:00,2026-03-04 10:15:00,19,5175.499,5198.788745499999,5198.788745499999,5158.0110428571425,5158.0110428571425,0.3387440817338658,sl,0.1,0.7000000000000001,-233.59745499999298,-1.0,-144.66232885283534
2026-03-04,-1,2026-03-04 10:25:00,2026-03-04 12:39:05,27,5189.048,5166.350561810154,5212.398716,5161.348283999998,5161.348283999998,0.537906269299189,tp,0.1,0.7000000000000001,226.27438189845344,0.9720232214654754,81.61205304561736
2026-03-04,-1,2026-03-04 13:10:00,2026-03-04 14:00:00,11,5188.246,5167.787839285714,5211.593107,5166.577702531646,5166.577702531646,0.4192871706495267,tp,0.1,0.7000000000000001,203.88160714286352,0.8762610594231955,285.49366018848013
2026-03-04,1,2026-03-04 15:00:00,2026-03-04 15:35:15,8,5147.605,5167.062626559715,5124.4407775,5167.732124074074,5167.732124074074,-0.3956982208658548,tp,0.1,0.7000000000000001,193.8762655971521,0.8399861709028027,479.3699257856315
2026-03-04,1,2026-03-04 15:45:00,2026-03-04 17:24:30,20,5143.912,5120.7643960000005,5120.7643960000005,5166.898621693122,5166.898621693122,-0.445898465984834,sl,0.1,0.7000000000000001,-232.17603999999773,-1.0,247.19388578563303
2026-03-04,1,2026-03-04 17:30:00,2026-03-04 18:40:50,15,5133.701,5110.599345500001,5110.599345500001,5164.925985714285,5164.925985714285,-0.6012377679791885,sl,0.1,0.7000000000000001,-231.71654499999312,-1.0,15.477340785639171
2026-03-04,1,2026-03-04 18:50:00,2026-03-04 23:45:35,48,5132.367,5158.296756410254,5109.2713485,5162.487539823007,5162.487539823007,-0.5883024334437061,tp,0.1,0.7000000000000001,258.59756410253505,1.1227116243182715,274.0749048881735
2026-03-05,-1,2026-03-05 03:00:00,2026-03-05 03:58:20,12,5192.013,5178.902726950354,5215.377058499999,5176.244777777776,5176.244777777776,0.311282076369297,tp,0.1,0.7000000000000001,130.40273049645913,0.5611299530707075,404.47763538463187
2026-03-05,1,2026-03-05 05:55:00,2026-03-05 06:09:35,3,5158.085,5134.8736175,5134.8736175,5177.389406103284,5177.389406103284,-0.3692383285048749,sl,0.1,0.7000000000000001,-232.8138249999967,-1.0,171.66381038463442
2026-03-05,1,2026-03-05 06:15:00,2026-03-05 07:02:30,10,5132.962,5172.735329365077,5109.863671000001,5175.635788888887,5175.635788888887,-0.8273628716459489,tp,0.1,0.7000000000000001,397.0332936507628,1.7219137092158137,568.6971040353965
2026-03-05,1,2026-03-05 08:10:00,2026-03-05 08:55:15,10,5149.173,5169.748257009344,5126.0017215,5171.304738095237,5171.304738095237,-0.42778832839360204,tp,0.1,0.7000000000000001,205.0525700934457,0.8879638216486239,773.7496741288414
2026-03-05,1,2026-03-05 10:05:00,2026-03-05 12:05:05,25,5150.402,5167.852058620689,5127.225191,5169.359844352617,5169.359844352617,-0.36575794531451333,tp,0.1,0.7000000000000001,173.80058620688652,0.7529103174077569,947.5502603357272
2026-03-05,1,2026-03-05 13:10:00,2026-03-05 13:20:40,3,5149.331,5126.1590105000005,5126.1590105000005,5167.530782700421,5167.530782700421,-0.3476763556119864,sl,0.1,0.7000000000000001,-232.41989499999653,-1.0,715.13036533573
2026-03-05,1,2026-03-05 13:30:00,2026-03-05 14:39:10,14,5121.624,5098.576692,5098.576692,5166.573604938271,5166.573604938271,-0.871991930884525,sl,0.1,0.7000000000000001,-231.17308000000156,-1.0,483.95728533572765
2026-03-05,1,2026-03-05 14:45:00,2026-03-05 15:08:40,5,5097.411,5074.4726505,5074.4726505,5162.45399717514,5162.45399717514,-1.2554590745138907,sl,0.1,0.7000000000000001,-230.08349500000185,-1.0,253.87379033572506
2026-03-05,1,2026-03-05 15:15:00,2026-03-05 16:25:25,15,5085.472,5062.587376,5062.587376,5160.219898907103,5160.219898907103,-1.4548875896355329,sl,0.1,0.7000000000000001,-229.54623999999347,-1.0,24.327550335730848
2026-03-05,1,2026-03-05 16:35:00,2026-03-05 23:59:55,76,5063.733,5086.434,5040.946201500001,5154.00458040201,5154.00458040201,-1.7512029528497355,session_end,0.1,0.7000000000000001,226.31000000000023,0.9962347277525919,250.63755033573034
2026-03-06,-1,2026-03-06 01:40:00,2026-03-06 01:50:50,3,5108.468,5131.456106,5131.456106,5085.752933333334,5085.752933333334,0.4477717845357442,sl,0.1,0.7000000000000001,-230.58105999999788,-1.0,20.056490335731723
2026-03-06,-1,2026-03-06 02:00:00,2026-03-06 05:49:25,46,5134.903,5117.140495169084,5158.0100635,5092.618472222223,5092.618472222223,0.8331672205411006,tp,0.1,0.7000000000000001,176.92504830916442,0.7687045491919264,196.9815386448954
2026-03-06,1,2026-03-06 08:30:00,2026-03-06 10:05:45,20,5100.901,5077.9469455,5077.9469455,5116.750918300653,5116.750918300653,-0.3103027400428285,sl,0.1,0.7000000000000001,-230.24054499999983,-1.0,-33.25900635510516
2026-03-06,1,2026-03-06 10:15:00,2026-03-06 13:30:05,40,5083.033,5106.919561728395,5060.1593515,5113.509811653114,5113.509811653114,-0.5956243905840531,tp,0.1,0.7000000000000001,238.16561728394555,1.0442829760365782,204.90661092883965
2026-03-06,-1,2026-03-06 13:40:00,2026-03-06 13:51:00,3,5123.963,5107.19545381526,5147.0208335,5107.053709349593,5107.053709349593,0.33091076797308044,tp,0.1,0.7000000000000001,166.97546184739332,0.7271952147949772,371.88207277623223
2026-03-06,1,2026-03-06 14:00:00,2026-03-06 14:24:50,5,5084.988,5106.730955426356,5062.105554000001,5107.082970238094,5107.082970238094,-0.43217371573394997,tp,0.1,0.7000000000000001,216.72955426355367,0.9502024139532866,588.6116270397852
2026-03-06,1,2026-03-06 14:40:00,2026-03-06 14:55:05,4,5088.986,5106.429608007447,5066.085563000001,5106.636825757575,5106.636825757575,-0.345262965806465,tp,0.1,0.7000000000000001,173.7360800744744,0.7617150715267115,762.3477071142588
2026-03-06,-1,2026-03-06 15:05:00,2026-03-06 15:26:55,5,5147.507,5170.670781499999,5170.670781499999,5106.72744290976,5106.72744290976,0.8091886154529959,sl,0.1,0.7000000000000001,-232.33781499999458,-1.0,530.0098921142635
2026-03-06,-1,2026-03-06 15:35:00,2026-03-06 21:57:55,77,5155.302,5174.558,5178.500859,5108.2915980392145,5108.2915980392145,0.9245146063884333,session_end,0.1,0.7000000000000001,-193.26000000000312,-0.8300408222663125,336.74989211425964
2026-03-09,-1,2026-03-09 01:15:00,2026-03-09 02:03:10,10,5072.591,5059.566861111111,5095.4176595,5048.909966666668,5048.909966666668,0.47246897827097334,tp,0.1,0.7000000000000001,129.54138888888957,0.570567011300502,466.29128100314847
2026-03-09,-1,2026-03-09 02:10:00,2026-03-09 05:23:15,39,5080.41,5103.271844999999,5103.271844999999,5060.3227307692305,5060.3227307692305,0.39834947894133554,sl,0.1,0.7000000000000001,-229.31844999999447,-1.0,236.97283100315326
2026-03-09,-1,2026-03-09 05:30:00,2026-03-09 05:44:40,3,5095.555,5118.4849975,5118.4849975,5078.45102020202,5078.45102020202,0.336982275302116,sl,0.1,0.7000000000000001,-229.99997499999444,-1.0,6.9728560031580855
2026-03-09,-1,2026-03-09 05:50:00,2026-03-09 08:32:10,33,5136.752,5089.427385620915,5159.867384,5080.5232380952375,5080.5232380952375,1.109103516784377,tp,0.1,0.7000000000000001,472.5461437908569,2.047321142451549,479.51899979401423
2026-03-09,-1,2026-03-09 09:10:00,2026-03-09 09:33:15,5,5109.406,5132.398327,5132.398327,5089.961457575758,5089.961457575758,0.3763298127873341,sl,0.1,0.7000000000000001,-230.6232699999993,-1.0,248.8957297940142
2026-03-09,-1,2026-03-09 09:40:00,2026-03-09 10:31:40,11,5118.619,5092.627097883597,5141.6527854999995,5091.534925287357,5091.534925287357,0.5317762739517296,tp,0.1,0.7000000000000001,259.21902116402345,1.128425117808038,508.1147509580369
2026-03-09,-1,2026-03-09 12:30:00,2026-03-09 13:00:30,7,5109.375,5093.057957264958,5132.3671875,5092.63250888889,5092.63250888889,0.3291616090863014,tp,0.1,0.7000000000000001,162.4704273504238,0.7096776996552581,670.58517830846
2026-03-09,-1,2026-03-09 13:35:00,2026-03-09 13:40:35,2,5109.396,5093.166658536586,5132.388282,5093.11177607362,5093.11177607362,0.32258714610511974,tp,0.1,0.7000000000000001,161.5934146341413,0.7058604040875115,832.1785929426005
2026-03-09,1,2026-03-09 13:55:00,2026-03-09 14:38:15,9,5074.715,5092.221957142858,5051.878782500001,5092.915128742516,5092.915128742516,-0.36114147354850823,tp,0.1,0.7000000000000001,174.36957142857574,0.7666312138977532,1006.5481643711755
2026-03-09,-1,2026-03-09 14:45:00,2026-03-09 14:53:05,2,5112.397,5092.381198501874,5135.4027865,5092.30868455744,5092.30868455744,0.39425762824323557,tp,0.1,0.7000000000000001,199.45801498126167,0.8700333500063675,1206.0061793524364
2026-03-09,-1,2026-03-09 18:35:00,2026-03-09 19:19:45,9,5109.78,5132.774009999999,5132.774009999999,5093.621069506727,5093.621069506727,0.31699316209317024,sl,0.1,0.7000000000000001,-230.64009999999433,-1.0,975.3660793524414
2026-03-09,-1,2026-03-09 19:25:00,2026-03-09 23:59:55,43,5139.596,5139.878,5162.724181999999,5094.902388412016,5094.902388412016,0.8728550264109066,session_end,0.1,0.7000000000000001,-3.520000000001528,-0.012192916849243026,971.8460793524391
2026-03-10,-1,2026-03-10 01:25:00,2026-03-10 01:58:00,7,5158.769,5181.9834605,5181.9834605,5137.547774509803,5137.547774509803,0.4191829727997456,sl,0.1,0.7000000000000001,-232.84460499999403,-1.0,739.0014743524443
2026-03-10,-1,2026-03-10 02:05:00,2026-03-10 03:46:05,21,5176.961,5158.589870370369,5200.2573245,5147.594059999999,5147.594059999999,0.5699835623790417,tp,0.1,0.7000000000000001,183.0112962963147,0.788584895854769,922.0127706487583
2026-03-10,-1,2026-03-10 06:00:00,2026-03-10 07:22:15,17,5178.274,5163.969882575758,5201.576233,5161.293347222222,5161.293347222222,0.32155027163315875,tp,0.1,0.7000000000000001,142.34117424242578,0.6138517894076042,1064.3539448911833
2026-03-10,-1,2026-03-10 08:00:00,2026-03-10 10:32:30,31,5180.893,5169.230642857144,5204.207018499999,5164.679180555556,5164.679180555556,0.31361714596766405,tp,0.1,0.7000000000000001,115.92357142856308,0.500229385288369,1180.2775163197457
2026-03-10,-1,2026-03-10 11:10:00,2026-03-10 12:03:55,11,5190.67,5170.256939814815,5214.028015,5169.480701492539,5169.480701492539,0.40663269139184655,tp,0.1,0.7000000000000001,203.43060185184805,0.8739210153424845,1383.708118171593
2026-03-10,-1,2026-03-10 12:50:00,2026-03-10 13:18:20,6,5186.267,5209.6052015,5209.6052015,5170.649484848485,5170.649484848485,0.30187726314176816,sl,0.1,0.7000000000000001,-234.0820149999974,-1.0,1149.6261031715949
2026-03-10,-1,2026-03-10 13:25:00,2026-03-10 18:18:35,59,5221.572,5185.0033173515985,5245.069074,5171.870827122154,5171.870827122154,0.9679219483851984,tp,0.1,0.7000000000000001,364.9868264840159,1.5563079321451587,1514.61292965561
2026-03-10,-1,2026-03-10 18:30:00,2026-03-10 19:00:30,7,5202.765,5185.4157792397655,5226.1774425,5185.070611111112,5185.070611111112,0.34412046097603377,tp,0.1,0.7000000000000001,172.79220760234858,0.7410256644617433,1687.405137257958
2026-03-10,-1,2026-03-10 19:20:00,2026-03-10 19:33:20,3,5204.351,5185.775084045583,5227.770579499999,5185.618487068965,5185.618487068965,0.361114358445963,tp,0.1,0.7000000000000001,185.05915954416815,0.7931788849760147,1872.4642968021262
2026-03-11,1,2026-03-11 07:40:00,2026-03-11 13:01:05,65,5187.083,5163.7411265,5163.7411265,5205.732355072463,5205.732355072463,-0.3580064014298389,sl,0.1,0.7000000000000001,-234.11873499999564,-1.0,1638.3455618021308
2026-03-11,1,2026-03-11 13:10:00,2026-03-11 13:51:55,9,5175.636,5152.345638000001,5152.345638000001,5197.894080168776,5197.894080168776,-0.4284154279660256,sl,0.1,0.7000000000000001,-233.6036199999973,-1.0,1404.7419418021327
2026-03-11,1,2026-03-11 14:00:00,2026-03-11 14:30:35,7,5176.803,5196.091691570881,5153.5073865,5196.419831349206,5196.419831349206,-0.3773623376407429,tp,0.1,0.7000000000000001,192.18691570881384,0.8279967201070625,1596.9288575109458
2026-03-11,1,2026-03-11 15:15:00,2026-03-11 22:56:20,81,5170.594,5147.326327000001,5147.326327000001,5195.485696721311,5195.485696721311,-0.47002721490930116,sl,0.1,0.7000000000000001,-233.37672999999376,-1.0,1363.5521275109513
2026-03-12,-1,2026-03-12 01:45:00,2026-03-12 02:41:50,12,5169.723,5158.453145833335,5192.986753499999,5152.559087301588,5152.559087301588,0.3327552854399357,tp,0.1,0.7000000000000001,111.99854166665027,0.48443834167454103,1475.5506691776009
2026-03-12,-1,2026-03-12 07:45:00,2026-03-12 12:21:55,56,5178.769,5165.181110360363,5202.0734605,5156.129428315414,5156.129428315414,0.4398468269636868,tp,0.1,0.7000000000000001,135.1788963963707,0.583059609538583,1610.7295655739708
2026-03-12,-1,2026-03-12 12:50:00,2026-03-12 13:22:55,7,5181.431,5166.090533333334,5204.747439499999,5165.475761904764,5165.475761904764,0.308698343196877,tp,0.1,0.7000000000000001,152.70466666665635,0.6579249231713103,1763.4342322406264
2026-03-12,1,2026-03-12 14:35:00,2026-03-12 15:11:00,8,5147.011,5123.849450500001,5123.849450500001,5165.418385714286,5165.418385714286,-0.3635694983822537,sl,0.1,0.7000000000000001,-232.31549499999636,-1.0,1531.1187372406293
2026-03-12,1,2026-03-12 15:20:00,2026-03-12 17:58:40,32,5126.156,5103.088298000001,5103.088298000001,5164.034500000002,5164.034500000002,-0.7362847788875313,sl,0.1,0.7000000000000001,-231.3770199999937,-1.0,1299.741717240635
2026-03-12,1,2026-03-12 18:05:00,2026-03-12 19:02:50,12,5108.761,5085.771575500001,5085.771575500001,5157.98040015361,5157.98040015361,-0.9550811816218345,sl,0.1,0.7000000000000001,-230.59424499999585,-1.0,1069.1474722406383
2026-03-12,1,2026-03-12 19:10:00,2026-03-12 20:30:20,17,5093.172,5070.252726,5070.252726,5154.7055913043505,5154.7055913043505,-1.1966559527358218,sl,0.1,0.7000000000000001,-229.89273999999858,-1.0,839.254732240639
2026-03-12,1,2026-03-12 20:40:00,2026-03-12 23:59:55,28,5070.248,5098.332,5047.431884,5149.747862903229,5149.747862903229,-1.543072884706842,session_end,0.1,0.7000000000000001,280.14000000000743,1.2308843450831326,1119.3947322406457
2026-03-13,1,2026-03-13 06:30:00,2026-03-13 07:22:35,11,5095.578,5072.6478990000005,5072.6478990000005,5110.931927350428,5110.931927350428,-0.30032541165902094,sl,0.1,0.7000000000000001,-230.0010099999992,-1.0,889.3937222406457
2026-03-13,1,2026-03-13 07:30:00,2026-03-13 08:22:00,11,5084.681,5061.7999355,5061.7999355,5107.906433333334,5107.906433333334,-0.4544314512469687,sl,0.1,0.7000000000000001,-229.5106449999941,-1.0,659.8830772406509
2026-03-13,1,2026-03-13 08:30:00,2026-03-13 11:57:40,42,5071.122,5100.383059440557,5048.301951,5104.616990196078,5104.616990196078,-0.6559452013811584,tp,0.1,0.7000000000000001,291.91059440556893,1.2822522616212169,951.7936716462191
2026-03-13,-1,2026-03-13 12:50:00,2026-03-13 13:34:40,9,5121.001,5101.8720946502035,5144.0455045,5101.186647186144,5101.186647186144,0.3971203999177329,tp,0.1,0.7000000000000001,190.58905349796697,0.8300853398603978,1142.3827251441853
2026-03-13,1,2026-03-13 14:40:00,2026-03-13 14:52:50,3,5083.519,5060.6431645,5060.6431645,5101.636723484848,5101.636723484848,-0.3549688946193201,sl,0.1,0.7000000000000001,-229.45835499999993,-1.0,912.9243701441846
2026-03-13,1,2026-03-13 15:00:00,2026-03-13 16:06:10,14,5042.125,5019.4354375,5019.4354375,5100.87833148148,5100.87833148148,-1.154935045556545,sl,0.1,0.7000000000000001,-227.59562499999737,-1.0,685.3287451441865
2026-03-13,1,2026-03-13 16:15:00,2026-03-13 20:57:55,57,5031.883,5021.194,5009.2395265000005,5097.02093247863,5097.02093247863,-1.2735367058236424,session_end,0.1,0.7000000000000001,-107.58999999999396,-0.47205655086441156,577.7387451441919
2026-03-16,1,2026-03-16 01:15:00,2026-03-16 01:55:35,9,4986.628,5012.342297101449,4964.188174,5020.244677777778,5020.244677777778,-0.6672817746525896,tp,0.1,0.7000000000000001,256.4429710144912,1.14592230356195,834.1817161586823
2026-03-16,-1,2026-03-16 06:20:00,2026-03-16 06:48:15,6,5034.063,5014.319940329217,5056.7162835,5013.510820175438,5013.510820175438,0.4027852047969625,tp,0.1,0.7000000000000001,196.73059670782715,0.8715319203409463,1030.9123128665087
2026-03-16,1,2026-03-16 07:45:00,2026-03-16 10:02:00,28,4993.117,4970.6479735,4970.6479735,5013.4028261648755,5013.4028261648755,-0.40569902060781216,sl,0.1,0.7000000000000001,-225.39026499999926,-1.0,805.5220478665087
2026-03-16,1,2026-03-16 10:10:00,2026-03-16 11:11:55,13,4979.646,5005.8329452736325,4957.237593,5007.535838797813,5007.535838797813,-0.556268386178941,tp,0.1,0.7000000000000001,261.16945273632774,1.168621458617424,1066.6915006028357
2026-03-16,-1,2026-03-16 12:30:00,2026-03-16 14:31:35,25,5022.858,5008.79912068966,5045.460861,5006.299955555558,5006.299955555558,0.3289364319085136,tp,0.1,0.7000000000000001,139.88879310339763,0.6219955655321748,1206.5802937062326
2026-03-16,1,2026-03-16 15:30:00,2026-03-16 18:27:40,36,4991.965,5005.726058069385,4969.501157500001,5008.236775985667,5008.236775985667,-0.3283645866050546,tp,0.1,0.7000000000000001,136.9105806938449,0.6125870081837012,1343.4908744000768
2026-03-17,-1,2026-03-17 01:55:00,2026-03-17 05:54:05,48,5025.742,5022.861595238094,5048.357839,5008.560297101448,5008.560297101448,0.3366476971098966,tp,0.1,0.7000000000000001,28.10404761905993,0.12736227746872386,1371.594922019136
2026-03-17,1,2026-03-17 10:10:00,2026-03-17 12:21:25,27,5001.979,5017.7168490991,4979.4700945,5020.415961748632,5020.415961748632,-0.36985902941326687,tp,0.1,0.7000000000000001,156.6784909909955,0.699183223240226,1528.2734130101308
2026-03-17,1,2026-03-17 15:30:00,2026-03-17 23:59:55,90,4995.123,5002.848,4972.6449465,5017.05421684588,5017.05421684588,-0.43955508337606586,session_end,0.1,0.7000000000000001,76.55000000000364,0.3436685476347126,1604.8234130101337
2026-03-18,1,2026-03-18 04:40:00,2026-03-18 05:37:35,12,4983.447,4997.958758706466,4961.0214885000005,4999.9704940476195,4999.9704940476195,-0.332381842400957,tp,0.1,0.7000000000000001,144.41758706466027,0.6471093739140026,1749.2410000747932
2026-03-18,1,2026-03-18 10:30:00,2026-03-18 10:35:35,2,4982.815,4960.3923325,4960.3923325,4997.8270079365075,4997.8270079365075,-0.3017212863222726,sl,0.1,0.7000000000000001,-224.92667499999988,-1.0,1524.3143250747926
2026-03-18,1,2026-03-18 10:45:00,2026-03-18 11:05:15,5,4977.772,4955.372026,4955.372026,4997.353009043927,4997.353009043927,-0.38499399600366646,sl,0.1,0.7000000000000001,-224.69973999999928,-1.0,1299.6145850747926
2026-03-18,1,2026-03-18 11:15:00,2026-03-18 11:27:30,3,4970.147,4947.7813385,4947.7813385,4996.001783950617,4996.001783950617,-0.5109342441113319,sl,0.1,0.7000000000000001,-224.35661499999986,-1.0,1075.257970074792
2026-03-18,1,2026-03-18 11:35:00,2026-03-18 11:47:00,3,4956.742,4934.436661000001,4934.436661000001,4995.024905275779,4995.024905275779,-0.7656299217925026,sl,0.1,0.7000000000000001,-223.75338999999548,-1.0,851.5045800747957
2026-03-18,1,2026-03-18 11:55:00,2026-03-18 12:10:45,4,4932.52,4910.323660000001,4910.323660000001,4993.511737762236,4993.511737762236,-1.2209491228623524,sl,0.1,0.7000000000000001,-222.66339999999508,-1.0,628.8411800747999
2026-03-18,1,2026-03-18 12:20:00,2026-03-18 12:37:25,4,4905.56,4883.484980000001,4883.484980000001,4990.987036036035,4990.987036036035,-1.7136797875548855,sl,0.1,0.7000000000000001,-221.45019999999312,-1.0,407.39098007480607
2026-03-18,1,2026-03-18 12:45:00,2026-03-18 13:01:10,4,4878.344,4856.391452000001,4856.391452000001,4987.742650326795,4987.742650326795,-2.1947634030320833,sl,0.1,0.7000000000000001,-220.22547999999296,-1.0,187.16550007481237
2026-03-18,1,2026-03-18 13:10:00,2026-03-18 13:18:00,2,4861.793,4839.9149314999995,4839.9149314999995,4984.133499999998,4984.133499999998,-2.4528837359592863,sl,0.1,0.7000000000000001,-219.48068500000153,-1.0,-32.3151849251899
2026-03-18,1,2026-03-18 13:25:00,2026-03-18 20:11:40,82,4858.41,4836.547155,4836.547155,4981.715143892337,4981.715143892337,-2.478657256100355,sl,0.1,0.7000000000000001,-219.3284499999965,-1.0,-251.64363492518714
2026-03-18,1,2026-03-18 20:20:00,2026-03-18 23:59:55,32,4822.529,4836.898,4800.827619500001,4944.116639344261,4944.116639344261,-2.458318607960277,session_end,0.1,0.7000000000000001,142.98999999999688,0.6621237759505619,-108.653634925191
2026-03-19,-1,2026-03-19 01:40:00,2026-03-19 02:05:05,6,4862.021,4845.376939999999,4883.9000945,4842.702583333333,4842.702583333333,0.40192261101589444,tp,0.1,0.7000000000000001,165.74060000000537,0.7607289232193996,57.086965074813634
2026-03-19,-1,2026-03-19 03:15:00,2026-03-19 04:00:05,10,4864.537,4850.796229166668,4886.4274165,4849.371303418805,4849.371303418805,0.30930187941312387,tp,0.1,0.7000000000000001,136.70770833332136,0.6277071445092186,193.79467340813426
2026-03-19,1,2026-03-19 05:40:00,2026-03-19 06:33:20,11,4833.209,4811.4595595,4811.4595595,4850.31144117647,4850.31144117647,-0.35311013290965854,sl,0.1,0.7000000000000001,-218.19440499999763,-1.0,-24.39973159186411
2026-03-19,1,2026-03-19 06:40:00,2026-03-19 06:46:20,2,4796.433,4774.8490515,4774.8490515,4846.7083625,4846.7083625,-1.0439427899454017,sl,0.1,0.7000000000000001,-216.53948499999677,-1.0,-240.93921659186162
2026-03-19,1,2026-03-19 06:55:00,2026-03-19 07:58:35,13,4754.484,4733.088822000001,4733.088822000001,4844.007114457831,4844.007114457831,-1.854799390976692,sl,0.1,0.7000000000000001,-214.6517799999976,-1.0,-455.59099659185995
2026-03-19,1,2026-03-19 08:05:00,2026-03-19 08:05:50,1,4737.106,4715.789023,4715.789023,4831.951142611685,4831.951142611685,-1.969341986356516,sl,0.1,0.7000000000000001,-213.86976999999496,-1.0,-669.4607665918556
2026-03-19,1,2026-03-19 08:15:00,2026-03-19 08:42:20,6,4714.596,4693.3803179999995,4693.3803179999995,4829.635590909092,4829.635590909092,-2.384715963371737,sl,0.1,0.7000000000000001,-212.85682000000014,-1.0,-882.3175865918565
2026-03-19,1,2026-03-19 08:50:00,2026-03-19 09:13:15,5,4711.185,4689.984667500001,4689.984667500001,4822.002383647799,4822.002383647799,-2.301572558822382,sl,0.1,0.7000000000000001,-212.70332499999603,-1.0,-1095.0209115918533
2026-03-19,1,2026-03-19 09:20:00,2026-03-19 10:17:45,12,4713.274,4692.064267000001,4692.064267000001,4815.845511904762,4815.845511904762,-2.127684778331579,sl,0.1,0.7000000000000001,-212.79732999999686,-1.0,-1307.818241591851
2026-03-19,1,2026-03-19 10:25:00,2026-03-19 11:42:55,16,4679.3,4658.24315,4658.24315,4804.516075999999,4804.516075999999,-2.605206726755449,sl,0.1,0.7000000000000001,-211.2684999999994,-1.0,-1519.086741591851
2026-03-19,1,2026-03-19 11:50:00,2026-03-19 12:01:45,3,4661.591,4640.6138405,4640.6138405,4789.94457511737,4789.94457511737,-2.6822037938554177,sl,0.1,0.7000000000000001,-210.47159500000197,-1.0,-1729.5583365918537
2026-03-19,1,2026-03-19 12:10:00,2026-03-19 12:24:25,3,4629.427,4608.5945785,4608.5945785,4785.960038812784,4785.960038812784,-3.269804543783936,sl,0.1,0.7000000000000001,-209.02421499999326,-1.0,-1938.5825515918477
2026-03-19,1,2026-03-19 12:30:00,2026-03-19 12:43:00,3,4606.805,4586.0743775,4586.0743775,4781.373286666666,4781.373286666666,-3.65773128725095,sl,0.1,0.7000000000000001,-208.00622500000208,-1.0,-2146.5887765918505
2026-03-19,1,2026-03-19 12:50:00,2026-03-19 13:01:40,3,4557.608,4537.098764,4537.098764,4776.2965497835485,4776.2965497835485,-4.581605172598949,sl,0.1,0.7000000000000001,-205.79235999999872,-1.0,-2352.38113659185
2026-03-19,1,2026-03-19 13:10:00,2026-03-19 23:59:55,118,4536.217,4643.815,4515.8040235,4770.760185654008,4770.760185654008,-4.918706380581537,session_end,0.1,0.7000000000000001,1075.2799999999995,5.2710588286818965,-1277.1011365918512
2026-03-20,-1,2026-03-20 01:05:00,2026-03-20 01:12:10,2,4669.61,4655.453023809524,4690.623245,4654.232756410256,4654.232756410256,0.3233345725784204,tp,0.1,0.7000000000000001,140.8697619047569,0.6737168005453524,-1136.231374687095
2026-03-20,-1,2026-03-20 01:35:00,2026-03-20 01:46:00,3,4676.43,4697.473935,4697.473935,4656.326692982457,4656.326692982457,0.43430816501817,sl,0.1,0.7000000000000001,-211.1393499999969,-1.0,-1347.3707246870927
2026-03-20,-1,2026-03-20 01:55:00,2026-03-20 02:50:00,12,4679.791,4700.8500595,4700.8500595,4660.8466739130445,4660.8466739130445,0.4151568897397406,sl,0.1,0.7000000000000001,-211.2905949999942,-1.0,-1558.6613196870876
2026-03-20,-1,2026-03-20 03:00:00,2026-03-20 03:10:05,3,4698.126,4719.267567,4719.267567,4670.104620370373,4670.104620370373,0.5995557253149114,sl,0.1,0.7000000000000001,-212.11566999999667,-1.0,-1770.776989687085
2026-03-20,-1,2026-03-20 03:20:00,2026-03-20 05:54:55,31,4733.018,4694.640995238097,4754.316581,4674.670300000003,4674.670300000003,1.2456108401911636,tp,0.1,0.7000000000000001,383.07004761902755,1.8018573519946108,-1387.7069420680582
2026-03-20,1,2026-03-20 06:40:00,2026-03-20 07:37:40,12,4668.378,4691.846287545789,4647.370299,4693.948550000002,4693.948550000002,-0.5458954167702191,tp,0.1,0.7000000000000001,233.98287545789282,1.1171278354442398,-1153.7240666101661
2026-03-20,-1,2026-03-20 08:00:00,2026-03-20 08:20:40,5,4706.327,4727.5054715,4727.5054715,4692.127444444446,4692.127444444446,0.30191114208388453,sl,0.1,0.7000000000000001,-212.4847149999943,-1.0,-1366.2087816101612
2026-03-20,-1,2026-03-20 08:30:00,2026-03-20 08:45:50,4,4723.022,4694.000503174605,4744.275599,4693.608839869283,4693.608839869283,0.6262059991248848,tp,0.1,0.7000000000000001,289.51496825394935,1.365486232491513,-1076.6938133562126
2026-03-20,1,2026-03-20 09:35:00,2026-03-20 10:01:30,6,4678.509,4657.4557095,4657.4557095,4693.758966666667,4693.758966666667,-0.32493075965292983,sl,0.1,0.7000000000000001,-211.23290500000002,-1.0,-1287.9267183562133
2026-03-20,1,2026-03-20 10:10:00,2026-03-20 12:09:45,24,4655.417,4687.326391954025,4634.467623500001,4692.298133879782,4692.298133879782,-0.7885183938470055,tp,0.1,0.7000000000000001,318.39391954024615,1.5231666657967124,-969.5327988159679
2026-03-20,1,2026-03-20 12:40:00,2026-03-20 13:31:30,11,4666.03,4645.032865,4645.032865,4687.04948026316,4687.04948026316,-0.4509869236962519,sl,0.1,0.7000000000000001,-210.67134999999615,-1.0,-1180.2041488159648
2026-03-20,1,2026-03-20 13:40:00,2026-03-20 13:51:40,3,4654.437,4633.4920335,4633.4920335,4685.457571138212,4685.457571138212,-0.6619432716510067,sl,0.1,0.7000000000000001,-210.1496650000019,-1.0,-1390.3538138159674
2026-03-20,1,2026-03-20 14:00:00,2026-03-20 14:12:40,3,4616.43,4595.656065,4595.656065,4684.407527777777,4684.407527777777,-1.4509845135105386,sl,0.1,0.7000000000000001,-208.43935000000164,-1.0,-1598.7931638159698
2026-03-20,1,2026-03-20 14:20:00,2026-03-20 14:27:50,2,4575.3,4554.71115,4554.71115,4682.44005620155,4682.44005620155,-2.287238168905231,sl,0.1,0.7000000000000001,-206.58850000000092,-1.0,-1805.3816638159715
2026-03-20,1,2026-03-20 14:35:00,2026-03-20 14:54:40,4,4580.741,4560.1276655,4560.1276655,4680.469263809524,4680.469263809524,-2.1307001112182093,sl,0.1,0.7000000000000001,-206.83334499999836,-1.0,-2012.2150088159706
2026-03-20,1,2026-03-20 15:00:00,2026-03-20 15:25:55,6,4564.401,4543.8611955,4543.8611955,4677.363383333334,4677.363383333334,-2.4150333013645984,sl,0.1,0.7000000000000001,-206.09804500000172,-1.0,-2218.313053815973
2026-03-20,1,2026-03-20 15:35:00,2026-03-20 15:49:30,3,4568.464,4547.905912,4547.905912,4673.212820855616,4673.212820855616,-2.2496583161467765,sl,0.1,0.7000000000000001,-206.2808799999977,-1.0,-2424.5939338159715
2026-03-20,1,2026-03-20 15:55:00,2026-03-20 18:22:50,30,4558.669,4538.1549895,4538.1549895,4670.801367364747,4670.801367364747,-2.400570235081699,sl,0.1,0.7000000000000001,-205.8401050000004,-1.0,-2630.4340388159726
2026-03-20,1,2026-03-20 18:30:00,2026-03-20 18:42:40,3,4554.752,4534.255616,4534.255616,4657.3884099099105,4657.3884099099105,-2.205676247472291,sl,0.1,0.7000000000000001,-205.66384000000033,-1.0,-2836.0978788159737
2026-03-20,1,2026-03-20 18:50:00,2026-03-20 18:55:30,2,4511.239,4490.9384245,4490.9384245,4655.233802359882,4655.233802359882,-3.097036765087836,sl,0.1,0.7000000000000001,-203.70575499999467,-1.0,-3039.803633815969
2026-03-20,1,2026-03-20 19:05:00,2026-03-20 20:57:55,23,4500.742,4497.578,4480.488661,4653.2270298398835,4653.2270298398835,-3.2749429344978203,session_end,0.1,0.7000000000000001,-32.3399999999976,-0.15622115444765824,-3072.1436338159674
2026-03-23,1,2026-03-23 00:35:00,2026-03-23 00:35:20,1,4401.287,4381.4812085,4381.4812085,4432.912928571429,4432.912928571429,-0.7153857764052399,sl,0.1,0.7000000000000001,-198.7579149999994,-1.0,-3270.9015488159675
2026-03-23,1,2026-03-23 00:45:00,2026-03-23 00:52:30,2,4362.345,4342.7144475000005,4342.7144475000005,4416.441203703704,4416.441203703704,-1.2276559610537792,sl,0.1,0.7000000000000001,-197.00552499999793,-1.0,-3467.907073815966
2026-03-23,1,2026-03-23 01:00:00,2026-03-23 01:00:10,1,4354.495,4334.8997725,4334.8997725,4399.262138888889,4399.262138888889,-1.0177079127227735,sl,0.1,0.7000000000000001,-196.65227499999963,-1.0,-3664.5593488159666
2026-03-23,-1,2026-03-23 01:20:00,2026-03-23 01:33:45,3,4429.294,4449.225823,4449.225823,4399.069791666668,4399.069791666668,0.6899119534503619,sl,0.1,0.7000000000000001,-200.01822999999894,-1.0,-3864.5775788159663
2026-03-23,-1,2026-03-23 01:40:00,2026-03-23 01:51:55,3,4445.03,4408.1767121212115,4465.032635,4406.1642,4406.1642,0.8769827506655387,tp,0.1,0.7000000000000001,367.8328787878825,1.8424216548863972,-3496.7447000280845
2026-03-23,1,2026-03-23 02:00:00,2026-03-23 02:01:55,1,4387.596,4407.600930555555,4367.851818,4407.600930555555,4407.600930555555,-0.4498236312210052,tp,0.1,0.7000000000000001,199.34930555555803,1.0132063488655216,-3297.395394472527
2026-03-23,1,2026-03-23 02:35:00,2026-03-23 02:53:10,4,4388.475,4368.726862500001,4368.726862500001,4406.685973118279,4406.685973118279,-0.4068697707904199,sl,0.1,0.7000000000000001,-198.18137499999756,-1.0,-3495.5767694725255
2026-03-23,1,2026-03-23 03:00:00,2026-03-23 03:40:50,9,4360.784,4341.160472,4341.160472,4401.94236111111,4401.94236111111,-0.9387869654131143,sl,0.1,0.7000000000000001,-196.93528000000077,-1.0,-3692.512049472527
2026-03-23,1,2026-03-23 03:50:00,2026-03-23 05:30:35,21,4351.863,4332.279616500001,4332.279616500001,4391.604710144927,4391.604710144927,-0.9125413781515781,sl,0.1,0.7000000000000001,-196.53383499999399,-1.0,-3889.0458844725217
2026-03-23,1,2026-03-23 05:40:00,2026-03-23 05:52:45,3,4326.815,4307.3443325,4307.3443325,4382.272401960784,4382.272401960784,-1.2686774545532062,sl,0.1,0.7000000000000001,-195.40667499999762,-1.0,-4084.45255947252
2026-03-23,1,2026-03-23 06:00:00,2026-03-23 06:03:00,1,4310.587,4291.189358500001,4291.189358500001,4378.655314814814,4378.655314814814,-1.5618451304771523,sl,0.1,0.7000000000000001,-194.67641499999735,-1.0,-4279.128974472518
2026-03-23,1,2026-03-23 06:10:00,2026-03-23 06:28:15,4,4275.694,4256.453377000001,4256.453377000001,4376.152572072071,4376.152572072071,-2.297750602065041,sl,0.1,0.7000000000000001,-193.10622999999686,-1.0,-4472.235204472516
2026-03-23,1,2026-03-23 06:35:00,2026-03-23 06:36:30,1,4237.699,4218.6293545,4218.6293545,4369.407926160337,4369.407926160337,-3.022112569754407,sl,0.1,0.7000000000000001,-191.3964549999975,-1.0,-4663.631659472514
2026-03-23,1,2026-03-23 06:45:00,2026-03-23 06:47:40,1,4183.266,4164.441303,4164.441303,4365.648430041152,4365.648430041152,-4.181622340107477,sl,0.1,0.7000000000000001,-188.94697000000014,-1.0,-4852.578629472515
2026-03-23,1,2026-03-23 06:55:00,2026-03-23 07:01:25,2,4212.656,4193.699048,4193.699048,4361.7493433734935,4361.7493433734935,-3.4215593704444123,sl,0.1,0.7000000000000001,-190.26951999999545,-1.0,-5042.848149472511
2026-03-23,1,2026-03-23 07:10:00,2026-03-23 07:13:35,1,4158.149,4139.4373295000005,4139.4373295000005,4355.758507751938,4355.758507751938,-4.540518199068183,sl,0.1,0.7000000000000001,-187.81670499999854,-1.0,-5230.66485447251
2026-03-23,1,2026-03-23 07:20:00,2026-03-23 07:22:15,1,4117.152,4098.6248160000005,4098.6248160000005,4350.775757575758,4350.775757575758,-5.367002819420566,sl,0.1,0.7000000000000001,-185.97183999999578,-1.0,-5416.636694472507
2026-03-23,1,2026-03-23 07:30:00,2026-03-23 11:05:30,44,4136.227,4313.442294486216,4117.6139785000005,4345.809433333333,4345.809433333333,-4.81942286117883,tp,0.1,0.7000000000000001,1771.452944862164,9.521038509853026,-3645.1837496103435
2026-03-23,-1,2026-03-23 11:15:00,2026-03-23 12:52:05,20,4456.536,4476.590412,4476.590412,4314.791025925926,4314.791025925926,3.287887483348758,sl,0.1,0.7000000000000001,-201.244119999995,-1.0,-3846.4278696103393
2026-03-23,-1,2026-03-23 13:00:00,2026-03-23 14:23:20,17,4478.427,4498.5799215,4498.5799215,4326.759941239317,4326.759941239317,3.505777090032753,sl,0.1,0.7000000000000001,-202.22921500000047,-1.0,-4048.6570846103405
2026-03-23,-1,2026-03-23 14:30:00,2026-03-23 22:06:10,80,4486.556,4363.68250922266,4506.745502,4339.532219348659,4339.532219348659,3.3844265517029584,tp,0.1,0.7000000000000001,1228.034907773396,6.086008995038043,-2820.622176836945
2026-03-23,-1,2026-03-23 22:15:00,2026-03-23 22:50:25,8,4397.595,4417.3841775,4417.3841775,4363.851116993463,4363.851116993463,0.7864471561115561,sl,0.1,0.7000000000000001,-198.59177499999822,-1.0,-3019.213951836944
2026-03-23,-1,2026-03-23 23:00:00,2026-03-23 23:27:15,6,4426.628,4446.547825999999,4446.547825999999,4365.454892676767,4365.454892676767,1.4044723592514021,sl,0.1,0.7000000000000001,-199.89825999999374,-1.0,-3219.1122118369385
2026-03-24,1,2026-03-24 00:35:00,2026-03-24 00:39:15,1,4371.674,4352.001467,4352.001467,4410.126333333334,4410.126333333334,-0.8806512647899134,sl,0.1,0.7000000000000001,-197.4253299999993,-1.0,-3416.5375418369385
2026-03-24,1,2026-03-24 00:45:00,2026-03-24 01:43:25,12,4344.614,4325.063236999999,4325.063236999999,4396.49337037037,4396.49337037037,-1.1828260840977753,sl,0.1,0.7000000000000001,-196.20763000000187,-1.0,-3612.745171836941
2026-03-24,1,2026-03-24 01:50:00,2026-03-24 02:30:35,9,4315.093,4358.741105555556,4295.6750815000005,4370.527643939394,4370.527643939394,-1.2710626374009422,tp,0.1,0.7000000000000001,435.7810555555596,2.2478261794927916,-3176.9641162813823
2026-03-24,1,2026-03-24 03:40:00,2026-03-24 05:05:45,18,4342.227,4322.6869785,4322.6869785,4359.0090795454535,4359.0090795454535,-0.37787440321575816,sl,0.1,0.7000000000000001,-196.10021499999965,-1.0,-3373.0643312813827
2026-03-24,1,2026-03-24 05:15:00,2026-03-24 05:40:40,6,4335.678,4352.373977941175,4316.1674490000005,4353.531481481481,4353.531481481481,-0.42094519264265823,tp,0.1,0.7000000000000001,166.25977941175444,0.8557409752895221,-3206.804551869629
2026-03-24,-1,2026-03-24 06:10:00,2026-03-24 06:22:25,3,4369.143,4388.8041435,4388.8041435,4352.78469144144,4352.78469144144,0.3762604796594343,sl,0.1,0.7000000000000001,-197.31143499999524,-1.0,-3404.115986869625
2026-03-24,-1,2026-03-24 06:30:00,2026-03-24 07:00:15,7,4386.86,4406.600869999999,4406.600869999999,4354.0254294871775,4354.0254294871775,0.7568185130398661,sl,0.1,0.7000000000000001,-198.1086999999963,-1.0,-3602.224686869622
2026-03-24,-1,2026-03-24 07:10:00,2026-03-24 10:55:55,46,4415.562,4435.432029,4435.432029,4357.612812015503,4357.612812015503,1.332488463050043,sl,0.1,0.7000000000000001,-199.40028999999703,-1.0,-3801.62497686962
2026-03-24,-1,2026-03-24 11:05:00,2026-03-24 11:37:30,7,4409.321,4429.1629445,4429.1629445,4377.739370927318,4377.739370927318,0.714298555102379,sl,0.1,0.7000000000000001,-199.11944499999953,-1.0,-4000.74442186962
2026-03-24,-1,2026-03-24 11:45:00,2026-03-24 12:33:35,10,4422.203,4381.9072633333335,4442.1029135,4380.001437352245,4380.001437352245,0.9638823925426634,tp,0.1,0.7000000000000001,402.25736666666927,2.0249201920736,-3598.4870552029515
2026-03-24,1,2026-03-24 12:40:00,2026-03-24 12:47:25,2,4365.458,4381.805956427015,4345.813439,4381.887338815789,4381.887338815789,-0.38101935364454775,tp,0.1,0.7000000000000001,162.77956427015562,0.8321874144713901,-3435.7074909327966
2026-03-24,1,2026-03-24 13:30:00,2026-03-24 13:57:10,6,4357.207,4380.874735528942,4337.599568500001,4381.516146090534,4381.516146090534,-0.5551878682961842,tp,0.1,0.7000000000000001,235.97735528942104,1.2070798528069606,-3199.7301356433763
2026-03-24,-1,2026-03-24 14:05:00,2026-03-24 14:34:25,6,4396.218,4416.000980999999,4416.000980999999,4380.915515779093,4380.915515779093,0.34915040396953123,sl,0.1,0.7000000000000001,-198.5298099999938,-1.0,-3398.259945643371
2026-03-24,-1,2026-03-24 14:40:00,2026-03-24 14:52:15,3,4407.454,4427.2875429999995,4427.2875429999995,4381.779869318182,4381.779869318182,0.5887021130943433,sl,0.1,0.7000000000000001,-199.03542999999735,-1.0,-3597.295375643369
2026-03-24,-1,2026-03-24 15:00:00,2026-03-24 17:32:10,31,4415.816,4386.972858730159,4435.687172,4382.518272222223,4382.518272222223,0.7600704825101987,tp,0.1,0.7000000000000001,287.73141269841,1.45150679938963,-3309.5639629449597
2026-03-24,-1,2026-03-24 18:25:00,2026-03-24 18:58:50,7,4406.312,4387.566773127754,4426.140404,4387.037255656109,4387.037255656109,0.4414424408847481,tp,0.1,0.7000000000000001,186.7522687224635,0.9453724501602084,-3122.811694222497
2026-03-24,-1,2026-03-24 19:10:00,2026-03-24 20:22:15,15,4404.463,4424.2830834999995,4424.2830834999995,4387.682363768116,4387.682363768116,0.38239176952348686,sl,0.1,0.7000000000000001,-198.9008349999978,-1.0,-3321.7125292224955
2026-03-24,-1,2026-03-24 20:30:00,2026-03-24 20:52:00,5,4455.488,4475.537696,4475.537696,4389.08493089431,4389.08493089431,1.516775595684928,sl,0.1,0.7000000000000001,-201.1969600000004,-1.0,-3522.9094892224966
2026-03-24,-1,2026-03-24 22:00:45,2026-03-24 23:22:00,17,4479.843,4500.0022935,4500.0022935,4390.935824074074,4390.935824074074,1.9604175368260548,sl,0.1,0.7000000000000001,-202.29293499999875,-1.0,-3725.202424222496
2026-03-25,-1,2026-03-25 00:40:00,2026-03-25 01:01:45,5,4566.15,4556.2856388888895,4586.697674999999,4551.068041666667,4551.068041666667,0.3310532427859553,tp,0.1,0.7000000000000001,97.94361111110156,0.4800718870193466,-3627.2588131113953
2026-03-25,-1,2026-03-25 01:10:00,2026-03-25 01:49:45,8,4576.608,4597.202736,4597.202736,4557.864785714286,4557.864785714286,0.404656898632038,sl,0.1,0.7000000000000001,-206.6473600000001,-1.0,-3833.906173111396
2026-03-25,-1,2026-03-25 01:55:00,2026-03-25 03:03:55,14,4598.247,4575.344490740741,4618.9391115,4567.541586956521,4567.541586956521,0.6752409902857484,tp,0.1,0.7000000000000001,228.32509259259206,1.1068232093790764,-3605.581080518805
2026-03-25,1,2026-03-25 05:30:00,2026-03-25 06:14:30,9,4555.032,4534.534356,4534.534356,4573.779601010101,4573.779601010101,-0.41036303992338485,sl,0.1,0.7000000000000001,-205.67644000000035,-1.0,-3811.257520518806
2026-03-25,1,2026-03-25 06:20:00,2026-03-25 08:20:45,25,4549.269,4566.222281666667,4528.7972895,4571.057585526316,4571.057585526316,-0.47691557409697716,tp,0.1,0.7000000000000001,168.83281666666954,0.828132151764601,-3642.424703852137
2026-03-25,1,2026-03-25 09:45:00,2026-03-25 09:48:15,1,4550.897,4530.4179635,4530.4179635,4565.478831908833,4565.478831908833,-0.32150695358049947,sl,0.1,0.7000000000000001,-205.49036499999892,-1.0,-3847.9150688521368
2026-03-25,1,2026-03-25 09:55:00,2026-03-25 11:04:30,14,4548.325,4564.193377525252,4527.8575375,4565.083190476191,4565.083190476191,-0.3681135649674222,tp,0.1,0.7000000000000001,157.98377525252073,0.7752977451529344,-3689.9312935996168
2026-03-25,-1,2026-03-25 11:25:00,2026-03-25 12:16:55,11,4582.243,4565.414360544217,4602.8630935,4564.340209245742,4564.340209245742,0.3897888837957092,tp,0.1,0.7000000000000001,167.5863945578356,0.8161281836953743,-3522.344899041782
2026-03-25,1,2026-03-25 12:30:00,2026-03-25 12:31:40,1,4545.461,4525.006425500001,4525.006425500001,4565.280854444444,4565.280854444444,-0.4389730902302414,sl,0.1,0.7000000000000001,-205.2457449999958,-1.0,-3727.5906440417784
2026-03-25,1,2026-03-25 12:45:00,2026-03-25 13:04:05,4,4547.655,4564.4939925213675,4527.1905525,4564.879954248366,4564.879954248366,-0.3795380036717366,tp,0.1,0.7000000000000001,167.689925213678,0.8228412969061671,-3559.900718828101
2026-03-25,1,2026-03-25 13:55:00,2026-03-25 14:30:00,8,4546.763,4563.684022030651,4526.3025665000005,4564.220477045908,4564.220477045908,-0.3819047991562048,tp,0.1,0.7000000000000001,168.5102203065133,0.8270119022967808,-3391.3904985215886
2026-03-25,1,2026-03-25 15:10:00,2026-03-25 15:17:55,2,4550.154,4529.678307000001,4529.678307000001,4563.759903846155,4563.759903846155,-0.30044095515628644,sl,0.1,0.7000000000000001,-205.4569299999941,-1.0,-3596.8474285215834
2026-03-25,1,2026-03-25 16:20:00,2026-03-25 17:34:15,15,4549.52,4562.594045238096,4529.047160000001,4563.244958333333,4563.244958333333,-0.30268939010404766,tp,0.1,0.7000000000000001,130.04045238096006,0.6386043772186153,-3466.806976140624
2026-03-25,1,2026-03-25 17:55:00,2026-03-25 18:01:05,2,4548.108,4562.441752314816,4527.641514000001,4562.496564341086,4562.496564341086,-0.31542082581633024,tp,0.1,0.7000000000000001,142.63752314815684,0.7003523865707156,-3324.169452992468
2026-03-25,1,2026-03-25 18:50:00,2026-03-25 19:08:45,4,4544.324,4523.874542,4523.874542,4561.977592182891,4561.977592182891,-0.3896137546433436,sl,0.1,0.7000000000000001,-205.19458000000049,-1.0,-3529.364032992469
2026-03-25,1,2026-03-25 19:15:00,2026-03-25 23:59:55,45,4509.136,4498.201,4488.8448880000005,4561.198786435788,4561.198786435788,-1.14332413204333,session_end,0.1,0.7000000000000001,-110.050000000004,-0.5389059012635908,-3639.414032992474
2026-03-26,1,2026-03-26 02:40:00,2026-03-26 04:48:10,26,4514.835,4522.485266081872,4494.5182425,4528.9565,4528.9565,-0.3139354506937913,tp,0.1,0.7000000000000001,75.8026608187236,0.37654955924302624,-3563.611372173751
2026-03-26,1,2026-03-26 05:25:00,2026-03-26 05:30:05,2,4505.474,4485.199367,4485.199367,4521.593402564102,4521.593402564102,-0.3639845757641217,sl,0.1,0.7000000000000001,-203.44632999999993,-1.0,-3767.0577021737517
2026-03-26,1,2026-03-26 05:40:00,2026-03-26 05:47:25,2,4490.251,4470.044870500001,4470.044870500001,4520.290294117647,4520.290294117647,-0.667762292986528,sl,0.1,0.7000000000000001,-202.76129499999405,-1.0,-3969.8189971737465
2026-03-26,1,2026-03-26 05:55:00,2026-03-26 05:59:10,1,4462.718,4442.635769,4442.635769,4518.432556338028,4518.432556338028,-1.235496062892913,sl,0.1,0.7000000000000001,-201.5223099999941,-1.0,-4171.341307173741
2026-03-26,1,2026-03-26 06:05:00,2026-03-26 06:13:45,2,4442.14,4422.15037,4422.15037,4516.388175799087,4516.388175799087,-1.6391566206770587,sl,0.1,0.7000000000000001,-200.59630000000033,-1.0,-4371.937607173742
2026-03-26,1,2026-03-26 06:20:00,2026-03-26 14:34:25,99,4430.414,4471.923954022989,4410.477137,4512.9743508771935,4512.9743508771935,-1.8353494710443767,tp,0.1,0.7000000000000001,414.39954022989406,2.082070485361193,-3957.538066943849
2026-03-26,1,2026-03-26 14:55:00,2026-03-26 16:01:50,14,4449.785,4429.7609675,4429.7609675,4471.730853817506,4471.730853817506,-0.49335155756684257,sl,0.1,0.7000000000000001,-200.9403249999952,-1.0,-4158.478391943845
2026-03-26,1,2026-03-26 16:10:00,2026-03-26 16:20:40,3,4439.602,4419.623791,4419.623791,4469.925393470791,4469.925393470791,-0.6722459733820908,sl,0.1,0.7000000000000001,-200.48208999999878,-1.0,-4358.960481943845
2026-03-26,1,2026-03-26 16:30:00,2026-03-26 16:32:25,1,4396.845,4377.059197500001,4377.059197500001,4468.866469696971,4468.866469696971,-1.6109223711455427,sl,0.1,0.7000000000000001,-198.5580249999959,-1.0,-4557.518506943841
2026-03-26,1,2026-03-26 16:40:00,2026-03-26 20:03:25,41,4375.811,4356.1198505,4356.1198505,4468.015180000001,4468.015180000001,-2.0634594173424814,sl,0.1,0.7000000000000001,-197.61149499999482,-1.0,-4755.130001943837
2026-03-26,1,2026-03-26 20:10:00,2026-03-26 23:59:55,34,4355.902,4405.01,4336.300441,4453.442438016529,4453.442438016529,-2.184847774969003,session_end,0.1,0.7000000000000001,490.38000000000176,2.505310929605184,-4264.750001943836
2026-03-27,1,2026-03-27 01:00:00,2026-03-27 01:06:00,2,4378.571,4393.03191025641,4358.8674305,4393.689222222222,4393.689222222222,-0.3458988893742362,tp,0.1,0.7000000000000001,143.9091025640999,0.7339233764932975,-4120.840899379737
2026-03-27,-1,2026-03-27 01:35:00,2026-03-27 02:02:50,6,4411.69,4431.542605,4431.542605,4394.898710526317,4394.898710526317,0.38205179640358117,sl,0.1,0.7000000000000001,-199.22605000000038,-1.0,-4320.066949379738
2026-03-27,-1,2026-03-27 02:10:00,2026-03-27 05:34:10,41,4435.661,4455.6214745,4455.6214745,4401.66244871795,4401.66244871795,0.7721185274429548,sl,0.1,0.7000000000000001,-200.3047449999969,-1.0,-4520.371694379735
2026-03-27,-1,2026-03-27 05:40:00,2026-03-27 08:26:35,34,4473.965,4434.243493399341,4494.0978425,4423.659039215687,4423.659039215687,1.1415766978565847,tp,0.1,0.7000000000000001,396.5150660065927,1.9729706126027147,-4123.856628373143
2026-03-27,1,2026-03-27 10:45:00,2026-03-27 12:16:25,19,4416.036,4431.255856009071,4396.163838,4433.309722222222,4433.309722222222,-0.3920146191254698,tp,0.1,0.7000000000000001,151.4985600907101,0.7658882817617564,-3972.358068282434
2026-03-27,-1,2026-03-27 14:05:00,2026-03-27 14:50:35,10,4457.866,4477.926397,4477.926397,4431.278227810651,4431.278227810651,0.6023605564152675,sl,0.1,0.7000000000000001,-201.30397000000193,-1.0,-4173.662038282437
2026-03-27,-1,2026-03-27 15:00:00,2026-03-27 15:13:45,3,4509.851,4530.145329499999,4530.145329499999,4433.483127777777,4433.483127777777,1.7205743209957491,sl,0.1,0.7000000000000001,-203.64329499999548,-1.0,-4377.305333282433
2026-03-27,-1,2026-03-27 15:20:00,2026-03-27 15:23:45,1,4532.472,4552.868124,4552.868124,4435.348302536232,4435.348302536232,2.198884750674472,sl,0.1,0.7000000000000001,-204.6612399999987,-1.0,-4581.966573282432
2026-03-27,-1,2026-03-27 15:30:00,2026-03-27 20:57:55,66,4543.785,4495.682,4564.2320325,4436.526078853047,4436.526078853047,2.417306226557314,session_end,0.1,0.7000000000000001,480.33000000000067,2.352566319831476,-4101.636573282432
2026-03-30,-1,2026-03-30 01:10:00,2026-03-30 01:30:35,5,4456.921,4445.229574074074,4476.9771445,4442.15219047619,4442.15219047619,0.33115275868639177,tp,0.1,0.7000000000000001,116.21425925926523,0.5829348669644298,-3985.422314023168
2026-03-30,-1,2026-03-30 01:40:00,2026-03-30 02:42:35,13,4467.699,4487.803645499999,4487.803645499999,4447.234633333333,4447.234633333333,0.4597883483233501,sl,0.1,0.7000000000000001,-201.74645499999605,-1.0,-4187.168769023165
2026-03-30,-1,2026-03-30 02:50:00,2026-03-30 03:20:35,7,4491.627,4511.839321500001,4511.839321500001,4457.670039215686,4457.670039215686,0.7612824746060435,sl,0.1,0.7000000000000001,-202.82321500000143,-1.0,-4389.991984023167
2026-03-30,-1,2026-03-30 03:30:00,2026-03-30 05:53:30,29,4506.978,4527.259401,4527.259401,4465.5785000000005,4465.5785000000005,0.9336528290791282,sl,0.1,0.7000000000000001,-203.51401000000186,-1.0,-4593.5059940231695
2026-03-30,-1,2026-03-30 06:00:00,2026-03-30 06:45:35,10,4522.351,4542.7015795,4542.7015795,4480.522819444445,4480.522819444445,0.9397046338618039,sl,0.1,0.7000000000000001,-204.20579500000093,-1.0,-4797.711789023171
2026-03-30,-1,2026-03-30 06:55:00,2026-03-30 11:44:50,58,4536.415,4556.828867499999,4556.828867499999,4487.556512048194,4487.556512048194,1.0871392442819352,sl,0.1,0.7000000000000001,-204.83867499999468,-1.0,-5002.550464023167
2026-03-30,-1,2026-03-30 11:50:00,2026-03-30 14:21:30,31,4570.892,4515.306994186046,4591.4610139999995,4506.539291079813,4506.539291079813,1.4212726170382552,tp,0.1,0.7000000000000001,555.1500581395401,2.7023660839530192,-4447.400405883627
2026-03-30,-1,2026-03-30 14:50:00,2026-03-30 15:42:25,11,4531.837,4552.230266500001,4552.230266500001,4515.624138576778,4515.624138576778,0.35446620294369824,sl,0.1,0.7000000000000001,-204.63266500000208,-1.0,-4652.03307088363
2026-03-30,-1,2026-03-30 15:50:00,2026-03-30 17:31:40,21,4552.594,4519.199830158728,4573.0806729999995,4517.083361403508,4517.083361403508,0.7814807868749086,tp,0.1,0.7000000000000001,333.24169841271834,1.630043582053209,-4318.791372470912
2026-03-30,1,2026-03-30 19:00:00,2026-03-30 19:56:40,12,4498.958,4518.207188981868,4478.712689,4518.969809941518,4518.969809941518,-0.43889007396963176,tp,0.1,0.7000000000000001,191.7918898186843,0.9507973960918031,-4126.999482652229
2026-03-30,1,2026-03-30 20:25:00,2026-03-30 22:01:15,8,4503.287,4517.6422261904745,4483.0222085000005,4517.9896877551,4517.9896877551,-0.3259234476565716,tp,0.1,0.7000000000000001,142.85226190474242,0.7083826246361529,-3984.147220747487
2026-03-31,-1,2026-03-31 00:40:00,2026-03-31 01:00:30,5,4530.077,4550.4623465,4550.4623465,4512.3949999999995,4512.3949999999995,0.3942806425412729,sl,0.1,0.7000000000000001,-204.55346500000195,-1.0,-4188.70068574749
2026-03-31,-1,2026-03-31 01:10:00,2026-03-31 01:18:50,2,4539.009,4559.4345404999995,4559.4345404999995,4524.275499999999,4524.275499999999,0.32798621569355924,sl,0.1,0.7000000000000001,-204.9554049999944,-1.0,-4393.656090747485
2026-03-31,-1,2026-03-31 01:25:00,2026-03-31 01:41:10,4,4585.516,4606.150822,4606.150822,4530.617931372549,4530.617931372549,1.2024533839017977,sl,0.1,0.7000000000000001,-207.04821999999984,-1.0,-4600.704310747486
2026-03-31,-1,2026-03-31 01:50:00,2026-03-31 03:22:50,19,4603.447,4562.313350000001,4624.1625115,4544.889863636363,4544.889863636363,1.2881860313506874,tp,0.1,0.7000000000000001,410.63649999998853,1.9856449115436836,-4190.067810747498
2026-03-31,-1,2026-03-31 05:40:00,2026-03-31 06:00:55,5,4577.495,4562.767689814816,4598.0937275,4562.017024509804,4562.017024509804,0.3388956114616194,tp,0.1,0.7000000000000001,146.57310185184252,0.714962134684505,-4043.494708895656
2026-03-31,1,2026-03-31 07:20:00,2026-03-31 07:45:50,6,4546.827,4561.651693548386,4526.366278500001,4562.0394090909085,4562.0394090909085,-0.32954360413787315,tp,0.1,0.7000000000000001,147.54693548385768,0.7245440268753979,-3895.947773411799
2026-03-31,1,2026-03-31 10:40:00,2026-03-31 11:11:15,7,4534.438,4561.275751243781,4514.033029,4562.053289062499,4562.053289062499,-0.6076384317771799,tp,0.1,0.7000000000000001,267.67751243780987,1.315255544532804,-3628.27026097399
2026-03-31,-1,2026-03-31 11:25:00,2026-03-31 12:09:15,9,4575.806,4596.397126999999,4596.397126999999,4561.293465936739,4561.293465936739,0.31879189909291267,sl,0.1,0.7000000000000001,-206.61126999999686,-1.0,-3834.8815309739875
2026-03-31,-1,2026-03-31 12:20:00,2026-03-31 13:53:55,19,4580.711,4601.3241995,4601.3241995,4562.9098626126115,4562.9098626126115,0.3925924010502369,sl,0.1,0.7000000000000001,-206.83199499999608,-1.0,-4041.7135259739844
2026-03-31,-1,2026-03-31 14:00:00,2026-03-31 14:34:05,7,4607.453,4628.1865385,4628.1865385,4565.174761904762,4565.174761904762,0.9299696136391586,sl,0.1,0.7000000000000001,-208.03538499999667,-1.0,-4249.748910973982
2026-03-31,-1,2026-03-31 14:40:00,2026-03-31 16:39:50,24,4609.01,4629.750545,4629.750545,4567.367373106061,4567.367373106061,0.9147967194398164,sl,0.1,0.7000000000000001,-208.10544999999655,-1.0,-4457.854360973979
2026-03-31,-1,2026-03-31 16:45:00,2026-03-31 17:42:45,12,4641.735,4662.622807499999,4662.622807499999,4573.368418739636,4573.368418739636,1.4883139740384592,sl,0.1,0.7000000000000001,-209.57807499999325,-1.0,-4667.432435973973
2026-03-31,-1,2026-03-31 17:50:00,2026-03-31 19:40:35,23,4662.555,4683.5364975,4683.5364975,4577.90668224299,4577.90668224299,1.8488541517307673,sl,0.1,0.7000000000000001,-210.5149749999993,-1.0,-4877.947410973973
2026-03-31,-1,2026-03-31 19:50:00,2026-03-31 23:59:55,38,4683.198,4696.63,4704.272391,4587.060777310924,4587.060777310924,2.0955188377823517,session_end,0.1,0.7000000000000001,-135.01999999999788,-0.6373612409487762,-5012.967410973972
2026-04-01,1,2026-04-01 01:40:00,2026-04-01 05:26:50,46,4686.728,4690.17331025641,4665.637724,4704.763933333334,4704.763933333334,-0.38347159579059653,tp,0.1,0.7000000000000001,33.75310256410266,0.16336013129511828,-4979.21430840987
2026-04-01,-1,2026-04-01 06:25:00,2026-04-01 06:57:55,7,4708.942,4730.132239,4730.132239,4690.769668831168,4690.769668831168,0.3873528749357649,sl,0.1,0.7000000000000001,-212.60238999999564,-1.0,-5191.816698409866
2026-04-01,-1,2026-04-01 07:05:00,2026-04-01 07:37:55,7,4722.774,4744.026483000001,4744.026483000001,4693.184178431373,4693.184178431373,0.6324985434206671,sl,0.1,0.7000000000000001,-213.2248300000021,-1.0,-5405.041528409869
2026-04-01,-1,2026-04-01 07:45:00,2026-04-01 11:38:25,47,4730.525,4751.8123625,4751.8123625,4695.919399641577,4695.919399641577,0.7459263538700598,sl,0.1,0.7000000000000001,-213.57362500000198,-1.0,-5618.615153409872
2026-04-01,-1,2026-04-01 11:45:00,2026-04-01 15:36:10,47,4760.393,4781.814768499999,4781.814768499999,4706.953140661937,4706.953140661937,1.1427213683818116,sl,0.1,0.7000000000000001,-214.91768499999415,-1.0,-5833.532838409867
2026-04-01,-1,2026-04-01 15:45:00,2026-04-01 23:59:55,84,4785.495,4784.359,4807.029727499999,4717.4210767195755,4717.4210767195755,1.4425344308620727,session_end,0.1,0.7000000000000001,10.659999999995126,0.052752002550277954,-5822.872838409872
2026-04-02,1,2026-04-02 01:05:00,2026-04-02 01:20:15,4,4744.051,4722.702770500001,4722.702770500001,4786.632628205128,4786.632628205128,-0.8888947932710332,sl,0.1,0.7000000000000001,-214.18229499999433,-1.0,-6037.055133409867
2026-04-02,1,2026-04-02 01:30:00,2026-04-02 01:31:05,1,4697.313,4676.1750915,4676.1750915,4770.84512962963,4770.84512962963,-1.5414172464520592,sl,0.1,0.7000000000000001,-212.07908499999866,-1.0,-6249.134218409867
2026-04-02,1,2026-04-02 01:40:00,2026-04-02 02:32:10,11,4697.658,4676.518539000001,4676.518539000001,4762.1181,4762.1181,-1.3575597799643073,sl,0.1,0.7000000000000001,-212.09460999999754,-1.0,-6461.228828409865
2026-04-02,1,2026-04-02 02:40:00,2026-04-02 05:34:10,35,4659.876,4638.906558000001,4638.906558000001,4735.328927083333,4735.328927083333,-1.600299118608604,sl,0.1,0.7000000000000001,-210.39441999999616,-1.0,-6671.623248409862
2026-04-02,1,2026-04-02 05:40:00,2026-04-02 05:45:30,2,4646.816,4625.905328,4625.905328,4703.469877450978,4703.469877450978,-1.2078822429233411,sl,0.1,0.7000000000000001,-209.80671999999976,-1.0,-6881.429968409862
2026-04-02,1,2026-04-02 05:55:00,2026-04-02 06:02:00,2,4604.311,4583.5916005,4583.5916005,4699.707330985913,4699.707330985913,-2.0323144455439293,sl,0.1,0.7000000000000001,-207.8939949999978,-1.0,-7089.323963409861
2026-04-02,1,2026-04-02 06:10:00,2026-04-02 13:58:30,94,4568.256,4651.45155788423,4547.698848000001,4695.089896396394,4695.089896396394,-2.7011068838901338,tp,0.1,0.7000000000000001,831.2555788422985,4.04703715204481,-6258.068384567563
2026-04-02,-1,2026-04-02 14:25:00,2026-04-02 14:37:15,3,4674.87,4695.906915,4695.906915,4651.451151252407,4651.451151252407,0.504731705959588,sl,0.1,0.7000000000000001,-211.0691499999968,-1.0,-6469.137534567559
2026-04-02,-1,2026-04-02 14:45:00,2026-04-02 15:51:40,14,4693.382,4653.521312280699,4714.502218999999,4652.03940583804,4652.03940583804,0.8888594991277924,tp,0.1,0.7000000000000001,397.90687719300587,1.8873235982686363,-6071.230657374554
2026-04-02,-1,2026-04-02 18:50:00,2026-04-02 20:57:55,26,4669.0,4675.581,4690.010499999999,4654.0956946902625,4654.0956946902625,0.32863108782199096,session_end,0.1,0.7000000000000001,-66.51000000000131,-0.313224340210862,-6137.740657374556
2026-04-06,-1,2026-04-06 01:10:00,2026-04-06 01:20:10,3,4637.69,4621.290875,4658.5596049999995,4619.2025,4619.2025,0.3999608157468622,tp,0.1,0.7000000000000001,163.29124999999914,0.7857899083379881,-5974.449407374557
2026-04-06,-1,2026-04-06 01:30:00,2026-04-06 01:41:30,3,4641.098,4623.696483333333,4661.982940999999,4622.715203703704,4622.715203703704,0.40507138058803766,tp,0.1,0.7000000000000001,173.31516666666795,0.8332088018188484,-5801.13424070789
2026-04-06,-1,2026-04-06 02:20:00,2026-04-06 03:03:15,9,4663.196,4632.559435185184,4684.180382,4626.0120119047615,4626.0120119047615,0.8039643649763142,tp,0.1,0.7000000000000001,305.6656481481576,1.4599698392269203,-5495.468592559733
2026-04-06,-1,2026-04-06 04:05:00,2026-04-06 05:07:55,13,4647.95,4668.865774999999,4668.865774999999,4632.903309523808,4632.903309523808,0.32586888755387355,sl,0.1,0.7000000000000001,-209.85774999999484,-1.0,-5705.326342559729
2026-04-06,-1,2026-04-06 05:15:00,2026-04-06 08:04:50,34,4673.539,4694.5699255,4694.5699255,4637.243018518518,4637.243018518518,0.7833853290934044,sl,0.1,0.7000000000000001,-211.00925500000193,-1.0,-5916.3355975597315
2026-04-06,-1,2026-04-06 08:10:00,2026-04-06 09:43:00,19,4684.528,4705.608376,4705.608376,4646.276772108843,4646.276772108843,0.8288513530303138,sl,0.1,0.7000000000000001,-211.50375999999886,-1.0,-6127.839357559731
2026-04-06,-1,2026-04-06 09:50:00,2026-04-06 12:23:20,31,4700.486,4661.6975382882865,4721.638187,4654.858014124294,4654.858014124294,0.9800188477776398,tp,0.1,0.7000000000000001,387.18461711713354,1.8337802002087977,-5740.654740442598
2026-04-06,-1,2026-04-06 12:40:00,2026-04-06 13:21:55,9,4676.421,4662.467524999997,4697.4648945,4661.901543859647,4661.901543859647,0.3129614815561681,tp,0.1,0.7000000000000001,138.83475000002983,0.663065242035082,-5601.819990442569
2026-04-06,-1,2026-04-06 13:55:00,2026-04-06 14:10:25,4,4678.87,4663.0097568627425,4699.924915,4662.787422155686,4662.787422155686,0.34449517831307036,tp,0.1,0.7000000000000001,157.90243137257386,0.7532798464043955,-5443.917559069996
2026-04-06,-1,2026-04-06 14:20:00,2026-04-06 15:06:40,10,4683.09,4664.156932780846,4704.163905,4663.135701550385,4663.135701550385,0.4279694979277583,tp,0.1,0.7000000000000001,188.6306721915451,0.8984128579470361,-5255.286886878452
2026-04-06,1,2026-04-06 18:40:00,2026-04-06 22:01:35,29,4649.875,4662.513222222222,4628.9505625,4663.683041666665,4663.683041666665,-0.30136142488883233,tp,0.1,0.7000000000000001,125.68222222221884,0.6039934035130924,-5129.604664656234
2026-04-07,1,2026-04-07 01:15:00,2026-04-07 01:20:10,2,4641.042,4654.983187499999,4620.157311000001,4655.535855555555,4655.535855555555,-0.32123811349682396,tp,0.1,0.7000000000000001,138.71187499998706,0.6675314868226682,-4990.892789656247
2026-04-07,1,2026-04-07 01:40:00,2026-04-07 01:56:50,4,4639.318,4618.441069,4618.441069,4654.184433333333,4654.184433333333,-0.3193456027845468,sl,0.1,0.7000000000000001,-209.46930999999785,-1.0,-5200.362099656246
2026-04-07,1,2026-04-07 02:05:00,2026-04-07 02:44:30,8,4628.167,4645.9014687499985,4607.340248500001,4649.7394866666655,4649.7394866666655,-0.4601975385508091,tp,0.1,0.7000000000000001,176.64468749998088,0.8515235201225827,-5023.717412156266
2026-04-07,-1,2026-04-07 04:45:00,2026-04-07 05:24:15,8,4662.211,4648.426682291666,4683.1909495,4647.163149122806,4647.163149122806,0.325087594138929,tp,0.1,0.7000000000000001,137.1431770833413,0.6570233979035218,-4886.574235072925
2026-04-07,1,2026-04-07 05:30:00,2026-04-07 06:12:00,9,4632.77,4647.196193693692,4611.922535000001,4648.278343434343,4648.278343434343,-0.3329155934949743,tp,0.1,0.7000000000000001,143.56193693691858,0.69198790805942,-4743.012298136007
2026-04-07,-1,2026-04-07 08:15:00,2026-04-07 08:22:05,2,4663.799,4684.7860955,4684.7860955,4647.355274410774,4647.355274410774,0.3499888566468264,sl,0.1,0.7000000000000001,-210.57095499999667,-1.0,-4953.583253136005
2026-04-07,-1,2026-04-07 08:30:00,2026-04-07 10:48:20,28,4678.602,4654.317489664082,4699.655709,4648.127150326796,4648.127150326796,0.6553252242908588,tp,0.1,0.7000000000000001,242.1451033591773,1.1534552100020934,-4711.438149776828
2026-04-07,1,2026-04-07 11:15:00,2026-04-07 11:37:30,5,4635.632,4653.900881294965,4614.771656,4654.164169135803,4654.164169135803,-0.391534730481723,tp,0.1,0.7000000000000001,181.9888129496547,0.8757708547359391,-4529.449336827174
2026-04-07,1,2026-04-07 13:45:00,2026-04-07 14:06:10,5,4639.998,4619.118009,4619.118009,4654.344805050505,4654.344805050505,-0.3080842879312433,sl,0.1,0.7000000000000001,-209.4999099999979,-1.0,-4738.949246827173
2026-04-07,1,2026-04-07 14:15:00,2026-04-07 14:33:50,4,4621.916,4653.282630268199,4601.117378000001,4653.65451754386,4653.65451754386,-0.6754910022940516,tp,0.1,0.7000000000000001,312.96630268198606,1.5081109829391388,-4425.9829441451875
2026-04-07,1,2026-04-07 15:00:00,2026-04-07 15:21:00,5,4633.536,4652.751722826086,4612.685088,4653.094583333333,4653.094583333333,-0.4199588678752793,tp,0.1,0.7000000000000001,191.45722826085768,0.9215770910205691,-4234.525715884331
2026-04-07,-1,2026-04-07 17:10:00,2026-04-07 19:19:35,26,4667.48,4688.483659999999,4688.483659999999,4653.13409223301,4653.13409223301,0.31059512751015006,sl,0.1,0.7000000000000001,-210.73659999999398,-1.0,-4445.262315884325
2026-04-07,-1,2026-04-07 19:25:00,2026-04-07 19:45:55,5,4689.701,4710.8046545,4710.8046545,4655.56807367668,4655.56807367668,0.7293508716006049,sl,0.1,0.7000000000000001,-211.7365449999972,-1.0,-4656.998860884323
2026-04-07,-1,2026-04-07 19:55:00,2026-04-07 22:01:10,14,4699.687,4720.835591499999,4720.835591499999,4656.490830543932,4656.490830543932,0.9301139212381581,sl,0.1,0.7000000000000001,-212.18591499999383,-1.0,-4869.184775884318
2026-04-07,-1,2026-04-07 22:10:00,2026-04-07 22:39:20,6,4744.697,4766.0481365,4766.0481365,4659.812473753279,4659.812473753279,1.8245160449180504,sl,0.1,0.7000000000000001,-214.21136499999483,-1.0,-5083.396140884313
2026-04-07,-1,2026-04-07 22:45:00,2026-04-07 22:54:30,2,4769.809,4791.2731404999995,4791.2731404999995,4662.104939335887,4662.104939335887,2.321281096678375,sl,0.1,0.7000000000000001,-215.34140499999302,-1.0,-5298.737545884307
2026-04-07,-1,2026-04-07 23:00:00,2026-04-07 23:59:55,12,4818.31,4833.394,4839.992395,4663.553148989899,4663.553148989899,3.3185930569617867,session_end,0.1,0.7000000000000001,-151.53999999999832,-0.6956796055048329,-5450.277545884306
2026-04-08,1,2026-04-08 00:35:00,2026-04-08 01:21:20,10,4816.081,4794.4086355,4794.4086355,4832.968261904761,4832.968261904761,-0.34961458443555826,sl,0.1,0.7000000000000001,-217.42364500000184,-1.0,-5667.701190884309
2026-04-08,1,2026-04-08 01:30:00,2026-04-08 02:00:20,7,4794.24,4816.448305555556,4772.66592,4820.703833333334,4820.703833333334,-0.5499681011310282,tp,0.1,0.7000000000000001,221.38305555555854,1.029397571324314,-5446.318135328751
2026-04-08,1,2026-04-08 03:15:00,2026-04-08 05:07:20,23,4798.882,4808.776489071039,4777.287031,4813.85097863248,4813.85097863248,-0.30851554604416537,tp,0.1,0.7000000000000001,98.2448907103906,0.45818491663679484,-5348.073244618361
2026-04-08,-1,2026-04-08 05:50:00,2026-04-08 07:02:00,15,4831.449,4813.178384920635,4853.190520499999,4809.665171428573,4809.665171428573,0.4527410494348262,tp,0.1,0.7000000000000001,182.0061507936469,0.8403559024018075,-5166.067093824715
2026-04-08,1,2026-04-08 08:45:00,2026-04-08 10:16:20,19,4793.338,4771.767979,4771.767979,4812.9383730158725,4812.9383730158725,-0.3985480704140671,sl,0.1,0.7000000000000001,-216.4002099999954,-1.0,-5382.467303824711
2026-04-08,1,2026-04-08 10:25:00,2026-04-08 12:13:40,22,4779.086,4806.666630136984,4757.580113000001,4809.487939999997,4809.487939999997,-0.6315940569755808,tp,0.1,0.7000000000000001,275.1063013698393,1.2824688485057494,-5107.3610024548725
2026-04-08,1,2026-04-08 12:25:00,2026-04-08 13:02:35,8,4770.09,4805.83779273504,4748.624595,4806.386884787469,4806.386884787469,-0.7604544882384336,tp,0.1,0.7000000000000001,356.77792735040094,1.6653677270491858,-4750.583075104472
2026-04-08,1,2026-04-08 13:30:00,2026-04-08 13:55:00,6,4790.708,4769.149813999999,4769.149813999999,4805.487020576129,4805.487020576129,-0.31300720430050943,sl,0.1,0.7000000000000001,-216.28186000000204,-1.0,-4966.864935104475
2026-04-08,1,2026-04-08 14:05:00,2026-04-08 14:25:50,5,4786.254,4764.715857,4764.715857,4804.439340236683,4804.439340236683,-0.38201835712590876,sl,0.1,0.7000000000000001,-216.08142999999762,-1.0,-5182.946365104473
2026-04-08,1,2026-04-08 14:35:00,2026-04-08 14:56:55,5,4754.504,4733.108732000001,4733.108732000001,4803.4110561904745,4803.4110561904745,-1.020702905017642,sl,0.1,0.7000000000000001,-214.65267999999304,-1.0,-5397.599045104467
2026-04-08,1,2026-04-08 15:05:00,2026-04-08 18:18:45,39,4746.782,4725.421481,4725.421481,4801.728288213626,4801.728288213626,-1.14354217726996,sl,0.1,0.7000000000000001,-214.3051899999984,-1.0,-5611.904235104466
2026-04-08,1,2026-04-08 18:25:00,2026-04-08 19:00:00,8,4723.781,4702.5239855,4702.5239855,4792.473898190045,4792.473898190045,-1.4331720870923152,sl,0.1,0.7000000000000001,-213.27014499999967,-1.0,-5825.174380104467
2026-04-08,1,2026-04-08 19:10:00,2026-04-08 23:59:55,46,4707.968,4715.618,4686.782144,4789.332923188405,4789.332923188405,-1.698554360139331,session_end,0.1,0.7000000000000001,75.80000000000545,0.3610899649275689,-5749.374380104462
2026-04-09,-1,2026-04-09 02:00:00,2026-04-09 03:01:30,13,4727.275,4717.314611111111,4748.547737499999,4713.029263888889,4713.029263888889,0.3019339646401772,tp,0.1,0.7000000000000001,98.90388888888701,0.46822318419944486,-5650.470491215576
2026-04-09,-1,2026-04-09 10:25:00,2026-04-09 12:01:15,20,4738.283,4759.6052735,4759.6052735,4719.815396000002,4719.815396000002,0.3949752783932536,sl,0.1,0.7000000000000001,-213.92273499999936,-1.0,-5864.393226215576
2026-04-09,-1,2026-04-09 12:10:00,2026-04-09 13:36:55,18,4745.187,4766.5403415,4766.5403415,4723.466757990869,4723.466757990869,0.46101186109317444,sl,0.1,0.7000000000000001,-214.23341500000168,-1.0,-6078.626641215578
2026-04-09,-1,2026-04-09 13:45:00,2026-04-09 15:36:10,23,4775.738,4797.228821,4797.228821,4726.359550505051,4726.359550505051,1.0446507289034652,sl,0.1,0.7000000000000001,-215.60820999999413,-1.0,-6294.234851215573
2026-04-09,-1,2026-04-09 15:45:00,2026-04-09 23:59:55,87,4790.552,4763.786,4812.109484,4731.935598765433,4731.935598765433,1.2385185726081738,session_end,0.1,0.7000000000000001,266.9599999999962,1.2416105701388764,-6027.274851215578
2026-04-10,1,2026-04-10 02:35:00,2026-04-10 03:08:40,7,4744.222,4757.086608108108,4722.873001,4758.423553763441,4758.423553763441,-0.3000164571762496,tp,0.1,0.7000000000000001,127.94608108107859,0.6025860092132641,-5899.3287701345
2026-04-10,1,2026-04-10 06:50:00,2026-04-10 09:19:35,30,4744.113,4756.609439939937,4722.7644915,4759.618865853656,4759.618865853656,-0.3282062344471881,tp,0.1,0.7000000000000001,124.26439939936863,0.5853542386783949,-5775.064370735132
2026-04-10,-1,2026-04-10 12:35:00,2026-04-10 15:36:40,37,4780.834,4760.778929590016,4802.347753,4756.898850993373,4756.898850993373,0.5016850211486644,tp,0.1,0.7000000000000001,199.85070409984183,0.9321976695550988,-5575.213666635291
2026-04-13,-1,2026-04-13 01:00:00,2026-04-13 01:10:25,3,4695.4,4716.529299999999,4716.529299999999,4677.666,4677.666,0.3877254169066285,sl,0.1,0.7000000000000001,-211.99299999999602,-1.0,-5787.206666635288
2026-04-13,-1,2026-04-13 01:20:00,2026-04-13 07:03:05,69,4716.584,4737.808628,4737.808628,4685.567604166667,4685.567604166667,0.6616678800187142,sl,0.1,0.7000000000000001,-212.94627999999938,-1.0,-6000.152946635288
2026-04-13,-1,2026-04-13 07:15:00,2026-04-13 09:10:15,24,4728.101,4717.616563636362,4749.3774545,4714.157277777776,4714.157277777776,0.3037705655203525,tp,0.1,0.7000000000000001,104.14436363637542,0.4927717803564284,-5896.008582998913
2026-04-13,-1,2026-04-13 13:15:00,2026-04-13 14:18:50,13,4734.23,4718.297028265106,4755.534035,4717.4036069182375,4717.4036069182375,0.35650740286665517,tp,0.1,0.7000000000000001,158.62971734893728,0.7478851651761576,-5737.378865649976
2026-04-13,-1,2026-04-13 16:35:00,2026-04-13 22:53:35,64,4733.949,4755.251770499999,4755.251770499999,4717.920211892796,4717.920211892796,0.3425087195512533,sl,0.1,0.7000000000000001,-213.72770499999496,-1.0,-5951.106570649972
2026-04-13,-1,2026-04-13 23:00:00,2026-04-13 23:59:55,12,4757.858,4757.511,4779.268361,4723.384003787878,4723.384003787878,0.7321974284620327,session_end,0.1,0.7000000000000001,2.769999999997526,0.01620710645653053,-5948.336570649975
2026-04-14,-1,2026-04-14 07:05:00,2026-04-14 07:25:20,5,4786.675,4769.695911985018,4808.2150375,4768.893766666666,4768.893766666666,0.37473540421984225,tp,0.1,0.7000000000000001,169.09088014982154,0.7882571242033451,-5779.2456905001545
2026-04-14,-1,2026-04-14 08:30:00,2026-04-14 09:33:05,13,4785.922,4772.251122807018,4807.458648999999,4770.712986928104,4770.712986928104,0.3199210079020867,tp,0.1,0.7000000000000001,136.00877192981608,0.6347727166367347,-5643.236918570339
2026-04-14,-1,2026-04-14 13:20:00,2026-04-14 14:27:50,14,4787.499,4809.0427455,4809.0427455,4773.156266666666,4773.156266666666,0.30028837382571916,sl,0.1,0.7000000000000001,-216.13745500000113,-1.0,-5859.374373570341
2026-04-14,-1,2026-04-14 14:35:00,2026-04-14 17:38:35,37,4813.724,4835.385758,4835.385758,4775.156191428571,4775.156191428571,0.8012786815247965,sl,0.1,0.7000000000000001,-217.3175800000019,-1.0,-6076.691953570344
2026-04-14,-1,2026-04-14 17:45:00,2026-04-14 23:59:55,63,4836.832,4837.137,4858.597744,4781.864839593112,4781.864839593112,1.1516983907804024,session_end,0.1,0.7000000000000001,-3.7499999999938156,-0.014012845138644953,-6080.441953570338
2026-04-15,-1,2026-04-15 01:15:00,2026-04-15 02:21:10,14,4850.008,4840.676797619049,4871.833036,4834.090433333334,4834.090433333334,0.33193559135802625,tp,0.1,0.7000000000000001,92.61202380951254,0.42754579561523637,-5987.829929760826
2026-04-15,1,2026-04-15 03:05:00,2026-04-15 09:11:35,74,4817.415,4795.7366325,4795.7366325,4837.686842342344,4837.686842342344,-0.4121875390489258,sl,0.1,0.7000000000000001,-217.48367499999694,-1.0,-6205.313604760824
2026-04-15,1,2026-04-15 09:20:00,2026-04-15 13:21:15,49,4806.278,4818.595077083332,4784.649749,4824.4974999999995,4824.4974999999995,-0.3774279082950903,tp,0.1,0.7000000000000001,122.47077083332151,0.5694902044243938,-6082.842833927503
2026-04-15,1,2026-04-15 15:30:00,2026-04-15 23:14:30,81,4798.785,4812.914309523806,4777.1904675000005,4818.584267025089,4818.584267025089,-0.4135398681611454,tp,0.1,0.7000000000000001,140.59309523806115,0.6543003199447153,-5942.249738689443
2026-04-16,1,2026-04-16 01:40:00,2026-04-16 03:07:15,18,4813.335,4824.294472972974,4791.6749925,4828.36515,4828.36515,-0.31274871578427155,tp,0.1,0.7000000000000001,108.89472972974254,0.50597733971119,-5833.355008959701
2026-04-16,1,2026-04-16 08:35:00,2026-04-16 11:56:35,41,4808.159,4821.537094405594,4786.5222845,4824.651865695793,4824.651865695793,-0.3399077519436257,tp,0.1,0.7000000000000001,133.08094405594312,0.6183052323997341,-5700.274064903759
2026-04-16,1,2026-04-16 13:55:00,2026-04-16 14:40:50,10,4794.78,4773.20349,4773.20349,4820.858543912176,4820.858543912176,-0.541896089134691,sl,0.1,0.7000000000000001,-216.4650999999987,-1.0,-5916.739164903758
2026-04-16,1,2026-04-16 14:50:00,2026-04-16 23:59:55,98,4790.88,4791.743,4769.321040000001,4819.205689138577,4819.205689138577,-0.58746588057829,session_end,0.1,0.7000000000000001,7.9300000000028374,0.040029760248189536,-5908.809164903756
2026-04-17,1,2026-04-17 01:25:00,2026-04-17 01:53:30,6,4774.739,4786.749378787878,4753.2526745,4790.323774509804,4790.323774509804,-0.32831339279177957,tp,0.1,0.7000000000000001,119.40378787878835,0.558977792078912,-5789.405377024968
2026-04-17,-1,2026-04-17 11:50:00,2026-04-17 12:45:55,12,4805.88,4827.50646,4827.50646,4791.216274647884,4791.216274647884,0.3078179841338841,sl,0.1,0.7000000000000001,-216.96459999999496,-1.0,-6006.369977024964
2026-04-17,-1,2026-04-17 12:55:00,2026-04-17 13:10:40,4,4843.507,4865.3027815,4865.3027815,4793.12022473118,4793.12022473118,1.0433761917921387,sl,0.1,0.7000000000000001,-218.65781499999974,-1.0,-6225.027792024965
2026-04-17,-1,2026-04-17 13:20:00,2026-04-17 20:57:55,92,4864.327,4833.259,4886.2164715,4795.156102083331,4795.156102083331,1.4425890720557686,session_end,0.1,0.7000000000000001,309.9800000000021,1.4193124763199823,-5915.047792024963
2026-04-20,-1,2026-04-20 01:05:00,2026-04-20 01:32:00,6,4787.902,4809.447559,4809.447559,4762.2986794871795,4762.2986794871795,0.5324491851391353,sl,0.1,0.7000000000000001,-216.15559000000138,-1.0,-6131.203382024965
2026-04-20,-1,2026-04-20 01:40:00,2026-04-20 04:32:55,35,4808.293,4789.102765432099,4829.930318499999,4774.5565,4774.5565,0.7013845160278297,tp,0.1,0.7000000000000001,191.20234567900917,0.8869044733016028,-5940.001036345957
2026-04-20,-1,2026-04-20 11:55:00,2026-04-20 14:51:15,36,4806.571,4795.517820224719,4828.2005695,4791.0673787878795,4791.0673787878795,0.31878326904233084,tp,0.1,0.7000000000000001,109.83179775281023,0.5110217184526525,-5830.169238593147
2026-04-20,-1,2026-04-20 18:10:00,2026-04-20 23:59:55,58,4813.852,4821.744,4835.5143339999995,4797.031021406728,4797.031021406728,0.35285322354052906,session_end,0.1,0.7000000000000001,-79.61999999999826,-0.36431900643762366,-5909.789238593146
2026-04-21,1,2026-04-21 03:20:00,2026-04-21 06:02:55,33,4797.962,4776.371171000001,4776.371171000001,4814.0775250000015,4814.0775250000015,-0.33611891200280736,sl,0.1,0.7000000000000001,-216.60828999999757,-1.0,-6126.397528593145
2026-04-21,1,2026-04-21 06:10:00,2026-04-21 11:42:30,67,4787.473,4794.716240476191,4765.9293715,4804.051797297298,4804.051797297298,-0.3449025530203494,tp,0.1,0.7000000000000001,71.73240476191204,0.33621265220904334,-6054.665123831233
2026-04-21,1,2026-04-21 12:45:00,2026-04-21 13:47:05,13,4779.085,4792.899990909091,4757.5791175,4794.212735294117,4794.212735294117,-0.315280863171581,tp,0.1,0.7000000000000001,137.4499090909074,0.6423819580103708,-5917.215214740327
2026-04-21,1,2026-04-21 14:20:00,2026-04-21 14:40:15,5,4777.834,4756.333747,4756.333747,4792.479614341085,4792.479614341085,-0.3088404235835218,sl,0.1,0.7000000000000001,-215.70253000000156,-1.0,-6132.917744740329
2026-04-21,1,2026-04-21 14:50:00,2026-04-21 17:10:35,29,4728.014,4706.737937000001,4706.737937000001,4791.403765917602,4791.403765917602,-1.325191301331342,sl,0.1,0.7000000000000001,-213.4606299999934,-1.0,-6346.378374740323
2026-04-21,1,2026-04-21 17:20:00,2026-04-21 19:42:50,29,4701.333,4680.1770015,4680.1770015,4782.768118589744,4782.768118589744,-1.7051342772141362,sl,0.1,0.7000000000000001,-212.2599849999944,-1.0,-6558.638359740318
2026-04-21,1,2026-04-21 19:50:00,2026-04-21 23:59:55,38,4682.004,4737.92,4660.934982,4772.914967787114,4772.914967787114,-1.9043596711980644,session_end,0.1,0.7000000000000001,558.4600000000016,2.6539442891927756,-6000.178359740317
2026-04-22,-1,2026-04-22 05:20:00,2026-04-22 08:16:10,36,4768.525,4756.863425925926,4789.983362499999,4752.386666666667,4752.386666666667,0.3394049025191377,tp,0.1,0.7000000000000001,115.91574074073542,0.5434512570133802,-5884.262618999583
2026-04-22,1,2026-04-22 14:35:00,2026-04-22 23:59:55,101,4736.286,4728.051,4714.972713,4755.145720952381,4755.145720952381,-0.3962490753828605,session_end,0.1,0.7000000000000001,-83.04999999999673,-0.3863786941920171,-5967.31261899958
2026-04-23,-1,2026-04-23 00:35:00,2026-04-23 01:16:35,9,4746.691,4735.709633333333,4768.051109499999,4724.463880952381,4724.463880952381,0.47335781606420047,tp,0.1,0.7000000000000001,109.11366666666872,0.5141062908252954,-5858.198952332912
2026-04-23,1,2026-04-23 02:10:00,2026-04-23 05:30:45,41,4714.8,4693.5834,4693.5834,4732.897384615384,4732.897384615384,-0.3885967330533703,sl,0.1,0.7000000000000001,-212.86599999999743,-1.0,-6071.06495233291
2026-04-23,1,2026-04-23 09:05:00,2026-04-23 11:47:30,33,4697.184,4710.5593179669,4676.046672,4714.594759938838,4714.594759938838,-0.371702358975722,tp,0.1,0.7000000000000001,133.05317966900185,0.6327818713368271,-5938.011772663909
2026-04-23,-1,2026-04-23 12:05:00,2026-04-23 17:09:15,61,4730.487,4716.3789260162575,4751.7741915,4710.718251724135,4710.718251724135,0.42204282263300935,tp,0.1,0.7000000000000001,140.38073983742544,0.6627494276895476,-5797.631032826484
2026-04-23,1,2026-04-23 17:40:00,2026-04-23 17:43:00,1,4698.992,4677.846536,4677.846536,4716.166040880501,4716.166040880501,-0.3668772628130615,sl,0.1,0.7000000000000001,-212.15464000000173,-1.0,-6009.785672826487
2026-04-23,1,2026-04-23 17:50:00,2026-04-23 18:01:50,3,4683.458,4715.684995370368,4662.382439,4715.833132398751,4715.833132398751,-0.6924891420435112,tp,0.1,0.7000000000000001,321.5699537036806,1.52911684630215,-5688.215719122807
2026-04-23,1,2026-04-23 19:00:00,2026-04-23 23:59:55,48,4701.341,4695.322,4680.1849655000005,4715.5264488304065,4715.5264488304065,-0.300559205513981,session_end,0.1,0.7000000000000001,-60.89000000000233,-0.28450511365919207,-5749.10571912281
2026-04-24,1,2026-04-24 02:30:00,2026-04-24 04:22:05,23,4683.99,4662.912045,4662.912045,4698.409666666667,4698.409666666667,-0.30917199004005075,sl,0.1,0.7000000000000001,-211.47954999999746,-1.0,-5960.585269122808
2026-04-24,1,2026-04-24 04:30:00,2026-04-24 05:34:25,13,4659.723,4684.8542373737355,4638.754246500001,4687.7711481481465,4687.7711481481465,-0.6006830806847319,tp,0.1,0.7000000000000001,250.6123737373553,1.1985088848383996,-5709.972895385454
2026-04-24,-1,2026-04-24 11:25:00,2026-04-24 14:09:30,33,4709.119,4730.3100355,4730.3100355,4684.613633819949,4684.613633819949,0.5299661427960014,sl,0.1,0.7000000000000001,-212.61035499999997,-1.0,-5922.583250385454
2026-04-24,-1,2026-04-24 14:15:00,2026-04-24 20:57:55,81,4731.643,4708.715,4752.9353935,4688.877145224172,4688.877145224172,0.9143629369666206,session_end,0.1,0.7000000000000001,228.57999999999885,1.076816469693743,-5694.003250385456
2026-04-27,-1,2026-04-27 01:00:00,2026-04-27 02:48:00,22,4697.779,4718.9190055,4718.9190055,4681.101,4681.101,0.35898605904893294,sl,0.1,0.7000000000000001,-212.1000549999946,-1.0,-5906.103305385452
2026-04-27,-1,2026-04-27 02:55:00,2026-04-27 08:20:25,66,4721.335,4710.1521833333345,4742.5810075,4695.6756428571425,4695.6756428571425,0.5487145855581249,tp,0.1,0.7000000000000001,111.1281666666553,0.5263490877834615,-5794.975138718797
2026-04-27,1,2026-04-27 13:40:00,2026-04-27 15:02:25,17,4692.352,4671.236416,4671.236416,4707.93467276423,4707.93467276423,-0.32647379015573136,sl,0.1,0.7000000000000001,-211.85584000000125,-1.0,-6006.830978718799
2026-04-27,1,2026-04-27 15:10:00,2026-04-27 23:59:55,94,4670.702,4692.147,4649.683841,4706.035104395605,4706.035104395605,-0.7532158942566534,session_end,0.1,0.7000000000000001,213.7499999999971,1.0203082011131188,-5793.080978718803
2026-04-28,1,2026-04-28 02:00:00,2026-04-28 05:06:15,38,4671.042,4650.022311000001,4650.022311000001,4690.808152777777,4690.808152777777,-0.4236509388261609,sl,0.1,0.7000000000000001,-210.89688999999743,-1.0,-6003.977868718801
2026-04-28,1,2026-04-28 05:15:00,2026-04-28 05:40:00,6,4652.633,4631.6961515,4631.6961515,4678.117806878306,4678.117806878306,-0.5450975783639274,sl,0.1,0.7000000000000001,-210.0684849999954,-1.0,-6214.046353718797
2026-04-28,1,2026-04-28 05:50:00,2026-04-28 09:57:30,50,4627.816,4606.990828,4606.990828,4674.815957142857,4674.815957142857,-1.0015251417827296,sl,0.1,0.7000000000000001,-208.95171999999837,-1.0,-6422.998073718794
2026-04-28,1,2026-04-28 10:05:00,2026-04-28 11:36:05,19,4607.899,4587.163454500001,4587.163454500001,4654.257158402204,4654.257158402204,-0.9983474660036974,sl,0.1,0.7000000000000001,-208.05545499999715,-1.0,-6631.053528718792
2026-04-28,1,2026-04-28 11:45:00,2026-04-28 23:59:55,135,4572.342,4595.875,4551.766461,4647.131920803782,4647.131920803782,-1.6092166540184483,session_end,0.1,0.7000000000000001,234.63000000000358,1.1437367448794877,-6396.423528718788
2026-04-29,1,2026-04-29 01:05:00,2026-04-29 02:01:15,12,4582.971,4593.523027777778,4562.3476304999995,4601.505217948718,4601.505217948718,-0.4051873694718995,tp,0.1,0.7000000000000001,104.82027777778676,0.511653916581315,-6291.6032509410015
2026-04-29,1,2026-04-29 07:10:00,2026-04-29 08:36:10,18,4579.538,4558.930079,4558.930079,4595.509864341088,4595.509864341088,-0.3446922062773029,sl,0.1,0.7000000000000001,-206.77920999999805,-1.0,-6498.382460941
2026-04-29,1,2026-04-29 08:45:00,2026-04-29 12:53:00,50,4568.259,4547.701834500001,4547.701834500001,4590.988093650797,4590.988093650797,-0.4949172855015815,sl,0.1,0.7000000000000001,-206.27165499999427,-1.0,-6704.6541159409935
2026-04-29,1,2026-04-29 13:00:00,2026-04-29 13:39:45,8,4545.22,4524.76651,4524.76651,4582.66542735043,4582.66542735043,-0.825784206819339,sl,0.1,0.7000000000000001,-205.23489999999873,-1.0,-6909.889015940993
2026-04-29,1,2026-04-29 13:45:00,2026-04-29 23:59:55,111,4515.04,4561.659,4494.72232,4580.26857878788,4580.26857878788,-1.4252893179717465,session_end,0.1,0.7000000000000001,465.4899999999969,2.2945040969244244,-6444.399015940995
2026-04-30,1,2026-04-30 04:05:00,2026-04-30 05:35:00,19,4553.613,4562.973176616916,4533.1217415,4567.651357142859,4567.651357142859,-0.3101343783760199,tp,0.1,0.7000000000000001,92.9017661691585,0.4567887627261042,-6351.497249771837
2026-04-30,-1,2026-04-30 06:50:00,2026-04-30 07:47:35,12,4578.153,4598.7546885,4598.7546885,4563.989357723579,4563.989357723579,0.3109153235076566,sl,0.1,0.7000000000000001,-206.71688499999908,-1.0,-6558.214134771835
2026-04-30,-1,2026-04-30 07:55:00,2026-04-30 08:04:35,2,4600.176,4620.876792,4620.876792,4567.691366666668,4567.691366666668,0.713492456411636,sl,0.1,0.7000000000000001,-207.70791999999636,-1.0,-6765.922054771832
2026-04-30,-1,2026-04-30 08:10:00,2026-04-30 10:27:45,28,4620.011,4640.8010495,4640.8010495,4569.087013605444,4569.087013605444,1.1078468465106686,sl,0.1,0.7000000000000001,-208.6004949999944,-1.0,-6974.5225497718275
2026-04-30,-1,2026-04-30 10:35:00,2026-04-30 23:59:55,149,4636.03,4626.536,4656.892134999999,4581.236101049869,4581.236101049869,1.1983752362719362,session_end,0.1,0.7000000000000001,94.23999999999687,0.4550828570517812,-6880.2825497718295
2026-05-01,1,2026-05-01 06:00:00,2026-05-01 07:34:00,19,4605.215,4584.4915325,4584.4915325,4620.443226851852,4620.443226851852,-0.33069829238573856,sl,0.1,0.7000000000000001,-207.9346749999997,-1.0,-7088.21722477183
2026-05-01,1,2026-05-01 07:40:00,2026-05-01 09:04:10,17,4585.27,4564.6362850000005,4564.6362850000005,4614.910413043478,4614.910413043478,-0.6432825425943595,sl,0.1,0.7000000000000001,-207.03714999999937,-1.0,-7295.25437477183
2026-05-01,1,2026-05-01 09:10:00,2026-05-01 12:25:00,40,4566.464,4598.626019015658,4545.914912,4608.187493939392,4608.187493939392,-0.9064951023440608,tp,0.1,0.7000000000000001,320.9201901565819,1.5651312124245402,-6974.334184615247
2026-05-01,-1,2026-05-01 13:55:00,2026-05-01 14:01:40,2,4617.024,4637.8006080000005,4637.8006080000005,4598.447322355288,4598.447322355288,0.40024765653475525,sl,0.1,0.7000000000000001,-208.46608000000123,-1.0,-7182.800264615249
2026-05-01,-1,2026-05-01 14:10:00,2026-05-01 14:12:35,1,4634.555,4655.4104975,4655.4104975,4599.0261372549,4599.0261372549,0.7754111779496329,sl,0.1,0.7000000000000001,-209.25497499999727,-1.0,-7392.055239615245
2026-05-01,-1,2026-05-01 14:20:00,2026-05-01 20:04:05,69,4654.441,4608.735027777777,4675.3859845,4599.647490310075,4599.647490310075,1.1936569010035836,tp,0.1,0.7000000000000001,456.35972222222955,2.1821917424776864,-6935.695517393015
2026-05-04,1,2026-05-04 06:35:00,2026-05-04 10:02:00,42,4589.964,4569.3091620000005,4569.3091620000005,4604.598544303797,4604.598544303797,-0.31762908672874296,sl,0.1,0.7000000000000001,-207.2483799999947,-1.0,-7142.943897393008
2026-05-04,1,2026-05-04 10:10:00,2026-05-04 10:22:40,3,4547.433,4526.9695515,4526.9695515,4596.440855191258,4596.440855191258,-1.0637111785315068,sl,0.1,0.7000000000000001,-205.33448499999685,-1.0,-7348.278382393004
2026-05-04,1,2026-05-04 10:30:00,2026-05-04 15:21:35,59,4545.033,4524.580351500001,4524.580351500001,4594.631275132277,4594.631275132277,-1.0818555865692536,sl,0.1,0.7000000000000001,-205.22648499999667,-1.0,-7553.504867393
2026-05-04,1,2026-05-04 15:30:00,2026-05-04 15:51:25,5,4537.839,4517.4187245,4517.4187245,4584.591775985662,4584.591775985662,-1.0226379637821021,sl,0.1,0.7000000000000001,-204.9027549999966,-1.0,-7758.407622392995
2026-05-04,1,2026-05-04 16:00:00,2026-05-04 16:10:45,3,4521.743,4501.395156500001,4501.395156500001,4582.886633680554,4582.886633680554,-1.3373368922139948,sl,0.1,0.7000000000000001,-204.17843499999725,-1.0,-7962.586057392993
2026-05-04,1,2026-05-04 16:20:00,2026-05-04 23:59:55,80,4522.611,4518.909,4502.2592505,4581.515107142856,4581.515107142856,-1.2883970861697671,session_end,0.1,0.7000000000000001,-37.72000000000226,-0.1819008238087979,-8000.306057392994
2026-05-05,-1,2026-05-05 07:05:00,2026-05-05 10:51:05,46,4552.766,4542.508087179485,4573.253446999999,4537.23159215686,4537.23159215686,0.34484481396513994,tp,0.1,0.7000000000000001,101.8791282051432,0.500692586075491,-7898.426929187852
2026-05-05,-1,2026-05-05 11:35:00,2026-05-05 13:08:30,19,4556.906,4577.412077,4577.412077,4542.965736211031,4542.965736211031,0.30890093836967575,sl,0.1,0.7000000000000001,-205.76077000000004,-1.0,-8104.187699187853
2026-05-05,-1,2026-05-05 13:15:00,2026-05-05 19:56:20,81,4578.692,4553.08359693166,4599.296114,4545.853576519917,4545.853576519917,0.722205916390665,tp,0.1,0.7000000000000001,255.38403068339613,1.2428781489143341,-7848.803668504457
2026-05-05,-1,2026-05-05 23:00:00,2026-05-05 23:49:55,10,4573.283,4593.8627735,4593.8627735,4553.185013888889,4553.185013888889,0.4412732197313013,sl,0.1,0.7000000000000001,-206.49773499999645,-1.0,-8055.301403504454
2026-05-06,-1,2026-05-06 01:00:00,2026-05-06 02:55:15,24,4618.671,4639.4550195,4639.4550195,4603.327388888888,4603.327388888888,0.33574868362430355,sl,0.1,0.7000000000000001,-208.54019499999885,-1.0,-8263.841598504452
2026-05-06,-1,2026-05-06 03:05:00,2026-05-06 05:58:15,35,4640.933,4661.8171985,4661.8171985,4619.789783783784,4619.789783783784,0.4600256117889738,sl,0.1,0.7000000000000001,-209.5419849999991,-1.0,-8473.383583504452
2026-05-06,-1,2026-05-06 06:05:00,2026-05-06 07:59:35,23,4658.754,4679.718393,4679.718393,4634.331438356163,4634.331438356163,0.5266468738475416,sl,0.1,0.7000000000000001,-210.343930000002,-1.0,-8683.727513504455
2026-05-06,-1,2026-05-06 08:05:00,2026-05-06 08:50:45,10,4677.778,4698.828001,4698.828001,4642.313670103092,4642.313670103092,0.762988725320711,sl,0.1,0.7000000000000001,-211.2000099999961,-1.0,-8894.927523504452
2026-05-06,-1,2026-05-06 09:00:00,2026-05-06 10:54:05,23,4699.96,4721.10982,4721.10982,4646.264709876543,4646.264709876543,1.1559025039897857,sl,0.1,0.7000000000000001,-212.19819999999635,-1.0,-9107.125723504447
2026-05-06,-1,2026-05-06 11:00:00,2026-05-06 12:19:10,16,4717.967,4661.267131519274,4739.197851499999,4656.553967171717,4656.553967171717,1.3177992408311716,tp,0.1,0.7000000000000001,566.2986848072585,2.6706356304516166,-8540.827038697189
2026-05-06,-1,2026-05-06 12:25:00,2026-05-06 13:53:50,18,4682.83,4703.902735,4703.902735,4661.438429530202,4661.438429530202,0.45856168204184666,sl,0.1,0.7000000000000001,-211.42734999999738,-1.0,-8752.254388697187
2026-05-06,-1,2026-05-06 14:00:00,2026-05-06 23:59:55,108,4702.28,4699.105,4723.440259999999,4664.340164682539,4664.340164682539,0.8188475533293466,session_end,0.1,0.7000000000000001,31.05000000000182,0.15004541532099483,-8721.204388697184
2026-05-07,-1,2026-05-07 01:15:00,2026-05-07 02:23:30,14,4709.74,4702.305273809523,4730.93383,4694.038822222223,4694.038822222223,0.33427882410116944,tp,0.1,0.7000000000000001,73.64726190476794,0.35079672671134654,-8647.557126792417
2026-05-07,-1,2026-05-07 06:30:00,2026-05-07 06:38:00,2,4717.28,4738.5077599999995,4738.5077599999995,4702.498585470085,4702.498585470085,0.3162449548813192,sl,0.1,0.7000000000000001,-212.9775999999976,-1.0,-8860.534726792415
2026-05-07,-1,2026-05-07 06:45:00,2026-05-07 16:01:30,112,4746.125,4725.453147569445,4767.482562499999,4703.802082304526,4703.802082304526,0.8969109872667977,tp,0.1,0.7000000000000001,206.01852430555192,0.9678938048551078,-8654.516202486862
2026-05-07,1,2026-05-07 16:20:00,2026-05-07 22:45:30,66,4706.566,4685.386453,4685.386453,4725.294617346939,4725.294617346939,-0.39556512049683723,sl,0.1,0.7000000000000001,-212.49546999999728,-1.0,-8867.01167248686
2026-05-07,1,2026-05-07 22:55:00,2026-05-07 23:59:55,13,4686.448,4704.161,4665.358984,4720.271031685677,4720.271031685677,-0.7198322184805489,session_end,0.1,0.7000000000000001,176.4299999999974,0.8399159069346726,-8690.581672486864
2026-05-08,-1,2026-05-08 01:55:00,2026-05-08 02:36:40,9,4722.001,4711.987537634409,4743.2500045,4707.798797101449,4707.798797101449,0.30345822993427146,tp,0.1,0.7000000000000001,99.43462365591294,0.4712438347684255,-8591.14704883095
2026-05-08,-1,2026-05-08 03:35:00,2026-05-08 04:15:20,9,4730.659,4714.661091503267,4751.946965499999,4713.471093023255,4713.471093023255,0.36467619377548327,tp,0.1,0.7000000000000001,159.27908496732636,0.7515001138428592,-8431.867963863624
2026-05-08,-1,2026-05-08 06:30:00,2026-05-08 07:13:25,9,4733.611,4717.3209031007755,4754.912249499999,4716.390948717949,4716.390948717949,0.3646867163700003,tp,0.1,0.7000000000000001,162.2009689922441,0.7647484200034791,-8269.666994871379
2026-05-08,-1,2026-05-08 13:35:00,2026-05-08 14:29:55,11,4738.98,4718.571285163777,4760.305409999999,4717.494263803681,4717.494263803681,0.4642239072626171,tp,0.1,0.7000000000000001,203.38714836222317,0.9570139489099074,-8066.279846509155
2026-05-11,-1,2026-05-11 01:25:00,2026-05-11 01:50:35,6,4703.047,4689.685333333334,4724.210711499999,4687.615803921569,4687.615803921569,0.33394793287742564,tp,0.1,0.7000000000000001,132.9166666666577,0.631347987646975,-7933.363179842498
2026-05-11,1,2026-05-11 04:30:00,2026-05-11 05:55:25,18,4672.041,4651.0168155,4651.0168155,4686.395981481482,4686.395981481482,-0.30603435002408147,sl,0.1,0.7000000000000001,-210.94184500000046,-1.0,-8144.305024842499
2026-05-11,1,2026-05-11 06:05:00,2026-05-11 11:38:20,67,4659.663,4675.507748201439,4638.6945165,4682.083570776258,4682.083570776258,-0.47864525349646336,tp,0.1,0.7000000000000001,157.7474820143987,0.7556458816604456,-7986.557542828101
2026-05-11,-1,2026-05-11 12:25:00,2026-05-11 13:06:10,9,4692.297,4713.4123365,4713.4123365,4675.400926174497,4675.400926174497,0.36136096331159634,sl,0.1,0.7000000000000001,-211.8533650000001,-1.0,-8198.4109078281
2026-05-11,-1,2026-05-11 13:15:00,2026-05-11 13:41:50,6,4720.95,4742.194275,4742.194275,4676.894805031447,4676.894805031447,0.9416332161496325,sl,0.1,0.7000000000000001,-213.14275000000015,-1.0,-8411.553657828099
2026-05-11,-1,2026-05-11 13:50:00,2026-05-11 23:37:55,106,4737.946,4759.266756999999,4759.266756999999,4679.315018072288,4679.315018072288,1.2530462621400487,sl,0.1,0.7000000000000001,-213.90756999999502,-1.0,-8625.461227828095
2026-05-12,1,2026-05-12 01:05:00,2026-05-12 01:40:55,8,4744.216,4722.867028000001,4722.867028000001,4760.412025641026,4760.412025641026,-0.34316411169947536,sl,0.1,0.7000000000000001,-214.18971999999775,-1.0,-8839.650947828093
2026-05-12,1,2026-05-12 01:50:00,2026-05-12 06:00:10,51,4730.035,4708.7498425,4708.7498425,4751.493484848485,4751.493484848485,-0.4539727333578251,sl,0.1,0.7000000000000001,-213.55157499999513,-1.0,-9053.202522828087
2026-05-12,1,2026-05-12 06:10:00,2026-05-12 13:15:45,86,4704.929,4683.7568195,4683.7568195,4731.05886936937,4731.05886936937,-0.5540592517054089,sl,0.1,0.7000000000000001,-212.4218049999974,-1.0,-9265.624327828085
2026-05-12,1,2026-05-12 13:25:00,2026-05-12 14:58:05,19,4691.216,4670.105528000001,4670.105528000001,4714.026445134574,4714.026445134574,-0.48350269986495076,sl,0.1,0.7000000000000001,-211.8047199999939,-1.0,-9477.429047828078
2026-05-12,1,2026-05-12 15:05:00,2026-05-12 15:22:45,4,4669.8,4648.785900000001,4648.785900000001,4710.963049723756,4710.963049723756,-0.8761064200275466,sl,0.1,0.7000000000000001,-210.84099999999415,-1.0,-9688.270047828071
2026-05-12,1,2026-05-12 15:30:00,2026-05-12 19:24:25,47,4656.066,4703.4763376436795,4635.113703,4709.592195340501,4709.592195340501,-1.1388288649188039,tp,0.1,0.7000000000000001,473.4033764367967,2.262775181340742,-9214.866671391275
2026-05-12,-1,2026-05-12 22:05:00,2026-05-12 23:59:55,23,4719.943,4716.898,4741.1827435,4704.209865612647,4704.209865612647,0.33733899721086874,session_end,0.1,0.7000000000000001,29.75000000000073,0.14336331321516035,-9185.116671391275
2026-05-13,1,2026-05-13 02:35:00,2026-05-13 05:04:30,30,4696.395,4704.991472222221,4675.2612225,4711.565956989249,4711.565956989249,-0.3216119041434608,tp,0.1,0.7000000000000001,85.26472222220654,0.40676458442985797,-9099.851949169068
2026-05-13,1,2026-05-13 09:25:00,2026-05-13 10:08:05,9,4687.022,4703.231975206612,4665.9304010000005,4703.857943952803,4703.857943952803,-0.3577689665232672,tp,0.1,0.7000000000000001,161.399752066124,0.7685512704187508,-8938.452197102943
2026-05-13,1,2026-05-13 12:25:00,2026-05-13 15:37:15,39,4688.011,4698.568989304814,4666.9149505000005,4702.345512304251,4702.345512304251,-0.3072830838661834,tp,0.1,0.7000000000000001,104.87989304813418,0.500472342218075,-8833.572304054807
2026-05-13,1,2026-05-13 18:50:00,2026-05-13 22:25:15,32,4679.86,4697.002548638131,4658.80063,4698.073430678464,4698.073430678464,-0.39014781162789763,tp,0.1,0.7000000000000001,170.72548638131303,0.8140105158953638,-8662.846817673493
2026-05-14,1,2026-05-14 03:45:00,2026-05-14 04:24:20,8,4676.691,4689.934961538462,4655.6458905,4691.90897037037,4691.90897037037,-0.3282879200692381,tp,0.1,0.7000000000000001,131.73961538461919,0.6293130258344348,-8531.107202288873
2026-05-14,-1,2026-05-14 04:35:00,2026-05-14 05:59:40,17,4709.094,4692.877624413145,4730.284923,4690.429575757576,4690.429575757576,0.39963129047507173,tp,0.1,0.7000000000000001,161.46375586855066,0.7652510269068968,-8369.643446420323
2026-05-14,-1,2026-05-14 07:35:00,2026-05-14 07:58:10,5,4710.268,4694.132515789475,4731.464206,4693.533736263737,4693.533736263737,0.35636824354814717,tp,0.1,0.7000000000000001,160.65484210524738,0.7612439797256654,-8208.988604315076
2026-05-14,1,2026-05-14 13:45:00,2026-05-14 14:19:55,7,4676.878,4695.026222222226,4655.832049,4695.391882828287,4695.391882828287,-0.3935961744934192,tp,0.1,0.7000000000000001,180.7822222222665,0.8623141915623864,-8028.206382092809
2026-05-14,1,2026-05-14 15:00:00,2026-05-14 19:41:20,57,4679.786,4658.726963,4658.726963,4694.739370370374,4694.739370370374,-0.3183855202849117,sl,0.1,0.7000000000000001,-211.29036999999988,-1.0,-8239.496752092808
2026-05-14,1,2026-05-14 19:50:00,2026-05-14 23:59:55,38,4657.134,4652.432,4636.176897,4690.190732493001,4690.190732493001,-0.7043153333647475,session_end,0.1,0.7000000000000001,-47.72000000000226,-0.22436307155623014,-8287.216752092809
2026-05-15,1,2026-05-15 00:35:00,2026-05-15 02:55:30,29,4624.487,4622.371952380953,4603.6768085,4644.327,4644.327,-0.43465931662436363,tp,0.1,0.7000000000000001,-21.850476190468907,-0.10163518288848598,-8309.067228283278
2026-05-15,1,2026-05-15 05:05:00,2026-05-15 05:31:00,6,4600.322,4579.620551,4579.620551,4618.609967213115,4618.609967213115,-0.3971534150605778,sl,0.1,0.7000000000000001,-207.71449000000138,-1.0,-8516.78171828328
2026-05-15,1,2026-05-15 05:40:00,2026-05-15 09:10:55,43,4569.481,4548.9183355,4548.9183355,4615.092730392156,4615.092730392156,-0.992715272879533,sl,0.1,0.7000000000000001,-206.3266450000021,-1.0,-8723.108363283282
2026-05-15,1,2026-05-15 09:20:00,2026-05-15 13:41:00,53,4546.664,4526.204012,4526.204012,4596.45875,4596.45875,-1.0792602022154385,sl,0.1,0.7000000000000001,-205.2998799999961,-1.0,-8928.408243283277
2026-05-15,1,2026-05-15 13:50:00,2026-05-15 20:57:55,86,4528.924,4539.882,4508.543842,4581.8972590361445,4581.8972590361445,-1.1584340729479967,session_end,0.1,0.7000000000000001,108.87999999999629,0.5376798354556261,-8819.52824328328
2026-05-18,1,2026-05-18 00:35:00,2026-05-18 00:59:00,5,4492.639,4510.487454545454,4472.422124500001,4521.948285714286,4521.948285714286,-0.6510973556973265,tp,0.1,0.7000000000000001,177.78454545453934,0.8828493080176767,-8641.74369782874
2026-05-18,-1,2026-05-18 01:50:00,2026-05-18 04:02:35,27,4528.135,4548.5116075,4548.5116075,4507.985212121212,4507.985212121212,0.4467580733103543,sl,0.1,0.7000000000000001,-204.46607499999408,-1.0,-8846.209772828734
2026-05-18,-1,2026-05-18 04:10:00,2026-05-18 10:33:50,77,4545.747,4535.498134920637,4566.2028615,4523.266200000001,4523.266200000001,0.49344431685226264,tp,0.1,0.7000000000000001,101.78865079362986,0.5010233902572704,-8744.421122035103
2026-05-18,-1,2026-05-18 11:40:00,2026-05-18 13:00:40,17,4555.439,4575.9384755,4575.9384755,4535.894650000002,4535.894650000002,0.4427208202465319,sl,0.1,0.7000000000000001,-205.69475499999788,-1.0,-8950.1158770351
2026-05-18,-1,2026-05-18 13:10:00,2026-05-18 13:54:40,9,4563.705,4584.241672499999,4584.241672499999,4538.524597046417,4538.524597046417,0.5638044348208492,sl,0.1,0.7000000000000001,-206.0667249999944,-1.0,-9156.182602035093
2026-05-18,-1,2026-05-18 14:00:00,2026-05-18 14:40:20,9,4575.775,4541.46620075758,4596.365987499999,4540.55021230159,4540.55021230159,0.7784692613385371,tp,0.1,0.7000000000000001,342.3879924241981,1.6662046559165857,-8813.794609610894
2026-05-18,-1,2026-05-18 17:05:00,2026-05-18 18:16:55,15,4556.628,4542.249901065453,4577.132825999999,4541.712721951223,4541.712721951223,0.33089450982096447,tp,0.1,0.7000000000000001,143.0809893454687,0.7012056056728929,-8670.713620265426
2026-05-18,-1,2026-05-18 19:10:00,2026-05-18 22:40:55,31,4556.932,4577.438193999999,4577.438193999999,4542.305217391308,4542.305217391308,0.324434002194916,sl,0.1,0.7000000000000001,-205.76193999999595,-1.0,-8876.475560265422
2026-05-18,-1,2026-05-18 22:50:00,2026-05-18 23:59:55,14,4575.459,4582.066,4596.048565499999,4544.987403307891,4544.987403307891,0.671236111015507,session_end,0.1,0.7000000000000001,-66.76999999999971,-0.3208906958235781,-8943.245560265423
2026-05-19,1,2026-05-19 01:25:00,2026-05-19 01:40:35,4,4556.145,4569.6142666666665,4535.642347500001,4571.077254901961,4571.077254901961,-0.32931525901949765,tp,0.1,0.7000000000000001,133.99266666666045,0.6569523951433331,-8809.252893598761
2026-05-19,1,2026-05-19 02:55:00,2026-05-19 06:27:10,43,4550.993,4553.384969696973,4530.513531500001,4565.132933333333,4565.132933333333,-0.31153382696676024,tp,0.1,0.7000000000000001,23.2196969697241,0.11679842653008518,-8786.033196629036
2026-05-19,1,2026-05-19 10:45:00,2026-05-19 13:23:25,32,4529.094,4508.713077,4508.713077,4549.686638242896,4549.686638242896,-0.4523748530260379,sl,0.1,0.7000000000000001,-204.5092299999971,-1.0,-8990.542426629032
2026-05-19,1,2026-05-19 13:30:00,2026-05-19 13:31:20,1,4492.438,4472.2220290000005,4472.2220290000005,4546.761901234571,4546.761901234571,-1.1979712687348285,sl,0.1,0.7000000000000001,-202.85970999999626,-1.0,-9193.402136629029
2026-05-19,1,2026-05-19 13:40:00,2026-05-19 23:59:55,112,4483.475,4489.556,4463.299362500001,4545.954280487808,4545.954280487808,-1.3785946056871423,session_end,0.1,0.7000000000000001,60.10999999999221,0.30140311551490556,-9133.292136629036
2026-05-20,1,2026-05-20 01:30:00,2026-05-20 03:07:20,20,4473.936,4453.803288,4453.803288,4494.157907407407,4494.157907407407,-0.45234074605835706,sl,0.1,0.7000000000000001,-202.02711999999627,-1.0,-9335.31925662903
2026-05-20,1,2026-05-20 03:15:00,2026-05-20 05:21:45,26,4457.996,4475.078463541666,4437.935018,4481.993034188033,4481.993034188033,-0.5367262734354249,tp,0.1,0.7000000000000001,170.12463541665676,0.8515267867577819,-9165.194621212373
2026-05-20,-1,2026-05-20 08:55:00,2026-05-20 09:29:00,7,4489.191,4476.104061946902,4509.3923595,4475.721728971962,4475.721728971962,0.3011865313426126,tp,0.1,0.7000000000000001,130.16938053097584,0.6478246205705946,-9035.025240681396
2026-05-20,-1,2026-05-20 10:25:00,2026-05-20 14:01:45,44,4491.394,4481.740359126983,4511.605273,4476.977295999999,4476.977295999999,0.3222867360281748,tp,0.1,0.7000000000000001,95.83640873017139,0.47763645926791404,-8939.188831951225
2026-05-20,-1,2026-05-20 14:20:00,2026-05-20 14:30:45,3,4498.238,4518.480071,4518.480071,4481.748554263564,4481.748554263564,0.37689409684455016,sl,0.1,0.7000000000000001,-203.12070999999668,-1.0,-9142.309541951221
2026-05-20,-1,2026-05-20 14:40:00,2026-05-20 15:15:45,8,4523.436,4543.791461999999,4543.791461999999,4482.44721212121,4482.44721212121,0.9168158805676566,sl,0.1,0.7000000000000001,-204.25461999999533,-1.0,-9346.564161951217
2026-05-20,-1,2026-05-20 15:25:00,2026-05-20 23:59:55,91,4536.395,4546.525,4556.8087775,4484.734758558558,4484.734758558558,1.154276545399997,session_end,0.1,0.7000000000000001,-101.999999999992,-0.49623348740816037,-9448.56416195121
2026-05-21,-1,2026-05-21 01:15:00,2026-05-21 02:12:55,12,4559.861,4552.683051282052,4580.3803745,4545.159777777778,4545.159777777778,0.3232718527093451,tp,0.1,0.7000000000000001,71.07948717948311,0.34981323226731015,-9377.484674771727
2026-05-21,1,2026-05-21 02:35:00,2026-05-21 07:25:05,59,4537.327,4516.9090285,4516.9090285,4551.660473118281,4551.660473118281,-0.32173913684401545,sl,0.1,0.7000000000000001,-204.8797150000002,-1.0,-9582.364389771727
2026-05-21,1,2026-05-21 07:35:00,2026-05-21 08:16:00,9,4516.522,4536.46334006734,4496.197651,4537.797142857142,4537.797142857142,-0.4693498229789096,tp,0.1,0.7000000000000001,198.71340067340208,0.981155168479968,-9383.650989098325
2026-05-21,1,2026-05-21 10:30:00,2026-05-21 13:15:35,34,4518.126,4497.794433,4497.794433,4535.702076719576,4535.702076719576,-0.39006258392464377,sl,0.1,0.7000000000000001,-204.01567000000176,-1.0,-9587.666659098326
2026-05-21,1,2026-05-21 13:25:00,2026-05-21 17:10:25,46,4498.594,4525.925428802588,4478.350327,4530.539556935817,4530.539556935817,-0.7144525840473817,tp,0.1,0.7000000000000001,272.61428802587653,1.3501220259084272,-9315.052371072448
2026-05-21,-1,2026-05-21 17:30:00,2026-05-21 23:59:55,66,4541.513,4535.503,4561.9498085,4526.089436507936,4526.089436507936,0.3431342599373521,session_end,0.1,0.7000000000000001,59.40000000000218,0.2940772283500295,-9255.652371072447
2026-05-22,1,2026-05-22 06:00:00,2026-05-22 06:30:00,7,4511.482,4527.3665,4491.1803310000005,4527.899055555556,4527.899055555556,-0.366374235644719,tp,0.1,0.7000000000000001,158.14500000000118,0.7824233564245636,-9097.507371072446
2026-05-22,1,2026-05-22 13:50:00,2026-05-22 16:25:40,32,4511.232,4522.6653028764795,4490.931456,4524.916078313251,4524.916078313251,-0.3052007611685761,tp,0.1,0.7000000000000001,113.63302876479501,0.5632017977685554,-8983.874342307652
2026-05-22,1,2026-05-22 19:15:00,2026-05-22 20:57:55,21,4507.51,4507.912,4487.226205000001,4521.854766233766,4521.854766233766,-0.31712133571485973,session_end,0.1,0.7000000000000001,3.3200000000004364,0.019818776515935804,-8980.554342307652
2026-05-26,1,2026-05-26 01:40:00,2026-05-26 03:21:10,21,4529.93,4540.948691666667,4509.545315,4546.323216666667,4546.323216666667,-0.36480504962485844,tp,0.1,0.7000000000000001,109.48691666667109,0.5405377452075966,-8871.06742564098
2026-05-26,1,2026-05-26 04:45:00,2026-05-26 07:56:15,39,4526.492,4535.997210526316,4506.122786000001,4540.235602339182,4540.235602339182,-0.3025306072686054,tp,0.1,0.7000000000000001,94.3521052631575,0.4666459160533166,-8776.715320377822
2026-05-26,1,2026-05-26 08:35:00,2026-05-26 10:27:30,23,4521.574,4533.264911999999,4501.226917,4535.525352750808,4535.525352750808,-0.3071386811311594,tp,0.1,0.7000000000000001,116.20911999999116,0.574574350534635,-8660.50620037783
2026-05-26,1,2026-05-26 11:40:00,2026-05-26 13:44:00,25,4511.121,4530.411721544715,4490.8209555,4533.034157142857,4533.034157142857,-0.48307946474109426,tp,0.1,0.7000000000000001,192.2072154471487,0.9502797663677571,-8468.29898493068
2026-05-26,1,2026-05-26 13:55:00,2026-05-26 17:55:10,49,4516.078,4495.755649000001,4495.755649000001,4530.30279241517,4530.30279241517,-0.3203713544152071,sl,0.1,0.7000000000000001,-203.92350999999798,-1.0,-8672.222494930676
2026-05-26,1,2026-05-26 18:05:00,2026-05-26 23:42:15,56,4487.845,4520.818916666665,4467.649697500001,4525.133906298002,4525.133906298002,-0.8226034205572325,tp,0.1,0.7000000000000001,329.0391666666499,1.6327518078358105,-8343.183328264025
2026-05-27,1,2026-05-27 02:20:00,2026-05-27 04:45:30,30,4499.991,4509.322748538012,4479.7410405,4514.939619047619,4514.939619047619,-0.33231051383992277,tp,0.1,0.7000000000000001,92.61748538012107,0.4608280099529156,-8250.565842883905
2026-05-27,1,2026-05-27 05:45:00,2026-05-27 10:32:50,58,4493.772,4473.550026,4473.550026,4508.941338164252,4508.941338164252,-0.3362061518951452,sl,0.1,0.7000000000000001,-202.91974000000044,-1.0,-8453.485582883906
2026-05-27,1,2026-05-27 10:40:00,2026-05-27 10:51:55,3,4464.064,4443.975712,4443.975712,4499.321156250001,4499.321156250001,-0.7831438349550672,sl,0.1,0.7000000000000001,-201.5828799999992,-1.0,-8655.068462883904
2026-05-27,1,2026-05-27 11:00:00,2026-05-27 11:58:50,12,4446.164,4426.156262,4426.156262,4497.919154040405,4497.919154040405,-1.1541593404090702,sl,0.1,0.7000000000000001,-200.77737999999334,-1.0,-8855.845842883897
2026-05-27,1,2026-05-27 12:05:00,2026-05-27 13:07:30,13,4434.714,4414.7577870000005,4414.7577870000005,4492.890733333334,4492.890733333334,-1.3038316934512422,sl,0.1,0.7000000000000001,-200.26212999999478,-1.0,-9056.107972883892
2026-05-27,1,2026-05-27 13:15:00,2026-05-27 23:59:55,117,4416.74,4447.245,4396.86467,4488.298155136269,4488.298155136269,-1.5942157286138843,session_end,0.1,0.7000000000000001,304.3500000000011,1.5348172835369447,-8751.75797288389
2026-05-28,1,2026-05-28 01:20:00,2026-05-28 01:52:10,7,4433.807,4413.8548685,4413.8548685,4448.258000000001,4448.258000000001,-0.3272966630982329,sl,0.1,0.7000000000000001,-200.22131500000177,-1.0,-8951.979287883893
2026-05-28,1,2026-05-28 02:00:00,2026-05-28 03:02:05,13,4410.041,4390.1958155,4390.1958155,4438.806972222223,4438.806972222223,-0.6504218904515484,sl,0.1,0.7000000000000001,-199.15184499999958,-1.0,-9151.131132883893
2026-05-28,1,2026-05-28 03:10:00,2026-05-28 03:37:00,6,4396.851,4377.0651705,4377.0651705,4425.270491228071,4425.270491228071,-0.6484008443087853,sl,0.1,0.7000000000000001,-198.55829499999635,-1.0,-9349.689427883888
2026-05-28,1,2026-05-28 03:45:00,2026-05-28 09:21:50,68,4376.953,4397.701741071428,4357.256711500001,4418.8426148148155,4418.8426148148155,-0.9543362027294636,tp,0.1,0.7000000000000001,206.78741071427504,1.05343405542766,-9142.902017169614
2026-05-28,1,2026-05-28 10:50:00,2026-05-28 12:36:40,22,4381.08,4395.898081677704,4361.36514,4397.351856410256,4397.351856410256,-0.36987843914619467,tp,0.1,0.7000000000000001,147.4808167770396,0.7516199292160292,-8995.421200392575
2026-05-28,-1,2026-05-28 12:50:00,2026-05-28 12:56:30,2,4409.676,4429.519542,4429.519542,4396.015406926406,4396.015406926406,0.3132971975460765,sl,0.1,0.7000000000000001,-199.13541999999615,-1.0,-9194.55662039257
2026-05-28,-1,2026-05-28 13:05:00,2026-05-28 14:13:00,14,4432.847,4452.7948115,4452.7948115,4396.592445859873,4396.592445859873,0.8177367946392785,sl,0.1,0.7000000000000001,-200.1781150000017,-1.0,-9394.734735392572
2026-05-28,-1,2026-05-28 14:20:00,2026-05-28 15:36:00,16,4464.588,4484.678645999999,4484.678645999999,4399.698722868217,4399.698722868217,1.4699705867500916,sl,0.1,0.7000000000000001,-201.6064599999965,-1.0,-9596.341195392568
2026-05-28,-1,2026-05-28 15:45:00,2026-05-28 16:20:45,8,4479.624,4499.782308,4499.782308,4406.094582010583,4406.094582010583,1.6620709480094802,sl,0.1,0.7000000000000001,-202.28308000000033,-1.0,-9798.624275392569
2026-05-28,-1,2026-05-28 16:30:00,2026-05-28 23:59:55,78,4500.391,4495.178,4520.6427595,4409.772228956229,4409.772228956229,2.054704105776856,session_end,0.1,0.7000000000000001,51.42999999999738,0.2574097327197548,-9747.194275392572
2026-05-29,-1,2026-05-29 01:15:00,2026-05-29 01:50:00,8,4515.048,4501.724696969697,4535.365715999999,4498.325466666667,4498.325466666667,0.3693048325745788,tp,0.1,0.7000000000000001,132.5330303030267,0.6557480688431196,-9614.661245089545
2026-05-29,-1,2026-05-29 06:05:00,2026-05-29 09:50:30,46,4518.922,4539.257148999999,4539.257148999999,4504.43112785388,4504.43112785388,0.32416684219737674,sl,0.1,0.7000000000000001,-204.05148999999545,-1.0,-9818.712735089539
2026-05-29,-1,2026-05-29 10:00:00,2026-05-29 12:42:05,33,4531.301,4514.873813596492,4551.6918545,4510.640952777777,4510.640952777777,0.4590488899248681,tp,0.1,0.7000000000000001,163.57186403508132,0.8056153999582779,-9655.140871054457
2026-05-29,-1,2026-05-29 13:40:00,2026-05-29 14:09:00,6,4531.44,4551.831479999999,4551.831479999999,4515.437174796749,4515.437174796749,0.35892040074681947,sl,0.1,0.7000000000000001,-204.61479999999318,-1.0,-9859.755671054449
2026-05-29,-1,2026-05-29 14:15:00,2026-05-29 14:53:20,8,4544.054,4564.502243,4564.502243,4516.457732943471,4516.457732943471,0.610816455898732,sl,0.1,0.7000000000000001,-205.1824299999982,-1.0,-10064.938101054446
2026-05-29,-1,2026-05-29 15:00:00,2026-05-29 15:07:55,2,4564.34,4584.87953,4584.87953,4517.673440740743,4517.673440740743,1.035301906451826,sl,0.1,0.7000000000000001,-206.09530000000012,-1.0,-10271.033401054447
2026-05-29,-1,2026-05-29 15:15:00,2026-05-29 20:57:55,69,4589.923,4540.567,4610.5776534999995,4518.739389799638,4518.739389799638,1.5737267424823755,session_end,0.1,0.7000000000000001,492.8599999999977,2.389582570339431,-9778.17340105445
2026-06-01,1,2026-06-01 03:10:00,2026-06-01 05:49:45,32,4517.873,4525.285555555553,4497.5425715,4532.363938596491,4532.363938596491,-0.32078047556333406,tp,0.1,0.7000000000000001,73.42555555553808,0.36460400013477345,-9704.74784549891
2026-06-01,1,2026-06-01 06:25:00,2026-06-01 13:11:25,82,4506.427,4486.1480785,4486.1480785,4524.400402597401,4524.400402597401,-0.39712229242765623,sl,0.1,0.7000000000000001,-203.4892149999934,-1.0,-9908.237060498905
2026-06-01,1,2026-06-01 13:20:00,2026-06-01 13:30:40,3,4482.177,4462.0072035,4462.0072035,4512.758872916666,4512.758872916666,-0.6722688663633004,sl,0.1,0.7000000000000001,-202.39796499999392,-1.0,-10110.635025498897
2026-06-01,1,2026-06-01 13:40:00,2026-06-01 13:54:25,3,4473.255,4453.1253525,4453.1253525,4511.674967479675,4511.674967479675,-0.8513239042379691,sl,0.1,0.7000000000000001,-201.99647499999918,-1.0,-10312.631500498897
2026-06-01,1,2026-06-01 14:00:00,2026-06-01 23:59:55,108,4450.567,4484.379,4430.539448500001,4510.470081349207,4510.470081349207,-1.3364478704440332,session_end,0.1,0.7000000000000001,337.419999999999,1.6882742755648852,-9975.2115004989
2026-06-02,-1,2026-06-02 03:50:00,2026-06-02 04:58:50,14,4498.073,4518.3143285,4518.3143285,4484.420050724637,4484.420050724637,0.30545642737348055,sl,0.1,0.7000000000000001,-203.11328499999325,-1.0,-10178.324785498891
2026-06-02,-1,2026-06-02 05:05:00,2026-06-02 06:31:35,18,4516.173,4536.4957785,4536.4957785,4489.973655737705,4489.973655737705,0.5778061577074528,sl,0.1,0.7000000000000001,-203.92778499999912,-1.0,-10382.252570498891
2026-06-02,-1,2026-06-02 06:40:00,2026-06-02 13:00:00,77,4534.279,4513.497858974358,4554.6832555,4497.844616666667,4497.844616666667,0.809818622865789,tp,0.1,0.7000000000000001,207.11141025642684,1.0184709275789579,-10175.141160242463
2026-06-02,1,2026-06-02 14:20:00,2026-06-02 23:10:55,95,4496.291,4476.057690500001,4476.057690500001,4513.113244186046,4513.113244186046,-0.37531174755844265,sl,0.1,0.7000000000000001,-203.0330949999945,-1.0,-10378.174255242458
2026-06-03,-1,2026-06-03 00:45:00,2026-06-03 01:00:05,4,4495.79,4483.843166666667,4516.021055,4481.8526296296295,4481.8526296296295,0.310861858291884,tp,0.1,0.7000000000000001,118.76833333333416,0.5905195420275067,-10259.405921909125
2026-06-03,1,2026-06-03 01:25:00,2026-06-03 02:09:25,9,4466.55,4477.624693333335,4446.450525,4480.44974509804,4480.44974509804,-0.3098962356006842,tp,0.1,0.7000000000000001,110.04693333334835,0.5509941594660976,-10149.358988575776
2026-06-03,1,2026-06-03 05:45:00,2026-06-03 08:58:05,39,4461.928,4441.849324,4441.849324,4477.89339130435,4477.89339130435,-0.3497714200781403,sl,0.1,0.7000000000000001,-201.48676000000086,-1.0,-10350.845748575775
2026-06-03,1,2026-06-03 09:05:00,2026-06-03 11:08:25,25,4451.116,4467.865526315792,4431.085978,4471.103807339451,4471.103807339451,-0.44791640280362743,tp,0.1,0.7000000000000001,166.79526315791628,0.8362210643498892,-10184.050485417858
2026-06-03,1,2026-06-03 12:30:00,2026-06-03 12:51:50,5,4453.17,4466.841021645023,4433.130735000001,4467.153502222222,4467.153502222222,-0.31687969117651876,tp,0.1,0.7000000000000001,136.01021645022848,0.6822117300720977,-10048.04026896763
2026-06-03,1,2026-06-03 13:25:00,2026-06-03 13:44:30,4,4450.386,4430.359263,4430.359263,4466.559196687372,4466.559196687372,-0.361916096384895,sl,0.1,0.7000000000000001,-200.96737000000138,-1.0,-10249.007638967632
2026-06-03,1,2026-06-03 13:50:00,2026-06-03 23:45:05,108,4436.946,4456.749380952382,4416.979743,4465.8553714859445,4465.8553714859445,-0.6472751372672827,tp,0.1,0.7000000000000001,197.33380952382214,0.9918424345826147,-10051.673829443811
2026-06-04,-1,2026-06-04 01:25:00,2026-06-04 01:52:20,6,4469.619,4457.183166666667,4489.732285499999,4454.629098039215,4454.629098039215,0.34036283666038386,tp,0.1,0.7000000000000001,123.65833333332994,0.6182895048813993,-9928.015496110482
2026-06-04,-1,2026-06-04 02:55:00,2026-06-04 03:43:40,10,4474.543,4461.682446969697,4494.678443499999,4459.318771428572,4459.318771428572,0.34034859020777464,tp,0.1,0.7000000000000001,127.9055303030298,0.6387022481180201,-9800.109965807453
2026-06-04,-1,2026-06-04 04:35:00,2026-06-04 06:46:50,27,4480.054,4466.5991728395065,4500.214242999999,4462.899648484848,4462.899648484848,0.3921968427207415,tp,0.1,0.7000000000000001,133.84827160493552,0.6673940964151068,-9666.261694202516
2026-06-04,-1,2026-06-04 11:30:00,2026-06-04 11:57:10,6,4489.527,4509.7298715,4509.7298715,4466.984002415459,4466.984002415459,0.5045461898308498,sl,0.1,0.7000000000000001,-202.72871499999673,-1.0,-9868.990409202514
2026-06-04,-1,2026-06-04 12:05:00,2026-06-04 14:43:35,32,4497.592,4473.841638257576,4517.831163999999,4468.434370114943,4468.434370114943,0.6525692775097686,tp,0.1,0.7000000000000001,236.80361742423594,1.1734853150270457,-9632.186791778277
2026-06-05,1,2026-06-05 03:05:00,2026-06-05 05:03:05,24,4438.685,4448.712794444445,4418.7109175000005,4453.671162162162,4453.671162162162,-0.3362880108753032,tp,0.1,0.7000000000000001,99.57794444444225,0.5020403037007721,-9532.608847333835
2026-06-05,-1,2026-06-05 07:20:00,2026-06-05 12:30:00,63,4461.697,4455.016480000003,4481.7746365,4448.121083333334,4448.121083333334,0.30662197388846996,tp,0.1,0.7000000000000001,66.10519999997159,0.33273438335219924,-9466.503647333862
2026-06-05,1,2026-06-05 12:50:00,2026-06-05 12:53:25,1,4440.47,4420.4878850000005,4420.4878850000005,4454.82432683983,4454.82432683983,-0.3221075801659916,sl,0.1,0.7000000000000001,-200.52114999999793,-1.0,-9667.02479733386
2026-06-05,1,2026-06-05 13:00:00,2026-06-05 13:38:20,8,4406.486,4386.6568130000005,4386.6568130000005,4454.349346153849,4454.349346153849,-1.0775164322325106,sl,0.1,0.7000000000000001,-198.99186999999364,-1.0,-9866.016667333854
2026-06-05,1,2026-06-05 13:45:00,2026-06-05 13:59:40,3,4389.702,4369.948341,4369.948341,4451.831254545456,4451.831254545456,-1.3951169977981992,sl,0.1,0.7000000000000001,-198.2365899999997,-1.0,-10064.253257333854
2026-06-05,1,2026-06-05 14:05:00,2026-06-05 14:33:45,6,4372.296,4352.6206680000005,4352.6206680000005,4450.105033530574,4450.105033530574,-1.7525886005593392,sl,0.1,0.7000000000000001,-197.45331999999797,-1.0,-10261.70657733385
2026-06-05,1,2026-06-05 14:40:00,2026-06-05 16:06:10,18,4348.925,4329.3548375,4329.3548375,4446.610734848487,4446.610734848487,-2.2039198097655364,sl,0.1,0.7000000000000001,-196.4016250000015,-1.0,-10458.108202333853
2026-06-05,1,2026-06-05 16:15:00,2026-06-05 19:18:00,37,4333.525,4314.0241375,4314.0241375,4437.0789025641025,4437.0789025641025,-2.333244570076863,sl,0.1,0.7000000000000001,-195.70862500000038,-1.0,-10653.816827333852
2026-06-05,1,2026-06-05 19:25:00,2026-06-05 20:57:55,19,4319.478,4328.864,4300.040349,4419.753585121603,4419.753585121603,-2.271067451803225,session_end,0.1,0.7000000000000001,93.15999999999512,0.4828772777121794,-10560.656827333856
2026-06-08,1,2026-06-08 01:15:00,2026-06-08 01:30:20,4,4327.37,4307.8968350000005,4307.8968350000005,4343.8858222222225,4343.8858222222225,-0.38278681583109153,sl,0.1,0.7000000000000001,-195.43164999999425,-1.0,-10756.088477333851
2026-06-08,1,2026-06-08 01:40:00,2026-06-08 05:34:10,47,4317.318,4297.890069,4297.890069,4337.068233333333,4337.068233333333,-0.453722013919295,sl,0.1,0.7000000000000001,-194.9793100000017,-1.0,-10951.067787333854
2026-06-08,1,2026-06-08 05:40:00,2026-06-08 07:25:35,22,4291.088,4315.295127340825,4271.778104,4320.095598039217,4320.095598039217,-0.6749989063309864,tp,0.1,0.7000000000000001,241.37127340825538,1.253612517686571,-10709.696513925599
2026-06-08,1,2026-06-08 07:45:00,2026-06-08 09:28:20,21,4302.066,4282.706703,4282.706703,4314.949394265234,4314.949394265234,-0.3009860157918802,sl,0.1,0.7000000000000001,-194.29296999999968,-1.0,-10903.989483925598
2026-06-08,1,2026-06-08 09:35:00,2026-06-08 11:10:40,20,4274.137,4308.282159203981,4254.9033835,4310.188362318841,4310.188362318841,-0.8389740605068802,tp,0.1,0.7000000000000001,340.75159203981167,1.7752854333963506,-10563.237891885787
2026-06-08,-1,2026-06-08 11:20:00,2026-06-08 13:38:25,28,4327.007,4346.478531499999,4346.478531499999,4308.431080882354,4308.431080882354,0.43660717241399893,sl,0.1,0.7000000000000001,-195.415314999994,-1.0,-10758.653206885781
2026-06-08,-1,2026-06-08 13:45:00,2026-06-08 23:30:00,106,4336.625,4319.856022222222,4356.1398125,4312.14902020202,4312.14902020202,0.5674891958356534,tp,0.1,0.7000000000000001,166.98977777777765,0.8592948447635919,-10591.663429108004
2026-06-09,-1,2026-06-09 01:30:00,2026-06-09 04:16:40,34,4335.456,4330.8397124183,4354.965552,4321.365277777779,4321.365277777779,0.3244512167097251,tp,0.1,0.7000000000000001,45.46287581699907,0.23661679067259048,-10546.200553291004
2026-06-09,-1,2026-06-09 05:45:00,2026-06-09 06:31:05,10,4348.731,4332.86291880342,4368.3002895,4331.420975845411,4331.420975845411,0.39896893538999645,tp,0.1,0.7000000000000001,157.98081196579625,0.8108664955147945,-10388.219741325207
2026-06-09,-1,2026-06-09 13:50:00,2026-06-09 13:55:00,2,4352.448,4333.530439121754,4372.0340160000005,4333.48931325301,4333.48931325301,0.4408845935897462,tp,0.1,0.7000000000000001,188.4756087824615,0.9658707967075059,-10199.744132542746
2026-06-09,1,2026-06-09 14:20:00,2026-06-09 14:44:15,5,4311.632,4292.2296559999995,4292.2296559999995,4333.2893178294535,4333.2893178294535,-0.5063663240571398,sl,0.1,0.7000000000000001,-194.72344000000083,-1.0,-10394.467572542748
2026-06-09,1,2026-06-09 14:50:00,2026-06-09 15:31:55,9,4283.865,4264.5876075,4264.5876075,4332.36608426966,4332.36608426966,-1.1178206856871316,sl,0.1,0.7000000000000001,-193.47392500000132,-1.0,-10587.94149754275
2026-06-09,1,2026-06-09 15:40:00,2026-06-09 16:38:10,12,4270.096,4250.880568,4250.880568,4330.015363475175,4330.015363475175,-1.3830057967072376,sl,0.1,0.7000000000000001,-192.85431999999963,-1.0,-10780.795817542748
2026-06-09,1,2026-06-09 16:45:00,2026-06-09 23:23:30,68,4244.901,4225.7989455,4225.7989455,4325.855175787726,4325.855175787726,-1.8642828414393349,sl,0.1,0.7000000000000001,-191.7205450000012,-1.0,-10972.516362542749
2026-06-10,1,2026-06-10 00:35:00,2026-06-10 00:58:25,5,4206.616,4215.355303030303,4187.6862280000005,4221.367571428572,4221.367571428572,-0.34885783290339145,tp,0.1,0.7000000000000001,86.69303030302835,0.4616697459590673,-10885.823332239721
2026-06-10,1,2026-06-10 01:05:00,2026-06-10 01:17:20,3,4194.673,4212.161177777777,4175.7969715,4214.391846153846,4214.391846153846,-0.4723064888238044,tp,0.1,0.7000000000000001,174.1817777777731,0.9264754912707115,-10711.641554461949
2026-06-10,1,2026-06-10 01:45:00,2026-06-10 05:32:20,46,4187.558,4189.719338383837,4168.713989,4209.202396825397,4209.202396825397,-0.5166156144403321,tp,0.1,0.7000000000000001,20.913383838366645,0.11469630238682459,-10690.72817062358
2026-06-10,-1,2026-06-10 05:50:00,2026-06-10 06:08:05,4,4202.836,4221.748762,4221.748762,4190.022566666666,4190.022566666666,0.30821870593427936,sl,0.1,0.7000000000000001,-189.82761999999929,-1.0,-10880.55579062358
2026-06-10,-1,2026-06-10 06:15:00,2026-06-10 07:28:05,15,4212.825,4193.702164794006,4231.782712499999,4191.319773333332,4191.319773333332,0.5174557857564634,tp,0.1,0.7000000000000001,190.52835205993398,1.0087100543377152,-10690.027438563648
2026-06-10,1,2026-06-10 08:05:00,2026-06-10 11:59:15,47,4164.711,4145.9698005,4145.9698005,4193.247872852234,4193.247872852234,-0.6833336287545391,sl,0.1,0.7000000000000001,-188.1119950000022,-1.0,-10878.13943356365
2026-06-10,1,2026-06-10 12:05:00,2026-06-10 12:29:50,5,4147.419,4128.7556145,4128.7556145,4184.487232183908,4184.487232183908,-0.8910585721741703,sl,0.1,0.7000000000000001,-187.33385500000003,-1.0,-11065.473288563651
2026-06-10,1,2026-06-10 12:35:00,2026-06-10 12:56:35,5,4162.42,4143.68911,4143.68911,4182.824927152318,4182.824927152318,-0.4840969322161832,sl,0.1,0.7000000000000001,-188.00889999999816,-1.0,-11253.482188563648
2026-06-10,1,2026-06-10 13:05:00,2026-06-10 13:17:20,3,4153.249,4134.5593795,4134.5593795,4181.810738853504,4181.810738853504,-0.6856536711980581,sl,0.1,0.7000000000000001,-187.59620499999363,-1.0,-11441.078393563643
2026-06-10,1,2026-06-10 13:25:00,2026-06-10 13:45:45,5,4144.189,4180.361092929293,4125.540149500001,4180.945320910973,4180.945320910973,-0.8788280661601008,tp,0.1,0.7000000000000001,361.02092929292377,1.939641959663565,-11080.057464270718
2026-06-10,1,2026-06-10 14:30:00,2026-06-10 14:48:25,4,4161.064,4142.339212000001,4142.339212000001,4180.049875478927,4180.049875478927,-0.45381935728107764,sl,0.1,0.7000000000000001,-187.94787999999534,-1.0,-11268.005344270714
2026-06-10,1,2026-06-10 14:55:00,2026-06-10 14:57:35,1,4138.274,4119.651767,4119.651767,4179.23547113594,4179.23547113594,-0.9799034157988912,sl,0.1,0.7000000000000001,-186.9223300000005,-1.0,-11454.927674270715
2026-06-10,1,2026-06-10 15:05:00,2026-06-10 15:48:15,9,4129.425,4110.8425875,4110.8425875,4178.673414364641,4178.673414364641,-1.1810067327825418,sl,0.1,0.7000000000000001,-186.52412499999917,-1.0,-11641.451799270715
2026-06-10,1,2026-06-10 15:55:00,2026-06-10 17:44:50,22,4120.526,4101.983633,4101.983633,4175.824931937172,4175.824931937172,-1.3300828660794766,sl,0.1,0.7000000000000001,-186.12367000000012,-1.0,-11827.575469270716
2026-06-10,1,2026-06-10 17:50:00,2026-06-10 19:10:40,17,4111.345,4092.8439475000005,4092.8439475000005,4169.934794392524,4169.934794392524,-1.404669312126671,sl,0.1,0.7000000000000001,-185.71052499999786,-1.0,-12013.285994270715
2026-06-10,1,2026-06-10 19:20:00,2026-06-10 20:09:00,10,4090.142,4071.736361,4071.736361,4165.022573275862,4165.022573275862,-1.8019967948656468,sl,0.1,0.7000000000000001,-184.7563899999961,-1.0,-12198.04238427071
2026-06-10,1,2026-06-10 20:15:00,2026-06-10 22:07:45,11,4072.132,4053.8074060000004,4053.8074060000004,4161.325294924554,4161.325294924554,-2.144179764878772,sl,0.1,0.7000000000000001,-183.94593999999705,-1.0,-12381.988324270707
2026-06-10,1,2026-06-10 22:15:00,2026-06-10 22:21:45,2,4056.127,4037.8744285000002,4037.8744285000002,4157.012585620916,4157.012585620916,-2.429258597152699,sl,0.1,0.7000000000000001,-183.22571499999702,-1.0,-12565.214039270704
2026-06-10,1,2026-06-10 22:30:00,2026-06-10 23:13:50,9,4044.83,4026.6282650000003,4026.6282650000003,4155.69958010336,4155.69958010336,-2.6674108165586645,sl,0.1,0.7000000000000001,-182.71734999999643,-1.0,-12747.9313892707
2026-06-11,-1,2026-06-11 01:00:00,2026-06-11 01:16:30,4,4075.6,4093.9401999999995,4093.9401999999995,4062.218638888889,4062.218638888889,0.33312734527781596,sl,0.1,0.7000000000000001,-184.1019999999964,-1.0,-12932.033389270695
2026-06-11,-1,2026-06-11 01:25:00,2026-06-11 02:29:45,13,4102.751,4083.222643678161,4121.2133795,4069.449196078432,4069.449196078432,0.8140365520103039,tp,0.1,0.7000000000000001,194.58356321839057,1.0577377808661825,-12737.449826052303
2026-06-11,1,2026-06-11 02:40:00,2026-06-11 04:08:45,18,4067.257,4077.283632653063,4048.9543435,4082.6478750000006,4082.6478750000006,-0.3831061477473245,tp,0.1,0.7000000000000001,99.56632653062734,0.5478238993920215,-12637.883499521675
2026-06-11,-1,2026-06-11 05:35:00,2026-06-11 06:07:40,7,4095.154,4079.541657534248,4113.582193,4078.1100945273647,4078.1100945273647,0.42036396946811166,tp,0.1,0.7000000000000001,155.42342465752137,0.847198771238828,-12482.460074864153
2026-06-11,-1,2026-06-11 06:45:00,2026-06-11 08:01:15,16,4092.684,4111.101078,4111.101078,4080.227901234569,4080.227901234569,0.3099115802233764,sl,0.1,0.7000000000000001,-184.8707799999949,-1.0,-12667.330854864147
2026-06-11,-1,2026-06-11 08:10:00,2026-06-11 08:59:55,10,4111.63,4085.175560747665,4130.132335,4084.0087312925184,4084.0087312925184,0.6789963129854774,tp,0.1,0.7000000000000001,263.84439252335306,1.4297892267292274,-12403.486462340796
2026-06-11,1,2026-06-11 12:25:00,2026-06-11 12:55:30,7,4069.162,4085.098746236561,4050.850771,4085.6851208053713,4085.6851208053713,-0.4067890773260344,tp,0.1,0.7000000000000001,158.6674623656125,0.8703264120918003,-12244.818999975185
2026-06-11,1,2026-06-11 14:10:00,2026-06-11 14:26:05,4,4062.87,4084.199479768786,4044.587085,4084.531552941177,4084.531552941177,-0.5326572376582668,tp,0.1,0.7000000000000001,212.59479768786315,1.1666345201947597,-12032.224202287322
2026-06-11,-1,2026-06-11 16:15:00,2026-06-11 16:25:45,3,4102.604,4084.1481404399315,4121.065718,4084.027806837606,4084.027806837606,0.4542131944189065,tp,0.1,0.7000000000000001,183.85859560068803,0.999682670923109,-11848.365606686635
2026-06-11,-1,2026-06-11 17:30:00,2026-06-11 17:30:15,1,4101.668,4120.125505999999,4120.125505999999,4083.96577936508,4083.96577936508,0.4364684132512851,sl,0.1,0.7000000000000001,-185.27505999999738,-1.0,-12033.640666686631
2026-06-11,-1,2026-06-11 17:40:00,2026-06-11 17:42:15,1,4150.339,4169.0155255,4169.0155255,4084.500251572327,4084.500251572327,1.6146099734548027,sl,0.1,0.7000000000000001,-187.46525500000024,-1.0,-12221.10592168663
2026-06-11,-1,2026-06-11 17:50:00,2026-06-11 19:00:50,15,4154.547,4173.242461499999,4173.242461499999,4085.2048831775705,4085.2048831775705,1.6970046498256872,sl,0.1,0.7000000000000001,-187.6546149999951,-1.0,-12408.760536686626
2026-06-11,-1,2026-06-11 19:10:00,2026-06-11 19:16:50,2,4173.9,4192.6825499999995,4192.6825499999995,4090.1826855072472,4090.1826855072472,2.049818331827285,sl,0.1,0.7000000000000001,-188.525499999999,-1.0,-12597.286036686626
2026-06-11,-1,2026-06-11 19:25:00,2026-06-11 19:30:50,2,4191.553,4210.4149885,4210.4149885,4091.465144492133,4091.465144492133,2.448972482211002,sl,0.1,0.7000000000000001,-189.31988499999824,-1.0,-12786.605921686623
2026-06-11,-1,2026-06-11 19:40:00,2026-06-11 22:43:55,25,4208.715,4227.6542174999995,4227.6542174999995,4092.910444915255,4092.910444915255,2.8291250601048072,sl,0.1,0.7000000000000001,-190.09217499999357,-1.0,-12976.698096686618
2026-06-11,-1,2026-06-11 22:50:00,2026-06-11 23:59:55,14,4232.158,4219.96,4251.202711,4104.852614503818,4104.852614503818,3.0938110919612987,session_end,0.1,0.7000000000000001,121.2800000000032,0.6404927856348467,-12855.418096686615
2026-06-12,1,2026-06-12 00:45:00,2026-06-12 01:04:05,4,4204.327,4185.407528500001,4185.407528500001,4218.08474074074,4218.08474074074,-0.32898202842417473,sl,0.1,0.7000000000000001,-189.89471499999416,-1.0,-13045.31281168661
2026-06-12,1,2026-06-12 01:10:00,2026-06-12 01:36:35,6,4193.163,4174.2937665,4174.2937665,4211.294952380952,4211.294952380952,-0.43297732852084786,sl,0.1,0.7000000000000001,-189.39233499999608,-1.0,-13234.705146686607
2026-06-12,1,2026-06-12 01:45:00,2026-06-12 02:10:45,6,4179.679,4199.85276923077,4160.8704445,4202.287126984127,4202.287126984127,-0.5376864145964018,tp,0.1,0.7000000000000001,201.03769230769723,1.0725847197978575,-13033.667454378909
2026-06-12,1,2026-06-12 02:35:00,2026-06-12 03:15:50,9,4183.285,4196.801452991453,4164.4602175,4198.412688172043,4198.412688172043,-0.3628439913722639,tp,0.1,0.7000000000000001,134.46452991452753,0.7180137667700998,-12899.202924464382
2026-06-12,1,2026-06-12 05:35:00,2026-06-12 07:59:35,29,4180.535,4190.555350877193,4161.7225925,4195.600880597014,4195.600880597014,-0.358730037135283,tp,0.1,0.7000000000000001,99.50350877192868,0.5326458549865601,-12799.699415692452
2026-06-12,-1,2026-06-12 08:15:00,2026-06-12 08:39:55,5,4203.724,4222.640758,4222.640758,4190.831919191919,4190.831919191919,0.3086518633411321,sl,0.1,0.7000000000000001,-189.8675799999939,-1.0,-12989.566995692447
2026-06-12,-1,2026-06-12 08:45:00,2026-06-12 11:32:45,34,4218.216,4198.323782608694,4237.197972,4192.293457142857,4192.293457142857,0.6201508344518932,tp,0.1,0.7000000000000001,198.22217391306077,1.047953152143861,-12791.344821779385
2026-06-12,-1,2026-06-12 11:55:00,2026-06-12 12:30:10,8,4214.758,4199.049266666665,4233.724410999999,4198.608575757575,4198.608575757575,0.3872812611375904,tp,0.1,0.7000000000000001,156.3873333333475,0.828239635497471,-12634.957488446038
2026-06-12,1,2026-06-12 14:45:00,2026-06-12 14:52:50,2,4184.502,4198.282597378277,4165.671741000001,4198.37604519774,4198.37604519774,-0.33031927222437746,tp,0.1,0.7000000000000001,137.1059737827698,0.7318325987060204,-12497.851514663267
2026-06-12,-1,2026-06-12 15:15:00,2026-06-12 15:26:30,3,4214.001,4232.9640045,4232.9640045,4198.481382513661,4198.481382513661,0.36926726770565854,sl,0.1,0.7000000000000001,-190.3300449999944,-1.0,-12688.181559663262
2026-06-12,-1,2026-06-12 15:35:00,2026-06-12 19:35:05,49,4219.531,4203.074004255319,4238.5188895,4198.996438502673,4198.996438502673,0.4887015694789202,tp,0.1,0.7000000000000001,163.86995744681082,0.8667101072333994,-12524.31160221645
2026-06-15,-1,2026-06-15 01:35:00,2026-06-15 02:31:25,12,4312.47,4331.876115,4331.876115,4298.482368421053,4298.482368421053,0.3253388145008078,sl,0.1,0.7000000000000001,-194.7611499999977,-1.0,-12719.072752216449
2026-06-15,-1,2026-06-15 02:40:00,2026-06-15 05:42:10,37,4332.69,4318.196509803922,4352.187104999999,4308.328802083334,4308.328802083334,0.5679510325403481,tp,0.1,0.7000000000000001,144.23490196077802,0.7433662687910948,-12574.83785025567
2026-06-15,1,2026-06-15 06:40:00,2026-06-15 07:21:10,9,4303.343,4316.088295454544,4283.9779565,4316.770666666665,4316.770666666665,-0.3112434665666446,tp,0.1,0.7000000000000001,126.75295454544248,0.6581599186464144,-12448.084895710228
2026-06-15,-1,2026-06-15 08:20:00,2026-06-15 12:50:25,55,4329.546,4349.028957,4349.028957,4316.641136666665,4316.641136666665,0.30134224554462075,sl,0.1,0.7000000000000001,-195.52957000000168,-1.0,-12643.61446571023
2026-06-15,-1,2026-06-15 13:00:00,2026-06-15 13:41:45,9,4348.831,4368.4007395,4368.4007395,4324.521532051282,4324.521532051282,0.5649750560295831,sl,0.1,0.7000000000000001,-196.3973949999974,-1.0,-12840.011860710227
2026-06-15,-1,2026-06-15 13:50:00,2026-06-15 17:10:30,41,4361.83,4331.359391585761,4381.458235,4326.340493975904,4326.340493975904,0.8199656516516014,tp,0.1,0.7000000000000001,304.00608414238997,1.552386570378783,-12536.005776567836
2026-06-15,1,2026-06-15 20:15:00,2026-06-15 23:59:55,33,4316.28,4315.805,4296.85674,4330.205713305899,4330.205713305899,-0.3229341567521788,session_end,0.1,0.7000000000000001,-5.449999999994543,-0.024455215035965372,-12541.45577656783
2026-06-16,-1,2026-06-16 03:45:00,2026-06-16 05:39:15,23,4331.81,4319.364771144279,4351.303145,4315.971718518519,4315.971718518519,0.36699224449314816,tp,0.1,0.7000000000000001,123.75228855721325,0.6384413010687434,-12417.703488010615
2026-06-16,-1,2026-06-16 08:00:00,2026-06-16 12:52:10,59,4334.944,4354.451248,4354.451248,4320.235444444445,4320.235444444445,0.3428645439822587,sl,0.1,0.7000000000000001,-195.7724799999989,-1.0,-12613.475968010614
2026-06-16,-1,2026-06-16 13:00:00,2026-06-16 14:16:50,16,4354.526,4329.98555360624,4374.121367,4329.128461538463,4329.128461538463,0.5892303425080759,tp,0.1,0.7000000000000001,244.7044639376025,1.2523596212186472,-12368.77150407301
2026-06-16,-1,2026-06-16 16:15:00,2026-06-16 17:20:15,14,4345.84,4330.41666346154,4365.39628,4329.666820512822,4329.666820512822,0.3734970878258636,tp,0.1,0.7000000000000001,153.53336538459808,0.7886641292955499,-12215.238138688412
2026-06-17,1,2026-06-17 04:35:00,2026-06-17 05:49:05,15,4318.368,4334.144657004831,4298.935344,4336.3074787878795,4336.3074787878795,-0.41476484026697413,tp,0.1,0.7000000000000001,157.0665700483067,0.8118631341403206,-12058.171568640104
2026-06-17,-1,2026-06-17 14:25:00,2026-06-17 14:47:35,5,4358.134,4331.7384425612045,4377.745602999999,4331.1702543352585,4331.1702543352585,0.6293390484351868,tp,0.1,0.7000000000000001,263.2555743879555,1.3459153460732602,-11794.915994252147
2026-06-17,-1,2026-06-17 14:55:00,2026-06-17 16:22:45,18,4346.948,4366.509266,4366.509266,4331.897035381749,4331.897035381749,0.34377466723278094,sl,0.1,0.7000000000000001,-196.31265999999704,-1.0,-11991.228654252143
2026-06-17,-1,2026-06-17 16:30:00,2026-06-17 18:02:25,19,4365.137,4336.907658950617,4384.780116499999,4334.330644781144,4334.330644781144,0.7105677379721749,tp,0.1,0.7000000000000001,281.5934104938304,1.4371111146942404,-11709.635243758312
2026-06-17,1,2026-06-17 18:10:00,2026-06-17 18:33:40,5,4295.136,4275.807888,4275.807888,4336.741831804281,4336.741831804281,-0.9619855970749343,sl,0.1,0.7000000000000001,-193.98112000000145,-1.0,-11903.616363758312
2026-06-17,1,2026-06-17 18:40:00,2026-06-17 18:58:25,4,4302.963,4283.5996665,4283.5996665,4335.554334821429,4335.554334821429,-0.7516071142208628,sl,0.1,0.7000000000000001,-194.33333499999497,-1.0,-12097.949698758308
2026-06-17,1,2026-06-17 19:05:00,2026-06-17 19:17:10,3,4271.606,4252.383773,4252.383773,4334.887091703057,4334.887091703057,-1.4624623516584059,sl,0.1,0.7000000000000001,-192.92227000000202,-1.0,-12290.87196875831
2026-06-17,1,2026-06-17 19:25:00,2026-06-17 23:59:55,43,4236.636,4277.931,4217.571138,4333.545889842632,4333.545889842632,-2.2454796214507344,session_end,0.1,0.7000000000000001,412.24999999999164,2.166026693505507,-11878.621968758318
2026-06-18,-1,2026-06-18 00:50:00,2026-06-18 02:47:00,24,4313.617,4314.735797979797,4333.0282765,4300.525633333334,4300.525633333334,0.307343050445254,tp,0.1,0.7000000000000001,-11.887979797969091,-0.057636497001982846,-11890.509948556286
2026-06-18,1,2026-06-18 06:10:00,2026-06-18 08:35:20,30,4301.149,4281.7938295,4281.7938295,4314.928297297296,4314.928297297296,-0.3191547193477506,sl,0.1,0.7000000000000001,-194.25170499999984,-1.0,-12084.761653556285
2026-06-18,1,2026-06-18 08:45:00,2026-06-18 09:00:25,4,4281.813,4262.5448415,4262.5448415,4309.7505587301575,4309.7505587301575,-0.6508626972235407,sl,0.1,0.7000000000000001,-193.38158500000026,-1.0,-12278.143238556284
2026-06-18,1,2026-06-18 09:10:00,2026-06-18 11:09:40,24,4266.275,4247.0767625,4247.0767625,4308.033557575755,4308.033557575755,-0.9692718735286,sl,0.1,0.7000000000000001,-192.68237499999776,-1.0,-12470.82561355628
2026-06-18,1,2026-06-18 11:15:00,2026-06-18 15:33:05,52,4247.286,4228.173213,4228.173213,4299.984817283948,4299.984817283948,-1.2250698437866137,sl,0.1,0.7000000000000001,-191.82787000000025,-1.0,-12662.653483556282
2026-06-18,1,2026-06-18 15:40:00,2026-06-18 19:06:15,42,4227.291,4208.2681905,4208.2681905,4285.737508865248,4285.737508865248,-1.3628111554763032,sl,0.1,0.7000000000000001,-190.9280950000022,-1.0,-12853.581578556285
2026-06-18,1,2026-06-18 19:15:00,2026-06-18 23:45:25,43,4207.719,4188.7842645,4188.7842645,4274.364949494949,4274.364949494949,-1.5614237502774495,sl,0.1,0.7000000000000001,-190.04735499999987,-1.0,-13043.628933556283
2026-06-19,1,2026-06-19 03:05:00,2026-06-19 03:58:45,11,4169.849,4151.084679500001,4151.084679500001,4184.640189189189,4184.640189189189,-0.35329654452451226,sl,0.1,0.7000000000000001,-188.34320499999484,-1.0,-13231.972138556277
2026-06-19,1,2026-06-19 04:05:00,2026-06-19 04:54:25,10,4144.475,4125.824862500001,4125.824862500001,4179.21624489796,4179.21624489796,-0.8309272089079914,sl,0.1,0.7000000000000001,-187.201374999998,-1.0,-13419.173513556274
2026-06-19,1,2026-06-19 05:00:00,2026-06-19 07:57:35,36,4126.059,4161.197382456141,4107.4917345,4172.145894444444,4172.145894444444,-1.1044890473701774,tp,0.1,0.7000000000000001,350.6838245614079,1.892490978606466,-13068.489688994865
2026-06-19,-1,2026-06-19 08:25:00,2026-06-19 09:29:25,13,4175.215,4162.170796460178,4194.0034675,4161.400151815183,4161.400151815183,0.33286508577589313,tp,0.1,0.7000000000000001,129.74203539821866,0.6942664983092508,-12938.747653596645
2026-06-19,1,2026-06-19 11:05:00,2026-06-19 12:10:15,14,4148.703,4160.355534246576,4130.033836500001,4161.4321829573955,4161.4321829573955,-0.30816753448284284,tp,0.1,0.7000000000000001,115.82534246575669,0.6241594191713963,-12822.92231113089
2026-06-19,-1,2026-06-19 12:55:00,2026-06-19 13:37:55,9,4172.938,4160.507955010225,4191.716221,4160.007627956989,4160.007627956989,0.3132054844190202,tp,0.1,0.7000000000000001,123.60044989775524,0.6619394345063787,-12699.321861233133
2026-06-19,1,2026-06-19 14:20:00,2026-06-19 16:59:55,32,4147.604,4155.511,4128.939782,4160.200693798449,4160.200693798449,-0.3089200436317047,session_end,0.1,0.7000000000000001,78.37000000000153,0.42364485884167224,-12620.95186123313
2026-06-22,-1,2026-06-22 00:45:00,2026-06-22 00:55:35,3,4175.614,4194.404262999999,4194.404262999999,4161.9529999999995,4161.9529999999995,0.32996528312549844,sl,0.1,0.7000000000000001,-188.60262999999867,-1.0,-12809.554491233128
2026-06-22,-1,2026-06-22 01:05:00,2026-06-22 02:13:00,14,4206.522,4186.632717948718,4225.451349,4171.668692307691,4171.668692307691,0.8349250686310125,tp,0.1,0.7000000000000001,198.19282051281954,1.0507113610342305,-12611.361670720307
2026-06-22,1,2026-06-22 04:00:00,2026-06-22 05:08:35,14,4171.767,4183.727803278688,4152.9940485,4185.4338194444435,4185.4338194444435,-0.3294000105889528,tp,0.1,0.7000000000000001,118.90803278688217,0.6371296105829795,-12492.453637933424
2026-06-22,-1,2026-06-22 06:25:00,2026-06-22 12:57:55,79,4200.427,4194.203458064518,4219.3289214999995,4185.53877056277,4185.53877056277,0.3554435940687719,tp,0.1,0.7000000000000001,61.535419354819894,0.3292544588909673,-12430.918218578605
2026-06-22,1,2026-06-22 15:45:00,2026-06-22 18:45:35,37,4181.316,4192.533505185188,4162.500078,4194.215807760144,4194.215807760144,-0.3099937713288009,tp,0.1,0.7000000000000001,111.47505185188201,0.5961709017069872,-12319.443166726724
2026-06-23,1,2026-06-23 01:20:00,2026-06-23 01:44:15,5,4173.828,4155.045774000001,4155.045774000001,4186.578895833333,4186.578895833333,-0.3043749120795337,sl,0.1,0.7000000000000001,-188.52225999999354,-1.0,-12507.965426726718
2026-06-23,1,2026-06-23 01:50:00,2026-06-23 03:21:30,19,4150.844,4132.165202,4132.165202,4181.242954545454,4181.242954545454,-0.729566659413844,sl,0.1,0.7000000000000001,-187.48797999999914,-1.0,-12695.453406726716
2026-06-23,1,2026-06-23 03:30:00,2026-06-23 04:59:05,18,4140.687,4122.0539085,4122.0539085,4166.95419047619,4166.95419047619,-0.6301770856086476,sl,0.1,0.7000000000000001,-187.03091499999863,-1.0,-12882.484321726715
2026-06-23,1,2026-06-23 05:05:00,2026-06-23 06:09:45,13,4134.597,4115.9913135,4115.9913135,4158.06968306011,4158.06968306011,-0.5658559103991267,sl,0.1,0.7000000000000001,-186.75686500000046,-1.0,-13069.241186726715
2026-06-23,1,2026-06-23 06:15:00,2026-06-23 07:44:10,18,4122.592,4104.040336,4104.040336,4151.820355555555,4151.820355555555,-0.7063493370158311,sl,0.1,0.7000000000000001,-186.21663999999618,-1.0,-13255.45782672671
2026-06-23,1,2026-06-23 07:50:00,2026-06-23 13:48:45,72,4106.78,4132.55524040404,4088.29949,4144.723297872341,4144.723297872341,-0.9197067001290373,tp,0.1,0.7000000000000001,257.05240404040234,1.394725600323823,-12998.405422686308
2026-06-23,1,2026-06-23 18:40:00,2026-06-23 22:34:10,35,4120.174,4101.6332170000005,4101.6332170000005,4132.527822916666,4132.527822916666,-0.30029617339411047,sl,0.1,0.7000000000000001,-186.10782999999464,-1.0,-13184.513252686302
2026-06-23,1,2026-06-23 22:40:00,2026-06-23 23:39:40,12,4101.223,4082.7674965,4082.7674965,4129.956910256409,4129.956910256409,-0.7047993693135612,sl,0.1,0.7000000000000001,-185.2550349999985,-1.0,-13369.7682876863
2026-06-24,1,2026-06-24 01:05:00,2026-06-24 01:25:05,5,4073.434,4095.247941176471,4055.1035470000006,4098.545641025641,4098.545641025641,-0.609792917162365,tp,0.1,0.7000000000000001,217.43941176470963,1.190038302734333,-13152.32887592159
2026-06-24,1,2026-06-24 02:10:00,2026-06-24 02:37:10,6,4081.343,4062.9769565,4062.9769565,4093.7977948717953,4093.7977948717953,-0.3079242186213076,sl,0.1,0.7000000000000001,-184.36043499999704,-1.0,-13336.689310921589
2026-06-24,1,2026-06-24 02:45:00,2026-06-24 05:30:00,34,4057.573,4075.6522323232334,4039.3139215,4088.9922727272724,4088.9922727272724,-0.7747941452122504,tp,0.1,0.7000000000000001,180.09232323233556,0.9901503147178974,-13156.596987689252
2026-06-24,-1,2026-06-24 06:10:00,2026-06-24 07:35:30,18,4090.389,4078.1963113553106,4108.7957504999995,4075.923855855856,4075.923855855856,0.35729676655321724,tp,0.1,0.7000000000000001,121.22688644689497,0.6624031028556572,-13035.370101242359
2026-06-24,1,2026-06-24 10:00:00,2026-06-24 11:14:05,15,4064.859,4046.5671345,4046.5671345,4077.629591666666,4077.629591666666,-0.3154919145416493,sl,0.1,0.7000000000000001,-183.61865499999857,-1.0,-13218.988756242357
2026-06-24,1,2026-06-24 11:20:00,2026-06-24 12:25:00,14,4041.984,4023.7950720000003,4023.7950720000003,4075.265482843137,4075.265482843137,-0.8177990607837801,sl,0.1,0.7000000000000001,-182.58927999999577,-1.0,-13401.578036242354
2026-06-24,1,2026-06-24 12:35:00,2026-06-24 12:51:25,4,4019.402,4001.314691,4001.314691,4071.8362317880783,4071.8362317880783,-1.2872873270018652,sl,0.1,0.7000000000000001,-181.57309000000004,-1.0,-13583.151126242356
2026-06-24,1,2026-06-24 13:00:00,2026-06-24 13:11:20,3,3988.047,3970.1007885000004,3970.1007885000004,4069.730794871793,4069.730794871793,-2.0062947400520947,sl,0.1,0.7000000000000001,-180.16211499999662,-1.0,-13763.313241242351
2026-06-24,1,2026-06-24 13:20:00,2026-06-24 23:59:55,116,3976.444,4012.41,3958.550002,4067.4057020833316,4067.4057020833316,-2.2361108958652878,session_end,0.1,0.7000000000000001,358.95999999999896,2.0099476930756266,-13404.353241242352
2026-06-25,1,2026-06-25 00:35:00,2026-06-25 00:54:00,4,3987.984,3998.2185666666664,3970.0380720000003,4004.311952380952,4004.311952380952,-0.4074595729548585,tp,0.1,0.7000000000000001,101.64566666666524,0.5703002188945999,-13302.707574575688
2026-06-25,1,2026-06-25 01:45:00,2026-06-25 02:08:40,5,3981.809,3963.8908595000003,3963.8908595000003,3994.4185079365084,3994.4185079365084,-0.31515245364240996,sl,0.1,0.7000000000000001,-179.88140499999935,-1.0,-13482.588979575688
2026-06-25,1,2026-06-25 02:15:00,2026-06-25 02:22:35,2,3967.992,3989.8804523809526,3950.1360360000003,3990.3611851851856,3990.3611851851856,-0.564164097945953,tp,0.1,0.7000000000000001,218.1845238095246,1.225834258007724,-13264.404455766165
2026-06-25,1,2026-06-25 03:10:00,2026-06-25 03:49:15,8,3973.635,3985.758762962963,3955.7536425000003,3987.869938596491,3987.869938596491,-0.3594886196698872,tp,0.1,0.7000000000000001,120.537629629627,0.6780113290035588,-13143.866826136538
2026-06-25,1,2026-06-25 06:20:00,2026-06-25 07:20:35,13,3974.954,3986.9035681818173,3957.0667070000004,3987.8634824561404,3987.8634824561404,-0.32334312628472006,tp,0.1,0.7000000000000001,118.79568181817085,0.6680478807954472,-13025.071144318368
2026-06-25,-1,2026-06-25 08:35:00,2026-06-25 09:36:55,13,4000.931,3987.620544927535,4018.9351895,3986.86229449838,3986.86229449838,0.3484621357700578,tp,0.1,0.7000000000000001,132.40455072465176,0.7392976547189319,-12892.666593593716
2026-06-25,-1,2026-06-25 12:45:00,2026-06-25 13:00:40,4,4005.484,4023.5086779999997,4023.5086779999997,3987.1412004357267,3987.1412004357267,0.45829326441401663,sl,0.1,0.7000000000000001,-180.94677999999766,-1.0,-13073.613373593715
2026-06-25,-1,2026-06-25 13:10:00,2026-06-25 23:59:55,118,4029.651,4014.811,4047.7844294999995,3988.1470464134995,3988.1470464134995,1.040557258885934,session_end,0.1,0.7000000000000001,147.69999999999692,0.8183780128298369,-12925.913373593718
2026-06-26,1,2026-06-26 02:35:00,2026-06-26 02:54:10,4,4003.224,3985.2094920000004,3985.2094920000004,4017.4313440860215,4017.4313440860215,-0.35615653039309375,sl,0.1,0.7000000000000001,-180.8450799999975,-1.0,-13106.758453593717
2026-06-26,1,2026-06-26 03:00:00,2026-06-26 04:14:15,15,3990.675,4009.404713333333,3972.7169625000006,4013.976527777778,4013.976527777778,-0.5799368186805384,tp,0.1,0.7000000000000001,186.59713333332712,1.0429710559036942,-12920.161320260391
2026-06-26,-1,2026-06-26 06:25:00,2026-06-26 09:10:50,34,4023.111,4041.2149994999995,4041.2149994999995,4009.9865541125537,4009.9865541125537,0.3299124749901815,sl,0.1,0.7000000000000001,-181.73999499999644,-1.0,-13101.901315260387
2026-06-26,-1,2026-06-26 09:20:00,2026-06-26 13:00:05,45,4046.387,4064.5957415,4064.5957415,4016.661770833333,4016.661770833333,0.7425875233821079,sl,0.1,0.7000000000000001,-182.78741499999632,-1.0,-13284.688730260383
2026-06-26,-1,2026-06-26 13:10:00,2026-06-26 13:47:05,8,4044.896,4063.098032,4063.098032,4026.0084303797485,4026.0084303797485,0.4687911102677789,sl,0.1,0.7000000000000001,-182.7203199999969,-1.0,-13467.40905026038
2026-06-26,-1,2026-06-26 13:55:00,2026-06-26 14:12:15,4,4064.11,4082.398495,4082.398495,4027.563808383237,4027.563808383237,0.9093385818129374,sl,0.1,0.7000000000000001,-183.58494999999783,-1.0,-13650.994000260376
2026-06-26,-1,2026-06-26 14:20:00,2026-06-26 20:57:55,80,4088.81,4088.42,4107.209645,4029.0472267441887,4029.0472267441887,1.4855316874549889,session_end,0.1,0.7000000000000001,3.1999999999987265,0.021196061119650594,-13647.79400026038
2026-06-29,1,2026-06-29 05:30:00,2026-06-29 06:06:25,8,4049.565,4061.3755981735153,4031.3419575000003,4062.549954545454,4062.549954545454,-0.3253856492438615,tp,0.1,0.7000000000000001,117.40598173515245,0.6481134077097928,-13530.388018525227
2026-06-29,1,2026-06-29 09:00:00,2026-06-29 09:57:30,12,4046.99,4028.778545,4028.778545,4061.224200617283,4061.224200617283,-0.3472893866617646,sl,0.1,0.7000000000000001,-182.8145499999966,-1.0,-13713.202568525223
2026-06-29,1,2026-06-29 10:05:00,2026-06-29 14:11:30,50,4029.973,4011.8381215,4011.8381215,4059.3642479338832,4059.3642479338832,-0.7249225774420486,sl,0.1,0.7000000000000001,-182.04878500000012,-1.0,-13895.251353525222
2026-06-29,1,2026-06-29 14:20:00,2026-06-29 23:59:55,104,4017.53,4015.108,3999.4511150000003,4052.8826569767443,4052.8826569767443,-0.8720375092998198,session_end,0.1,0.7000000000000001,-24.920000000000254,-0.1339684388722003,-13920.171353525224
2026-06-30,1,2026-06-30 00:45:00,2026-06-30 01:06:00,5,3992.058,3974.0937390000004,3974.0937390000004,4004.673074074074,4004.673074074074,-0.31463427453406995,sl,0.1,0.7000000000000001,-180.34260999999623,-1.0,-14100.51396352522
2026-06-30,1,2026-06-30 01:15:00,2026-06-30 04:01:30,34,3958.282,3974.7944722222223,3940.469731,3994.491466666667,3994.491466666667,-0.9061846036905699,tp,0.1,0.7000000000000001,164.42472222222187,0.9270280064949711,-13936.089241302998
2026-06-30,-1,2026-06-30 04:35:00,2026-06-30 05:30:00,12,3996.246,3977.0526363636372,4014.229107,3975.038545454546,3975.038545454546,0.533289282683679,tp,0.1,0.7000000000000001,191.23363636362848,1.067299640510554,-13744.85560493937
2026-06-30,-1,2026-06-30 06:25:00,2026-06-30 06:31:10,2,3999.943,4017.9427435,4017.9427435,3977.9798181818187,3977.9798181818187,0.551842463298735,sl,0.1,0.7000000000000001,-180.69743499999566,-1.0,-13925.553039939365
2026-06-30,-1,2026-06-30 06:40:00,2026-06-30 14:09:30,90,4022.389,4040.4897505,4040.4897505,3979.5311458333335,3979.5311458333335,1.0716803714759187,sl,0.1,0.7000000000000001,-181.70750499999775,-1.0,-14107.260544939363
2026-06-30,-1,2026-06-30 14:15:00,2026-06-30 14:24:35,2,4043.595,4061.7911775,4061.7911775,4003.854231968812,4003.854231968812,0.9950104505077878,sl,0.1,0.7000000000000001,-182.66177499999975,-1.0,-14289.922319939364
2026-06-30,-1,2026-06-30 14:30:00,2026-06-30 20:31:20,73,4054.27,4011.8418970189714,4072.5142149999997,4004.7201877394646,4004.7201877394646,1.2369856054412067,tp,0.1,0.7000000000000001,423.5810298102859,2.325564732767579,-13866.34129012908
2026-07-01,1,2026-07-01 01:10:00,2026-07-01 06:07:15,60,3985.188,3967.2546540000003,3967.2546540000003,4000.4757142857147,4000.4757142857147,-0.38429715323143376,sl,0.1,0.7000000000000001,-180.033459999998,-1.0,-14046.374750129078
2026-07-01,1,2026-07-01 06:15:00,2026-07-01 08:17:00,25,3965.176,3978.9918080808084,3947.332708,3982.208417777777,3982.208417777777,-0.4275119730492919,tp,0.1,0.7000000000000001,137.4580808080844,0.7742858257774643,-13908.916669320995
2026-07-01,-1,2026-07-01 10:35:00,2026-07-01 11:07:00,7,3991.213,4009.1734585,4009.1734585,3979.335,3979.335,0.30027630244752124,sl,0.1,0.7000000000000001,-180.3045849999973,-1.0,-14089.221254320993
2026-07-01,-1,2026-07-01 11:15:00,2026-07-01 11:48:10,7,4015.909,4033.9805905,4033.9805905,3980.471083950617,3980.471083950617,0.8892896168021087,sl,0.1,0.7000000000000001,-181.41590499999728,-1.0,-14270.637159320991
2026-07-01,-1,2026-07-01 11:55:00,2026-07-01 13:30:05,20,4032.17,4050.314765,4050.314765,3983.0577808857797,3983.0577808857797,1.2354131378751205,sl,0.1,0.7000000000000001,-182.14765000000006,-1.0,-14452.78480932099
2026-07-01,-1,2026-07-01 13:40:00,2026-07-01 13:44:00,1,4070.759,4089.0774155,4089.0774155,3989.0300792682933,3989.0300792682933,2.048541101667898,sl,0.1,0.7000000000000001,-183.884154999999,-1.0,-14636.66896432099
2026-07-01,-1,2026-07-01 13:50:00,2026-07-01 14:34:45,9,4090.062,4108.4672789999995,4108.4672789999995,3990.269122489961,3990.269122489961,2.503612524452993,sl,0.1,0.7000000000000001,-184.75278999999608,-1.0,-14821.421754320985
2026-07-01,-1,2026-07-01 14:40:00,2026-07-01 23:59:55,100,4106.18,4035.329,4124.65781,3996.3353049242437,3996.3353049242437,2.7483353296311557,session_end,0.1,0.7000000000000001,707.8100000000011,3.83438297070932,-14113.611754320984
2026-07-02,-1,2026-07-02 01:05:00,2026-07-02 01:33:30,6,4064.859,4049.3387777777775,4083.1508655,4045.202461538461,4045.202461538461,0.48839430533780703,tp,0.1,0.7000000000000001,154.50222222222402,0.8484767298459811,-13959.109532098759
2026-07-02,-1,2026-07-02 03:30:00,2026-07-02 05:11:05,21,4065.355,4056.314252688172,4083.6490974999997,4051.8225317460324,4051.8225317460324,0.3383284471756033,tp,0.1,0.7000000000000001,89.70747311827999,0.4941893040543901,-13869.402058980479
2026-07-02,-1,2026-07-02 06:05:00,2026-07-02 10:15:10,51,4070.314,4062.5317398373986,4088.630413,4057.098497716895,4057.098497716895,0.32620608768933407,tp,0.1,0.7000000000000001,77.12260162601233,0.42487905042331314,-13792.279457354467
2026-07-02,-1,2026-07-02 12:35:00,2026-07-02 23:59:55,125,4127.152,4126.335,4145.724184,4063.361121412803,4063.361121412803,1.5768443087558828,session_end,0.1,0.7000000000000001,7.470000000000073,0.043990518293380174,-13784.809457354466
2026-07-03,-1,2026-07-03 01:05:00,2026-07-03 01:15:30,3,4160.979,4179.7034055,4179.7034055,4138.535897435897,4138.535897435897,0.5419815876914442,sl,0.1,0.7000000000000001,-187.94405500000101,-1.0,-13972.753512354466
2026-07-03,-1,2026-07-03 01:25:00,2026-07-03 05:48:10,53,4191.959,4171.9656231884055,4210.8228155,4147.754607843137,4147.754607843137,1.0681777575048421,tp,0.1,0.7000000000000001,199.23376811594318,1.0598797900453623,-13773.519744238522
2026-07-03,1,2026-07-03 14:10:00,2026-07-03 15:10:45,13,4159.01,4173.614073260072,4140.294455,4174.131568627451,4174.131568627451,-0.3653111641726557,tp,0.1,0.7000000000000001,145.34073260071347,0.7803178192284184,-13628.179011637807
2026-07-06,-1,2026-07-06 01:35:00,2026-07-06 02:01:15,6,4197.911,4184.902055555555,4216.8015995,4182.365368421051,4182.365368421051,0.3700927636743602,tp,0.1,0.7000000000000001,129.38944444444752,0.6886464584909049,-13498.789567193358
2026-07-06,1,2026-07-06 03:10:00,2026-07-06 05:59:25,34,4167.632,4148.877656,4148.877656,4181.7992631578945,4181.7992631578945,-0.3403621805401163,sl,0.1,0.7000000000000001,-188.24343999999945,-1.0,-13687.033007193357
2026-07-06,1,2026-07-06 06:05:00,2026-07-06 17:23:40,136,4146.81,4156.696190705125,4128.1493550000005,4171.133525114154,4171.133525114154,-0.5856088031486543,tp,0.1,0.7000000000000001,98.16190705125045,0.5297882632205415,-13588.871100142107
2026-07-07,1,2026-07-07 01:20:00,2026-07-07 05:40:20,53,4136.111,4117.4985005,4117.4985005,4151.417791666667,4151.417791666667,-0.362353114563965,sl,0.1,0.7000000000000001,-186.82499500000011,-1.0,-13775.696095142106
2026-07-07,1,2026-07-07 05:50:00,2026-07-07 08:11:45,29,4122.154,4134.77924489796,4103.6043070000005,4137.62499047619,4137.62499047619,-0.3752150209824296,tp,0.1,0.7000000000000001,125.55244897959419,0.6806174580872829,-13650.143646162513
2026-07-07,-1,2026-07-07 11:45:00,2026-07-07 12:09:40,5,4148.294,4166.9613229999995,4166.9613229999995,4134.431721040189,4134.431721040189,0.3350467463113856,sl,0.1,0.7000000000000001,-187.37322999999668,-1.0,-13837.51687616251
2026-07-07,-1,2026-07-07 12:15:00,2026-07-07 15:51:25,44,4173.169,4140.8320543859645,4191.948260499999,4135.4121020408165,4135.4121020408165,0.9124821669057194,tp,0.1,0.7000000000000001,322.6694561403536,1.7219498932897919,-13514.847420022157
2026-07-07,1,2026-07-07 18:55:00,2026-07-07 19:07:55,3,4127.392,4108.818736,4108.818736,4141.143992657855,4141.143992657855,-0.3387226496524721,sl,0.1,0.7000000000000001,-186.43263999999652,-1.0,-13701.280060022153
2026-07-07,1,2026-07-07 19:15:00,2026-07-07 23:59:55,45,4106.115,4098.656,4087.6374825,4140.740499278499,4140.740499278499,-0.8384128221642352,session_end,0.1,0.7000000000000001,-75.28999999999833,-0.40367976921141285,-13776.57006002215
2026-07-08,-1,2026-07-08 00:40:00,2026-07-08 01:00:00,5,4122.805,4109.8365,4141.3576225,4105.018916666667,4105.018916666667,0.43585873041144957,tp,0.1,0.7000000000000001,128.9849999999995,0.6990116895873,-13647.58506002215
2026-07-08,-1,2026-07-08 03:05:00,2026-07-08 07:05:30,49,4125.666,4119.88405882353,4144.231497,4111.135900900901,4111.135900900901,0.3532137941710207,tp,0.1,0.7000000000000001,57.11941176470354,0.3114347639856062,-13590.465648257446
2026-07-08,1,2026-07-08 08:20:00,2026-07-08 08:37:05,4,4088.866,4070.466103,4070.466103,4119.737586666666,4119.737586666666,-0.7544797699558277,sl,0.1,0.7000000000000001,-184.69896999999781,-1.0,-13775.164618257444
2026-07-08,1,2026-07-08 08:45:00,2026-07-08 09:43:10,12,4065.651,4047.3555705,4047.3555705,4117.8312857142855,4117.8312857142855,-1.2603548351856089,sl,0.1,0.7000000000000001,-183.65429499999954,-1.0,-13958.818913257444
2026-07-08,1,2026-07-08 09:50:00,2026-07-08 15:15:30,66,4050.292,4032.065686,4032.065686,4111.077070621469,4111.077070621469,-1.4733625660856942,sl,0.1,0.7000000000000001,-182.96314,-1.0,-14141.782053257444
2026-07-08,1,2026-07-08 15:25:00,2026-07-08 18:46:30,41,4026.551,4085.6538459259273,4008.4315205000003,4092.0762414414435,4092.0762414414435,-1.6005625891851012,tp,0.1,0.7000000000000001,590.3284592592734,3.261840160801993,-13551.453593998172
2026-07-09,1,2026-07-09 03:10:00,2026-07-09 05:01:15,23,4060.963,4069.4128777777787,4042.6886665,4074.447859649123,4074.447859649123,-0.3306916694789472,tp,0.1,0.7000000000000001,83.7987777777851,0.46239047666381405,-13467.654816220387
2026-07-09,-1,2026-07-09 06:05:00,2026-07-09 08:17:20,27,4093.028,4111.446626,4111.446626,4070.309990867581,4070.309990867581,0.5578692822749606,sl,0.1,0.7000000000000001,-184.8862600000013,-1.0,-13652.54107622039
2026-07-09,-1,2026-07-09 08:25:00,2026-07-09 14:04:00,68,4115.628,4134.1483259999995,4134.1483259999995,4079.771333333334,4079.771333333334,0.8806294208972554,sl,0.1,0.7000000000000001,-185.9032599999984,-1.0,-13838.44433622039
2026-07-09,-1,2026-07-09 14:10:00,2026-07-09 23:59:55,106,4126.506,4123.707,4145.075277,4092.2721647058847,4092.2721647058847,0.8363039875324387,session_end,0.1,0.7000000000000001,27.289999999999782,0.15073284759552233,-13811.154336220388
2026-07-10,1,2026-07-10 07:50:00,2026-07-10 12:13:55,53,4105.483,4113.711267123285,4087.0083265000003,4118.871063829785,4118.871063829785,-0.32759131375283995,tp,0.1,0.7000000000000001,81.5826712328515,0.44538092233593213,-13729.571664987536
2026-07-10,1,2026-07-10 12:45:00,2026-07-10 14:33:05,22,4098.554,4080.1105070000003,4080.1105070000003,4113.350644880173,4113.350644880173,-0.3594063856086199,sl,0.1,0.7000000000000001,-185.1349299999976,-1.0,-13914.706594987532
2026-07-10,1,2026-07-10 14:40:00,2026-07-10 15:52:30,15,4095.722,4110.8431105263135,4077.2912510000006,4111.560590909089,4111.560590909089,-0.3856100514277827,tp,0.1,0.7000000000000001,150.5111052631326,0.8204284332836146,-13764.1954897244
2026-07-13,1,2026-07-13 00:35:00,2026-07-13 00:58:25,5,4062.709,4077.4681515151515,4044.4268095,4081.2760000000003,4081.2760000000003,-0.4572099510055264,tp,0.1,0.7000000000000001,146.89151515151644,0.8072966702295304,-13617.303974572882
2026-07-13,1,2026-07-13 03:10:00,2026-07-13 05:08:15,24,4061.729,4068.6329071038253,4043.4512195,4075.312201754385,4075.312201754385,-0.3392673019856781,tp,0.1,0.7000000000000001,68.33907103825531,0.37772130504716805,-13548.964903534627
2026-07-13,1,2026-07-13 06:00:00,2026-07-13 07:59:35,24,4054.007,4065.0889228070178,4035.7639685000004,4067.7256944444434,4067.7256944444434,-0.33988758050539125,tp,0.1,0.7000000000000001,110.1192280701769,0.607460597051421,-13438.84567546445
2026-07-13,-1,2026-07-13 08:25:00,2026-07-13 10:15:40,23,4078.567,4066.7911517615184,4096.920551499999,4065.4262013201323,4065.4262013201323,0.3269472380423819,tp,0.1,0.7000000000000001,117.05848238481558,0.6416114199195689,-13321.787193079635
2026-07-13,1,2026-07-13 10:45:00,2026-07-13 11:05:55,5,4052.316,4066.434385964913,4034.080578,4066.7092428940578,4066.7092428940578,-0.3534366987060243,tp,0.1,0.7000000000000001,140.4838596491316,0.7742286394531126,-13181.303333430504
2026-07-13,1,2026-07-13 13:50:00,2026-07-13 14:07:15,4,4050.908,4032.678914,4032.678914,4065.4162429718895,4065.4162429718895,-0.35608267657500725,sl,0.1,0.7000000000000001,-182.99085999999824,-1.0,-13364.294193430502
2026-07-13,1,2026-07-13 14:15:00,2026-07-13 14:16:45,1,4036.174,4018.011217,4018.011217,4064.729508771931,4064.729508771931,-0.7048810679800253,sl,0.1,0.7000000000000001,-182.32782999999762,-1.0,-13546.6220234305
2026-07-13,1,2026-07-13 14:25:00,2026-07-13 14:40:20,4,4021.08,4002.9851400000002,4002.9851400000002,4064.1978246628137,4064.1978246628137,-1.0601310891255205,sl,0.1,0.7000000000000001,-181.64859999999697,-1.0,-13728.270623430497
2026-07-13,1,2026-07-13 14:50:00,2026-07-13 16:55:10,26,4006.373,3988.3443215,3988.3443215,4062.6724531835207,4062.6724531835207,-1.383410891012872,sl,0.1,0.7000000000000001,-180.9867849999984,-1.0,-13909.257408430494
2026-07-13,1,2026-07-13 17:05:00,2026-07-13 23:59:55,71,3994.949,4000.993,3976.9717295000005,4055.6190130081304,4055.6190130081304,-1.4978234595826567,session_end,0.1,0.7000000000000001,59.73999999999869,0.33620231725389077,-13849.517408430496
2026-07-14,-1,2026-07-14 02:15:00,2026-07-14 08:09:30,71,4016.751,4015.5068831615126,4034.8263795,4000.4896543209884,4000.4896543209884,0.40240938160215667,tp,0.1,0.7000000000000001,11.74116838487571,0.06882936197757832,-13837.77624004562
2026-07-14,-1,2026-07-14 12:00:00,2026-07-14 12:30:00,7,4031.043,4049.1826935,4049.1826935,4017.2210208333354,4017.2210208333354,0.3467566034933972,sl,0.1,0.7000000000000001,-182.09693499999793,-1.0,-14019.873175045617
2026-07-14,-1,2026-07-14 12:40:00,2026-07-14 23:59:55,124,4086.798,4053.283,4105.188590999999,4018.521932017546,4018.521932017546,1.707967982844753,session_end,0.1,0.7000000000000001,334.44999999999874,1.8223992910288178,-13685.42317504562
2026-07-15,1,2026-07-15 01:45:00,2026-07-15 07:27:10,69,4039.159,4020.9827845000004,4020.9827845000004,4054.326492063492,4054.326492063492,-0.3764741713172526,sl,0.1,0.7000000000000001,-182.4621549999967,-1.0,-13867.885330045618
2026-07-15,1,2026-07-15 07:35:00,2026-07-15 10:14:25,32,4023.759,4034.6578387978134,4005.6520845,4037.1964212454195,4037.1964212454195,-0.3295955870612507,tp,0.1,0.7000000000000001,108.28838797813368,0.60191581486164,-13759.596942067485
2026-07-15,-1,2026-07-15 12:35:00,2026-07-15 13:04:55,6,4054.276,4072.5202419999996,4072.5202419999996,4034.5432428256063,4034.5432428256063,0.48882255034603095,sl,0.1,0.7000000000000001,-183.14241999999757,-1.0,-13942.739362067481
2026-07-15,-1,2026-07-15 13:10:00,2026-07-15 16:10:50,37,4069.602,4039.6476975945006,4087.915209,4035.9159303797455,4035.9159303797455,0.8311389582661175,tp,0.1,0.7000000000000001,298.8430240549922,1.6356664965435255,-13643.896338012488
2026-07-15,-1,2026-07-15 17:35:00,2026-07-15 18:29:50,11,4054.708,4072.954186,4072.954186,4039.396682464453,4039.396682464453,0.3821936479417014,sl,0.1,0.7000000000000001,-183.1618599999985,-1.0,-13827.058198012488
2026-07-15,-1,2026-07-15 18:35:00,2026-07-15 23:59:55,53,4072.859,4058.06,4091.1868655,4040.852358744392,4040.852358744392,0.7942789888413777,session_end,0.1,0.7000000000000001,147.2899999999998,0.8074590027954999,-13679.768198012487
2026-07-16,1,2026-07-16 01:20:00,2026-07-16 07:31:30,75,4041.072,4022.887176,4022.887176,4053.7128125000004,4053.7128125000004,-0.3114875938192807,sl,0.1,0.7000000000000001,-182.54823999999934,-1.0,-13862.316438012487
2026-07-16,1,2026-07-16 12:25:00,2026-07-16 12:43:55,4,4021.221,4003.1255055,4003.1255055,4034.316514541384,4034.316514541384,-0.3242312420018734,sl,0.1,0.7000000000000001,-181.65494499999858,-1.0,-14043.971383012486
2026-07-16,1,2026-07-16 12:50:00,2026-07-16 13:02:40,3,3999.744,3981.7451520000004,3981.7451520000004,4033.679158008656,4033.679158008656,-0.8395104489513681,sl,0.1,0.7000000000000001,-180.68847999999724,-1.0,-14224.659863012483
2026-07-16,1,2026-07-16 13:10:00,2026-07-16 23:59:55,118,3983.95,3985.862,3966.022225,4032.5490928270024,4032.5490928270024,-1.198450203940906,session_end,0.1,0.7000000000000001,18.42000000000262,0.1066501559730808,-14206.23986301248
2026-07-17,1,2026-07-17 02:40:00,2026-07-17 03:02:50,5,3973.776,3984.9622222222233,3955.894008,3985.952843750001,3985.952843750001,-0.3093574920068658,tp,0.1,0.7000000000000001,111.16222222223477,0.6255579480308296,-14095.077640790245
2026-07-17,-1,2026-07-17 03:20:00,2026-07-17 04:09:45,10,4002.546,3987.6785578231306,4020.5574569999994,3985.5461666666683,3985.5461666666683,0.42616074743745747,tp,0.1,0.7000000000000001,147.9744217686919,0.8254436149651587,-13947.103219021552
2026-07-17,-1,2026-07-17 06:15:00,2026-07-17 08:19:45,25,3999.693,3989.5085286195285,4017.6916185,3986.721355555555,3986.721355555555,0.3236906543885348,tp,0.1,0.7000000000000001,101.14471380471677,0.5658473943692842,-13845.958505216837
2026-07-17,1,2026-07-17 12:40:00,2026-07-17 13:01:40,5,3977.915,3960.0143825,3960.0143825,3991.044475877194,3991.044475877194,-0.32857253173837125,sl,0.1,0.7000000000000001,-179.70617499999952,-1.0,-14025.664680216836
2026-07-17,1,2026-07-17 13:10:00,2026-07-17 13:38:30,6,3969.599,3989.5895480572617,3951.7358045000005,3990.2256413502123,3990.2256413502123,-0.5174554826234232,tp,0.1,0.7000000000000001,199.2054805726155,1.119091377422476,-13826.459199644221
2026-07-17,-1,2026-07-17 14:25:00,2026-07-17 15:52:55,18,4002.708,4020.720186,4020.720186,3989.8116377649344,3989.8116377649344,0.3230067834050702,sl,0.1,0.7000000000000001,-180.82185999999928,-1.0,-14007.281059644221
2026-07-17,-1,2026-07-17 16:00:00,2026-07-17 20:57:55,60,4019.005,4017.912,4037.0905224999997,3991.4797829861145,3991.4797829861145,0.6893988823688614,session_end,0.1,0.7000000000000001,10.23000000000302,0.060435080048161616,-13997.051059644218
2026-07-20,-1,2026-07-20 01:05:00,2026-07-20 01:21:30,4,4013.748,4002.197791666666,4031.809866,4000.0387179487175,4000.0387179487175,0.345153710371155,tp,0.1,0.7000000000000001,114.80208333334012,0.6394803467888648,-13882.248976310879
2026-07-20,-1,2026-07-20 02:50:00,2026-07-20 05:12:55,29,4025.027,4012.740704301074,4043.1396215,4004.3110098039215,4004.3110098039215,0.517092457238786,tp,0.1,0.7000000000000001,122.16295698926096,0.6783278554640002,-13760.086019321618
2026-07-20,-1,2026-07-20 08:15:00,2026-07-20 12:02:30,46,4024.013,4015.2572314814793,4042.1210585,4011.8911313131302,4011.8911313131302,0.3016499772990758,tp,0.1,0.7000000000000001,86.85768518520653,0.4835288398544034,-13673.228334136413
2026-07-20,1,2026-07-20 14:10:00,2026-07-20 15:08:55,12,4000.966,4014.099847145486,3982.9616530000003,4014.6006999999977,4014.6006999999977,-0.3355925285420674,tp,0.1,0.7000000000000001,130.63847145486017,0.7294820048450693,-13542.589862681554
2026-07-21,-1,2026-07-21 01:20:00,2026-07-21 01:58:55,8,4034.404,4021.8601014492756,4052.558818,4019.4572291666664,4019.4572291666664,0.37412441471485014,tp,0.1,0.7000000000000001,124.73898550724407,0.6909404738028452,-13417.85087717431
2026-07-21,-1,2026-07-21 02:40:00,2026-07-21 05:26:20,34,4037.334,4055.5020029999996,4055.5020029999996,4023.329635416666,4023.329635416666,0.34703506420219005,sl,0.1,0.7000000000000001,-182.3800299999977,-1.0,-13600.230907174308
2026-07-21,-1,2026-07-21 05:35:00,2026-07-21 06:41:40,14,4059.499,4077.7667454999996,4077.7667454999996,4034.726144278608,4034.726144278608,0.6161720729583002,sl,0.1,0.7000000000000001,-183.37745499999818,-1.0,-13783.608362174306
2026-07-21,-1,2026-07-21 06:50:00,2026-07-21 12:43:40,71,4082.903,4052.1338991228054,4101.2760634999995,4041.075467479675,4041.075467479675,1.0359997692999152,tp,0.1,0.7000000000000001,306.99100877194434,1.6746853826088888,-13476.617353402362
2026-07-21,-1,2026-07-21 14:15:00,2026-07-21 18:25:20,51,4065.803,4084.0991134999995,4084.0991134999995,4052.4447037037025,4052.4447037037025,0.3321524975774564,sl,0.1,0.7000000000000001,-183.6611349999959,-1.0,-13660.278488402357
2026-07-21,-1,2026-07-21 18:35:00,2026-07-21 23:59:55,53,4084.417,4080.922,4102.7968765,4057.15692974589,4057.15692974589,0.6751543193530254,session_end,0.1,0.7000000000000001,34.249999999998906,0.19015361719105955,-13626.028488402357
2026-07-22,-1,2026-07-22 01:05:00,2026-07-22 02:33:00,18,4110.859,4129.3578655,4129.3578655,4094.1660256410255,4094.1660256410255,0.4099974024953357,sl,0.1,0.7000000000000001,-185.68865499999737,-1.0,-13811.717143402355
2026-07-22,-1,2026-07-22 02:40:00,2026-07-22 06:25:55,46,4124.663,4121.682034632035,4143.223983499999,4109.619166666666,4109.619166666666,0.3682539116053531,tp,0.1,0.7000000000000001,29.109653679649274,0.16060384774141936,-13782.607489722704
2026-07-22,-1,2026-07-22 12:30:00,2026-07-22 12:49:00,4,4132.488,4120.167113289759,4151.084196,4120.011448888888,4120.011448888888,0.30498825712004796,tp,0.1,0.7000000000000001,122.50886710241211,0.6625487659003775,-13660.098622620291
2026-07-22,-1,2026-07-22 13:25:00,2026-07-22 13:58:35,7,4133.67,4152.271514999999,4152.271514999999,4120.25644927536,4120.25644927536,0.32501740824883335,sl,0.1,0.7000000000000001,-186.7151499999938,-1.0,-13846.813772620284
2026-07-22,-1,2026-07-22 14:05:00,2026-07-22 20:46:35,81,4156.766,4128.846878179381,4175.471446999999,4121.438167652857,4121.438167652857,0.8593804130103808,tp,0.1,0.7000000000000001,278.49121820618785,1.492566407026773,-13568.322554414095
2026-07-23,1,2026-07-23 02:05:00,2026-07-23 02:52:00,10,4113.945,4125.958725490196,4095.4322475,4129.013573333334,4129.013573333334,-0.3614561460810395,tp,0.1,0.7000000000000001,119.4372549019652,0.6489432346808853,-13448.88529951213
2026-07-23,1,2026-07-23 07:10:00,2026-07-23 07:43:10,7,4110.785,4092.2864675,4092.2864675,4125.195550387598,4125.195550387598,-0.35156031297074036,sl,0.1,0.7000000000000001,-185.68532499999782,-1.0,-13634.57062451213
2026-07-23,1,2026-07-23 07:50:00,2026-07-23 11:41:00,47,4093.307,4074.8871185,4074.8871185,4123.363695035462,4123.363695035462,-0.7321618287470151,sl,0.1,0.7000000000000001,-184.89881499999973,-1.0,-13819.46943951213
2026-07-23,1,2026-07-23 11:50:00,2026-07-23 12:46:20,12,4081.916,4063.547378,4063.547378,4112.25141314554,4112.25141314554,-0.7367597479251584,sl,0.1,0.7000000000000001,-184.38621999999958,-1.0,-14003.85565951213
2026-07-23,1,2026-07-23 12:55:00,2026-07-23 13:07:15,3,4064.258,4045.968839,4045.968839,4109.229208602152,4109.229208602152,-1.0940058663080585,sl,0.1,0.7000000000000001,-183.59160999999693,-1.0,-14187.447269512126
2026-07-23,1,2026-07-23 13:15:00,2026-07-23 23:59:55,117,4041.237,4046.985,4023.0514335000003,4107.8275555555565,4107.8275555555565,-1.6238402088067962,session_end,0.1,0.7000000000000001,56.78000000000047,0.3160748388014255,-14130.667269512127
2026-07-24,1,2026-07-24 02:50:00,2026-07-24 06:20:30,43,4026.737,4035.845508771931,4008.6166835000004,4045.1294509803915,4045.1294509803915,-0.4570546185094407,tp,0.1,0.7000000000000001,90.38508771930701,0.502668304492962,-14040.28218179282
2026-07-24,-1,2026-07-24 07:30:00,2026-07-24 13:30:20,73,4048.924,4044.702248971195,4067.1441579999996,4036.42918888889,4036.42918888889,0.304744875618539,tp,0.1,0.7000000000000001,41.517510288051014,0.2317077068599069,-13998.76467150477
2026-07-24,-1,2026-07-24 13:50:00,2026-07-24 15:14:50,17,4058.59,4076.853655,4076.853655,4044.900865461849,4044.900865461849,0.3414702856153547,sl,0.1,0.7000000000000001,-183.33654999999743,-1.0,-14182.101221504767
2026-07-24,-1,2026-07-24 15:20:00,2026-07-24 19:15:45,48,4077.31,4050.7426522366527,4095.657895,4046.7686268115954,4046.7686268115954,0.7544877408140995,tp,0.1,0.7000000000000001,264.97347763347244,1.4479779704073636,-13917.127743871293
2026-07-27,1,2026-07-27 03:30:00,2026-07-27 06:12:05,33,4085.769,4096.4769234234245,4067.3830395,4101.3485634920635,4101.3485634920635,-0.3791085603030186,tp,0.1,0.7000000000000001,106.37923423424745,0.58239673817557,-13810.748509637047
2026-07-27,1,2026-07-27 12:25:00,2026-07-27 16:31:10,50,4083.51,4091.805582491585,4065.1342050000003,4096.0127807606295,4096.0127807606295,-0.30746439121928243,tp,0.1,0.7000000000000001,82.2558249158481,0.45144073992906664,-13728.492684721201
2026-07-27,1,2026-07-27 17:05:00,2026-07-27 23:59:55,71,4076.533,4073.275,4058.1886015,4091.592133333336,4091.592133333336,-0.36966376022953173,session_end,0.1,0.7000000000000001,-33.27999999999811,-0.17760189847597505,-13761.7726847212
2026-07-28,1,2026-07-28 01:30:00,2026-07-28 06:28:45,60,4047.582,4048.882831168831,4029.367881,4060.3986851851855,4060.3986851851855,-0.3214138856069092,tp,0.1,0.7000000000000001,12.30831168831337,0.07141883551059233,-13749.464373032886
2026-07-28,1,2026-07-28 09:40:00,2026-07-28 14:21:15,57,4032.458,4014.311939,4014.311939,4048.2086580459772,4048.2086580459772,-0.3913004339460952,sl,0.1,0.7000000000000001,-182.16060999999917,-1.0,-13931.624983032885
2026-07-28,1,2026-07-28 14:30:00,2026-07-28 15:20:40,11,4022.294,4040.426951086956,4004.193677,4041.227768199233,4041.227768199233,-0.46826779594423895,tp,0.1,0.7000000000000001,180.62951086955928,1.001802624569532,-13750.995472163326
2026-07-28,1,2026-07-28 17:55:00,2026-07-28 23:59:55,61,4026.724,4025.178,4008.6037420000002,4040.209434108527,4040.209434108527,-0.3334588052487869,session_end,0.1,0.7000000000000001,-16.160000000002764,-0.08531887349508396,-13767.15547216333
2026-07-29,-1,2026-07-29 05:45:00,2026-07-29 09:30:30,46,4039.045,4031.5917280701747,4057.2207025,4025.880193236715,4025.880193236715,0.32655732739814236,tp,0.1,0.7000000000000001,73.83271929825405,0.41006788760024665,-13693.322752865075
2026-07-29,1,2026-07-29 12:20:00,2026-07-29 14:07:55,22,4018.831,4000.7462605000005,4000.7462605000005,4031.477641891893,4031.477641891893,-0.3126060221923748,sl,0.1,0.7000000000000001,-181.54739499999613,-1.0,-13874.870147865073
2026-07-29,1,2026-07-29 14:15:00,2026-07-29 16:55:15,33,3999.286,4026.23504761905,3981.2892130000005,4029.254448343081,4029.254448343081,-0.7406940595512388,tp,0.1,0.7000000000000001,268.7904761904991,1.4974366046033953,-13606.079671674575
2026-07-29,-1,2026-07-29 17:10:00,2026-07-29 18:00:00,11,4038.851,4057.0258295,4057.0258295,4026.342226537219,4026.342226537219,0.3103505057374946,sl,0.1,0.7000000000000001,-182.4482949999976,-1.0,-13788.527966674574
2026-07-29,-1,2026-07-29 18:10:00,2026-07-29 18:49:20,8,4076.514,4094.8583129999997,4094.8583129999997,4027.545207951073,4027.545207951073,1.218677619112242,sl,0.1,0.7000000000000001,-184.143129999996,-1.0,-13972.67109667457
2026-07-29,-1,2026-07-29 18:55:00,2026-07-29 23:59:55,49,4104.603,4084.914,4123.0737135,4029.5176182085183,4029.5176182085183,1.8657166667236398,session_end,0.1,0.7000000000000001,196.18999999999852,1.0659577389904284,-13776.481096674572
2026-07-30,-1,2026-07-30 01:05:00,2026-07-30 01:14:45,2,4089.287,4076.4321904761896,4107.6887915,4075.486487179486,4075.486487179486,0.3366595095745056,tp,0.1,0.7000000000000001,127.84809523810218,0.6985629374080375,-13648.633001436468
2026-07-30,1,2026-07-30 03:00:00,2026-07-30 04:58:25,24,4063.912,4045.624396,4045.624396,4079.453833333333,4079.453833333333,-0.3805615645525654,sl,0.1,0.7000000000000001,-183.57603999999645,-1.0,-13832.209041436465
2026-07-30,1,2026-07-30 05:05:00,2026-07-30 08:20:45,40,4044.86,4058.250986666666,4026.6581300000003,4069.303147540983,4069.303147540983,-0.6045051609351763,tp,0.1,0.7000000000000001,133.20986666665868,0.7356929077433232,-13698.999174769808
2026-07-30,-1,2026-07-30 10:20:00,2026-07-30 13:37:55,40,4075.472,4093.811624,4093.811624,4059.830311827955,4059.830311827955,0.3921269351003261,sl,0.1,0.7000000000000001,-184.0962399999973,-1.0,-13883.095414769807
2026-07-30,-1,2026-07-30 13:45:00,2026-07-30 13:58:50,3,4089.103,4107.5039635,4107.5039635,4064.331359595957,4064.331359595957,0.6089474064561368,sl,0.1,0.7000000000000001,-184.70963500000215,-1.0,-14067.80504976981
2026-07-30,-1,2026-07-30 14:05:00,2026-07-30 23:59:55,107,4107.697,4106.003,4126.1816364999995,4065.25800986193,4065.25800986193,1.0434759622922565,session_end,0.1,0.7000000000000001,16.240000000004148,0.09164367392350237,-14051.565049769804
2026-07-31,1,2026-07-31 02:45:00,2026-07-31 06:16:30,43,4075.663,4083.5129911111103,4057.3225165000003,4091.13109090909,4091.13109090909,-0.3790172097771677,tp,0.1,0.7000000000000001,77.79991111110284,0.4280144038247644,-13973.765138658702
2026-07-31,1,2026-07-31 07:35:00,2026-07-31 09:25:35,23,4069.987,4051.6720585000003,4051.6720585000003,4082.6530293040287,4082.6530293040287,-0.31249359699331497,sl,0.1,0.7000000000000001,-183.84941499999803,-1.0,-14157.6145536587
2026-07-31,1,2026-07-31 09:35:00,2026-07-31 13:35:05,49,4051.435,4033.2035425000004,4033.2035425000004,4078.314927536231,4078.314927536231,-0.6598786021777084,sl,0.1,0.7000000000000001,-183.01457499999577,-1.0,-14340.629128658697
2026-07-31,1,2026-07-31 13:45:00,2026-07-31 20:57:55,87,4025.413,4043.897,4007.2986415,4069.9064282828285,4069.9064282828285,-1.0973084779659505,session_end,0.1,0.7000000000000001,184.13999999999925,1.0204059945043014,-14156.489128658697
