session_date,side,entry_dt,exit_dt,bars_held,entry_price,exit_price,stop_price,target_at_entry,vwap_at_signal,dev_pct,exit_reason,lots,commission,pnl,r_multiple,equity
2024-01-03,1,2024-01-03 12:10:00,2024-01-03 23:59:55,130,2044.965,2042.835,2014.290525,2060.9065331050233,2060.9065331050233,-0.7774750017839288,session_end,0.1,0.7000000000000001,-21.999999999998817,-0.06943884125155785,9978.000000000002
2024-01-05,1,2024-01-05 13:40:00,2024-01-05 14:01:05,5,2027.309,2042.7838035714276,1996.899365,2042.9578821138205,2042.9578821138205,-0.7659424724718195,tp,0.1,0.7000000000000001,154.0480357142763,0.5088783068730565,10132.048035714277
2024-01-05,-1,2024-01-05 15:10:00,2024-01-05 16:58:55,22,2060.301,2044.3516059113292,2091.2055149999997,2043.0485531135525,2043.0485531135525,0.8440057315411722,tp,0.1,0.7000000000000001,158.79394088670716,0.5160862122790427,10290.841976600985
2024-01-11,1,2024-01-11 16:40:00,2024-01-11 21:11:10,55,2015.3,2028.80144160105,1985.0705,2031.1177900000005,2031.1177900000005,-0.7818005473725153,tp,0.1,0.7000000000000001,134.31441601050147,0.4466313237417153,10425.156392611487
2024-01-12,-1,2024-01-12 13:40:00,2024-01-12 17:46:20,50,2054.395,2041.585302034429,2085.210925,2038.070403455284,2038.070403455284,0.8050554346355857,tp,0.1,0.7000000000000001,127.39697965570876,0.41568435688920347,10552.553372267195
2024-01-16,1,2024-01-16 17:10:00,2024-01-16 23:59:55,70,2026.378,2027.998,1995.9823299999998,2044.5933656957927,2044.5933656957927,-0.8946211996324209,session_end,0.1,0.7000000000000001,15.500000000001183,0.053297065009592234,10568.053372267195
2024-01-17,1,2024-01-17 15:35:00,2024-01-17 23:59:55,89,2006.502,2009.416,1976.40447,2023.82817023173,2023.82817023173,-0.8596416675896917,session_end,0.1,0.7000000000000001,28.439999999999873,0.09681857614229429,10596.493372267196
2024-01-24,1,2024-01-24 16:45:00,2024-01-24 23:58:55,75,2012.345,2016.27,1982.159825,2027.6577951907134,2027.6577951907134,-0.7582046254144814,session_end,0.1,0.7000000000000001,38.54999999999954,0.13003071872201985,10635.043372267195
2024-01-31,-1,2024-01-31 14:55:00,2024-01-31 19:00:10,50,2053.935,2039.9310482456146,2084.744025,2037.0912728119188,2037.0912728119188,0.8258209837038658,tp,0.1,0.7000000000000001,139.339517543853,0.454540569017854,10774.382889811048
2024-02-01,-1,2024-02-01 16:15:00,2024-02-01 23:59:55,81,2059.998,2055.058,2090.89797,2042.0572264957273,2042.0572264957273,0.8783923031899448,session_end,0.1,0.7000000000000001,48.70000000000054,0.15987070537609144,10823.082889811049
2024-02-02,1,2024-02-02 13:40:00,2024-02-02 21:57:55,100,2037.06,2039.675,2006.5040999999999,2054.7854298780494,2054.7854298780494,-0.8670214232104376,session_end,0.1,0.7000000000000001,25.45000000000009,0.08558085345219757,10848.53288981105
2024-02-13,1,2024-02-13 13:50:00,2024-02-13 23:58:55,110,2007.565,1991.361,1977.451525,2022.8911767068266,2022.8911767068266,-0.757661948566991,session_end,0.1,0.7000000000000001,-162.7399999999995,-0.5380979777325564,10685.79288981105
2024-03-01,-1,2024-03-01 15:30:00,2024-03-01 21:56:55,78,2063.717,2083.446,2094.672755,2047.9640367383506,2047.9640367383506,0.7699336013127404,session_end,0.1,0.7000000000000001,-197.98999999999813,-0.6373289877762582,10487.802889811052
2024-03-04,-1,2024-03-04 14:50:00,2024-03-04 23:58:55,98,2099.496,2114.911,2130.98844,2083.6851161048685,2083.6851161048685,0.7586023326154128,session_end,0.1,0.7000000000000001,-154.84999999999962,-0.4894825551783212,10332.952889811051
2024-03-05,-1,2024-03-05 13:35:00,2024-03-05 23:58:50,113,2139.916,2128.594,2172.01474,2118.51027607362,2118.51027607362,1.0100363528109872,session_end,0.1,0.7000000000000001,112.52000000000116,0.3527241256198888,10445.472889811053
2024-03-06,-1,2024-03-06 14:35:00,2024-03-06 23:58:55,101,2144.419,2147.773,2176.5852849999997,2128.250308571427,2128.250308571427,0.759412150134805,session_end,0.1,0.7000000000000001,-34.240000000002695,-0.10427066725300392,10411.23288981105
2024-03-08,-1,2024-03-08 13:35:00,2024-03-08 21:56:55,101,2178.247,2178.633,2210.9207049999995,2162.136689161553,2162.136689161553,0.7502213398329252,session_end,0.1,0.7000000000000001,-4.559999999999673,-0.01181378114297019,10406.67288981105
2024-03-12,1,2024-03-12 13:40:00,2024-03-12 23:58:55,112,2157.372,2156.984,2125.01142,2176.8408150406503,2176.8408150406503,-0.8973010293490657,session_end,0.1,0.7000000000000001,-4.5799999999992,-0.011989896349197686,10402.09288981105
2024-03-20,-1,2024-03-20 18:45:00,2024-03-20 22:16:10,31,2174.342,2206.95713,2206.95713,2157.3122303703703,2157.3122303703703,0.7888644670923672,sl,0.1,0.7000000000000001,-326.8512999999968,-1.0,10075.241589811054
2024-03-20,-1,2024-03-20 22:30:00,2024-03-20 23:58:55,18,2207.758,2203.707,2240.8743699999995,2160.8540609597935,2160.8540609597935,2.180199944612697,session_end,0.1,0.7000000000000001,39.809999999999306,0.12232620906216363,10115.051589811053
2024-03-21,1,2024-03-21 14:05:00,2024-03-21 23:58:55,107,2187.696,2181.559,2154.88056,2204.355302761342,2204.355302761342,-0.7547015102557244,session_end,0.1,0.7000000000000001,-62.069999999997165,-0.18701562435243116,10052.981589811057
2024-03-26,-1,2024-03-26 09:45:00,2024-03-26 13:41:45,48,2191.958,2178.9650640243913,2224.8373699999997,2173.156695156695,2173.156695156695,0.8642637176216507,tp,0.1,0.7000000000000001,129.22935975608817,0.39516985804803906,10182.210949567145
2024-03-28,-1,2024-03-28 10:50:00,2024-03-28 20:56:55,122,2212.591,2232.793,2245.7798649999995,2194.877441025641,2194.877441025641,0.8064714067172496,session_end,0.1,0.7000000000000001,-202.72000000000224,-0.6086981281222017,9979.490949567142
2024-04-01,1,2024-04-01 14:05:00,2024-04-01 20:02:45,72,2235.928,2244.501,2202.38908,2255.5467445759377,2255.5467445759377,-0.8672506842510881,session_end,0.1,0.7000000000000001,85.0300000000032,0.25561347831117787,10064.520949567146
2024-04-02,-1,2024-04-02 14:05:00,2024-04-02 15:04:15,12,2273.099,2256.668287962964,2307.1954849999997,2255.8561538461554,2255.8561538461554,0.7674179988971654,tp,0.1,0.7000000000000001,163.60712037036302,0.4818887353648479,10228.12806993751
2024-04-03,-1,2024-04-03 19:05:00,2024-04-03 23:01:20,36,2298.688,2300.809,2333.1683199999998,2280.8611499272192,2280.8611499272192,0.7811019129046675,session_end,0.1,0.7000000000000001,-21.910000000000945,-0.061513350224131194,10206.218069937508
2024-04-05,-1,2024-04-05 14:15:00,2024-04-05 20:00:55,70,2303.958,2323.647,2338.51737,2284.7891471734893,2284.7891471734893,0.8388018146103019,session_end,0.1,0.7000000000000001,-197.5899999999985,-0.5697152465452895,10008.62806993751
2024-04-08,-1,2024-04-08 02:35:00,2024-04-08 12:02:05,114,2335.378,2333.9462037037047,2370.40867,2314.6246559139786,2314.6246559139786,0.8969853506474134,tp,0.1,0.7000000000000001,13.61796296295488,0.04087264948959019,10022.246032900464
2024-04-09,-1,2024-04-09 09:30:00,2024-04-09 12:25:05,36,2364.797,2349.182675615213,2400.268955,2346.69819005848,2346.69819005848,0.7748678555492812,tp,0.1,0.7000000000000001,155.4432438478687,0.44018787193395115,10177.689276748333
2024-04-10,1,2024-04-10 12:35:00,2024-04-10 14:20:40,22,2329.807,2349.8364011627914,2294.8598949999996,2352.078375275939,2352.078375275939,-0.9461366385517657,tp,0.1,0.7000000000000001,199.59401162791602,0.5731347750490775,10377.28328837625
2024-04-10,1,2024-04-10 15:20:00,2024-04-10 20:56:55,68,2331.878,2332.801,2296.8998300000003,2349.503155797102,2349.503155797102,-0.7527402443986817,session_end,0.1,0.7000000000000001,8.529999999997745,0.026387887073559824,10385.813288376246
2024-04-11,-1,2024-04-11 18:05:00,2024-04-11 23:58:55,59,2357.897,2377.132,2393.2654549999997,2340.1146812596003,2340.1146812596003,0.7599763756375798,session_end,0.1,0.7000000000000001,-193.05000000000126,-0.543846204195242,10192.763288376245
2024-04-12,-1,2024-04-12 14:15:00,2024-04-12 15:30:45,16,2414.069,2393.5810931899655,2450.2800349999998,2391.6421052631586,2391.6421052631586,0.9403118755666325,tp,0.1,0.7000000000000001,204.17906810034475,0.565791803797781,10396.94235647659
2024-04-12,1,2024-04-12 16:30:00,2024-04-12 18:42:30,27,2374.549,2338.930765,2338.930765,2393.2882348484854,2393.2882348484854,-0.7863129302382865,sl,0.1,0.7000000000000001,-356.8823499999991,-1.0,10040.060006476591
2024-04-12,1,2024-04-12 18:50:00,2024-04-12 20:56:55,26,2338.209,2344.451,2303.1358649999997,2388.703983775812,2388.703983775812,-2.113237308543366,session_end,0.1,0.7000000000000001,61.72000000000189,0.17797097408030885,10101.780006476592
2024-04-15,1,2024-04-15 14:10:00,2024-04-15 16:41:20,31,2326.954,2353.8646549999994,2292.0496900000003,2355.2746490196073,2355.2746490196073,-1.2058741867505578,tp,0.1,0.7000000000000001,268.40654999999225,0.7709837266515025,10370.186556476585
2024-04-15,-1,2024-04-15 18:55:00,2024-04-15 23:58:55,49,2376.755,2381.969,2412.406325,2355.0453671071955,2355.0453671071955,0.9229814931125813,session_end,0.1,0.7000000000000001,-52.83999999999942,-0.14624982381440155,10317.346556476587
2024-04-16,-1,2024-04-16 17:00:00,2024-04-16 20:54:30,47,2397.601,2380.841095999999,2433.5650149999997,2378.840897875817,2378.840897875817,0.7885606028101193,tp,0.1,0.7000000000000001,166.89904000000917,0.4660187134278839,10484.245596476594
2024-04-17,1,2024-04-17 16:45:00,2024-04-17 23:02:50,64,2366.078,2364.977,2330.5868299999997,2384.655490049752,2384.655490049752,-0.7818315948591442,session_end,0.1,0.7000000000000001,-11.710000000001127,-0.031021800633794415,10472.535596476593
2024-04-19,-1,2024-04-19 01:35:00,2024-04-19 03:09:00,19,2406.155,2394.3824774774776,2442.247325,2381.9785087719297,2381.9785087719297,1.0145763758603394,tp,0.1,0.7000000000000001,117.02522522522649,0.32617800384216794,10589.56082170182
2024-04-22,1,2024-04-22 11:15:00,2024-04-22 22:04:10,118,2349.179,2329.644,2313.941315,2367.476750617284,2367.476750617284,-0.7723307361948281,session_end,0.1,0.7000000000000001,-196.05000000000308,-0.5543780756312533,10393.510821701817
2024-04-23,1,2024-04-23 01:45:00,2024-04-23 05:17:35,43,2305.702,2314.129346560846,2271.1164700000004,2330.543650793651,2330.543650793651,-1.0657878381806967,tp,0.1,0.7000000000000001,83.57346560845762,0.24366683294562214,10477.084287310274
2024-04-23,-1,2024-04-23 13:55:00,2024-04-23 23:03:45,98,2328.107,2322.913,2363.0286049999995,2308.7842105788422,2308.7842105788422,0.8401733402488171,session_end,0.1,0.7000000000000001,51.2399999999996,0.14873314098822285,10528.324287310274
2024-04-25,-1,2024-04-25 14:40:00,2024-04-25 23:02:05,89,2342.633,2332.539,2377.7724949999997,2321.5900634469704,2321.5900634469704,0.9099124296588894,session_end,0.1,0.7000000000000001,100.23999999999596,0.2872551241843295,10628.56428731027
2024-04-30,1,2024-04-30 13:10:00,2024-04-30 23:58:55,118,2304.106,2290.703,2269.54441,2322.0502584388187,2322.0502584388187,-0.7716352552534816,session_end,0.1,0.7000000000000001,-134.73000000000246,-0.38780044552348863,10493.834287310268
2024-05-01,-1,2024-05-01 14:10:00,2024-05-01 23:58:55,106,2307.388,2324.493,2341.99882,2289.648548039216,2289.648548039216,0.7775844889395999,session_end,0.1,0.7000000000000001,-171.75000000000017,-0.4942096142189084,10322.084287310268
2024-05-02,1,2024-05-02 10:05:00,2024-05-02 17:55:50,95,2298.498,2308.540451937985,2264.0205300000002,2316.0010330578507,2316.0010330578507,-0.7568879636770318,tp,0.1,0.7000000000000001,99.72451937984879,0.29127577916781405,10421.808806690116
2024-05-03,1,2024-05-03 13:35:00,2024-05-03 14:00:00,6,2282.208,2301.5401825396825,2247.97488,2301.975319018405,2301.975319018405,-0.8614696627964448,tp,0.1,0.7000000000000001,192.62182539682436,0.5647216070192407,10614.43063208694
2024-05-09,-1,2024-05-09 14:10:00,2024-05-09 23:58:55,106,2331.136,2346.655,2366.10304,2313.4217029411757,2313.4217029411757,0.7693710591629561,session_end,0.1,0.7000000000000001,-155.89000000000232,-0.4438179497034989,10458.540632086939
2024-05-10,-1,2024-05-10 10:35:00,2024-05-10 13:03:25,30,2377.767,2361.3189455128195,2413.4335049999995,2358.8691955380573,2358.8691955380573,0.8054624011319546,tp,0.1,0.7000000000000001,163.78054487180344,0.4611624964986193,10622.321176958741
2024-05-15,-1,2024-05-15 15:15:00,2024-05-15 23:58:55,93,2380.791,2391.726,2416.502865,2362.887862477233,2362.887862477233,0.7572148389644248,session_end,0.1,0.7000000000000001,-110.04999999999946,-0.3062007542871261,10512.271176958742
2024-05-17,-1,2024-05-17 13:15:00,2024-05-17 20:56:55,93,2402.861,2414.076,2438.9039149999994,2382.5144056603763,2382.5144056603763,0.857501398148359,session_end,0.1,0.7000000000000001,-112.85000000000146,-0.3111568528794158,10399.42117695874
2024-05-20,1,2024-05-20 12:25:00,2024-05-20 17:24:30,60,2417.791,2431.8133894230755,2381.524135,2436.0548366890375,2436.0548366890375,-0.7522136371093732,tp,0.1,0.7000000000000001,139.52389423075311,0.3866446527174403,10538.945071189493
2024-05-22,1,2024-05-22 14:15:00,2024-05-22 23:58:55,105,2393.944,2382.039,2358.03484,2415.8690370370364,2415.8690370370364,-0.9075838425383996,session_end,0.1,0.7000000000000001,-119.74999999999746,-0.33153100768716653,10419.195071189497
2024-05-23,1,2024-05-23 14:20:00,2024-05-23 23:58:55,104,2347.4,2332.014,2312.189,2367.3577248062006,2367.3577248062006,-0.8424466060714807,session_end,0.1,0.7000000000000001,-154.55999999999966,-0.4369657209394752,10264.635071189497
2024-05-31,1,2024-05-31 17:35:00,2024-05-31 20:57:55,41,2324.485,2327.26,2289.617725,2342.374298578199,2342.374298578199,-0.7651338468441022,session_end,0.1,0.7000000000000001,27.05000000000091,0.0795875215370311,10291.685071189499
2024-06-03,-1,2024-06-03 14:40:00,2024-06-03 23:59:55,100,2344.569,2350.76,2379.7375349999998,2327.04990625,2327.04990625,0.7548868506352115,session_end,0.1,0.7000000000000001,-62.610000000002586,-0.1760380408225789,10229.075071189494
2024-06-04,1,2024-06-04 14:15:00,2024-06-04 23:59:55,105,2321.363,2328.855,2286.542555,2340.4330682261193,2340.4330682261193,-0.814189838830213,session_end,0.1,0.7000000000000001,74.22000000000189,0.21516094926415283,10303.295071189497
2024-06-05,-1,2024-06-05 15:15:00,2024-06-05 23:59:55,93,2352.9,2355.143,2388.1935,2335.000469945356,2335.000469945356,0.769701346358376,session_end,0.1,0.7000000000000001,-23.12999999999938,-0.06355277884029503,10280.165071189498
2024-06-07,1,2024-06-07 08:05:00,2024-06-07 12:30:05,54,2358.515,2323.137275,2323.137275,2377.1361030927833,2377.1361030927833,-0.7864548886561497,sl,0.1,0.7000000000000001,-354.47724999999826,-1.0,9925.6878211895
2024-06-07,1,2024-06-07 12:40:00,2024-06-07 20:13:40,91,2321.8,2286.973,2286.973,2363.3906107456132,2363.3906107456132,-1.7629802943351778,sl,0.1,0.7000000000000001,-348.97000000000224,-1.0,9576.717821189497
2024-06-12,-1,2024-06-12 12:50:00,2024-06-12 18:53:00,73,2332.802,2319.915202802359,2367.79403,2314.301034632034,2314.301034632034,0.8025302279190735,tp,0.1,0.7000000000000001,128.16797197641046,0.368278067824047,9704.885793165908
2024-06-13,1,2024-06-13 16:10:00,2024-06-13 23:59:55,82,2296.003,2302.404,2261.5629550000003,2313.9583513745697,2313.9583513745697,-0.7757854139382383,session_end,0.1,0.7000000000000001,63.309999999998396,0.18585922289009413,9768.195793165905
2024-06-14,-1,2024-06-14 10:25:00,2024-06-14 20:57:55,127,2329.348,2332.957,2364.28822,2310.0927386666654,2310.0927386666654,0.8366011030574126,session_end,0.1,0.7000000000000001,-36.78999999999924,-0.10329070624054251,9731.405793165906
2024-06-20,-1,2024-06-20 14:30:00,2024-06-20 23:59:55,102,2355.594,2360.878,2390.92791,2337.970054597701,2337.970054597701,0.7528516187658171,session_end,0.1,0.7000000000000001,-53.54000000000106,-0.14954472912848113,9677.865793165905
2024-06-21,1,2024-06-21 13:55:00,2024-06-21 20:57:55,85,2335.992,2321.571,2300.9521200000004,2362.018757485032,2362.018757485032,-1.1009547406270608,session_end,0.1,0.7000000000000001,-144.91000000000275,-0.41155962862887524,9532.955793165904
2024-06-26,1,2024-06-26 13:30:00,2024-06-26 23:59:55,114,2296.878,2298.47,2262.42483,2315.1746244855954,2315.1746244855954,-0.7902265467193565,session_end,0.1,0.7000000000000001,15.219999999996435,0.04620764939770805,9548.1757931659
2024-06-27,-1,2024-06-27 12:40:00,2024-06-27 23:59:55,124,2323.914,2327.852,2358.77271,2304.3019133771936,2304.3019133771936,0.8552953286369177,session_end,0.1,0.7000000000000001,-40.079999999996474,-0.11297033080110108,9508.095793165903
2024-07-03,-1,2024-07-03 12:40:00,2024-07-03 23:59:55,124,2356.062,2359.056,2391.4029299999997,2337.918575657894,2337.918575657894,0.7760716960384395,session_end,0.1,0.7000000000000001,-30.640000000001418,-0.08471763476513366,9477.455793165902
2024-07-05,-1,2024-07-05 13:45:00,2024-07-05 20:57:55,87,2384.215,2391.687,2419.978225,2363.960810101008,2363.960810101008,0.8578268223543687,session_end,0.1,0.7000000000000001,-75.41999999999753,-0.20892970362711463,9402.035793165904
2024-07-08,1,2024-07-08 15:50:00,2024-07-08 23:59:55,86,2354.629,2361.78,2319.309565,2378.7881657894736,2378.7881657894736,-1.0154189488939738,session_end,0.1,0.7000000000000001,70.81000000000294,0.20246643243303064,9472.845793165907
2024-07-11,-1,2024-07-11 12:35:00,2024-07-11 23:59:55,125,2399.595,2415.986,2435.5889249999996,2379.842714128036,2379.842714128036,0.8330922776645898,session_end,0.1,0.7000000000000001,-164.61000000000075,-0.4553824013357861,9308.235793165906
2024-07-15,-1,2024-07-15 14:55:00,2024-07-15 23:59:55,97,2429.955,2422.611,2466.4043249999995,2411.4665968342615,2411.4665968342615,0.7665212194937541,session_end,0.1,0.7000000000000001,72.7400000000005,0.20148521268912753,9380.975793165906
2024-07-16,-1,2024-07-16 15:05:00,2024-07-16 23:59:55,95,2454.432,2468.394,2491.2484799999997,2434.05212062615,2434.05212062615,0.8370354603832061,session_end,0.1,0.7000000000000001,-140.31999999999988,-0.37923234377648285,9240.655793165906
2024-07-18,1,2024-07-18 19:10:00,2024-07-18 23:59:55,46,2444.146,2441.314,2407.48381,2463.897871014491,2463.897871014491,-0.8038430183121406,session_end,0.1,0.7000000000000001,-29.020000000003346,-0.07724579464566449,9211.635793165904
2024-07-19,1,2024-07-19 12:50:00,2024-07-19 20:57:55,98,2402.244,2400.515,2366.21034,2420.7694935064933,2420.7694935064933,-0.767648202620728,session_end,0.1,0.7000000000000001,-17.99000000000269,-0.047982913753425734,9193.6457931659
2024-07-22,1,2024-07-22 14:35:00,2024-07-22 23:59:55,101,2384.479,2395.847,2348.7118149999997,2403.2556009523814,2403.2556009523814,-0.7804871418981845,session_end,0.1,0.7000000000000001,112.98000000000393,0.31783323177377093,9306.625793165904
2024-07-24,1,2024-07-24 22:15:00,2024-07-24 23:59:55,21,2395.739,2398.733,2359.802915,2414.1723287581704,2414.1723287581704,-0.7650170014031468,session_end,0.1,0.7000000000000001,29.24000000000142,0.08331458476904641,9335.865793165905
2024-07-25,1,2024-07-25 17:30:00,2024-07-25 23:59:55,66,2354.639,2363.864,2319.319415,2373.6509730158723,2373.6509730158723,-0.8002639491575086,session_end,0.1,0.7000000000000001,91.54999999999909,0.2611865343264894,9427.415793165905
2024-07-29,1,2024-07-29 15:20:00,2024-07-29 23:59:55,92,2370.191,2381.207,2334.6381349999997,2392.4776186594195,2392.4776186594195,-0.934224775400142,session_end,0.1,0.7000000000000001,109.46000000000076,0.3098484468129374,9536.875793165906
2024-07-30,-1,2024-07-30 17:05:00,2024-07-30 23:59:55,71,2405.628,2409.923,2441.71242,2387.698350406504,2387.698350406504,0.751357456457678,session_end,0.1,0.7000000000000001,-43.64999999999618,-0.11902643855712952,9493.22579316591
2024-07-31,-1,2024-07-31 19:20:00,2024-07-31 23:59:55,44,2437.544,2445.86,2474.1071599999996,2419.337023706897,2419.337023706897,0.7516512215912741,session_end,0.1,0.7000000000000001,-83.86000000000259,-0.22744204822559994,9409.365793165907
2024-08-02,1,2024-08-02 14:45:00,2024-08-02 20:57:55,75,2436.872,2441.956,2400.3189199999997,2459.0559284369115,2459.0559284369115,-0.9044498817498945,session_end,0.1,0.7000000000000001,50.14000000000287,0.13908540675642841,9459.50579316591
2024-08-05,1,2024-08-05 10:50:00,2024-08-05 12:20:50,19,2415.978,2379.73833,2379.73833,2435.0859846153844,2435.0859846153844,-0.7835856612840753,sl,0.1,0.7000000000000001,-363.0966999999993,-1.0,9096.40909316591
2024-08-05,1,2024-08-05 12:30:00,2024-08-05 23:59:55,126,2369.789,2404.901,2334.242165,2429.57348,2429.57348,-2.463188723973059,session_end,0.1,0.7000000000000001,350.41999999999626,0.9877672653556786,9446.829093165907
2024-08-06,1,2024-08-06 13:10:00,2024-08-06 23:59:55,118,2391.06,2383.851,2355.1940999999997,2409.3333565400844,2409.3333565400844,-0.7606608894670636,session_end,0.1,0.7000000000000001,-72.78999999999833,-0.20099872023286144,9374.039093165908
2024-08-08,-1,2024-08-08 11:20:00,2024-08-08 23:59:55,140,2411.811,2424.711,2447.9881649999998,2393.8206544117643,2393.8206544117643,0.7543733719129898,session_end,0.1,0.7000000000000001,-129.69999999999635,-0.35657852128545114,9244.339093165912
2024-08-12,-1,2024-08-12 13:55:00,2024-08-12 23:59:55,109,2456.675,2475.643,2493.525125,2436.2512495009983,2436.2512495009983,0.8410770647403023,session_end,0.1,0.7000000000000001,-190.37999999999846,-0.514733667796239,9053.959093165913
2024-08-14,1,2024-08-14 15:35:00,2024-08-14 23:59:55,89,2445.747,2449.47,2409.060795,2465.321866310159,2465.321866310159,-0.7936029196642572,session_end,0.1,0.7000000000000001,36.52999999999956,0.10148228741566372,9090.489093165914
2024-08-15,1,2024-08-15 13:10:00,2024-08-15 14:34:50,17,2434.504,2453.940891762452,2397.9864399999997,2454.8296898734175,2454.8296898734175,-0.830920774567847,tp,0.1,0.7000000000000001,193.6689176245198,0.5322615137060597,9284.158010790432
2024-08-16,-1,2024-08-16 12:55:00,2024-08-16 20:57:55,97,2485.987,2507.927,2523.276805,2459.6618279569916,2459.6618279569916,1.0693613139841904,session_end,0.1,0.7000000000000001,-220.10000000000053,-0.5883645677417761,9064.058010790432
2024-08-20,-1,2024-08-20 09:25:00,2024-08-20 15:03:00,68,2525.048,2512.6483851851854,2562.9237199999993,2505.4430000000007,2505.4430000000007,0.7830152192645781,tp,0.1,0.7000000000000001,123.29614814814413,0.3273763459761177,9187.354158938577
2024-08-22,1,2024-08-22 14:05:00,2024-08-22 23:59:55,107,2483.202,2487.629,2445.95397,2504.2102445759365,2504.2102445759365,-0.8383579063063756,session_end,0.1,0.7000000000000001,43.569999999996796,0.11885192317552515,9230.924158938573
2024-08-23,-1,2024-08-23 14:15:00,2024-08-23 20:57:55,81,2517.118,2512.472,2554.87477,2495.045421052633,2495.045421052633,0.8835341738214368,session_end,0.1,0.7000000000000001,45.759999999997305,0.1230507800322892,9276.68415893857
2024-08-30,1,2024-08-30 17:25:00,2024-08-30 20:57:55,43,2496.802,2503.402,2459.34997,2515.822041467306,2515.822041467306,-0.7578453941911663,session_end,0.1,0.7000000000000001,65.29999999999909,0.17622542756694157,9341.984158938569
2024-09-03,1,2024-09-03 13:50:00,2024-09-03 19:21:25,67,2477.481,2493.3228534482764,2440.3187850000004,2496.4108453815265,2496.4108453815265,-0.7602452703904279,tp,0.1,0.7000000000000001,157.71853448276198,0.42628926850232873,9499.702693421332
2024-09-06,1,2024-09-06 16:15:00,2024-09-06 20:57:55,57,2497.2,2497.6,2459.7419999999997,2516.212996581196,2516.212996581196,-0.7573681801615743,session_end,0.1,0.7000000000000001,3.3000000000009093,0.010678626728605105,9503.002693421333
2024-09-12,-1,2024-09-12 13:10:00,2024-09-12 23:59:55,118,2539.159,2558.521,2577.246385,2517.0133164556964,2517.0133164556964,0.8822433873958639,session_end,0.1,0.7000000000000001,-194.3200000000008,-0.5083572946790696,9308.682693421331
2024-09-18,-1,2024-09-18 18:20:00,2024-09-18 18:50:35,7,2592.422,2573.0425980825953,2631.30833,2572.549237121212,2572.549237121212,0.7715406411812309,tp,0.1,0.7000000000000001,193.09401917404722,0.49836026998188854,9501.776712595378
2024-09-18,1,2024-09-18 19:45:00,2024-09-18 23:59:55,39,2552.765,2559.301,2514.473525,2572.6753966244723,2572.6753966244723,-0.7728101512751665,session_end,0.1,0.7000000000000001,64.66000000000058,0.17069073468703047,9566.43671259538
2024-09-19,-1,2024-09-19 09:20:00,2024-09-19 12:53:15,43,2587.827,2573.751090909092,2626.644405,2568.264797619047,2568.264797619047,0.7635000253529675,tp,0.1,0.7000000000000001,140.05909090908227,0.3626184978338533,9706.495803504462
2024-09-20,-1,2024-09-20 15:45:00,2024-09-20 20:57:55,63,2622.344,2622.196,2661.6791599999997,2602.494103174605,2602.494103174605,0.7648584794529973,session_end,0.1,0.7000000000000001,0.7800000000013824,0.0037625371296351566,9707.275803504463
2024-09-24,-1,2024-09-24 16:45:00,2024-09-24 23:59:55,75,2653.955,2658.302,2693.7643249999996,2632.457470978441,2632.457470978441,0.8188937241803486,session_end,0.1,0.7000000000000001,-44.17000000000208,-0.10919552140108475,9663.10580350446
2024-09-26,-1,2024-09-26 11:40:00,2024-09-26 13:11:50,19,2685.635,2665.4368459915604,2725.919525,2663.831928571428,2663.831928571428,0.8180910813040321,tp,0.1,0.7000000000000001,201.28154008439816,0.5013874188274536,9864.387343588858
2024-09-27,1,2024-09-27 15:05:00,2024-09-27 20:57:55,71,2646.003,2658.044,2606.3129550000003,2666.7614558011055,2666.7614558011055,-0.7777956950736793,session_end,0.1,0.7000000000000001,119.70999999999712,0.30337582131740504,9984.097343588855
2024-09-30,1,2024-09-30 14:10:00,2024-09-30 23:59:55,106,2630.859,2635.695,2591.396115,2651.0798745098045,2651.0798745098045,-0.7653249041979945,session_end,0.1,0.7000000000000001,47.6600000000024,0.1225455260050108,10031.757343588859
2024-10-01,-1,2024-10-01 13:50:00,2024-10-01 23:59:55,110,2667.326,2660.459,2707.33589,2644.073852409639,2644.073852409639,0.8791602991412792,session_end,0.1,0.7000000000000001,67.97000000000189,0.17163256384859396,10099.72734358886
2024-10-04,1,2024-10-04 12:55:00,2024-10-04 14:53:45,24,2636.616,2658.8385898876386,2597.06676,2660.1837623655892,2660.1837623655892,-0.8875049423125118,tp,0.1,0.7000000000000001,221.52589887638607,0.5618967617996883,10321.253242465247
2024-10-08,1,2024-10-08 15:00:00,2024-10-08 23:59:55,96,2621.071,2621.929,2581.754935,2640.9503537037026,2640.9503537037026,-0.7546091760397651,session_end,0.1,0.7000000000000001,7.880000000001746,0.0218231402354273,10329.133242465248
2024-10-23,1,2024-10-23 14:15:00,2024-10-23 23:59:55,105,2726.209,2721.32,2685.3158649999996,2747.4477602339175,2747.4477602339175,-0.7725082362297734,session_end,0.1,0.7000000000000001,-49.58999999999669,-0.11955551952667944,10279.543242465252
2024-10-31,1,2024-10-31 13:50:00,2024-10-31 23:59:55,110,2759.164,2746.752,2717.7765400000003,2781.6752178714846,2781.6752178714846,-0.8123780133029291,session_end,0.1,0.7000000000000001,-124.82000000000262,-0.2998976018339924,10154.723242465248
2024-11-06,1,2024-11-06 06:30:00,2024-11-06 13:27:10,84,2717.707,2676.941395,2676.941395,2739.5350448717954,2739.5350448717954,-0.8009952240936692,sl,0.1,0.7000000000000001,-408.3560500000005,-1.0,9746.367192465248
2024-11-06,1,2024-11-06 13:35:00,2024-11-06 23:59:55,113,2667.748,2664.109,2627.73178,2726.6243711656434,2726.6243711656434,-2.161239068674915,session_end,0.1,0.7000000000000001,-37.09000000000124,-0.0909381245904817,9709.277192465248
2024-11-07,-1,2024-11-07 13:25:00,2024-11-07 23:59:55,115,2682.734,2706.965,2722.9750099999997,2661.1233447204972,2661.1233447204972,0.811881017178937,session_end,0.1,0.7000000000000001,-243.0100000000022,-0.6021469143045958,9466.267192465246
2024-11-11,1,2024-11-11 13:35:00,2024-11-11 23:59:55,113,2642.112,2624.099,2602.48032,2669.842112474437,2669.842112474437,-1.0384364058420321,session_end,0.1,0.7000000000000001,-180.8299999999992,-0.45451012927031953,9285.437192465246
2024-11-12,1,2024-11-12 07:45:00,2024-11-12 13:08:50,65,2597.005,2609.2304511677266,2558.0499250000003,2616.804019713261,2616.804019713261,-0.7582730523103842,tp,0.1,0.7000000000000001,121.55451167726532,0.31383462020613695,9406.99170414251
2024-11-13,1,2024-11-13 17:00:00,2024-11-13 23:59:55,72,2585.937,2571.05,2547.1479449999997,2606.674073529412,2606.674073529412,-0.8001603937070328,session_end,0.1,0.7000000000000001,-149.56999999999715,-0.3837938305019198,9257.421704142514
2024-11-14,1,2024-11-14 10:05:00,2024-11-14 13:38:30,43,2539.901,2557.5986411042945,2501.8024849999997,2560.1640482093662,2560.1640482093662,-0.7908691719785508,tp,0.1,0.7000000000000001,176.2764110429469,0.4645231212894945,9433.69811518546
2024-11-18,-1,2024-11-18 01:35:00,2024-11-18 05:32:15,48,2596.497,2586.904060606061,2635.4444549999994,2577.0876754385963,2577.0876754385963,0.75530315661809,tp,0.1,0.7000000000000001,95.2293939393865,0.24630465312659747,9528.927509124847
2024-11-18,-1,2024-11-18 14:40:00,2024-11-18 23:59:55,100,2610.084,2612.803,2649.2352599999995,2589.7625890151517,2589.7625890151517,0.7818829058206748,session_end,0.1,0.7000000000000001,-27.89000000000051,-0.06944859501329143,9501.037509124846
2024-11-20,-1,2024-11-20 17:15:00,2024-11-20 23:59:55,69,2654.564,2652.223,2694.38246,2634.540859903384,2634.540859903384,0.7644459193301153,session_end,0.1,0.7000000000000001,22.709999999998946,0.05879182670550034,9523.747509124845
2024-11-25,1,2024-11-25 03:30:00,2024-11-25 11:08:20,92,2671.611,2680.6771867167918,2631.536835,2703.1601984126987,2703.1601984126987,-1.1668453253795328,tp,0.1,0.7000000000000001,89.9618671679189,0.22623519958037533,9613.709376292765
2024-11-25,1,2024-11-25 14:15:00,2024-11-25 18:18:50,49,2660.747,2620.835795,2620.835795,2681.013864522418,2681.013864522418,-0.7554740686141791,sl,0.1,0.7000000000000001,-399.8120499999988,-1.0,9213.897326292765
2024-11-25,1,2024-11-25 18:25:00,2024-11-25 23:59:55,55,2616.694,2610.524,2577.44359,2670.1159434389147,2670.1159434389147,-2.0027760805787587,session_end,0.1,0.7000000000000001,-62.40000000000073,-0.15719581018389506,9151.497326292765
2024-12-05,1,2024-12-05 17:45:00,2024-12-05 23:59:55,63,2625.369,2633.775,2585.988465,2646.205584507043,2646.205584507043,-0.7862610761937098,session_end,0.1,0.7000000000000001,83.35999999999949,0.2134557085118295,9234.857326292764
2024-12-09,-1,2024-12-09 14:30:00,2024-12-09 23:59:55,102,2668.285,2660.548,2708.3092749999996,2647.8395536398452,2647.8395536398452,0.771608171351225,session_end,0.1,0.7000000000000001,76.6700000000008,0.19330768639782048,9311.527326292766
2024-12-10,-1,2024-12-10 14:55:00,2024-12-10 23:59:55,97,2691.081,2696.089,2731.4472149999997,2669.848189013035,2669.848189013035,0.7951130358019516,session_end,0.1,0.7000000000000001,-50.77999999999811,-0.12406414621732223,9260.747326292767
2024-12-11,-1,2024-12-11 17:05:00,2024-12-11 23:59:55,71,2718.275,2720.021,2759.049125,2697.559590686274,2697.559590686274,0.7682836510926954,session_end,0.1,0.7000000000000001,-18.160000000000945,-0.042821274521528015,9242.587326292765
2024-12-12,1,2024-12-12 14:15:00,2024-12-12 23:59:55,105,2690.691,2680.685,2650.330635,2712.653225146198,2712.653225146198,-0.8076861776173859,session_end,0.1,0.7000000000000001,-100.75999999999858,-0.24791648935781074,9141.827326292767
2024-12-13,1,2024-12-13 14:45:00,2024-12-13 21:57:55,87,2657.817,2648.453,2617.949745,2678.9683427495297,2678.9683427495297,-0.7852964297419736,session_end,0.1,0.7000000000000001,-94.34000000000033,-0.23487947690404082,9047.487326292767
2024-12-18,1,2024-12-18 19:10:00,2024-12-18 23:59:55,46,2616.945,2588.286,2577.690825,2644.2738275362303,2644.2738275362303,-1.0352682559255488,session_end,0.1,0.7000000000000001,-287.29000000000104,-0.7300879460592429,8760.197326292766
2024-12-19,1,2024-12-19 15:35:00,2024-12-19 23:59:55,89,2589.181,2593.58,2550.343285,2609.406469696971,2609.406469696971,-0.777302039085025,session_end,0.1,0.7000000000000001,43.28999999999887,0.11326618983634526,8803.487326292765
2024-12-20,-1,2024-12-20 15:20:00,2024-12-20 21:57:55,80,2623.945,2622.742,2663.3041749999998,2602.9756757246364,2602.9756757246364,0.8077994916149203,session_end,0.1,0.7000000000000001,11.329999999999746,0.030564665036804935,8814.817326292765
2024-12-30,1,2024-12-30 16:25:00,2024-12-30 23:59:55,79,2597.456,2606.736,2558.49416,2617.7774830795247,2617.7774830795247,-0.7756764358610725,session_end,0.1,0.7000000000000001,92.09999999999745,0.23818176964947652,8906.917326292762
2025-01-02,-1,2025-01-02 16:25:00,2025-01-02 23:59:55,79,2657.602,2658.428,2697.4660299999996,2637.829510998307,2637.829510998307,0.7511853559555604,session_end,0.1,0.7000000000000001,-8.960000000000218,-0.02072043393505442,8897.957326292762
2025-01-07,-1,2025-01-07 13:55:00,2025-01-07 15:07:25,15,2663.153,2643.823778084714,2703.1002949999997,2642.4864560878236,2642.4864560878236,0.7816139933127403,tp,0.1,0.7000000000000001,192.59221915285872,0.48386810459346247,9090.54954544562
2025-01-10,-1,2025-01-10 15:35:00,2025-01-10 21:57:55,77,2697.463,2689.65,2737.9249449999998,2677.1954322638144,2677.1954322638144,0.7565031484854939,session_end,0.1,0.7000000000000001,77.43000000000102,0.19309501804720922,9167.979545445622
2025-01-13,1,2025-01-13 17:05:00,2025-01-13 23:59:55,71,2660.324,2668.119,2620.41914,2680.711017073171,2680.711017073171,-0.7628019933121063,session_end,0.1,0.7000000000000001,77.25000000000072,0.19533961527493277,9245.229545445622
2025-01-27,1,2025-01-27 16:50:00,2025-01-27 23:59:55,74,2736.8,2741.771,2695.748,2758.0424991749196,2758.0424991749196,-0.7694950016639882,session_end,0.1,0.7000000000000001,49.01000000000003,0.12109032446652995,9294.239545445622
2025-01-30,-1,2025-01-30 15:40:00,2025-01-30 23:59:55,87,2791.335,2796.244,2833.2050249999998,2770.336141843972,2770.336141843972,0.7592348754482735,session_end,0.1,0.7000000000000001,-49.79000000000106,-0.11724378000729971,9244.449545445621
2025-02-03,-1,2025-02-03 13:00:00,2025-02-03 23:59:55,120,2810.516,2814.125,2852.6737399999997,2789.358806623931,2789.358806623931,0.7605222148435304,session_end,0.1,0.7000000000000001,-36.78999999999924,-0.08560705578619617,9207.659545445622
2025-02-04,-1,2025-02-04 14:35:00,2025-02-04 23:59:55,101,2839.706,2841.308,2882.30159,2818.5677628571434,2818.5677628571434,0.752181211402412,session_end,0.1,0.7000000000000001,-16.719999999998617,-0.03760952718344471,9190.939545445623
2025-02-06,1,2025-02-06 15:00:00,2025-02-06 23:59:55,96,2842.015,2858.058,2799.384775,2863.852771296296,2863.852771296296,-0.7661452263261519,session_end,0.1,0.7000000000000001,159.7300000000012,0.37632923588839057,9350.669545445624
2025-02-10,-1,2025-02-10 09:50:00,2025-02-10 23:59:55,158,2902.632,2917.946,2946.17148,2880.9915649717514,2880.9915649717514,0.7518916504867097,session_end,0.1,0.7000000000000001,-153.8399999999985,-0.3517267546603653,9196.829545445626
2025-02-11,1,2025-02-11 12:55:00,2025-02-11 23:59:55,121,2892.077,2898.597,2848.695845,2915.641923655916,2915.641923655916,-0.8101277274233478,session_end,0.1,0.7000000000000001,64.49999999999982,0.1502956756222829,9261.329545445626
2025-02-14,1,2025-02-14 15:25:00,2025-02-14 21:57:55,79,2905.819,2882.834,2862.231715,2930.2485054054046,2930.2485054054046,-0.8355948432440885,session_end,0.1,0.7000000000000001,-230.55000000000126,-0.5273326842908452,9030.779545445625
2025-02-25,1,2025-02-25 15:25:00,2025-02-25 23:59:55,91,2910.58,2918.666,2866.9213,2939.767091891892,2939.767091891892,-0.9907448781307537,session_end,0.1,0.7000000000000001,80.1600000000024,0.1852093626241791,9110.939545445626
2025-02-26,1,2025-02-26 14:25:00,2025-02-26 15:56:25,19,2893.284,2914.331490401395,2849.88474,2915.4164951830435,2915.4164951830435,-0.761023175237628,tp,0.1,0.7000000000000001,209.77490401394954,0.4849734857551692,9320.714449459576
2025-02-27,1,2025-02-27 09:05:00,2025-02-27 23:59:55,167,2880.267,2876.124,2837.062995,2902.135561162079,2902.135561162079,-0.7525169207924274,session_end,0.1,0.7000000000000001,-42.130000000000294,-0.09589388761528067,9278.584449459575
2025-02-28,1,2025-02-28 14:45:00,2025-02-28 21:48:15,85,2838.849,2858.7880114942527,2796.266265,2864.09388700565,2864.09388700565,-0.8802220876916433,tp,0.1,0.7000000000000001,198.69011494252555,0.4682416827912198,9477.274564402102
2025-03-03,-1,2025-03-03 16:45:00,2025-03-03 23:59:55,75,2892.443,2890.985,2935.829645,2870.5226791044774,2870.5226791044774,0.7634087358041305,session_end,0.1,0.7000000000000001,13.880000000000837,0.033604810881322986,9491.154564402103
2025-03-04,-1,2025-03-04 08:30:00,2025-03-04 15:00:00,79,2913.975,2902.650097222222,2957.6846249999994,2890.7449493464046,2890.7449493464046,0.8027878993213323,tp,0.1,0.7000000000000001,112.54902777777879,0.2590940274087917,9603.70359217988
2025-03-06,1,2025-03-06 09:55:00,2025-03-06 14:34:40,56,2894.13,2912.3846800766282,2850.71805,2916.6738137254897,2916.6738137254897,-0.7727060057052646,tp,0.1,0.7000000000000001,181.8468007662812,0.4204989657600742,9785.550392946161
2025-03-10,1,2025-03-10 17:50:00,2025-03-10 23:59:55,62,2884.456,2884.746,2841.18916,2907.5305490654223,2907.5305490654223,-0.7930458055835069,session_end,0.1,0.7000000000000001,2.199999999999636,0.006702592562802416,9787.750392946162
2025-03-13,-1,2025-03-13 14:50:00,2025-03-13 23:59:55,98,2969.28,2986.534,3013.8192,2943.168134831461,2943.168134831461,0.8891223324568199,session_end,0.1,0.7000000000000001,-173.23999999999904,-0.38738908646765136,9614.510392946162
2025-03-21,1,2025-03-21 14:00:00,2025-03-21 20:57:55,84,3006.682,3023.554,2961.58177,3032.781145833333,3032.781145833333,-0.8586061631617651,session_end,0.1,0.7000000000000001,168.020000000003,0.3741000877379183,9782.530392946166
2025-03-31,-1,2025-03-31 06:15:00,2025-03-31 13:33:55,88,3124.906,3111.4707037037047,3171.7795899999996,3101.637557777777,3101.637557777777,0.7529552304929943,tp,0.1,0.7000000000000001,133.65296296295293,0.28662827609951314,9916.183355909117
2025-04-01,1,2025-04-01 16:10:00,2025-04-01 23:59:55,82,3109.95,3115.229,3063.30075,3134.0129639175234,3134.0129639175234,-0.7675291772710323,session_end,0.1,0.7000000000000001,52.08999999999996,0.11316366286703437,9968.273355909118
2025-04-03,1,2025-04-03 10:10:00,2025-04-03 12:35:20,30,3113.446,3066.74431,3066.74431,3138.538437158469,3138.538437158469,-0.80126267885498,sl,0.1,0.7000000000000001,-467.7168999999987,-1.0,9500.55645590912
2025-04-03,1,2025-04-03 12:45:00,2025-04-03 14:26:00,21,3065.896,3124.250060693641,3019.90756,3129.6631405228754,3129.6631405228754,-2.0366613805032885,tp,0.1,0.7000000000000001,582.840606936408,1.2688854132395162,10083.397062845528
2025-04-04,-1,2025-04-04 11:10:00,2025-04-04 11:45:25,8,3127.6,3102.1443557919615,3174.5139999999997,3100.953771144277,3100.953771144277,0.8586303060524993,tp,0.1,0.7000000000000001,253.85644208038394,0.5426022979928917,10337.253504925911
2025-04-04,1,2025-04-04 12:55:00,2025-04-04 15:29:05,31,3070.592,3024.53312,3024.53312,3101.482562365591,3101.482562365591,-0.9980085892207193,sl,0.1,0.7000000000000001,-461.28880000000044,-1.0,9875.964704925911
2025-04-04,1,2025-04-04 15:35:00,2025-04-04 20:57:55,65,3025.055,3038.587,2979.6791749999998,3093.772498217469,3093.772498217469,-2.2209130844965994,session_end,0.1,0.7000000000000001,134.62000000000154,0.2982204731263868,10010.584704925912
2025-04-07,-1,2025-04-07 01:20:00,2025-04-07 03:49:55,30,3013.386,3018.5949962962964,3058.58679,2988.5258958333334,2988.5258958333334,0.831634224796849,tp,0.1,0.7000000000000001,-52.78996296296391,-0.11524126671893137,9957.794741962949
2025-04-07,1,2025-04-07 14:40:00,2025-04-07 23:59:55,100,2998.538,2981.399,2953.55993,3024.9895037878796,3024.9895037878796,-0.8741849766674012,session_end,0.1,0.7000000000000001,-172.09000000000123,-0.38105236618645666,9785.704741962947
2025-04-08,1,2025-04-08 17:25:00,2025-04-08 23:59:55,67,2979.665,2978.382,2934.970025,3003.278342105264,3003.278342105264,-0.7855030209663204,session_end,0.1,0.7000000000000001,-13.529999999999017,-0.028705687831795522,9772.174741962948
2025-04-09,-1,2025-04-09 01:55:00,2025-04-09 11:19:05,113,3008.473,3053.600095,3053.600095,2984.9047028985515,2984.9047028985515,0.7888961104380414,sl,0.1,0.7000000000000001,-451.97094999999825,-1.0,9320.203791962951
2025-04-09,-1,2025-04-09 11:25:00,2025-04-09 23:59:55,139,3063.128,3086.883,3109.07492,3020.3861338199504,3020.3861338199504,1.4170494858522886,session_end,0.1,0.7000000000000001,-238.24999999999653,-0.5170096276311823,9081.953791962953
2025-04-10,-1,2025-04-10 03:15:00,2025-04-10 07:30:40,52,3125.699,3113.027368518519,3172.584485,3099.3257948717956,3099.3257948717956,0.8533373668546099,tp,0.1,0.7000000000000001,126.01631481481199,0.270267684795865,9207.970106777766
2025-04-10,-1,2025-04-10 14:10:00,2025-04-10 22:48:50,92,3142.239,3189.3725849999996,3189.3725849999996,3115.48498137255,3115.48498137255,0.857956908387154,sl,0.1,0.7000000000000001,-472.03584999999583,-1.0,8735.93425677777
2025-04-10,-1,2025-04-10 22:55:00,2025-04-10 23:59:55,13,3185.721,3189.071,3233.5068149999997,3133.4779714828915,3133.4779714828915,1.6720886182682568,session_end,0.1,0.7000000000000001,-34.19999999999909,-0.07010448602791285,8701.73425677777
2025-04-11,-1,2025-04-11 13:35:00,2025-04-11 20:57:55,89,3240.445,3237.678,3289.0516749999997,3214.213168711658,3214.213168711658,0.8159487224941636,session_end,0.1,0.7000000000000001,26.970000000002802,0.05692633779208938,8728.704256777773
2025-04-14,1,2025-04-14 13:15:00,2025-04-14 23:59:55,112,3196.641,3212.688,3148.691385,3226.07030293501,3226.07030293501,-0.916278944947883,session_end,0.1,0.7000000000000001,159.77000000000027,0.334663792399585,8888.474256777774
2025-04-16,-1,2025-04-16 08:05:00,2025-04-16 22:20:35,160,3306.911,3356.5146649999997,3356.5146649999997,3278.719766323024,3278.719766323024,0.8610291726345287,sl,0.1,0.7000000000000001,-496.73664999999636,-1.0,8391.737606777777
2025-04-16,-1,2025-04-16 22:30:00,2025-04-16 23:59:55,18,3353.021,3350.231,3403.316315,3303.65809237726,3303.65809237726,1.4941742227089785,session_end,0.1,0.7000000000000001,27.199999999999637,0.05547236357899284,8418.937606777778
2025-04-17,1,2025-04-17 14:30:00,2025-04-17 20:30:10,73,3303.596,3325.082198509485,3254.0420599999998,3330.8593936781626,3330.8593936781626,-0.8204757525950188,tp,0.1,0.7000000000000001,214.16198509484894,0.43359213232055394,8633.099591872626
2025-04-21,-1,2025-04-21 13:00:00,2025-04-21 23:59:55,120,3414.922,3434.647,3466.1458299999995,3385.842441239316,3385.842441239316,0.860142173361863,session_end,0.1,0.7000000000000001,-197.94999999999908,-0.3850746810615317,8435.149591872627
2025-04-22,-1,2025-04-22 02:45:00,2025-04-22 07:13:25,54,3468.319,3466.2767984496136,3520.3437849999996,3438.756378787879,3438.756378787879,0.8597329370143366,tp,0.1,0.7000000000000001,19.722015503863805,0.03925439673391049,8454.87160737649
2025-04-22,1,2025-04-22 12:50:00,2025-04-22 16:31:45,45,3435.569,3384.035465,3384.035465,3462.7749956709954,3462.7749956709954,-0.7852804673994194,sl,0.1,0.7000000000000001,-516.0353500000003,-1.0,7938.83625737649
2025-04-22,1,2025-04-22 16:40:00,2025-04-22 22:04:35,53,3376.942,3326.28787,3326.28787,3453.761426666667,3453.761426666667,-2.224036844976913,sl,0.1,0.7000000000000001,-507.24129999999894,-1.0,7431.594957376491
2025-04-22,1,2025-04-22 22:10:00,2025-04-22 23:59:55,22,3332.959,3336.622,3282.964615,3438.9702709973735,3438.9702709973735,-3.0841432940510076,session_end,0.1,0.7000000000000001,35.930000000000106,0.07326822802200714,7467.524957376491
2025-04-23,-1,2025-04-23 01:45:00,2025-04-23 02:39:20,11,3386.002,3364.996252688171,3436.7920299999996,3359.6107063492063,3359.6107063492063,0.7853229423555437,tp,0.1,0.7000000000000001,209.35747311829056,0.41358013200285954,7676.882430494782
2025-04-23,1,2025-04-23 03:15:00,2025-04-23 09:20:10,74,3336.369,3338.9102886904757,3286.323465,3362.763269230768,3362.763269230768,-0.7844967700269557,tp,0.1,0.7000000000000001,24.712886904755397,0.050779528892548144,7701.595317399538
2025-04-23,1,2025-04-23 13:05:00,2025-04-23 23:51:30,118,3308.36,3316.889881995134,3258.7346000000002,3335.6580435244164,3335.6580435244164,-0.8181756993165992,tp,0.1,0.7000000000000001,84.59881995134019,0.17188540535963512,7786.194137350878
2025-04-24,-1,2025-04-24 01:25:00,2025-04-24 02:37:15,15,3360.976,3344.2101021505373,3411.3906399999996,3333.4489509803925,3333.4489509803925,0.8270577838457435,tp,0.1,0.7000000000000001,166.95897849462818,0.33256010257066165,7953.153115845506
2025-04-24,-1,2025-04-24 22:30:00,2025-04-24 23:59:55,18,3363.388,3349.074,3413.8388199999995,3333.6228851706032,3333.6228851706032,0.8947807192615417,session_end,0.1,0.7000000000000001,142.43999999999852,0.28372185030887453,8095.593115845504
2025-04-25,1,2025-04-25 04:00:00,2025-04-25 13:17:45,112,3323.779,3273.922315,3273.922315,3350.3213888888895,3350.3213888888895,-0.7935623423192489,sl,0.1,0.7000000000000001,-499.26685000000197,-1.0,7596.326265845502
2025-04-25,1,2025-04-25 13:25:00,2025-04-25 19:43:25,76,3270.73,3306.856913135595,3221.66905,3317.093417184263,3317.093417184263,-1.399566166685518,tp,0.1,0.7000000000000001,360.56913135594806,0.7363679899307854,7956.895397201451
2025-04-28,1,2025-04-28 02:05:00,2025-04-28 03:22:00,16,3275.827,3293.311525,3226.6895950000003,3301.633060000001,3301.633060000001,-0.7834777375291075,tp,0.1,0.7000000000000001,174.1452499999985,0.35582923029817853,8131.040647201449
2025-04-28,-1,2025-04-28 14:35:00,2025-04-28 23:59:55,101,3321.86,3337.781,3371.6879,3291.3139228571426,3291.3139228571426,0.9299197177851817,session_end,0.1,0.7000000000000001,-159.9099999999982,-0.31951978710722095,7971.130647201451
2025-04-30,1,2025-04-30 08:15:00,2025-04-30 12:46:55,55,3285.288,3299.768700435731,3236.00868,3310.3742205387202,3310.3742205387202,-0.7593014826773813,tp,0.1,0.7000000000000001,144.10700435730797,0.29384943695917004,8115.237651558758
2025-04-30,1,2025-04-30 22:20:00,2025-04-30 23:59:55,20,3274.22,3272.949,3225.1067,3301.063312499999,3301.063312499999,-0.814398572671994,session_end,0.1,0.7000000000000001,-13.409999999997307,-0.025878937069993897,8101.827651558761
2025-05-01,1,2025-05-01 11:50:00,2025-05-01 12:56:05,14,3208.091,3232.714486021506,3159.969635,3234.329606807512,3234.329606807512,-0.8142369519817296,tp,0.1,0.7000000000000001,245.53486021506325,0.5116955020188296,8347.362511773825
2025-05-02,1,2025-05-02 16:20:00,2025-05-02 20:57:55,56,3227.111,3241.009,3178.704335,3252.4594056122455,3252.4594056122455,-0.7791920651958103,session_end,0.1,0.7000000000000001,138.2800000000014,0.2871092234922638,8485.642511773825
2025-05-05,-1,2025-05-05 09:05:00,2025-05-05 19:40:25,128,3288.368,3337.69352,3337.69352,3260.7884602446484,3260.7884602446484,0.8449809023577195,sl,0.1,0.7000000000000001,-493.9551999999987,-1.0,7991.687311773827
2025-05-05,-1,2025-05-05 19:50:00,2025-05-05 23:59:55,38,3334.241,3334.129,3384.254615,3290.108569327731,3290.108569327731,1.342719540750465,session_end,0.1,0.7000000000000001,0.4200000000008003,0.0022393902140463227,7992.107311773828
2025-05-06,-1,2025-05-06 01:10:00,2025-05-06 03:00:35,23,3359.05,3355.7899166666666,3409.4357499999996,3331.6718095238098,3331.6718095238098,0.8212900921985136,tp,0.1,0.7000000000000001,31.900833333335687,0.06470248697962427,8024.008145107164
2025-05-06,-1,2025-05-06 13:15:00,2025-05-06 22:59:15,105,3394.569,3383.288996831433,3445.4875349999998,3368.1326236897266,3368.1326236897266,0.786515237670564,tp,0.1,0.7000000000000001,112.10003168566963,0.22153039494492546,8136.108176792834
2025-05-08,1,2025-05-08 05:55:00,2025-05-08 13:18:50,89,3360.472,3364.7164790356396,3310.0649200000003,3392.0073826291086,3392.0073826291086,-0.9319225774976805,tp,0.1,0.7000000000000001,41.74479035639415,0.0842040252210487,8177.852967149227
2025-05-08,1,2025-05-08 15:45:00,2025-05-08 23:59:55,87,3336.235,3316.474,3286.191475,3363.4590767195764,3363.4590767195764,-0.8098679394709133,session_end,0.1,0.7000000000000001,-198.30999999999966,-0.3948762602154814,7979.5429671492275
2025-05-09,1,2025-05-09 02:15:00,2025-05-09 02:52:55,8,3277.292,3302.478470588236,3228.13262,3306.2771790123466,3306.2771790123466,-0.8758091788600948,tp,0.1,0.7000000000000001,251.16470588236263,0.5123431293933371,8230.70767303159
2025-05-12,1,2025-05-12 07:10:00,2025-05-12 23:59:55,190,3246.755,3236.942,3198.053675,3276.1435096899236,3276.1435096899236,-0.8988009714113631,session_end,0.1,0.7000000000000001,-98.83000000000102,-0.20149349119351687,8131.877673031589
2025-05-13,-1,2025-05-13 05:15:00,2025-05-13 12:02:20,82,3260.281,3246.8738958333324,3309.1852149999995,3235.8933148148135,3235.8933148148135,0.7571073209682901,tp,0.1,0.7000000000000001,133.37104166667524,0.2741502785939339,8265.248714698264
2025-05-14,1,2025-05-14 12:40:00,2025-05-14 23:59:55,124,3200.961,3186.19,3152.9465849999997,3233.00329385965,3233.00329385965,-0.9903421354522204,session_end,0.1,0.7000000000000001,-148.4099999999973,-0.30763677949631796,8116.838714698267
2025-05-15,1,2025-05-15 02:50:00,2025-05-15 08:38:10,70,3151.128,3155.6717119741106,3103.86108,3178.268460784314,3178.268460784314,-0.8550555473721009,tp,0.1,0.7000000000000001,44.73711974110465,0.09612879312023001,8161.575834439372
2025-05-15,-1,2025-05-15 12:35:00,2025-05-15 20:03:35,90,3186.15,3233.9422499999996,3233.9422499999996,3161.135187637968,3161.135187637968,0.7932375831344487,sl,0.1,0.7000000000000001,-478.6224999999951,-1.0,7682.953334439377
2025-05-15,-1,2025-05-15 20:10:00,2025-05-15 23:59:55,34,3234.632,3237.249,3283.1514799999995,3180.7920750688713,3180.7920750688713,1.6944340799126865,session_end,0.1,0.7000000000000001,-26.869999999997344,-0.05393709907855077,7656.0833344393795
2025-05-16,1,2025-05-16 10:50:00,2025-05-16 20:05:20,112,3188.907,3200.36628077455,3141.073395,3216.4163820512804,3216.4163820512804,-0.8519382690684008,tp,0.1,0.7000000000000001,113.89280774549825,0.2395654848625723,7769.976142184878
2025-05-20,-1,2025-05-20 12:35:00,2025-05-20 22:08:40,103,3248.161,3296.883415,3296.883415,3222.8386633554087,3222.8386633554087,0.7825659078550744,sl,0.1,0.7000000000000001,-487.92414999999727,-1.0,7282.051992184881
2025-05-20,-1,2025-05-20 22:15:00,2025-05-20 23:59:55,21,3299.732,3290.794,3349.2279799999997,3245.3208281045763,3245.3208281045763,1.6782215004373804,session_end,0.1,0.7000000000000001,88.68000000000102,0.18058032187664852,7370.731992184882
2025-05-22,1,2025-05-22 09:25:00,2025-05-22 23:59:55,163,3304.922,3300.207,3255.3481699999998,3331.145495575221,3331.145495575221,-0.7878369650944742,session_end,0.1,0.7000000000000001,-47.85000000000146,-0.095110666252741,7322.881992184881
2025-05-23,-1,2025-05-23 11:50:00,2025-05-23 20:57:55,110,3346.88,3356.404,3397.0831999999996,3316.7444483568074,3316.7444483568074,0.9082415637453399,session_end,0.1,0.7000000000000001,-95.93999999999888,-0.18970902253242797,7226.941992184882
2025-05-27,1,2025-05-27 06:55:00,2025-05-27 23:59:55,193,3308.009,3309.473,3258.388865,3336.4307289156627,3336.4307289156627,-0.849357628499989,session_end,0.1,0.7000000000000001,13.939999999999419,0.0295041518931768,7240.881992184882
2025-05-29,-1,2025-05-29 10:25:00,2025-05-29 23:59:55,151,3297.193,3315.602,3346.6508949999998,3272.3393853333337,3272.3393853333337,0.759246268220917,session_end,0.1,0.7000000000000001,-184.7899999999965,-0.3722155987431292,7056.091992184885
2025-06-02,-1,2025-06-02 06:30:00,2025-06-02 22:17:40,178,3337.554,3387.6173099999996,3387.6173099999996,3312.490709401709,3312.490709401709,0.7572788212535605,sl,0.1,0.7000000000000001,-501.33309999999545,-1.0,6554.75889218489
2025-06-02,-1,2025-06-02 22:25:00,2025-06-02 23:59:55,19,3388.353,3387.554,3439.1782949999997,3348.8167762645903,3348.8167762645903,1.1801100620229206,session_end,0.1,0.7000000000000001,7.2899999999997815,0.0157205186905454,6562.04889218489
2025-06-03,1,2025-06-03 14:05:00,2025-06-03 22:41:05,92,3336.499,3358.5594435897447,3286.4515149999997,3362.532918145958,3362.532918145958,-0.7738635956701817,tp,0.1,0.7000000000000001,219.90443589744865,0.440790253291346,6781.953328082339
2025-06-05,-1,2025-06-05 11:05:00,2025-06-05 12:51:50,22,3400.454,3377.7995606060617,3451.46081,3375.01896867168,3375.01896867168,0.7537596548185383,tp,0.1,0.7000000000000001,225.84439393938447,0.4441453875264599,7007.7977220217235
2025-06-05,1,2025-06-05 15:45:00,2025-06-05 23:59:55,87,3350.754,3361.871,3300.49269,3377.108341269841,3377.108341269841,-0.7801301766923648,session_end,0.1,0.7000000000000001,110.47000000000189,0.2211840479287193,7118.267722021726
2025-06-06,1,2025-06-06 14:15:00,2025-06-06 20:57:55,81,3334.088,3311.763,3284.07668,3361.55652534113,3361.55652534113,-0.8184013903600228,session_end,0.1,0.7000000000000001,-223.95000000000272,-0.44639893528105723,6894.317722021723
2025-06-11,-1,2025-06-11 22:25:00,2025-06-11 23:59:55,19,3363.349,3365.475,3413.799235,3338.0647380025944,3338.0647380025944,0.7609427614817618,session_end,0.1,0.7000000000000001,-21.95999999999749,-0.04214053710552107,6872.357722021726
2025-06-12,1,2025-06-12 07:45:00,2025-06-12 10:16:00,31,3342.377,3367.9972018970184,3292.241345,3371.270166666666,3371.270166666666,-0.8585982503824665,tp,0.1,0.7000000000000001,255.50201897018434,0.5110175961003882,7127.85974099191
2025-06-12,-1,2025-06-12 13:45:00,2025-06-12 23:59:55,111,3398.472,3395.98,3449.44908,3371.866667676767,3371.866667676767,0.7884900247716934,session_end,0.1,0.7000000000000001,24.220000000001892,0.04888471446383759,7152.079740991912
2025-06-16,1,2025-06-16 13:55:00,2025-06-16 23:59:55,109,3390.11,3402.83,3339.25835,3424.2520169660675,3424.2520169660675,-0.9986565473754495,session_end,0.1,0.7000000000000001,126.499999999998,0.2501393760084439,7278.5797409919105
2025-06-23,-1,2025-06-23 16:25:00,2025-06-23 20:40:55,52,3391.814,3369.4034798387124,3442.6912099999995,3366.339313874791,3366.339313874791,0.7563166915548786,tp,0.1,0.7000000000000001,223.40520161287424,0.44048249031909525,7501.984942604785
2025-06-24,1,2025-06-24 06:35:00,2025-06-24 23:59:55,197,3319.31,3324.204,3269.52035,3345.8833101265805,3345.8833101265805,-0.7955391046071323,session_end,0.1,0.7000000000000001,48.240000000002325,0.09829352084218741,7550.224942604787
2025-06-26,1,2025-06-26 13:40:00,2025-06-26 17:21:40,45,3311.365,3334.3921810897423,3261.694525,3337.11469105691,3337.11469105691,-0.7713007624786782,tp,0.1,0.7000000000000001,229.571810897425,0.4635989708119873,7779.796753502213
2025-06-27,1,2025-06-27 13:00:00,2025-06-27 20:57:55,96,3270.159,3274.66,3221.106615,3295.433551282053,3295.433551282053,-0.7684892105380281,session_end,0.1,0.7000000000000001,44.30999999999749,0.09175904494755459,7824.10675350221
2025-07-03,1,2025-07-03 12:40:00,2025-07-03 23:59:55,124,3320.118,3330.933,3270.31623,3350.346758771929,3350.346758771929,-0.9008696993200989,session_end,0.1,0.7000000000000001,107.45000000000054,0.21716095632745677,7931.556753502211
2025-07-07,-1,2025-07-07 22:10:00,2025-07-07 23:59:55,22,3342.739,3334.751,3392.880085,3316.7852821522283,3316.7852821522283,0.7837473829751045,session_end,0.1,0.7000000000000001,79.17999999999829,0.15931047363653716,8010.7367535022095
2025-07-08,1,2025-07-08 14:25:00,2025-07-08 23:59:55,103,3301.67,3302.339,3252.14495,3329.2231994219665,3329.2231994219665,-0.8271809299763242,session_end,0.1,0.7000000000000001,5.98999999999869,0.013508315488825685,8016.726753502207
2025-07-11,-1,2025-07-11 15:15:00,2025-07-11 20:57:55,69,3365.16,3355.204,3415.6373999999996,3340.083467213116,3340.083467213116,0.7545030845564757,session_end,0.1,0.7000000000000001,98.85999999999676,0.1972367831940576,8115.586753502204
2025-07-15,1,2025-07-15 15:35:00,2025-07-15 23:59:55,89,3326.297,3331.117,3276.402545,3355.157517825312,3355.157517825312,-0.8597515220092882,session_end,0.1,0.7000000000000001,47.500000000001634,0.09660392121730067,8163.086753502206
2025-07-16,-1,2025-07-16 15:20:00,2025-07-16 15:56:10,8,3369.493,3336.5359188481684,3420.0353949999994,3335.4436159420306,3335.4436159420306,1.0202805976187446,tp,0.1,0.7000000000000001,328.8708115183152,0.6520680539937186,8491.95756502052
2025-07-21,-1,2025-07-21 13:05:00,2025-07-21 23:59:55,119,3388.749,3396.631,3439.5802349999994,3363.305616772823,3363.305616772823,0.7567222883419531,session_end,0.1,0.7000000000000001,-79.52000000000062,-0.15506213846663602,8412.43756502052
2025-07-22,-1,2025-07-22 13:40:00,2025-07-22 23:59:55,112,3416.219,3427.556,3467.4622849999996,3390.7574837398383,3390.7574837398383,0.750422770787411,session_end,0.1,0.7000000000000001,-114.0699999999999,-0.22123874376906333,8298.36756502052
2025-07-23,1,2025-07-23 16:05:00,2025-07-23 23:59:55,83,3386.358,3390.07,3335.5626300000004,3422.7678264248675,3422.7678264248675,-1.065842858029101,session_end,0.1,0.7000000000000001,36.41999999999989,0.07307752655409346,8334.78756502052
2025-07-25,1,2025-07-25 15:45:00,2025-07-25 20:57:55,63,3327.287,3336.93,3277.3776949999997,3352.5419673721335,3352.5419673721335,-0.7551126165909596,session_end,0.1,0.7000000000000001,95.73000000000029,0.19321046446148676,8430.51756502052
2025-07-28,1,2025-07-28 13:55:00,2025-07-28 23:59:55,109,3306.571,3312.529,3256.9724349999997,3336.1194660678634,3336.1194660678634,-0.88554880508174,session_end,0.1,0.7000000000000001,58.880000000000834,0.12012444311645015,8489.397565020521
2025-07-30,1,2025-07-30 13:55:00,2025-07-30 23:59:55,109,3301.814,3285.365,3252.2867899999997,3326.993981037924,3326.993981037924,-0.7560723338031614,session_end,0.1,0.7000000000000001,-165.19000000000068,-0.33212046469001594,8324.20756502052
2025-08-01,-1,2025-08-01 12:35:00,2025-08-01 20:57:55,101,3328.082,3363.218,3378.0032299999993,3293.0018200883005,3293.0018200883005,1.067010643521519,session_end,0.1,0.7000000000000001,-352.05999999999966,-0.7038288119102903,7972.147565020521
2025-08-04,-1,2025-08-04 13:55:00,2025-08-04 23:59:55,109,3385.298,3377.505,3436.0774699999993,3359.378553892215,3359.378553892215,0.7720161836997039,session_end,0.1,0.7000000000000001,77.22999999999665,0.1534675332373446,8049.377565020518
2025-08-22,-1,2025-08-22 14:15:00,2025-08-22 20:57:55,81,3358.996,3372.397,3409.3809399999996,3331.556377192983,3331.556377192983,0.8228623412975351,session_end,0.1,0.7000000000000001,-134.7099999999984,-0.26597233220879063,7914.66756502052
2025-08-29,-1,2025-08-29 14:40:00,2025-08-29 20:57:55,76,3438.305,3448.134,3489.8795749999995,3412.2538068181834,3412.2538068181834,0.762917844206067,session_end,0.1,0.7000000000000001,-98.99000000000179,-0.19057840030674508,7815.677565020518
2025-09-01,-1,2025-09-01 02:45:00,2025-09-01 09:34:40,82,3475.492,3469.093918128655,3527.6243799999997,3449.6447020202017,3449.6447020202017,0.7503612753116019,tp,0.1,0.7000000000000001,63.280818713453115,0.12272759983997213,7878.958383733971
2025-09-02,-1,2025-09-02 15:10:00,2025-09-02 23:59:55,94,3515.633,3530.094,3568.3674949999995,3488.1058388278375,3488.1058388278375,0.7887564897230314,session_end,0.1,0.7000000000000001,-145.3100000000024,-0.2742227833982353,7733.648383733969
2025-09-03,-1,2025-09-03 16:50:00,2025-09-03 23:59:55,74,3569.477,3560.391,3623.0191549999995,3542.840084158416,3542.840084158416,0.7537290763132724,session_end,0.1,0.7000000000000001,90.15999999999785,0.1696980631429543,7823.808383733967
2025-09-04,1,2025-09-04 03:15:00,2025-09-04 06:30:50,40,3515.353,3539.413290598291,3462.622705,3548.506252136752,3548.506252136752,-0.9372324514498511,tp,0.1,0.7000000000000001,239.90290598290977,0.4562897021207837,8063.711289716876
2025-09-05,-1,2025-09-05 12:40:00,2025-09-05 20:57:55,100,3584.602,3586.695,3638.3710299999993,3552.8864078947363,3552.8864078947363,0.8903772446811373,session_end,0.1,0.7000000000000001,-21.63000000000302,-0.038925753356538556,8042.0812897168735
2025-09-08,-1,2025-09-08 13:10:00,2025-09-08 23:59:55,118,3628.737,3635.055,3683.1680549999996,3600.4731582278487,3600.4731582278487,0.7849896535838227,session_end,0.1,0.7000000000000001,-63.879999999997565,-0.11607344373537877,7978.201289716876
2025-09-15,-1,2025-09-15 15:50:00,2025-09-15 23:59:55,86,3673.755,3677.06,3728.861325,3644.677154385965,3644.677154385965,0.7989828558337903,session_end,0.1,0.7000000000000001,-33.749999999998366,-0.059974966575975654,7944.451289716877
2025-09-17,1,2025-09-17 18:55:00,2025-09-17 23:59:55,49,3647.119,3669.231,3592.4122150000003,3677.8713458149764,3677.8713458149764,-0.8376814444592675,session_end,0.1,0.7000000000000001,220.4200000000008,0.404191180307893,8164.871289716878
2025-09-18,1,2025-09-18 13:45:00,2025-09-18 23:59:55,111,3630.021,3640.3,3575.570685,3659.354431313131,3659.354431313131,-0.8028719782299968,session_end,0.1,0.7000000000000001,102.08999999999996,0.18877760394958207,8266.961289716877
2025-09-22,-1,2025-09-22 16:05:00,2025-09-22 23:59:55,83,3738.109,3747.861,3794.1806349999997,3709.7720457685664,3709.7720457685664,0.7664205207396507,session_end,0.1,0.7000000000000001,-98.21999999999953,-0.1739203788154205,8168.741289716879
2025-09-23,-1,2025-09-23 09:10:00,2025-09-23 18:55:25,118,3781.368,3766.3361842878103,3838.08852,3751.241903030301,3751.241903030301,0.8023635304720125,tp,0.1,0.7000000000000001,149.61815712189656,0.26501547785862495,8318.359446838775
2025-09-24,1,2025-09-24 16:50:00,2025-09-24 23:59:55,74,3734.883,3742.981,3678.859755,3763.689617161717,3763.689617161717,-0.7648642712314216,session_end,0.1,0.7000000000000001,80.28000000000411,0.1445471428868576,8398.639446838779
2025-09-26,-1,2025-09-26 14:20:00,2025-09-26 20:57:55,80,3777.561,3761.14,3834.2244149999997,3748.2235523255813,3748.2235523255813,0.7842101001734957,session_end,0.1,0.7000000000000001,163.51000000000278,0.2897989822886674,8562.149446838783
2025-09-30,1,2025-09-30 08:30:00,2025-09-30 14:08:55,68,3823.725,3837.146896449705,3766.3691249999997,3853.502120915033,3853.502120915033,-0.7723784749848723,tp,0.1,0.7000000000000001,133.51896449704947,0.23401083933781675,8695.668411335831
2025-10-02,1,2025-10-02 14:45:00,2025-10-02 23:47:20,97,3838.239,3863.305288766788,3780.665415,3871.528358757061,3871.528358757061,-0.8595018729952987,tp,0.1,0.7000000000000001,249.9628876678815,0.4353782861843345,8945.631299003713
2025-10-06,-1,2025-10-06 16:10:00,2025-10-06 23:59:55,82,3964.853,3969.612,4024.3257949999997,3933.5552852233686,3933.5552852233686,0.7954690479164042,session_end,0.1,0.7000000000000001,-48.29000000000015,-0.08001978047273615,8897.341299003712
2025-10-09,1,2025-10-09 16:35:00,2025-10-09 23:59:55,77,3998.737,3989.994,3938.755945,4030.650652428809,4030.650652428809,-0.7916377572832111,session_end,0.1,0.7000000000000001,-88.12999999999938,-0.14576269123642305,8809.211299003713
2025-10-10,1,2025-10-10 04:15:00,2025-10-10 05:18:40,13,3948.093,3976.269600529101,3888.871605,3979.3396699346404,3979.3396699346404,-0.786692580459079,tp,0.1,0.7000000000000001,281.0660052910105,0.4757841406657347,9090.277304294723
2025-10-10,-1,2025-10-10 15:25:00,2025-10-10 16:06:50,9,4015.189,3983.358109671848,4075.4168349999995,3982.3261036036033,3982.3261036036033,0.8271396048301979,tp,0.1,0.7000000000000001,317.6089032815178,0.5285079619440405,9407.88620757624
2025-10-10,-1,2025-10-10 19:45:00,2025-10-10 20:57:55,15,4017.795,4010.498,4078.0619249999995,3985.2241427566805,3985.2241427566805,0.8167007946711243,session_end,0.1,0.7000000000000001,72.27000000000025,0.12107802082153839,9480.156207576241
2025-10-13,-1,2025-10-13 14:40:00,2025-10-13 23:59:55,100,4098.261,4128.144,4159.734915,4067.1283617424237,4067.1283617424237,0.7628758056773888,session_end,0.1,0.7000000000000001,-299.5299999999981,-0.48610862021720946,9180.626207576242
2025-10-14,1,2025-10-14 05:50:00,2025-10-14 08:13:10,29,4116.154,4139.302068027211,4054.4116900000004,4148.510709523811,4148.510709523811,-0.7821893637472561,tp,0.1,0.7000000000000001,230.78068027210685,0.37491418813469485,9411.40688784835
2025-10-14,1,2025-10-14 13:10:00,2025-10-14 14:10:55,13,4103.8,4134.825868627451,4042.243,4136.125130801689,4136.125130801689,-0.7796096535270672,tp,0.1,0.7000000000000001,309.5586862745102,0.5040185296140308,9720.96557412286
2025-10-15,-1,2025-10-15 08:20:00,2025-10-15 09:20:50,13,4217.755,4187.367214285713,4281.021325,4184.518779999999,4184.518779999999,0.7947322439786042,tp,0.1,0.7000000000000001,303.1778571428702,0.48031532911524755,10024.143431265731
2025-10-16,-1,2025-10-16 14:15:00,2025-10-16 20:54:10,47,4265.305,4329.284575,4329.284575,4232.64073391813,4232.64073391813,0.7729870815561521,sl,0.1,0.7000000000000001,-640.4957499999939,-1.0,9383.647681265737
2025-10-16,-1,2025-10-16 22:02:00,2025-10-16 23:59:55,24,4345.177,4365.904,4410.354654999999,4245.523292998479,4245.523292998479,1.9757330536815827,session_end,0.1,0.7000000000000001,-207.9700000000077,-0.31800775894746336,9175.67768126573
2025-10-17,1,2025-10-17 01:45:00,2025-10-17 02:30:35,10,4291.003,4340.355955555556,4226.637954999999,4349.858595238095,4349.858595238095,-1.3527128284701109,tp,0.1,0.7000000000000001,492.8295555555604,0.7667664266459486,9668.50723682129
2025-10-17,1,2025-10-17 11:35:00,2025-10-17 14:03:25,30,4308.04,4243.4194,4243.4194,4347.006363309353,4347.006363309353,-0.8976490956789644,sl,0.1,0.7000000000000001,-646.906000000002,-1.0,9021.601236821287
2025-10-17,1,2025-10-17 14:10:00,2025-10-17 20:57:55,82,4237.595,4250.998,4174.031075,4338.254947058823,4338.254947058823,-2.3186845468134507,session_end,0.1,0.7000000000000001,133.3299999999934,0.21085859628711187,9154.931236821281
2025-10-20,-1,2025-10-20 12:20:00,2025-10-20 18:29:45,74,4293.158,4357.55537,4357.55537,4255.085157657659,4255.085157657659,0.8960183152557271,sl,0.1,0.7000000000000001,-644.6736999999969,-1.0,8510.257536821284
2025-10-20,-1,2025-10-20 18:35:00,2025-10-20 23:59:55,53,4360.001,4360.591,4425.4010149999995,4281.586011210764,4281.586011210764,1.830851665340463,session_end,0.1,0.7000000000000001,-6.600000000001455,-0.009021404658701564,8503.657536821282
2025-10-21,1,2025-10-21 07:35:00,2025-10-21 12:10:40,56,4301.855,4237.327174999999,4237.327174999999,4343.219247252745,4343.219247252745,-0.9522141273182214,sl,0.1,0.7000000000000001,-645.9782500000013,-1.0,7857.6792868212815
2025-10-21,1,2025-10-21 12:20:00,2025-10-21 14:02:30,21,4230.712,4167.25132,4167.25132,4313.384448198195,4313.384448198195,-1.916405764218979,sl,0.1,0.7000000000000001,-635.3068000000014,-1.0,7222.372486821279
2025-10-21,1,2025-10-21 14:10:00,2025-10-21 14:42:35,7,4172.6,4110.011,4110.011,4299.181352941174,4299.181352941174,-2.943719805041344,sl,0.1,0.7000000000000001,-626.5899999999995,-1.0,6595.78248682128
2025-10-21,1,2025-10-21 14:50:00,2025-10-21 23:59:55,98,4113.32,4093.199,4051.6202,4291.991288389511,4291.991288389511,-4.164518899957513,session_end,0.1,0.7000000000000001,-201.9099999999964,-0.326111267783683,6393.872486821284
2025-10-22,-1,2025-10-22 01:05:00,2025-10-22 06:54:40,70,4099.552,4161.045279999999,4161.045279999999,4063.8697307692305,4063.8697307692305,0.8791317536649138,sl,0.1,0.7000000000000001,-615.6327999999969,-1.0,5778.239686821287
2025-10-22,-1,2025-10-22 07:00:00,2025-10-22 08:04:00,13,4155.729,4118.419225694445,4218.064934999999,4115.327206349208,4115.327206349208,0.9829180432696807,tp,0.1,0.7000000000000001,372.3977430555504,0.5985275476425523,6150.637429876838
2025-10-22,1,2025-10-22 08:20:00,2025-10-22 11:02:25,33,4081.331,4020.111035,4020.111035,4117.68576,4117.68576,-0.8809866054470495,sl,0.1,0.7000000000000001,-612.8996500000023,-1.0,5537.737779876836
2025-10-22,1,2025-10-22 11:10:00,2025-10-22 19:03:25,95,4028.363,4082.8859137426894,3967.937555,4106.509189054726,4106.509189054726,-1.9024598620881152,tp,0.1,0.7000000000000001,544.5291374268952,0.902317123898544,6082.266917303731
2025-10-23,-1,2025-10-23 06:05:00,2025-10-23 07:37:15,19,4122.75,4093.258976190478,4184.5912499999995,4086.645837899544,4086.645837899544,0.8845557832590584,tp,0.1,0.7000000000000001,294.21023809522177,0.476882724872515,6376.477155398953
2025-10-23,-1,2025-10-23 13:10:00,2025-10-23 20:00:05,83,4133.232,4114.664093055556,4195.230479999999,4102.319635021097,4102.319635021097,0.7532534694543164,tp,0.1,0.7000000000000001,184.97906944444077,0.2994897124001151,6561.456224843394
2025-10-24,1,2025-10-24 06:15:00,2025-10-24 12:30:55,76,4083.51,4093.568835555554,4022.2573500000003,4117.638295555557,4117.638295555557,-0.8283582264224997,tp,0.1,0.7000000000000001,99.88835555553742,0.1642187816454269,6661.344580398932
2025-10-24,-1,2025-10-24 14:15:00,2025-10-24 20:01:00,70,4132.206,4101.847376388889,4194.18909,4094.562784600389,4094.562784600389,0.9206774296242823,tp,0.1,0.7000000000000001,302.886236111114,0.4897888054808422,6964.230816510046
2025-10-27,1,2025-10-27 08:55:00,2025-10-27 15:00:35,74,4040.682,3980.0717699999996,3980.0717699999996,4073.7601012461037,4073.7601012461037,-0.8131210582569899,sl,0.1,0.7000000000000001,-606.8023000000023,-1.0,6357.428516510044
2025-10-27,1,2025-10-27 15:10:00,2025-10-27 23:59:55,94,3974.687,3998.538,3915.066695,4054.937054945053,4054.937054945053,-1.9787373726850748,session_end,0.1,0.7000000000000001,237.81000000000114,0.4000482721448699,6595.238516510045
2025-10-29,-1,2025-10-29 08:00:00,2025-10-29 15:50:30,95,4001.356,3993.0721964912254,4061.37634,3969.6336631944446,3969.6336631944446,0.8004475853821124,tp,0.1,0.7000000000000001,82.13803508774781,0.1380166041840956,6677.376551597793
2025-10-29,1,2025-10-29 18:40:00,2025-10-29 23:59:55,52,3951.957,3952.868,3892.6776449999998,3992.954252976188,3992.954252976188,-1.0282049423828583,session_end,0.1,0.7000000000000001,8.410000000000583,0.015367913500409313,6685.786551597794
2025-10-30,-1,2025-10-30 04:45:00,2025-10-30 05:31:20,10,3978.851,3948.10796969697,4038.5337649999997,3944.940552631579,3944.940552631579,0.8612537227146966,tp,0.1,0.7000000000000001,306.73030303030083,0.5151073396654848,6992.516854628095
2025-10-30,-1,2025-10-30 09:05:00,2025-10-30 12:58:20,47,3989.335,3964.1954677419376,4049.1750249999996,3955.4373532110108,3955.4373532110108,0.85818946826278,tp,0.1,0.7000000000000001,250.69532258062446,0.42011232879770105,7243.212177208719
2025-10-30,-1,2025-10-30 14:00:00,2025-10-30 23:59:55,108,3995.434,4036.756,4055.3655099999996,3965.009176587304,3965.009176587304,0.7678500113560962,session_end,0.1,0.7000000000000001,-413.9199999999966,-0.6894870494669674,6829.292177208723
2025-11-04,1,2025-11-04 14:30:00,2025-11-04 23:59:55,102,3951.357,3934.828,3892.086645,3988.199377394635,3988.199377394635,-0.9271571928981919,session_end,0.1,0.7000000000000001,-165.98999999999995,-0.2788746583346762,6663.302177208723
2025-11-10,-1,2025-11-10 08:40:00,2025-11-10 23:59:55,172,4085.125,4120.053,4146.401875,4053.4052788461536,4053.4052788461536,0.7841362747446292,session_end,0.1,0.7000000000000001,-349.9799999999988,-0.5700029578858278,6313.3221772087245
2025-11-11,1,2025-11-11 15:30:00,2025-11-11 20:53:00,65,4101.613,4130.8484666666645,4040.0888050000003,4136.120451612901,4136.120451612901,-0.8335577267692093,tp,0.1,0.7000000000000001,291.6546666666425,0.47518649641274086,6604.976843875367
2025-11-12,-1,2025-11-12 15:15:00,2025-11-12 23:59:55,93,4161.764,4191.195,4224.19046,4125.054906193077,4125.054906193077,0.8909358697685795,session_end,0.1,0.7000000000000001,-295.00999999999584,-0.47145072778433594,6309.9668438753715
2025-11-13,-1,2025-11-13 08:25:00,2025-11-13 14:08:40,69,4236.971,4215.746580867851,4300.525564999999,4204.7190940594055,4204.7190940594055,0.7666958296011026,tp,0.1,0.7000000000000001,211.54419132148797,0.3339558556045341,6521.51103519686
2025-11-13,1,2025-11-13 18:35:00,2025-11-13 23:59:55,53,4165.908,4185.926,4103.41938,4212.374665919284,4212.374665919284,-1.1016628291575892,session_end,0.1,0.7000000000000001,199.4800000000003,0.3203463286595224,6720.99103519686
2025-11-14,1,2025-11-14 11:15:00,2025-11-14 13:12:15,24,4153.089,4090.792665,4090.792665,4184.9497493827175,4184.9497493827175,-0.7608036246412292,sl,0.1,0.7000000000000001,-623.66335,-1.0,6097.32768519686
2025-11-14,1,2025-11-14 13:20:00,2025-11-14 21:57:55,104,4077.155,4084.674,4015.997675,4175.840916666666,4175.840916666666,-2.364300236453359,session_end,0.1,0.7000000000000001,74.48999999999778,0.12294520729936705,6171.817685196858
2025-11-17,1,2025-11-17 05:35:00,2025-11-17 07:31:40,24,4053.342,4079.7353148148154,3992.54187,4084.85958955224,4084.85958955224,-0.7713383743428461,tp,0.1,0.7000000000000001,263.23314814815313,0.4340996444385115,6435.050833345012
2025-11-17,1,2025-11-17 19:35:00,2025-11-17 23:59:55,41,4038.561,4036.887,3977.982585,4076.7707127659583,4076.7707127659583,-0.9383704765677965,session_end,0.1,0.7000000000000001,-17.43999999999978,-0.027633605138067403,6417.610833345012
2025-11-18,-1,2025-11-18 13:40:00,2025-11-18 23:59:55,112,4065.988,4076.748,4126.977819999999,4028.3900711382134,4028.3900711382134,0.9345527170150447,session_end,0.1,0.7000000000000001,-108.30000000000219,-0.17642288499950218,6309.31083334501
2025-11-19,-1,2025-11-19 10:00:00,2025-11-19 15:53:35,71,4113.426,4092.671040350876,4175.12739,4080.2434055555577,4080.2434055555577,0.812649911995323,tp,0.1,0.7000000000000001,206.8495964912443,0.3363775054196458,6516.1604298362545
2025-11-19,1,2025-11-19 17:05:00,2025-11-19 18:52:55,22,4060.935,4090.410595870205,4000.020975,4091.8921308943077,4091.8921308943077,-0.758442058137168,tp,0.1,0.7000000000000001,294.0559587020487,0.483888494812235,6810.216388538303
2025-11-20,1,2025-11-20 02:10:00,2025-11-20 12:11:05,121,4063.577,4070.9807351598133,4002.623345,4098.049525641025,4098.049525641025,-0.8406444437890475,tp,0.1,0.7000000000000001,73.33735159813095,0.12146499106268631,6883.5537401364345
2025-11-21,-1,2025-11-21 16:55:00,2025-11-21 20:33:00,44,4093.911,4061.0472560975595,4155.319665,4056.069989326765,4056.069989326765,0.9332805097753774,tp,0.1,0.7000000000000001,327.9374390244055,0.5351646042531715,7211.49117916084
2025-11-24,-1,2025-11-24 16:15:00,2025-11-24 23:59:55,81,4095.009,4143.909,4156.4341349999995,4063.911799145297,4063.911799145297,0.7644039140129945,session_end,0.1,0.7000000000000001,-489.69999999999635,-0.7960910464421451,6721.791179160844
2025-11-28,-1,2025-11-28 18:00:00,2025-11-28 19:44:55,21,4216.981,4219.26,4280.235715,4184.2021498397435,4184.2021498397435,0.784674090412046,session_end,0.1,0.7000000000000001,-23.49000000000451,-0.03602893476004832,6698.30117916084
2025-12-02,1,2025-12-02 15:55:00,2025-12-02 20:35:45,57,4171.228,4206.207948043183,4108.6595800000005,4210.809232984291,4210.809232984291,-0.9396942676561973,tp,0.1,0.7000000000000001,349.0994804318296,0.559067146704091,7047.400659592669
2025-12-05,-1,2025-12-05 15:35:00,2025-12-05 16:10:10,8,4252.465,4220.725910652922,4316.251975,4219.786717468806,4219.786717468806,0.7756738603800257,tp,0.1,0.7000000000000001,316.69089347078335,0.49757947209564873,7364.091553063453
2025-12-10,-1,2025-12-10 20:15:00,2025-12-10 23:59:55,33,4235.105,4232.509,4298.631574999999,4203.144778463648,4203.144778463648,0.761542207643199,session_end,0.1,0.7000000000000001,25.25999999999549,0.040864787689239575,7389.351553063449
2025-12-11,-1,2025-12-11 15:45:00,2025-12-11 23:59:55,87,4254.609,4276.621,4318.428135,4221.17165520282,4221.17165520282,0.7934727022033553,session_end,0.1,0.7000000000000001,-220.81999999999715,-0.3449122273437239,7168.531553063452
2025-12-12,-1,2025-12-12 09:05:00,2025-12-12 15:29:15,77,4312.933,4299.633741441441,4377.626995,4277.760105504588,4277.760105504588,0.8242022372886931,tp,0.1,0.7000000000000001,132.29258558558905,0.2055717622409774,7300.824138649041
2025-12-12,1,2025-12-12 16:40:00,2025-12-12 17:53:20,15,4266.519,4298.023738317758,4202.521215,4299.185325000001,4299.185325000001,-0.7610238342075084,tp,0.1,0.7000000000000001,314.34738317757984,0.4922785736687254,7615.171521826621
2025-12-15,1,2025-12-15 16:25:00,2025-12-15 23:59:55,79,4295.36,4304.211,4230.9295999999995,4331.974149746195,4331.974149746195,-0.8443182826549711,session_end,0.1,0.7000000000000001,87.81000000000567,0.13737304129728423,7702.981521826627
2025-12-16,-1,2025-12-16 14:20:00,2025-12-16 16:37:10,28,4326.996,4295.507486599666,4391.9009399999995,4291.341806201552,4291.341806201552,0.8322966431346281,tp,0.1,0.7000000000000001,314.1851340033434,0.48514817824859885,8017.16665582997
2025-12-18,-1,2025-12-18 16:20:00,2025-12-18 17:09:30,10,4372.357,4332.441604065039,4437.942354999999,4330.9234353741485,4330.9234353741485,0.9588501215853024,tp,0.1,0.7000000000000001,398.45395934960544,0.6086022700488699,8415.620615179576
2025-12-22,-1,2025-12-22 16:15:00,2025-12-22 23:59:55,81,4438.266,4460.341,4504.8399899999995,4403.631122222224,4403.631122222224,0.7851787949106898,session_end,0.1,0.7000000000000001,-221.45000000000726,-0.3315859542142625,8194.170615179568
2025-12-23,1,2025-12-23 15:00:00,2025-12-23 17:04:20,25,4446.407,4479.038805555557,4379.710895,4482.07152777778,4482.07152777778,-0.795213274863802,tp,0.1,0.7000000000000001,325.6180555555664,0.48926103789054315,8519.788670735135
2025-12-24,1,2025-12-24 03:00:00,2025-12-24 10:03:00,85,4477.672,4497.763158333333,4410.50692,4513.243083333333,4513.243083333333,-0.7897332954423525,tp,0.1,0.7000000000000001,200.21158333333625,0.2991310117301088,8720.00025406847
2025-12-24,1,2025-12-24 15:45:00,2025-12-24 18:29:55,33,4453.345,4480.777,4386.544825,4492.955235449736,4492.955235449736,-0.8827093387625606,session_end,0.1,0.7000000000000001,273.6199999999979,0.41065760681015673,8993.620254068468
2025-12-26,-1,2025-12-26 16:05:00,2025-12-26 17:31:10,18,4548.839,4515.463265079364,4617.071585,4513.584467184801,4513.584467184801,0.7805998330452146,tp,0.1,0.7000000000000001,333.05734920636206,0.48914657008284723,9326.677603274831
2025-12-29,1,2025-12-29 07:05:00,2025-12-29 14:06:50,85,4455.907,4389.068395,4389.068395,4507.517903921567,4507.517903921567,-1.1446965940318738,sl,0.1,0.7000000000000001,-669.0860499999992,-1.0,8657.591553274831
2025-12-29,1,2025-12-29 14:15:00,2025-12-29 15:07:00,11,4398.744,4332.762839999999,4332.762839999999,4483.77660331384,4483.77660331384,-1.8976213768312087,sl,0.1,0.7000000000000001,-660.5116000000028,-1.0,7997.079953274829
2025-12-29,1,2025-12-29 15:15:00,2025-12-29 23:59:55,93,4342.753,4345.707,4277.611704999999,4476.358463570126,4476.358463570126,-2.98432229360787,session_end,0.1,0.7000000000000001,28.84000000000633,0.045347578674949846,8025.919953274835
2025-12-30,-1,2025-12-30 12:20:00,2025-12-30 14:40:40,29,4399.063,4369.619676136364,4465.048945,4365.55266891892,4365.55266891892,0.7673903769296644,tp,0.1,0.7000000000000001,293.7332386363567,0.4462059892244616,8319.653191911191
2025-12-31,1,2025-12-31 05:50:00,2025-12-31 09:44:00,47,4310.846,4336.725913793103,4246.183309999999,4348.709052380952,4348.709052380952,-0.8716506881553376,tp,0.1,0.7000000000000001,258.099137931037,0.40022946451970454,8577.752329842227
2026-01-02,1,2026-01-02 15:15:00,2026-01-02 21:57:55,81,4340.625,4331.821,4275.515625,4374.424802367943,4374.424802367943,-0.7739372351221332,session_end,0.1,0.7000000000000001,-88.74000000000088,-0.13521862251020053,8489.012329842228
2026-01-05,-1,2026-01-05 15:05:00,2026-01-05 23:59:55,95,4452.088,4440.433,4518.869319999999,4414.908829650092,4414.908829650092,0.8400098797248962,session_end,0.1,0.7000000000000001,115.84999999999745,0.17452485215925495,8604.862329842224
2026-01-07,1,2026-01-07 13:10:00,2026-01-07 16:22:50,39,4430.22,4460.909705782314,4363.7667,4465.0149367088625,4465.0149367088625,-0.7802311347818508,tp,0.1,0.7000000000000001,306.1970578231347,0.4618236533372069,8911.05938766536
2026-01-08,-1,2026-01-08 20:35:00,2026-01-08 23:59:55,29,4476.188,4475.695,4543.330819999999,4439.601080296896,4439.601080296896,0.822718506516398,session_end,0.1,0.7000000000000001,4.230000000003929,0.007342557253335493,8915.289387665363
2026-01-09,-1,2026-01-09 15:25:00,2026-01-09 21:57:55,79,4508.726,4509.174,4576.356889999999,4471.466782882882,4471.466782882882,0.834619129006627,session_end,0.1,0.7000000000000001,-5.180000000003202,-0.006624191992746565,8910.10938766536
2026-01-12,-1,2026-01-12 13:55:00,2026-01-12 20:46:50,83,4619.496,4591.997471887551,4688.788439999999,4582.272396207587,4582.272396207587,0.8132887041646873,tp,0.1,0.7000000000000001,274.28528112449095,0.3968474499158839,9184.394668789851
2026-01-13,-1,2026-01-13 14:50:00,2026-01-13 16:27:55,20,4633.738,4593.978427241962,4703.24407,4591.768835205991,4591.768835205991,0.9151955662881935,tp,0.1,0.7000000000000001,396.89572758038304,0.5720302235191633,9581.290396370234
2026-01-16,1,2026-01-16 15:30:00,2026-01-16 21:19:15,70,4565.327,4598.318826797386,4496.847095,4603.282560931899,4603.282560931899,-0.8238699325948207,tp,0.1,0.7000000000000001,329.2182679738533,0.48177384003942847,9910.508664344088
2026-01-20,-1,2026-01-20 06:00:00,2026-01-20 23:59:55,204,4714.613,4775.977,4785.332195,4678.012638888888,4678.012638888888,0.7836203948311402,session_end,0.1,0.7000000000000001,-614.3399999999958,-0.8677134970215634,9296.168664344092
2026-01-21,-1,2026-01-21 01:30:00,2026-01-21 07:04:20,67,4827.595,4837.103333333333,4900.008925,4788.725574074074,4788.725574074074,0.8109240198721307,tp,0.1,0.7000000000000001,-95.78333333332303,-0.13130531639228676,9200.385331010768
2026-01-21,1,2026-01-21 17:35:00,2026-01-21 18:58:35,17,4807.208,4846.597617474303,4735.09988,4848.073398894154,4848.073398894154,-0.8428688167855398,tp,0.1,0.7000000000000001,393.19617474303124,0.5462577234617015,9593.5815057538
2026-01-21,1,2026-01-21 19:35:00,2026-01-21 23:59:55,41,4805.885,4778.432,4733.796725,4846.398446099291,4846.398446099291,-0.8376724809320246,session_end,0.1,0.7000000000000001,-275.2300000000043,-0.38082475964365087,9318.351505753795
2026-01-22,-1,2026-01-22 07:20:00,2026-01-22 13:42:45,77,4836.662,4812.876609756098,4909.2119299999995,4799.666640151516,4799.666640151516,0.7719465251718879,tp,0.1,0.7000000000000001,237.1539024390193,0.32784856227844994,9555.505408192816
2026-01-22,-1,2026-01-22 15:30:00,2026-01-22 20:15:00,58,4854.116,4926.927739999999,4926.927739999999,4815.149646953404,4815.149646953404,0.8091099114904299,sl,0.1,0.7000000000000001,-728.817399999992,-1.0,8826.688008192823
2026-01-22,-1,2026-01-22 20:25:00,2026-01-22 23:59:55,31,4927.445,4959.071,5001.356674999999,4835.057714965987,4835.057714965987,1.9091351225920705,session_end,0.1,0.7000000000000001,-316.960000000002,-0.4278890987114075,8509.72800819282
2026-01-23,1,2026-01-23 08:30:00,2026-01-23 12:53:20,53,4913.43,4942.623664502164,4839.72855,4952.905983660131,4952.905983660131,-0.796108058384582,tp,0.1,0.7000000000000001,291.236645021633,0.396107057624553,8800.964653214454
2026-01-23,-1,2026-01-23 16:30:00,2026-01-23 21:57:55,66,4985.416,4988.436,5060.1972399999995,4943.893659932659,4943.893659932659,0.8404476901290521,session_end,0.1,0.7000000000000001,-30.89999999999527,-0.04038446005976303,8770.064653214458
2026-01-26,1,2026-01-26 19:20:00,2026-01-26 23:59:55,44,5040.466,5043.691,4964.85901,5079.976591954026,5079.976591954026,-0.7792770544794663,session_end,0.1,0.7000000000000001,31.549999999994544,0.042654786283641825,8801.614653214452
2026-01-27,-1,2026-01-27 20:05:00,2026-01-27 23:59:55,33,5119.079,5172.532,5195.865185,5077.854773858921,5077.854773858921,0.8115184064187559,session_end,0.1,0.7000000000000001,-535.2300000000043,-0.696127825597801,8266.384653214449
2026-01-28,-1,2026-01-28 01:50:00,2026-01-28 08:05:40,76,5220.783,5299.094744999999,5299.094744999999,5179.622151515152,5179.622151515152,0.7957597538807178,sl,0.1,0.7000000000000001,-783.8174499999907,-1.0,7482.567203214458
2026-01-28,-1,2026-01-28 08:15:00,2026-01-28 11:04:55,34,5293.378,5246.281164141412,5372.778669999999,5234.2314057239055,5234.2314057239055,1.129871602761428,tp,0.1,0.7000000000000001,470.2683585858784,0.5931541365908926,7952.835561800336
2026-01-28,-1,2026-01-28 15:05:00,2026-01-28 15:08:05,1,5293.744,5251.8450524861855,5373.150159999999,5251.8450524861855,5251.8450524861855,0.7974996804977581,tp,0.1,0.7000000000000001,418.28947513814165,0.5276536167195895,8371.125036938478
2026-01-28,-1,2026-01-28 17:00:00,2026-01-28 20:40:05,45,5299.883,5379.381245,5379.381245,5254.77869607843,5254.77869607843,0.8573872759892591,sl,0.1,0.7000000000000001,-795.6824499999977,-1.0,7575.4425869384795
2026-01-28,-1,2026-01-28 20:50:00,2026-01-28 23:13:50,17,5388.693,5469.523394999999,5469.523394999999,5264.493552,5264.493552,2.360131070020928,sl,0.1,0.7000000000000001,-809.0039499999905,-1.0,6766.438636938489
2026-01-29,1,2026-01-29 01:10:00,2026-01-29 01:19:00,2,5447.196,5495.553277777778,5365.48806,5497.384976190477,5497.384976190477,-0.9136976291095469,tp,0.1,0.7000000000000001,482.8727777777811,0.5918308279192691,7249.3114147162705
2026-01-29,-1,2026-01-29 04:40:00,2026-01-29 05:22:40,9,5563.682,5526.1373125,5647.137229999999,5521.7134642857145,5521.7134642857145,0.7597648082543603,tp,0.1,0.7000000000000001,374.74687499999783,0.44987818618437664,7624.0582897162685
2026-01-29,-1,2026-01-29 06:05:00,2026-01-29 07:28:55,17,5582.888,5537.457552434457,5666.6313199999995,5529.2377968036535,5529.2377968036535,0.9694230048729799,tp,0.1,0.7000000000000001,453.60447565542637,0.5424963754188735,8077.662765371695
2026-01-29,1,2026-01-29 08:45:00,2026-01-29 12:13:10,42,5482.501,5529.850783105021,5400.263485,5537.203176190475,5537.203176190475,-0.98881464971173,tp,0.1,0.7000000000000001,472.79783105020834,0.5757686513876416,8550.460596421903
2026-01-29,1,2026-01-29 15:05:00,2026-01-29 15:14:40,2,5458.074,5376.20289,5376.20289,5528.631848066298,5528.631848066298,-1.2752404212075934,sl,0.1,0.7000000000000001,-819.4111000000005,-1.0,7731.049496421902
2026-01-29,1,2026-01-29 15:20:00,2026-01-29 15:26:35,2,5332.543,5252.554854999999,5252.554854999999,5526.305021739129,5526.305021739129,-3.524787737428007,sl,0.1,0.7000000000000001,-800.5814500000026,-1.0,6930.4680464219
2026-01-29,1,2026-01-29 15:35:00,2026-01-29 23:59:55,89,5162.944,5438.65,5085.49984,5521.617778074866,5521.617778074866,-6.498064380688853,session_end,0.1,0.7000000000000001,2756.3599999999924,3.560061856181269,9686.828046421891
2026-01-30,1,2026-01-30 01:10:00,2026-01-30 02:00:25,11,5367.043,5286.5373549999995,5286.5373549999995,5421.566857142857,5421.566857142857,-1.0025580902178848,sl,0.1,0.7000000000000001,-805.7564500000019,-1.0,8881.07159642189
2026-01-30,1,2026-01-30 02:10:00,2026-01-30 02:15:15,2,5273.764,5194.65754,5194.65754,5380.456820512821,5380.456820512821,-1.983833790950254,sl,0.1,0.7000000000000001,-791.7645999999997,-1.0,8089.30699642189
2026-01-30,1,2026-01-30 02:25:00,2026-01-30 08:34:00,74,5163.173,5085.725405,5085.725405,5359.965166666667,5359.965166666667,-3.6713236102809264,sl,0.1,0.7000000000000001,-775.1759499999964,-1.0,7314.131046421894
2026-01-30,1,2026-01-30 08:40:00,2026-01-30 09:14:25,7,5092.351,5015.965735,5015.965735,5235.051743589743,5235.051743589743,-2.7251735145585436,sl,0.1,0.7000000000000001,-764.552649999999,-1.0,6549.578396421895
2026-01-30,1,2026-01-30 09:20:00,2026-01-30 09:44:10,5,5068.891,4992.857634999999,4992.857634999999,5224.754119047618,5224.754119047618,-2.9826019655069103,sl,0.1,0.7000000000000001,-761.0336500000024,-1.0,5788.544746421893
2026-01-30,1,2026-01-30 09:50:00,2026-01-30 17:13:45,89,4982.14,4907.4079,4907.4079,5214.602415254236,5214.602415254236,-4.458900156492563,sl,0.1,0.7000000000000001,-748.0210000000018,-1.0,5040.523746421892
2026-01-30,1,2026-01-30 17:20:00,2026-01-30 17:53:25,7,4904.82,4831.2477,4831.2477,5146.250092948716,5146.250092948716,-4.686744495359671,sl,0.1,0.7000000000000001,-736.4229999999982,-1.0,4304.100746421894
2026-01-30,1,2026-01-30 18:00:00,2026-01-30 18:18:10,4,4849.984,4777.234240000001,4777.234240000001,5136.410018518517,5136.410018518517,-5.5760641671111255,sl,0.1,0.7000000000000001,-728.197599999997,-1.0,3575.903146421897
2026-01-30,1,2026-01-30 18:25:00,2026-01-30 21:57:55,43,4717.492,4891.558,4646.72962,5128.905168174962,5128.905168174962,-8.02342126987293,session_end,0.1,0.7000000000000001,1739.959999999998,2.459866386630855,5315.863146421895
2026-02-02,1,2026-02-02 01:00:00,2026-02-02 01:08:05,2,4766.976,4695.47136,4695.47136,4817.564111111111,4817.564111111111,-1.0484263404947456,sl,0.1,0.7000000000000001,-715.7464000000011,-1.0,4600.116746421894
2026-02-02,1,2026-02-02 01:15:00,2026-02-02 02:32:00,16,4643.657,4753.412733333333,4574.002145,4792.548788888888,4792.548788888888,-3.1099795840251296,tp,0.1,0.7000000000000001,1096.857333333325,1.5757083025057315,5696.9740797552195
2026-02-02,1,2026-02-02 03:00:00,2026-02-02 03:40:40,9,4711.152,4640.48472,4640.48472,4751.589453703704,4751.589453703704,-0.8508721996634263,sl,0.1,0.7000000000000001,-707.3727999999967,-1.0,4989.601279755223
2026-02-02,1,2026-02-02 03:50:00,2026-02-02 04:02:20,3,4686.329,4616.034065,4616.034065,4738.9166521739135,4738.9166521739135,-1.1122194383759596,sl,0.1,0.7000000000000001,-703.649349999999,-1.0,4285.951929755224
2026-02-02,1,2026-02-02 04:10:00,2026-02-02 05:44:15,19,4655.306,4585.476409999999,4585.476409999999,4731.476153333334,4731.476153333334,-1.6074191408478926,sl,0.1,0.7000000000000001,-698.9959000000028,-1.0,3586.9560297552216
2026-02-02,1,2026-02-02 05:50:00,2026-02-02 06:21:45,7,4553.593,4485.289105,4485.289105,4711.348885714286,4711.348885714286,-3.3421720516546545,sl,0.1,0.7000000000000001,-683.7389500000002,-1.0,2903.2170797552217
2026-02-02,1,2026-02-02 06:30:00,2026-02-02 06:38:00,2,4486.771,4419.469435,4419.469435,4692.382705128205,4692.382705128205,-4.382831027474475,sl,0.1,0.7000000000000001,-673.7156499999976,-1.0,2229.5014297552243
2026-02-02,1,2026-02-02 06:45:00,2026-02-02 09:12:00,30,4453.042,4656.9289333333345,4386.246370000001,4683.327545267491,4683.327545267491,-4.919345124606946,tp,0.1,0.7000000000000001,2038.1693333333412,3.052399286200838,4267.670763088566
2026-02-02,-1,2026-02-02 09:40:00,2026-02-02 10:37:40,12,4702.57,4661.688712598427,4773.108549999999,4657.393922413795,4657.393922413795,0.9719078596371996,tp,0.1,0.7000000000000001,408.1128740157299,0.5795595089716672,4675.783637104296
2026-02-02,-1,2026-02-02 11:00:00,2026-02-02 11:40:15,9,4705.825,4776.412374999999,4776.412374999999,4662.540977272729,4662.540977272729,0.9292684598048346,sl,0.1,0.7000000000000001,-706.5737499999916,-1.0,3969.2098871043045
2026-02-02,-1,2026-02-02 11:50:00,2026-02-02 13:40:45,23,4776.571,4681.675985772362,4848.219564999999,4668.693399061036,4668.693399061036,2.309492008206173,tp,0.1,0.7000000000000001,948.2501422763805,1.3244510092789537,4917.460029380685
2026-02-02,-1,2026-02-02 13:55:00,2026-02-02 14:23:10,6,4719.788,4682.877184108531,4790.584819999999,4681.959374251501,4681.959374251501,0.814661612791049,tp,0.1,0.7000000000000001,368.408158914687,0.5213626246414588,5285.868188295372
2026-02-02,-1,2026-02-02 14:30:00,2026-02-02 14:39:25,2,4721.431,4792.252464999999,4792.252464999999,4683.125919540234,4683.125919540234,0.8167531925667654,sl,0.1,0.7000000000000001,-708.9146499999908,-1.0,4576.953538295382
2026-02-02,-1,2026-02-02 14:45:00,2026-02-02 15:24:20,8,4754.278,4685.918217391309,4825.59217,4684.458910546143,4684.458910546143,1.4914975408699005,tp,0.1,0.7000000000000001,682.897826086916,0.9585722249686415,5259.851364382298
2026-02-02,1,2026-02-02 15:55:00,2026-02-02 16:11:05,4,4642.651,4684.935902061859,4573.011235,4685.62954188482,4685.62954188482,-0.9169107694232687,tp,0.1,0.7000000000000001,422.1490206185961,0.6071947839263914,5682.000385000894
2026-02-02,1,2026-02-02 18:15:00,2026-02-02 19:40:30,18,4636.092,4681.241053672319,4566.55062,4683.748289954341,4683.748289954341,-1.0194567896988047,tp,0.1,0.7000000000000001,450.790536723195,0.6492401167811124,6132.7909217240895
2026-02-03,-1,2026-02-03 01:30:00,2026-02-03 02:04:35,7,4853.838,4818.382972222222,4926.64557,4811.668314814814,4811.668314814814,0.8734846717464096,tp,0.1,0.7000000000000001,353.85027777778015,0.4869689755856162,6486.64119950187
2026-02-03,1,2026-02-03 02:30:00,2026-02-03 03:38:45,14,4773.107,4801.347678294574,4701.510395,4814.154033333333,4814.154033333333,-0.8566517200692397,tp,0.1,0.7000000000000001,281.7067829457363,0.39444158413061253,6768.347982447606
2026-02-03,-1,2026-02-03 06:20:00,2026-02-03 07:39:55,16,4857.149,4930.006235,4930.006235,4808.809745614034,4808.809745614034,1.0077078726219904,sl,0.1,0.7000000000000001,-729.272349999995,-1.0,6039.0756324476115
2026-02-03,-1,2026-02-03 07:45:00,2026-02-03 19:06:20,137,4921.563,4883.731772197962,4995.386444999999,4823.166550179212,4823.166550179212,2.0425367607744733,tp,0.1,0.7000000000000001,377.61227802038485,0.5124554645484094,6416.6879104679965
2026-02-03,-1,2026-02-03 19:20:00,2026-02-03 23:59:55,44,4926.192,4947.533,5000.084879999999,4884.0025603448275,4884.0025603448275,0.859334923284911,session_end,0.1,0.7000000000000001,-214.11000000000348,-0.2888099638287277,6202.577910467993
2026-02-04,-1,2026-02-04 01:10:00,2026-02-04 09:23:10,99,5031.573,5057.017556547619,5107.046595,4990.5600476190475,4990.5600476190475,0.8200372701752716,tp,0.1,0.7000000000000001,-255.14556547618957,-0.33713190086704015,5947.432344991804
2026-02-04,1,2026-02-04 14:35:00,2026-02-04 15:31:10,12,5014.994,4939.76909,4939.76909,5053.321400952383,5053.321400952383,-0.7600526051072759,sl,0.1,0.7000000000000001,-752.9490999999991,-1.0,5194.483244991805
2026-02-04,1,2026-02-04 15:40:00,2026-02-04 23:16:30,80,4913.134,5013.015637328339,4839.43699,5048.023640070924,5048.023640070924,-2.671127349733049,tp,0.1,0.7000000000000001,998.1163732833891,1.3553010811203752,6192.599618275194
2026-02-05,1,2026-02-05 01:15:00,2026-02-05 02:45:05,19,4967.487,4892.974695,4892.974695,5008.580166666667,5008.580166666667,-0.822162475120611,sl,0.1,0.7000000000000001,-745.823050000002,-1.0,5446.776568275192
2026-02-05,1,2026-02-05 02:55:00,2026-02-05 06:09:25,39,4845.742,4915.386700913242,4773.05587,4967.150242857144,4967.150242857144,-2.441958405256012,tp,0.1,0.7000000000000001,695.7470091324165,0.9581566787672091,6142.523577407609
2026-02-05,1,2026-02-05 09:15:00,2026-02-05 16:50:00,92,4863.121,4887.228001650167,4790.174185,4915.976998498499,4915.976998498499,-1.0747710681851577,tp,0.1,0.7000000000000001,240.3700165016715,0.33047366975743997,6382.893593909281
2026-02-05,1,2026-02-05 19:35:00,2026-02-05 21:34:35,24,4836.085,4763.5437249999995,4763.5437249999995,4884.32980921986,4884.32980921986,-0.9851773139690132,sl,0.1,0.7000000000000001,-726.112750000005,-1.0,5656.780843909276
2026-02-05,1,2026-02-05 21:40:00,2026-02-05 23:59:55,16,4766.319,4703.829,4694.824215000001,4877.752741025642,4877.752741025642,-2.2865292061153224,session_end,0.1,0.7000000000000001,-625.600000000007,-0.8740497646087166,5031.180843909269
2026-02-06,-1,2026-02-06 00:35:00,2026-02-06 01:01:55,6,4734.393,4719.204347222222,4805.408895,4697.275476190477,4697.275476190477,0.7916509048279294,tp,0.1,0.7000000000000001,151.18652777777862,0.2138768057176208,5182.367371687048
2026-02-06,-1,2026-02-06 01:55:00,2026-02-06 02:38:20,9,4770.339,4841.894085,4841.894085,4727.640101449276,4727.640101449276,0.9069725620099509,sl,0.1,0.7000000000000001,-716.2508499999997,-1.0,4466.116521687049
2026-02-06,-1,2026-02-06 02:45:00,2026-02-06 06:00:00,40,4825.918,4898.306769999999,4898.306769999999,4749.901010101011,4749.901010101011,1.5993068010773936,sl,0.1,0.7000000000000001,-724.5876999999957,-1.0,3741.528821687053
2026-02-06,-1,2026-02-06 06:10:00,2026-02-06 14:37:25,102,4872.407,4945.493105,4945.493105,4795.098250000001,4795.098250000001,1.6109211109490615,sl,0.1,0.7000000000000001,-731.5610499999941,-1.0,3009.967771687059
2026-02-06,-1,2026-02-06 14:45:00,2026-02-06 21:57:55,87,4932.693,4968.557,5006.683395,4843.280638418077,4843.280638418077,1.8435822379082119,session_end,0.1,0.7000000000000001,-359.33999999999577,-0.4847115628994773,2650.6277716870636
2026-02-09,1,2026-02-09 01:40:00,2026-02-09 02:52:25,15,4983.123,5011.439137254903,4908.376155,5023.258066666667,5023.258066666667,-0.8005674033258066,tp,0.1,0.7000000000000001,282.4613725490297,0.37882719002926607,2933.0891442360935
2026-02-09,-1,2026-02-09 15:45:00,2026-02-09 23:10:00,78,5055.952,5031.41428446115,5131.7912799999995,5017.015955026454,5017.015955026454,0.7754120242446052,tp,0.1,0.7000000000000001,244.67715538850535,0.3235488989195412,3177.766299624599
2026-02-11,-1,2026-02-11 10:45:00,2026-02-11 12:41:20,24,5099.846,5060.104131578947,5176.343689999999,5053.114068475452,5053.114068475452,0.9247452341531263,tp,0.1,0.7000000000000001,396.7186842105246,0.5195172353708047,3574.484983835124
2026-02-12,1,2026-02-12 16:15:00,2026-02-12 23:59:55,81,4951.13,4920.224,4876.86305,5063.400505128205,5063.400505128205,-2.2207803829525026,session_end,0.1,0.7000000000000001,-309.7599999999995,-0.4161474249312766,3264.7249838351245
2026-02-13,-1,2026-02-13 15:10:00,2026-02-13 21:57:55,82,5010.258,5042.883,5085.411869999999,4970.9250164835175,4970.9250164835175,0.7936044777514935,session_end,0.1,0.7000000000000001,-326.95,-0.434109381193548,2937.7749838351247
2026-02-17,1,2026-02-17 05:20:00,2026-02-17 10:11:45,59,4901.236,4936.060185792349,4827.71746,4958.510651041666,4958.510651041666,-1.1548457807514672,tp,0.1,0.7000000000000001,347.54185792349455,0.4736789630527135,3285.3168417586194
2026-02-17,1,2026-02-17 14:00:00,2026-02-17 23:59:55,108,4870.951,4859.622,4797.886735,4933.320341269839,4933.320341269839,-1.2704393174213853,session_end,0.1,0.7000000000000001,-113.98999999999724,-0.15505527907520492,3171.3268417586223
2026-02-18,-1,2026-02-18 04:35:00,2026-02-18 09:04:45,54,4935.586,4914.886049382715,5009.61979,4898.5270818181825,4898.5270818181825,0.7571136703413192,tp,0.1,0.7000000000000001,206.2995061728514,0.27960139035547527,3377.626347931474
2026-02-18,-1,2026-02-18 13:10:00,2026-02-18 23:59:55,118,4955.055,4976.432,5029.380825,4916.648187763715,4916.648187763715,0.7830804801552463,session_end,0.1,0.7000000000000001,-214.46999999999497,-0.2876120110338436,3163.156347931479
2026-02-19,-1,2026-02-19 06:55:00,2026-02-19 10:03:15,38,5017.779,4989.827605555557,5093.045685,4979.4444156626505,4979.4444156626505,0.7699871940883415,tp,0.1,0.7000000000000001,278.81394444443396,0.37136476044406025,3441.9702923759132
2026-02-20,-1,2026-02-20 14:45:00,2026-02-20 15:05:55,5,5053.439,5015.926835174953,5129.240585,5015.129341807909,5015.129341807909,0.7594850620215451,tp,0.1,0.7000000000000001,374.4216482504697,0.4948730930236794,3816.391940626383
2026-02-20,-1,2026-02-20 16:35:00,2026-02-20 21:57:55,65,5067.358,5106.037,5143.368369999999,5018.028389447236,5018.028389447236,0.9824797057035926,session_end,0.1,0.7000000000000001,-387.49000000000086,-0.5088647772665831,3428.9019406263824
2026-02-23,-1,2026-02-23 14:50:00,2026-02-23 23:59:55,98,5194.608,5236.238,5272.52712,5153.494842696628,5153.494842696628,0.7975103994062583,session_end,0.1,0.7000000000000001,-417.0000000000011,-0.5342719476298031,3011.9019406263815
2026-02-24,1,2026-02-24 01:20:00,2026-02-24 05:57:40,56,5160.629,5185.098340375587,5083.219564999999,5220.5675624999985,5220.5675624999985,-1.1494930729574033,tp,0.1,0.7000000000000001,243.9934037558731,0.3161028158335887,3255.8953443822547
2026-02-24,1,2026-02-24 13:50:00,2026-02-24 18:04:20,51,5127.021,5168.053762345683,5050.115685,5176.428981927712,5176.428981927712,-0.9575226879526153,tp,0.1,0.7000000000000001,409.62762345683296,0.533549109651047,3665.522967839088
2026-02-26,1,2026-02-26 15:30:00,2026-02-26 15:46:05,4,5141.778,5181.7723730158705,5064.651330000001,5182.086621863797,5182.086621863797,-0.7813092450630348,tp,0.1,0.7000000000000001,399.24373015870225,0.5185543861270091,4064.7666979977903
2026-02-27,-1,2026-02-27 13:25:00,2026-02-27 21:57:55,103,5235.136,5279.513,5313.66304,5184.33767805383,5184.33767805383,0.9826871841668727,session_end,0.1,0.7000000000000001,-444.46999999999497,-0.565117442348515,3620.2966979977955
2026-03-02,1,2026-03-02 01:30:00,2026-03-02 02:41:10,15,5308.322,5342.833708333333,5228.69717,5352.792777777779,5352.792777777779,-0.8309919629701281,tp,0.1,0.7000000000000001,344.41708333332537,0.43342897351658577,3964.713781331121
2026-03-02,-1,2026-03-02 07:10:00,2026-03-02 14:05:00,84,5401.079,5375.575872781066,5482.095184999999,5355.222910852715,5355.222910852715,0.8598258170349982,tp,0.1,0.7000000000000001,254.33127218933515,0.3147905226459833,4219.045053520456
2026-03-02,1,2026-03-02 14:30:00,2026-03-02 23:59:55,102,5333.406,5345.778,5253.40491,5375.134377394637,5375.134377394637,-0.7767596949804079,session_end,0.1,0.7000000000000001,123.02000000000298,0.15464789292246314,4342.0650535204595
2026-03-03,1,2026-03-03 05:55:00,2026-03-03 09:27:15,43,5316.932,5237.178019999999,5237.178019999999,5359.784701877933,5359.784701877933,-0.7993642330991554,sl,0.1,0.7000000000000001,-798.2398000000042,-1.0,3543.8252535204556
2026-03-03,1,2026-03-03 09:35:00,2026-03-03 11:08:55,19,5266.702,5187.70147,5187.70147,5340.289546376811,5340.289546376811,-1.3833341008060445,sl,0.1,0.7000000000000001,-790.7053000000026,-1.0,2753.1199535204532
2026-03-03,1,2026-03-03 11:15:00,2026-03-03 11:29:45,3,5199.198,5121.21003,5121.21003,5328.19514691358,5328.19514691358,-2.419968551419716,sl,0.1,0.7000000000000001,-780.5797000000014,-1.0,1972.540253520452
2026-03-03,1,2026-03-03 11:35:00,2026-03-03 14:50:20,40,5117.47,5040.70795,5040.70795,5323.389348920863,5323.389348920863,-3.867382891364078,sl,0.1,0.7000000000000001,-768.3205000000028,-1.0,1204.2197535204486
2026-03-03,1,2026-03-03 15:00:00,2026-03-03 23:59:55,96,5038.722,5125.146,4963.14117,5285.176727777778,5285.176727777778,-4.666811357157489,session_end,0.1,0.7000000000000001,863.5399999999997,1.1434645531148588,2067.7597535204486
2026-03-04,-1,2026-03-04 02:10:00,2026-03-04 03:02:35,11,5184.444,5152.947916666667,5262.21066,5144.610102564103,5144.610102564103,0.773574608036113,tp,0.1,0.7000000000000001,314.26083333333446,0.40500753579147825,2382.0205868537832
2026-03-04,1,2026-03-04 18:15:00,2026-03-04 23:45:35,55,5124.675,5158.296756410254,5047.804875,5163.735880517502,5163.735880517502,-0.7593219603937664,tp,0.1,0.7000000000000001,335.5175641025351,0.437383917487494,2717.5381509563185
2026-03-05,1,2026-03-05 06:15:00,2026-03-05 07:02:30,10,5132.962,5172.735329365077,5055.967570000001,5175.635788888887,5175.635788888887,-0.8273628716459489,tp,0.1,0.7000000000000001,397.0332936507628,0.516574112764734,3114.5714446070815
2026-03-05,1,2026-03-05 13:25:00,2026-03-05 23:59:55,114,5104.479,5086.434,5027.911815,5166.885789855071,5166.885789855071,-1.201561102375615,session_end,0.1,0.7000000000000001,-181.15000000000072,-0.2356753745093293,2933.421444607081
2026-03-06,-1,2026-03-06 01:55:00,2026-03-06 05:49:25,47,5139.888,5117.140495169084,5216.986319999999,5090.652007246377,5090.652007246377,0.9701408126763184,tp,0.1,0.7000000000000001,226.77504830916115,0.29504540216850855,3160.1964929162423
2026-03-06,-1,2026-03-06 15:05:00,2026-03-06 21:57:55,83,5147.507,5174.558,5224.719604999999,5106.72744290976,5106.72744290976,0.8091886154529959,session_end,0.1,0.7000000000000001,-271.21000000000384,-0.35034435115873225,2888.9864929162386
2026-03-09,-1,2026-03-09 05:45:00,2026-03-09 08:32:10,34,5120.663,5089.427385620915,5197.472944999999,5079.773002415459,5079.773002415459,0.804612677871758,tp,0.1,0.7000000000000001,311.6561437908484,0.40666106946288294,3200.642636707087
2026-03-09,-1,2026-03-09 19:20:00,2026-03-09 23:59:55,44,5134.009,5139.878,5211.019135,5094.7118678160905,5094.7118678160905,0.7742073194184043,session_end,0.1,0.7000000000000001,-59.389999999996874,-0.07621074810477507,3141.2526367070905
2026-03-10,-1,2026-03-10 13:20:00,2026-03-10 18:18:35,60,5214.522,5185.0033173515985,5292.7398299999995,5171.574666666667,5171.574666666667,0.8260701253853985,tp,0.1,0.7000000000000001,294.4868264840141,0.3773907131967425,3435.7394631911047
2026-03-11,1,2026-03-11 23:00:00,2026-03-11 23:59:55,12,5139.343,5134.391,5062.252855,5188.502654040402,5188.502654040402,-0.9489472652010954,session_end,0.1,0.7000000000000001,-50.22000000000226,-0.06423648574017105,3385.5194631911027
2026-03-12,1,2026-03-12 15:15:00,2026-03-12 23:59:55,93,5124.778,5098.332,5047.90633,5164.252904371586,5164.252904371586,-0.764145465032909,session_end,0.1,0.7000000000000001,-265.1599999999991,-0.34402791041224623,3120.3594631911037
2026-03-13,1,2026-03-13 15:00:00,2026-03-13 20:57:55,72,5042.125,5021.194,4966.493125,5100.87833148148,5100.87833148148,-1.154935045556545,session_end,0.1,0.7000000000000001,-210.00999999999584,-0.2767483947740232,2910.349463191108
2026-03-18,1,2026-03-18 11:05:00,2026-03-18 12:34:25,18,4958.955,4884.570675,4884.570675,4996.533790726817,4996.533790726817,-0.7552293711462666,sl,0.1,0.7000000000000001,-744.54325,-1.0,2165.8062131911083
2026-03-18,1,2026-03-18 12:40:00,2026-03-18 20:29:10,94,4883.631,4810.376535,4810.376535,4988.446517543858,4988.446517543858,-2.10412233898296,sl,0.1,0.7000000000000001,-733.2446499999999,-1.0,1432.5615631911078
2026-03-18,1,2026-03-18 20:35:00,2026-03-18 23:59:55,29,4811.872,4836.898,4739.693920000001,4942.5694284750325,4942.5694284750325,-2.6393949617270738,session_end,0.1,0.7000000000000001,249.5599999999984,0.34672576494137763,1682.1215631911055
2026-03-19,1,2026-03-19 06:35:00,2026-03-19 07:44:35,14,4808.29,4736.16565,4736.16565,4847.315419831223,4847.315419831223,-0.8042166942909617,sl,0.1,0.7000000000000001,-721.9435000000005,-1.0,960.1780631911042
2026-03-19,1,2026-03-19 07:50:00,2026-03-19 10:20:25,31,4750.924,4679.66014,4679.66014,4834.8529219858165,4834.8529219858165,-1.7361111773249085,sl,0.1,0.7000000000000001,-713.3386000000003,-1.0,246.83946319110328
2026-03-19,1,2026-03-19 10:30:00,2026-03-19 12:14:05,21,4683.705,4613.449425,4613.449425,4803.5606164021165,4803.5606164021165,-2.499294294157111,sl,0.1,0.7000000000000001,-703.2557500000014,-1.0,-456.4162868088988
2026-03-19,1,2026-03-19 12:20:00,2026-03-19 12:46:10,6,4617.047,4547.791294999999,4547.791294999999,4783.715853603602,4783.715853603602,-3.4868783746415133,sl,0.1,0.7000000000000001,-693.2570500000049,-1.0,-1149.6733368089044
2026-03-19,1,2026-03-19 12:55:00,2026-03-19 13:02:30,2,4573.788,4505.18118,4505.18118,4774.949031182795,4774.949031182795,-4.221522153773927,sl,0.1,0.7000000000000001,-686.7681999999998,-1.0,-1836.4415368089049
2026-03-19,1,2026-03-19 13:10:00,2026-03-19 23:59:55,118,4536.217,4643.815,4468.173744999999,4770.760185654008,4770.760185654008,-4.918706380581537,session_end,0.1,0.7000000000000001,1075.2799999999995,1.5813176486045408,-761.161536808906
2026-03-20,-1,2026-03-20 03:05:00,2026-03-20 05:54:55,34,4707.055,4694.640995238097,4777.660825,4670.984995495498,4670.984995495498,0.7747082154920034,tp,0.1,0.7000000000000001,123.44004761903015,0.175821255001313,-637.7214891898766
2026-03-20,-1,2026-03-20 08:25:00,2026-03-20 08:45:50,5,4730.558,4694.000503174605,4801.516369999999,4693.281018151817,4693.281018151817,0.7906298750206743,tp,0.1,0.7000000000000001,364.87496825394993,0.5151964007261626,-272.8465209359274
2026-03-20,1,2026-03-20 10:05:00,2026-03-20 12:09:45,25,4653.583,4687.326391954025,4583.7792549999995,4692.574637741047,4692.574637741047,-0.839861713100389,tp,0.1,0.7000000000000001,336.73391954025357,0.48340374795113467,63.887398604325426
2026-03-20,1,2026-03-20 13:35:00,2026-03-20 14:15:25,9,4645.652,4575.9672199999995,4575.9672199999995,4685.671739263805,4685.671739263805,-0.853586027562582,sl,0.1,0.7000000000000001,-697.547800000005,-1.0,-633.6604013956803
2026-03-20,1,2026-03-20 14:25:00,2026-03-20 18:55:10,55,4569.023,4500.487655,4500.487655,4681.788652215799,4681.788652215799,-2.4084631022895806,sl,0.1,0.7000000000000001,-686.0534500000024,-1.0,-1319.7138513956834
2026-03-20,1,2026-03-20 19:05:00,2026-03-20 20:57:55,23,4500.742,4497.578,4433.23087,4653.2270298398835,4653.2270298398835,-3.2749429344978203,session_end,0.1,0.7000000000000001,-32.3399999999976,-0.04686634633429727,-1352.0538513956817
2026-03-23,1,2026-03-23 00:40:00,2026-03-23 01:06:10,6,4349.899,4396.45008974359,4284.650515,4423.849375,4423.849375,-1.6748733674956908,tp,0.1,0.7000000000000001,464.8108974358973,0.7134432277406851,-887.2429539597852
2026-03-23,-1,2026-03-23 01:35:00,2026-03-23 01:51:55,4,4441.432,4408.1767121212115,4508.05348,4404.255692982457,4404.255692982457,0.8463361261457873,tp,0.1,0.7000000000000001,331.85287878788296,0.4991676540177192,-555.3900751719029
2026-03-23,1,2026-03-23 02:55:00,2026-03-23 06:02:45,38,4360.102,4294.70047,4294.70047,4403.061509523808,4403.061509523808,-0.9745494000252772,sl,0.1,0.7000000000000001,-654.715300000001,-1.0,-1210.1053751719046
2026-03-23,1,2026-03-23 06:10:00,2026-03-23 06:43:10,7,4275.694,4211.558590000001,4211.558590000001,4376.152572072071,4376.152572072071,-2.297750602065041,sl,0.1,0.7000000000000001,-642.0540999999987,-1.0,-1852.159475171904
2026-03-23,1,2026-03-23 06:50:00,2026-03-23 07:08:10,4,4206.463,4143.3660549999995,4143.3660549999995,4363.531426829268,4363.531426829268,-3.5984369417814577,sl,0.1,0.7000000000000001,-631.6694500000024,-1.0,-2483.828925171907
2026-03-23,1,2026-03-23 07:15:00,2026-03-23 11:05:30,47,4130.844,4313.442294486216,4068.88134,4353.310703065134,4353.310703065134,-5.112665239088578,tp,0.1,0.7000000000000001,1825.2829448621621,2.9469085814943354,-658.5459803097456
2026-03-23,-1,2026-03-23 11:15:00,2026-03-23 22:06:10,119,4456.536,4363.68250922266,4523.38404,4314.791025925926,4314.791025925926,3.287887483348758,tp,0.1,0.7000000000000001,927.8349077734008,1.3890233846398532,269.28892746365455
2026-03-23,-1,2026-03-23 22:15:00,2026-03-23 23:59:55,21,4397.595,4441.507,4463.558925,4363.851116993463,4363.851116993463,0.7864471561115561,session_end,0.1,0.7000000000000001,-439.8199999999935,-0.6656971973696129,-170.5310725363397
2026-03-24,1,2026-03-24 00:35:00,2026-03-24 02:12:20,20,4371.674,4306.09889,4306.09889,4410.126333333334,4410.126333333334,-0.8806512647899134,sl,0.1,0.7000000000000001,-656.4510999999977,-1.0,-826.9821725363381
2026-03-24,1,2026-03-24 02:20:00,2026-03-24 02:30:35,3,4314.41,4358.741105555556,4249.69385,4360.090339285714,4360.090339285714,-1.0471764512382435,tp,0.1,0.7000000000000001,442.6110555555595,0.6850083874821944,-384.37111698077933
2026-03-24,-1,2026-03-24 06:30:00,2026-03-24 11:01:40,55,4386.86,4377.5022260101005,4452.662899999999,4354.0254294871775,4354.0254294871775,0.7568185130398661,tp,0.1,0.7000000000000001,92.87773989899215,0.142209142604646,-291.4933770817879
2026-03-24,-1,2026-03-24 11:10:00,2026-03-24 12:33:35,17,4413.36,4381.9072633333335,4479.560399999999,4377.985088308457,4377.985088308457,0.8083492971698577,tp,0.1,0.7000000000000001,313.8273666666617,0.4751139972970904,22.333989584873052
2026-03-24,-1,2026-03-24 14:35:00,2026-03-24 17:32:10,36,4415.333,4386.972858730159,4481.562994999999,4381.618503809524,4381.618503809524,0.7722487971295854,tp,0.1,0.7000000000000001,282.90141269840825,0.42820690640005266,305.23540228328056
2026-03-24,-1,2026-03-24 20:25:00,2026-03-24 23:37:00,27,4463.472,4530.424079999999,4530.424079999999,4388.782615646259,4388.782615646259,1.704524714599604,sl,0.1,0.7000000000000001,-670.2207999999912,-1.0,-364.9853977167113
2026-03-25,1,2026-03-25 06:15:00,2026-03-25 08:20:45,26,4534.854,4566.222281666667,4466.83119,4571.409826666667,4571.409826666667,-0.8000448013503896,tp,0.1,0.7000000000000001,312.9828166666692,0.461143573261186,-52.00258105004286
2026-03-25,1,2026-03-25 19:10:00,2026-03-25 23:59:55,46,4503.856,4498.201,4436.298159999999,4561.455564492755,4561.455564492755,-1.2629973848964007,session_end,0.1,0.7000000000000001,-57.249999999997456,-0.08370605099274506,-109.25258105004104
2026-03-26,1,2026-03-26 05:45:00,2026-03-26 06:15:35,7,4483.085,4415.838725,4415.838725,4519.81143236715,4519.81143236715,-0.8077313160834588,sl,0.1,0.7000000000000001,-673.1627500000043,-1.0,-782.415331050046
2026-03-26,1,2026-03-26 06:25:00,2026-03-26 14:34:25,98,4432.063,4471.923954022989,4365.582055,4511.926794372295,4511.926794372295,-1.7697160882993501,tp,0.1,0.7000000000000001,397.90954022989064,0.5995846482475379,-384.5057908201561
2026-03-26,1,2026-03-26 16:20:00,2026-03-26 19:58:00,44,4426.675,4360.274875,4360.274875,4469.561088435375,4469.561088435375,-0.9616288397217198,sl,0.1,0.7000000000000001,-664.7012500000012,-1.0,-1049.207040820158
2026-03-26,1,2026-03-26 20:05:00,2026-03-26 23:59:55,35,4353.986,4405.01,4288.67621,4453.850829183956,4453.850829183956,-2.2438409595829762,session_end,0.1,0.7000000000000001,509.54000000000343,0.7812611248635182,-539.6670408201553
2026-03-27,-1,2026-03-27 02:10:00,2026-03-27 08:26:35,76,4435.661,4434.243493399341,4502.195914999999,4401.66244871795,4401.66244871795,0.7721185274429548,tp,0.1,0.7000000000000001,13.475066006591806,0.02130470296173364,-526.1919748135642
2026-03-27,-1,2026-03-27 14:20:00,2026-03-27 15:14:10,11,4465.9,4532.888499999999,4532.888499999999,4431.748205426356,4431.748205426356,0.7704700942132778,sl,0.1,0.7000000000000001,-670.5849999999948,-1.0,-1196.7769748135597
2026-03-27,-1,2026-03-27 15:20:00,2026-03-27 20:57:55,68,4532.472,4495.682,4600.45908,4435.348302536232,4435.348302536232,2.198884750674472,session_end,0.1,0.7000000000000001,367.19999999999965,0.541132226887815,-829.5769748135608
2026-03-30,-1,2026-03-30 02:45:00,2026-03-30 11:44:50,108,4494.578,4561.99667,4561.99667,4456.613267676768,4456.613267676768,0.8516608923308707,sl,0.1,0.7000000000000001,-674.8867000000002,-1.0,-1504.4636748135617
2026-03-30,-1,2026-03-30 11:50:00,2026-03-30 14:21:30,31,4570.892,4515.306994186046,4639.455379999999,4506.539291079813,4506.539291079813,1.4212726170382552,tp,0.1,0.7000000000000001,555.1500581395401,0.8107098251858986,-949.3136166740223
2026-03-30,-1,2026-03-30 15:45:00,2026-03-30 17:31:40,22,4551.685,4519.199830158728,4619.960275,4516.892429453263,4516.892429453263,0.7721253293375206,tp,0.1,0.7000000000000001,324.1516984127218,0.4757969827477399,-625.1619182613013
2026-03-31,-1,2026-03-31 01:20:00,2026-03-31 03:22:50,25,4568.932,4562.313350000001,4637.465979999999,4527.6092499999995,4527.6092499999995,0.9120983662625111,tp,0.1,0.7000000000000001,65.48649999998524,0.0965747210361721,-559.6754182613167
2026-03-31,-1,2026-03-31 13:55:00,2026-03-31 19:02:20,62,4606.498,4675.595469999999,4675.595469999999,4564.945274451098,4564.945274451098,0.9126774373853107,sl,0.1,0.7000000000000001,-691.6746999999971,-1.0,-1251.3501182613145
2026-03-31,-1,2026-03-31 19:10:00,2026-03-31 23:59:55,46,4662.649,4696.63,4732.588735,4583.95486231884,4583.95486231884,1.7190535257866364,session_end,0.1,0.7000000000000001,-340.50999999999766,-0.48586114888767884,-1591.860118261313
2026-04-01,-1,2026-04-01 07:00:00,2026-04-01 23:59:55,189,4730.632,4784.359,4801.591479999999,4692.799583333333,4692.799583333333,0.8059989776891266,session_end,0.1,0.7000000000000001,-537.9700000000078,-0.7571504188024084,-2129.8301182613213
2026-04-02,1,2026-04-02 01:05:00,2026-04-02 01:31:15,6,4744.051,4672.890235000001,4672.890235000001,4786.632628205128,4786.632628205128,-0.8888947932710332,sl,0.1,0.7000000000000001,-712.3076499999963,-1.0,-2842.1377682613183
2026-04-02,1,2026-04-02 01:40:00,2026-04-02 05:45:30,50,4697.658,4627.193130000001,4627.193130000001,4762.1181,4762.1181,-1.3575597799643073,sl,0.1,0.7000000000000001,-705.348699999998,-1.0,-3547.486468261317
2026-04-02,1,2026-04-02 05:55:00,2026-04-02 13:58:30,97,4604.311,4651.45155788423,4535.246335,4699.707330985913,4699.707330985913,-2.0323144455439293,tp,0.1,0.7000000000000001,470.70557884230476,0.6825568166330866,-3076.780889419013
2026-04-02,-1,2026-04-02 14:40:00,2026-04-02 15:51:40,15,4687.79,4653.521312280699,4758.106849999999,4651.817418560605,4651.817418560605,0.7762789935673962,tp,0.1,0.7000000000000001,341.98687719300943,0.487346741489434,-2734.7940122260043
2026-04-06,-1,2026-04-06 02:20:00,2026-04-06 03:03:15,9,4663.196,4632.559435185184,4733.143939999999,4626.0120119047615,4626.0120119047615,0.8039643649763142,tp,0.1,0.7000000000000001,305.6656481481576,0.4379909517680742,-2429.1283640778474
2026-04-06,-1,2026-04-06 05:15:00,2026-04-06 12:23:20,86,4673.539,4661.6975382882865,4743.6420849999995,4637.243018518518,4637.243018518518,0.7833853290934044,tp,0.1,0.7000000000000001,117.71461711713236,0.16891498728926524,-2311.413746960716
2026-04-07,-1,2026-04-07 08:25:00,2026-04-07 10:48:20,29,4684.511,4654.317489664082,4754.778665,4647.79959570957,4647.79959570957,0.7900492165007902,tp,0.1,0.7000000000000001,301.2351033591829,0.42969280871818566,-2010.1786436015336
2026-04-07,1,2026-04-07 14:10:00,2026-04-07 14:33:50,5,4612.497,4653.282630268199,4543.309545,4653.8526039215685,4653.8526039215685,-0.8980538809147206,tp,0.1,0.7000000000000001,407.15630268198476,0.5894945878295182,-1603.0223409195496
2026-04-07,-1,2026-04-07 19:50:00,2026-04-07 22:39:45,22,4706.209,4776.802134999999,4776.802134999999,4656.297523809522,4656.297523809522,1.0748663704275079,sl,0.1,0.7000000000000001,-706.6313499999917,-1.0,-2309.653690919542
2026-04-07,-1,2026-04-07 22:45:00,2026-04-07 23:59:55,15,4769.809,4833.394,4841.356135,4662.104939335887,4662.104939335887,2.321281096678375,session_end,0.1,0.7000000000000001,-636.5500000000004,-0.8887148311389438,-2946.203690919543
2026-04-08,1,2026-04-08 12:25:00,2026-04-08 13:02:35,8,4770.09,4805.83779273504,4698.53865,4806.386884787469,4806.386884787469,-0.7604544882384336,tp,0.1,0.7000000000000001,356.77792735040094,0.49961031811475576,-2589.425763569143
2026-04-08,1,2026-04-08 14:35:00,2026-04-08 23:59:55,101,4754.504,4715.618,4683.1864399999995,4803.4110561904745,4803.4110561904745,-1.020702905017642,session_end,0.1,0.7000000000000001,-389.5599999999951,-0.5452514079281356,-2978.9857635691387
2026-04-09,-1,2026-04-09 13:40:00,2026-04-09 23:59:55,112,4770.215,4763.786,4841.768225,4726.067272357724,4726.067272357724,0.9369572012077094,session_end,0.1,0.7000000000000001,63.59000000000087,0.08984919966919895,-2915.3957635691386
2026-04-14,-1,2026-04-14 14:35:00,2026-04-14 23:59:55,101,4813.724,4837.137,4885.929859999999,4775.156191428571,4775.156191428571,0.8012786815247965,session_end,0.1,0.7000000000000001,-234.82999999999555,-0.3242534608686863,-3150.225763569135
2026-04-17,-1,2026-04-17 12:50:00,2026-04-17 20:57:55,98,4836.628,4833.259,4909.177419999999,4792.811796536794,4792.811796536794,0.9122766617875595,session_end,0.1,0.7000000000000001,32.98999999999687,0.04643731128380787,-3117.2357635691387
2026-04-21,1,2026-04-21 14:45:00,2026-04-21 19:43:40,60,4745.408,4674.22688,4674.22688,4791.736663841807,4791.736663841807,-0.9670432056810023,sl,0.1,0.7000000000000001,-712.511200000002,-1.0,-3829.7469635691414
2026-04-21,1,2026-04-21 19:50:00,2026-04-21 23:59:55,38,4682.004,4737.92,4611.77394,4772.914967787114,4772.914967787114,-1.9043596711980644,session_end,0.1,0.7000000000000001,558.4600000000016,0.7961832867578394,-3271.2869635691404
2026-04-23,1,2026-04-23 17:45:00,2026-04-23 18:01:50,4,4677.763,4715.684995370368,4607.596555,4716.012268388104,4716.012268388104,-0.8133093428362363,tp,0.1,0.7000000000000001,378.5199537036777,0.5404576984107982,-2892.7670098654635
2026-04-24,-1,2026-04-24 14:10:00,2026-04-24 20:57:55,82,4728.124,4708.715,4799.045859999999,4688.619635294118,4688.619635294118,0.8421426299684194,session_end,0.1,0.7000000000000001,193.38999999999652,0.273667385485939,-2699.3770098654677
2026-04-27,1,2026-04-27 15:05:00,2026-04-27 23:59:55,95,4669.152,4692.147,4599.11472,4706.231770718233,4706.231770718233,-0.7904045642137243,session_end,0.1,0.7000000000000001,229.24999999999892,0.32832514340933483,-2470.1270098654695
2026-04-28,1,2026-04-28 05:40:00,2026-04-28 11:40:25,73,4638.325,4568.750125,4568.750125,4676.181593137254,4676.181593137254,-0.810385404896774,sl,0.1,0.7000000000000001,-696.4487500000025,-1.0,-3166.5757598654727
2026-04-28,1,2026-04-28 11:50:00,2026-04-28 23:59:55,134,4559.281,4595.875,4490.891785,4646.546424882629,4646.546424882629,-1.8778662022048613,session_end,0.1,0.7000000000000001,365.2400000000005,0.5350843696626723,-2801.335759865473
2026-04-29,1,2026-04-29 12:55:00,2026-04-29 23:59:55,121,4545.304,4561.659,4477.12444,4582.907869892476,4582.907869892476,-0.8223025852221686,session_end,0.1,0.7000000000000001,162.84999999999565,0.23988127820125923,-2638.485759865478
2026-04-30,-1,2026-04-30 08:05:00,2026-04-30 23:59:55,179,4626.742,4626.536,4696.1431299999995,4568.539609965637,4568.539609965637,1.268652457514719,session_end,0.1,0.7000000000000001,1.3600000000013095,0.0029682513814995965,-2637.1257598654774
2026-05-01,1,2026-05-01 08:00:00,2026-05-01 12:25:00,54,4578.548,4598.626019015658,4509.86978,4613.558701388888,4613.558701388888,-0.7611304778308441,tp,0.1,0.7000000000000001,200.08019015658357,0.29234914672596957,-2437.0455697088946
2026-05-01,-1,2026-05-01 14:05:00,2026-05-01 20:04:05,72,4634.925,4608.735027777777,4704.448875,4598.807109467454,4598.807109467454,0.7829071686530232,tp,0.1,0.7000000000000001,261.19972222223333,0.37670472513540687,-2175.845847486662
2026-05-04,1,2026-05-04 10:05:00,2026-05-04 23:59:55,155,4560.518,4518.909,4492.11023,4596.822272727273,4596.822272727273,-0.7955772609319407,session_end,0.1,0.7000000000000001,-416.7900000000038,-0.6082496184278555,-2592.6358474866665
2026-05-05,-1,2026-05-05 13:20:00,2026-05-05 19:56:20,80,4581.194,4553.08359693166,4649.91191,4546.07594375,4546.07594375,0.7654745912866255,tp,0.1,0.7000000000000001,280.4040306834002,0.4090695288657683,-2312.231816803267
2026-05-06,-1,2026-05-06 08:00:00,2026-05-06 12:19:10,52,4681.685,4661.267131519274,4751.910275,4641.933381944444,4641.933381944444,0.8528476132282,tp,0.1,0.7000000000000001,203.47868480726612,0.29074814560322726,-2108.7531319960017
2026-05-06,-1,2026-05-06 13:50:00,2026-05-06 23:59:55,110,4700.993,4699.105,4771.507895,4663.877817269075,4663.877817269075,0.7928634535408315,session_end,0.1,0.7000000000000001,18.180000000008295,0.026774485021935395,-2090.573131995994
2026-05-07,-1,2026-05-07 06:40:00,2026-05-07 16:01:30,113,4742.497,4725.453147569445,4813.634454999999,4703.281133333333,4703.281133333333,0.8331389418538991,tp,0.1,0.7000000000000001,169.7385243055549,0.23959041591459374,-1920.83460769044
2026-05-07,1,2026-05-07 22:50:00,2026-05-07 23:59:55,14,4684.184,4704.161,4613.921240000001,4720.403192111959,4720.403192111959,-0.768264714602339,session_end,0.1,0.7000000000000001,199.06999999999863,0.2843184640056834,-1721.764607690442
2026-05-11,-1,2026-05-11 13:10:00,2026-05-11 23:59:55,118,4716.504,4767.795,4787.25156,4676.631590717299,4676.631590717299,0.8523743747919899,session_end,0.1,0.7000000000000001,-513.6100000000017,-0.7249861337974104,-2235.3746076904445
2026-05-12,1,2026-05-12 07:05:00,2026-05-12 19:24:25,148,4691.575,4703.4763376436795,4621.201375,4727.012780392157,4727.012780392157,-0.7520136298258038,tp,0.1,0.7000000000000001,118.31337643679653,0.1691164501427861,-2117.0612312536487
2026-05-14,1,2026-05-14 20:00:00,2026-05-14 23:59:55,36,4654.316,4652.432,4584.50126,4689.911298611115,4689.911298611115,-0.7553724656073051,session_end,0.1,0.7000000000000001,-19.540000000000145,-0.026985705310941785,-2136.6012312536495
2026-05-15,1,2026-05-15 05:35:00,2026-05-15 20:57:55,185,4569.546,4539.882,4501.00281,4615.789333333332,4615.789333333332,-0.9950483008756252,session_end,0.1,0.7000000000000001,-297.3400000000067,-0.4327782234821655,-2433.941231253657
2026-05-18,-1,2026-05-18 12:50:00,2026-05-18 14:40:20,23,4572.596,4541.46620075758,4641.184939999999,4537.774292207795,4537.774292207795,0.7633854299824802,tp,0.1,0.7000000000000001,310.59799242419723,0.45386033436906714,-2123.3432388294605
2026-05-19,1,2026-05-19 13:25:00,2026-05-19 23:59:55,115,4505.289,4489.556,4437.709664999999,4547.076074534165,4547.076074534165,-0.9188118661165047,session_end,0.1,0.7000000000000001,-158.03000000000173,-0.23280785464965129,-2281.373238829463
2026-05-20,-1,2026-05-20 14:35:00,2026-05-20 23:59:55,101,4524.611,4546.525,4592.480164999999,4482.22081142857,4482.22081142857,0.9547541357693546,session_end,0.1,0.7000000000000001,-219.8399999999976,-0.32288595270031734,-2501.2132388294613
2026-05-21,1,2026-05-21 13:35:00,2026-05-21 17:10:25,44,4494.388,4525.925428802588,4426.97218,4530.128672801635,4530.128672801635,-0.7973431973025253,tp,0.1,0.7000000000000001,314.67428802587784,0.4678045717249706,-2186.538950803584
2026-05-26,1,2026-05-26 18:05:00,2026-05-26 23:42:15,56,4487.845,4520.818916666665,4420.527325,4525.133906298002,4525.133906298002,-0.8226034205572325,tp,0.1,0.7000000000000001,329.0391666666499,0.4898255423507255,-1857.499784136935
2026-05-27,1,2026-05-27 10:40:00,2026-05-27 23:59:55,148,4464.064,4447.245,4397.10304,4499.321156250001,4499.321156250001,-0.7831438349550672,session_end,0.1,0.7000000000000001,-168.89000000000414,-0.2511762077485199,-2026.3897841369399
2026-05-28,1,2026-05-28 03:20:00,2026-05-28 09:21:50,73,4384.851,4397.701741071428,4319.078235,4423.558975000001,4423.558975000001,-0.8778220256462334,tp,0.1,0.7000000000000001,127.80741071428274,0.19538088555997807,-1898.5823734226578
2026-05-28,-1,2026-05-28 13:00:00,2026-05-28 16:20:35,41,4432.123,4498.604844999999,4498.604844999999,4396.3614294871795,4396.3614294871795,0.8132764124670958,sl,0.1,0.7000000000000001,-665.5184499999934,-1.0,-2564.100823422652
2026-05-28,-1,2026-05-28 16:30:00,2026-05-28 23:59:55,78,4500.391,4495.178,4567.896864999999,4409.772228956229,4409.772228956229,2.054704105776856,session_end,0.1,0.7000000000000001,51.42999999999738,0.07722291981592713,-2512.6708234226553
2026-05-29,-1,2026-05-29 14:10:00,2026-05-29 20:57:55,82,4550.957,4540.567,4619.221355,4516.27861764706,4516.27861764706,0.7705322301631987,session_end,0.1,0.7000000000000001,103.20000000000327,0.15220241954971123,-2409.4708234226528
2026-06-01,1,2026-06-01 13:25:00,2026-06-01 23:59:55,115,4466.166,4484.379,4399.1735100000005,4512.499465838509,4512.499465838509,-1.0291960406887213,session_end,0.1,0.7000000000000001,181.4299999999974,0.27186629426671316,-2228.040823422656
2026-06-02,-1,2026-06-02 06:30:00,2026-06-02 13:00:00,79,4533.021,4513.497858974358,4601.016314999999,4496.880183760683,4496.880183760683,0.8060213916797068,tp,0.1,0.7000000000000001,194.53141025641963,0.2871247971370114,-2033.5094131662372
2026-06-03,1,2026-06-03 13:45:00,2026-06-03 23:45:05,109,4427.782,4456.749380952382,4361.36527,4466.049252525254,4466.049252525254,-0.856758409093194,tp,0.1,0.7000000000000001,288.97380952381974,0.43614584687294916,-1744.5356036424182
2026-06-04,-1,2026-06-04 11:55:00,2026-06-04 14:43:35,34,4503.688,4473.841638257576,4571.24332,4467.902417249417,4467.902417249417,0.8008586448181905,tp,0.1,0.7000000000000001,297.7636174242405,0.441806237353687,-1446.7719862181784
2026-06-05,1,2026-06-05 12:55:00,2026-06-05 14:33:55,20,4417.16,4350.902599999999,4350.902599999999,4454.632301075272,4454.632301075272,-0.8402332346541339,sl,0.1,0.7000000000000001,-663.2740000000042,-1.0,-2110.0459862181833
2026-06-05,1,2026-06-05 14:40:00,2026-06-05 20:57:55,76,4348.925,4328.864,4283.691125,4446.610734848487,4446.610734848487,-2.2039198097655364,session_end,0.1,0.7000000000000001,-201.31000000000603,-0.30752427323994835,-2311.35598621819
2026-06-08,1,2026-06-08 05:35:00,2026-06-08 07:25:35,23,4287.47,4315.295127340825,4223.15795,4320.639472636817,4320.639472636817,-0.7702672913948592,tp,0.1,0.7000000000000001,277.5512734082502,0.4326580686018378,-2033.8047128099406
2026-06-08,1,2026-06-08 09:35:00,2026-06-08 11:10:40,20,4274.137,4308.282159203981,4210.024945,4310.188362318841,4310.188362318841,-0.8389740605068802,tp,0.1,0.7000000000000001,340.75159203981167,0.5325856300189001,-1693.0531207701297
2026-06-09,1,2026-06-09 14:45:00,2026-06-09 23:43:50,96,4284.976,4220.70136,4220.70136,4332.637866290016,4332.637866290016,-1.093210827947037,sl,0.1,0.7000000000000001,-643.4463999999964,-1.0,-2336.4995207701268
2026-06-10,1,2026-06-10 12:00:00,2026-06-10 13:45:45,22,4147.834,4180.361092929293,4085.61649,4184.738009259259,4184.738009259259,-0.8814413035569859,tp,0.1,0.7000000000000001,324.5709292929285,0.5227964431442672,-2011.928591477199
2026-06-10,1,2026-06-10 14:50:00,2026-06-10 20:01:35,63,4140.959,4078.844615,4078.844615,4179.458258426966,4179.458258426966,-0.9239776076026591,sl,0.1,0.7000000000000001,-621.8438499999986,-1.0,-2633.7724414771983
2026-06-10,1,2026-06-10 20:10:00,2026-06-10 23:59:55,34,4071.42,4047.346,4010.3487,4161.695443526171,4161.695443526171,-2.171553511123788,session_end,0.1,0.7000000000000001,-241.44000000000068,-0.3941949819309568,-2875.212441477199
2026-06-11,-1,2026-06-11 01:25:00,2026-06-11 02:29:45,13,4102.751,4083.222643678161,4164.292265,4069.449196078432,4069.449196078432,0.8140365520103039,tp,0.1,0.7000000000000001,194.58356321839057,0.3173213342598516,-2680.628878258809
2026-06-11,-1,2026-06-11 17:35:00,2026-06-11 19:30:55,24,4148.702,4210.93253,4210.93253,4084.1998641390205,4084.1998641390205,1.5819288480045959,sl,0.1,0.7000000000000001,-623.0052999999982,-1.0,-3303.634178258808
2026-06-11,-1,2026-06-11 19:40:00,2026-06-11 23:59:55,40,4208.715,4219.96,4271.845725,4092.910444915255,4092.910444915255,2.8291250601048072,session_end,0.1,0.7000000000000001,-113.14999999999891,-0.17812245938882998,-3416.7841782588075
2026-06-15,-1,2026-06-15 13:35:00,2026-06-15 17:10:30,44,4362.836,4331.359391585761,4428.27854,4325.662161554192,4325.662161554192,0.8592866723658714,tp,0.1,0.7000000000000001,314.0660841423931,0.48098084845483235,-3102.718094116415
2026-06-17,-1,2026-06-17 17:35:00,2026-06-17 18:02:25,6,4377.666,4336.907658950617,4443.3309899999995,4335.950448657188,4335.950448657188,0.9619010142454057,tp,0.1,0.7000000000000001,406.8834104938349,0.6207012450528648,-2695.834683622581
2026-06-17,1,2026-06-17 18:10:00,2026-06-17 19:28:50,16,4295.136,4230.70896,4230.70896,4336.741831804281,4336.741831804281,-0.9619855970749343,sl,0.1,0.7000000000000001,-644.9704000000049,-1.0,-3340.8050836225866
2026-06-17,1,2026-06-17 19:35:00,2026-06-17 23:59:55,41,4227.28,4277.931,4163.8708,4332.668272340426,4332.668272340426,-2.4360340027465894,session_end,0.1,0.7000000000000001,505.8099999999984,0.7987957583442118,-2834.995083622589
2026-06-18,1,2026-06-18 09:00:00,2026-06-18 19:18:35,124,4267.006,4203.000910000001,4203.000910000001,4308.79797530864,4308.79797530864,-0.9724748189346004,sl,0.1,0.7000000000000001,-640.7508999999966,-1.0,-3475.745983622586
2026-06-18,1,2026-06-18 19:25:00,2026-06-18 23:59:55,43,4205.564,4188.644,4142.4805400000005,4273.775313304721,4273.775313304721,-1.5959031138672797,session_end,0.1,0.7000000000000001,-169.90000000000072,-0.2682161060918364,-3645.6459836225877
2026-06-19,1,2026-06-19 04:05:00,2026-06-19 07:57:35,47,4144.475,4161.197382456141,4082.3078750000004,4179.21624489796,4179.21624489796,-0.8309272089079914,tp,0.1,0.7000000000000001,166.52382456140623,0.2689907641078888,-3479.122159061182
2026-06-22,-1,2026-06-22 01:00:00,2026-06-22 02:13:00,15,4201.093,4186.632717948718,4264.1093949999995,4168.507138888888,4168.507138888888,0.7743026468635195,tp,0.1,0.7000000000000001,143.90282051281866,0.2294685700646942,-3335.2193385483642
2026-06-23,1,2026-06-23 03:20:00,2026-06-23 13:48:45,126,4133.553,4132.55524040404,4071.549705,4168.480099999999,4168.480099999999,-0.8469058062673537,tp,0.1,0.7000000000000001,-10.677595959599056,-0.016092041494890005,-3345.896934507964
2026-06-23,1,2026-06-23 22:35:00,2026-06-23 23:59:55,17,4099.019,4099.406,4037.533715,4130.06887129987,4130.06887129987,-0.7546816353708984,session_end,0.1,0.7000000000000001,3.169999999997162,0.00629418892666294,-3342.7269345079676
2026-06-24,1,2026-06-24 02:45:00,2026-06-24 05:30:00,34,4057.573,4075.6522323232334,3996.7094049999996,4088.9922727272724,4088.9922727272724,-0.7747941452122504,tp,0.1,0.7000000000000001,180.09232323233556,0.29704509441536403,-3162.634611275633
2026-06-24,1,2026-06-24 11:20:00,2026-06-24 13:00:40,21,4041.984,3981.3542399999997,3981.3542399999997,4075.265482843137,4075.265482843137,-0.8177990607837801,sl,0.1,0.7000000000000001,-606.9976000000026,-1.0,-3769.632211275635
2026-06-24,1,2026-06-24 13:10:00,2026-06-24 23:59:55,118,3977.42,4012.41,3917.7587,4068.6039345991544,4068.6039345991544,-2.2422908709137532,session_end,0.1,0.7000000000000001,349.19999999999783,0.5864773312012923,-3420.432211275638
2026-06-25,-1,2026-06-25 13:05:00,2026-06-25 23:59:55,119,4029.111,4014.811,4089.5476649999996,3987.884607218681,3987.884607218681,1.0333647244136304,session_end,0.1,0.7000000000000001,142.29999999999728,0.23661133518866062,-3278.1322112756407
2026-06-26,-1,2026-06-26 09:25:00,2026-06-26 20:57:55,139,4048.116,4088.42,4108.83774,4016.9283834808257,4016.9283834808257,0.7753092299889913,session_end,0.1,0.7000000000000001,-403.74000000000086,-0.6637490954639989,-3681.8722112756423
2026-06-29,1,2026-06-29 14:10:00,2026-06-29 23:59:55,106,4015.79,4015.108,3955.5531499999997,4053.3640235294124,4053.3640235294124,-0.9295988051081293,session_end,0.1,0.7000000000000001,-7.51999999999789,-0.011321973177544749,-3689.392211275641
2026-06-30,1,2026-06-30 01:10:00,2026-06-30 04:01:30,35,3963.613,3974.7944722222223,3904.1588049999996,3996.8948095238097,3996.8948095238097,-0.8286385081962047,tp,0.1,0.7000000000000001,111.1147222222251,0.18806868417312625,-3578.2774890534165
2026-06-30,-1,2026-06-30 06:30:00,2026-06-30 20:31:20,169,4011.942,4011.8418970189714,4072.1211299999995,3978.360598290599,3978.360598290599,0.8463637439971914,tp,0.1,0.7000000000000001,0.30102981028612696,0.0016634168860303145,-3577.976459243131
2026-07-01,-1,2026-07-01 11:10:00,2026-07-01 13:39:50,30,4010.39,4070.5458499999995,4070.5458499999995,3980.2122213930343,3980.2122213930343,0.760481525187914,sl,0.1,0.7000000000000001,-602.2584999999965,-1.0,-4180.234959243127
2026-07-01,-1,2026-07-01 13:45:00,2026-07-01 23:59:55,111,4098.077,4035.329,4159.5481549999995,3989.6375818181828,3989.6375818181828,2.7146430210951666,session_end,0.1,0.7000000000000001,626.7800000000004,1.020771449633585,-3553.4549592431267
2026-07-02,-1,2026-07-02 12:35:00,2026-07-02 23:59:55,125,4127.152,4126.335,4189.0592799999995,4063.361121412803,4063.361121412803,1.5768443087558828,session_end,0.1,0.7000000000000001,7.470000000000073,0.013197155488013923,-3545.9849592431274
2026-07-03,-1,2026-07-03 01:10:00,2026-07-03 05:48:10,56,4172.41,4171.9656231884055,4234.996149999999,4140.732404761904,4140.732404761904,0.7624157311346693,tp,0.1,0.7000000000000001,3.743768115943385,0.007100242011920279,-3542.2411911271847
2026-07-07,-1,2026-07-07 12:10:00,2026-07-07 15:51:25,45,4169.387,4140.8320543859645,4231.927804999999,4135.166598173516,4135.166598173516,0.829915821085468,tp,0.1,0.7000000000000001,284.84945614035206,0.45658103719700077,-3257.3917349868334
2026-07-07,1,2026-07-07 19:15:00,2026-07-07 23:59:55,45,4106.115,4098.656,4044.5232749999996,4140.740499278499,4140.740499278499,-0.8384128221642352,session_end,0.1,0.7000000000000001,-75.28999999999833,-0.12110393076342325,-3332.6817349868325
2026-07-08,1,2026-07-08 08:20:00,2026-07-08 15:24:55,85,4088.866,4027.53301,4027.53301,4119.737586666666,4119.737586666666,-0.7544797699558277,sl,0.1,0.7000000000000001,-614.0298999999989,-1.0,-3946.711634986832
2026-07-08,1,2026-07-08 15:30:00,2026-07-08 18:46:30,40,4031.183,4085.6538459259273,3970.715255,4091.7417222222243,4091.7417222222243,-1.4885035849512565,tp,0.1,0.7000000000000001,544.0084592592727,0.900824826954062,-3402.70317572756
2026-07-09,-1,2026-07-09 06:35:00,2026-07-09 23:59:55,197,4104.256,4123.707,4165.81984,4072.2767721519,4072.2767721519,0.7833511726474051,session_end,0.1,0.7000000000000001,-195.2100000000002,-0.31594845285804274,-3597.913175727561
2026-07-13,1,2026-07-13 14:20:00,2026-07-13 23:59:55,104,4021.645,4000.993,3961.320325,4064.4819689922488,4064.4819689922488,-1.0533684075578265,session_end,0.1,0.7000000000000001,-207.22000000000043,-0.3423474722408384,-3805.133175727562
2026-07-14,-1,2026-07-14 12:35:00,2026-07-14 23:59:55,125,4095.965,4053.283,4157.404474999999,4018.049207505521,4018.049207505521,1.943773917666032,session_end,0.1,0.7000000000000001,426.12000000000245,0.6946999465734495,-3379.0131757275594
2026-07-15,-1,2026-07-15 13:00:00,2026-07-15 16:10:50,39,4067.882,4039.6476975945006,4128.900229999999,4035.4725726495717,4035.4725726495717,0.8075740018976498,tp,0.1,0.7000000000000001,281.6430240549942,0.4627191317332506,-3097.370151672565
2026-07-15,-1,2026-07-15 18:30:00,2026-07-15 23:59:55,54,4074.142,4058.06,4135.254129999999,4040.695480480478,4040.695480480478,0.8271229465564146,session_end,0.1,0.7000000000000001,160.1199999999988,0.26315561247824293,-2937.250151672566
2026-07-16,1,2026-07-16 12:45:00,2026-07-16 23:59:55,123,4003.048,3985.862,3943.0022799999997,4033.881958605662,4033.881958605662,-0.7658121611555596,session_end,0.1,0.7000000000000001,-172.55999999999693,-0.28621523732248816,-3109.8101516725637
2026-07-17,-1,2026-07-17 16:25:00,2026-07-17 20:57:55,55,4023.388,4017.912,4083.7388199999996,3992.1740626057563,3992.1740626057563,0.7861615476194562,session_end,0.1,0.7000000000000001,54.060000000001125,0.0907361324999419,-3055.7501516725624
2026-07-21,-1,2026-07-21 05:45:00,2026-07-21 12:43:40,84,4065.878,4052.1338991228054,4126.866169999999,4035.530512077295,4035.530512077295,0.7527507927840695,tp,0.1,0.7000000000000001,136.74100877194797,0.22535683358256173,-2919.009142900615
2026-07-22,-1,2026-07-22 14:00:00,2026-07-22 20:46:35,82,4154.606,4128.846878179381,4216.92509,4121.2206269841245,4121.2206269841245,0.8096963505759971,tp,0.1,0.7000000000000001,256.8912182061893,0.4133423934883989,-2662.1179246944266
2026-07-23,1,2026-07-23 08:20:00,2026-07-23 23:59:55,176,4089.915,4046.985,4028.566275,4121.561666666667,4121.561666666667,-0.7673709439423779,session_end,0.1,0.7000000000000001,-429.99999999999835,-0.6997700441207206,-3092.117924694425
2026-07-24,-1,2026-07-24 15:20:00,2026-07-24 19:15:45,48,4077.31,4050.7426522366527,4138.469649999999,4046.7686268115954,4046.7686268115954,0.7544877408140995,tp,0.1,0.7000000000000001,264.97347763347244,0.4343933911222123,-2827.144447060953
2026-07-29,-1,2026-07-29 18:05:00,2026-07-29 23:59:55,59,4066.883,4084.914,4127.886245,4027.324534562214,4027.324534562214,0.9928543154303434,session_end,0.1,0.7000000000000001,-181.01000000000403,-0.2955744403433037,-3008.154447060957
2026-07-30,1,2026-07-30 05:40:00,2026-07-30 08:20:45,33,4031.779,4058.250986666666,3971.302315,4066.659838235294,4066.659838235294,-0.857382707731567,tp,0.1,0.7000000000000001,264.01986666666,0.43772218445283434,-2744.134580394297
2026-07-30,-1,2026-07-30 13:50:00,2026-07-30 23:59:55,110,4095.087,4106.003,4156.5133049999995,4064.511355421684,4064.511355421684,0.7520373768311104,session_end,0.1,0.7000000000000001,-109.85999999999713,-0.17770888221259282,-2853.9945803942937
2026-07-31,1,2026-07-31 13:00:00,2026-07-31 20:57:55,96,4041.019,4043.897,3980.403715,4071.8125256410253,4071.8125256410253,-0.7557451490520392,session_end,0.1,0.7000000000000001,28.080000000001565,0.04747977345978268,-2825.914580394292
