session_date,weekday,bars,ticks,open,high,low,close,range_pct,ret_pct,trendiness,realized_vol_pct,avg_spread,median_spread
2020-02-03,Monday,276,65569,1589.5065,1590.109,1569.5305,1578.8865,1.2946471121697112,-0.6681319013165339,0.5160726000437335,0.7662925195240464,0.0928490867720306,0.0929999999998472
2020-02-04,Tuesday,276,61243,1578.8975,1579.6655,1549.1354999999999,1554.203,1.9336277370760417,-1.5640343974197224,0.8088601375696004,0.7799659388408242,0.09268727339765204,0.09200000000009823
2020-02-05,Wednesday,276,62554,1554.1865,1562.435,1547.609,1556.194,0.9539395690285575,0.12916725245007188,0.135404019964922,0.757128897148961,0.09278354898336436,0.09200000000009823
2020-02-06,Thursday,276,56070,1556.154,1568.328,1552.591,1565.8825000000002,1.0112752336851032,0.625163062267627,0.618192794052241,0.6022848893041844,0.09260221575787446,0.09200000000009823
2020-02-07,Friday,264,58059,1565.8874999999998,1574.065,1560.5205,1570.2755,0.8649727391016259,0.28022447334180445,0.32396913876482386,0.622805397617509,0.09274216072929456,0.0929999999998472
2020-02-10,Monday,275,51987,1574.1545,1577.048,1568.069,1572.0585,0.570401444076807,-0.1331508438339441,0.23343356721238376,0.4838153209430656,0.09249515046008491,0.09200000000009823
2020-02-11,Tuesday,276,51990,1572.0555,1574.0529999999999,1562.2645,1567.164,0.7498781054485599,-0.3111531367690232,0.4149382873139075,0.5929828969856554,0.09249492926004785,0.09200000000009823
2020-02-12,Wednesday,276,50254,1567.1185,1571.444,1561.95,1569.96,0.605825277412009,0.18132004695241594,0.2992942911312431,0.502449305682222,0.09253271728271646,0.0929999999998472
2020-02-13,Thursday,276,57337,1569.8964999999998,1578.3274999999999,1569.23,1577.437,0.579496801222237,0.48031828849864094,0.8288540807914466,0.5814801845858949,0.09260516786350094,0.09200000000009823
2020-02-14,Friday,264,48708,1577.396,1585.029,1573.1935,1584.121,0.7503188799768676,0.4263355555611994,0.5682058214693242,0.4257264354975977,0.09266830244721548,0.09200000000009823
2020-02-17,Monday,227,30113,1583.367,1585.6105,1578.9544999999998,1584.351,0.4203700089745572,0.062146046999852274,0.14783653846155723,0.3274981810607183,0.09274896033269278,0.0929999999998472
2020-02-18,Tuesday,276,54262,1584.3584999999998,1605.146,1584.308,1600.9234999999999,1.3152326320084733,1.0455335708427138,0.7949419330070103,0.6150687198060413,0.09357416713195589,0.0929999999998472
2020-02-19,Wednesday,276,58212,1600.9195,1612.975,1599.5965,1610.4515000000001,0.8356759974502032,0.5954078265646806,0.7124864521433862,0.5763177373288744,0.0942058805475416,0.0929999999998472
2020-02-20,Thursday,276,65088,1610.4470000000001,1623.845,1603.983,1622.2275,1.233322177010487,0.7315049796733358,0.5931175108246802,0.732644434546034,0.09295370483772276,0.0929999999998472
2020-02-21,Friday,264,67409,1622.2024999999999,1649.232,1619.0385,1643.4485,1.8612657790873743,1.3097008542398434,0.7036613840727374,0.8563530022682573,0.09338455170657112,0.0929999999998472
2020-02-24,Monday,263,91338,1666.847,1689.3429999999998,1650.9859999999999,1658.7495,2.3011710132963596,-0.4857974367173521,0.21110879370128238,1.4326558464331414,0.09521500859270592,0.0929999999998472
2020-02-25,Tuesday,276,107708,1653.99,1658.8139999999999,1625.1195,1639.9454999999998,2.037164674514346,-0.8491284711515908,0.4168187686417744,1.6939566045335566,0.09433778290152213,0.0929999999998472
2020-02-26,Wednesday,276,94709,1639.9385,1655.0065,1625.0965,1643.6775,1.8238488821379493,0.22799635474135357,0.12500835840856073,1.3792536222347813,0.09386773997569893,0.0929999999998472
2020-02-27,Thursday,276,99155,1643.6925,1660.4345,1635.4164999999998,1645.8245000000002,1.5220608477559066,0.12970795936588272,0.0852186425773459,1.392118709646032,0.09385416666666531,0.0929999999998472
2020-02-28,Friday,264,131335,1645.7965,1648.1815000000001,1563.0735,1586.2075,5.171234718265604,-3.6206784982225897,0.7001574470085047,2.3823281165860806,0.09824357591523283,0.0929999999998472
2020-03-02,Monday,276,103533,1585.0525,1610.993,1581.805,1592.087,1.8414532010769278,0.44380233462298446,0.24100657804577258,1.5106775420706549,0.09352848197458886,0.0929999999998472
2020-03-03,Tuesday,276,110811,1592.033,1652.989,1589.771,1645.827,3.970897588178139,3.3789500594522917,0.8509285330127501,1.7700955509822376,0.09517017266537059,0.0929999999998472
2020-03-04,Wednesday,276,87554,1645.8165,1649.4135,1631.9485,1636.774,1.0611754105029416,-0.5494233409374629,0.5177497852848522,1.220319279478029,0.09314688508616928,0.0929999999998472
2020-03-05,Thursday,276,80032,1636.7060000000001,1675.0085,1635.7044999999998,1674.666,2.4014086830499846,2.3192925302406056,0.9658050071239499,0.9138505100336505,0.09271911414801032,0.09200000000009823
2020-03-06,Friday,264,137276,1674.6245,1692.109,1642.453,1674.5549999999998,2.9652020497729463,-0.0041501841159054965,0.0013996294506215144,2.441247016169294,0.09604026888198645,0.0929999999998472
2020-03-09,Monday,276,155599,1700.2335,1703.15,1657.6755,1666.636,2.6746032236160526,-1.9760521128421527,0.7388206577312573,2.2863480813346304,0.11778859569305246,0.09300000000007458
2020-03-10,Tuesday,276,122872,1666.6644999999999,1671.5115,1641.757,1652.461,1.7852723208540175,-0.8522111078744312,0.47735636626392125,1.5668264059788823,0.09574033956063875,0.0929999999998472
2020-03-11,Wednesday,276,102947,1652.4479999999999,1671.313,1633.1995000000002,1643.7424999999998,2.3064871027711575,-0.5268244447026491,0.22840988101329043,1.3524922517578453,0.09376615253825565,0.0929999999998472
2020-03-12,Thursday,276,175455,1643.7845,1650.438,1560.8505,1576.9865,5.450075724646393,-4.063671363247433,0.745617413143574,2.687144909774152,0.09752689479122442,0.0929999999998472
2020-03-13,Friday,252,187306,1576.9904999999999,1597.92,1504.854,1529.4305,5.901494016609488,-3.015871053123018,0.5110351793350948,3.4711736679140017,0.09581413230809882,0.0929999999998472
2020-03-16,Monday,276,243167,1557.7240000000002,1560.9009999999998,1451.411,1507.357,7.028844647703942,-3.23337125190343,0.4600146132066882,4.52137047786582,0.09796963981504012,0.0929999999998472
2020-03-17,Tuesday,276,191258,1507.3635,1553.9485,1465.722,1537.8995,5.853034122160978,2.025788736426221,0.34610916221316795,3.4141112758639687,0.09560875137312216,0.0929999999998472
2020-03-18,Wednesday,276,213405,1537.92,1539.9605000000001,1472.8835,1498.1934999999999,4.361540262172299,-2.5831317623803716,0.5922521877841895,3.163690272261943,0.09577228446176267,0.0929999999998472
2020-03-19,Thursday,276,166822,1498.217,1498.8055,1455.5925,1471.4975,2.8842951321470762,-1.7834198917780368,0.6183208756624204,2.9343008010071965,0.09429780968157549,0.0929999999998472
2020-03-20,Friday,252,131158,1471.4805000000001,1516.1625,1471.147,1498.903,3.059197862289033,1.8635992797729837,0.6091790605458102,2.1148340878293097,0.09369406270847369,0.0929999999998472
2020-03-23,Monday,276,142183,1491.7215,1567.771,1485.203,1567.2555,5.535081447843983,5.063545708766675,0.9148096114717553,2.2714052170505155,0.10079427178549738,0.0929999999998472
2020-03-24,Tuesday,276,67704,1567.249,1640.1475,1558.2440000000001,1631.173,5.225940485525905,4.078739243094108,0.7804794666894584,3.589923122242167,1.4771257857641744,1.1620000000000346
2020-03-25,Wednesday,274,32797,1630.9135,1633.735,1600.1765,1609.775,2.0576505130406897,-1.2961141102823674,0.6299000253289064,2.1867557277397154,2.321775062955149,2.0389999999999873
2020-03-26,Thursday,276,35245,1609.8564999999999,1643.8915000000002,1597.9744999999998,1626.2185,2.852241799191442,1.0163638808800712,0.35633861097197,1.6873454183824546,2.011489965997733,1.8240000000000691
2020-03-27,Friday,252,39106,1626.2695,1630.52,1615.2635,1626.518,0.9381286434997372,0.01528037019693979,0.016288139481527377,1.2864842539632404,1.6102062937062935,1.3509999999998854
2020-03-30,Monday,276,48002,1628.1419999999998,1629.3975,1612.237,1616.726,1.053992833548914,-0.7011673428975921,0.6652486815652074,1.0898048275277428,1.2330530604388552,1.1629999999997835
2020-03-31,Tuesday,276,59796,1616.75,1618.982,1570.501,1579.387,2.9986701716406365,-2.310994278645434,0.7706730471731206,1.4004854191152063,0.7975798157141071,0.6829999999999927
2020-04-01,Wednesday,276,56684,1579.3935000000001,1599.3539999999998,1573.807,1592.0765000000001,1.6175196364933624,0.8030297706049816,0.49645750968802965,1.379821592731425,0.7901017513024927,0.6829999999999927
2020-04-02,Thursday,276,64169,1592.0774999999999,1619.625,1583.5410000000002,1613.156,2.266472580637553,1.3239619302452348,0.5841508701917796,1.228488453024001,0.7861464170514196,0.6829999999999927
2020-04-03,Friday,252,60044,1613.194,1625.296,1607.6825,1617.4989999999998,1.0918401630554142,0.2668618901384357,0.24441479546937278,1.0873639068490435,0.7791190654587564,0.6829999999999927
2020-04-06,Monday,276,63310,1619.592,1673.5955,1616.7060000000001,1663.775,3.5125821811912985,2.728032739109602,0.7766459539985441,1.2668690210462883,0.8780164130298072,0.6829999999999927
2020-04-07,Tuesday,276,58402,1663.607,1668.271,1644.3585,1648.5855000000001,1.4373887582824496,-0.9029476312614597,0.6281860951385213,1.5243022858136008,0.9368803968055893,0.7785000000000082
2020-04-08,Wednesday,276,50786,1648.5974999999999,1656.277,1643.534,1647.5774999999999,0.7729600463424178,-0.06187077197435893,0.08004394569567502,1.1089432445063185,0.7736260605293158,0.6829999999999927
2020-04-09,Thursday,252,71661,1647.571,1689.935,1646.75,1683.484,2.6211313503333056,2.1797543171128897,0.8316081972907272,1.393639095543459,0.44761458404190224,0.4329999999999927
2020-04-13,Monday,276,73605,1687.167,1722.7505,1680.576,1717.6135,2.4997229082835357,1.804593143417339,0.7219172722853847,1.0792397673888645,0.452177119484384,0.4339999999999691
2020-04-14,Tuesday,276,89179,1717.6345000000001,1747.1565,1709.6595,1726.083,2.1830604823086674,0.49186832239338263,0.2253113582419914,1.427750358796499,0.4710416359616803,0.5019999999999527
2020-04-15,Wednesday,276,89032,1726.0815,1731.1264999999999,1708.6464999999998,1716.1945,1.302371875256181,-0.5728002994064848,0.4398131672597836,1.3763297718314667,0.4622201596435861,0.4339999999999691
2020-04-16,Thursday,276,113225,1716.2305000000001,1738.6935,1703.6,1715.7585,2.044801091694861,-0.027502133309028558,0.013449784148067448,1.4905065008674505,0.4695033304551623,0.5019999999999527
2020-04-17,Friday,252,110326,1715.6775,1718.74,1680.2025,1684.1260000000002,2.2461972019799705,-1.8390111195139998,0.8187220240025918,1.5226250512178523,0.4777419354838705,0.5019999999999527
2020-04-20,Monday,276,101603,1676.078,1702.4470000000001,1672.126,1691.141,1.8090446864644807,0.8987051915245057,0.49678440684674097,1.3024389579253852,0.4437875162709991,0.4339999999999691
2020-04-21,Tuesday,272,101847,1691.145,1697.811,1661.6765,1687.9565,2.1366884566373603,-0.18854089980456887,0.08823977085610667,1.9423010030800227,0.49455762690515304,0.5019999999999527
2020-04-22,Wednesday,276,115944,1687.9585,1718.663,1680.5495,1711.7795,2.257964280519926,1.4112313780226315,0.625001639838907,1.3631835828357572,0.4677047824745451,0.5019999999999527
2020-04-23,Thursday,276,138006,1711.7855,1738.771,1707.7240000000002,1728.4585000000002,1.8137202353916304,0.9740122229099516,0.5370245112249279,1.2739202019367575,0.4626620911395536,0.5019999999999527
2020-04-24,Friday,252,110176,1728.4655,1736.432,1710.859,1728.47,1.4795204185446624,0.0002603465328065429,0.00017596684002687442,1.1365214046308432,0.44372836522323017,0.5019999999999527
2020-04-27,Monday,276,99379,1725.3075,1727.0430000000001,1706.5985,1709.9050000000002,1.1849771707362349,-0.8927394102210587,0.7533811049426322,0.9762624918496042,0.41193899285890134,0.2960000000000491
2020-04-28,Tuesday,276,128743,1709.891,1714.5645,1692.6565,1705.0345000000002,1.2812512610452889,-0.28402395240397593,0.2216770129632961,1.156442536219112,0.42706879773343137,0.5019999999999527
2020-04-29,Wednesday,276,106420,1704.9834999999998,1717.2615,1698.495,1713.7984999999999,1.1006851385951935,0.5170138010133268,0.46971997975115076,1.1127809939642785,0.39998947171692145,0.39400000000000546
2020-04-30,Thursday,276,98021,1713.7025,1721.795,1681.6245,1688.0335,2.344076641073942,-1.4978679204821197,0.6390012571414343,1.328109593126164,0.41530587366087945,0.39400000000000546
2020-05-01,Friday,252,129652,1687.9825,1705.6345000000001,1671.011,1700.4605,2.0511764784291393,0.7392256732519347,0.3603910638727969,1.25958870069755,0.42011982497475686,0.3949999999999818
2020-05-04,Monday,276,96255,1699.663,1712.5635,1695.613,1703.8015,0.9972859325642742,0.24348944467226866,0.24415208990885467,1.044781914837484,0.33883451237998935,0.29899999999997817
2020-05-05,Tuesday,276,92922,1703.8145,1711.754,1692.5985,1704.0520000000001,1.1242714509120475,0.013939310881564977,0.012398527837967362,1.004287377864446,0.28815821628771165,0.2980000000000018
2020-05-06,Wednesday,276,88521,1704.0895,1708.1825,1683.2894999999999,1689.9185,1.4607800822668076,-0.8315877775199043,0.5692765034347018,1.0887558864203952,0.28328440823434364,0.21500000000014552
2020-05-07,Thursday,276,86194,1689.9295,1722.0794999999998,1684.7175,1714.4805000000001,2.2108614590135183,1.4527824977314236,0.6571115036668341,1.0102079135423607,0.28138771593090217,0.21500000000014552
2020-05-08,Friday,252,88174,1714.4855,1723.259,1701.989,1702.7495,1.2406054177769354,-0.6845202248721324,0.5517630465444341,1.0652369592420743,0.2846472839589072,0.21500000000014552
2020-05-11,Monday,276,87129,1706.724,1712.3685,1688.2640000000001,1698.0529999999999,1.4123256015618177,-0.5080493389675219,0.35972536248418674,0.8626231512531914,0.2760444904618463,0.21500000000014552
2020-05-12,Tuesday,276,81629,1698.011,1710.9165,1694.0124999999998,1702.6754999999998,0.9955176968818356,0.2747037563360815,0.2759406057737695,0.8334528494479642,0.25123965410747334,0.21499999999991815
2020-05-13,Wednesday,276,91565,1702.6025,1719.6895,1699.4985000000001,1718.6529999999998,1.1858904236308712,0.9427038900741558,0.7949333861621507,0.9524464147867908,0.2564519960203965,0.21499999999991815
2020-05-14,Thursday,276,84794,1718.7065,1736.3375,1711.3564999999999,1732.968,1.4534767861761284,0.8297810010027931,0.5708938793483024,0.9258946429268923,0.261393810831046,0.21499999999991815
2020-05-15,Friday,252,86734,1732.96,1751.5324999999998,1728.9015,1742.3944999999999,1.3059158895762082,0.5444153356107378,0.4168839202863286,0.956966749484335,0.2698627688172047,0.21500000000014552
2020-05-18,Monday,276,90377,1758.473,1765.0155,1728.047,1734.9560000000001,2.1023069447185114,-1.337353487940948,0.6361361699825488,1.2490611964976324,0.2845894496826279,0.21500000000014552
2020-05-19,Tuesday,276,85128,1734.9625,1747.8020000000001,1726.6734999999999,1746.222,1.217807301310562,0.6489765628940042,0.5329057907565493,0.8249565793573675,0.2625933663980157,0.21499999999991815
2020-05-20,Wednesday,276,82007,1746.2305000000001,1753.967,1742.941,1747.701,0.6314172155394187,0.08420995968172024,0.13336658806456492,0.8499895416749719,0.26132540722711095,0.21499999999991815
2020-05-21,Thursday,276,84445,1747.7215,1747.7215,1717.4765,1726.1599999999999,1.7305388759021454,-1.23369198124531,0.7128946933377472,0.915553585878139,0.26079082329566516,0.21499999999991815
2020-05-22,Friday,252,72851,1726.205,1739.9270000000001,1724.5720000000001,1734.4805000000001,0.8895235502156476,0.4794042422539729,0.538944969065463,0.7714804653131061,0.25541537737118236,0.21499999999991815
2020-05-25,Monday,227,46588,1730.934,1732.9945,1722.191,1726.8115,0.624142803827297,-0.23816621546517347,0.38158929976396083,0.6143287111399612,0.24166002073530643,0.21499999999991815
2020-05-26,Tuesday,274,77392,1726.7939999999999,1735.4725,1709.259,1712.93,1.5180444222067062,-0.8028751547665678,0.5288877868273894,0.8149417069663005,0.2587347260792721,0.21499999999991815
2020-05-27,Wednesday,276,81577,1712.91,1716.0680000000002,1694.007,1711.098,1.2879252266610708,-0.10578489237613917,0.08213589592494054,0.9331155602957719,0.25975514007081096,0.21499999999991815
2020-05-28,Thursday,276,80681,1711.065,1727.464,1709.5115,1721.938,1.0492003518276554,0.635452189133671,0.6056538086617532,0.7794687092022274,0.247840730582222,0.21499999999991815
2020-05-29,Friday,252,84655,1721.9115000000002,1737.6225,1713.0575,1729.8110000000001,1.426612227167311,0.4587634149606405,0.321575412171788,0.8673610394500387,0.22655276793018755,0.21499999999991815
2020-06-01,Monday,274,84553,1739.8625000000002,1744.6085,1727.7265,1741.7565,0.9703065615817377,0.10885917709013086,0.112190498756058,0.8211358389642043,0.22970181634712367,0.21499999999991815
2020-06-02,Tuesday,276,85777,1741.7620000000002,1745.079,1721.7455,1726.843,1.3396491598737343,-0.8565464167894405,0.6393811472775247,0.8884398074742832,0.22562078669251706,0.21499999999991815
2020-06-03,Wednesday,276,98025,1726.8319999999999,1729.563,1689.567,1700.766,2.3161488784085598,-1.5094693635512781,0.6517151715171453,1.12252749294272,0.22581369150779812,0.21499999999991815
2020-06-04,Thursday,276,91515,1700.768,1721.5155,1697.905,1712.6464999999998,1.3882257897608612,0.6984197727144328,0.5031024332394401,0.979740761346313,0.21564086648873473,0.21400000000016917
2020-06-05,Friday,252,104652,1712.662,1716.0985,1670.93,1685.848,2.637327155037012,-1.565632915309622,0.5936438004361465,1.2488639679627906,0.22159012114316312,0.21400000000016917
2020-06-08,Monday,276,90512,1681.579,1700.733,1681.0715,1697.4945,1.1692284454075563,0.9464616292187323,0.8094753706482273,0.8275944682204087,0.21217365751051742,0.21400000000016917
2020-06-09,Tuesday,276,88227,1697.49,1720.851,1692.3310000000001,1713.3505,1.68012771798361,0.9343501287194623,0.5561185133239835,0.8508873089641381,0.22043640541547663,0.21400000000016917
2020-06-10,Wednesday,276,93181,1713.395,1739.838,1708.4265,1735.739,1.8332900469535591,1.3040775769743727,0.7113318370660459,1.0196035226286004,0.22043307432009057,0.21400000000016917
2020-06-11,Thursday,276,91637,1735.7345,1744.7495,1721.8335,1726.7714999999998,1.320247998757871,-0.5163808174579806,0.391124105428531,1.172899796311373,0.2273837411501674,0.21499999999991815
2020-06-12,Friday,252,81487,1726.8255,1743.0975,1722.635,1730.8875,1.184977868348602,0.23522932687756382,0.19850946854001747,0.9093881538821732,0.22994103277464972,0.21499999999991815
2020-06-15,Monday,276,92275,1732.8885,1734.1705000000002,1704.3225,1724.318,1.7224420382500192,-0.494578849129649,0.28713816671133696,1.0386572313127882,0.2308198091436413,0.21499999999991815
2020-06-16,Tuesday,276,88764,1724.3365,1732.8575,1716.8745,1726.5805,0.9269072480922473,0.13013701212032236,0.14039917412251252,1.1496396863520855,0.23156787017234798,0.21499999999991815
2020-06-17,Wednesday,276,78660,1726.5794999999998,1730.2625,1713.3015,1727.7465,0.9823468887473769,0.0675902847219108,0.068804905371154,0.7451120698402278,0.19428555247923623,0.2139999999999418
2020-06-18,Thursday,276,87116,1727.734,1737.342,1717.6725000000001,1723.63,1.138456498511922,-0.23753656523514702,0.20864790665750632,0.8649714136858342,0.1659385096737117,0.16000000000008185
2020-06-19,Friday,252,83087,1723.6309999999999,1745.321,1722.683,1743.7350000000001,1.3133901629757134,1.166374937559157,0.8880643166357602,0.6435031115411055,0.16222658175842458,0.16000000000008185
2020-06-22,Monday,276,94043,1749.286,1763.188,1743.0705,1755.4675,1.1500406451546552,0.3533727475095504,0.3072697899838397,0.9327810247225579,0.17115308015833777,0.16099999999983083
2020-06-23,Tuesday,276,98842,1755.463,1771.134,1747.605,1768.8705,1.3403301579127556,0.7637586209450172,0.5698287220026363,0.9383963005174834,0.17536978229857916,0.16099999999983083
2020-06-24,Wednesday,276,100261,1768.827,1779.397,1755.547,1762.2825,1.348351195453253,-0.3699909601108515,0.2744025157232703,1.0161390372075465,0.17519901780233296,0.16099999999983083
2020-06-25,Thursday,276,86064,1762.269,1769.0059999999999,1755.597,1765.9075,0.7608940519296361,0.20646677663852803,0.27134760235663025,0.8021170587746018,0.16928075433995152,0.16099999999983083
2020-06-26,Friday,252,82515,1765.9105,1772.0645,1747.6145000000001,1771.4785,1.3845548797631488,0.31530476771048044,0.22773006134969428,0.7649666482253875,0.16523975214489986,0.16099999999983083
2020-06-29,Monday,276,79747,1771.5565000000001,1775.011,1765.8715,1773.0625,0.5159022588328398,0.08500998980274453,0.16477925488263673,0.6746034148042255,0.16175715352077566,0.16000000000008185
2020-06-30,Tuesday,276,81828,1773.0755,1785.9275,1765.1354999999999,1783.2115,1.172651700392913,0.5716620640237806,0.4874951904578635,0.7317789173805112,0.16229948408204184,0.16000000000008185
2020-07-01,Wednesday,276,89275,1783.194,1789.2404999999999,1759.408,1768.4189999999999,1.6729811787163922,-0.8285694097221106,0.49526523087237406,0.9800125201325962,0.16727055736065988,0.16099999999983083
2020-07-02,Thursday,276,83175,1768.4209999999998,1779.585,1757.728,1775.8435,1.2359613463083718,0.4197247148727666,0.33959372283479605,0.822996371309216,0.16232155566853043,0.16000000000008185
2020-07-03,Friday,202,45896,1775.7965,1777.1999999999998,1772.8295,1776.033,0.24611491237874192,0.013317967458544838,0.054112801738929385,0.40856930096918564,0.1531845553145336,0.16000000000008185
2020-07-06,Monday,276,83656,1775.4920000000002,1787.0785,1770.317,1785.9445,0.9440481849538082,0.5887100589582984,0.6236017062911929,0.5519608840989213,0.1444872001487639,0.1430000000000291
2020-07-07,Tuesday,276,82133,1785.9835,1797.4415,1773.8435,1794.5315,1.3212888025001326,0.4786158438753774,0.36223408763454606,0.6635222322766614,0.15889675349188362,0.16000000000008185
2020-07-08,Wednesday,276,79440,1794.513,1818.069,1791.731,1809.252,1.467696249623155,0.8213370424176383,0.5596096894221297,0.7925258468853363,0.16281220598381704,0.16099999999983083
2020-07-09,Thursday,276,87031,1809.2485,1815.984,1795.8564999999999,1804.0230000000001,1.1124784682701163,-0.28882157426134575,0.25961992299092135,0.9825811624637271,0.16573803589232383,0.16099999999983083
2020-07-10,Friday,252,75629,1804.027,1810.5425,1794.2855,1798.8854999999999,0.901150592535481,-0.2850012776970732,0.316263763301972,0.6718029836719261,0.15824389421130938,0.16000000000008185
2020-07-13,Monday,276,83119,1800.1925,1813.5005,1800.0895,1802.4679999999998,0.7449758845234639,0.12640314855215418,0.1696741480873707,0.7163169294969998,0.16105435522813227,0.16000000000008185
2020-07-14,Tuesday,276,90362,1802.4805000000001,1810.9945,1791.502,1809.632,1.0814264010068382,0.3967587998871523,0.36688469924329453,0.7960804307079637,0.16573715880893353,0.16099999999983083
2020-07-15,Wednesday,276,75944,1809.6100000000001,1814.874,1802.6280000000002,1813.2215,0.6767203983178622,0.19957338874121927,0.29491262453046035,0.619017927888672,0.16066225542961968,0.16000000000008185
2020-07-16,Thursday,276,75028,1813.223,1813.4215,1795.067,1798.4775,1.0122582826271185,-0.813220436758192,0.8033724699664965,0.6356994341842244,0.1563218066779428,0.16000000000008185
2020-07-17,Friday,252,63344,1798.48,1811.9485,1796.0365000000002,1809.963,0.8847471197900343,0.6384836083804072,0.7216566113624991,0.4493877186399354,0.1558486560054437,0.16000000000008185
2020-07-20,Monday,276,70739,1809.167,1820.5459999999998,1805.926,1818.1185,0.808106714305528,0.4947857218266818,0.6122777017783988,0.5375740562877745,0.1619323289391084,0.16000000000008185
2020-07-21,Tuesday,276,85684,1818.1115,1847.4434999999999,1815.8935000000001,1843.1785,1.7353171133893452,1.378738322704631,0.7945166402535728,0.7858412056326045,0.169508586607362,0.16099999999983083
2020-07-22,Wednesday,276,114026,1843.2115,1874.828,1842.7815,1870.0735,1.7386230500406452,1.4573476782235832,0.8382194623437862,1.3831549791768227,0.1826114122160652,0.1610000000000582
2020-07-23,Thursday,276,111126,1870.0705,1898.3875,1863.856,1885.659,1.8465346627306323,0.8335781993245744,0.4514284059481935,1.1870882788994876,0.17840625382450098,0.16099999999983083
2020-07-24,Friday,252,89218,1885.6599999999999,1906.6145000000001,1881.787,1901.3415,1.3166477519807442,0.8316186375062389,0.631618165340855,0.8648558520715858,0.17542967552801716,0.16099999999983083
2020-07-27,Monday,276,119372,1913.7595000000001,1966.96,1912.625,1965.1965,2.839175977963795,2.687746292049753,0.9466642127542075,1.2571379773381417,0.19865687106156021,0.1610000000000582
2020-07-28,Tuesday,276,145717,1965.2445,1981.116,1907.316,1956.2694999999999,3.75525793355483,-0.45668617823380936,0.12161246612466317,2.3463374317085193,0.23149227493917277,0.1610000000000582
2020-07-29,Wednesday,276,113808,1956.3225,1980.8564999999999,1941.7275,1966.6815000000001,2.000130346606958,0.5295139221677484,0.264739707122599,1.6516509809707907,0.19609786738570964,0.1610000000000582
2020-07-30,Thursday,276,118400,1966.6855,1970.7365,1939.6950000000002,1957.1075,1.5783662410690378,-0.4870122853908251,0.30855467680363485,1.151014528338273,0.19212542871141564,0.1610000000000582
2020-07-31,Friday,252,115379,1957.1235,1983.0955,1956.1705000000002,1975.156,1.3757435338137696,0.921377726035175,0.6697307335190421,1.0682630686539085,0.19188056330543368,0.1610000000000582
2020-08-03,Monday,276,90873,1982.0285,1982.463,1960.726,1975.4355,1.0967047143872983,-0.3326390109930229,0.3033077241569624,0.8587208136795657,0.186328281883379,0.1610000000000582
2020-08-04,Tuesday,276,102821,1975.4625,2031.042,1968.1235000000001,2031.042,3.185000980782969,2.8134930427684566,0.8833570412517786,1.1736525533167237,0.185390095729014,0.1610000000000582
2020-08-05,Wednesday,276,129144,2030.97,2055.6705,2009.7535,2036.6205,2.2608408789888648,0.2782168126560198,0.12305899775682096,1.3381879439883604,0.20220444118186845,0.1610000000000582
2020-08-06,Thursday,276,125529,2036.6025,2074.6925,2034.876,2069.2740000000003,1.9550452285117068,1.6042158447709054,0.8205517812967054,1.235837734250214,0.199698216568264,0.1610000000000582
2020-08-07,Friday,252,154353,2069.3365000000003,2072.6009999999997,2015.695,2035.058,2.749963575281242,-1.6564971429248139,0.6023705760376853,1.5307494652359765,0.19288482717441818,0.1610000000000582
2020-08-10,Monday,276,122199,2027.2685000000001,2049.9475,2019.505,2028.2785,1.5016511133083805,0.049820731688957995,0.03317730146997651,0.989778832683591,0.13889493064931865,0.11300000000005639
2020-08-11,Tuesday,276,213666,2028.2795,2028.2795,1901.6619999999998,1909.2649999999999,6.24260611025257,-5.867756391562416,0.9399530080755026,2.3476824709775097,0.15871779029620203,0.11300000000005639
2020-08-12,Wednesday,276,214821,1909.237,1949.3490000000002,1864.5615,1922.0245,4.440910164636456,0.6697701752061116,0.15081822202565104,2.738304303441106,0.17826229607617106,0.11300000000005639
2020-08-13,Thursday,276,158101,1921.9940000000001,1966.3425,1920.1985,1957.5720000000001,2.400839960998838,1.8510983905256715,0.7710211511789176,1.6819384177910568,0.1497778183811425,0.11300000000005639
2020-08-14,Friday,252,134906,1957.5439999999999,1961.5659999999998,1932.5465,1944.5265,1.4824443281990025,-0.6649914382511928,0.44857768052516345,1.2468413308381405,0.14111826955074896,0.11300000000005639
2020-08-17,Monday,276,126000,1932.7735,1990.7440000000001,1930.1755,1983.8739999999998,3.133760888174433,2.64389490025602,0.8436811213749674,1.1481999788335886,0.14003284313725511,0.11300000000005639
2020-08-18,Tuesday,276,142530,1983.8870000000002,2015.6354999999999,1976.1985,2005.3400000000001,1.9878652362760527,1.0813619928957634,0.5439815401780062,1.558214316051591,0.1448620710709488,0.11300000000005639
2020-08-19,Wednesday,276,171673,2005.3355000000001,2006.0345,1924.8220000000001,1927.8975,4.049821089787712,-3.861598221345012,0.9535231645374816,2.018555815627109,0.1615313467257386,0.11300000000005639
2020-08-20,Thursday,276,160788,1927.867,1955.328,1925.0845,1952.9470000000001,1.5687544835821163,1.3009196173802526,0.8292690991452749,1.647333858649241,0.149289096916299,0.11300000000005639
2020-08-21,Friday,252,142079,1952.9385,1955.9835,1911.7445,1940.2624999999998,2.2652531044884427,-0.6490731786996957,0.2865345057528459,1.5334219678471288,0.13757294376625986,0.11300000000005639
2020-08-24,Monday,276,117949,1935.2455,1961.8615,1923.966,1929.989,1.9581753322769686,-0.27161928551183606,0.1387104009710902,1.3138454388724896,0.13355571270446479,0.11300000000005639
2020-08-25,Tuesday,276,115867,1929.9395,1937.5659999999998,1914.4515000000001,1929.746,1.1976800309025064,-0.010026221029201077,0.008371368621422086,1.0716947767777778,0.1300527935023386,0.11299999999982901
2020-08-26,Wednesday,276,121897,1929.714,1954.83,1902.827,1953.6550000000002,2.6948552998008997,1.2406501688851437,0.46037728592581756,1.292803704965074,0.130916356309909,0.11299999999982901
2020-08-27,Thursday,276,148514,1953.6535,1976.6025,1910.253,1928.2024999999999,3.3961754221001854,-1.3027386893325772,0.38358992908763456,2.3070710507997623,0.13840404102438042,0.11300000000005639
2020-08-28,Friday,252,111253,1928.1605,1973.8925,1923.4795,1964.8305,2.61456450331806,1.9018126343735429,0.7273917441929674,1.261201125925124,0.13492992272848378,0.11300000000005639
2020-08-31,Monday,276,106961,1973.2505,1976.435,1954.4575,1967.9185,1.1137714142223687,-0.27021404530241383,0.24261176202935347,1.007273581801655,0.14259017202046995,0.11300000000005639
2020-09-01,Tuesday,276,134892,1967.9445,1992.451,1963.295,1972.615,1.4815458464402806,0.2373288474344651,0.16019001234737124,1.2559515074063867,0.1386841495395518,0.11300000000005639
2020-09-02,Wednesday,276,143375,1972.6455,1973.3235,1932.8235,1944.8305,2.053080495203015,-1.4100354067672094,0.6867901234567915,1.2547319787373203,0.13562783882783788,0.11300000000005639
2020-09-03,Thursday,276,146868,1944.8435,1950.9865,1922.1100000000001,1928.0715,1.4847724251334287,-0.862383014365934,0.580818312468617,1.1960824078832544,0.13359762371386638,0.11300000000005639
2020-09-04,Friday,252,143048,1928.03,1949.0755,1916.414,1933.7575,1.6940348438561605,0.29706487969585343,0.1753593680633154,1.3228796945440433,0.13446250582207697,0.11300000000005639
2020-09-07,Monday,228,69580,1934.4985000000001,1941.3580000000002,1924.5725,1930.728,0.8676925828580474,-0.19490839615539032,0.22462839951148564,0.6401216086555531,0.13317704572803835,0.11300000000005639
2020-09-08,Tuesday,276,136859,1930.7269999999999,1940.8715000000002,1906.674,1930.3825000000002,1.771224000078738,-0.017843019753683357,0.010073835806702123,1.2292745143754853,0.1311887211093985,0.11299999999982901
2020-09-09,Wednesday,276,106402,1930.3474999999999,1950.891,1920.1174999999998,1947.5035,1.5941948276152478,0.8887518957079064,0.5574926478951059,0.95889226655398,0.13300473002027163,0.11300000000005639
2020-09-10,Thursday,276,96620,1947.518,1966.658,1941.451,1943.9895000000001,1.2943140961983344,-0.1811793267122509,0.13998095767048485,0.959982926064138,0.13150673556006698,0.11299999999982901
2020-09-11,Friday,252,76053,1943.962,1954.848,1937.5275000000001,1940.088,0.8909896386863433,-0.19928373085482246,0.22366559856817447,0.8383910952649539,0.12649822207313005,0.11299999999982901
2020-09-14,Monday,276,68468,1942.8995,1962.5965,1940.0549999999998,1957.346,1.160198970662161,0.7435536423783121,0.6408845906439165,0.6564836991938127,0.12493007692788854,0.11299999999982901
2020-09-15,Tuesday,276,76300,1957.337,1972.2525,1948.5165000000002,1954.0005,1.2126680280401319,-0.1704611929371328,0.14056707111560096,0.8484875853899704,0.1265734459792798,0.11299999999982901
2020-09-16,Wednesday,276,89759,1953.9525,1973.6415,1950.0805,1959.8825,1.20581232143565,0.3034874184505425,0.25168711005474537,1.0054382060529434,0.12719345731295506,0.11299999999982901
2020-09-17,Thursday,276,89643,1959.9005000000002,1960.0895,1933.0430000000001,1947.231,1.3799935251815039,-0.6464358777397219,0.46843399330783037,0.9394930613111807,0.13191673840855953,0.11299999999982901
2020-09-18,Friday,252,71047,1947.232,1960.0635,1945.107,1950.2535,0.7680902943254839,0.15516897832410623,0.20201918898138327,0.7058472655420107,0.12456820010729604,0.11299999999982901
2020-09-21,Monday,276,109298,1948.5475000000001,1955.5755,1882.658,1917.2545,3.742146393659893,-1.6059654691507452,0.42915623821442195,1.569967471921542,0.13121846210539176,0.11299999999982901
2020-09-22,Tuesday,276,106336,1917.2655,1919.8075,1894.775,1904.373,1.3056355523009098,-0.6724420796180772,0.5150304604014793,1.2844994124553775,0.13394275929549856,0.11300000000005639
2020-09-23,Wednesday,276,120769,1904.3609999999999,1905.366,1853.8755,1854.9665,2.703820336585337,-2.5937571710405685,0.9592934619007388,1.5249158345274567,0.13796711963115704,0.11300000000005639
2020-09-24,Thursday,276,116915,1854.966,1877.127,1848.7785,1867.8139999999999,1.5282490352922944,0.692627250310785,0.4532162195530603,1.383607718281625,0.135283692270147,0.11300000000005639
2020-09-25,Friday,252,91659,1867.784,1875.145,1852.607,1861.305,1.2066705786108034,-0.3468816522681446,0.2874700505812423,1.101186550343745,0.12544451089845807,0.11299999999982901
2020-09-28,Monday,276,89740,1862.616,1883.7425,1848.9505,1882.7440000000001,1.8679105086609447,1.0806306828675454,0.5785237985743871,0.9708482825215994,0.1281938060710353,0.11299999999982901
2020-09-29,Tuesday,276,82003,1882.6954999999998,1899.413,1875.6325,1896.9254999999998,1.2631091963623473,0.7558312005313668,0.5983894367233646,0.8449958114230071,0.12159088942456228,0.11299999999982901
2020-09-30,Wednesday,276,101207,1896.925,1902.3184999999999,1881.482,1887.784,1.0984356260790429,-0.4818851562396958,0.4387013173997504,1.0544899451854466,0.11269771020558889,0.11299999999982901
2020-10-01,Thursday,276,96808,1887.7705,1912.259,1884.7685000000001,1903.3105,1.456241635304709,0.8231932854126052,0.5652861897746505,0.8725059092356314,0.11250175481805419,0.11299999999982901
2020-10-02,Friday,252,97174,1903.3075,1917.1325000000002,1889.8944999999999,1898.8735000000001,1.431087724920975,-0.23296288172036006,0.16278728247300447,1.1540861584143645,0.11355624499599588,0.11299999999982901
2020-10-05,Monday,276,77160,1903.0445,1918.7725,1887.083,1912.8355000000001,1.6652001569064705,0.5144913847259046,0.3089666924375639,0.8340932256573943,0.11283030527746811,0.11200000000008004
2020-10-06,Tuesday,276,97416,1912.837,1921.1815000000001,1874.911,1880.171,2.4189463085458973,-1.7077252269796088,0.7059789714829077,1.0068475713996665,0.11255541969798796,0.11299999999982901
2020-10-07,Wednesday,276,90109,1880.2175,1898.049,1872.94,1887.098,1.3354306084269467,0.36594170621217936,0.2740252499103909,0.9568032357172974,0.1130578184969671,0.11299999999982901
2020-10-08,Thursday,276,82323,1887.0675,1900.6770000000001,1881.9885,1895.3265000000001,0.9903461322925757,0.4376631996470722,0.4419295288546392,0.8691680424261282,0.1126115569823446,0.11299999999982901
2020-10-09,Friday,252,73815,1895.3184999999999,1930.5945000000002,1895.022,1930.297,1.8768613296393308,1.8455209507003794,0.9833017077798848,0.7802735593430739,0.11306041208241607,0.11299999999982901
2020-10-12,Monday,276,80776,1929.259,1932.0495,1918.364,1925.2085000000002,0.7093656165398242,-0.20995107447988212,0.295970187424633,0.769795658334101,0.11253772290809276,0.11299999999982901
2020-10-13,Tuesday,276,96041,1925.1635,1925.1635,1886.549,1893.4865,2.005777691089621,-1.6454186878153536,0.8203395097696468,1.010543995989336,0.11366588871145956,0.11299999999982901
2020-10-14,Wednesday,276,84932,1893.437,1912.9360000000001,1882.5515,1898.328,1.6047272763762468,0.25831332122484546,0.1609702315325267,0.8367737638941849,0.11277195458729652,0.11299999999982901
2020-10-15,Thursday,276,94536,1898.33,1909.121,1889.588,1906.4569999999999,1.0289570306532654,0.4281131310151529,0.4160651205651922,0.9643063558551324,0.11286100338565724,0.11299999999982901
2020-10-16,Friday,252,79294,1906.5095000000001,1914.0285,1897.8975,1898.9755,0.8461012127135928,-0.3951724342312538,0.46705101977559804,0.7224600163842205,0.11295029317697308,0.11200000000008004
2020-10-19,Monday,276,80186,1900.879,1918.54,1897.1425,1903.1015,1.125663443070287,0.11691959351437319,0.10386727421428102,0.6676183382186771,0.11431562787841383,0.11299999999982901
2020-10-20,Tuesday,276,82593,1903.1105,1914.1754999999998,1894.743,1910.8315,1.0210915235873004,0.4057042405052152,0.3973240705004527,0.7983747864325837,0.11307901204227085,0.11299999999982901
2020-10-21,Wednesday,276,86185,1910.827,1931.531,1910.2,1921.4425,1.1163229324266353,0.5555447981423809,0.4976559936243101,0.7317503586456768,0.11287160962468755,0.11200000000008004
2020-10-22,Thursday,276,81412,1921.397,1922.3004999999998,1894.1785,1905.1385,1.463622562125362,-0.8461811900403672,0.5781416684446342,0.8032451320466735,0.11332680824869162,0.11299999999982901
2020-10-23,Friday,252,70971,1905.0925,1914.3029999999999,1894.482,1901.788,1.0404219217701982,-0.1734561445179151,0.16671711820796006,0.7316770360551398,0.11252713903743328,0.11299999999982901
2020-10-26,Monday,276,80346,1898.626,1908.6284999999998,1894.9895000000001,1902.306,0.718361594121205,0.19382437615412743,0.26981450252952216,0.7340100647800194,0.11300376962056759,0.11200000000008004
2020-10-27,Tuesday,276,69946,1902.2514999999999,1911.421,1897.929,1905.337,0.7092647843883925,0.1622025268477979,0.22869107619331064,0.5876688290756127,0.11281512294324374,0.11299999999982901
2020-10-28,Wednesday,276,93505,1905.338,1910.9195,1869.412,1879.6925,2.178484867251896,-1.3459816578475765,0.6178521953863735,0.8609661849721539,0.11344649925779335,0.11299999999982901
2020-10-29,Thursday,276,94993,1879.6965,1885.021,1859.9650000000001,1868.5095000000001,1.3329811488184296,-0.5951492701082275,0.44647988505747055,0.9263751054318241,0.11260557229841933,0.11200000000008004
2020-10-30,Friday,252,88128,1868.503,1889.8335000000002,1864.5065,1879.008,1.355470127690468,0.5622147783546566,0.4147747463181591,0.8864677585094455,0.11280360828173841,0.11299999999982901
2020-11-02,Monday,276,72683,1877.165,1896.277,1873.529,1894.8229999999999,1.2118274099506463,0.9406738352781935,0.776244065412338,0.696584993502722,0.1275693394777261,0.12700000000018008
2020-11-03,Tuesday,276,75275,1894.8255,1916.3609999999999,1887.0625,1914.5414999999998,1.546237371198555,1.0405179790962227,0.6729354745123463,0.7984480560329216,0.12309399236735336,0.1269999999999527
2020-11-04,Wednesday,276,140974,1914.548,1916.461,1881.932,1904.9395,1.8035066240177835,-0.501867803784499,0.27827333545715344,1.4498180535930576,0.1134798725568284,0.11299999999982901
2020-11-05,Thursday,276,97866,1904.938,1952.801,1902.5555,1946.2275,2.6376448997290196,2.167498364776169,0.8217551820561019,1.1205403687644304,0.11275018315018322,0.11299999999982901
2020-11-06,Friday,264,96093,1946.2730000000001,1960.3874999999998,1935.7244999999998,1952.0045,1.267191190547267,0.294485922581255,0.23239265296192135,1.0549269966371484,0.1128647180548373,0.11200000000008004
2020-11-09,Monday,276,153230,1958.599,1965.5684999999999,1850.5729999999999,1870.987,5.871314138320299,-4.47319742326019,0.7618732906939825,2.1035111104240722,0.11629952600874932,0.11299999999982901
2020-11-10,Tuesday,276,100172,1871.0325,1890.4655,1867.501,1876.807,1.227370449203851,0.3086263867677333,0.25145333013999777,1.1588455136446074,0.11285555283757474,0.11299999999982901
2020-11-11,Wednesday,276,81514,1876.77,1884.4825,1856.4225000000001,1865.665,1.4951219382236474,-0.5917080942257186,0.39575908766928153,0.9858508083663297,0.11249962921764925,0.11200000000008004
2020-11-12,Thursday,276,77768,1865.7085000000002,1883.884,1862.7975000000001,1875.8905,1.1302140714907976,0.5457444182732613,0.48286818580607704,0.8627983305287119,0.11266128233692332,0.11299999999982901
2020-11-13,Friday,263,67332,1875.8825000000002,1896.878,1874.0875,1889.5075000000002,1.2149215102758215,0.7263248097895257,0.5978368179724051,0.7334381798120391,0.11287632345156155,0.11299999999982901
2020-11-16,Monday,276,85141,1890.563,1899.1505000000002,1865.284,1889.9075,1.7913446946756117,-0.03467221139946537,0.019355410213635092,1.301508134983264,0.11362979697945023,0.11299999999982901
2020-11-17,Tuesday,276,70897,1889.8609999999999,1893.5285,1877.051,1882.7265,0.8718895199170714,-0.3775145367833872,0.43298437262933726,0.710323796806731,0.11262394383697968,0.11299999999982901
2020-11-18,Wednesday,276,80246,1882.6765,1884.8695,1863.862,1871.4825,1.1158316365026033,-0.5945790474359223,0.5328573128644529,0.7809272904448489,0.1127237029249894,0.11299999999982901
2020-11-19,Thursday,276,85650,1871.4315000000001,1872.8925,1852.797,1863.251,1.0738036631316668,-0.43712527014748687,0.4070811873305071,0.9485462299541025,0.11315022752428851,0.11299999999982901
2020-11-20,Friday,264,75017,1863.306,1879.847,1861.0085,1871.0735,1.0110255642390498,0.41686658015376576,0.4123205138413302,0.7479227394608965,0.11329886252843649,0.11299999999982901
2020-11-23,Monday,276,83058,1872.2,1876.138,1830.96,1835.717,2.4130968913577546,-1.9486700138874022,0.8075390676878136,1.1341015532779832,0.1140164221042776,0.11200000000008004
2020-11-24,Tuesday,276,100315,1835.7645,1836.384,1800.3235,1809.2624999999998,1.9643314815162862,-1.4436492262488017,0.7349315733281608,1.0533141577259297,0.11450765462339323,0.11299999999982901
2020-11-25,Wednesday,276,81452,1809.2604999999999,1817.7755000000002,1801.7440000000001,1808.281,0.8860802521251114,-0.05413814096974517,0.06109846240214036,0.8401397627776556,0.11250413580246944,0.11299999999982901
2020-11-26,Thursday,229,51158,1808.3255,1818.3605,1805.864,1809.3265000000001,0.6910536847486788,0.05535507849666467,0.08010242868004691,0.6191890494629971,0.11336620593259913,0.11299999999982901
2020-11-27,Friday,226,71658,1809.3294999999998,1813.8485,1774.3980000000001,1787.0855000000001,2.1803933446063817,-1.2294056997357137,0.5638458321187243,1.1740031299468485,0.11664996977938989,0.11299999999982901
2020-11-30,Monday,276,95184,1786.801,1787.5905,1764.56,1778.8564999999999,1.2889236126462922,-0.4446214211879253,0.3449556023534025,1.248732312520032,0.12141868192726604,0.11299999999982901
2020-12-01,Tuesday,276,83432,1778.8784999999998,1817.355,1776.8895,1811.367,2.2747759332635717,1.8263473306355753,0.8028691107239535,0.8605408604847888,0.11204759550006178,0.11200000000008004
2020-12-02,Wednesday,276,83071,1811.3204999999998,1832.4940000000001,1807.5655000000002,1830.7475,1.3762611310367208,1.072532442491549,0.7793088232344564,1.0033320932777205,0.112522995246622,0.11299999999982901
2020-12-03,Thursday,276,82446,1830.747,1843.9955,1823.836,1839.9155,1.1011625309231685,0.5008065013898695,0.4547979860611624,0.9184397733929919,0.11273958268452099,0.11299999999982901
2020-12-04,Friday,264,77992,1839.92,1848.2179999999998,1829.2154999999998,1839.1599999999999,1.0327894691073556,-0.0413061437453921,0.0399947375345463,0.8798558079049723,0.1131002825786958,0.11299999999982901
2020-12-07,Monday,276,81029,1835.432,1868.696,1822.8584999999998,1864.0695,2.49736846693313,1.56025938307712,0.6247613853286063,0.994778286442831,0.1139311755952365,0.11299999999982901
2020-12-08,Tuesday,276,79313,1864.069,1875.3575,1860.3415,1870.2024999999999,0.8055495799779985,0.3290382491206019,0.40846430474160106,0.9477721419278882,0.11322019774889676,0.11299999999982901
2020-12-09,Wednesday,276,95357,1870.216,1870.577,1825.576,1834.4775,2.406192653682782,-1.910929004991933,0.7941712406390958,1.228616622402694,0.11283905789990079,0.11299999999982901
2020-12-10,Thursday,276,89686,1834.4479999999999,1850.0985,1828.7475,1836.788,1.163892353449109,0.12755880788117982,0.1095967401995285,0.9645709271614209,0.11260585696670927,0.11299999999982901
2020-12-11,Friday,264,77504,1836.7894999999999,1847.7645,1824.088,1839.6995000000002,1.2890154261008153,0.15842860599977893,0.12290667961904442,0.8052209553873627,0.11265562347991914,0.11200000000008004
2020-12-14,Monday,276,74853,1838.0430000000001,1839.1055000000001,1818.782,1827.5230000000001,1.1057140665370828,-0.5723478721662105,0.5176273771742014,0.9135888832724071,0.11302794034359014,0.11200000000008004
2020-12-15,Tuesday,276,78330,1827.475,1855.3995,1825.5675,1852.446,1.6324163121246464,1.366420881270606,0.8370541700187752,0.768288718812926,0.1127665113389262,0.11299999999982901
2020-12-16,Wednesday,276,93125,1852.4479999999999,1865.781,1844.8584999999998,1864.5925,1.1294514070030646,0.6555919518388699,0.580451666865816,0.9920570090725139,0.112815004948045,0.11299999999982901
2020-12-17,Thursday,276,90289,1864.594,1896.351,1862.0974999999999,1883.7575000000002,1.8370487087269536,1.0277572490311624,0.5594610769702357,0.8975928337372227,0.11266936373666771,0.11200000000008004
2020-12-18,Friday,264,82593,1883.7565,1889.7295,1877.491,1881.421,0.6496858803141452,-0.1239809922354567,0.19083220982962978,0.8188945195354369,0.11265063520871171,0.11200000000008004
2020-12-21,Monday,276,131498,1883.1855,1906.8435,1855.3345,1879.1680000000001,2.7352058519991798,-0.21333532995023208,0.07799607835523746,1.5364281832305755,0.11405205580480716,0.11200000000008004
2020-12-22,Tuesday,276,96072,1879.122,1884.3455,1859.0315,1864.3615,1.347118494701241,-0.7854998238539113,0.5830963103421103,0.8955227307115552,0.11275106928999096,0.11299999999982901
2020-12-23,Wednesday,276,89206,1864.412,1878.6425,1857.093,1872.6675,1.1558335818477812,0.44279376017747063,0.38309473537669275,0.8044854991333666,0.1125825883223396,0.11200000000008004
2020-12-24,Thursday,216,58839,1872.6680000000001,1880.6565,1869.5785,1879.166,0.5915624125579106,0.3469915649757362,0.5865679725582086,0.6264953397570711,0.11249409833502702,0.11200000000008004
2020-12-28,Monday,276,94315,1888.444,1900.2775000000001,1869.275,1876.8674999999998,1.641695491102731,-0.6130179131602591,0.3734053705346376,1.0292537530493575,0.11345193846153695,0.11299999999982901
2020-12-29,Tuesday,276,78460,1876.8465,1886.4634999999998,1871.89,1878.8395,0.7764886473134451,0.10618875864381759,0.13675506913232743,0.8368597690412658,0.1127816298685179,0.11200000000008004
2020-12-30,Wednesday,276,74956,1878.839,1895.4785000000002,1876.221,1895.097,1.024968078691158,0.8653216161682847,0.8442425029209347,0.6366394575109066,0.11312019230769137,0.11299999999982901
2020-12-31,Thursday,216,64748,1895.079,1900.44,1885.539,1894.537,0.7862996740505312,-0.028600390801645545,0.03637339775853392,0.7242119790303546,0.11350346924456162,0.11200000000008004
2021-01-04,Monday,276,99879,1913.1985,1945.713,1910.0915,1941.836,1.861882078623832,1.4968389322906142,0.8039386325674122,1.0547450179429705,0.11259831409199181,0.11299999999982901
2021-01-05,Tuesday,276,95562,1941.8365,1953.29,1934.4175,1950.378,0.9718892399025328,0.43986710518625244,0.45258974698635934,0.9001088224003998,0.11257909174032331,0.11299999999982901
2021-01-06,Wednesday,276,129687,1950.429,1959.4405000000002,1900.9485,1924.1405,2.9989299789943744,-1.347831682158136,0.44943752991862185,1.6177134338056485,0.11374309190505134,0.11299999999982901
2021-01-07,Thursday,276,102484,1924.0929999999998,1927.747,1906.946,1916.6895,1.0810808001484418,-0.3847786983269465,0.35592038844285556,1.1736761136002234,0.11254495593763442,0.11200000000008004
2021-01-08,Friday,264,141165,1916.6975,1916.7545,1828.306,1849.52,4.614630112472102,-3.504856661001541,0.7595097712228024,1.835979971144679,0.11371995083451937,0.11200000000008004
2021-01-11,Monday,276,127347,1844.83,1855.6225,1817.085,1847.383,2.0889458649306394,0.13838673482110064,0.06624716185533874,1.5103973445615926,0.11279105478033208,0.11200000000008004
2021-01-12,Tuesday,276,104100,1847.336,1863.876,1836.7285000000002,1858.8935000000001,1.4695485823910652,0.6256306378482376,0.42572980937471955,1.1708490636875049,0.11262930241119011,0.11299999999982901
2021-01-13,Wednesday,276,87891,1858.846,1863.0855000000001,1842.0095000000001,1848.4679999999998,1.133821736711918,-0.5583033774718378,0.49240842664642936,0.9742750367805383,0.11251901607164738,0.11299999999982901
2021-01-14,Thursday,276,98657,1848.4655,1857.6045,1830.547,1846.9859999999999,1.4637817151577832,-0.0800393623792353,0.05467984847085465,1.0832838944062435,0.11317566157057675,0.11200000000008004
2021-01-15,Friday,264,90754,1846.9335,1857.0845,1823.4344999999998,1827.125,1.8219389057591997,-1.0725074833501094,0.5886627043090651,1.0046218857790379,0.11267302699896103,0.11200000000008004
2021-01-18,Monday,225,72348,1810.6965,1840.8474999999999,1810.579,1837.3635,1.671649555847703,1.4727481938579943,0.8810149164973488,0.8343820310678213,0.11299850534339755,0.11200000000008004
2021-01-19,Tuesday,276,74840,1837.366,1845.5755,1833.1485,1841.0605,0.6763486425676707,0.20107588798312703,0.2972962098656224,0.8207493021167421,0.11266304280300875,0.11200000000008004
2021-01-20,Wednesday,276,92042,1841.063,1872.463,1832.4915,1870.012,2.1711098425203197,1.5724068106305888,0.7242410217279794,1.0364202948543395,0.11326837627761778,0.11299999999982901
2021-01-21,Thursday,276,85119,1870.06,1875.1455,1858.4295000000002,1869.701,0.8938750628322031,-0.01919724500817747,0.02147642976788262,0.829590185808155,0.11273540157285272,0.11299999999982901
2021-01-22,Friday,264,92776,1869.7265,1870.0005,1837.4475,1855.882,1.7410567802296277,-0.7404558902063979,0.42529106380363957,0.985424862009904,0.11251598202824169,0.11299999999982901
2021-01-25,Monday,276,90485,1857.0214999999998,1867.9755,1847.2134999999998,1855.54,1.118026904911988,-0.07977829012749013,0.0713563240535525,0.8781566261772464,0.11273062387708285,0.11299999999982901
2021-01-26,Tuesday,276,77317,1855.5375,1861.7694999999999,1848.372,1851.3835,0.7220279838052214,-0.2238704418531017,0.31005784661317826,0.6762383810624364,0.11249337892446379,0.11200000000008004
2021-01-27,Wednesday,276,90651,1851.402,1853.1860000000001,1831.3609999999999,1840.039,1.1788363629292975,-0.6137510924153725,0.5206414662084726,1.0360441879907565,0.11263388180193491,0.11200000000008004
2021-01-28,Thursday,276,111538,1840.086,1864.185,1834.1174999999998,1843.96,1.6340268878737247,0.21053363810169873,0.1288434356032264,1.1595757951729486,0.11331202435311928,0.11299999999982901
2021-01-29,Friday,264,120906,1844.0055,1875.6695,1839.6844999999998,1848.2975000000001,1.9514583877325815,0.23275418647070975,0.11927191885508208,1.252542761242196,0.11307397555260035,0.11299999999982901
2021-02-01,Monday,276,129867,1855.922,1871.8665,1849.1945,1857.732,1.2216030630597636,0.09752565032366368,0.07983415666901655,1.1907082443753327,0.11256028196402564,0.11299999999982901
2021-02-02,Tuesday,276,112380,1857.7775000000001,1864.155,1829.6075,1836.5115,1.8596145125021644,-1.1447011280952686,0.6155582893118211,1.1454164447964372,0.1134625547978567,0.11200000000008004
2021-02-03,Wednesday,276,84658,1836.5255000000002,1844.975,1829.655,1834.386,0.8341838978004898,-0.11649715726790755,0.13965404699740433,0.7471090563824034,0.11249420280964452,0.11200000000008004
2021-02-04,Thursday,276,102540,1834.368,1834.7514999999999,1785.0155,1795.943,2.711342544135085,-2.0947269032168,0.7725792182724797,1.2676966571683779,0.11460397189123228,0.11299999999982901
2021-02-05,Friday,264,89046,1795.99,1815.188,1792.1635,1814.2855,1.281994888612965,1.0186860728623182,0.7946100892527506,1.0516812724465938,0.11268603016359824,0.11200000000008004
2021-02-08,Monday,276,85204,1818.0729999999999,1839.194,1807.855,1830.6309999999999,1.7237481663277516,0.6907313402707149,0.4007147643511285,0.8228742177096771,0.11258129707881655,0.11299999999982901
2021-02-09,Tuesday,276,84106,1830.628,1848.622,1830.0704999999998,1836.237,1.0133954031075818,0.3063975859650432,0.30234751906854285,0.8915899112305309,0.11259453163315276,0.11299999999982901
2021-02-10,Wednesday,276,86949,1836.2355,1855.449,1834.1455,1842.106,1.1601725377817815,0.31970300105841504,0.27556504799680787,1.0679765415495308,0.11272983473112985,0.11299999999982901
2021-02-11,Thursday,276,79231,1842.089,1847.6100000000001,1821.228,1826.8015,1.432178358374653,-0.829900183975905,0.5794670608748341,0.7700142330453219,0.11273174809585747,0.11200000000008004
2021-02-12,Friday,264,74790,1826.805,1830.7645,1810.586,1824.379,1.1045787590903235,-0.13280016203153366,0.12022697425478406,0.8907637090229749,0.1130388623107681,0.11299999999982901
2021-02-15,Monday,225,55592,1821.1385,1827.0774999999999,1816.1635,1818.804,0.5992954407366469,-0.1281890421843223,0.21389957852299668,0.5452905598155737,0.11270292887029232,0.11200000000008004
2021-02-16,Tuesday,276,103209,1818.801,1826.541,1787.005,1788.4,2.17373973293394,-1.6714857755191381,0.7689447592067981,1.335295735653595,0.11278812169794149,0.11299999999982901
2021-02-17,Wednesday,276,104203,1788.4475,1795.2415,1769.5575,1778.2925,1.436105896315111,-0.5678109086232597,0.39538233919949756,1.0512726063188467,0.10752323244625855,0.11200000000008004
2021-02-18,Thursday,276,91304,1778.243,1789.7085000000002,1768.495,1771.809,1.19294719563076,-0.36181781680006436,0.3032974285242831,0.9793133645170149,0.1122870877449188,0.11200000000008004
2021-02-19,Friday,264,106287,1771.7595000000001,1791.654,1760.769,1784.1985,1.743182412737168,0.7020704559507004,0.40275214505422874,1.3234975672490228,0.10064422161578954,0.11200000000008004
2021-02-22,Monday,276,100981,1783.558,1812.701,1780.7984999999999,1810.588,1.7886998908922584,1.5155100086456383,0.8472690228038507,1.0148474344683833,0.11402580135988283,0.11299999999982901
2021-02-23,Tuesday,276,93320,1810.5565000000001,1816.0555,1795.7559999999999,1805.916,1.1211746222777403,-0.2563024130978625,0.22860168969679961,0.9584727486639159,0.11252090698524857,0.11299999999982901
2021-02-24,Wednesday,276,102492,1805.9454999999998,1813.8665,1783.623,1803.145,1.6746629397177293,-0.15507112479306986,0.09259840957560551,1.074143686738303,0.11270522093235386,0.11200000000008004
2021-02-25,Thursday,276,144762,1803.1515,1804.2930000000001,1765.386,1770.01,2.1577221880690645,-1.8379764540028918,0.8518132983781793,1.3423612647434993,0.11289774172065184,0.11299999999982901
2021-02-26,Friday,264,193549,1770.059,1775.8645000000001,1717.2305,1734.7995,3.3125449490666834,-1.9919957470344147,0.6013490466282319,1.5443154492561157,0.08964848293299715,0.06300000000010186
2021-03-01,Monday,276,132714,1739.3055,1759.9645,1719.741,1725.088,2.312618456044672,-0.8174239660600149,0.3534625281241054,1.1272929553446138,0.06660811221082148,0.06299999999987449
2021-03-02,Tuesday,161,77361,1725.0575,1736.259,1707.339,1728.3519999999999,1.6764658569352078,0.19097914127499932,0.11391770401106371,1.1164576843576492,0.06743757776856012,0.06299999999987449
2021-03-04,Thursday,276,179711,1710.5639999999999,1723.3000000000002,1690.5430000000001,1694.4105,1.9149824268486924,-0.944337657053457,0.4931312391244578,1.3341453505680938,0.06478632064030967,0.06299999999987449
2021-03-05,Friday,264,154009,1694.377,1707.7305000000001,1687.33,1700.9855,1.204011858045771,0.39002536035369045,0.3239381387711079,1.2099181432364337,0.06317228250523536,0.06200000000012551
2021-03-08,Monday,276,130566,1707.8065000000001,1714.353,1676.8275,1684.7530000000002,2.1972922576415983,-1.349889463472588,0.6143422472718553,1.091720683488432,0.06509096989966592,0.06299999999987449
2021-03-09,Tuesday,276,126806,1684.7205,1720.6665,1680.279,1715.9805000000001,2.3972819230252167,1.8555006601985446,0.7740018570102181,0.993717146616565,0.06556992517793103,0.06299999999987449
2021-03-10,Wednesday,276,121756,1715.9645,1727.24,1708.2314999999999,1726.7905,1.1077443618443237,0.6308988326972977,0.5695346818528523,1.1223414055031615,0.06389132158321675,0.06299999999987449
2021-03-11,Thursday,276,115812,1726.7995,1739.9045,1719.3255,1722.745,1.1917422955010224,-0.2347985391471441,0.19702123523981505,0.9671321757824523,0.06425201121404284,0.06299999999987449
2021-03-12,Friday,264,123597,1722.7755,1729.321,1699.2939999999999,1726.899,1.7429432912181562,0.23935213845332268,0.13732640623438624,0.9706214025605352,0.06742056968074717,0.06299999999987449
2021-03-15,Monday,276,107405,1725.4299999999998,1734.624,1721.716,1730.798,0.7481033713335302,0.31111085352637696,0.4158661295320818,0.8030513266137175,0.06316958919387716,0.06299999999987449
2021-03-16,Tuesday,276,103173,1730.7649999999999,1741.1765,1726.267,1731.745,0.8614398835197141,0.056622360632438154,0.06572990375264225,0.7775127745733444,0.06522208520870681,0.06299999999987449
2021-03-17,Wednesday,276,118605,1731.6965,1751.699,1724.1064999999999,1748.5655000000002,1.5933796713223247,0.9741314370041252,0.6113617830932325,0.9827700037317264,0.06732984389348134,0.06299999999987449
2021-03-18,Thursday,276,141758,1748.5635,1755.578,1719.2805,1735.2935,2.0758468308414253,-0.7589086698881672,0.36558991666092755,1.0829366404446343,0.06795839931782163,0.06299999999987449
2021-03-19,Friday,252,117746,1735.2885,1746.7939999999999,1728.5835,1745.2765,1.0494220413493152,0.5755815243401791,0.5484747810329139,0.826028803362994,0.0659954030646239,0.06299999999987449
2021-03-22,Monday,276,105046,1738.2825,1743.1465,1727.418,1739.406,0.9048299111335567,0.0646327625112674,0.07143084210191117,0.7078122193968752,0.06586361947231283,0.06299999999987449
2021-03-23,Tuesday,276,106383,1739.3995,1742.6095,1724.763,1727.1815000000001,1.026015012652361,-0.7024263258670506,0.6846160311545555,0.7915222420553194,0.06360528590836136,0.06299999999987449
2021-03-24,Wednesday,276,95579,1727.1970000000001,1738.464,1723.896,1734.587,0.8434475048300792,0.42786086358416975,0.5072762218561149,0.6545880658692205,0.06430505952380967,0.06299999999987449
2021-03-25,Thursday,276,110635,1734.583,1745.501,1721.908,1727.3925,1.360153996666638,-0.4145376727432562,0.3047726020429845,0.9652675285991397,0.06594382022471901,0.06299999999987449
2021-03-26,Friday,252,87771,1727.416,1736.7825,1721.6485,1732.5230000000001,0.876106276658316,0.29564389816930015,0.3374520946213951,0.6310089937304894,0.06338727394507768,0.06299999999987449
2021-03-29,Monday,276,94703,1731.114,1732.9355,1705.836,1712.0320000000002,1.5654370538277684,-1.102295978196692,0.7041458329489421,0.8756744438914924,0.06454000746640108,0.06299999999987449
2021-03-30,Tuesday,276,117126,1712.0375,1714.442,1678.772,1685.5884999999998,2.083482400356305,-1.5448843848338645,0.741491449397253,0.9302788860719918,0.0693240083251721,0.06299999999987449
2021-03-31,Wednesday,276,109068,1685.588,1715.3135,1677.9685,1707.5025,2.215547334224023,1.300110109943835,0.5868121569152517,0.9278691367962015,0.06482568750770884,0.06299999999987449
2021-04-01,Thursday,252,105625,1707.5055,1730.695,1705.8609999999999,1729.9005000000002,1.454402343067127,1.3115623932104588,0.901787871466544,0.8332784735788455,0.06504496186270531,0.06299999999987449
2021-04-05,Monday,276,95476,1728.124,1733.591,1721.3845000000001,1729.4665,0.7063439892044655,0.07768539757563535,0.10998238643345735,0.7292372815732285,0.06349711055276225,0.06299999999987449
2021-04-06,Tuesday,276,106548,1729.467,1745.5345,1727.6375,1743.3519999999999,1.0348274930946895,0.8028485076615953,0.7758283511202891,0.7802038933204275,0.0659838429033067,0.06299999999987449
2021-04-07,Wednesday,276,95969,1743.3165,1743.432,1730.7069999999999,1736.9365,0.7299305662511734,-0.36596911691020434,0.5013752455795532,0.694125107059262,0.06435021437892233,0.06299999999987449
2021-04-08,Thursday,276,96786,1736.9065,1758.745,1733.2335,1754.248,1.4687894829111319,0.9984129830822785,0.67975226858476,0.6954036473848094,0.06561612822751733,0.06299999999987449
2021-04-09,Friday,252,105147,1754.278,1757.3815,1731.2024999999999,1743.9915,1.4922948358242016,-0.5863665849996371,0.39292944726688944,0.767152359074301,0.06663449430676566,0.06299999999987449
2021-04-12,Monday,276,100502,1741.6575,1745.0819999999999,1727.4245,1731.9985000000001,1.0138330871597774,-0.5545866509345194,0.5470196800226526,0.6827300206727293,0.06312275913404902,0.06299999999987449
2021-04-13,Tuesday,276,117191,1732.002,1748.978,1723.7915,1746.6805,1.454184233043612,0.8474874740329392,0.5827923689277975,0.8359409078113978,0.06484860238887122,0.06299999999987449
2021-04-14,Wednesday,276,105250,1746.6755,1749.4665,1732.659,1736.7255,0.9622565840077273,-0.5696536076678264,0.5919976201100765,0.7282730646737665,0.0644058451717886,0.06299999999987449
2021-04-15,Thursday,276,116104,1736.6955,1769.6985,1734.3975,1763.9365,2.0326533926068175,1.5685536123056683,0.771677856151385,0.7343878794102315,0.06603441482484887,0.06299999999987449
2021-04-16,Friday,252,103307,1763.9679999999998,1783.9095,1759.829,1776.673,1.365132474058488,0.7202511610188028,0.5276053238097274,0.7485819827017915,0.06783196255432954,0.06299999999987449
2021-04-19,Monday,276,108863,1776.7925,1790.087,1766.7875,1772.2125,1.3113236351459205,-0.25776785978103395,0.19657074186140955,0.8875572228736186,0.07420894409937813,0.06299999999987449
2021-04-20,Tuesday,276,116418,1772.2155,1780.5155,1763.701,1776.887,0.948784163099801,0.2635966111344768,0.277825686163724,0.9360156239989178,0.07137969067718133,0.06299999999987449
2021-04-21,Wednesday,276,98433,1776.892,1797.6995000000002,1776.604,1793.7205,1.1872134040785893,0.9470750051212932,0.7977293735630702,0.7654902238542036,0.08716157611052527,0.06300000000010186
2021-04-22,Thursday,276,105160,1793.7694999999999,1797.9054999999998,1777.463,1783.2359999999999,1.1396391788354012,-0.587227065684861,0.5152745505686713,0.7627724084531893,0.09382654637582656,0.11200000000008004
2021-04-23,Friday,252,97937,1783.226,1796.0295,1769.9989999999998,1777.173,1.459742062980256,-0.33944099065402317,0.23253491096982543,0.7461139723633384,0.08101448400724078,0.06300000000010186
2021-04-26,Monday,276,98824,1774.9524999999999,1783.5385,1768.789,1780.1399999999999,0.8309799839714092,0.2922613422049323,0.35170683751991294,0.7711938481049182,0.06907623848643148,0.06299999999987449
2021-04-27,Tuesday,276,95983,1780.146,1785.6644999999999,1773.792,1775.5365000000002,0.6669396779814659,-0.25893943530473335,0.38825015792796963,0.7067188149996362,0.07245435323383057,0.06299999999987449
2021-04-28,Wednesday,276,112992,1775.5295,1784.0545000000002,1762.6575,1783.9679999999998,1.2051052939419007,0.47526667396963823,0.3943777165022987,0.8200075545399603,0.07357484027045527,0.06299999999987449
2021-04-29,Thursday,276,113092,1783.932,1789.996,1756.1245,1773.3215,1.8986990535513795,-0.5947816396589108,0.31325745833517676,0.8971868660701644,0.07766898868018406,0.06299999999987449
2021-04-30,Friday,252,105121,1773.3200000000002,1773.3200000000002,1764.2635,1768.9254999999998,0.5107087271332946,-0.24781201362418145,0.48523160161213114,0.6872254654779997,0.06433377917474756,0.06299999999987449
2021-05-03,Monday,276,89504,1769.13,1798.0765000000001,1767.4135,1792.6215000000002,1.7332248054128303,1.3278560648454374,0.766118775070935,0.7111708322863345,0.08688811973807106,0.06300000000010186
2021-05-04,Tuesday,276,108937,1792.5755,1799.2015000000001,1770.8204999999998,1778.7275,1.5832526998165664,-0.7725197627659174,0.4879320672280682,1.2751716232116024,0.08724772528979341,0.06300000000010186
2021-05-05,Wednesday,276,98832,1778.6950000000002,1788.0475000000001,1770.4180000000001,1785.366,0.9911480045763891,0.37505024751291377,0.3783998411752925,0.6994183564096439,0.0751351014817581,0.06299999999987449
2021-05-06,Thursday,276,92287,1785.3695,1818.2224999999999,1782.0835000000002,1814.8835,2.0241748276757088,1.6531031811622128,0.8166800409529917,0.9163946184142725,0.11121493807081362,0.11200000000008004
2021-05-07,Friday,252,120115,1814.8745,1843.512,1812.995,1831.1284999999998,1.6814936790395179,0.8955991171841307,0.5326211619752884,1.375608219518145,0.11529011974045013,0.11299999999982901
2021-05-10,Monday,276,96454,1836.334,1845.4715,1830.0974999999999,1836.1934999999999,0.8372115312356168,-0.007651113577388531,0.009138805775998413,0.7816997233029356,0.11276872341737068,0.11299999999982901
2021-05-11,Tuesday,276,100092,1836.195,1841.859,1818.0575,1835.5805,1.2962403230593718,-0.03346594452113786,0.0258177005650865,0.822134697279709,0.11396024559662582,0.11299999999982901
2021-05-12,Wednesday,276,118227,1835.583,1843.812,1813.38,1817.6390000000001,1.657892887436841,-0.9775640763724636,0.5896424815983203,1.0972698779451677,0.11366252296386896,0.11299999999982901
2021-05-13,Thursday,276,99202,1817.5925,1828.859,1808.8255,1825.1745,1.102199750494129,0.41714520719028647,0.37846606933387106,0.8435682835203163,0.11308251170815775,0.11200000000008004
2021-05-14,Friday,252,87634,1825.1754999999998,1846.0729999999999,1819.8105,1843.6354999999999,1.4389027246968755,1.0114095877355376,0.7029033793431761,0.6555978795327595,0.11532182292712259,0.11299999999982901
2021-05-17,Monday,276,85581,1847.199,1869.1235000000001,1843.6905000000002,1869.063,1.3768413690133003,1.1836299175129497,0.8596705068218472,0.6548924831197414,0.11386169483070271,0.11299999999982901
2021-05-18,Tuesday,276,85315,1869.021,1875.077,1863.3135,1870.2355,0.6293936772246016,0.0649805432897781,0.10324308241595115,0.7167855422524428,0.11355717943913513,0.11299999999982901
2021-05-19,Wednesday,276,115020,1870.2350000000001,1890.136,1852.275,1865.9555,2.0243980034594515,-0.22882151173516152,0.1130318797707433,1.3798598798917932,0.11355954222084724,0.11299999999982901
2021-05-20,Thursday,276,88614,1865.9565,1884.02,1863.951,1874.1105,1.0755341831387795,0.43698767897322344,0.4062982709651708,0.8234674631843573,0.11289318703118134,0.11299999999982901
2021-05-21,Friday,252,82911,1874.0895,1889.4335,1870.2150000000001,1881.809,1.0254846420088235,0.41190668855462476,0.4016702656294688,0.7898591984783001,0.11308463191832274,0.11200000000008004
2021-05-24,Monday,276,77204,1883.607,1887.123,1875.317,1877.5065,0.6267761799568614,-0.3238732920402192,0.516728781975266,0.6939175933997588,0.11272229873544558,0.11299999999982901
2021-05-25,Tuesday,276,85761,1877.5104999999999,1900.327,1872.7635,1898.2334999999998,1.468087661826657,1.1037488205791637,0.7518275980916783,0.8423612745136588,0.1145146466835943,0.11299999999982901
2021-05-26,Wednesday,276,84936,1898.2314999999999,1912.766,1890.8055,1896.21,1.156892612939999,-0.10649386020618837,0.09205163816852166,0.9172542028748257,0.11445654196910338,0.11299999999982901
2021-05-27,Thursday,276,83719,1896.22,1903.78,1888.2615,1898.1190000000001,0.818391325900998,0.10014660746116562,0.1223700744273046,0.78914539549906,0.11320625233528328,0.11299999999982901
2021-05-28,Friday,252,80799,1898.142,1906.097,1882.313,1903.856,1.2530147902527777,0.3010312189498964,0.24024554322233313,0.7070497240641819,0.11350258267927832,0.11299999999982901
2021-05-31,Monday,229,52144,1903.9945,1910.6934999999999,1902.213,1908.1284999999998,0.4454056983883038,0.21712247593151068,0.487471257590925,0.43863076969599835,0.11283092299538232,0.11299999999982901
2021-06-01,Tuesday,276,82470,1908.137,1916.596,1892.5,1898.897,1.2628024088417134,-0.4842419595657969,0.38346613545816766,0.696709833740176,0.11360249576722935,0.11299999999982901
2021-06-02,Wednesday,276,74143,1898.901,1909.624,1894.3995,1907.902,0.8017532246283525,0.4740110200584431,0.5912181024007328,0.641806545809791,0.11362498412295108,0.11200000000008004
2021-06-03,Thursday,276,92374,1907.9054999999998,1909.7134999999998,1863.6819999999998,1871.0149999999999,2.4126719064440065,-1.9335601265366642,0.8014185937890344,0.7887952280520691,0.1173208762073103,0.11299999999982901
2021-06-04,Friday,252,81658,1871.0065,1896.3564999999999,1856.0225,1891.2885,2.1557381013908734,1.0840154750932267,0.502851192542278,1.0327505973842597,0.1148574920225401,0.11299999999982901
2021-06-07,Monday,276,73988,1889.3964999999998,1900.1785,1881.6055000000001,1898.7835,0.9830123004885352,0.49682530903387256,0.5054110806008851,0.5923525868344895,0.11413236317620959,0.11299999999982901
2021-06-08,Tuesday,276,78530,1898.772,1903.8229999999999,1883.8899999999999,1893.4769999999999,1.0497837549742672,-0.27886444502025903,0.26563989364371016,0.8023338245772659,0.11350085050085028,0.11200000000008004
2021-06-09,Wednesday,276,71261,1893.4645,1899.0615,1887.404,1888.768,0.6156703756526741,-0.2480373938882939,0.4028736864679394,0.6069789339519197,0.11285873369392393,0.11299999999982901
2021-06-10,Thursday,276,91968,1888.7825,1899.958,1869.9479999999999,1898.4679999999998,1.5888541957583904,0.5127906468849548,0.3227424191935938,0.8247730407752984,0.11641292818369092,0.11299999999982901
2021-06-11,Friday,252,78064,1898.4434999999999,1903.0059999999999,1874.4715,1877.551,1.503047101480753,-1.1005068099208604,0.7321838476230565,0.698802802864174,0.11367739318550664,0.11299999999982901
2021-06-14,Monday,276,83494,1873.7545,1873.887,1844.522,1866.9175,1.5671743550182273,-0.36488237920175715,0.23282819683296396,0.8983107430457483,0.1159939173512259,0.11299999999982901
2021-06-15,Tuesday,276,80623,1866.9070000000002,1869.1965,1851.679,1857.9955,0.9383166917259362,-0.47734032814704536,0.5087198515770057,0.7158650663955457,0.11265079266397343,0.11299999999982901
2021-06-16,Wednesday,276,109563,1857.996,1863.6554999999998,1803.514,1818.8825000000002,3.2369014787975834,-2.105144467480012,0.6503579059384944,1.4190553981868474,0.11338982843885552,0.11299999999982901
2021-06-17,Thursday,276,138971,1818.908,1825.338,1767.2314999999999,1776.8685,3.1945815841153102,-2.311249386994827,0.7234904872948774,1.345641184041472,0.1034196767478878,0.11200000000008004
2021-06-18,Friday,252,135800,1776.8220000000001,1797.3715000000002,1761.01,1764.724,2.0464345893961355,-0.6808785573343972,0.3327145469796382,1.1941965877995087,0.08340051782513361,0.06300000000010186
2021-06-21,Monday,276,124275,1769.42,1787.7134999999998,1766.5435,1783.6495,1.1964372506244896,0.8041900735834294,0.672153991497403,0.9412675614219386,0.07356588957055396,0.06299999999987449
2021-06-22,Tuesday,276,101469,1783.6399999999999,1790.2015000000001,1772.4045,1777.6815000000001,0.9977910340651717,-0.33406404879907,0.3348036185873868,0.7326532351672206,0.08310834571570182,0.06300000000010186
2021-06-23,Wednesday,276,97882,1777.6779999999999,1795.0005,1773.312,1777.42,1.220046600115443,-0.014513314559769027,0.011895705097162477,0.7892259376334081,0.07659607147227912,0.06299999999987449
2021-06-24,Thursday,276,92536,1777.4195,1788.058,1772.9814999999999,1775.3535000000002,0.8482240686568434,-0.11623592517128363,0.13703445759956134,0.6845461316079132,0.06972651745303438,0.06299999999987449
2021-06-25,Friday,252,88324,1775.354,1790.421,1773.7935,1781.5115,0.9365737762722282,0.346832237401669,0.37032025259359536,0.6731079162382189,0.07043155001340766,0.06299999999987449
2021-06-28,Monday,276,91257,1782.008,1785.819,1770.7385,1778.2075,0.8462644387679532,-0.2132706474942905,0.25201419051092794,0.7295267974647508,0.0705847377983833,0.06299999999987449
2021-06-29,Tuesday,276,108098,1778.1970000000001,1779.04,1750.721,1761.541,1.592568202510743,-0.9366791193551769,0.5881563614534482,0.9836809975797495,0.06653090521564688,0.06299999999987449
2021-06-30,Wednesday,276,100800,1761.556,1774.4724999999999,1753.397,1768.2314999999999,1.1964138522987586,0.37895474228465226,0.3167421887974119,0.8196245912480723,0.06496702611731067,0.06299999999987449
2021-07-01,Thursday,276,99735,1768.262,1782.8890000000001,1765.7335,1775.655,0.9701899379164443,0.4180941512061012,0.4309405147037392,0.8177939200525299,0.0689314709733735,0.06299999999987449
2021-07-02,Friday,252,97352,1775.6444999999999,1795.133,1774.391,1787.596,1.1681392305723337,0.6730795494255818,0.5761980522611198,0.8750574488071486,0.0779295755517829,0.06299999999987449
2021-07-05,Monday,227,52135,1786.337,1794.797,1784.5765000000001,1791.374,0.5721484803819157,0.2819736701417501,0.4928330316520799,0.47719620995577783,0.09477141534187349,0.11200000000008004
2021-07-06,Tuesday,276,90211,1791.3615,1815.1105,1790.1765,1795.7005,1.3919021928293072,0.24221800010773603,0.1740194112456865,0.7964316111159226,0.11521519301071999,0.11299999999982901
2021-07-07,Wednesday,276,84469,1795.653,1809.824,1794.0185000000001,1803.4344999999998,0.8802090381604875,0.433352100879169,0.4923286197842431,0.7440774828161874,0.11314192949907254,0.11299999999982901
2021-07-08,Thursday,276,93906,1803.4305,1818.462,1794.236,1803.8735000000001,1.3433287282210147,0.024564295657648633,0.01828613885908582,0.9344364896325029,0.11285025742819935,0.11200000000008004
2021-07-09,Friday,252,78386,1803.8865,1812.42,1796.7440000000001,1808.372,0.8690125459667186,0.24865755134815862,0.2861380454197513,0.7264875999763369,0.11370229877354059,0.11299999999982901
2021-07-12,Monday,276,74260,1806.6019999999999,1810.923,1791.559,1807.232,1.071846483066001,0.03487209689793929,0.03253460028920203,0.7311682392176575,0.11432476532476513,0.11299999999982901
2021-07-13,Tuesday,276,81062,1807.229,1817.2649999999999,1798.7885,1806.1444999999999,1.0223662856228932,-0.06000899719958908,0.05869618163614191,0.9547183906456286,0.11415095645607745,0.11299999999982901
2021-07-14,Wednesday,276,80024,1806.1485,1829.874,1804.6075,1826.525,1.3989159806073503,1.1281741230026257,0.8064631033186281,0.7411108441464573,0.11493840219014442,0.11299999999982901
2021-07-15,Thursday,276,75436,1826.526,1834.1885,1820.367,1829.6,0.7567097320268101,0.1682976316789272,0.2224071193430408,0.6628223059087633,0.11482719919744148,0.11299999999982901
2021-07-16,Friday,252,77601,1829.5994999999998,1831.5965,1809.0875,1812.1570000000002,1.2302692474500576,-0.9533507196520143,0.7749122573192786,0.6972012279512579,0.11580810133441707,0.11299999999982901
2021-07-19,Monday,276,85398,1815.8494999999998,1817.4,1795.065,1811.4535,1.230002816863404,-0.24209054770231409,0.19682113275127483,0.8338300635905914,0.11533028728797516,0.11299999999982901
2021-07-20,Tuesday,274,79980,1811.475,1825.03,1805.1,1809.8865,1.10020839371231,-0.0876909700658215,0.07970396387354917,0.807572322995961,0.11432686681083744,0.11299999999982901
2021-07-21,Wednesday,276,76857,1809.885,1813.7930000000001,1794.67,1802.6895,1.056586468201021,-0.397566696226558,0.3762746430999331,0.7147359077408355,0.11414240325347925,0.11299999999982901
2021-07-22,Thursday,276,74973,1802.6425,1808.5765000000001,1792.8519999999999,1807.2305000000001,0.8723027444432417,0.25451524636749623,0.2917739832745153,0.7226133282887801,0.11305230535703038,0.11299999999982901
2021-07-23,Friday,252,68526,1807.2269999999999,1810.4099999999999,1789.6025,1802.276,1.1513495537638543,-0.2739556237262831,0.2379430493812241,0.7111050273578133,0.11459576944140358,0.11299999999982901
2021-07-26,Monday,276,64873,1800.4785000000002,1811.598,1796.426,1797.7,0.8426648804748307,-0.15432008768780753,0.18313340363828878,0.5928499458882929,0.11399476884849231,0.11299999999982901
2021-07-27,Tuesday,276,69702,1797.7055,1805.3215,1793.682,1800.0230000000001,0.6474642259257704,0.12891432996117044,0.19910649082865325,0.6548533692401601,0.1066214896214894,0.11200000000008004
2021-07-28,Wednesday,276,77662,1799.978,1810.3665,1792.6435000000001,1809.4569999999999,0.9846231453939968,0.526617547547793,0.5348417310838931,0.686474928424292,0.11108306810948478,0.11200000000008004
2021-07-29,Thursday,276,68360,1809.4245,1832.8775,1808.7350000000001,1830.3384999999998,1.3342640159896102,1.1558371183765754,0.8662731697214382,0.6360273641517615,0.11630705768611119,0.11299999999982901
2021-07-30,Friday,252,60197,1830.3474999999999,1831.4070000000002,1810.291,1814.0835000000002,1.1536607119686406,-0.8885744373677497,0.7702216328849927,0.5431072994112064,0.11310679611650408,0.11299999999982901
2021-08-02,Monday,276,32282,1813.9454999999998,1819.5455000000002,1805.8905,1812.646,0.7527789561483629,-0.0716394180530701,0.09516660563894791,0.6884696805061805,0.11547704749971424,0.11299999999982901
2021-08-03,Tuesday,276,27005,1812.695,1814.9975,1807.3204999999998,1811.2815,0.4235130565263398,-0.07797781755893217,0.18412140158914428,0.4958888843533229,0.11325021255921013,0.11200000000008004
2021-08-04,Wednesday,276,34749,1811.288,1831.807,1806.458,1811.7635,1.399501349316063,0.02625203722434041,0.01875813641563818,0.7040222381110344,0.11569258652946769,0.11299999999982901
2021-08-05,Thursday,276,30118,1811.7559999999999,1814.813,1797.8654999999999,1803.546,0.9354184559068782,-0.45315152813070914,0.4844372326301639,0.7468390576464641,0.11478750146834274,0.11299999999982901
2021-08-06,Friday,252,87317,1803.501,1803.751,1758.7005,1763.9685,2.4979470485461364,-2.1919865860900565,0.8775152329052947,1.120602745550252,0.10190942404757011,0.11200000000008004
2021-08-09,Monday,276,148287,1719.1815000000001,1752.7625,1706.131,1731.5565000000001,2.712424488048525,0.7198192860963196,0.2653785531239615,1.4740010913693151,0.06995076443057795,0.06299999999987449
2021-08-10,Tuesday,276,91847,1731.5495,1738.3405,1717.804,1726.99,1.1860186497700431,-0.26331906769053215,0.22201933143427974,0.9051842191575886,0.06287763065310589,0.06200000000012551
2021-08-11,Wednesday,276,101031,1726.999,1754.5045,1724.079,1752.426,1.7617555076754565,1.4723227981023677,0.8357134640350975,0.948123372095697,0.06461136712749513,0.06299999999987449
2021-08-12,Thursday,276,86798,1752.411,1758.205,1741.6219999999998,1753.5149999999999,0.9462962741046527,0.06299891977394655,0.06657420249652107,0.6658770844018813,0.06476381844192972,0.06299999999987449
2021-08-13,Friday,252,71781,1753.482,1780.0515,1751.751,1779.659,1.613960109085811,1.492858210121355,0.9249659900001795,0.680441808546505,0.06878502973067423,0.06299999999987449
2021-08-16,Monday,276,74453,1778.8635,1789.325,1770.9395,1787.607,1.0335531647031992,0.4915216934857588,0.47556498327486313,0.6505724690031676,0.08224555964606318,0.06300000000010186
2021-08-17,Tuesday,276,71089,1787.574,1795.6695,1780.6444999999999,1786.276,0.8405246440147424,-0.07261237856446792,0.08638935108153038,0.7252840793996761,0.10439547732236908,0.11200000000008004
2021-08-18,Wednesday,276,72332,1786.271,1793.835,1777.3725,1787.4814999999999,0.921612678031502,0.06776687299966863,0.07353075170842242,0.7640716957267648,0.10686889411166844,0.11200000000008004
2021-08-19,Thursday,276,81114,1787.479,1792.516,1774.2930000000001,1779.112,1.019480508582196,-0.46808941531620574,0.45914503649234384,0.80714438592787,0.09311605551311307,0.11199999999985266
2021-08-20,Friday,252,62956,1779.12,1788.4895000000001,1778.4295000000002,1781.385,0.5654480866945426,0.12731013085121298,0.22514910536780441,0.5682433054774341,0.09530570558094525,0.11200000000008004
2021-08-23,Monday,276,64188,1778.763,1806.482,1776.563,1804.9085,1.6820116001963088,1.4698697915349084,0.8738761322236772,0.7340659725647775,0.10890807012935805,0.11200000000008004
2021-08-24,Tuesday,276,56402,1804.862,1809.652,1800.8285,1801.855,0.4888739416088303,-0.16660553549246768,0.340794469314906,0.6638787022307914,0.11333295117345693,0.11299999999982901
2021-08-25,Wednesday,276,66014,1801.8654999999999,1802.7424999999998,1782.606,1791.6705000000002,1.1175362422999853,-0.5658024974671921,0.506294539766086,0.752633636265257,0.11276091380555495,0.11200000000008004
2021-08-26,Thursday,276,65999,1791.6675,1798.2615,1780.1005,1793.601,1.013636737843381,0.10791622887617788,0.10646440173999716,0.7063890790069545,0.10706095212801196,0.11200000000008004
2021-08-27,Friday,252,76994,1793.5504999999998,1819.275,1784.5605,1816.9279999999999,1.9355184033011643,1.3034202270858866,0.6734217690014267,0.8334454633198843,0.11043242313776704,0.11200000000008004
2021-08-30,Monday,276,53947,1818.5365000000002,1823.3075,1807.8,1810.536,0.8527461505446788,-0.4399416783770962,0.5159116556505003,0.4941102737554366,0.11308364149801711,0.11299999999982901
2021-08-31,Tuesday,276,64887,1810.491,1819.1965,1801.694,1814.563,0.9667267056284762,0.22491136382341123,0.23265247821740345,0.732007076946696,0.11384130293159717,0.11299999999982901
2021-09-01,Wednesday,276,61453,1814.576,1820.0615,1808.7385,1813.17,0.6240025218012414,-0.07748366560562628,0.1241720392122174,0.6677853297131298,0.11331214878244505,0.11299999999982901
2021-09-02,Thursday,276,51458,1813.1675,1817.1585,1804.9805000000001,1809.5145,0.6716423055233387,-0.20147063081596264,0.2999671538840577,0.6222725082445615,0.11342835729372444,0.11200000000008004
2021-09-03,Friday,252,64086,1809.5124999999998,1834.0085,1809.0285,1827.723,1.380482312224979,1.0063760266922799,0.7290032025620546,0.9045307027928275,0.11356870037908412,0.11299999999982901
2021-09-06,Monday,228,33659,1827.695,1828.5655000000002,1821.4650000000001,1823.6680000000001,0.38849479809268017,-0.22033216701910419,0.5671431589324428,0.3647135347673537,0.11249911519339406,0.11200000000008004
2021-09-07,Tuesday,276,66438,1823.6705000000002,1827.3294999999998,1792.43,1795.741,1.9136954839155296,-1.5314992483565528,0.8002836716858517,0.8910367686024472,0.11678387117635723,0.11299999999982901
2021-09-08,Wednesday,276,71129,1795.739,1802.2465000000002,1782.4505,1790.841,1.102387373666233,-0.27275678703865863,0.24742372196403667,0.8308099926441957,0.10092236646644878,0.11200000000008004
2021-09-09,Thursday,276,70726,1790.8325,1801.0430000000001,1783.902,1794.8445000000002,0.9571526091915395,0.2240298855420689,0.23405868969139215,0.6847284187630807,0.09792887514495593,0.11200000000008004
2021-09-10,Friday,252,64248,1794.8204999999998,1803.922,1787.23,1787.7640000000001,0.9300094354839389,-0.3931590930680638,0.4227474239156293,0.7334024539552745,0.10756836461125846,0.11200000000008004
2021-09-13,Monday,276,64470,1787.44,1798.464,1783.742,1793.105,0.8236360381327473,0.316933715257573,0.38479826110582604,0.521211778596185,0.084179763537787,0.06300000000010186
2021-09-14,Tuesday,276,69496,1793.1064999999999,1808.74,1780.4295000000002,1803.841,1.5788521206074386,0.5986537888296108,0.379170272513735,0.9003787288265357,0.09518822909114813,0.11200000000008004
2021-09-15,Wednesday,276,64383,1803.8515,1806.9135,1790.754,1795.152,0.895833165867601,-0.4822736239651625,0.5383520529719256,0.6309354705237139,0.10614761997786085,0.11200000000008004
2021-09-16,Thursday,276,101304,1795.1064999999999,1796.2015000000001,1745.2795,1753.942,2.836711916535316,-2.293150852052503,0.8083834099210526,0.8675216555368702,0.08018461440488957,0.06299999999987449
2021-09-17,Friday,252,89817,1753.9405000000002,1767.5515,1747.4054999999998,1754.6855,1.1486136502350097,0.042475785239002736,0.03698004566662782,0.8169063517108619,0.06378468536770225,0.06299999999987449
2021-09-20,Monday,276,85232,1754.2179999999998,1767.051,1742.1515,1765.0484999999999,1.4194073940639071,0.6173976096471493,0.4349685736661392,0.7806226932268211,0.06394816150428155,0.06299999999987449
2021-09-21,Tuesday,276,77165,1765.0165,1781.8535000000002,1757.9685,1774.9814999999999,1.3532451396346843,0.5645839571471382,0.41720745237596096,0.6610140809113217,0.06415134012590029,0.06299999999987449
2021-09-22,Wednesday,276,98318,1774.9865,1787.3139999999999,1764.732,1767.0520000000001,1.2722350282664054,-0.44701748435832295,0.35136391816490503,1.1370354947238595,0.06777709195036781,0.06299999999987449
2021-09-23,Thursday,276,99053,1767.0835,1776.6599999999999,1737.8225,1746.298,2.1978304930129147,-1.1762602050214355,0.5351915030576126,0.988841117577325,0.06541234770532317,0.06299999999987449
2021-09-24,Friday,252,79809,1746.301,1757.6605,1740.511,1750.594,0.982047195758348,0.2458339083583025,0.2503279979008206,0.788960884437687,0.06329288616486389,0.06299999999987449
2021-09-27,Monday,276,82673,1749.6354999999999,1760.895,1744.9085,1751.3115,0.9137045973289853,0.09579138054755738,0.10483845744848219,0.6945607444624083,0.06438694913037746,0.06299999999987449
2021-09-28,Tuesday,276,106418,1751.315,1754.5104999999999,1728.1685,1735.3995,1.504126898930225,-0.9087742639102654,0.6041872295194042,1.0136865533821366,0.06578097005375112,0.06299999999987449
2021-09-29,Wednesday,276,94651,1735.409,1745.5720000000001,1721.6715,1728.923,1.377225772137876,-0.3737447483561572,0.27137507583523574,0.7734983774125879,0.06395387653691888,0.06200000000012551
2021-09-30,Thursday,276,98408,1728.954,1764.2795,1722.3115,1753.1775,2.42736359671802,1.4010494206323627,0.5771897636294323,0.9313992917388377,0.06652157931427963,0.06299999999987449
2021-10-01,Friday,252,95096,1753.1705,1764.326,1749.7849999999999,1760.603,0.8294116288176289,0.4239462162978511,0.5111409119042729,0.81334876251045,0.06335657740758538,0.06299999999987449
2021-10-04,Monday,276,91624,1763.251,1770.5875,1747.775,1768.1725000000001,1.2937749645399323,0.2791151118020152,0.21573698630137647,0.87029864536205,0.06504709406066804,0.06299999999987449
2021-10-05,Tuesday,276,83797,1768.1415,1768.42,1748.7055,1759.387,1.1149842928295075,-0.49512440039442585,0.4440640137969509,0.6918183905395168,0.06434479643848033,0.06299999999987449
2021-10-06,Wednesday,276,96028,1759.385,1765.163,1746.022,1764.0465,1.0879369779781047,0.26495053669321567,0.24353482054228692,0.776856666602558,0.06691259164807065,0.06299999999987449
2021-10-07,Thursday,276,78404,1764.013,1766.991,1752.0349999999999,1755.194,0.847839556737968,-0.4999396262952688,0.5896630115003934,0.6725829009428547,0.06478694000523862,0.06299999999987449
2021-10-08,Friday,252,94259,1755.1970000000001,1781.3925,1753.4195,1757.362,1.5937242372223719,0.12334797746349632,0.0773960604868969,0.9924020659807242,0.06877175868271726,0.06299999999987449
2021-10-11,Monday,276,67145,1754.056,1761.048,1750.2285,1753.3944999999999,0.6168275129186332,-0.037712592984497646,0.06113960903924916,0.6047293838478984,0.063437777777778,0.06299999999987449
2021-10-12,Tuesday,276,86478,1753.4344999999998,1769.4,1750.7955,1760.462,1.0610319347543433,0.4007848596568704,0.3777311940659567,0.8245836339861149,0.06548502801210553,0.06299999999987449
2021-10-13,Wednesday,276,90084,1760.431,1796.219,1757.926,1791.8025,2.175205958086407,1.782035194790365,0.8192489488940504,1.096238001306798,0.08509185051778435,0.06300000000010186
2021-10-14,Thursday,276,60929,1791.798,1800.5565000000001,1786.7465,1795.479,0.7707342010650851,0.20543610384652958,0.26654598117306255,0.6253236982003922,0.10479944601991738,0.11200000000008004
2021-10-15,Friday,252,79625,1795.4765,1796.5185000000001,1764.8815,1767.5774999999999,1.7620392135458285,-1.5538493541965106,0.8818472042229024,0.7534640240613377,0.08343306259627527,0.06300000000010186
2021-10-18,Monday,276,90623,1771.083,1772.118,1760.3764999999999,1764.048,0.662955942776261,-0.39721458565183454,0.5991568368607103,0.7347259965441708,0.06559548950593204,0.06299999999987449
2021-10-19,Tuesday,276,85409,1764.0639999999999,1785.1625,1763.3685,1768.761,1.2354427050265677,0.26626018103652227,0.21551803248601195,0.8021427016082457,0.06900549310168683,0.06299999999987449
2021-10-20,Wednesday,276,81109,1768.7640000000001,1788.4679999999998,1766.9385,1781.5075000000002,1.2172059132818098,0.7204748626724673,0.591908776330157,0.7704753910570022,0.0693520091995157,0.06299999999987449
2021-10-21,Thursday,276,85976,1781.4755,1789.5665,1776.5045,1784.6945,0.7332124410355291,0.1806929143847362,0.24644005512173298,0.7072029073522933,0.07241194010912409,0.06299999999987449
2021-10-22,Friday,252,80361,1784.6615000000002,1813.8895,1782.963,1793.0025,1.73290565185611,0.46737154356721955,0.2697039755549411,0.9960893123744649,0.10089009785807114,0.11200000000008004
2021-10-25,Monday,276,65581,1794.4965000000002,1810.063,1792.3319999999999,1807.942,0.988076599759332,0.7492630941325218,0.7583046641475181,0.6207542593528533,0.10802722063037375,0.11200000000008004
2021-10-26,Tuesday,276,77591,1807.9270000000001,1807.998,1782.391,1793.654,1.416373559330657,-0.7894677163403245,0.5573866520873259,0.7840439086200014,0.08738239491437423,0.06300000000010186
2021-10-27,Wednesday,276,90831,1793.6705,1799.1264999999999,1783.5475000000001,1796.683,0.8685541742477074,0.16795169458381823,0.19336927915784705,0.7757599508333667,0.06438701431492969,0.06299999999987449
2021-10-28,Thursday,276,108951,1796.6525000000001,1810.48,1792.406,1799.675,1.0059819581137737,0.16822952685618442,0.16722916897199278,0.8572646168948327,0.06527671695986972,0.06299999999987449
2021-10-29,Friday,252,108170,1799.6585,1800.0435,1771.9885,1783.396,1.5589068703868019,-0.9036436635061621,0.5796649438602748,0.9154735312231363,0.06589439859288469,0.06299999999987449
2021-11-01,Monday,276,77567,1780.12,1795.8455,1780.0884999999998,1792.1465,0.885165045053146,0.6756005213131794,0.7632480802183234,0.7063900996772522,0.06503716017993365,0.06299999999987449
2021-11-02,Tuesday,276,77066,1792.1770000000001,1796.449,1786.4485,1787.2245,0.5580085002764851,-0.2763398927672936,0.49522523873806806,0.6254430977641959,0.06473602157610776,0.06299999999987449
2021-11-03,Wednesday,276,111334,1787.2015000000001,1787.679,1758.7939999999999,1777.342,1.6162139523719188,-0.5516725450375922,0.34133633373723216,0.8937717548698398,0.06856998908927556,0.06299999999987449
2021-11-04,Thursday,276,87626,1777.3735000000001,1798.9940000000001,1770.8625,1791.417,1.5827568037894222,0.7901265547168204,0.4992090716811999,0.7312760562193368,0.06584574398960157,0.06299999999987449
2021-11-05,Friday,252,101595,1791.422,1818.3685,1785.1419999999998,1818.2240000000002,1.8547556075564673,1.4961298901096522,0.8066452981806679,0.9195691091649841,0.06675325565455849,0.06299999999987449
2021-11-08,Monday,276,81639,1815.9299999999998,1826.4955,1812.5035,1824.601,0.7705142819381784,0.47749637926573585,0.6197112635792096,0.7098720085016705,0.06480271418606125,0.06299999999987449
2021-11-09,Tuesday,276,88062,1824.598,1832.7235,1819.2730000000001,1829.9605000000001,0.7371760793336352,0.29390035503711953,0.3986840637894661,0.6833532732252557,0.0670629255989897,0.06299999999987449
2021-11-10,Wednesday,276,113379,1829.958,1868.6725,1822.4560000000001,1848.6105,2.5255497667159448,1.0192856885239945,0.40358962708123747,1.2684551754391253,0.06738366258019444,0.06299999999987449
2021-11-11,Thursday,276,82002,1848.5935,1866.0885,1842.96,1862.386,1.25114039403471,0.7461077841072155,0.5963421752383423,0.8061403087016222,0.06537976464568805,0.06299999999987449
2021-11-12,Friday,264,86401,1862.3845000000001,1868.8335,1845.329,1864.461,1.2620648421418887,0.11149684718702803,0.08834478504115789,0.7744944101109377,0.0646162034299215,0.06299999999987449
2021-11-15,Monday,276,78156,1865.5895,1870.5675,1856.4085,1862.487,0.7589558153066419,-0.16630132191459931,0.21911858182074584,0.64257567254609,0.06493369495852012,0.06299999999987449
2021-11-16,Tuesday,276,99129,1862.4560000000001,1877.1665,1849.7435,1850.4115000000002,1.4724106233919083,-0.6466998414996097,0.439211610691754,0.8647311735509549,0.06692377074851298,0.06299999999987449
2021-11-17,Wednesday,276,78546,1850.4125,1868.163,1849.6295,1866.5785,1.0015874838718397,0.8736430390521124,0.8722583430005214,0.6052988709784699,0.06379003986584793,0.06299999999987449
2021-11-18,Thursday,276,83775,1866.607,1871.0205,1855.214,1859.6785,0.8468038531946008,-0.3711815074088967,0.4383323316357146,0.7569899159948146,0.06648958333333191,0.06299999999987449
2021-11-19,Friday,264,101433,1859.685,1865.821,1843.0149999999999,1846.296,1.2263367183152007,-0.7199606384952235,0.5870823467508495,1.1026288481887696,0.06608317868504866,0.06299999999987449
2021-11-22,Monday,276,114405,1845.009,1849.146,1802.3025,1809.0965,2.538930704403065,-1.9464674698063753,0.766648521139538,1.1462235494061632,0.0694936204643054,0.06299999999987449
2021-11-23,Tuesday,276,112651,1809.1264999999999,1812.47,1782.0135,1790.9745,1.683492005672351,-1.0033571450089211,0.5959975703051832,0.9895697875945229,0.06594779669504154,0.06299999999987449
2021-11-24,Wednesday,276,98783,1791.01,1796.404,1778.57,1789.7635,0.9957510008319361,-0.06959760135342455,0.06989458338005859,0.7420212624655684,0.06533758918512897,0.06299999999987449
2021-11-25,Thursday,225,44288,1789.798,1795.127,1787.951,1792.728,0.40093910039009606,0.1637056248805767,0.40830546265330153,0.43046374099640444,0.06386986134760396,0.06299999999987449
2021-11-26,Friday,222,108720,1792.7165,1815.667,1780.434,1788.106,1.965341424592229,-0.25717953731111426,0.1308574347912471,1.1197101988277658,0.09042484954673455,0.06299999999987449
2021-11-29,Monday,276,98888,1795.5395,1799.461,1781.2215,1786.9255,1.0158228209404419,-0.4797443888034784,0.4722717179747294,0.6931716241412184,0.06647853065276545,0.06299999999987449
2021-11-30,Tuesday,276,139368,1786.916,1808.777,1769.9305,1773.3065000000001,2.173941024648059,-0.761619460567805,0.3503404425109022,1.1580176752703517,0.0694091077836903,0.06299999999987449
2021-12-01,Wednesday,276,121638,1773.3094999999998,1794.747,1772.6979999999999,1781.925,1.243381372512819,0.48584299582222457,0.39074334436936053,1.04267375811205,0.06686577222703192,0.06299999999987449
2021-12-02,Thursday,276,104016,1781.9125,1782.0705,1761.941,1769.089,1.1296570398378152,-0.7196481308706217,0.6370501005986221,0.8425058614425434,0.06762394866363407,0.06299999999987449
2021-12-03,Friday,264,109971,1769.0855000000001,1786.1725000000001,1766.1779999999999,1783.5140000000001,1.1302167136636552,0.815590880146832,0.7216234464477637,0.8754522006427842,0.06461581662639757,0.06299999999987449
2021-12-06,Monday,276,77838,1783.033,1787.7835,1775.7565,1781.0304999999998,0.6745248124964621,-0.11230863365961564,0.1665003741581481,0.6309744325152904,0.06451743084501652,0.06299999999987449
2021-12-07,Tuesday,276,74343,1780.9985000000001,1787.891,1772.2485000000001,1784.8195,0.8782994483150843,0.2145425726074397,0.2442704171328068,0.6621203382020342,0.06599512445470933,0.06299999999987449
2021-12-08,Wednesday,276,78999,1784.7855,1793.161,1779.6795,1783.5945000000002,0.7553568762184641,-0.06673070797582138,0.08834328524272485,0.6028501182171736,0.06681728395061674,0.06299999999987449
2021-12-09,Thursday,276,77295,1783.5735,1787.654,1773.5175,1776.4270000000001,0.7925941936230869,-0.4006843564338578,0.5055353163795705,0.6801093644438282,0.06661049477174036,0.06299999999987449
2021-12-10,Friday,264,76587,1776.429,1789.6129999999998,1770.1689999999999,1782.905,1.0945554255193966,0.3645515807273967,0.33305904134951136,0.690732400012119,0.06869052289792399,0.06299999999987449
2021-12-13,Monday,276,62162,1783.3175,1791.681,1781.875,1785.8220000000001,0.5498740409377488,0.14044049923807775,0.25540485417091546,0.5503222882366431,0.06760590074247771,0.06299999999987449
2021-12-14,Tuesday,276,74097,1785.854,1789.5615,1766.519,1772.5529999999999,1.290279048567241,-0.7447977270258463,0.5772377129217814,0.5922668721077121,0.06832954987676858,0.06299999999987449
2021-12-15,Wednesday,276,104177,1772.585,1781.5835,1753.153,1779.5555,1.603900518169788,0.3932392522784466,0.245176834737339,0.8310960214974935,0.06790841977979989,0.06299999999987449
2021-12-16,Thursday,276,83342,1779.5665,1799.721,1775.604,1798.808,1.3552176892518466,1.081246472104307,0.7978396981382476,0.6505927509035043,0.0679624145071223,0.06299999999987449
2021-12-17,Friday,264,76701,1798.838,1814.291,1795.8935000000001,1798.164,1.022743571127573,-0.037468632528330964,0.03663541242016498,0.6912908096812181,0.07088811234487363,0.06299999999987449
2021-12-20,Monday,276,72709,1800.1655,1804.1885,1788.3854999999999,1791.7175,0.8778637297515206,-0.4692901847080223,0.5345820413845493,0.7016640307467461,0.06483174322360487,0.06299999999987449
2021-12-21,Tuesday,276,68144,1791.722,1800.501,1784.9475,1790.5665,0.8680755161794065,-0.06449103153279775,0.07429196000900605,0.5699825345942885,0.06801098191214686,0.06299999999987449
2021-12-22,Wednesday,276,61570,1790.5700000000002,1805.062,1785.946,1803.7615,1.067593001111377,0.7367207090479514,0.6900763758108347,0.4894012365661329,0.06528485436893265,0.06299999999987449
2021-12-23,Thursday,264,57441,1803.7595000000001,1810.7875,1798.909,1808.5515,0.6585412301362683,0.2656673464505615,0.4034179399755858,0.5277219444255239,0.06593632026550543,0.06299999999987449
2021-12-27,Monday,276,53322,1807.3600000000001,1813.4845,1803.039,1812.4475,0.5779424132436282,0.2814879160764797,0.48705184050546596,0.4645889247322737,0.06384356099218498,0.06299999999987449
2021-12-28,Tuesday,276,58089,1812.46,1820.291,1805.1064999999999,1806.6595,0.8377840062677284,-0.3200346490405337,0.38200138298923436,0.5476535444659433,0.06587636974789877,0.06299999999987449
2021-12-29,Wednesday,276,66319,1806.6570000000002,1807.726,1789.5120000000002,1804.626,1.008160375765845,-0.11241757566600502,0.11150763149226875,0.6091212928699312,0.06606863780359176,0.06299999999987449
2021-12-30,Thursday,276,61965,1804.6325000000002,1817.2165,1796.318,1815.8029999999999,1.158047414085694,0.6189902930374865,0.5345120463191001,0.5788418805815608,0.06456760471204132,0.06299999999987449
2021-12-31,Friday,240,57514,1815.804,1828.8225,1814.8035,1827.7145,0.7720546931276727,0.6559353322274847,0.8495969755332015,0.5428335170125427,0.06451260568207885,0.06299999999987449
2022-01-03,Monday,276,76032,1828.5535,1831.642,1798.404,1804.201,1.8177209471858524,-1.3317904015387005,0.7326704374511078,0.6953393846306105,0.06836111842105329,0.06299999999987449
2022-01-04,Tuesday,276,78887,1804.2269999999999,1816.78,1798.5520000000001,1813.9735,1.0102941592160986,0.540203643998244,0.5346993636164298,0.6184115498205707,0.06463439287984676,0.06299999999987449
2022-01-05,Wednesday,276,79763,1813.9855,1829.691,1808.3585,1810.344,1.1760016824831279,-0.200745816325431,0.17070198054611294,0.7741706257257561,0.06652236523512091,0.06299999999987449
2022-01-06,Thursday,276,98864,1810.3745,1811.5755,1786.4325,1791.4645,1.3888286650082637,-1.0445352605220553,0.7520979994431783,0.8635471662630264,0.0675216689432508,0.06299999999987449
2022-01-07,Friday,264,85401,1791.4805000000001,1798.704,1782.6485,1796.9995,0.8962140531253305,0.3080692198435751,0.34374513406619533,0.9576825664888704,0.06443489583333303,0.06299999999987449
2022-01-10,Monday,276,77389,1795.2175,1802.999,1790.3375,1801.325,0.7052905845670474,0.3402094732253932,0.48236780792166056,0.6348732044243303,0.06545236428434939,0.06299999999987449
2022-01-11,Tuesday,276,77453,1801.2955,1823.3490000000002,1801.2955,1820.8220000000001,1.2243132789706193,1.0840253584156607,0.8854150134899214,0.564743801189617,0.06667218064029234,0.06299999999987449
2022-01-12,Wednesday,276,74672,1820.8139999999999,1828.1605,1814.7645,1825.377,0.7357149055312601,0.25060220319044685,0.34062406688564617,0.5178915703578525,0.06976311930115463,0.06299999999987449
2022-01-13,Thursday,276,71751,1825.3795,1828.2069999999999,1812.3944999999999,1820.9180000000001,0.866258221920428,-0.24441492851211966,0.2821501976284514,0.6132181246662819,0.06627238496394063,0.06299999999987449
2022-01-14,Friday,264,79419,1820.917,1829.245,1814.7295,1817.739,0.7971533024294888,-0.174527449631141,0.2189383762185174,0.6423009050940907,0.06866131872432234,0.06299999999987449
2022-01-17,Monday,243,41133,1816.4765,1823.241,1813.2085,1819.1909999999998,0.5523055211559317,0.14943766131848205,0.27057064540242304,0.3669629242402897,0.08137676413255306,0.06299999999987449
2022-01-18,Tuesday,276,92098,1819.1465,1822.8615,1805.83,1814.31,0.9362357567133845,-0.26586643791470965,0.28397381322843557,0.958224947045847,0.07516862769383247,0.06299999999987449
2022-01-19,Wednesday,276,84042,1814.3315,1843.426,1810.2755,1838.5945000000002,1.827146803106266,1.3372969603404972,0.7319044961614507,0.6832108509692948,0.06832793623116261,0.06299999999987449
2022-01-20,Thursday,276,81858,1838.5955,1847.996,1835.96,1838.989,0.6546301239179612,0.021402206194898823,0.03269358590895057,0.6461713523482957,0.06648366538794602,0.06299999999987449
2022-01-21,Friday,264,85169,1838.995,1843.295,1828.546,1834.7640000000001,0.8020141435947364,-0.23007131612645862,0.28686690623091465,0.7355933692784744,0.06745888645443994,0.06299999999987449
2022-01-24,Monday,276,91010,1834.7984999999999,1844.371,1829.737,1843.621,0.7975807697684523,0.48084299175087725,0.6028768621019687,0.7420725136412941,0.06556129313566714,0.06299999999987449
2022-01-25,Tuesday,276,86426,1843.6264999999999,1853.885,1834.9665,1849.626,1.0261568707110684,0.32541840768724717,0.31712345059069835,0.8497765909236673,0.06659725600249455,0.06299999999987449
2022-01-26,Wednesday,276,107619,1849.605,1849.6095,1814.94,1822.0285,1.8744272425734128,-1.4909399574503812,0.7954109519895051,0.9321631465507838,0.06943084633929637,0.06299999999987449
2022-01-27,Thursday,276,109569,1822.024,1822.049,1791.8605,1797.3049999999998,1.6568662103243414,-1.356678067906902,0.8188217367540643,1.0085213660032621,0.07349492540963538,0.06299999999987449
2022-01-28,Friday,264,97597,1797.3315,1799.4425,1780.365,1791.734,1.0614346880361303,-0.3114339230130937,0.293408465469797,0.849708242527532,0.06746083635421911,0.06299999999987449
2022-01-31,Monday,276,81418,1789.594,1799.941,1785.625,1797.838,0.7999579792958643,0.4606631448250226,0.5758591785414848,0.648465564480647,0.06574777261889857,0.06299999999987449
2022-02-01,Tuesday,276,81691,1797.8355000000001,1808.824,1795.8175,1800.7939999999999,0.7234532859096374,0.16455899330054005,0.22746319148116248,0.6049200459966161,0.06795196034822308,0.06299999999987449
2022-02-02,Wednesday,276,73909,1800.8105,1810.836,1794.5549999999998,1807.9299999999998,0.9040929070549165,0.39534976056613336,0.43728886432035574,0.5927912086338877,0.06732108317214659,0.06299999999987449
2022-02-03,Thursday,276,88825,1807.8975,1809.031,1788.721,1805.8184999999999,1.1234043965434957,-0.11499545743053344,0.10236336779912279,0.7021136940023874,0.06661739749983962,0.06299999999987449
2022-02-04,Friday,264,93115,1805.791,1814.962,1792.2759999999998,1807.8319999999999,1.2562915641954218,0.11302526150589631,0.08996738076346322,1.0221877738839664,0.06657717233170102,0.06299999999987449
2022-02-07,Monday,276,75580,1810.1345000000001,1823.603,1808.799,1822.1035,0.8178397793092219,0.6612215832580298,0.8084977033234094,0.581227519585896,0.06672368669392861,0.06299999999987449
2022-02-08,Tuesday,274,67275,1822.079,1828.8365,1815.547,1826.2345,0.7293591551189527,0.228063656954505,0.31269046991987043,0.48308408218740684,0.06890090552951014,0.06299999999987449
2022-02-09,Wednesday,262,63663,1826.5935,1835.8835,1824.704,1832.641,0.612040938501093,0.33108077960422655,0.5409454805671227,0.46843518701071657,0.06773738532110185,0.06299999999987449
2022-02-10,Thursday,276,105607,1832.6425,1841.9785,1821.7415,1826.8965,1.104252466042878,-0.3135363280072282,0.28393536591391555,0.8063505658190047,0.07014987994439498,0.06299999999987449
2022-02-11,Friday,264,125836,1826.8645000000001,1865.432,1820.9305,1859.0549999999998,2.435949683186688,1.762062813087654,0.7233576396301169,1.0256389499925325,0.0707285540393375,0.06299999999987449
2022-02-14,Monday,276,110664,1859.6680000000001,1874.202,1850.8625,1871.1480000000001,1.2550358451078387,0.6173144883925528,0.4918700057841855,0.8853164207359934,0.06839835843001697,0.06299999999987449
2022-02-15,Tuesday,276,102300,1871.1705,1879.5665,1844.6015000000002,1853.0635,1.8686164622625085,-0.9676830625536247,0.5178607178607216,1.038361640050429,0.07329568981742719,0.06299999999987449
2022-02-16,Wednesday,276,84931,1853.0505,1872.612,1850.3745,1870.0059999999999,1.2000482447726157,0.9150047448787715,0.7624732996065053,0.6723518031148273,0.06578804381846652,0.06299999999987449
2022-02-17,Thursday,276,117854,1870.038,1901.2489999999998,1867.8719999999998,1900.0435,1.7848300408868671,1.604539586896094,0.898987326602152,0.9442935554639629,0.07278863748763552,0.06299999999987449
2022-02-18,Friday,264,90010,1900.077,1902.4955,1886.6475,1897.9070000000002,0.8340714613144602,-0.11420589797149511,0.13692579505299415,0.7401053445029957,0.06750927661775283,0.06299999999987449
2022-02-21,Monday,243,78546,1904.961,1914.2165,1887.662,1909.548,1.3939655457513282,0.2407923311815827,0.17273908377111208,0.8602382151505661,0.1099744350282481,0.06299999999987449
2022-02-22,Tuesday,276,103235,1909.547,1913.9245,1891.4625,1898.258,1.1762999287265508,-0.5911873339593101,0.5025821387231766,0.8922345645484067,0.10096055713053216,0.06300000000010186
2022-02-23,Wednesday,276,84978,1898.2559999999999,1911.6235000000001,1889.6675,1910.8575,1.1566406217075111,0.6638461830227438,0.5739433412279167,0.689122126033523,0.06805421875981564,0.06299999999987449
2022-02-24,Thursday,276,248346,1910.854,1974.4315000000001,1878.0500000000002,1906.6315,5.043896603298837,-0.22097449622001897,0.043810274793400016,2.161194368847232,0.09188605751729136,0.06299999999987449
2022-02-25,Friday,264,146764,1906.634,1921.7845,1882.873,1889.1025,2.040847902638888,-0.9195000194059295,0.4505480384976185,1.298342574980315,0.06828224825555314,0.06299999999987449
2022-02-28,Monday,276,142125,1910.281,1919.4825,1890.9255,1906.3674999999998,1.4949109581260567,-0.2048651481117235,0.13704170606156496,1.264993459717869,0.0708509803921572,0.06299999999987449
2022-03-01,Tuesday,276,137935,1906.336,1950.339,1901.417,1942.3690000000001,2.566284222718347,1.8901704631292766,0.7365397980458712,1.066381366861082,0.066071665846457,0.06299999999987449
2022-03-02,Wednesday,276,156305,1942.364,1947.906,1913.908,1928.9054999999998,1.7503413366392728,-0.6928927842567194,0.39586152126596175,1.4386382558504627,0.07191441717791387,0.06299999999987449
2022-03-03,Thursday,276,121872,1928.9365,1941.3435,1922.138,1934.97,0.9956522674541143,0.31278893836059424,0.31415479940641977,0.9279136588967346,0.06961249922882365,0.06299999999987449
2022-03-04,Friday,264,152634,1934.979,1970.9434999999999,1929.7865000000002,1970.417,2.1269998279050935,1.8314410647350632,0.8610442938017867,1.1877648595874817,0.07203085830629136,0.06299999999987449
2022-03-07,Monday,276,222754,1988.7,2002.816,1961.0755,1998.8355000000001,2.098883692864691,0.5096545481973195,0.24282171991231696,1.7878743498060623,0.08218675432188971,0.06299999999987449
2022-03-08,Tuesday,276,317513,1998.8535,2070.5245,1981.1554999999998,2043.9275,4.4710130082069615,2.2549926745506896,0.5043583345455359,2.7032892988990667,0.08410899981670518,0.06299999999987449
2022-03-09,Wednesday,276,262602,2043.899,2059.27,1976.2255,1989.967,4.063043232566774,-2.6386822440834794,0.6494349415072619,2.1132083585538175,0.0762716724378838,0.06299999999987449
2022-03-10,Thursday,276,206018,1989.9625,2009.202,1970.7125,1995.4865,1.9341821767998095,0.2775931707255733,0.14351966120630044,1.6647355847808114,0.07225382394495936,0.06299999999987449
2022-03-11,Friday,264,162801,1995.4885,1997.408,1958.726,1988.2465,1.938472709815155,-0.36291865375320187,0.1872188614859625,1.4941287805784151,0.07712143412862985,0.06299999999987449
2022-03-14,Monday,276,132387,1974.3635,1978.9655,1949.7925,1952.284,1.477590119549921,-1.11830977426395,0.7568470846330451,1.1362295619196028,0.07772568578553575,0.06299999999987449
2022-03-15,Tuesday,276,154208,1952.2765,1952.308,1907.116,1918.185,2.31483603885003,-1.746243424023185,0.7543702425208,1.2944784684220116,0.08693678950655888,0.06299999999987449
2022-03-16,Wednesday,276,152591,1918.1825,1929.524,1895.0495,1927.1335,1.7972481763335768,0.4666396445593692,0.25964118406358533,1.400023464526582,0.0737214825926616,0.06299999999987449
2022-03-17,Thursday,276,117765,1927.1295,1949.7894999999999,1925.6570000000002,1944.0475000000001,1.252251081206515,0.8778859957257735,0.7010463068476256,0.9209616752160121,0.07057975632614645,0.06299999999987449
2022-03-18,Friday,252,113279,1944.0145,1945.4395,1918.0465,1921.3705,1.409094428050821,-1.1648061267032734,0.8266345416712292,1.046612592594013,0.07599348401547532,0.06299999999987449
2022-03-21,Monday,276,98978,1919.1075,1941.437,1918.012,1935.6785,1.2206194806700486,0.8634742972970462,0.7074066168623242,0.7703687629251279,0.07381360378807168,0.06299999999987449
2022-03-22,Tuesday,276,109111,1935.711,1938.431,1910.6779999999999,1919.7645,1.4337367509922792,-0.8238058263862744,0.574586531185815,0.8839644587057941,0.07207674800859806,0.06299999999987449
2022-03-23,Wednesday,276,93639,1919.763,1948.4295,1915.6745,1946.2055,1.7062001924195789,1.3773835624501625,0.8072813310944956,0.7854842041238409,0.07334119446746074,0.06299999999987449
2022-03-24,Thursday,276,111424,1946.173,1966.2710000000002,1937.5345,1959.3165,1.4765645191871537,0.67535106077414,0.4573799871243822,0.9925776879494266,0.07023211125158119,0.06299999999987449
2022-03-25,Friday,252,99732,1959.3365,1964.353,1943.279,1958.3429999999998,1.075568183413113,-0.05070594050588248,0.04714339944956044,0.8273059498478091,0.0700691225446902,0.06299999999987449
2022-03-28,Monday,276,130456,1957.3029999999999,1958.5055,1916.9975,1924.141,2.120673191631548,-1.6942701257802093,0.7989303266840073,1.1298379788818085,0.0859276417247561,0.06299999999987449
2022-03-29,Tuesday,276,134994,1924.1395,1929.3719999999998,1890.213,1916.454,2.035143501809504,-0.3994253015438874,0.19626394953906054,1.228757607295239,0.07550613189838559,0.06299999999987449
2022-03-30,Wednesday,276,107197,1916.4625,1938.5884999999998,1916.005,1934.144,1.1783950899117375,0.9226113216407791,0.7829388712998484,0.8395025039353406,0.07600788252495032,0.06299999999987449
2022-03-31,Thursday,276,110824,1934.175,1949.8600000000001,1919.237,1936.8020000000001,1.5832590122403634,0.1358201817312384,0.08578519413513294,0.8658824343169993,0.07816915981052062,0.06299999999987449
2022-04-01,Friday,252,111660,1936.8035,1939.5929999999998,1918.048,1924.5955,1.1123998898184482,-0.6303169113438758,0.5666279879322428,0.9039187818376799,0.07586043204442347,0.06299999999987449
2022-04-04,Monday,276,98287,1924.7350000000001,1936.8654999999999,1915.4499999999998,1931.5935,1.112646676035925,0.3563347681628807,0.32025869113491634,0.8120878987735974,0.07465203602689108,0.06299999999987449
2022-04-05,Tuesday,276,106509,1931.6100000000001,1944.6545,1917.967,1920.7185,1.3816194780519877,-0.5638560578998958,0.4081124121779926,0.8824959130085158,0.07062839287968674,0.06299999999987449
2022-04-06,Wednesday,276,123640,1920.717,1933.5819999999999,1914.987,1923.906,0.9681280480153921,0.166031747519278,0.17149771443935924,1.1263016112879563,0.07047624089182239,0.06299999999987449
2022-04-07,Thursday,276,99986,1923.883,1937.8455,1920.5965,1933.038,0.8965721927996554,0.4758605382967661,0.5307554061105039,0.7224986118168089,0.06870739045947499,0.06299999999987449
2022-04-08,Friday,252,91434,1933.0684999999999,1948.246,1927.7685000000001,1947.9675,1.0593261439002273,0.7707435096066237,0.7275790501770305,0.7442432702161325,0.07115497776257179,0.06299999999987449
2022-04-11,Monday,276,114376,1944.71,1969.835,1940.125,1952.8985,1.5277342122990079,0.4210653516462597,0.27561427128912713,0.9360135496917782,0.07826298985852023,0.06299999999987449
2022-04-12,Tuesday,276,112678,1952.8719999999998,1978.713,1949.7055,1965.9985000000001,1.4853764097186062,0.6721638694190047,0.4525208997673131,1.0854574746925143,0.07272392407442252,0.06299999999987449
2022-04-13,Wednesday,276,97523,1966.0304999999998,1981.632,1962.9450000000002,1977.1815000000001,0.9504939012899292,0.5671834694324577,0.5967249959865337,0.7369044734363269,0.07159164412005213,0.06299999999987449
2022-04-14,Thursday,252,95759,1977.1465,1980.3585,1960.6205,1973.2910000000002,0.998307409187941,-0.1950032534260811,0.19533387374606756,0.8369865823966434,0.08753711375212223,0.06299999999987449
2022-04-18,Monday,276,100504,1986.8535000000002,1998.4540000000002,1976.308,1977.2615,1.1146267200878266,-0.4827733901870519,0.43312562087961787,0.7401830890100941,0.07779564289301798,0.06299999999987449
2022-04-19,Tuesday,276,115173,1977.2915,1981.96,1943.7175,1949.8175,1.9340850855829836,-1.3894764631315075,0.7184153755638331,0.9234170082145465,0.07794738789859973,0.06299999999987449
2022-04-20,Wednesday,276,111113,1949.848,1958.432,1939.3875,1956.8965,0.976717159491405,0.36148971612146713,0.37010685499751184,0.7535638587995002,0.07524979859949216,0.06299999999987449
2022-04-21,Thursday,276,109320,1956.894,1957.4969999999998,1936.824,1950.9975,1.0564189986785064,-0.3013193356410751,0.28522710782180255,0.854727421188768,0.0728888958281289,0.06299999999987449
2022-04-22,Friday,252,122167,1950.964,1955.6145,1926.6275,1931.5995,1.4857783126700366,-0.9925606008106715,0.6680408458964365,1.1207583410556345,0.0749994632673594,0.06299999999987449
2022-04-25,Monday,276,142755,1932.761,1932.826,1891.5140000000001,1899.475,2.1374603481754804,-1.7221994856063454,0.8057223082881522,1.1204110450896894,0.08359789175194225,0.06299999999987449
2022-04-26,Tuesday,276,119572,1899.5075000000002,1911.2795,1895.749,1906.6295,0.8176066690971252,0.3749392934747477,0.4585815009175371,0.8882866473773929,0.07335057435960504,0.06299999999987449
2022-04-27,Wednesday,276,120969,1906.6435000000001,1907.0729999999999,1881.397,1885.733,1.346659719029799,-1.096717870960155,0.8143986602274591,1.0604480994621188,0.07602991293532352,0.06299999999987449
2022-04-28,Thursday,276,122077,1885.725,1896.835,1872.1995,1895.6154999999999,1.3064206074586746,0.5244932320460287,0.4014734833877915,0.9970664916793718,0.07809885071908633,0.06299999999987449
2022-04-29,Friday,252,112204,1895.6264999999999,1919.989,1894.5149999999999,1896.8200000000002,1.3438301268736306,0.06296071509869233,0.04685169192118652,0.9557847257642393,0.0797592455869521,0.06299999999987449
2022-05-02,Monday,276,110255,1897.3055,1898.5515,1854.5675,1863.25,2.31823499167635,-1.79494024552187,0.7742701891596944,1.056778991075209,0.0747158195679792,0.06299999999987449
2022-05-03,Tuesday,276,100233,1863.249,1878.1635,1850.4920000000002,1868.4295,1.4851208829308333,0.2780358395469386,0.18721428184232702,0.9257733524066029,0.07051424402004972,0.06299999999987449
2022-05-04,Wednesday,276,120012,1868.3980000000001,1894.2440000000001,1861.5885,1893.982,1.7477807190973267,1.3693014015215081,0.7834514859671349,1.3075248414236162,0.06954384399694197,0.06299999999987449
2022-05-05,Thursday,276,135674,1894.0215,1909.851,1872.5275,1874.3305,1.9705953707494974,-1.0396397295384467,0.5275764598711249,1.1010083489021625,0.07684575627373962,0.06299999999987449
2022-05-06,Friday,252,115791,1874.299,1892.6045,1866.0880000000002,1883.7305000000001,1.414742258305624,0.5032014635871941,0.3556841966322946,1.0132319083772803,0.07029044216770093,0.06299999999987449
2022-05-09,Monday,276,116587,1881.3435,1882.173,1851.777,1854.7359999999999,1.6156539196590076,-1.4142818682500071,0.8753618897223355,0.9070392836524502,0.07207241080277556,0.06299999999987449
2022-05-10,Tuesday,276,123466,1854.7045,1865.4155,1833.3085,1833.684,1.731111344152126,-1.1333611365044989,0.6547014669698229,0.9742088958284264,0.07375693673695961,0.06299999999987449
2022-05-11,Wednesday,276,129811,1833.7145,1858.2730000000001,1832.1154999999999,1854.1644999999999,1.4264761499132093,1.1152226805208671,0.7818025422918711,1.1008857029337098,0.07769472092730154,0.06299999999987449
2022-05-12,Thursday,276,138274,1854.163,1858.8455,1810.8795,1821.4795,2.5869354528161708,-1.7627091037843001,0.6813889004711705,1.0960071640517484,0.07499258305749781,0.06299999999987449
2022-05-13,Friday,252,105531,1821.5140000000001,1828.859,1799.17,1811.5905,1.6299078678505818,-0.544794055933696,0.3342483748189617,1.0285545239357272,0.07259281275331056,0.06299999999987449
2022-05-16,Monday,276,109852,1813.29,1829.384,1786.8415,1826.453,2.346149816080165,0.7259180826012392,0.3094082388200036,1.1481991963286997,0.06691188575704625,0.06299999999987449
2022-05-17,Tuesday,276,102814,1826.4885,1836.1505,1812.9865,1814.621,1.2682258880907264,-0.6497440306905757,0.5123251597306097,0.9181266352216418,0.06436159256468299,0.06299999999987449
2022-05-18,Wednesday,276,95976,1814.5895,1824.7730000000001,1807.3310000000001,1816.115,0.9612091329747035,0.08406860063942645,0.08746130030959551,0.8691902704933162,0.06474248471997132,0.06299999999987449
2022-05-19,Thursday,276,111098,1816.129,1849.2155,1810.9335,1842.172,2.107889913106389,1.4339840396800074,0.6802936105741646,0.9759803973537281,0.06313444904099311,0.06299999999987449
2022-05-20,Friday,252,90597,1842.1635,1849.4650000000001,1832.412,1846.5865,0.9257050202112956,0.24009812375501818,0.2593678531636513,0.7606613713604674,0.06314219841323683,0.06299999999987449
2022-05-23,Monday,276,87089,1846.3845000000001,1865.472,1845.856,1853.983,1.0624005996584127,0.4115340006374528,0.38736235725937174,0.800277022171068,0.06364093808388634,0.06299999999987449
2022-05-24,Tuesday,276,80840,1854.0194999999999,1869.7559999999999,1849.4035,1867.429,1.0977500506332303,0.7232663949866874,0.6588625475985865,0.7683850245468725,0.06285633065031092,0.06299999999987449
2022-05-25,Wednesday,276,82337,1867.461,1868.0955,1841.4495000000002,1854.0735,1.4268571070560365,-0.7168824409184473,0.5024206259851453,0.7543099316634693,0.06306107607156676,0.06200000000012551
2022-05-26,Thursday,276,83113,1854.0435,1854.3600000000001,1840.954,1852.899,0.7230682559497755,-0.06172994322949313,0.08537222139341281,0.7293580538270913,0.06415308594746266,0.06299999999987449
2022-05-27,Friday,252,77241,1852.879,1862.213,1848.033,1853.1235000000001,0.7652955211862223,0.013195680883654236,0.01724259520453051,0.7516891108557376,0.06334397312053716,0.06299999999987449
2022-05-30,Monday,232,53679,1849.9724999999999,1864.0529999999999,1848.7604999999999,1852.484,0.826633909422979,0.135758774792602,0.16423083210724643,0.5733989442318163,0.0697530940594068,0.06299999999987449
2022-05-31,Tuesday,276,92897,1852.516,1857.1695,1835.115,1836.5035,1.1905160333298046,-0.8643650041349195,0.7260423042916445,0.8041507142723883,0.08255265301008662,0.06299999999987449
2022-06-01,Wednesday,276,96126,1836.537,1850.0230000000001,1828.5295,1846.0484999999999,1.1703276329308934,0.5179040770754872,0.44252913671574307,0.7904456363412958,0.06467616580311161,0.06299999999987449
2022-06-02,Thursday,276,82919,1846.0525,1870.6425,1844.1644999999999,1869.9555,1.4343037372989156,1.2948169133868088,0.9027494523755556,0.6830380347851419,0.064076615503675,0.06299999999987449
2022-06-03,Friday,252,77389,1869.9865,1874.216,1847.4279999999999,1851.0594999999998,1.4325237107326716,-1.012146344372012,0.7065477079289282,0.7908680510661228,0.06326084843435341,0.06200000000012551
2022-06-06,Monday,276,73843,1851.58,1857.9975,1838.0575,1839.4850000000001,1.0769180915758463,-0.653225893561164,0.6065697091273704,0.5722771876638738,0.06314238942029862,0.06299999999987449
2022-06-07,Tuesday,276,79484,1839.5045,1855.5835,1837.039,1853.6655,1.0081247422879351,0.7698268745741073,0.7636226374396765,0.7036025442829112,0.06399404271500221,0.06299999999987449
2022-06-08,Wednesday,276,74412,1853.6685,1859.7095,1844.588,1852.7915,0.8157607468649313,-0.04731158780547615,0.05799689184273746,0.6154790963935717,0.06344521072796923,0.06200000000012551
2022-06-09,Thursday,276,81444,1852.795,1855.3555000000001,1840.1075,1847.018,0.822972859922444,-0.3117992006671026,0.37886935991605625,0.6775546088121736,0.06373108867876369,0.06299999999987449
2022-06-10,Friday,252,115438,1847.0445,1875.9470000000001,1825.1825,1871.632,2.748417810182712,1.3311807051752187,0.4843443745136854,1.2959959067749514,0.06538874523679693,0.06299999999987449
2022-06-13,Monday,276,138299,1877.0304999999998,1877.451,1809.39,1821.113,3.6259932909987302,-2.979040564338182,0.8215791716254515,0.9996449090500003,0.06443395880447335,0.06299999999987449
2022-06-14,Tuesday,276,123233,1821.08,1831.6695,1805.1644999999999,1811.0025,1.4554550047224784,-0.5533804116238646,0.3802112808903917,0.8331222250621124,0.06291482185564529,0.06299999999987449
2022-06-15,Wednesday,276,150993,1810.972,1841.9275,1808.7415,1833.9275,1.8324965819460446,1.2675789575984626,0.6917224130657531,1.3142067924729515,0.06340486251454412,0.06200000000012551
2022-06-16,Thursday,276,130439,1833.9115000000002,1857.5925,1815.4904999999999,1850.9095,2.295748731604556,0.9268713348490273,0.40373378936867094,1.173774879297399,0.06303183578145166,0.06200000000012551
2022-06-17,Friday,252,109103,1850.921,1853.017,1833.917,1840.3485,1.0319187042558886,-0.5712021204578689,0.5535340314136081,0.7389017088061992,0.06287792922849565,0.06200000000012551
2022-06-20,Monday,231,63788,1838.536,1846.193,1835.2535,1839.176,0.5950114656444014,0.034810305590963285,0.058503587915341236,0.6140442616594763,0.0658413281367106,0.06299999999987449
2022-06-21,Tuesday,276,90385,1839.191,1843.6805,1828.6305,1831.4195,0.8182945653822771,-0.4225499146091983,0.5163787375415337,0.7199423921580864,0.06367566893282545,0.06299999999987449
2022-06-22,Wednesday,276,103029,1831.388,1847.9144999999999,1823.391,1836.662,1.3390663256502602,0.2879782984272101,0.21505902501682717,0.8027446033330845,0.06350262342752458,0.06299999999987449
2022-06-23,Thursday,276,102433,1836.6934999999999,1846.158,1822.5815,1824.6825,1.283638233597489,-0.6539468887977209,0.5094479672555308,0.846973427612153,0.06316026324036385,0.06299999999987449
2022-06-24,Friday,252,94125,1824.6844999999998,1831.8215,1816.9785,1827.1995,0.8134556960395112,0.13783204712924893,0.1694401401334021,0.8587605695519083,0.06446613572935656,0.06299999999987449
2022-06-27,Monday,276,87969,1831.1045,1841.118,1820.8285,1823.5935,1.1080470830583324,-0.41018958775973563,0.37019147835087207,0.7009173270032784,0.06409032055311012,0.06200000000012551
2022-06-28,Tuesday,276,79620,1823.6064999999999,1829.5520000000001,1818.356,1818.4769999999999,0.6139482393816945,-0.2812832702669138,0.45815469810646153,0.5861868368573749,0.06280460280225555,0.06299999999987449
2022-06-29,Wednesday,276,89396,1818.4465,1833.1305,1812.0985,1818.983,1.156591629173579,0.029503205070918095,0.02550874857359902,0.7204182044364745,0.06482866954973236,0.06299999999987449
2022-06-30,Thursday,276,100822,1818.9955,1825.2335,1802.7265,1806.6485,1.2373312633263833,-0.6787812284307454,0.5485848847025346,1.0891676918579136,0.06410612808128924,0.06299999999987449
2022-07-01,Friday,252,112107,1806.6525000000001,1809.4940000000001,1784.5735,1809.4415,1.3793742847614676,0.15437390422340544,0.11191589253826129,0.9520775564001167,0.06543699750017015,0.06299999999987449
2022-07-04,Monday,232,56442,1808.1615000000002,1814.3905,1804.048,1809.3854999999999,0.5719898360848835,0.06769306834592514,0.11834662799126987,0.5311619914777308,0.0634033498287019,0.06299999999987449
2022-07-05,Tuesday,276,109603,1809.3875,1812.1805,1763.929,1769.6264999999999,2.6667311452079696,-2.197483955205847,0.8240365584489667,1.1379665754218569,0.06503548930331243,0.06299999999987449
2022-07-06,Wednesday,276,124549,1769.624,1772.884,1732.321,1740.058,2.2921818420184232,-1.6707503966944408,0.7288908611295998,1.035050522921494,0.06364371016645033,0.06200000000012551
2022-07-07,Thursday,276,89351,1740.089,1749.0985,1736.5815,1741.8220000000001,0.7193310227235534,0.0995926070448221,0.1384517056802882,0.7667954863752098,0.06251399747793177,0.06200000000012551
2022-07-08,Friday,252,93316,1741.854,1752.5495,1733.2,1742.3490000000002,1.1108565930324834,0.028417995997375108,0.025582056383891952,1.029443929156468,0.06402679849982842,0.06299999999987449
2022-07-11,Monday,276,80156,1742.0985,1743.6475,1731.3225,1733.3384999999998,0.7074800879514015,-0.5028418312741912,0.7107505070994066,0.598094652603277,0.06274009742340861,0.06299999999987449
2022-07-12,Tuesday,276,99122,1733.3355000000001,1744.3605,1723.3005,1725.3865,1.2149984812518952,-0.45859558060168204,0.377445394112065,0.9151634724762375,0.06684297987082208,0.06299999999987449
2022-07-13,Wednesday,276,124105,1725.4175,1745.4185,1707.2715,1732.0900000000001,2.2108851915550836,0.3867179972383569,0.1749154586206029,1.337480854452917,0.0645551146931185,0.06299999999987449
2022-07-14,Thursday,276,129434,1732.0715,1733.621,1697.665,1711.7555,2.075895827626061,-1.1729307941386964,0.5650239181221481,1.059884205001764,0.06636644563993581,0.06299999999987449
2022-07-15,Friday,252,99113,1711.792,1716.6635,1699.0275000000001,1707.5394999999999,1.030265359342722,-0.24842387392861134,0.24112610569290444,1.0821773501958813,0.06418295331161775,0.06299999999987449
2022-07-18,Monday,276,87744,1710.3925,1723.9335,1706.716,1708.315,1.0066402887056742,-0.12146334832501152,0.12066211703208064,0.8190709036574688,0.06392314013020725,0.06299999999987449
2022-07-19,Tuesday,276,78363,1708.2975000000001,1718.473,1705.4005,1710.054,0.7652355634776724,0.10282166894232181,0.1343660355708519,0.5936003976109903,0.06289763027137335,0.06299999999987449
2022-07-20,Wednesday,276,83922,1710.024,1714.5755,1692.4515000000001,1695.5055,1.293783011232579,-0.8490231716046034,0.6562330500813613,0.6351286057643205,0.06393705013259196,0.06299999999987449
2022-07-21,Thursday,276,117467,1695.4569999999999,1720.3690000000001,1680.911,1718.176,2.327278132090645,1.3399926981338985,0.5757767753053881,1.2047681747250925,0.06809493236925801,0.06299999999987449
2022-07-22,Friday,252,94901,1718.1455,1739.329,1712.909,1727.569,1.537704461001693,0.5484692652630336,0.35668054504163255,0.9820280667372103,0.06356175352877184,0.06299999999987449
2022-07-25,Monday,276,81384,1724.7755,1736.312,1714.8215,1719.0900000000001,1.2459882460065024,-0.32963710349548797,0.2645587585212001,0.7126197908430439,0.0630086141373199,0.06299999999987449
2022-07-26,Tuesday,276,79873,1719.1295,1728.2455,1713.7055,1718.0005,0.8457768888265813,-0.06567277217917006,0.07764786795047512,0.7581456648542679,0.06367281921618177,0.06299999999987449
2022-07-27,Wednesday,276,95454,1718.029,1739.9975,1711.5145,1738.8695,1.6578881962993608,1.2130470440254513,0.7316820559632082,0.9562471118275684,0.06416723163841805,0.06299999999987449
2022-07-28,Thursday,276,113770,1738.8635,1757.1390000000001,1734.1935,1755.0085,1.3195687873142452,0.9284800100755455,0.7036238042317646,0.9765716574713639,0.06466898651587721,0.06299999999987449
2022-07-29,Friday,252,95355,1754.998,1768.005,1752.2155,1766.2785,0.8996876349716689,0.6427642652584132,0.7144304759491931,0.8483633847571244,0.06483749329039196,0.06299999999987449
2022-08-01,Monday,276,88764,1762.272,1775.5015,1758.4175,1772.328,0.9694303717019882,0.5706270087704985,0.5886209318660738,0.8521239274439308,0.06376368347870134,0.06299999999987449
2022-08-02,Tuesday,276,112400,1772.3609999999999,1788.173,1754.9845,1756.7755,1.8725586943066328,-0.8793637413596842,0.4696054356177568,1.1152457696428835,0.0652847115325402,0.06299999999987449
2022-08-03,Wednesday,276,92444,1756.769,1772.8685,1754.421,1763.6860000000001,1.050081143280647,0.39373417905257574,0.3749559560916193,0.7569164970804667,0.06360863518553662,0.06299999999987449
2022-08-04,Thursday,276,86664,1763.717,1794.9825,1763.458,1793.48,1.7873899270687978,1.6875156275071295,0.9441228251042818,0.7405434977922923,0.06473563728598515,0.06299999999987449
2022-08-05,Friday,252,98279,1793.4470000000001,1794.9625,1765.0545,1775.7285,1.6676266429953117,-0.9879578264649123,0.5924334626187007,0.9555135078671194,0.06354288645690909,0.06200000000012551
2022-08-08,Monday,276,73977,1774.662,1790.8310000000001,1771.219,1789.292,1.1051118466502399,0.824382333086519,0.74597185396695,0.6046386887358924,0.06328383241228844,0.06299999999987449
2022-08-09,Tuesday,276,75723,1789.2755,1800.6095,1783.2765,1794.1815000000001,0.9687161088384704,0.27418918998221214,0.2830439046904836,0.7635098405652652,0.06398366333398568,0.06299999999987449
2022-08-10,Wednesday,276,91462,1794.1855,1807.9305,1787.6745,1791.76,1.1289802531566473,-0.1351866905623781,0.11974229857820268,1.0082656442271032,0.06394167414434013,0.06299999999987449
2022-08-11,Thursday,276,82879,1791.775,1799.3155000000002,1783.6709999999998,1789.0505,0.873128601526438,-0.15205592220005493,0.174150659976348,0.6855274350470466,0.06375760274844101,0.06299999999987449
2022-08-12,Friday,252,74546,1789.0225,1802.2984999999999,1784.9595,1802.0845,0.9691884814193193,0.7301193808350592,0.7533306419055276,0.7152458410518598,0.06512086460939723,0.06299999999987449
2022-08-15,Monday,276,84814,1799.1715,1801.7925,1773.049,1778.609,1.597596449254562,-1.1428871566718348,0.7153791291944256,0.8264640678757673,0.06910892663994378,0.06299999999987449
2022-08-16,Tuesday,276,73290,1778.647,1783.1680000000001,1771.4975,1775.656,0.6561448111963855,-0.16816152952215843,0.25628721991345194,0.6578655692165082,0.06325709081446695,0.06299999999987449
2022-08-17,Wednesday,276,91796,1775.664,1782.3764999999999,1759.8,1765.0095000000001,1.2714398670018594,-0.6000290595517997,0.4719287754966412,0.8385874676372961,0.0666203762552438,0.06299999999987449
2022-08-18,Thursday,276,80130,1765.011,1772.462,1755.4045,1758.4875,0.9664245718581863,-0.3696010959705074,0.3824417411695767,0.6172556719427604,0.06333151449780929,0.06299999999987449
2022-08-19,Friday,252,77242,1758.4904999999999,1758.65,1745.5900000000001,1747.476,0.742682431323908,-0.6263610750242763,0.8433767228177501,0.6728434933243277,0.06495368406649829,0.06299999999987449
2022-08-22,Monday,276,84056,1745.768,1749.092,1727.8485,1735.3205,1.2168569935982354,-0.5984472163540626,0.49179749099724485,0.7239551602522744,0.06615419993612139,0.06299999999987449
2022-08-23,Tuesday,276,85344,1735.3274999999999,1754.1565,1730.8865,1746.0700000000002,1.340957254466375,0.6190474132404571,0.4616458960034508,0.8426221928595028,0.06355055176373049,0.06299999999987449
2022-08-24,Wednesday,276,78541,1746.0720000000001,1756.004,1742.531,1751.0805,0.7716176652509149,0.2868438414910675,0.3717434869739426,0.628484662515412,0.06330333547145543,0.06299999999987449
2022-08-25,Thursday,276,78242,1751.074,1765.5375,1750.021,1756.4835,0.8861133224523893,0.30892469421623414,0.34862887893532674,0.5841178446298296,0.0656511062795748,0.06299999999987449
2022-08-26,Friday,252,101762,1756.4769999999999,1758.8564999999999,1734.23,1738.098,1.4020394232318358,-1.0463558589153121,0.7463098694495773,0.9678808932132119,0.06496290433585605,0.06299999999987449
2022-08-29,Monday,276,90806,1734.8415,1745.607,1720.3805,1739.6264999999999,1.4541097846690887,0.27581770438393677,0.18968148573919716,0.7738422618029478,0.06619063187676885,0.06299999999987449
2022-08-30,Tuesday,276,83948,1739.6100000000001,1740.574,1721.231,1723.4045,1.111915889193559,-0.9315593725030338,0.8377966189319116,0.7866180404877465,0.06446421072723771,0.06299999999987449
2022-08-31,Wednesday,276,93053,1723.402,1726.5835,1705.7404999999999,1709.0520000000001,1.2094102246602985,-0.8326554106354702,0.6884805450271005,0.7410961122972866,0.06495466783545216,0.06299999999987449
2022-09-01,Thursday,276,97130,1709.0185000000001,1709.0185000000001,1688.8229999999999,1697.3065000000001,1.1817016609241071,-0.6853056301028917,0.5799311727860085,0.9733490702878029,0.06399286390906146,0.06299999999987449
2022-09-02,Friday,252,91251,1697.274,1718.0315,1696.3654999999999,1712.632,1.2765175216258642,0.9048627387210418,0.7088525800793897,0.7136846393813665,0.06364998974779554,0.06299999999987449
2022-09-05,Monday,232,51595,1708.029,1715.8049999999998,1707.8200000000002,1714.027,0.46749791718991146,0.35116499778399823,0.7511584220413642,0.4980869740535877,0.07493530894371074,0.06299999999987449
2022-09-06,Tuesday,276,95488,1714.021,1726.7775000000001,1699.851,1703.5785,1.570955081647193,-0.6092399101294489,0.38781497780995927,0.8947937048643807,0.0686858182274346,0.06299999999987449
2022-09-07,Wednesday,276,95621,1703.575,1719.5259999999998,1691.4585,1716.6535,1.6475646801578963,0.7677090823708876,0.4659659748819775,0.8367703636981912,0.06556550777105141,0.06299999999987449
2022-09-08,Thursday,276,106166,1716.6475,1728.2375,1703.9634999999998,1710.7485000000001,1.4140352052474439,-0.34363490466155033,0.2430172200708519,0.8014202867431495,0.06417221135029429,0.06299999999987449
2022-09-09,Friday,252,87184,1710.7179999999998,1729.5375,1709.7835,1717.286,1.1547198310884614,0.38393236056440694,0.33248962235497836,0.7933156903424063,0.0660998977156472,0.06299999999987449
2022-09-12,Monday,276,92445,1718.4645,1735.181,1712.046,1725.346,1.3462599896593728,0.40044469932314336,0.297449751458827,0.7853067163899506,0.0652413990097747,0.06299999999987449
2022-09-13,Tuesday,276,114576,1725.3365,1731.8715,1697.0929999999998,1702.1975,2.015751709883847,-1.3411296868755689,0.6653248414968965,1.2513166465400314,0.06427547263992105,0.06299999999987449
2022-09-14,Wednesday,276,99553,1702.241,1707.1685,1693.6955,1697.612,0.791486046922848,-0.2719356424854004,0.34357604097082467,0.7639632587842432,0.06403480597388041,0.06299999999987449
2022-09-15,Thursday,276,103870,1697.594,1697.8745,1660.3815,1662.4569999999999,2.208596401730917,-2.0698117453289875,0.937161603499326,1.0684924479572038,0.06787600976892659,0.06299999999987449
2022-09-16,Friday,252,95587,1662.4360000000001,1680.4615,1654.2069999999999,1675.386,1.579278841411038,0.778977356120766,0.49324877640022907,0.9535406545300773,0.06581047534611022,0.06299999999987449
2022-09-19,Monday,276,84652,1678.0135,1678.8395,1659.757,1675.8519999999999,1.1372077757419699,-0.12881302802391995,0.11327132189179416,0.7947269842202416,0.06448862412066536,0.06299999999987449
2022-09-20,Tuesday,276,87176,1675.8445000000002,1679.53,1660.013,1666.4995,1.164606859407305,-0.557629302718734,0.47881334221449146,0.7299248762366917,0.0637503450006272,0.06299999999987449
2022-09-21,Wednesday,276,141342,1666.4924999999998,1688.1335,1653.8719999999998,1667.1425,2.055904842055999,0.03900407592593972,0.018971732119145095,1.5377148258428621,0.06830887191904157,0.06299999999987449
2022-09-22,Thursday,276,138896,1667.1399999999999,1684.933,1655.7275,1672.8235,1.7518324795758025,0.34091318065669923,0.19460375614182565,1.2978197655841401,0.0643607602851091,0.06299999999987449
2022-09-23,Friday,252,118501,1672.8365,1676.033,1639.8135,1643.9769999999999,2.165154813396284,-1.7251835430420144,0.7967945443752699,1.0958728337741552,0.06478624360010636,0.06299999999987449
2022-09-26,Monday,276,150771,1644.185,1649.7975,1621.1485,1627.7694999999999,1.742443824752074,-0.9983973822897098,0.5729868407274296,1.5311952796646073,0.06632262423981787,0.06299999999987449
2022-09-27,Tuesday,276,114239,1627.737,1642.484,1626.749,1628.897,0.9666795065787593,0.07126458389775833,0.07372100413090955,0.9425691972824347,0.06410345253535972,0.06299999999987449
2022-09-28,Wednesday,276,147590,1628.895,1662.8235,1614.887,1656.2150000000001,2.9428845935434773,1.6772106243803417,0.5699206241590469,1.2523665817209841,0.06783654853620985,0.06299999999987449
2022-09-29,Thursday,276,132560,1656.2475,1665.2705,1641.6355,1664.667,1.427021021918523,0.50834793712896,0.35623016712502537,1.2393453637571876,0.06470152545487938,0.06299999999987449
2022-09-30,Friday,252,121482,1664.676,1675.5235,1659.2984999999999,1661.063,0.9746641388474477,-0.2170392316582824,0.22268104776578113,0.9054391087613464,0.06522013252125002,0.06299999999987449
2022-10-03,Monday,276,126184,1664.2215,1702.6535,1659.6775,1701.096,2.582348563577618,2.2157206838152192,0.8580254095309009,1.2635903652630913,0.0651274109792277,0.06299999999987449
2022-10-04,Tuesday,276,120527,1701.1,1729.569,1695.2255,1725.6635,2.0188995355946124,1.4439774263711835,0.715229956178032,1.1033387821847496,0.0663111634537909,0.06299999999987449
2022-10-05,Wednesday,276,118188,1725.6615000000002,1727.8515,1700.5945000000002,1718.4795,1.5795102341913423,-0.4161882269495056,0.26349194702279366,1.081089935404794,0.06481035018971269,0.06299999999987449
2022-10-06,Thursday,276,108878,1718.516,1725.6085,1706.9875,1711.993,1.083551156928425,-0.37957167695850014,0.3503034208689171,0.8887854985200389,0.06367918984809606,0.06299999999987449
2022-10-07,Friday,252,116050,1711.969,1714.8645000000001,1690.6529999999998,1695.101,1.4142487393171455,-0.9852982150961809,0.6966937199264688,1.091668171771684,0.0642700350782513,0.06299999999987449
2022-10-10,Monday,265,100261,1696.795,1697.3325,1665.7179999999998,1669.1955,1.8631891300952756,-1.6265665563606702,0.8730013126887952,0.9207724681226825,0.0664727937814356,0.06299999999987449
2022-10-11,Tuesday,276,122727,1670.2,1683.979,1660.9675,1664.1365,1.3777691294455794,-0.36304035444856764,0.2634986854398869,0.9936946870314809,0.06536208507193073,0.06299999999987449
2022-10-12,Wednesday,276,118133,1664.1154999999999,1678.3980000000001,1661.479,1674.5825,1.0166962569605353,0.6289827839473943,0.618653584727232,0.9804944278920724,0.06485688280710536,0.06200000000012551
2022-10-13,Thursday,276,152380,1674.5594999999998,1682.4595,1642.4375,1663.5415,2.39000166909566,-0.657964079508659,0.2752985857778177,1.489590427044241,0.06570425907258111,0.06299999999987449
2022-10-14,Friday,252,126318,1663.5175,1671.7939999999999,1640.2235,1644.3665,1.89781592318685,-1.1512352590219124,0.6066106016692784,1.105947129425403,0.06450983155492936,0.06299999999987449
2022-10-17,Monday,276,97294,1647.5549999999998,1668.489,1646.461,1650.7984999999999,1.3370115109965992,0.1968674793861231,0.14724441619756842,0.8388709658682149,0.06381962183821657,0.06299999999987449
2022-10-18,Tuesday,276,104410,1650.83,1660.953,1645.9105,1652.405,0.9112083012787517,0.09540655306724773,0.1047033405351533,0.7530351822822771,0.06550653472740821,0.06299999999987449
2022-10-19,Wednesday,276,103957,1652.4035,1653.466,1626.5639999999999,1627.1970000000001,1.6280527123066517,-1.5254446023625452,0.9369749461006519,0.8446624717437219,0.06834041888089887,0.06299999999987449
2022-10-20,Thursday,276,107863,1627.1644999999999,1645.67,1622.5025,1627.0805,1.423795811671163,-0.005162354513009143,0.003625768857228125,0.9256672639160859,0.06602625194401031,0.06299999999987449
2022-10-21,Friday,252,154350,1627.079,1658.187,1617.2365,1657.906,2.516810800213138,1.894622203347225,0.7527869012588383,1.3044153053371275,0.06649130113521935,0.06299999999987449
2022-10-24,Monday,276,126307,1661.319,1663.406,1644.0035,1651.842,1.16789731532595,-0.5704503469833224,0.4884422110552713,0.9028930734717878,0.06351305264463539,0.06299999999987449
2022-10-25,Tuesday,276,107115,1651.8735000000001,1662.3809999999999,1638.321,1652.8545,1.4565279968472127,0.05938711408590107,0.040773067331661236,0.8724789199143654,0.06554208212051765,0.06299999999987449
2022-10-26,Wednesday,276,109610,1652.865,1674.934,1649.8325,1667.613,1.5186660737567792,0.8922688785835532,0.5875346094854911,0.828757870421467,0.06858482115085598,0.06299999999987449
2022-10-27,Thursday,276,122400,1667.624,1670.8535,1654.8980000000001,1661.9625,0.9567804253236821,-0.339494994075399,0.35483062266929916,0.8826435540591463,0.06485108742529884,0.06299999999987449
2022-10-28,Friday,252,109942,1661.9615,1667.0915,1638.071,1644.548,1.7461595831191088,-1.0477679537101123,0.6000413500801101,0.8967076221432259,0.06665881009938156,0.06299999999987449
2022-10-31,Monday,276,86333,1643.513,1645.6595,1631.777,1632.5165,0.8446845263773354,-0.6690850635194227,0.7921123716909793,0.6906609660733246,0.06290217187206575,0.06299999999987449
2022-11-01,Tuesday,276,109559,1632.5194999999999,1657.069,1630.789,1646.8719999999998,1.6097816902033928,0.8791625459910258,0.5461377473363767,0.8029626970814784,0.06569675634900672,0.06299999999987449
2022-11-02,Wednesday,276,137208,1646.904,1669.528,1631.8995,1633.821,2.2848022714135148,-0.7943996735693206,0.3476885871081779,1.2685360625960187,0.06327775726243225,0.06299999999987449
2022-11-03,Thursday,276,115016,1633.818,1641.0104999999999,1616.7240000000002,1629.8375,1.4864874790215132,-0.24363178762872567,0.1638976386058074,0.913572969689531,0.06313207309388859,0.06299999999987449
2022-11-04,Friday,252,133203,1629.8705,1681.7655,1629.4155,1681.0655000000002,3.2119116211993473,3.1410470954594345,0.9779369627507212,0.9137248079695959,0.06674744369444513,0.06299999999987449
2022-11-07,Monday,276,103100,1672.798,1681.9650000000001,1666.952,1674.172,0.897478356621669,0.08213783134604559,0.09152068207553521,0.7683697476897987,0.06258429890327921,0.06200000000012551
2022-11-08,Tuesday,276,118527,1674.1835,1717.0005,1664.7655,1711.687,3.1200283600931513,2.2401068938978197,0.7179764525701103,1.2601329392600327,0.06369582896925649,0.06299999999987449
2022-11-09,Wednesday,276,124417,1711.6825,1722.3905,1702.2235,1706.5495,1.1781974752911195,-0.29988038085333063,0.25452471859968423,0.9699255809303062,0.06293041725212276,0.06200000000012551
2022-11-10,Thursday,276,145238,1706.5684999999999,1757.2965,1704.0805,1752.2965,3.1183043634052723,2.67952912525926,0.8592904389657275,1.4568519021385062,0.06446804350482704,0.06299999999987449
2022-11-11,Friday,264,129588,1752.292,1773.0215,1747.33,1771.0915,1.4661654564421989,1.072852013248938,0.7317400696728483,1.0222763554026895,0.06346094848523451,0.06200000000012551
2022-11-14,Monday,276,114605,1763.5465,1775.1064999999999,1753.3,1769.5810000000001,1.2365140357796018,0.3421798064298394,0.2767294155412483,0.8500105012432755,0.06276309303758384,0.06200000000012551
2022-11-15,Tuesday,276,154450,1769.6154999999999,1786.5720000000001,1767.147,1780.8455,1.09769608143691,0.6346011322798664,0.5781209781209736,1.2954120350687004,0.0634704800441425,0.06299999999987449
2022-11-16,Wednesday,276,121912,1780.874,1785.092,1770.3719999999998,1773.9434999999999,0.8265604416707895,-0.38916284925267963,0.4708220108695683,0.7546145094738446,0.06272356226600287,0.06299999999987449
2022-11-17,Thursday,276,111266,1773.962,1774.862,1754.5425,1760.158,1.1454303981708776,-0.7781451913851642,0.6793474248874256,0.7986884246257486,0.06330298728552006,0.06200000000012551
2022-11-18,Friday,264,93365,1760.126,1767.7735,1747.5865,1750.952,1.1469065282826414,-0.5212126859099848,0.4544508842324229,0.6840097424426077,0.06258157759506645,0.06200000000012551
2022-11-21,Monday,276,101153,1752.356,1753.086,1732.5725,1738.6055000000001,1.1706240056244293,-0.784686444991764,0.6703146708265221,0.718339064833377,0.06321648044692724,0.06299999999987449
2022-11-22,Tuesday,276,89701,1738.613,1749.7959999999998,1737.108,1741.239,0.7297771269396855,0.15103993815759897,0.20696721311475427,0.5571533505771623,0.06273634663743517,0.06299999999987449
2022-11-23,Wednesday,276,106080,1741.24,1753.478,1726.869,1752.371,1.5281638372654056,0.6392570811605571,0.41831711075200206,0.9353179099681881,0.0643633963924321,0.06299999999987449
2022-11-24,Thursday,243,62737,1752.402,1758.665,1752.397,1755.5045,0.35768048655502727,0.17704271051961615,0.49497447351626506,0.4394390837624116,0.07876826400117572,0.06299999999987449
2022-11-25,Friday,222,74203,1755.475,1761.22,1746.047,1756.2914999999998,0.8643244705848846,0.04651162790697136,0.05381269360046829,0.5629019104074746,0.06873303991501083,0.06299999999987449
2022-11-28,Monday,276,103638,1750.9835,1763.8035,1739.701,1741.3305,1.376512114477376,-0.5512901749216951,0.4004978736645591,0.6752090629663395,0.06316381116726207,0.06299999999987449
2022-11-29,Tuesday,276,96404,1741.3515,1759.129,1740.3305,1748.984,1.0795350622777695,0.43830898012261954,0.40601643748171323,0.7135987041371666,0.06347633191015208,0.06299999999987449
2022-11-30,Wednesday,276,122030,1749.0205,1773.54,1744.8449999999998,1773.4315000000001,1.640632571202005,1.3956954764109428,0.8507056978567666,1.0573901892681665,0.06311386108210983,0.06200000000012551
2022-12-01,Thursday,276,122294,1773.454,1804.539,1772.1335,1802.353,1.8272534838794847,1.629531975455812,0.8917930598200937,0.8356436345882925,0.06377430598018813,0.06299999999987449
2022-12-02,Friday,264,117888,1802.3835,1803.06,1778.5255,1798.045,1.3612252886247562,-0.24070903889210263,0.17683262344860678,0.9675143342086298,0.06369929532351058,0.06200000000012551
2022-12-05,Monday,276,110084,1799.0765000000001,1810.036,1765.8564999999999,1769.4475,2.4556765651710855,-1.6469005070101315,0.670650414785138,0.8170605185259688,0.06506258820641779,0.06299999999987449
2022-12-06,Tuesday,276,94682,1769.4135,1780.935,1767.3015,1771.0145,0.7705095501984083,0.09048195913504024,0.11743132724538055,0.7089906666653734,0.0628284847734588,0.06200000000012551
2022-12-07,Wednesday,276,105176,1771.0185000000001,1790.5895,1768.7835,1787.0639999999999,1.2312688997884573,0.9060040874784604,0.7358295881867234,0.7523793100223239,0.06277157045313402,0.06200000000012551
2022-12-08,Thursday,276,87462,1787.074,1794.913,1781.472,1789.307,0.7521233032319887,0.12495285589740253,0.16613347221188468,0.6572887852278416,0.06259623769776984,0.06299999999987449
2022-12-09,Friday,264,98125,1789.3105,1806.143,1788.566,1797.5549999999998,0.982333697812649,0.46076407644172374,0.46905046367410763,0.7502349122315016,0.06453376681903207,0.06299999999987449
2022-12-12,Monday,276,86586,1795.0375,1795.546,1777.6405,1781.9924999999998,0.9975000522273254,-0.726725764782077,0.7285470944681812,0.680357270939236,0.06366470478904862,0.06299999999987449
2022-12-13,Tuesday,276,129876,1781.9940000000001,1824.5495,1781.083,1809.688,2.4392057436781487,1.5541017534290216,0.6371343448402784,1.1798695758107163,0.06540346427466921,0.06299999999987449
2022-12-14,Wednesday,276,129135,1809.6860000000001,1814.1844999999998,1796.198,1807.716,0.9939017044945782,-0.10885866387872009,0.10952658938649998,0.9770315121385282,0.063099215419781,0.06299999999987449
2022-12-15,Thursday,276,120680,1807.717,1807.9175,1773.7939999999999,1776.5905,1.887657194129399,-1.7218679693779544,0.9121719636027941,0.9468837438990433,0.06719757717377892,0.06299999999987449
2022-12-16,Friday,264,95317,1776.5555,1794.328,1774.371,1793.162,1.1233535906983982,0.9347583005428255,0.8321140451971838,0.7542660936609468,0.06281439126244706,0.06299999999987449
2022-12-19,Monday,276,82184,1791.0974999999999,1798.812,1783.8825000000002,1787.3555000000001,0.8335392126894117,-0.20892218318655098,0.2506446967413377,0.5856638712352839,0.06302519910403022,0.06299999999987449
2022-12-20,Tuesday,276,125538,1787.324,1821.12,1784.663,1817.299,2.039753284798944,1.6770882056079315,0.8222014976547716,0.882294680790767,0.0658947141979106,0.06299999999987449
2022-12-21,Wednesday,276,90916,1817.2685000000001,1823.8605,1811.954,1814.9924999999998,0.655186616617195,-0.12524291264611115,0.19115609121070717,0.5674919505145769,0.06271124976833257,0.06299999999987449
2022-12-22,Thursday,276,99414,1814.9565,1820.4645,1784.8645000000001,1793.5405,1.9614795175531705,-1.1799731839303003,0.601573033707865,0.7835663377189568,0.06390333560245143,0.06299999999987449
2022-12-23,Friday,264,85413,1793.5605,1803.2939999999999,1791.24,1798.5684999999999,0.6720710006715613,0.27922113583566377,0.41546374647418854,0.6220123294363193,0.06306388653958808,0.06200000000012551
2022-12-27,Tuesday,276,91875,1801.824,1833.469,1800.701,1812.4535,1.8186015948283532,0.5899299820626214,0.32438659667968744,0.8494230872337111,0.07932409972299169,0.06299999999987449
2022-12-28,Wednesday,276,88177,1812.4769999999999,1814.6665,1797.0455,1805.865,0.9722054404000766,-0.3648046292449423,0.37523409568127897,0.7322499874267977,0.06310324927863462,0.06299999999987449
2022-12-29,Thursday,276,81999,1805.8285,1820.2455,1804.44,1815.1955,0.8752492277090509,0.5187092794249266,0.5926418019044003,0.6258307116262316,0.0626451855566696,0.06299999999987449
2022-12-30,Friday,264,88315,1815.2075,1826.085,1813.4389999999999,1823.6095,0.6966696644874035,0.4628671928691372,0.6643998102166631,0.6767401393003091,0.06293124596513955,0.06299999999987449
2023-01-03,Tuesday,276,123238,1829.529,1850.0839999999998,1826.9135,1836.6215,1.2664735021964517,0.38766808287816007,0.30610042942534943,1.0429979932230165,0.07959651490980496,0.06299999999987449
2023-01-04,Wednesday,276,124321,1836.601,1865.1865,1836.2849999999999,1854.9275,1.5736406546658839,0.9978487434124175,0.6341020362264861,0.8585020262258056,0.06457264642747734,0.06299999999987449
2023-01-05,Thursday,276,116573,1854.894,1859.0705,1825.1345000000001,1832.8985,1.8295385073217079,-1.1858090004064918,0.6481465110796807,0.9223388247312647,0.06407361547464996,0.06299999999987449
2023-01-06,Friday,264,119644,1832.8995,1869.8835,1831.3645000000001,1866.0884999999998,2.1015336629204047,1.8107375772648666,0.8616267296658803,1.086181482227679,0.06336294823272882,0.06200000000012551
2023-01-09,Monday,276,108249,1869.6945,1881.6055,1867.199,1870.5900000000001,0.7705269497235951,0.047895525178048265,0.06215944191858499,0.7025147948436753,0.06500061368517865,0.06299999999987449
2023-01-10,Tuesday,276,103786,1870.5774999999999,1880.819,1867.8890000000001,1877.267,0.6912303820611463,0.35761683223497454,0.5173627223511419,0.6528036365607879,0.06275632539437018,0.06299999999987449
2023-01-11,Wednesday,276,100876,1877.296,1886.6765,1867.193,1877.0385,1.0378491191586223,-0.013716536976584209,0.013216311237710662,0.717696187373322,0.0657277596503105,0.06299999999987449
2023-01-12,Thursday,276,133233,1877.0345,1901.7245,1873.761,1898.1219999999998,1.4897701667177703,1.1234476510687397,0.7541080336867636,0.9534016680645121,0.06557610233072968,0.06299999999987449
2023-01-13,Friday,264,111536,1898.1235000000001,1921.954,1892.382,1920.3505,1.5579597428723624,1.17099862047964,0.7516231570404418,0.7410276167720673,0.0635625599386209,0.06299999999987449
2023-01-16,Monday,246,69359,1917.004,1929.0505,1910.9125,1917.9555,0.9461639099344679,0.04963474254618789,0.052458926011694565,0.6087489587589995,0.07412255180244019,0.06299999999987449
2023-01-17,Tuesday,276,101923,1917.982,1919.0955,1903.809,1908.7905,0.7970095652618185,-0.47922764655767913,0.6012821770843519,0.7422910578658838,0.06397262988420258,0.06200000000012551
2023-01-18,Wednesday,276,129163,1908.774,1925.962,1896.659,1906.9185,1.535173886484198,-0.09720899383582828,0.06332116165579975,0.8440062541829456,0.06593643287065487,0.06299999999987449
2023-01-19,Thursday,276,114683,1906.9485,1935.2285,1901.05,1931.78,1.7923137410370542,1.3021589203903516,0.7265239843761434,0.7527416744548033,0.06335580225711451,0.06299999999987449
2023-01-20,Friday,264,97931,1931.783,1937.6015,1920.6799999999998,1926.016,0.8759524232276685,-0.29853249562708783,0.34080902993232126,0.75011112157,0.06327134420336471,0.06299999999987449
2023-01-23,Monday,276,105364,1927.3319999999999,1935.566,1911.3965,1931.425,1.2540392625660743,0.21236611024982072,0.16934566292228137,0.8262078629520265,0.0634087609356575,0.06299999999987449
2023-01-24,Tuesday,276,101128,1931.413,1942.5949999999998,1917.1619999999998,1937.063,1.3168079535552464,0.29253194422943674,0.22215232178665878,0.7630190746997484,0.06422069872276548,0.06299999999987449
2023-01-25,Wednesday,276,107095,1937.0525,1948.839,1919.9035,1948.421,1.4937901786348098,0.5868968445615201,0.3928910853449922,0.8105353657383211,0.06414212634822924,0.06299999999987449
2023-01-26,Thursday,276,113344,1948.4465,1949.2165,1918.6100000000001,1930.8184999999999,1.570815518927508,-0.9047207608728368,0.5759560877591438,1.000466053620253,0.06299634221946726,0.06200000000012551
2023-01-27,Friday,264,92728,1930.7795,1935.1255,1916.755,1928.3645000000001,0.951455098834434,-0.1250790160139966,0.1314607659018516,0.7942467228141566,0.06267439314918377,0.06299999999987449
2023-01-30,Monday,276,96195,1928.959,1934.525,1920.7269999999999,1922.1889999999999,0.7153081014163717,-0.3509665057681479,0.4906508189592765,0.6828329629985892,0.06288594755071668,0.06200000000012551
2023-01-31,Tuesday,276,110306,1922.221,1931.1875,1900.836,1927.4355,1.5789807727623406,0.27127473896081894,0.1718036999818805,0.8833176163437416,0.06403024131333843,0.06299999999987449
2023-02-01,Wednesday,276,138708,1927.429,1956.1515,1920.594,1953.143,1.8448150359883497,1.3341088050454746,0.7231667018209947,0.9895007824513635,0.06433532786379607,0.06299999999987449
2023-02-02,Thursday,276,144430,1953.1085,1959.7395000000001,1911.3110000000001,1915.1019999999999,2.4795601473241238,-1.9459492393791837,0.7847961427671764,1.0113047738938918,0.06350113281489143,0.06299999999987449
2023-02-03,Friday,264,147106,1915.098,1918.615,1861.424,1865.8049999999998,2.986322370970051,-2.5739152774427274,0.8619013481142154,1.4143762487576614,0.06404263085848245,0.06200000000012551
2023-02-06,Monday,276,112453,1865.5285,1881.3955,1863.0819999999999,1868.576,0.9816789183333412,0.16335853352013263,0.16640729516477426,0.8620923210393384,0.06259360533300537,0.06200000000012551
2023-02-07,Tuesday,276,137434,1868.607,1884.5285,1865.0715,1872.9940000000001,1.041256936316726,0.23477381814368514,0.2254715526545818,0.9658938781210503,0.0626821719792441,0.06200000000012551
2023-02-08,Wednesday,276,102318,1872.9924999999998,1886.442,1869.1765,1875.089,0.9218136217843892,0.11193317645426265,0.12142712345429374,0.9395663113574507,0.06313232185051545,0.06299999999987449
2023-02-09,Thursday,276,113699,1875.0835,1890.27,1858.942,1862.4225000000001,1.6707522624992421,-0.6752232633906613,0.4041432584269612,0.9221324695342802,0.06360065476558137,0.06299999999987449
2023-02-10,Friday,264,115668,1862.4535,1872.259,1852.8445000000002,1865.414,1.042415287146759,0.15895698872481437,0.15248911895747672,0.9151203202215276,0.06535131840636432,0.06299999999987449
2023-02-13,Monday,276,92835,1862.839,1866.6325000000002,1850.5165,1854.476,0.8651311251267668,-0.44893842140946316,0.5189252916356242,0.6977771426601542,0.06362815165286574,0.06299999999987449
2023-02-14,Tuesday,276,155848,1854.48,1870.742,1843.2894999999999,1854.9650000000001,1.4803341098313327,0.026152883827279202,0.0176668791549085,1.2250728989474837,0.06498812189054659,0.06299999999987449
2023-02-15,Wednesday,276,117934,1854.962,1860.166,1830.3625,1836.461,1.6066905952790402,-0.9973789220479975,0.6207660174140616,0.9039989771741684,0.06528488765774015,0.06200000000012551
2023-02-16,Thursday,276,114977,1836.4535,1845.366,1827.667,1834.3719999999998,0.9637597684885606,-0.11334346336567916,0.11760551443585653,0.8720440865213872,0.06319526264113863,0.06299999999987449
2023-02-17,Friday,264,107728,1834.3885,1843.647,1818.9615,1842.5995,1.3457073024607409,0.44761510443398506,0.3326244151424924,0.8284514158651191,0.06525790082219972,0.06299999999987449
2023-02-20,Monday,243,51833,1838.7665,1847.5575,1837.3825000000002,1841.7745,0.5533600922139775,0.16358792701520494,0.2956265356265473,0.4961255278261167,0.11652608004623437,0.12799999999992906
2023-02-21,Tuesday,276,100269,1841.8049999999998,1843.9009999999998,1830.3045,1835.6480000000001,0.7382160435007984,-0.3342916323932066,0.4528371272018353,0.7721126091271844,0.06665368454061006,0.06299999999987449
2023-02-22,Wednesday,276,100966,1835.652,1846.0720000000001,1823.5729999999999,1825.175,1.2256680460130924,-0.5707508830649867,0.4656651406729176,0.7427250977959647,0.06255338525310904,0.06200000000012551
2023-02-23,Thursday,276,98798,1825.1860000000001,1833.8229999999999,1817.5185000000001,1823.2655,0.8933062164623076,-0.10522215270115892,0.11778956729738452,0.7463250643497654,0.06386571661748848,0.06299999999987449
2023-02-24,Friday,264,100840,1823.287,1827.8545,1809.0125,1810.8775,1.0334083443802249,-0.680611445153724,0.658608427980048,0.7392367797270339,0.06323516143584462,0.06299999999987449
2023-02-27,Monday,276,89115,1811.8285,1820.188,1806.6565,1817.237,0.7468422094033762,0.29851059302798266,0.3996970032886216,0.564706602287067,0.06394061135371149,0.06299999999987449
2023-02-28,Tuesday,276,94273,1817.238,1831.204,1804.723,1825.6505,1.457211438457703,0.4629278058239982,0.3176806011857525,0.7340629694353754,0.06426183478206525,0.06299999999987449
2023-03-01,Wednesday,276,103950,1825.6525000000001,1844.674,1823.142,1836.654,1.1794139355654991,0.6026064653596371,0.5109372097343438,0.7823206597734962,0.06469801918524945,0.06299999999987449
2023-03-02,Thursday,276,96440,1836.63,1839.0320000000002,1830.0465,1837.9185,0.4892384421467704,0.07015566553959618,0.14339769628844834,0.679387096460876,0.06356058138077979,0.06299999999987449
2023-03-03,Friday,264,90684,1837.8875,1856.3780000000002,1837.856,1855.3645000000001,1.007787473389974,0.9509287157130177,0.9435806068459095,0.595713757762718,0.06397132523895564,0.06200000000012551
2023-03-06,Monday,276,84777,1852.402,1858.31,1845.1665,1846.4225000000001,0.7095382103884526,-0.3227971034365065,0.4549397040362126,0.500592509535036,0.0636296575084692,0.06299999999987449
2023-03-07,Tuesday,276,110351,1846.4035,1851.649,1812.7705,1814.0365000000002,2.105634006867936,-1.752975446591156,0.8325166866005607,0.7484134199291831,0.06698628941792413,0.06299999999987449
2023-03-08,Wednesday,276,96068,1814.0345,1824.3355000000001,1809.4715,1815.296,0.8193890469007086,0.06954112504475903,0.08486948331539736,0.6251976001321862,0.0633102157914431,0.06299999999987449
2023-03-09,Thursday,276,90833,1815.309,1835.748,1812.022,1831.6689999999999,1.3069951176356265,0.9012239789479312,0.6895389024698568,0.6262706650006965,0.06346642866090503,0.06299999999987449
2023-03-10,Friday,264,141680,1831.665,1870.1309999999999,1827.8020000000001,1867.209,2.3109575167948138,1.9405295182252265,0.8397080016064714,0.9967886397072121,0.0644254478230389,0.06299999999987449
2023-03-13,Monday,276,197124,1877.816,1914.6775,1871.596,1912.1245,2.2942343658803632,1.8270426921487444,0.7963627078908548,1.322714336362174,0.06404343564295827,0.06299999999987449
2023-03-14,Tuesday,276,151999,1912.1545,1914.213,1895.4279999999999,1903.1644999999999,0.9823996962588578,-0.47015029381779744,0.47857332978441297,0.9923628070060921,0.06443444602712638,0.06299999999987449
2023-03-15,Wednesday,276,195580,1903.1554999999998,1937.387,1885.7835,1921.255,2.711470502541697,0.9510258095042818,0.35074171325588926,1.4445673441613507,0.06350206395169797,0.06299999999987449
2023-03-16,Thursday,276,165426,1921.2455,1933.5425,1907.5974999999999,1921.3935000000001,1.3504260647585207,0.0077033361951993245,0.005704374638663993,1.128817367536,0.06366933991363391,0.06299999999987449
2023-03-17,Friday,252,151267,1921.4054999999998,1988.4105,1918.296,1988.229,3.6491256010248705,3.477844733972095,0.9530624906403138,1.0333846521772327,0.06481824841824904,0.06299999999987449
2023-03-20,Monday,276,190908,1977.0675,2009.8675,1965.9270000000001,1976.685,2.22250884200969,-0.01934683565432964,0.0087049532891106,1.4400411110602125,0.06570821406347226,0.06299999999987449
2023-03-21,Tuesday,276,139930,1976.6815000000001,1985.2205,1935.443,1943.2065,2.5182357400521993,-1.693494880181766,0.6724925920345576,1.0931775582434382,0.06355975351674409,0.06299999999987449
2023-03-22,Wednesday,276,163861,1943.1745,1978.9025000000001,1934.3564999999999,1969.8055,2.2924343644896674,1.3704893719014868,0.5978314551250324,1.6916616352372613,0.0637990929149286,0.06299999999987449
2023-03-23,Thursday,276,156154,1969.855,2003.3764999999999,1966.417,1991.424,1.8762548512453932,1.0949536894847571,0.5835847346419729,1.066262009589365,0.06263400257874349,0.06200000000012551
2023-03-24,Friday,252,158797,1991.392,2003.089,1975.2645,1978.8764999999999,1.397238715431213,-0.628479977824567,0.4498014339880403,0.9941283452904048,0.062966944351883,0.06200000000012551
2023-03-27,Monday,276,122530,1975.758,1978.7915,1944.0439999999999,1958.1715,1.7586921070293111,-0.8901140726748982,0.5061227426433564,0.9237985060676014,0.06313468265867254,0.06200000000012551
2023-03-28,Tuesday,276,105020,1958.1399999999999,1975.355,1949.2404999999999,1971.967,1.3336380442665048,0.7061292859550505,0.5294759616305177,0.7492861906891856,0.06306049866318424,0.06200000000012551
2023-03-29,Wednesday,276,94581,1971.9985000000001,1972.954,1958.7505,1963.2965,0.7202591685541265,-0.44127822612442275,0.612665892209689,0.7616326569269969,0.06302047461022947,0.06200000000012551
2023-03-30,Thursday,276,100059,1963.301,1984.351,1955.3955,1978.4865,1.474837531280228,0.7734677464128041,0.5244426792837296,0.7434876674806403,0.06400568181818235,0.06299999999987449
2023-03-31,Friday,252,101721,1978.5115,1987.7235,1966.906,1969.476,1.0521798837156169,-0.45668170238080275,0.4340338657379565,0.8843631588876564,0.06351519198664374,0.06299999999987449
2023-04-03,Monday,276,111844,1957.163,1990.5765000000001,1949.8415,1985.0349999999999,2.0813289439867875,1.4241021315036022,0.6842273229409539,0.9615589249546916,0.06457621702900773,0.06299999999987449
2023-04-04,Tuesday,276,124193,1985.029,2025.1475,1977.0215,2021.834,2.4244482070539006,1.854129083252691,0.764763329593153,1.0446946480124497,0.0639596933728975,0.06299999999987449
2023-04-05,Wednesday,276,116612,2021.848,2032.127,2010.0235,2020.3865,1.0932325278655932,-0.07228535478433033,0.06612075010744413,0.9403222104424841,0.063377426041078,0.06299999999987449
2023-04-06,Thursday,252,97591,2020.3705,2021.0075000000002,2000.9099999999999,2007.8609999999999,0.9947432908964127,-0.6191686128856126,0.6224406020649297,0.7063160399874119,0.06417830968869664,0.06299999999987449
2023-04-10,Monday,276,96573,2005.6285,2005.9605000000001,1981.7365,1992.4885,1.2078009461872006,-0.655156226589326,0.5424372523117574,0.786459522207131,0.0649559772538504,0.06299999999987449
2023-04-11,Tuesday,276,84791,1992.4555,2007.5095000000001,1988.873,2004.759,0.9353533868134103,0.6175043809008525,0.6601829742709168,0.5778908534837273,0.0636996255632417,0.06299999999987449
2023-04-12,Wednesday,276,122591,2004.7755,2028.444,2001.1875,2018.2485000000001,1.3595786660401608,0.6720453237781578,0.49430411094602034,1.2827580081085068,0.06773361429110669,0.06299999999987449
2023-04-13,Thursday,276,108744,2018.2175,2048.797,2015.3764999999999,2039.8135,1.6559414433776425,1.0700531533395188,0.6461902125940633,0.8154502927380044,0.06496819587303651,0.06299999999987449
2023-04-14,Friday,252,132336,2039.8125,2047.4915,1992.4634999999998,2004.3519999999999,2.6976989306615313,-1.7384195851334443,0.6444083012284652,1.1564562772757807,0.06379908767693121,0.06299999999987449
2023-04-17,Monday,276,109445,2002.966,2015.098,1981.199,1994.0055,1.6924401113149146,-0.44736156280235967,0.26432933124870767,0.83553146503365,0.0639637030479324,0.06299999999987449
2023-04-18,Tuesday,276,97036,1994.0145,2011.9234999999999,1991.248,2005.8175,1.036878116984597,0.5919214729882912,0.570868902807681,0.8113258265013271,0.06337265195117282,0.06200000000012551
2023-04-19,Wednesday,276,113434,2005.819,2008.277,1969.2759999999998,1993.7155,1.9443927891798913,-0.6034193513971071,0.31033819645649796,0.8848723981248869,0.06538100280286582,0.06299999999987449
2023-04-20,Thursday,276,109838,1993.751,2012.4465,1990.576,2005.4135,1.096952427860851,0.5849526846632371,0.5332525548112819,0.9500527619892523,0.06413488661074951,0.06200000000012551
2023-04-21,Friday,252,118265,2005.3865,2005.6075,1971.6835,1982.9865,1.6916439798512644,-1.116991662205769,0.660299492984321,1.2829023630599379,0.06458776254474331,0.06200000000012551
2023-04-24,Monday,276,100113,1984.7179999999998,1996.7205,1974.1285,1995.1154999999999,1.138297732977676,0.5238779514268544,0.4602292847025538,0.7118948784276758,0.06370113075529417,0.06200000000012551
2023-04-25,Tuesday,276,125720,1995.1145000000001,2003.9305,1976.167,2000.2725,1.3915742680432637,0.25853152788974776,0.18578349271525196,0.8705684544859457,0.0645770415075755,0.06299999999987449
2023-04-26,Wednesday,276,127317,2000.278,2009.4225000000001,1983.4475,1991.7469999999998,1.298569498839668,-0.42649071779023595,0.32843118383061143,0.9029986775548418,0.06337835503177415,0.06299999999987449
2023-04-27,Thursday,276,121217,1991.7165,2003.6565,1974.116,1987.0135,1.4831679106941207,-0.23612798307389501,0.15920515901897273,0.9266537511845987,0.06478505020453582,0.06299999999987449
2023-04-28,Friday,252,121134,1986.9785,1995.094,1976.2435,1989.4765,0.9487017599838152,0.125718521866243,0.13251637887589432,0.741960481819522,0.06345850567044731,0.06299999999987449
2023-05-01,Monday,276,116672,1987.027,2006.0335,1977.1545,1981.473,1.4533773320644312,-0.2795130614732506,0.19231967865923702,0.9064433061816807,0.06396161741835164,0.06299999999987449
2023-05-02,Tuesday,276,122121,1981.4850000000001,2019.5105,1978.5549999999998,2016.005,2.0669094138991846,1.7421277476236248,0.8428660375285314,0.8358524846352654,0.06354806018403401,0.06299999999987449
2023-05-03,Wednesday,276,152929,2016.016,2080.317,2007.905,2052.057,3.591836572725615,1.7877338275092913,0.4977213721482585,1.6436971219383454,0.06575386029411745,0.06299999999987449
2023-05-04,Thursday,276,166007,2052.059,2059.637,2030.4265,2050.0225,1.423472716915066,-0.0992417859330633,0.069718080827105,1.0149889588623278,0.06337289909499462,0.06299999999964712
2023-05-05,Friday,252,127103,2050.024,2053.0565,1999.551,2016.7495,2.6099938342185367,-1.6231273389970065,0.6218893384792191,1.0643758877108296,0.06526742388601348,0.06299999999964712
2023-05-08,Monday,276,91201,2016.076,2029.42,2015.25,2021.3375,0.7028504877792341,0.2609772647459753,0.3713126323218096,0.6004775928255938,0.06289975792936614,0.06299999999987449
2023-05-09,Tuesday,276,93233,2021.3654999999999,2037.661,2019.5825,2036.3705,0.894370661812526,0.7423199812206209,0.8299914262798377,0.5594614270348992,0.06263813181367668,0.06200000000012551
2023-05-10,Wednesday,276,117040,2036.4105,2048.2455,2021.5555,2031.5365000000002,1.3106394805958845,-0.23934270619797907,0.18261521168976344,0.9295107646016358,0.06442793555262978,0.06299999999987449
2023-05-11,Thursday,276,131664,2031.511,2041.268,2011.204,2016.4455,1.4798836924830867,-0.741590865124527,0.5011142895156961,0.9191539445406778,0.06356633159592909,0.06299999999987449
2023-05-12,Friday,252,107778,2016.4675,2022.6615,2000.995,2011.0115,1.07447801663057,-0.27057217634303077,0.25181732167170023,0.684123815960663,0.06392741178049217,0.06200000000012551
2023-05-15,Monday,276,87555,2009.6515,2022.183,2008.737,2014.5,0.6690712295141676,0.2412607360032353,0.3605905101889104,0.6026647336171548,0.06293663790388575,0.06299999999987449
2023-05-16,Tuesday,276,108083,2014.5104999999999,2018.379,1985.568,1989.7295,1.6287331339300504,-1.2301251346170672,0.7552650025905948,0.8282546986097946,0.06479941389200626,0.06299999999987449
2023-05-17,Wednesday,276,96745,1989.7325,1993.077,1975.018,1982.8145,0.9076094399624054,-0.34768492749654134,0.3830776897945696,0.6140453744741908,0.06320623229461741,0.06299999999987449
2023-05-18,Thursday,276,102472,1982.8165,1986.0725,1952.0365000000002,1958.4560000000001,1.716548152590007,-1.2285806578672196,0.7157274650370166,0.7243572334030138,0.06396550428848635,0.06200000000012551
2023-05-19,Friday,252,113070,1958.464,1984.286,1954.1035,1977.8029999999999,1.54113121303226,0.9874575177281759,0.6407355255528822,0.9469414213852566,0.06349499966440582,0.06299999999987449
2023-05-22,Monday,276,98372,1980.9275,1982.63,1968.94,1969.8835,0.6910904109312458,-0.5575166178469477,0.8067202337472646,0.7459961137019006,0.062751183948155,0.06299999999987449
2023-05-23,Tuesday,276,114184,1969.914,1977.839,1954.3315,1975.08,1.1933262061186394,0.26224495079480326,0.21975965117515492,0.7473240198841438,0.0643524804177557,0.06299999999987449
2023-05-24,Wednesday,276,111502,1975.121,1985.375,1956.783,1959.8515,1.4476075136662563,-0.7730918763964388,0.5340479854504776,0.7724310274232963,0.06390118139305957,0.06299999999987449
2023-05-25,Thursday,276,119459,1959.8485,1964.8115,1938.9135,1940.615,1.3214286716549728,-0.9813768768351251,0.7426635261410192,0.9473179051260439,0.06337541651240315,0.06299999999987449
2023-05-26,Friday,252,101879,1940.5925,1957.3195,1936.7755,1946.9335,1.0586457486566652,0.32675587481658935,0.3086545950155808,0.775997007441212,0.0639398749075252,0.06299999999987449
2023-05-29,Monday,231,54794,1943.787,1949.818,1940.3705,1941.7835,0.48603576420667444,-0.10307199297042478,0.21206668430802147,0.4174184799518369,0.06262735419197986,0.06200000000012551
2023-05-30,Tuesday,276,104736,1941.598,1963.579,1932.142,1958.6345000000001,1.6191302216009649,0.8774473397685907,0.5419251200814396,0.7399152737268935,0.06680793462666094,0.06299999999987449
2023-05-31,Wednesday,276,110077,1958.644,1974.8760000000002,1953.7245,1966.344,1.0799052814089833,0.3931291240266248,0.3640403753870876,0.8643393628795971,0.06339797555857125,0.06200000000012551
2023-06-01,Thursday,276,106041,1966.375,1983.1485,1953.4375,1977.1305,1.510952895556545,0.5469709490814307,0.362003971593012,0.7122322151264069,0.06368023914411558,0.06299999999987449
2023-06-02,Friday,252,103337,1977.1325000000002,1983.432,1947.6805,1948.0915,1.8082500793447114,-1.4688443996545586,0.8123015817518175,0.7250537098657794,0.06397358541163826,0.06200000000012551
2023-06-05,Monday,275,93197,1949.444,1964.103,1938.1480000000001,1961.3235,1.3314052622183519,0.6093788793112297,0.45769601232903256,0.9694738555968376,0.06385529522024419,0.06299999999987449
2023-06-06,Tuesday,276,89175,1961.3310000000001,1966.476,1954.4455,1963.4450000000002,0.6133844822725013,0.10778394875724867,0.1757200448859166,0.6581310617254127,0.06338319994958594,0.06299999999987449
2023-06-07,Wednesday,276,97644,1963.415,1970.223,1939.9385,1944.5365000000002,1.5424400852596105,-0.9615134854322598,0.6233716917895232,0.6962445710847613,0.06333870666583519,0.06299999999987449
2023-06-08,Thursday,276,94151,1944.5325,1970.6075,1942.864,1965.416,1.426743960309228,1.0739599363857333,0.7527348748355428,0.707079178380783,0.0632331946020943,0.06299999999987449
2023-06-09,Friday,252,84889,1965.4125,1973.1309999999999,1956.6795,1960.7404999999999,0.8370507463445916,-0.23771091310348466,0.28398626265082544,0.5393807873717923,0.0631210926882323,0.06299999999987449
2023-06-12,Monday,276,85967,1960.0415,1967.0895,1949.2675,1960.04,0.9092664619601226,-7.652899186462207e-05,8.416563797992406e-05,0.6386014421891297,0.0633233059096915,0.06299999999987449
2023-06-13,Tuesday,276,103093,1960.0535,1971.219,1940.075,1943.9845,1.5889362203633728,-0.819824560911218,0.5159581299768802,0.8581960265140189,0.06425684910037033,0.06299999999987449
2023-06-14,Wednesday,276,108727,1943.9904999999999,1960.3580000000002,1939.7725,1945.288,1.058930071931943,0.06674415332791633,0.06302980253091343,0.8383864561036936,0.0640663823474886,0.06299999999987449
2023-06-15,Thursday,276,109627,1945.246,1960.2945,1925.0729999999999,1958.3229999999999,1.8106450289577822,0.6722543061391603,0.37127890634980715,0.8153342865651834,0.06673808325996887,0.06299999999987449
2023-06-16,Friday,252,91820,1958.3020000000001,1967.9895,1953.313,1957.5405,0.7494502890769557,-0.03888572855463913,0.05188566756379785,0.6851442896568605,0.06455839071149046,0.06299999999987449
2023-06-19,Monday,231,63328,1957.1455,1958.8110000000001,1947.8335,1952.2975000000001,0.5608934031731514,-0.24770769470128595,0.4416306080619332,0.4083915046284106,0.06266294296071619,0.06299999999987449
2023-06-20,Tuesday,276,101501,1952.4825,1956.827,1929.8335,1937.3310000000001,1.3825219944352916,-0.7760120769328248,0.5613017948765414,0.6528364014253347,0.0652439503746492,0.06299999999987449
2023-06-21,Wednesday,276,108391,1937.3255,1939.534,1919.1979999999999,1933.9395,1.0496945402308615,-0.17477703153135432,0.1665027537372112,0.8060876008569433,0.06495022069642149,0.06299999999987449
2023-06-22,Thursday,276,97079,1933.9385,1934.298,1912.4555,1914.5394999999999,1.1294309513978842,-1.0030825695853367,0.8881309373927041,0.7410108063353182,0.06444390847248158,0.06200000000012551
2023-06-23,Friday,252,97557,1914.539,1937.3805,1910.191,1921.292,1.4201591087985126,0.35272198685949613,0.24836793615182115,0.6660353929126607,0.06446133779264222,0.06299999999987449
2023-06-26,Monday,276,88062,1925.3935000000001,1933.3795,1921.0025,1922.5845,0.642829634565607,-0.1458922552714651,0.22695321968168436,0.5164903685723157,0.06326325958242389,0.06299999999987449
2023-06-27,Tuesday,276,91045,1922.601,1930.7385,1910.8995,1915.4845,1.0318833704965273,-0.3701496046241569,0.35871263672564685,0.6653695642473032,0.06442186239841266,0.06299999999987449
2023-06-28,Wednesday,276,90509,1915.489,1917.2745,1902.9395,1909.7815,0.7483728697998284,-0.2979656891791068,0.39815137774677134,0.5840649362160354,0.0650338350541117,0.06299999999987449
2023-06-29,Thursday,276,99325,1909.812,1913.147,1893.0465,1908.7604999999999,1.0524857944132726,-0.05505777532029502,0.05231213153901804,0.9227699870390167,0.06725972822730135,0.06299999999987449
2023-06-30,Friday,252,93730,1908.792,1922.7930000000001,1900.6015,1919.433,1.1625939337549682,0.5574729986295037,0.47950791969898443,0.6265049348243643,0.0635467155718581,0.06299999999987449
2023-07-03,Monday,276,80991,1918.2635,1931.0495,1910.103,1921.281,1.0919511318439836,0.1573037280853192,0.1440574797698864,0.5488290811227773,0.0642389346371585,0.06299999999987449
2023-07-04,Tuesday,243,57224,1921.28,1930.7455,1920.124,1926.2759999999998,0.5528345686209177,0.26003497668220493,0.4703667090335529,0.39670486541488426,0.06344091168905469,0.06299999999987449
2023-07-05,Wednesday,276,89162,1926.3474999999999,1935.0675,1914.865,1916.8715,1.0487463970026227,-0.49191539948009827,0.46905086004206603,0.6106545779868154,0.06489029197979396,0.06299999999987449
2023-07-06,Thursday,276,104552,1916.884,1927.6485,1902.7179999999998,1911.6165,1.3005742653180976,-0.2747949276012491,0.21128737891337487,0.9191500709212239,0.06613586185630596,0.06299999999987449
2023-07-07,Friday,252,95243,1911.6435000000001,1934.9450000000002,1909.725,1925.4395,1.3192836425829528,0.7216826777586836,0.5470261697065695,0.7559923560580338,0.06611642189586091,0.06299999999987449
2023-07-10,Monday,276,85074,1924.9575,1926.9805000000001,1912.6895,1924.921,0.7424060011714632,-0.0018961457590587166,0.00255405499964539,0.5455180145536759,0.06457192395813936,0.06299999999987449
2023-07-11,Tuesday,276,83791,1924.922,1938.504,1924.5065,1933.3405,0.7271723217875813,0.43734239621137866,0.6014288265761762,0.5873812263554461,0.06695773431233434,0.06299999999987449
2023-07-12,Wednesday,276,96190,1933.344,1959.7179999999998,1933.271,1957.8125,1.3679407286028709,1.2656050863167625,0.925190002646805,0.7756304492877215,0.07017518695598726,0.06299999999987449
2023-07-13,Thursday,276,96439,1957.8135,1963.6554999999998,1952.4445,1960.234,0.5726285981785183,0.12363281793694583,0.21590402283471533,0.6817777393455275,0.0669621578592873,0.06299999999987449
2023-07-14,Friday,252,92836,1960.2240000000002,1963.771,1951.0410000000002,1955.3229999999999,0.6494155769952714,-0.2500224464143024,0.3849960722702573,0.6179523705932363,0.06591620705694665,0.06299999999987449
2023-07-17,Monday,276,83392,1953.3805,1959.9009999999998,1945.853,1955.498,0.719163521904707,0.10840181930760873,0.15073320045558783,0.5627469118047538,0.06581110698365443,0.06299999999987449
2023-07-18,Tuesday,276,104124,1955.4955,1984.451,1954.777,1977.5810000000001,1.5174670563036314,1.1294068434317615,0.7442710790591142,0.7995052517982515,0.0688095033194015,0.06299999999987449
2023-07-19,Wednesday,276,85538,1977.5635,1980.9595,1969.8425,1977.7825,0.562156411159488,0.011074233520190423,0.019699559233610837,0.5992516109180408,0.0641048590208248,0.06299999999987449
2023-07-20,Thursday,276,92369,1977.761,1987.521,1965.42,1972.2965,1.117475771845025,-0.27629728769047646,0.24725125559929742,0.6501292802372935,0.06786996235265053,0.06299999999987449
2023-07-21,Friday,252,83971,1972.327,1973.8355000000001,1956.905,1961.951,0.8584022831913859,-0.5260790933754889,0.6128584507250155,0.5513325033822228,0.0650365486310999,0.06299999999987449
2023-07-24,Monday,276,87553,1961.272,1967.9054999999998,1953.274,1954.493,0.7460209496693961,-0.3456430316651641,0.4633154495437935,0.5873178937877336,0.06377292360853881,0.06299999999987449
2023-07-25,Tuesday,276,84947,1954.4940000000001,1966.3919999999998,1952.1365,1965.384,0.7293703638895671,0.557177458718209,0.7639156816667293,0.6043030077373345,0.06850427455563259,0.06299999999987449
2023-07-26,Wednesday,276,96426,1965.3835,1978.3435,1962.1015,1972.1085,0.8264036001116302,0.34217240553816275,0.4140499938431321,0.6760695627977458,0.06706641249538592,0.06299999999987449
2023-07-27,Thursday,276,108932,1972.112,1982.233,1942.518,1947.5430000000001,2.01383085747665,-1.24582173831912,0.6186327584036261,0.8476735648617614,0.07058032485442868,0.06299999999987449
2023-07-28,Friday,252,108777,1947.5115,1963.56,1946.1545,1959.2835,0.8937302809251625,0.6044636963632787,0.6763379391571651,0.6274356489493078,0.06612414206703547,0.06299999999987449
2023-07-31,Monday,276,84547,1958.154,1972.426,1950.868,1964.0065,1.100934860077399,0.29887843346335186,0.2714769459133484,0.5618437055278126,0.06357245619428267,0.06299999999987449
2023-08-01,Tuesday,276,94081,1963.9755,1964.728,1941.3094999999998,1952.246,1.1924028583859738,-0.5972325011182633,0.5008647009842563,0.7077264619583004,0.06625858895705451,0.06299999999987449
2023-08-02,Wednesday,276,92991,1952.2404999999999,1954.8519999999999,1933.0149999999999,1936.1,1.1185609559887724,-0.8267680134696507,0.7391354123734938,0.6100419426607386,0.0641091700341931,0.06299999999987449
2023-08-03,Thursday,275,95338,1936.125,1938.9225000000001,1929.596,1935.874,0.4817096003615533,-0.01296403899541488,0.026912560982144753,0.7138861426393021,0.06589054602184126,0.06299999999987449
2023-08-04,Friday,252,91069,1935.8474999999999,1946.9515,1925.651,1942.5835,1.1003191108803678,0.3479612934386673,0.3162367080585037,0.6169523927472281,0.06720526702760413,0.06299999999987449
2023-08-07,Monday,276,74726,1943.885,1945.367,1931.5615,1936.8325,0.7102014779680865,-0.3628043840041983,0.5108471261453797,0.5475853057450499,0.06602190464303508,0.06299999999987449
2023-08-08,Tuesday,276,83435,1936.863,1937.4054999999998,1922.8085,1925.6695,0.7536413262063322,-0.5779190371234354,0.7668356511612163,0.563037330549761,0.0665848456501406,0.06299999999987449
2023-08-09,Wednesday,276,77511,1925.6745,1932.3519999999999,1914.127,1916.7885,0.9464216304468854,-0.46144870277920624,0.487572016460906,0.5449274580734613,0.06680333147563287,0.06299999999987449
2023-08-10,Thursday,276,93492,1916.788,1930.1865,1910.9155,1912.458,1.0053798333461998,-0.22589874310565006,0.22468994862746805,0.6180160747372014,0.06792822996212863,0.06299999999987449
2023-08-11,Friday,252,75891,1912.4605000000001,1921.0105,1911.9569999999999,1913.8854999999999,0.4733953982317654,0.0745113428486354,0.15739769150049082,0.46206718452624884,0.06517630835463513,0.06299999999987449
2023-08-14,Monday,276,80574,1913.7195000000002,1916.2559999999999,1902.7649999999999,1907.6570000000002,0.7049622476021165,-0.31679146290770405,0.44937365651174904,0.5289761116335426,0.07005735056542861,0.06299999999987449
2023-08-15,Tuesday,276,91343,1907.6675,1911.6625,1896.5079999999998,1901.519,0.7943994432992174,-0.32230459448515075,0.4057210729486273,0.6405316704875257,0.06978877336303889,0.06299999999987449
2023-08-16,Wednesday,276,81325,1901.5115,1907.2455,1891.8519999999999,1893.3955,0.8095401999935383,-0.4268183495077461,0.5272355214863362,0.5200203206585928,0.06682051439444932,0.06299999999987449
2023-08-17,Thursday,276,84167,1893.3975,1903.513,1885.096,1891.3265000000001,0.972695907753122,-0.10938009583301514,0.11245045338545485,0.5422830599431885,0.07056370251603306,0.06299999999987449
2023-08-18,Friday,252,74274,1891.3315,1896.787,1886.824,1889.629,0.5267717478400781,-0.09001594908137997,0.17088226437820997,0.49609468805169066,0.06880668497555205,0.06299999999987449
2023-08-21,Monday,276,82456,1890.034,1898.8505,1884.8465,1894.7640000000001,0.7409390518900667,0.25026004823193754,0.33776063981719867,0.49753616042757176,0.07626682105526701,0.06299999999987449
2023-08-22,Tuesday,276,76937,1894.774,1904.51,1889.154,1898.5785,0.8104396619332963,0.20078911785786535,0.24775332117740234,0.5190022958922896,0.07044202486902608,0.06299999999987449
2023-08-23,Wednesday,276,85436,1898.576,1920.392,1898.5320000000002,1917.9485,1.1513892517339257,1.0203700036237657,0.8862076852699009,0.6434033560960086,0.06823952392759663,0.06299999999987449
2023-08-24,Thursday,276,78161,1917.949,1923.397,1911.904,1915.9470000000001,0.5992338690966202,-0.10438233759083025,0.1741929870355837,0.490017460382713,0.06970951252960875,0.06299999999987449
2023-08-25,Friday,252,82559,1915.9450000000002,1922.408,1903.841,1914.421,0.9690779223829497,-0.0795429931443812,0.08208111164970722,0.6830164510941,0.06953697124086633,0.06299999999987449
2023-08-28,Monday,276,66938,1915.1285,1926.0905,1912.8945,1921.286,0.6890399260415117,0.32151889546837337,0.46661867232495213,0.4329964193178177,0.06389967021816383,0.06299999999987449
2023-08-29,Tuesday,276,77809,1921.2984999999999,1938.2205,1914.5075000000002,1936.2675,1.234217379548245,0.7791085039622969,0.6312571163496907,0.6337615740446164,0.06429648805439335,0.06299999999987449
2023-08-30,Wednesday,276,78682,1936.2759999999998,1949.1055000000001,1935.0394999999999,1944.2855,0.7264460231909221,0.41365487151625685,0.569422721455991,0.4518818910670387,0.06473256681168281,0.06299999999987449
2023-08-31,Thursday,276,74093,1944.295,1947.9195,1939.133,1939.9245,0.4519118755127145,-0.2247858478265897,0.49741080066010657,0.3897423472196068,0.0636090108104724,0.06299999999987449
2023-09-01,Friday,252,80854,1939.9279999999999,1953.048,1934.5335,1939.8035,0.9543910908033699,-0.0064177639582447465,0.006724459207642559,0.6599999147149525,0.06600277064468109,0.06299999999987449
2023-09-04,Monday,231,49480,1940.6570000000002,1946.3319999999999,1936.7875,1937.759,0.49181797710775116,-0.14933087093701453,0.303630363036319,0.31387480810959983,0.06343748586931816,0.06299999999987449
2023-09-05,Tuesday,276,75712,1937.6505,1939.027,1925.4315000000001,1926.659,0.701648723544308,-0.5672591625785899,0.808466036556209,0.4709894393149585,0.06511087473407529,0.06299999999987449
2023-09-06,Wednesday,276,75958,1926.6595,1929.1970000000001,1915.3425,1917.1905000000002,0.719094370333738,-0.49147241637662614,0.6834602475729709,0.5836219833206019,0.06440262008733741,0.06299999999987449
2023-09-07,Thursday,276,69022,1917.1860000000001,1923.6215,1916.2635,1920.347,0.3837916613202864,0.16487706461448343,0.4296004349007683,0.5333782459573354,0.06341798941799028,0.06299999999987449
2023-09-08,Friday,252,68159,1920.3555000000001,1929.7395000000001,1917.403,1919.0729999999999,0.642407095977808,-0.06678450943068898,0.10395979410693817,0.4784695820819458,0.06506513148930361,0.06299999999987449
2023-09-11,Monday,276,74408,1918.8944999999999,1930.8,1918.4165,1921.7235,0.6453455361928399,0.14742863664470238,0.2284491460411191,0.4591585003392444,0.06752224721909682,0.06299999999987449
2023-09-12,Tuesday,276,72955,1921.6895,1924.547,1907.652,1912.9575,0.8791742890826006,-0.45439182552644275,0.5168393015685102,0.45959587261999046,0.0651412634745551,0.06299999999987449
2023-09-13,Wednesday,276,83150,1912.9425,1915.7965,1905.6655,1909.2759999999998,0.5296029546104944,-0.19166807157038274,0.3619089922021835,0.5462803536612211,0.06509579380928686,0.06299999999987449
2023-09-14,Thursday,276,85574,1909.269,1912.9560000000001,1901.0684999999999,1909.8345,0.6226204898314628,0.029618665573050682,0.04757097791797401,0.6067483400645232,0.06569486254509138,0.06299999999987449
2023-09-15,Friday,252,78179,1909.866,1930.4724999999999,1909.866,1923.9305,1.0789500415212308,0.7364129211159292,0.682527357872518,0.49267853950365254,0.06940896602559832,0.06299999999987449
2023-09-18,Monday,276,70626,1923.327,1934.5529999999999,1922.873,1934.1399999999999,0.6072810291749575,0.5622028911360302,0.9257705479452077,0.40273739608367704,0.06406140950015364,0.06299999999987449
2023-09-19,Tuesday,276,65375,1934.161,1937.4445,1929.8235,1931.4185,0.3940209734349981,-0.14179274631222857,0.359860910641652,0.3601495858046271,0.06352448647294628,0.06299999999987449
2023-09-20,Wednesday,276,85876,1931.4175,1947.4605000000001,1928.027,1929.524,1.006178104941065,-0.09803680457488508,0.09743484189673099,0.6017576535242989,0.0660825823064184,0.06299999999987449
2023-09-21,Thursday,276,85672,1929.528,1930.551,1913.9904999999999,1921.453,0.8582668922140568,-0.41849612962341287,0.4876060505419536,0.5376177294497676,0.06436392346275337,0.06299999999987449
2023-09-22,Friday,252,69475,1921.4605000000001,1929.149,1921.2894999999999,1925.3315,0.4090378126430403,0.20146133631161645,0.49252496978177424,0.3607526646731036,0.06403324825362654,0.06299999999987449
2023-09-25,Monday,276,72142,1924.83,1927.2475,1915.184,1916.307,0.6267306723191127,-0.4427923504932857,0.7065113772951405,0.4801509078399529,0.0643470135118062,0.06299999999987449
2023-09-26,Tuesday,276,74671,1916.3085,1916.5475000000001,1899.2024999999999,1901.629,0.905125662178102,-0.7660301042342706,0.8463245892187935,0.5274672508232039,0.0661737393909125,0.06299999999987449
2023-09-27,Wednesday,276,82188,1901.624,1903.9119999999998,1872.607,1877.6615000000002,1.6462244902251886,-1.260107150519759,0.7654528030666025,0.5810150495190175,0.06832712881083544,0.06299999999987449
2023-09-28,Thursday,276,90394,1877.6835,1879.5900000000001,1857.7440000000001,1866.8,1.1634548633995028,-0.5796237757854367,0.4981918886752787,0.7161488346735565,0.06406841554282901,0.06299999999987449
2023-09-29,Friday,252,90871,1866.795,1879.9009999999998,1846.382,1848.8955,1.7955372710983144,-0.958835865748515,0.5340105611742626,0.7044742135733725,0.06408123997862107,0.06299999999987449
2023-10-02,Monday,276,93889,1848.414,1848.9850000000001,1820.5045,1825.0445,1.5408074165203316,-1.2643000972725815,0.8205438809009644,0.8333358599541281,0.06250368188512646,0.06299999999987449
2023-10-03,Tuesday,276,114897,1825.019,1833.444,1815.3175,1823.403,0.9932225363133124,-0.08854702334605752,0.08915124265578014,0.9505538908972343,0.06249606396063985,0.06200000000012551
2023-10-04,Wednesday,276,103175,1823.4035,1830.7420000000002,1816.656,1822.6235000000001,0.772511405182684,-0.04277714724139475,0.05537413034216471,0.6869901302549543,0.06309938847365623,0.06299999999987449
2023-10-05,Thursday,276,89241,1822.5715,1829.2730000000001,1813.0945000000002,1821.3725,0.8876743655873025,-0.06578617080317942,0.07411070247551196,0.6735712603763355,0.06277240822411252,0.06299999999987449
2023-10-06,Friday,252,98670,1821.3719999999998,1834.9325,1810.5025,1831.9995,1.3412965610539658,0.5834887107081944,0.43501841997544516,0.9147112742124583,0.06294702963658462,0.06200000000012551
2023-10-09,Monday,276,86855,1848.092,1863.5165,1844.261,1862.636,1.0419124156156718,0.7869738086631979,0.7553166627716694,0.6745830112724733,0.06249782419495234,0.06200000000012551
2023-10-10,Tuesday,276,90434,1862.6825,1865.3775,1853.0695,1859.7469999999998,0.6607674684225568,-0.15759529603139813,0.2385034124146936,0.6057973971337923,0.06250149290868387,0.06299999999987449
2023-10-11,Wednesday,276,87814,1859.7325,1877.252,1858.6905000000002,1875.35,0.9980736476885679,0.8397713111966283,0.8413921288688957,0.56958969510576,0.06497479305408715,0.06299999999987449
2023-10-12,Thursday,276,88829,1875.351,1885.1185,1867.983,1870.6545,0.9137222845216758,-0.2504331189201389,0.2740801260540976,0.5719928021200429,0.06359889082751823,0.06299999999987449
2023-10-13,Friday,252,103623,1870.6465,1932.6925,1870.1545,1932.317,3.3431222841942616,3.2967479424893984,0.9861284339121804,1.0210107473067558,0.06462119797225263,0.06299999999987449
2023-10-16,Monday,276,94589,1925.9425,1926.0275000000001,1908.2435,1919.4859999999999,0.9233920535010833,-0.3352384611690241,0.36305105713001545,0.7348931396982313,0.06288604218362188,0.06299999999987449
2023-10-17,Tuesday,276,95093,1919.482,1931.6235000000001,1912.4425,1924.7894999999999,0.9992800140871361,0.2765068909216076,0.2767061154267181,0.7744555461293089,0.06307138866472085,0.06200000000012551
2023-10-18,Wednesday,276,110307,1924.7885,1962.6615000000002,1923.855,1950.942,2.0161435918803616,1.3587726651525553,0.6739463749629521,0.9106039221392893,0.06676122060539025,0.06299999999987449
2023-10-19,Thursday,276,117744,1950.8825000000002,1982.5459999999998,1945.2565,1977.238,1.9114170125571304,1.3509527098633511,0.7067807291596827,0.9138691953696759,0.06334493053862883,0.06200000000012551
2023-10-20,Friday,252,114790,1977.2725,1997.2150000000001,1972.0735,1980.851,1.27152428408326,0.18098162999789238,0.14233438736750198,1.1121494276022257,0.06366586666666765,0.06299999999987449
2023-10-23,Monday,276,104424,1971.6045,1982.846,1964.408,1973.6575,0.9351774151458927,0.10412838883255293,0.1113461329862295,0.8232893131414797,0.06250263500527027,0.06299999999987449
2023-10-24,Tuesday,276,103146,1973.6545,1980.9360000000001,1953.5445,1972.9245,1.3878568918724212,-0.03698722344767122,0.026650603289342073,0.8790728790050243,0.06250586181092618,0.06299999999987449
2023-10-25,Wednesday,276,110661,1972.926,1987.3075,1963.0985,1983.0235,1.2270607209798965,0.5118032810151056,0.4170969474162564,1.0089328934929167,0.06261787025703824,0.06299999999987449
2023-10-26,Thursday,276,103271,1983.0415,1993.4885,1971.8355000000001,1984.479,1.0919085657057501,0.07248965793202009,0.06638802937237398,0.7379849169012734,0.06250652483146607,0.06299999999987449
2023-10-27,Friday,252,102175,1984.4785,2009.4265,1976.917,2006.1485,1.6381885719598432,1.0919745414223472,0.6665743859487225,0.8907453838586703,0.06282323131292826,0.06299999999987449
2023-10-30,Monday,276,96969,2002.784,2006.8315,1991.076,1995.592,0.7866799415214013,-0.3591001326153997,0.4564755164863073,0.6533603978849044,0.062492949837783335,0.06200000000012551
2023-10-31,Tuesday,276,103052,1995.609,2007.9495,1978.9054999999998,1983.767,1.4553953204260002,-0.5934028158822631,0.40772620851121855,0.6278140049200662,0.06251707616707698,0.06200000000012551
2023-11-01,Wednesday,276,108360,1983.77,1992.7945,1969.9225000000001,1985.1100000000001,1.1529562398866724,0.06754815326374256,0.05858691850297983,0.7733407052108179,0.06354075704763622,0.06299999999987449
2023-11-02,Thursday,276,86799,1985.089,1991.0255,1978.8980000000001,1985.0605,0.6109297870271725,-0.0014357038903492236,0.002350030921450827,0.5442525614485932,0.06250391806009825,0.06299999999987449
2023-11-03,Friday,252,96697,1985.0565000000001,2004.103,1983.3175,1992.6165,1.0470986594084326,0.3808455829846629,0.3637150898462852,0.9590037221905086,0.06292871607938551,0.06200000000012551
2023-11-06,Monday,276,84120,1988.5520000000001,1993.1770000000001,1975.836,1976.7775000000001,0.8720415659233514,-0.5921142620358929,0.6789977509947469,0.5476959086986765,0.06250449954086437,0.06299999999987449
2023-11-07,Tuesday,276,92087,1976.7535,1977.1015,1956.759,1969.002,1.029086327657949,-0.39213285824459543,0.38104952685265275,0.5444365367942918,0.06255581310235611,0.06299999999987449
2023-11-08,Wednesday,276,90932,1969.0085,1971.1390000000001,1947.4344999999998,1950.912,1.2038800238800533,-0.9190666266803763,0.7634204475943245,0.6166716483601457,0.06886683707625785,0.06299999999987449
2023-11-09,Thursday,276,99380,1950.9155,1965.8184999999999,1944.598,1959.158,1.0877200985896058,0.4224939521983313,0.38842157347847006,0.659246011432744,0.06250365764447652,0.06299999999987449
2023-11-10,Friday,264,86969,1959.1599999999999,1960.8139999999999,1932.9985000000001,1938.4535,1.419766634680154,-1.0569070417934103,0.7444230734662328,0.6004260336916487,0.062498731930002695,0.06200000000012551
2023-11-13,Monday,276,81444,1940.4740000000002,1949.2875,1931.704,1946.4995,0.906144581169341,0.31051691493932604,0.3426792163107318,0.5337849694597184,0.06249926172019235,0.06200000000012551
2023-11-14,Tuesday,276,92976,1946.5135,1971.054,1937.7205,1962.5925,1.7124720686499315,0.8260410215495525,0.48236758816205505,0.9197923534187138,0.06251307350764602,0.06299999999987449
2023-11-15,Wednesday,276,92400,1962.5865,1975.3809999999999,1955.5245,1960.431,1.0117515839429176,-0.10982955400945882,0.10855387404627509,0.5658946795543283,0.06250385415392025,0.06299999999987449
2023-11-16,Thursday,276,88667,1960.4335,1988.0405,1956.5475000000001,1982.699,1.6064304144976067,1.1357437015843677,0.7069983805925132,0.6784900954108641,0.06250242584290304,0.06200000000012551
2023-11-17,Friday,264,86137,1982.6770000000001,1993.5115,1978.614,1980.7350000000001,0.7513831047618968,-0.09794837989243871,0.13035744252391357,0.5544844006037789,0.06250101832993875,0.06299999999987449
2023-11-20,Monday,276,96941,1974.6315,1985.221,1965.5349999999999,1981.2694999999999,0.996945506034931,0.3361639880656173,0.33719394493548055,0.6719840462824109,0.06250097560975547,0.06299999999987449
2023-11-21,Tuesday,276,103234,1981.2545,2007.589,1980.809,1999.4389999999999,1.351668854253705,0.9178275683411619,0.6790328603435348,0.6754685941523788,0.062492056728956046,0.06200000000012551
2023-11-22,Wednesday,276,93585,1999.438,2006.5149999999999,1986.951,1990.6064999999999,0.9784749514613531,-0.4416991174520156,0.4514158658761143,0.6178573184942556,0.06250466890448594,0.06299999999987449
2023-11-23,Thursday,231,59355,1990.615,1998.662,1989.8615,1994.1619999999998,0.4420995521484595,0.17818613845468853,0.40304528151807006,0.36123510199685943,0.06731825170217536,0.06299999999987449
2023-11-24,Friday,222,70654,1994.172,2003.721,1991.5675,2002.3725,0.6094509400392691,0.41122330470992075,0.6747439009338866,0.4733707231173584,0.06459711039205386,0.06299999999987449
2023-11-27,Monday,276,101005,2002.4645,2018.287,2001.8865,2015.3155000000002,0.819015767820102,0.6417591922353736,0.7835736715344129,0.7002515777577608,0.06259903734844456,0.06299999999987449
2023-11-28,Tuesday,276,95673,2015.317,2044.6725000000001,2011.4395,2044.5055,1.6490209728792133,1.4483329421624476,0.8782986790238565,0.6387054057351993,0.06250885413497081,0.06299999999987449
2023-11-29,Wednesday,276,110436,2044.5259999999998,2052.1295,2035.328,2044.743,0.8217797181351587,0.010613707040169616,0.012915513495824647,0.6910940085236785,0.06252842809364599,0.06299999999964712
2023-11-30,Thursday,276,102440,2044.7404999999999,2047.365,2031.4105,2040.1005,0.7802701614214641,-0.22692366097310993,0.2908270393932657,0.6422921363164336,0.08004499574364643,0.06299999999987449
2023-12-01,Friday,264,108562,2040.1755,2075.459,2033.922,2071.742,2.035952299201701,1.5472443424597606,0.7599609986277363,0.7770491309932607,0.0779360295052783,0.06299999999987449
2023-12-05,Tuesday,276,135081,2034.031,2041.2694999999999,2009.844,2019.0030000000002,1.5449862858530587,-0.738828464266267,0.478210370558937,1.019841121920546,0.06250516089860332,0.06200000000012551
2023-12-06,Wednesday,276,111414,2019.004,2036.0145,2018.783,2027.1064999999999,0.853465372034929,0.4013117358856131,0.4702144328700298,0.7293882919440043,0.06257231367308451,0.06299999999987449
2023-12-07,Thursday,276,110171,2027.0774999999999,2039.99,2020.1915,2028.0975,0.97670168012817,0.05031874706320845,0.05151905447383407,0.6852613780412706,0.07986061489853101,0.06299999999987449
2023-12-08,Friday,264,128629,2028.1605,2034.1035,1994.6174999999998,2004.4395,1.9468873395374824,-1.1695819931410756,0.6007445676948777,0.917638186714796,0.06251502853519433,0.06299999999987449
2023-12-11,Monday,276,106922,2007.0925,2007.908,1975.943,1983.0594999999998,1.5926022343265154,-1.19740370710369,0.7518535898639196,0.6688947538946258,0.06250319401350485,0.06299999999987449
2023-12-12,Tuesday,276,105611,1983.0535,1996.8654999999999,1977.2150000000001,1982.5529999999999,0.9909213241094977,-0.025238855129228834,0.025470089819602987,0.6460036893454049,0.06286633783948498,0.06299999999987449
2023-12-13,Wednesday,276,124609,1982.5515,2033.229,1973.1335,2032.9135,3.0312201221506796,2.5402618797040115,0.8380327977968396,1.1103433527978277,0.063632012601478,0.06299999999987449
2023-12-14,Thursday,276,145646,2032.958,2048.0095,2027.5529999999999,2035.6515,1.0062431196316024,0.1324916697737906,0.13166964045657015,0.9760852722750883,0.06287199563000719,0.06299999999987449
2023-12-15,Friday,264,116871,2035.6195,2045.009,2015.645,2019.591,1.4425092705193692,-0.7874015748031556,0.5458554692821177,0.8648922901287974,0.062492592123591685,0.06200000000012551
2023-12-18,Monday,276,97927,2017.5135,2033.7935,2016.1675,2027.7045,0.8736496682673983,0.5051267314939916,0.5781799614206311,0.6016781146692071,0.06250252755953527,0.06299999999987449
2023-12-19,Tuesday,276,99281,2027.6685,2047.0695,2021.7694999999999,2041.0320000000002,1.2477384740158552,0.6590574346842276,0.5282015810276705,0.5650750194758896,0.06250304692260693,0.06299999999987449
2023-12-20,Wednesday,276,96577,2040.962,2043.5455,2027.4835,2032.2275,0.7869818252373095,-0.42795995221861194,0.5437990287635464,0.5755738553317874,0.06251091703056702,0.06200000000012551
2023-12-21,Thursday,276,99592,2032.203,2055.114,2032.0065,2052.8775,1.1370665233738988,1.0173442318508574,0.8947095098993839,0.7114439286018536,0.06289515932863096,0.06299999999987449
2023-12-22,Friday,264,107358,2052.8875,2070.6885,2046.853,2053.195,1.1610719048170024,0.014978901669007467,0.012900925090740444,0.7791585032594905,0.06250193613914787,0.062000000000352884
2023-12-26,Tuesday,276,59344,2055.0225,2069.1885,2053.505,2066.085,0.7631789919575136,0.5383152739203585,0.7053591353970691,0.4975478661479166,0.14476691263099117,0.14600000000018554
2023-12-27,Wednesday,276,90434,2066.161,2084.527,2061.5615,2079.469,1.1115058313461654,0.6440930789033378,0.5794779125209488,0.628709165900526,0.071236816465717,0.06299999999964712
2023-12-28,Thursday,276,101189,2079.568,2088.585,2064.556,2066.8635,1.155480368999715,-0.6109201526471016,0.5287153023430139,0.6664060658190225,0.0707600341068273,0.06299999999964712
2023-12-29,Friday,264,94956,2066.902,2074.846,2058.195,2062.938,0.805601813728945,-0.19178461291342994,0.23806377995315475,0.6173257751539621,0.06250388584533104,0.06299999999964712
2024-01-02,Tuesday,276,102285,2063.9055,2078.9895,2056.198,2059.7765,1.10428990086999,-0.20005760922677446,0.18116403044994214,0.7778814689495674,0.10501942279590881,0.06300000000010186
2024-01-03,Wednesday,276,121914,2059.748,2066.0825,2030.6225,2042.9665,1.7215698231045757,-0.8147355890138042,0.47325155104343014,0.8743622169756932,0.07153454655747478,0.06299999999964712
2024-01-04,Thursday,276,99700,2042.9569999999999,2051.0585,2036.2755,2044.165,0.7236079858753821,0.05912997679344616,0.08171548400189901,0.6087023374589381,0.07116464640311758,0.06299999999987449
2024-01-05,Friday,264,137735,2044.217,2064.0845,2024.5165,2045.5785,1.9356066405865906,0.06660251822580372,0.03440911847957892,1.1403652322339015,0.06289927146024804,0.06299999999964712
2024-01-08,Monday,276,118516,2044.312,2046.69,2016.7694999999999,2030.739,1.463597533057585,-0.663939750879507,0.45363546732172877,0.7315639432972593,0.07074749011256398,0.06299999999987449
2024-01-09,Tuesday,276,109917,2030.7115,2042.0865,2026.1219999999998,2030.7005,0.7861530306003608,-0.0005416820656192305,0.0006890287826093663,0.6646755190366337,0.07072298780487868,0.06299999999987449
2024-01-10,Wednesday,276,103604,2030.703,2040.3685,2020.453,2026.658,0.9807194848286562,-0.19919210243940513,0.20310813185709922,0.6169128150261031,0.0711153518383235,0.06299999999987449
2024-01-11,Thursday,276,135455,2026.7135,2048.768,2013.3085,2035.255,1.7496059507177475,0.42144585310158744,0.24088044106657053,0.8981662695521342,0.07143063829787348,0.06299999999987449
2024-01-12,Friday,264,120308,2035.3115,2062.368,2030.1095,2049.1325,1.5849416661773843,0.6790606744962695,0.4284452159895896,0.7141938424424052,0.06250244026113902,0.062000000000352884
2024-01-15,Monday,243,74311,2047.7525,2058.726,2045.8635,2054.1355,0.6281276667956788,0.31170759161567674,0.49624878522835536,0.43595957272000013,0.07295883373828468,0.06299999999964712
2024-01-16,Tuesday,276,128207,2054.0969999999998,2054.6085000000003,2024.2894999999999,2028.129,1.4760257183570404,-1.2642051470792202,0.8564926283848244,0.913376716086113,0.0707553799392077,0.06299999999964712
2024-01-17,Wednesday,276,122466,2028.161,2033.0335,2001.8429999999998,2009.5475000000001,1.5378710072819741,-0.917752584730696,0.5967682467417912,0.7773523913230881,0.07116830840325936,0.06299999999987449
2024-01-18,Thursday,276,101528,2009.5645,2024.5315,2005.817,2023.723,0.9312714272171927,0.7045556387963663,0.7565524058884806,0.5280108485094163,0.07100169995750132,0.06299999999987449
2024-01-19,Friday,264,92535,2023.8235,2039.3315,2020.4115000000002,2029.5520000000001,0.9348641321735737,0.2830533393845939,0.30277484143764344,0.5379427974202463,0.062492443484887854,0.06200000000012551
2024-01-22,Monday,276,96507,2027.5900000000001,2032.1734999999999,2016.5495,2020.8515,0.7705699870289258,-0.3323403646693936,0.43129160266258615,0.6360003097422914,0.07052733922584663,0.06299999999987449
2024-01-23,Tuesday,276,97035,2020.8545,2038.0075000000002,2019.659,2029.437,0.9079575001564961,0.4246965825595055,0.46774940730849685,0.5805458992098748,0.0704673222575134,0.06299999999987449
2024-01-24,Wednesday,276,106232,2029.3029999999999,2036.8305,2011.238,2016.4015,1.261147300329225,-0.6357601600155296,0.5041125329686414,0.7134451729883509,0.07120784289809245,0.06299999999987449
2024-01-25,Thursday,276,99767,2016.2765,2025.3405,2009.661,2020.5484999999999,0.7776463198375799,0.21187570256360846,0.27245766765521506,0.5729801098856785,0.0714981058291594,0.06299999999987449
2024-01-26,Friday,264,85799,2020.656,2026.9695000000002,2015.9535,2018.5684999999999,0.5451694895123206,-0.10330803461846504,0.18949709513435697,0.4797361844823654,0.06250171777579684,0.06200000000012551
2024-01-29,Monday,276,91291,2021.932,2037.6615000000002,2019.3815,2031.0304999999998,0.904085795170174,0.4499904052163886,0.4977297592997665,0.6246942646188968,0.07063680623174215,0.06299999999987449
2024-01-30,Tuesday,276,99841,2030.9920000000002,2048.6555,2029.125,2036.5315,0.9616236794630331,0.27274848940812474,0.28363329151838945,0.602174772931372,0.07070168501733679,0.06299999999987449
2024-01-31,Wednesday,276,127196,2036.4940000000001,2056.0665,2030.925,2040.0835,1.2345481990126144,0.1762588055746698,0.1427719109838245,0.8200230038550443,0.07236483690360263,0.06299999999987449
2024-02-01,Thursday,276,121287,2039.9969999999998,2065.5575,2030.013,2054.9265,1.7423800133039398,0.7318393115284086,0.4200227883357538,0.8790578893366081,0.07042488905100718,0.06299999999964712
2024-02-02,Friday,264,110234,2054.9385,2057.7225,2027.8415,2039.7065,1.454106777404767,-0.7412387280690005,0.5097553629396697,0.8699367943944494,0.06289381148841672,0.06299999999964712
2024-02-05,Monday,276,99243,2039.3985,2039.9215,2014.912,2025.159,1.226317465664503,-0.6982205782734422,0.5693636418161087,0.6624745253330748,0.07087649572649514,0.06299999999987449
2024-02-06,Tuesday,276,91238,2025.1095,2038.9795,2022.9315000000001,2035.3695,0.7924509761077005,0.506639270617218,0.6393320039880444,0.5019223401118331,0.07071089989642447,0.06299999999987449
2024-02-07,Wednesday,276,85273,2035.4144999999999,2044.6275,2030.6185,2036.5275000000001,0.6882627592561621,0.05468173681578292,0.07944892569064763,0.5755218692272488,0.07058532558850562,0.06299999999987449
2024-02-08,Thursday,276,90820,2036.5210000000002,2038.826,2020.214,2034.423,0.9139115187125534,-0.10301882475064993,0.11272297442511148,0.5566138253063445,0.07071384672115975,0.06299999999987449
2024-02-09,Friday,264,83558,2034.2404999999999,2037.274,2020.299,2024.2835,0.8344637716140206,-0.48947014868693645,0.5865684830633245,0.5793600916487799,0.062495842394779254,0.06200000000012551
2024-02-12,Monday,276,78897,2025.5165,2027.6425,2011.9675,2018.9505,0.7738766877485301,-0.3241642316910295,0.4188835725677863,0.5046344156285215,0.0739129578331797,0.06299999999987449
2024-02-13,Tuesday,276,100619,2018.9015,2032.5545,1990.0645,1991.4925,2.104609858380907,-1.357619477720923,0.6450694281007265,0.9245242459791853,0.07104747955571836,0.06299999999987449
2024-02-14,Wednesday,276,92961,1991.632,1996.137,1984.2215,1993.7525,0.5982781959719385,0.10647047245675872,0.17796147874617277,0.5272563731120333,0.07240507874496413,0.06299999999987449
2024-02-15,Thursday,276,89196,1993.7415,2008.3495,1990.267,2003.4575,0.906963114325502,0.4873249616361947,0.5373150836444023,0.6059461381924447,0.07010383691568606,0.06299999999987449
2024-02-16,Friday,264,90962,2003.3955,2015.222,1995.1799999999998,2013.3690000000001,1.000401568237532,0.49782980944102445,0.4976299770481981,0.672547449910164,0.06251334858886348,0.06299999999987449
2024-02-19,Monday,243,64657,2013.0315,2023.0565000000001,2009.4245,2016.5035,0.6771876147988772,0.1724761882762381,0.2546948356807486,0.3946123364939786,0.07393637505232371,0.06299999999987449
2024-02-20,Tuesday,276,81873,2016.281,2030.9155,2015.0585,2024.4275,0.7864479207015277,0.4040359453865835,0.5137478716024516,0.43644890514714374,0.07043876862697,0.06299999999987449
2024-02-21,Wednesday,276,83826,2024.3474999999999,2032.35,2020.098,2025.8685,0.6052320562551614,0.07513532138134316,0.12414299706171983,0.4532656562883426,0.07049920799317667,0.06299999999987449
2024-02-22,Thursday,276,90165,2025.7835,2034.933,2019.6465,2024.9769999999999,0.7545969250909553,-0.03981175678448077,0.05275897033331014,0.4791414261941336,0.07048556782815567,0.06299999999987449
2024-02-23,Friday,264,85994,2024.824,2041.4434999999999,2016.0805,2035.6235000000001,1.2526026953453646,0.5333549977677112,0.42579742144068733,0.5334995938396907,0.06249993623262394,0.06200000000012551
2024-02-26,Monday,276,81230,2034.0965,2037.121,2025.1185,2031.373,0.5900654172503641,-0.13389236941315508,0.22691106019579635,0.44466581218961443,0.07044979846097407,0.06299999999987449
2024-02-27,Tuesday,276,78022,2031.286,2039.5715,2028.7755,2030.3895,0.5314859650487449,-0.04413460241443401,0.083040014820309,0.3818522476833711,0.06991168703555736,0.06299999999987449
2024-02-28,Wednesday,276,78853,2030.2675,2038.0245,2024.5745,2034.6035,0.6624742798670641,0.21356791654301774,0.3223791821561337,0.3980439314649432,0.07018070359189194,0.06299999999987449
2024-02-29,Thursday,276,89913,2034.6779999999999,2050.767,2028.1644999999999,2044.2815,1.1108637337210097,0.4719911455277035,0.4248866275854522,0.5653753816760175,0.07058677635214008,0.06299999999987449
2024-03-01,Friday,264,99737,2044.3525,2088.4094999999998,2039.1390000000001,2083.415,2.4100784967367237,1.9107516927731396,0.7928172029916541,0.7362081899755271,0.06250293442204509,0.062000000000352884
2024-03-04,Monday,276,100762,2083.691,2119.9845,2079.511,2114.7795,1.9423945297071428,1.4919918548383755,0.7681198809097373,0.7853673275114339,0.07060939408746537,0.06299999999964712
2024-03-05,Tuesday,276,125333,2114.6395,2141.9785,2110.5095,2128.4625,1.4881496349614225,0.6536811593654551,0.4392576821633939,0.966251806097157,0.0704252866552826,0.06299999999964712
2024-03-06,Wednesday,276,120511,2128.077,2152.3305,2123.7039999999997,2147.592,1.3451815888241028,0.9170250888478129,0.6817110020435493,0.8682884393684422,0.07260461716513486,0.06299999999964712
2024-03-07,Thursday,276,124446,2147.2505,2164.9025,2144.285,2161.7635,0.9601814040793234,0.6758876060338521,0.7039165757244921,0.7620836782982842,0.07081187998296064,0.06299999999964712
2024-03-08,Friday,264,137618,2161.942,2195.2145,2154.0525,2178.602,1.9039363683207164,0.7706034666979898,0.4047422379864863,1.1736995850848868,0.06336364790251899,0.06299999999964712
2024-03-11,Monday,276,103716,2181.6925,2189.112,2174.783,2183.6515,0.6567836668091482,0.08979267243206054,0.13671575127362748,0.6596188358244606,0.0711408037188806,0.06299999999964712
2024-03-12,Tuesday,276,131603,2183.651,2184.5834999999997,2150.567,2157.015,1.5577809824005635,-1.2197919905699204,0.7830317639968892,0.986979565233087,0.07330671473086156,0.06299999999964712
2024-03-13,Wednesday,276,102995,2157.007,2179.9,2156.6305,2175.4615,1.0787864851620732,0.8555605058305247,0.7930767743183103,0.5503965559354433,0.07120376386930839,0.06299999999964712
2024-03-14,Thursday,276,106650,2175.549,2177.071,2152.749,2161.7200000000003,1.1179706823427151,-0.6356556437018759,0.5685798865224758,0.6257167665460096,0.07000760316389608,0.06299999999964712
2024-03-15,Friday,252,96321,2161.7975,2172.812,2155.1915,2155.797,0.8150855942797599,-0.27756993890501314,0.3405408473085386,0.6914460144646802,0.06258421507952174,0.062000000000352884
2024-03-18,Monday,276,94258,2156.573,2163.705,2146.128,2161.7495,0.8150431262934188,0.24003360887853245,0.2945041816009615,0.5710045631377978,0.07091045142296351,0.06299999999964712
2024-03-19,Tuesday,276,97887,2162.1535,2162.9395,2147.2555,2157.109,0.7253879060852868,-0.23330905969441906,0.321633511859223,0.5554483930798613,0.07069071784462291,0.06299999999964712
2024-03-20,Wednesday,275,131033,2157.154,2211.725,2149.6335,2203.651,2.878399038733442,2.155478931963126,0.7488464604656007,1.4588251494985949,0.08287638727083475,0.06299999999964712
2024-03-21,Thursday,276,142609,2204.071,2212.7129999999997,2166.3965,2181.5905000000002,2.101406896601784,-1.0199535314424837,0.48536698584737,0.9952661608239594,0.07333473748473823,0.06299999999964712
2024-03-22,Friday,252,112524,2181.776,2186.1435,2157.0860000000002,2165.438,1.3318278320047472,-0.7488394775632209,0.5622644756087,0.7388600375951946,0.06254036648519451,0.06299999999964712
2024-03-25,Monday,276,103660,2168.418,2181.3805,2163.5125,2172.978,0.8240108687531827,0.21029155817743372,0.25520483546003164,0.7042867554337539,0.07544197274338599,0.06299999999964712
2024-03-26,Tuesday,276,110044,2172.983,2200.15,2167.641,2179.5665,1.4960540418401806,0.3029706168893052,0.20251315020455038,0.8006798671181592,0.07247362596827567,0.06299999999964712
2024-03-27,Wednesday,276,108593,2179.5625,2197.6855,2173.255,2191.069,1.1208900868867004,0.5279270495799024,0.4709891324369124,0.7632231919973953,0.07695780848722085,0.06299999999964712
2024-03-28,Thursday,252,124400,2190.8225,2236.4435000000003,2187.4049999999997,2232.737,2.2383602505451976,1.9131855729982623,0.8547263884498787,0.9200303827164675,0.07033359920239327,0.06299999999964712
2024-04-01,Monday,241,120334,2246.109,2265.828,2228.5715,2244.532,1.658712911973549,-0.07021030591123453,0.04232818434366547,1.1390582886347413,0.079674105905186,0.06300000000010186
2024-04-02,Tuesday,241,140844,2249.063,2279.4035,2246.7515,2276.5355,1.4518045959584078,1.2215086905079962,0.8413726571113506,1.0031962698779642,0.06249451921742591,0.062000000000352884
2024-04-03,Wednesday,265,150535,2279.9855,2302.7415,2265.447,2300.7780000000002,1.635734086905376,0.9119575541160447,0.5575218866052766,0.852348336634974,0.07166316189511031,0.06299999999964712
2024-04-04,Thursday,276,144184,2297.6005,2305.641,2279.9175,2288.9905,1.1195810585869936,-0.37473877638867714,0.3347133943670227,1.0108143086437165,0.07097628458497887,0.06299999999964712
2024-04-05,Friday,241,170567,2288.791,2330.626,2267.851,2323.616,2.7427143850181204,1.5215456544524955,0.5547590601354006,1.2317709079652372,0.06292401637638129,0.06299999999964712
2024-04-08,Monday,265,228771,2311.397,2354.242,2302.962,2338.5505,2.218571712258872,1.1747657369114823,0.5295144305772189,1.3195174463267014,0.07082897166507343,0.06299999999964712
2024-04-09,Tuesday,229,172102,2338.8835,2365.44,2337.871,2348.9445,1.1787248060880313,0.4301625113008044,0.3649388806267969,1.1493783354056966,0.06250029214139453,0.06299999999964712
2024-04-10,Wednesday,252,223600,2354.999,2360.179,2319.321,2332.8325,1.7349476581518795,-0.9412530536106307,0.5425253316363924,1.7437531252241276,0.06289521912350698,0.062000000000352884
2024-04-11,Thursday,276,179201,2335.589,2379.6575000000003,2325.693,2377.1005,2.31053066271506,1.7773460998489063,0.7692371837041024,1.0078222268581232,0.07100473128715327,0.06299999999964712
2024-04-12,Friday,252,305876,2376.8875,2431.6245,2333.893,2344.482,4.111742772848941,-1.3633585939595312,0.3315768201654522,1.6141743349448334,0.06250341670536555,0.06299999999964712
2024-04-15,Monday,276,250872,2364.7455,2392.3395,2324.183,2381.9375,2.882191762284781,0.7270126954465082,0.25224299956717255,1.5386540459997506,0.07100151643818739,0.06299999999964712
2024-04-16,Tuesday,253,230973,2381.9975,2398.358,2363.0655,2383.6310000000003,1.4816346364763195,0.06857689817056346,0.04628462137849024,1.2731295326693937,0.06305422921764549,0.06299999999964712
2024-04-17,Wednesday,265,192097,2382.8035,2395.6815,2354.6545,2365.0085,1.7217953557647554,-0.7468093781128017,0.4337387574036623,1.0852379516805517,0.07124284629020101,0.06299999999964712
2024-04-18,Thursday,276,168731,2367.9365,2392.9015,2364.119,2380.1035,1.2155097909086583,0.5138229002340381,0.422722140189367,0.9135413961866814,0.07033187027554184,0.06299999999964712
2024-04-19,Friday,252,255828,2379.967,2417.9935,2372.8615,2390.7765,1.8963288146432309,0.4541869698193228,0.23950855268988364,1.3639388223412567,0.06249535809018651,0.062000000000352884
2024-04-22,Monday,253,182974,2386.6055,2386.6055,2324.5969999999998,2329.7754999999997,2.5981880960217496,-2.3812062781218084,0.9164872557794503,1.0449173628402062,0.06302098226105345,0.06299999999964712
2024-04-23,Tuesday,265,216298,2333.815,2334.4764999999998,2291.431,2322.882,1.84442640055016,-0.4684604392378998,0.2539870602037394,1.4079007191301967,0.0709634231378758,0.06299999999964712
2024-04-24,Wednesday,276,155656,2323.326,2337.4535,2311.8065,2316.091,1.1038915761283579,-0.31140700874522675,0.282099270869893,0.9558833554974635,0.0705601679956143,0.06299999999964712
2024-04-25,Thursday,265,171923,2316.3235,2344.9719999999998,2304.934,2332.508,1.7285150368676723,0.6987150110940827,0.40422848294120645,1.2045320179147974,0.07107670815341614,0.06299999999964712
2024-04-26,Friday,252,142386,2330.717,2352.6555,2326.318,2337.8625,1.1300170719997167,0.30657947747410275,0.27130517323209047,0.9238346353563076,0.0625025555924322,0.062000000000352884
2024-04-29,Monday,265,151060,2336.0365,2346.81,2319.901,2334.448,1.1519083712947167,-0.06799979366762011,0.05903229402803108,0.8885696031083858,0.07071889312977206,0.06299999999964712
2024-04-30,Tuesday,276,156909,2333.2780000000002,2336.2125,2285.0665,2290.734,2.1920234108408936,-1.8233575253356142,0.8318148046768109,0.9303144579176956,0.07091456003889218,0.06299999999964712
2024-05-01,Wednesday,276,179321,2291.3559999999998,2328.377,2281.6425,2324.462,2.039600131974256,1.444821319777469,0.7083845981020489,1.0670002780016636,0.07235432113771664,0.06299999999964712
2024-05-02,Thursday,276,148390,2323.948,2326.5705,2285.492,2303.9655000000002,1.7676170034785472,-0.8598514252470201,0.48644668135398816,0.987916208282603,0.07075974460322429,0.06299999999964712
2024-05-03,Friday,252,172551,2304.343,2320.9125000000004,2277.179,2302.009,1.8978728427148337,-0.10128700458220989,0.05336869905220981,1.5578280359377796,0.06291201645544281,0.062000000000352884
2024-05-06,Monday,276,149524,2294.0295,2332.191,2291.8655,2326.043,1.7578457469705564,1.3955138763472754,0.7938773232817965,0.9912790763708906,0.0707676583318131,0.06299999999964712
2024-05-07,Tuesday,276,117659,2326.053,2330.026,2310.022,2315.1,0.8599976010864716,-0.47088350953310065,0.547540491901621,0.6965076726359802,0.07045887313614925,0.06299999999964712
2024-05-08,Wednesday,276,125099,2315.2675,2321.4355,2303.6845,2308.984,0.7666932654650145,-0.2713941261646874,0.3539800574615476,0.721275622483345,0.07164601174455759,0.06299999999964712
2024-05-09,Thursday,276,132855,2308.8334999999997,2348.4245,2306.571,2346.6235,1.81275522899335,1.6367572629208829,0.9029113455266649,0.8486681242056852,0.07061224116930301,0.06299999999964712
2024-05-10,Friday,252,147385,2346.66,2378.5755,2346.025,2360.6459999999997,1.3870991110770128,0.5959960113522997,0.4296708191886438,0.9109410483715351,0.062498304408539394,0.062000000000352884
2024-05-13,Monday,276,132040,2360.548,2364.5865,2332.1345,2338.5254999999997,1.3747655205486087,-0.9329401477961913,0.6786176506840932,0.7147686619786113,0.0700510510510524,0.06299999999964712
2024-05-14,Tuesday,276,135484,2338.49,2359.715,2334.834,2355.4895,1.0639771818566817,0.7269434549645436,0.683232185201565,0.720896431998897,0.07029713691423116,0.06299999999964712
2024-05-15,Wednesday,276,159501,2355.871,2392.0105,2351.848,2391.6945,1.7047834962101025,1.5206053302578948,0.8919638966697803,0.9607514912535929,0.07609542610702515,0.06299999999964712
2024-05-16,Thursday,276,140255,2391.8635,2397.448,2370.985,2378.1875,1.1063758446081784,-0.5717717587144889,0.5167970373729383,0.8042241443066885,0.07078890038337311,0.06299999999964712
2024-05-17,Friday,252,138390,2377.8205,2422.8315000000002,2374.008,2414.045,2.053287874337042,1.523432908413409,0.7419480373180937,0.8650054793795228,0.0625031855588012,0.06299999999964712
2024-05-20,Monday,276,208672,2420.306,2450.125,2407.3735,2426.39,1.7663675584822685,0.2513731734747521,0.14231079611241368,1.2872019244372312,0.07088249589890214,0.06299999999964712
2024-05-21,Tuesday,276,172030,2426.235,2434.0285,2406.1375,2421.6345,1.1495588844444202,-0.18961477350710093,0.16494568140260293,0.9080709390595545,0.07028333435039916,0.06299999999964712
2024-05-22,Wednesday,276,171221,2421.759,2426.626,2375.0344999999998,2382.07,2.130331713436409,-1.6388501085368052,0.7692933913532172,0.9365497607488029,0.07322675970873742,0.06299999999964712
2024-05-23,Thursday,276,192416,2382.2555,2383.782,2326.956,2332.0455,2.385386454139786,-2.10766645307357,0.8835744201597863,1.2459313208751603,0.07072121175253884,0.06299999999964712
2024-05-24,Friday,252,122902,2332.115,2347.485,2325.451,2333.98,0.9448076102593614,0.07997032736379794,0.08464191703731631,0.734654127066307,0.06250269085110594,0.06299999999964712
2024-05-27,Monday,230,95899,2337.2865,2358.5860000000002,2334.46,2352.4725,1.032222622258769,0.6497277933192911,0.6294454115891389,0.5491436901884809,0.07139383112148304,0.06299999999964712
2024-05-28,Tuesday,276,146615,2352.512,2364.1895,2340.3289999999997,2359.785,1.0142562503400718,0.30915889058162865,0.3048133945223115,0.7506082511807337,0.07075980808939634,0.06299999999964712
2024-05-29,Wednesday,276,131554,2359.7485,2361.4610000000002,2334.6059999999998,2338.464,1.1380450077624997,-0.9019817154243431,0.7925712157884875,0.7129619987687136,0.07313206630639793,0.06299999999964712
2024-05-30,Thursday,276,156123,2338.478,2351.9475,2322.6275,2344.0065,1.2538069633325677,0.23641445418771928,0.1885572987721645,0.8042493398516183,0.07090256036888713,0.06299999999964712
2024-05-31,Friday,252,154764,2344.0209999999997,2359.791,2320.6265,2327.2915000000003,1.6708254746864608,-0.7137094761522812,0.42715980032936274,0.9919000638775185,0.06250149452009095,0.06299999999964712
2024-06-03,Monday,276,144741,2326.0675,2354.8465,2314.7805,2350.7290000000003,1.722477959044622,1.0602228869110701,0.6155218888833425,0.8230128468606027,0.07047196204841251,0.06299999999964712
2024-06-04,Tuesday,276,148121,2350.74,2352.8955,2315.6465,2328.886,1.5845648604269402,-0.9296647013280847,0.5867003141023831,0.8439948378081612,0.06993374157991274,0.06299999999964712
2024-06-05,Wednesday,276,137158,2328.89,2357.5305,2325.927,2355.112,1.3570198678340202,1.1259441193014788,0.829718227411535,0.8042150630728103,0.07458455725516364,0.06299999999964712
2024-06-06,Thursday,276,138834,2355.108,2378.622,2353.436,2376.83,1.0694201709645457,0.922335621126494,0.8624632732470426,0.82226406098818,0.06249218272871658,0.062000000000352884
2024-06-07,Friday,252,197157,2376.8345,2387.798,2286.8235,2293.9015,4.248276436579821,-3.4892206419925325,0.8213261764108775,1.4497368317173893,0.06292337266339389,0.06299999999964712
2024-06-10,Monday,276,120771,2298.5765,2313.858,2287.808,2310.0305,1.1333101160653205,0.4983084095743484,0.4396928982725391,0.7654660998779359,0.06249582444376718,0.062000000000352884
2024-06-11,Tuesday,276,133407,2310.026,2320.0505,2297.725,2315.1705,0.9664609835560259,0.2227031210904265,0.23043156928177883,0.7155836493029899,0.062499024390241124,0.062000000000352884
2024-06-12,Wednesday,276,173398,2315.156,2341.7195,2310.7535,2320.649,1.3375340581801118,0.2372626293865268,0.1773881030807943,1.1058632983869001,0.06290538653063572,0.06299999999964712
2024-06-13,Thursday,276,147005,2320.669,2326.8555,2295.563,2302.435,1.3484258203130226,-0.7857217035260058,0.582695534073657,1.0483791740589672,0.06250834856794542,0.06299999999964712
2024-06-14,Friday,252,128161,2302.4805,2336.66,2301.5995000000003,2332.926,1.5227273368873089,1.3222913288516367,0.8683703883287507,0.8084839765732577,0.06249628302137471,0.062000000000352884
2024-06-17,Monday,276,110976,2329.018,2329.0495,2310.0515,2320.745,0.8157085947811501,-0.3552140859366539,0.4354668912517169,0.7337413981153559,0.06250268981537765,0.06299999999964712
2024-06-18,Tuesday,276,120769,2320.734,2333.1775,2306.602,2328.3545,1.1451333931419938,0.3283659393967595,0.2867490733946686,0.7154975428880308,0.06250638557898003,0.06299999999964712
2024-06-19,Wednesday,230,74157,2328.3715,2335.0595,2323.8015,2329.442,0.4835139066081083,0.04597634011581961,0.09508793746667515,0.470668128464704,0.0625076012278936,0.06299999999964712
2024-06-20,Thursday,276,128398,2329.4584999999997,2365.608,2327.8360000000002,2360.8469999999998,1.6214927203038791,1.3474590768627142,0.8309991528116085,0.756404768420872,0.06250276612559921,0.062000000000352884
2024-06-21,Friday,252,136104,2360.8645,2368.835,2316.772,2321.6025,2.205251508504622,-1.6630348755720696,0.754124810325953,0.9780127798009007,0.06250334991708333,0.06299999999964712
2024-06-24,Monday,276,110713,2319.2709999999997,2334.7290000000003,2317.9625,2330.9764999999998,0.7229211247844767,0.5047060046023095,0.6981480929233832,0.6291267585975301,0.062499238037184573,0.062000000000352884
2024-06-25,Tuesday,276,117975,2330.9695,2337.187,2315.536,2320.127,0.9288409822608078,-0.46514980140238643,0.5007851831324318,0.6570359451730415,0.06250738646726244,0.06299999999964712
2024-06-26,Wednesday,276,130303,2320.0765,2323.971,2293.6235,2298.501,1.3080387651010583,-0.9299477840493586,0.7109481835406548,0.7993782620425485,0.06253498843860407,0.06299999999964712
2024-06-27,Thursday,276,117137,2298.5115,2331.036,2296.5295,2327.821,1.5012541812385956,1.2751513316335308,0.8493906945068285,0.6821371942902559,0.06250475899939154,0.06299999999964712
2024-06-28,Friday,252,116451,2327.7635,2339.9094999999998,2319.081,2326.7375,0.8947859178992892,-0.04407664266579659,0.04925942818733267,0.6236925115087653,0.0625053420930386,0.062000000000352884
2024-07-01,Monday,276,116119,2325.0505,2338.584,2318.544,2332.322,0.8619167626681643,0.3127458951966974,0.3628493013972206,0.7430902234646869,0.06251217874366564,0.062000000000352884
2024-07-02,Tuesday,276,113080,2332.3165,2336.877,2319.1040000000003,2330.2795,0.7620320826954525,-0.08733806067914913,0.11461205198896322,0.6749304181121186,0.06249326671135252,0.062000000000352884
2024-07-03,Wednesday,276,119325,2330.277,2365.0265,2326.8995,2359.025,1.6361574181953455,1.2336730783507732,0.7540063472080175,0.741208994741548,0.06254454897620113,0.062000000000352884
2024-07-04,Thursday,230,72805,2358.9985,2362.64,2350.43,2356.821,0.5175925292025424,-0.09230612058465643,0.17833742833744717,0.42493245462545715,0.06249777290982078,0.062000000000352884
2024-07-05,Friday,252,128058,2356.853,2393.026,2348.9335,2391.656,1.8708209633778494,1.476672495060145,0.7893179112093913,0.8335300006800849,0.06295333998005924,0.06299999999964712
2024-07-08,Monday,276,123438,2386.165,2391.1885,2351.075,2361.811,1.6810865971129567,-1.020633527019289,0.607127276353337,0.7944055816793981,0.0625019547953566,0.06299999999964712
2024-07-09,Tuesday,276,123127,2361.8375,2371.6735,2349.422,2365.0655,0.9421266281020539,0.1366732469951919,0.1450688717614582,0.7067692970046039,0.062498317116455614,0.062000000000352884
2024-07-10,Wednesday,276,102804,2365.0445,2386.7605,2363.4035,2372.9515,0.9875924110518839,0.3343277473214628,0.3385280643918381,0.5670585560156044,0.0625033019444815,0.06299999999964712
2024-07-11,Thursday,276,157798,2372.932,2424.638,2371.518,2415.9545,2.238580793718484,1.8130523757107257,0.8099115210843397,1.1952232429680112,0.06251508529108189,0.062000000000352884
2024-07-12,Friday,252,122583,2415.951,2418.3379999999997,2391.4455,2411.4995,1.1131227413138731,-0.18425456476559846,0.16552942270150175,0.7351137032275644,0.06249674245446021,0.062000000000352884
2024-07-15,Monday,276,132575,2408.7495,2439.8540000000003,2401.3885,2422.585,1.5969074409771646,0.5743851737177378,0.35968595234690953,0.6736790263547856,0.05250277760820472,0.052999999999883585
2024-07-16,Tuesday,276,148574,2422.572,2470.0565,2420.0045,2468.368,2.0660686245857764,1.890387571556173,0.914968432829851,0.8371607355071267,0.05249744928944573,0.052000000000134605
2024-07-17,Wednesday,276,180862,2468.358,2483.8469999999998,2451.4970000000003,2461.3865,1.3105878482780637,-0.2824347197610762,0.21550231839258804,1.0045893990076182,0.05253406540071574,0.052000000000134605
2024-07-18,Thursday,276,145915,2461.4235,2475.056,2440.316,2441.34,1.4113784157825844,-0.8159302939945008,0.5781088082901438,0.7832517183944158,0.05331955184802081,0.052999999999883585
2024-07-19,Friday,252,173695,2441.382,2441.4335,2393.8175,2400.541,1.9503707326424127,-1.6728639762232984,0.8577158938172024,0.9648767770002925,0.0525052701358964,0.052000000000134605
2024-07-22,Monday,276,142266,2411.5860000000002,2412.27,2383.8875,2395.873,1.1769225729457777,-0.6515629133690523,0.5536157843741778,0.8276418421019909,0.052506805835317874,0.052999999999883585
2024-07-23,Tuesday,276,130510,2395.84,2412.0744999999997,2388.2715,2408.603,0.9935137571791055,0.5327150394016261,0.5361929168592187,0.6969365844271241,0.05249878212154398,0.052000000000134605
2024-07-24,Wednesday,276,152455,2408.6485000000002,2432.044,2393.1499999999996,2398.7595,1.6147644623115507,-0.4105621887128871,0.25425515503676827,0.8945404419526607,0.05251142493484426,0.052000000000134605
2024-07-25,Thursday,276,220400,2398.81,2400.075,2353.1760000000004,2363.8905,1.9550944009737927,-1.4557009517218942,0.7445681144587388,1.2575250754666512,0.052510775207915195,0.052999999999883585
2024-07-26,Friday,252,142177,2363.9385,2390.889,2355.932,2387.2039999999997,1.478760974534673,0.9841838101963954,0.6655462425265125,0.8356893104801814,0.052496513249652085,0.052000000000134605
2024-07-29,Monday,276,147526,2397.145,2402.5505000000003,2369.585,2381.233,1.3751984131122752,-0.6637896330843486,0.48268644491967927,0.8194312469200243,0.05250360415393899,0.052999999999883585
2024-07-30,Tuesday,276,150418,2381.276,2412.9685,2376.5609999999997,2409.897,1.528907190934619,1.201918635219105,0.7861292316143623,0.7819678796174546,0.05250703286043252,0.052999999999883585
2024-07-31,Wednesday,276,175069,2409.8999999999996,2451.041,2403.9674999999997,2445.8334999999997,1.95333831279308,1.4910784679862277,0.7633488055912514,0.833019746835654,0.05250699957578437,0.052999999999883585
2024-08-01,Thursday,276,205119,2445.815,2462.392,2430.255,2445.934,1.3139587417690919,0.004865453846678587,0.003702896972341629,1.1642549749560787,0.052496850012115445,0.052000000000134605
2024-08-02,Friday,252,267045,2445.9759999999997,2477.7934999999998,2410.8845,2441.9825,2.7354724657968705,-0.16326815962215435,0.059685543051003695,1.6682967063481575,0.05253316546285575,0.052999999999883585
2024-08-05,Monday,276,362239,2441.0735,2458.9265,2364.335,2404.9275,3.8749959802521308,-1.4807419768392958,0.3821273581664334,1.8325731767946434,0.05250324026406362,0.052999999999883585
2024-08-06,Tuesday,276,233953,2404.955,2418.4225,2381.4935,2383.877,1.5355380869912365,-0.8764405155190005,0.5707709388285609,1.11156439038644,0.05250775851618329,0.052999999999883585
2024-08-07,Wednesday,276,182745,2383.8135,2407.1490000000003,2379.0209999999997,2384.8815,1.1799580797743032,0.04480216258527591,0.03796928327644102,0.8507416551097765,0.052498182479097974,0.052000000000134605
2024-08-08,Thursday,276,181953,2384.9245,2427.9085,2383.3725,2424.685,1.8673966408580254,1.6671596941538345,0.8927721393928465,0.8905131358839333,0.052494714459294795,0.052000000000134605
2024-08-09,Friday,252,149641,2424.6090000000004,2437.1580000000004,2416.9195,2430.895,0.8347119061259107,0.2592582969047629,0.3105961410183306,0.7015657713663995,0.05249940326216645,0.052000000000134605
2024-08-12,Monday,276,135051,2428.018,2476.118,2423.915,2475.621,2.1500252469297996,1.9605703087868402,0.9118824588625192,0.6749628944018604,0.04797598253275058,0.04999999999972715
2024-08-13,Tuesday,276,143581,2475.665,2477.048,2458.5775,2464.1440000000002,0.746082365748189,-0.4653699107108486,0.6237513873473806,0.7637676097358388,0.04460077849410258,0.04500000000007276
2024-08-14,Wednesday,276,171230,2464.189,2480.1955,2438.08,2449.4925,1.7091018586642457,-0.5964031168063819,0.34895703482091045,0.9468038226854972,0.04459889173060765,0.04500000000007276
2024-08-15,Thursday,276,165237,2449.4805,2470.1795,2432.1785,2457.383,1.551390182530549,0.3226194288952164,0.20795505381436405,1.007465805367049,0.04460533203481711,0.04499999999961801
2024-08-16,Friday,252,163742,2457.3975,2509.851,2450.7795,2507.9049999999997,2.403823557238909,2.0553247897419817,0.8550231499115427,0.9499615401387043,0.04460728261590779,0.04500000000007276
2024-08-19,Monday,276,149181,2506.5119999999997,2507.572,2485.692,2503.634,0.8729262018294791,-0.11482091448194551,0.13153564899450124,0.7777196192211,0.04999993882295343,0.0500000000001819
2024-08-20,Tuesday,276,163448,2503.6440000000002,2531.758,2497.373,2513.054,1.3733981348785915,0.37585215789464693,0.27366584266394994,0.936187163125775,0.049999694991765084,0.0500000000001819
2024-08-21,Wednesday,276,157322,2513.066,2520.032,2493.7839999999997,2512.873,1.0444612278388432,-0.007679861969393412,0.007352941176461162,0.8699302431712266,0.050006229007634746,0.0500000000001819
2024-08-22,Thursday,276,160053,2512.822,2514.791,2470.89,2487.654,1.747079578259037,-1.0015830806957327,0.5732899022801292,0.8190463778924437,0.050030627216039986,0.0500000000001819
2024-08-23,Friday,252,157946,2487.6639999999998,2518.44,2486.532,2512.447,1.2826491037374785,0.9962358260601255,0.7767017675818112,1.006429775355926,0.05000351435581485,0.0500000000001819
2024-08-26,Monday,276,146729,2515.983,2527.089,2508.726,2515.591,0.7298538980589229,-0.015580391441447738,0.021347274410514826,0.6043698790432783,0.03999975533672013,0.03999999999996362
2024-08-27,Tuesday,276,155129,2515.592,2529.121,2503.516,2525.349,1.0178518615101342,0.38786098858638685,0.3810583870337846,0.6805226872774958,0.04000018255948335,0.03999999999996362
2024-08-28,Wednesday,276,154359,2525.303,2525.893,2493.578,2508.19,1.2796484223873357,-0.6776612549068302,0.5295683119294383,0.7780963442803527,0.04001928458450005,0.03999999999996362
2024-08-29,Thursday,276,154761,2508.16,2528.749,2503.638,2519.695,1.0011721740239807,0.45989889002297735,0.4593604396479776,0.7458486283983147,0.04003675748649905,0.03999999999996362
2024-08-30,Friday,252,167115,2519.68,2526.994,2494.166,2503.422,1.3028638557277106,-0.6452406654813235,0.4952479590593342,0.7430568068312721,0.03999960156717048,0.03999999999996362
2024-09-02,Monday,233,100404,2503.063,2507.39,2490.057,2497.322,0.6924715838155125,-0.22935898936622792,0.3312179080366906,0.5566895461426102,0.04001177325581385,0.03999999999996362
2024-09-03,Tuesday,276,190427,2497.327,2506.327,2473.362,2493.303,1.3200113561419928,-0.16113228263660873,0.12206886091309947,0.8316389375528955,0.040002251841031615,0.03999999999996362
2024-09-04,Wednesday,276,165782,2493.28,2500.366,2471.94,2495.909,1.1401046011679365,0.10544343194506453,0.09248575248012073,0.7495243882504392,0.04003666260657901,0.03999999999996362
2024-09-05,Thursday,276,168528,2495.907,2523.654,2493.839,2517.362,1.19455572663565,0.8596073491520287,0.719604226060704,0.7114241537895744,0.04001233135950228,0.03999999999996362
2024-09-06,Friday,252,235036,2517.357,2529.305,2485.135,2497.62,1.7546180378865461,-0.7840365907576908,0.4468417477926251,1.0506404296326317,0.04001061712010485,0.03999999999996362
2024-09-09,Monday,276,161109,2496.9515,2507.7815,2485.5825,2506.8935,0.8890441003760012,0.39816552303879377,0.44785801162214406,0.6337073930314037,0.03700006101653305,0.03699999999980719
2024-09-10,Tuesday,276,148960,2506.8955,2518.9285,2500.1324999999997,2518.7585,0.7497719789277326,0.47321477899656483,0.6311449244519927,0.5507990841397548,0.037000306109955604,0.03699999999980719
2024-09-11,Wednesday,276,193399,2518.7185,2529.1395,2500.9245,2511.9815,1.1202125207719777,-0.26747729053485253,0.23877370193159828,0.7601137946078247,0.037004942339373424,0.03699999999980719
2024-09-12,Thursday,276,195061,2511.8835,2560.1705,2511.0525,2558.5025,1.9554250824132726,1.8559379843850299,0.9491225212752915,0.9062412868410207,0.037000060731204876,0.03699999999980719
2024-09-13,Friday,252,173048,2558.4984999999997,2586.1994999999997,2556.8605,2579.1475,1.1467272699202264,0.8070749308627831,0.7038072190599673,0.7327081290000376,0.03700000000000096,0.03699999999980719
2024-09-16,Monday,276,139437,2579.2495,2589.7315,2575.3655,2583.7385,0.5569837272431375,0.17404287565045695,0.31247389670054554,0.5672816184769319,0.03699999999999946,0.03699999999980719
2024-09-17,Tuesday,276,164905,2583.7765,2587.0365,2560.7415,2574.1305,1.017696383568783,-0.3733295043127659,0.3668378018634609,0.7329563700202373,0.03700450587590706,0.03699999999980719
2024-09-18,Wednesday,276,254165,2574.0985,2600.2174999999997,2546.9085,2559.3195,2.0709774703648574,-0.5741427532784777,0.27723273743645666,1.260286895182696,0.037190963600021,0.03699999999980719
2024-09-19,Thursday,276,209070,2559.3095000000003,2595.0425,2550.9735,2587.3625,1.7219097572997701,1.096115964091091,0.6365699244366768,0.8059544791866948,0.037002255684933455,0.03699999999980719
2024-09-20,Friday,252,185240,2587.3345,2625.8345,2584.7934999999998,2622.1775,1.5862270610931892,1.346675507167699,0.8489802880046711,0.768936556198583,0.03699980091578703,0.03699999999980719
2024-09-23,Monday,276,162037,2620.2815,2634.9615000000003,2613.8785,2626.3805,0.8046082071716545,0.23276125103353054,0.2892852060902151,0.601393635968408,0.03704658137969005,0.03699999999980719
2024-09-24,Tuesday,276,201463,2626.3755,2664.4465,2622.6045,2658.2835,1.5931461438016041,1.214906246269808,0.7625830505233934,0.7561260472120074,0.03703629081199377,0.03699999999980719
2024-09-25,Wednesday,276,188269,2658.2435,2670.6825,2649.7825000000003,2656.3355,0.7862334658205554,-0.07177672022897458,0.09129186602870502,0.7067847092771745,0.037089975074471496,0.03699999999980719
2024-09-26,Thursday,276,223952,2656.4395,2685.6904999999997,2654.7965,2672.6814999999997,1.162985266556975,0.611419909996058,0.525733152068358,0.9355249229410851,0.03701702776930407,0.03699999999980719
2024-09-27,Friday,252,209449,2672.6895,2674.3464999999997,2643.0744999999997,2658.0625,1.1700573523411506,-0.547276441951074,0.46773471476080786,0.7874435230241603,0.037031956507327025,0.03699999999980719
2024-09-30,Monday,276,202770,2663.6594999999998,2666.1485000000002,2624.7595,2635.7135,1.5538397456581867,-1.0491581225002637,0.6752035565005153,0.8487808715819987,0.037034262414799755,0.03699999999980719
2024-10-01,Tuesday,276,202338,2635.7405,2673.3025,2634.0055,2660.4404999999997,1.4909282609573884,0.9371180508855033,0.6285467084001346,0.9272934570749153,0.03709227585367417,0.03699999999980719
2024-10-02,Wednesday,276,170781,2660.4695,2663.4415,2641.1175000000003,2660.4085,0.8391000159934032,-0.0022928283898819043,0.002732485217709649,0.7581669423996198,0.03724511469838644,0.03699999999980719
2024-10-03,Thursday,276,184302,2660.3785,2663.0474999999997,2638.1785,2655.8835,0.9347917974829404,-0.16896092041038113,0.18074711488197948,0.6935644634158212,0.03713404514948211,0.03699999999980719
2024-10-04,Friday,252,203698,2655.8795,2670.2465,2632.1005,2653.5985,1.4362850422995541,-0.08588492060727715,0.059796571069048864,1.0527572176525497,0.037029390300536674,0.03699999999980719
2024-10-07,Monday,276,173880,2650.1825,2659.6925,2637.8085,2643.0245,0.825754452759386,-0.27009460669217694,0.3270882836775679,0.7407152765227633,0.03699975711943564,0.03699999999980719
2024-10-08,Tuesday,276,242027,2643.0415000000003,2653.0445,2604.7664999999997,2621.9475,1.8266077169049462,-0.7980956787852196,0.4369277931977286,1.001426656798259,0.036999939154245626,0.03699999999980719
2024-10-09,Wednesday,276,175061,2621.9485,2624.4015,2605.1965,2608.5564999999997,0.7324705271671021,-0.5107651809331983,0.6973184066649483,0.6743860567740693,0.037029313181790785,0.03699999999980719
2024-10-10,Thursday,276,198143,2608.5175,2636.0855,2602.2844999999998,2633.2295,1.2957934918972323,0.9473580299921313,0.7311026300996926,0.79761237717787,0.037070384078635804,0.03699999999980719
2024-10-11,Friday,252,151566,2633.2415,2661.5405,2632.0164999999997,2656.9435000000003,1.1212036571655255,0.9001073391863308,0.8028044980354949,0.6631777504179909,0.03701853328019219,0.03699999999980719
2024-10-14,Monday,276,156017,2648.2115000000003,2666.9175,2643.1544999999996,2649.4365,0.8973225892267431,0.04625763463376902,0.05155073012664373,0.6857169345275184,0.03701956720511998,0.03699999999980719
2024-10-15,Tuesday,276,174607,2649.4995,2669.0105000000003,2638.0555,2660.5795,1.1683338683400537,0.41819219063826685,0.3579389436278401,0.6914637275837717,0.03700470200293026,0.03699999999980719
2024-10-16,Wednesday,276,175395,2660.5785,2685.4735,2658.8025,2674.1675,1.0024511586484022,0.5107535823506032,0.5095047054853512,0.6455891565986233,0.037161479669823756,0.03699999999980719
2024-10-17,Thursday,276,191668,2674.2015,2696.8675000000003,2673.2125,2693.7855,0.8845631116428662,0.7323307536847852,0.8279010779961812,0.6853715682948286,0.03714938725490326,0.03699999999980719
2024-10-18,Friday,252,182412,2693.7495,2722.7125,2692.8485,2721.8585000000003,1.108640577009853,1.0434897528519405,0.9412335922850371,0.6555009978568538,0.03701080901856644,0.03699999999980719
2024-10-21,Monday,276,211115,2723.5375,2740.6324999999997,2714.2844999999998,2721.5635,0.9674182933042029,-0.07247926639525637,0.07492029755578065,0.6792848588394769,0.03708056843132269,0.03699999999980719
2024-10-22,Tuesday,276,170464,2721.5425,2748.9885,2720.7135,2746.6315,1.0389328845682215,0.9218669192195214,0.8873209549071569,0.5931935374556065,0.03731327661137087,0.03699999999980719
2024-10-23,Wednesday,276,211347,2746.6365,2758.5875,2708.7095,2721.3385,1.8159665467199666,-0.9210538052632821,0.5071975620514084,0.8485556061521075,0.037281540423979395,0.03699999999980719
2024-10-24,Thursday,276,178376,2721.2985,2743.2875,2717.8315000000002,2733.9245,0.9354357855266402,0.46396968212050993,0.4959930861093795,0.6148086227006789,0.037465238037259804,0.03699999999980719
2024-10-25,Friday,252,160721,2733.9655000000002,2747.8535,2717.0384999999997,2747.1025,1.1271173685257003,0.4805108184430167,0.4263183514521986,0.6622605502184674,0.03710608269281797,0.03699999999980719
2024-10-28,Monday,276,158788,2735.8625,2745.9965,2724.7105,2744.5065,0.7780361768912019,0.31595155092771576,0.4060885088790639,0.6126243146638646,0.03708511676117696,0.03699999999980719
2024-10-29,Tuesday,276,180486,2744.4584999999997,2775.5195000000003,2743.2825000000003,2774.9955,1.174621514590222,1.1126785119906264,0.9472655644135678,0.6627402228634641,0.03766654505655033,0.03699999999980719
2024-10-30,Wednesday,276,176077,2775.0225,2790.1555,2770.9094999999998,2785.5705,0.6935439262204214,0.38010502617545533,0.5480619349475071,0.6446161164159768,0.03853871359223019,0.03699999999980719
2024-10-31,Thursday,276,197565,2785.5685000000003,2790.1465,2731.5945,2746.7705,2.101976670112391,-1.3928216089462608,0.6626246755021253,0.7803848988622918,0.037680432406167357,0.03699999999980719
2024-11-01,Friday,252,186427,2746.7525,2762.3545,2733.2075,2736.7705,1.0611440237152758,-0.3634109735041643,0.34247092325110623,0.7645228996657384,0.03711897660237475,0.03699999999980719
2024-11-04,Monday,276,162089,2738.4584999999997,2748.2955,2731.8215,2736.0825,0.6015793191680707,-0.0867641412130127,0.14422726720891865,0.6804163402362603,0.03714341321007539,0.03699999999980719
2024-11-05,Tuesday,276,157404,2736.1365,2750.0395,2724.7745,2745.7865,0.923382294706418,0.3526870826802716,0.38195131604987687,0.6830110448899738,0.03709744680851151,0.03699999999980719
2024-11-06,Wednesday,276,373370,2745.7615,2749.7605000000003,2652.4155,2664.1275,3.5452824289363902,-2.9730914356545535,0.8386049617340366,1.6740061681056733,0.03719655527927808,0.03699999999980719
2024-11-07,Thursday,276,239678,2664.1155,2710.4395,2643.2884999999997,2706.9465,2.520573901544445,1.6077005670362317,0.637831156646959,1.0120746334521422,0.036999999999999166,0.03699999999980719
2024-11-08,Friday,264,200953,2706.9494999999997,2710.4975,2680.3655,2684.8375,1.113134914411963,-0.8168604549142725,0.7338377804327486,0.8268564726015791,0.03700019028288912,0.03699999999980719
2024-11-11,Monday,276,210760,2685.7174999999997,2686.2205000000004,2610.6095,2624.1175000000003,2.815299822114587,-2.2936142762594898,0.8146962743516047,0.9497650848349718,0.03699981789486758,0.03699999999980719
2024-11-12,Tuesday,276,233987,2624.1054999999997,2627.2394999999997,2589.6755000000003,2599.0355,1.4314973235641402,-0.9553731738300809,0.6673943137046138,1.108222985716249,0.03699993934247103,0.03699999999980719
2024-11-13,Wednesday,276,226953,2599.0915,2618.9215,2569.3015,2571.0685000000003,1.9091286320623915,-1.078184434830389,0.5647521160822198,0.9615046254289303,0.0369999394233068,0.03699999999980719
2024-11-14,Thursday,276,243351,2571.0924999999997,2577.5205,2536.8355,2566.9785,1.582401255497418,-0.16000980128095657,0.10111834828559871,1.0162214014147553,0.036999878853957384,0.03699999999980719
2024-11-15,Friday,264,203010,2566.9674999999997,2576.1414999999997,2554.4725,2563.0495,0.8441478125453428,-0.15263146105276618,0.18081129724489772,0.8507642759981082,0.03700018993352486,0.03699999999980719
2024-11-18,Monday,276,190718,2571.4955,2615.1925,2569.9455,2612.7844999999998,1.759559758125196,1.6056415420520769,0.9125245872654427,0.8692110440479205,0.03700012148454031,0.03699999999980719
2024-11-19,Tuesday,276,199597,2612.8105,2639.5525,2611.1365,2635.2465,1.0875645210396894,0.8586922013670777,0.7895551801801934,0.7971842809702973,0.03699963587814319,0.03699999999980719
2024-11-20,Wednesday,276,172905,2635.2325,2655.5135,2618.8905,2652.2045,1.3897445481565687,0.6440418445051719,0.46342462387023814,0.6823248888561789,0.0369998786113144,0.03699999999980719
2024-11-21,Thursday,276,179739,2652.2325,2673.6014999999998,2650.3985000000002,2669.2394999999997,0.8748478875814816,0.641233376033195,0.7329655647976537,0.728044248531515,0.03700012118274336,0.03699999999980719
2024-11-22,Friday,264,214294,2669.2065000000002,2715.7375,2668.9235,2715.6525,1.7538545631445264,1.7400676942754303,0.9921391036869229,0.8686381666458478,0.036999873449758094,0.03699999999980719
2024-11-25,Monday,276,324829,2719.8095000000003,2720.2225,2605.1915,2610.5425,4.2293770942413405,-4.017450486881536,0.9498917683059378,1.5646150866784447,0.037000060580358374,0.03699999999980719
2024-11-26,Tuesday,276,231858,2610.6045,2642.0735,2608.5315,2632.3345,1.2848365196643121,0.8323742642748075,0.6478444934708745,1.0723607572315565,0.036999757487570874,0.03699999999980719
2024-11-27,Wednesday,276,182274,2632.3325,2658.2735000000002,2627.0964999999997,2637.2484999999997,1.1843868508252886,0.18675452284237318,0.1576803412772114,0.8501737562923786,0.03700018227109605,0.03699999999980719
2024-11-28,Thursday,230,122260,2637.1425,2649.7545,2620.9245,2638.8485,1.0932287504372604,0.06469123302969525,0.05917447103711881,0.6769552394884897,0.03699985445018819,0.03699999999980719
2024-11-29,Friday,222,154333,2638.8055,2666.4625,2634.0495,2655.3095000000003,1.2283209202042369,0.6254345005723371,0.5091784160676381,0.7887725377750121,0.03699999999999564,0.03699999999980719
2024-12-02,Monday,276,226526,2645.8355,2651.8734999999997,2621.8975,2642.2905,1.132950253332063,-0.13398414224920907,0.11826127568722021,0.9595642735195444,0.03699981787275171,0.03699999999980719
2024-12-03,Tuesday,276,183270,2642.3025,2655.7445,2634.1125,2642.8015,0.8186799202589259,0.018885044388379114,0.023067677514804923,0.7420573872001226,0.036999878714372055,0.03699999999980719
2024-12-04,Wednesday,276,188212,2642.8055,2657.2264999999998,2632.4105,2650.4764999999998,0.9390021323930121,0.29025972588598825,0.30911508704061424,0.7550823305026633,0.03699993934615339,0.03699999999980719
2024-12-05,Thursday,276,173704,2650.4845,2655.5975,2623.5235000000002,2633.7934999999998,1.2101183764704007,-0.6297339222319639,0.5203903473218326,0.7211262893349052,0.03699969627019814,0.03699999999980719
2024-12-06,Friday,264,205106,2633.8015,2645.8135,2613.0105000000003,2633.1195,1.2454621200572589,-0.025894130594133372,0.02079078133098333,0.9440509762696475,0.061409980368561747,0.037000000000261934
2024-12-09,Monday,276,196954,2640.1435,2676.5115,2627.5405,2660.5294999999996,1.8548612982589772,0.7721549983930612,0.4162871903779688,0.7766674593503242,0.03699993937189328,0.03699999999980719
2024-12-10,Tuesday,276,180743,2660.5685000000003,2698.4115,2658.0384999999997,2696.0705,1.517457641101911,1.3343764687885125,0.8793500606840972,0.6875753010630421,0.036999939316705324,0.03699999999980719
2024-12-11,Wednesday,275,185221,2695.9905,2721.1425,2675.6465,2720.0025,1.6875430384491377,0.8906559574301235,0.5277826622120653,0.9110132118473601,0.04282922201138729,0.0409999999997126
2024-12-12,Thursday,276,73805,2720.0635,2726.2855,2675.1575000000003,2680.7035,1.8796620005378442,-1.4470250418786226,0.7698325770614997,0.8316188375376437,0.037022048104956955,0.03699999999980719
2024-12-13,Friday,264,70306,2680.6975,2692.8585000000003,2646.1265000000003,2648.4714999999997,1.7432776357645712,-1.2021498136212894,0.6895917144569158,0.7347318786395202,0.03700012655023696,0.03699999999980719
2024-12-16,Monday,276,118428,2651.5635,2664.5275,2643.5865000000003,2651.8244999999997,0.7897604564250414,0.00984324908679398,0.012463588176281694,0.5940167602566928,0.03698666747838663,0.03699999999980719
2024-12-17,Tuesday,276,161419,2651.8424999999997,2658.7045,2633.0465,2647.4575,0.9675536914428329,-0.16535672838789497,0.17090186296670748,0.6857106492813038,0.037058654785155215,0.03699999999980719
2024-12-18,Wednesday,276,184657,2647.4455,2651.8175,2583.5135,2588.3045,2.579996453184781,-2.23388923398044,0.8658497306160627,1.0164461034343586,0.037012432530779044,0.03699999999980719
2024-12-19,Thursday,276,208865,2588.3355,2626.5105000000003,2587.0315,2593.5985,1.5252659479422304,0.20333530950682088,0.1333113807340582,0.907279495275191,0.03703134110786958,0.03699999999980719
2024-12-20,Friday,264,178794,2593.5755,2631.9545,2589.6724999999997,2622.7235,1.6302590767070462,1.1238539228952518,0.6893713637008664,0.7347243045703497,0.03699759539328003,0.03699999999980719
2024-12-23,Monday,276,124627,2624.4790000000003,2633.33,2608.1589999999997,2615.5715,0.9590855937502366,-0.3394006962905877,0.35387946446307883,0.6093081551767899,0.04252505486466705,0.042999999999665306
2024-12-24,Tuesday,222,101539,2615.626,2621.5519999999997,2610.0865000000003,2616.7934999999998,0.4383463079201437,0.04463558628028485,0.10182722079278103,0.43531869358655745,0.04250406565276401,0.042999999999665306
2024-12-26,Thursday,276,118851,2618.727,2639.2569999999996,2618.6935000000003,2632.7635,0.7852479468077159,0.5360047076308512,0.6825929438082351,0.5204756935651016,0.04269107929515232,0.042000000000371074
2024-12-27,Friday,264,136278,2632.7695000000003,2638.3935,2611.6589999999997,2621.7025000000003,1.0154515995418694,-0.4203558268203884,0.41395949054591663,0.6210464295119417,0.04249793585264965,0.042000000000371074
2024-12-30,Monday,276,142010,2624.16,2628.218,2596.1535000000003,2606.7569999999996,1.221895768550679,-0.6631836473385864,0.5427497699948703,0.666373135053264,0.042501103346818336,0.042999999999665306
2024-12-31,Tuesday,264,123046,2606.797,2627.6205,2602.6710000000003,2624.4615000000003,0.957094089029553,0.6776323587912797,0.7080101805647615,0.6034900876931798,0.042498529787779966,0.042000000000371074
2025-01-02,Thursday,276,162028,2623.8775,2660.5434999999998,2622.7995,2658.4065,1.4384817888792325,1.315953202845788,0.9148208986858913,0.6807821205622462,0.042499574053790984,0.042000000000371074
2025-01-03,Friday,253,134280,2658.4075000000003,2665.3329999999996,2636.6980000000003,2640.4494999999997,1.0771486312764054,-0.6755172034385449,0.627134625458389,0.6822060171908044,0.04250749051201642,0.042000000000371074
2025-01-06,Monday,275,195168,2641.1775,2649.553,2614.5159999999996,2634.7605000000003,1.3265674116942259,-0.24295981621831408,0.18314924222962622,0.959171750125417,0.04110221517056025,0.041999999999916326
2025-01-07,Tuesday,276,170916,2634.7155000000002,2664.3435,2633.0074999999997,2649.8865,1.1893504251218106,0.5758116957978886,0.4841396476895489,0.8243814351284936,0.036999816603499394,0.03699999999980719
2025-01-08,Wednesday,275,162457,2649.8965,2670.1324999999997,2645.2825000000003,2662.5865000000003,0.9377724752645793,0.4788866282136118,0.5106639839034522,0.7722283156351252,0.03699999999999887,0.03699999999980719
2025-01-09,Thursday,276,135987,2662.6065,2678.4305,2655.5164999999997,2670.0325000000003,0.8605852948980715,0.2788996421363948,0.32408134764774005,0.6115776722500392,0.03699993896111835,0.03699999999980719
2025-01-10,Friday,264,273982,2670.0515,2698.1054999999997,2664.0695,2689.6315,1.2747319667804011,0.7333191887871798,0.5752732400987236,0.907548989885045,0.037002217997467966,0.03699999999980719
2025-01-13,Monday,276,263765,2691.2084999999997,2693.4355,2656.8475,2668.1375,1.3595379176306925,-0.857272857156921,0.6305619328741607,0.7361254916559411,0.03700000000000108,0.03699999999980719
2025-01-14,Tuesday,276,201750,2668.0495,2678.3734999999997,2659.8824999999997,2675.6695,0.6930531086473465,0.2856018975659893,0.41209236926071585,0.6042019918590584,0.037000121735953774,0.03699999999980719
2025-01-15,Wednesday,276,219146,2675.6605,2698.3424999999997,2669.4625,2695.0445,1.0793596571762245,0.724456634165658,0.6711911357340805,0.7000442835565547,0.038621099463679955,0.03699999999980719
2025-01-16,Thursday,276,245187,2695.0625,2724.7934999999998,2689.9865,2714.6575000000003,1.2915099371535832,0.7270703369587999,0.5629614732668823,0.6781814107363272,0.03699993930565582,0.03699999999980719
2025-01-17,Friday,264,165260,2714.7025000000003,2717.3995,2699.3225,2702.9595,0.6658924872983234,-0.4325704197789773,0.6496100016595974,0.5697839663339266,0.03699993646760038,0.03699999999980719
2025-01-20,Monday,242,143593,2696.5035,2713.8505,2689.4475,2710.5245,0.9049867726854349,0.5199696570021209,0.5745605048559728,0.5939676278213962,0.04767490111720271,0.03699999999980719
2025-01-21,Tuesday,276,169520,2710.5135,2746.0434999999998,2702.8845,2744.3385,1.592281314961156,1.2479185217118387,0.7837299288676775,0.6910762016334349,0.03700018254837536,0.03699999999980719
2025-01-22,Wednesday,276,221066,2744.3895,2763.5095,2742.7925,2755.6634999999997,0.754885558336384,0.41080174661794294,0.54419076121057,0.6096069782179531,0.037000060890215944,0.03699999999980719
2025-01-23,Thursday,276,234981,2755.6445000000003,2759.0415000000003,2735.8495000000003,2754.6234999999997,0.8416179953546259,-0.0370512234071064,0.04402380131082442,0.6540440387093432,0.03699987811566952,0.03699999999980719
2025-01-24,Friday,264,222213,2754.6265000000003,2786.0924999999997,2754.4175,2771.1585,1.1498836593636097,0.6001539591665039,0.5219258089976272,0.661420008164083,0.036999873289407965,0.03699999999980719
2025-01-27,Monday,276,279560,2767.6335,2772.6504999999997,2730.5315,2741.7895,1.5218416744847065,-0.933794160245569,0.6135948146917126,0.8240743609679422,0.03700018221574141,0.03699999999980719
2025-01-28,Tuesday,276,205227,2741.8235,2765.1315,2734.8415,2762.7825000000003,1.1047392364971693,0.7644182785653522,0.6919445361505551,0.4934624554873758,0.03699987827145568,0.03699999999980719
2025-01-29,Wednesday,276,226723,2762.7794999999996,2766.3514999999998,2744.8085,2760.3835,0.7797582108886962,-0.08672425721993851,0.11121942162186177,0.654848557114209,0.037024291006254054,0.03699999999980719
2025-01-30,Thursday,275,234640,2760.3225,2798.5555,2758.7135,2796.2255,1.4433820685807581,1.3006813515449658,0.9011344812007355,0.6059545705741842,0.03705872687439299,0.03699999999980719
2025-01-31,Friday,264,294584,2796.2635,2817.3235,2791.0805,2799.4275,0.9385023979320953,0.11315099596299705,0.12056548412909222,0.6897394664221336,0.03700506040863141,0.03699999999980719
2025-02-03,Monday,276,392150,2793.8064999999997,2830.7185,2772.1945,2814.1065,2.094776427787676,0.7266072292408291,0.34686624290889584,0.9460630059887412,0.03699993932407176,0.03699999999980719
2025-02-04,Tuesday,276,312002,2814.0695,2845.5885,2807.2475,2841.2895,1.362475233820625,0.9672824356328016,0.7099449675282302,0.750893448861264,0.036999878559718376,0.03699999999980719
2025-02-05,Wednesday,276,290375,2841.3445,2882.5335,2839.7625,2869.3625,1.5053084903995337,0.9860824690564636,0.6550700240817354,0.8982998501745951,0.03699987850807682,0.03699999999980719
2025-02-06,Thursday,276,289667,2869.3565,2873.4105,2834.1315,2858.0765,1.3689132040581224,-0.3931195025783567,0.2871763537768209,0.8538201862648996,0.03699975711943523,0.03699999999980719
2025-02-07,Friday,264,273338,2858.0695,2886.8305,2852.4695,2861.0905000000002,1.2022450818638202,0.10570071861444187,0.08791944355519911,0.8591459503592466,0.03699980989797981,0.03699999999980719
2025-02-10,Monday,276,259355,2867.6195,2921.7555,2865.9105,2917.9275,1.9474340999564361,1.754347116135875,0.9008505685379132,0.8067787607056456,0.03699993939026748,0.03699999999980719
2025-02-11,Tuesday,276,361176,2917.9745000000003,2942.7615,2881.8125,2898.6155,2.088743407456099,-0.6634396565151743,0.3176262120789571,1.2036740211195747,0.037000547045950655,0.03699999999980719
2025-02-12,Wednesday,276,269854,2898.6414999999997,2909.3464999999997,2864.1875,2905.8605,1.557936709317094,0.249047700448643,0.15985739276777844,1.029027443732284,0.03700981877689618,0.03699999999980719
2025-02-13,Thursday,276,228173,2905.8355,2932.5645,2901.5344999999998,2931.2974999999997,1.0678512255769537,0.8762368000528431,0.8205607476635312,0.7103108735692514,0.03700006062810606,0.03699999999980719
2025-02-14,Friday,264,290296,2931.2715,2940.0855,2877.0715,2882.8525,2.1497155756469546,-1.6518087799100107,0.7683848033770238,0.9732851876038171,0.03699968342408435,0.03699999999980719
2025-02-17,Monday,242,173741,2879.3334999999997,2906.5685000000003,2879.3334999999997,2899.4525000000003,0.9458786208683567,0.6987380933817009,0.7387185606756074,0.6435976060753652,0.037000069391434985,0.03699999999980719
2025-02-18,Tuesday,276,167342,2899.4055,2937.0744999999997,2892.0825,2934.1405,1.551766387971594,1.198004211553028,0.7720261379800928,0.5923784400034796,0.037000060931021386,0.03699999999980719
2025-02-19,Wednesday,276,195662,2934.1385,2947.1215,2918.6724999999997,2935.4645,0.9695861323519841,0.04519214072546411,0.04660972266160489,0.789223812856673,0.03699987830108439,0.03699999999980719
2025-02-20,Thursday,276,194145,2935.4665,2955.0555,2924.2025000000003,2941.6105,1.0510424833667702,0.20930233746492347,0.19913784721096345,0.8011925563668957,0.03700024329420205,0.03699999999980719
2025-02-21,Friday,264,200849,2941.6504999999997,2949.8385,2916.7615,2936.5335,1.124436774525042,-0.17394996448421507,0.15469964023338784,0.888588888475878,0.03700012659830475,0.03699999999980719
2025-02-24,Monday,276,210008,2936.9425,2956.2794999999996,2921.3965,2950.0765,1.1877317993116927,0.4471997664237558,0.3765157813261499,0.7809298039796875,0.03700000000000091,0.03699999999980719
2025-02-25,Tuesday,276,244796,2950.0365,2952.6315,2888.3095000000003,2918.6845000000003,2.1803798020804033,-1.062766511532988,0.4874226547681979,0.9469697279527471,0.03700006064648989,0.03699999999980719
2025-02-26,Wednesday,276,192433,2918.7165,2930.2205000000004,2890.7484999999997,2919.1975,1.3523752649495304,0.016479846535291175,0.012185853263077976,0.8003261639031521,0.03700006072751645,0.03699999999980719
2025-02-27,Thursday,276,265960,2919.2555,2919.2555,2867.8195,2876.1425,1.7619560877764946,-1.4768491486956274,0.8381872618399595,1.0123867481883355,0.03700018201674397,0.03699999999980719
2025-02-28,Friday,264,244458,2876.1495,2885.1135,2832.6575000000003,2858.3945000000003,1.8238273080032759,-0.6173183973920569,0.3384741497636069,0.9210162173566768,0.03699974678736666,0.03699999999980719
2025-03-03,Monday,276,205575,2870.9455,2895.3475,2858.9105,2890.9665,1.2691637650383785,0.6973660767855115,0.5494689464006434,0.720951436720564,0.03699993940128356,0.03699999999980719
2025-03-04,Tuesday,276,222950,2890.9425,2927.9714999999997,2882.0235000000002,2914.4435000000003,1.5893778586049154,0.8129182783815383,0.5114694872464635,0.9228054886634991,0.0369997572078954,0.03699999999980719
2025-03-05,Wednesday,276,264807,2914.4404999999997,2930.1225,2894.3734999999997,2918.3154999999997,1.2266162235942115,0.1329586244769794,0.10839464040952118,0.9499798667975305,0.03699981721806139,0.03699999999980719
2025-03-06,Thursday,276,232999,2918.3165,2926.6634999999997,2891.2385,2910.4395,1.2138847859716286,-0.2699158915765289,0.22235709244883595,0.8421977655692143,0.03700018241517551,0.03699999999980719
2025-03-07,Friday,264,272884,2910.3725,2930.6045,2896.6765,2911.3365000000003,1.1657614274461392,0.03312290780648857,0.028413110115550574,0.9376647412748051,0.03732001015099548,0.03699999999980719
2025-03-10,Monday,276,259726,2916.2705,2918.3914999999997,2880.2725,2884.7645,1.3071146863776761,-1.0803524570165852,0.8265169600461743,0.8566179647251423,0.03700006074595803,0.03699999999980719
2025-03-11,Tuesday,276,191124,2884.8045,2922.3115,2880.1724999999997,2915.6305,1.4607229016732373,1.0685646115707328,0.7315313604973999,0.6400710194544174,0.037182820590924585,0.03699999999980719
2025-03-12,Wednesday,276,202106,2915.6684999999998,2940.6535000000003,2906.0495,2938.1185,1.1868290239442607,0.7699777941148068,0.6487689284475812,0.6958323984495456,0.03700267363431736,0.03699999999980719
2025-03-13,Thursday,276,207968,2938.1045,2990.0235000000002,2932.9745000000003,2986.5155,1.9416940411751855,1.6476949679631905,0.8485863030026832,0.7816418114408472,0.037000000000004585,0.03699999999980719
2025-03-14,Friday,252,200343,2986.5525,3005.0005,2978.4755,2986.4494999999997,0.8881477891314515,-0.0034487925459226144,0.0038831291234708814,0.8309674840436907,0.03699993362538146,0.03699999999980719
2025-03-17,Monday,276,149535,2990.0455,3002.8795,2982.2385,2999.9105,0.6903239432309668,0.32992808972304205,0.47793227072330535,0.5479613952310024,0.03700482855571218,0.03699999999980719
2025-03-18,Tuesday,276,178318,2999.8835,3038.4134999999997,2999.5245,3031.8535,1.2963503416049214,1.0657080516626813,0.8220833654761122,0.7151466142838979,0.03699999999999801,0.03699999999980719
2025-03-19,Wednesday,276,176800,3031.8815,3052.0254999999997,3022.8175,3050.1065,0.9633621894523129,0.6011118838252718,0.623972884141336,0.7087359956811322,0.03703639019046902,0.03699999999980719
2025-03-20,Thursday,276,193305,3050.1035,3057.5635,3025.6985,3046.4885,1.0447186464328255,-0.11852056823646268,0.11344735603327191,0.7018877765088175,0.037010092360390295,0.03699999999980719
2025-03-21,Friday,252,193591,3046.4155,3047.5155,2999.4915,3023.5725,1.5764100464956237,-0.7498320567237085,0.4756580043311657,0.7688782937571027,0.03700000000000067,0.03699999999980719
2025-03-24,Monday,276,176490,3024.7884999999997,3033.2875,3002.5185,3009.9905,1.017228146695208,-0.4892242879130153,0.48093860703954894,0.6587251868696321,0.03699981727372414,0.03699999999980719
2025-03-25,Tuesday,276,148226,3010.0254999999997,3036.0225,3007.5725,3021.1205,0.9451747169583721,0.36860152845882055,0.38998242530756855,0.5551027553653032,0.036999938826698435,0.03699999999980719
2025-03-26,Wednesday,276,154182,3021.1165,3032.1215,3012.4055,3021.7025000000003,0.6526064122320456,0.019396802473530567,0.029722053154809785,0.5611432722056422,0.03700024305766314,0.03699999999980719
2025-03-27,Thursday,276,208963,3021.6435,3059.8925,3021.6025,3055.7905,1.2671911825468478,1.1300803685146819,0.8917994254374502,0.7009466685350533,0.03700244110826313,0.03699999999980719
2025-03-28,Friday,252,213827,3055.8055,3086.8824999999997,3055.0775000000003,3085.0825,1.0408057711788063,0.9580779928565495,0.9205156421946428,0.7738790289161679,0.03700019892579923,0.03699999999980719
2025-03-31,Monday,276,276693,3089.2394999999997,3128.2445,3076.9145,3120.6605,1.661573989326497,1.0171111692699863,0.6121371517631078,0.9754343651973715,0.037000303859008904,0.03699999999980719
2025-04-01,Tuesday,276,272537,3120.6565,3149.1105,3100.8405000000002,3115.2475,1.546789914237582,-0.17332891332320957,0.1120571783716627,0.8869626986277681,0.037000121817518904,0.03699999999980719
2025-04-02,Wednesday,276,319604,3115.2394999999997,3167.8725,3104.8025,3162.7895,2.0245634404674235,1.526367394866436,0.7539242111939125,1.2106344721569076,0.037988824101068165,0.03699999999980719
2025-04-03,Thursday,276,498359,3162.6825,3164.8925,3054.1315,3112.9635,3.5021220119313266,-1.5720515733084195,0.44888543801518643,1.700415861938182,0.03700709434877866,0.03699999999980719
2025-04-04,Friday,252,516370,3112.9875,3136.8365000000003,3015.6365,3038.6255,3.8933660992856627,-2.388766418111222,0.6135478547854778,2.0174048708603975,0.03706645905115309,0.03699999999980719
2025-04-07,Monday,276,684939,3000.0344999999998,3055.9245,2956.4505,2981.4175,3.315761868738515,-0.6205595302320602,0.18715443231396853,2.2304837242967834,0.03719146230699453,0.03699999999980719
2025-04-08,Tuesday,276,333004,2981.4075000000003,3022.8255,2970.0585,2978.4004999999997,1.7698687616503217,-0.10085840328772622,0.05698637405955477,1.3649201441642829,0.0370073912516664,0.03699999999980719
2025-04-09,Wednesday,276,457970,2978.4475,3099.7695000000003,2972.5564999999997,3086.8644999999997,4.271117755139234,3.640050731127524,0.852247804862702,2.073416774308295,0.03718883912359368,0.03699999999980719
2025-04-10,Thursday,276,358841,3086.8255,3191.4035000000003,3078.4975,3189.0525,3.6576735549191364,3.3117194347396657,0.9054168954705639,1.7507875720861523,0.037130734777873285,0.03699999999980719
2025-04-11,Friday,252,383602,3189.0725,3245.5164999999997,3184.9355,3237.6395,1.8996432348276706,1.5229192813898087,0.801686997573501,1.638911297617647,0.037925294975471695,0.03699999999980719
2025-04-14,Monday,271,263880,3223.7794999999996,3245.8375,3193.6324999999997,3212.7065000000002,1.6193725408329072,-0.3434788266380939,0.21210612010342553,1.17593043304496,0.037178591374497694,0.03699999999980719
2025-04-15,Tuesday,276,184866,3212.6805,3251.8675000000003,3210.0815000000002,3251.8595,1.3006584377126846,1.2195112461385467,0.9376106830038777,0.8438294951363364,0.03731059365714882,0.03699999999980719
2025-04-16,Wednesday,276,295511,3251.8845,3357.8585000000003,3251.6705,3350.2125,3.265429630111404,3.0237236285606075,0.9259803367612148,1.3396869530166435,0.04164868954664155,0.03699999999980719
2025-04-17,Thursday,252,308924,3350.2475,3356.3615,3283.9025,3327.7515000000003,2.162795435262614,-0.6714727792498805,0.3104652286120384,1.309890758880248,0.03700006624709998,0.03699999999980719
2025-04-21,Monday,276,296404,3348.1994999999997,3444.3475,3347.5675,3434.6285,2.8905087644866967,2.5813575326082,0.8930460839016359,1.1493093755886126,0.03699993944898275,0.03699999999980719
2025-04-22,Tuesday,276,547337,3434.6035,3500.1735,3315.9085,3336.6405,5.364956973927263,-2.8522360732468885,0.53164192874393,2.6915848280026395,0.03700721518219507,0.03699999999980719
2025-04-23,Wednesday,276,494858,3336.6155,3386.7405,3260.1215,3316.4635,3.7948334172756706,-0.6039653055618799,0.15915462924205762,2.1341943341884533,0.03700012121212397,0.03699999999980719
2025-04-24,Thursday,272,350508,3316.4305,3370.8695,3306.8185000000003,3349.0555,1.9313234515241455,0.9837383898139883,0.5093597289659844,1.4833585149512032,0.037044346170381465,0.03699999999980719
2025-04-25,Friday,252,321318,3349.0315,3363.2365,3265.1435,3318.8775,2.9289960396012953,-0.9003797067898583,0.30740215917547675,1.3965466226227723,0.03700013252054002,0.03699999999980719
2025-04-28,Monday,276,306553,3302.8705,3353.0735,3268.1565,3337.7625,2.5710060385352658,1.0564144128569324,0.4108953448661618,1.2986762833002854,0.037000121182742866,0.03699999999980719
2025-04-29,Tuesday,276,257352,3337.7225,3340.1155,3299.7285,3317.2015,1.2100167104964454,-0.614820435191953,0.5081090449897213,1.1069080498353943,0.037000121344496574,0.03699999999980719
2025-04-30,Wednesday,276,297791,3317.2405,3328.0625,3266.9804999999997,3272.9674999999997,1.8413497604409552,-1.3346334099080286,0.7248125470678742,1.454677462806527,0.03700018189534687,0.03699999999980719
2025-05-01,Thursday,276,318754,3273.0025,3276.4055,3201.9415,3237.3334999999997,2.2750975595038483,-1.0897944624240379,0.4790099914052475,1.3663969597906829,0.037004909388448276,0.03699999999980719
2025-05-02,Friday,252,280559,3237.3715,3269.3215,3222.8005000000003,3241.0275,1.436999121046186,0.11293112328937067,0.07858816448485566,1.2163300574793974,0.037034407319011954,0.03699999999980719
2025-05-05,Monday,276,263238,3248.0654999999997,3338.0995000000003,3241.2595,3334.1105,2.98146696856945,2.6491152964741653,0.888527467988434,1.027381107757301,0.03699981823689831,0.03699999999980719
2025-05-06,Tuesday,276,375976,3334.1175000000003,3435.0964999999997,3323.2905,3400.7595,3.353391114740244,1.9987897847031433,0.5960503014149515,1.748683663704467,0.03701200145472051,0.03699999999980719
2025-05-07,Wednesday,276,356983,3400.8035,3401.7465,3360.1475,3376.5685000000003,1.2232109264766449,-0.7126257074247211,0.5825861198586403,1.3995509269301794,0.03699999999999964,0.03699999999980719
2025-05-08,Thursday,276,386913,3376.5945,3414.9305,3288.7765,3316.4925000000003,3.736131181875703,-1.7799590682268736,0.4764177116857164,1.5711299062777542,0.03699981833595447,0.03699999999980719
2025-05-09,Friday,252,270083,3316.5275,3347.6355000000003,3274.7635,3326.8855000000003,2.197237924304873,0.3123146121960446,0.14213964211219854,1.189064889534852,0.03700006625588075,0.03699999999980719
2025-05-12,Monday,276,398340,3287.5865000000003,3290.0775000000003,3207.7725,3236.9605,2.5035082727100955,-1.5399138547381248,0.6151023631614121,1.6211034850370312,0.03700006060973524,0.03699999999980719
2025-05-13,Tuesday,276,262874,3236.9865,3265.7394999999997,3215.9494999999997,3254.4935,1.5381590253774602,0.5408425398128803,0.3516167905201863,1.152903133123757,0.0370339970859648,0.03699999999980719
2025-05-14,Wednesday,276,312046,3254.4685,3254.7255,3168.0505000000003,3186.2084999999997,2.6632612975052523,-2.0974238957912856,0.7875396596481158,1.20510922637729,0.03700006067224871,0.03699999999980719
2025-05-15,Thursday,276,310760,3186.0905000000002,3252.1845000000003,3120.7645,3237.2304999999997,4.124804364471131,1.6051019266401696,0.38913407396134064,1.3391615850667637,0.03700036341611311,0.03699999999980719
2025-05-16,Friday,252,313184,3237.2555,3244.6945,3154.3685,3202.2945,2.79020299757001,-1.0799580076395032,0.3870535615437441,1.55256862033381,0.03699986743554229,0.03699999999980719
2025-05-19,Monday,276,266929,3235.0265,3249.8914999999997,3206.6634999999997,3222.6125,1.3362487138822532,-0.3837371965886449,0.287174979180155,1.1237616408702584,0.03700006072014105,0.03699999999980719
2025-05-20,Tuesday,276,274743,3222.6414999999997,3304.1925,3204.6014999999998,3290.7754999999997,3.090353053543199,2.1142283434257276,0.6841381249309654,1.1920212395230678,0.03700030275507117,0.03699999999980719
2025-05-21,Wednesday,276,284262,3290.8135,3324.9775,3285.4995,3320.1645,1.1996425807782807,0.891907122661301,0.7434773798064646,1.0563901095126615,0.03701223426806382,0.03699999999980719
2025-05-22,Thursday,276,302792,3320.2005,3345.5525,3279.3325,3300.2255,1.9944578648187001,-0.6016202937141871,0.301646028390214,1.1823528026386412,0.037000182005703326,0.03699999999980719
2025-05-23,Friday,252,303433,3300.2525,3366.0055,3287.0525,3356.3855000000003,2.392332101861916,1.7008698576851395,0.710967284333717,1.1652696477239204,0.03700006627344479,0.03699999999980719
2025-05-26,Monday,242,165149,3342.7715,3356.9385,3323.5645,3346.2195,0.9983930998574163,0.10314794176031238,0.10331395697250237,0.6953468260765114,0.03700041605991254,0.03699999999980719
2025-05-27,Tuesday,276,249355,3346.2625,3350.1095,3285.1684999999998,3309.4915,1.9407025001774447,-1.0988677666500979,0.5662216473414265,1.0514690214208768,0.037000000000002024,0.03699999999980719
2025-05-28,Wednesday,276,245244,3309.5115,3325.5945,3250.3125,3259.9745000000003,2.2747163743047927,-1.4968070061095062,0.6580191812119724,1.0226817065201148,0.03700944767441915,0.03699999999980719
2025-05-29,Thursday,276,268437,3260.0005,3331.3055,3245.5115,3315.5834999999997,2.631717387773403,1.7049997384969613,0.6478658181224761,1.1075964247606964,0.036999818126707315,0.03699999999980719
2025-05-30,Friday,252,264372,3315.5785,3322.8244999999997,3271.6054999999997,3289.7445,1.5447982908563334,-0.779170211171302,0.5043831390694911,1.0048380452312786,0.03699993365620331,0.03699999999980719
2025-06-02,Monday,276,234552,3310.2925,3392.3185000000003,3301.5315,3387.5355,2.74256731089474,2.3334191767041714,0.8508156454117849,0.8978196721147993,0.03700030284675858,0.03699999999980719
2025-06-03,Tuesday,276,224862,3387.4865,3388.7505,3333.1324999999997,3360.0755,1.6418663218288956,-0.8091840366005904,0.4928440432953336,0.8872483328768425,0.037000303711353696,0.03699999999980719
2025-06-04,Wednesday,276,218003,3360.0225,3384.7174999999997,3343.8115,3378.1225,1.2174323237418783,0.5386868689123334,0.442477876106193,0.8689477795678021,0.03704374506349361,0.03699999999980719
2025-06-05,Thursday,276,319028,3378.1785,3403.6724999999997,3339.4505,3361.8895,1.9010836757145826,-0.48218292787073747,0.25363582572949805,1.0575092152669243,0.03700012125621522,0.03699999999980719
2025-06-06,Friday,252,266618,3361.9475,3375.7645,3307.1335,3311.7815,2.0414060600292037,-1.492170832530852,0.7309524850286305,0.9868726849376299,0.03706344050381239,0.03699999999980719
2025-06-09,Monday,276,200096,3318.1615,3338.3195,3293.5085,3326.8455000000004,1.3504767625083995,0.26171119157401457,0.19379170293008788,0.8343489710609984,0.03699987858920665,0.03699999999980719
2025-06-10,Tuesday,276,228316,3326.8885,3349.2325,3301.9975,3327.9415,1.419795102841593,0.03165119600491221,0.022292791362334724,0.8130759841214674,0.03699987871437236,0.03699999999980719
2025-06-11,Wednesday,276,271119,3328.0164999999997,3373.6135,3319.2745,3365.4565000000002,1.632774356737713,1.12499442235339,0.689007894882139,1.1297507131094187,0.03701241897376953,0.03699999999980719
2025-06-12,Thursday,276,279862,3365.4795,3399.1005,3338.6504999999997,3395.9615000000003,1.7961779294748423,0.9057253208643947,0.5042514474772587,1.1103070457621351,0.037000000000003405,0.03699999999980719
2025-06-13,Friday,252,340918,3395.9165000000003,3446.8995,3391.8395,3433.5285000000003,1.621359064629532,1.1075655128740673,0.683109335270616,1.2974383501575033,0.03700264970853174,0.03699999999980719
2025-06-16,Monday,276,275504,3444.2455,3451.3135,3382.8145,3402.8485,1.9887955141409126,-1.2019178075430434,0.6043445889720986,1.0059437609788011,0.03700000000000137,0.03699999999980719
2025-06-17,Tuesday,276,267282,3402.8945000000003,3403.3485,3366.1594999999998,3387.4485,1.0928637370332905,-0.45390769534584063,0.41533786872462936,0.9775144738516867,0.036999999999997715,0.03699999999980719
2025-06-18,Wednesday,276,245379,3387.3745,3400.0905000000002,3362.5535,3375.1025,1.10814437553333,-0.3622864847096161,0.32693076164850277,0.8589430666893294,0.03699999999999834,0.03699999999980719
2025-06-19,Thursday,231,184486,3375.1225,3388.0205,3347.5825,3368.8185000000003,1.198119475663479,-0.18677840582081487,0.15589297195706062,0.7897412847009516,0.037000000000001455,0.03699999999980719
2025-06-20,Friday,252,185493,3368.8424999999997,3374.5575,3340.4245,3368.6255,1.013196669182362,-0.0064413815724434585,0.006357483959793885,0.748761854593806,0.03699999999999739,0.03699999999980719
2025-06-23,Monday,276,254888,3372.8565,3393.6445000000003,3341.5254999999997,3344.3145,1.545248070885927,-0.8462263366378,0.5476313820295783,1.0508860228035835,0.037000000000002295,0.03699999999980719
2025-06-24,Tuesday,276,256041,3344.3495000000003,3357.9925000000003,3295.4575,3324.2225,1.8698703589442522,-0.6018210716314311,0.3218517630127178,0.9426922931809519,0.03700000000000068,0.03699999999980719
2025-06-25,Wednesday,276,170599,3324.2185,3340.2745,3311.9745000000003,3339.1085000000003,0.8513279136133719,0.4479248280460603,0.5261484098940096,0.6105652499437304,0.03699999999999876,0.03699999999980719
2025-06-26,Thursday,276,197643,3339.0665,3350.4494999999997,3310.0275,3318.8385,1.2105778665983313,-0.60579805763078,0.5004205630597269,0.8896211920207286,0.03699999999999974,0.03699999999980719
2025-06-27,Friday,252,241613,3318.8675000000003,3322.1475,3255.9165000000003,3274.6785,1.995590363279033,-1.3314481521181638,0.6671951201099253,1.04433903883668,0.036999999999998964,0.03699999999980719
2025-06-30,Monday,276,184938,3263.8545,3314.6814999999997,3259.5365,3312.5205,1.689566737732933,1.4910591143079501,0.8825097470305664,0.8368735087385458,0.0369999999999991,0.03699999999980719
2025-07-01,Tuesday,276,187518,3312.5735,3358.0955000000004,3309.9755,3338.2325,1.452647012964402,0.7745941335339459,0.5332294264339136,0.6599810473634825,0.036999999999998444,0.03699999999980719
2025-07-02,Wednesday,276,176138,3338.2664999999997,3365.8285,3327.6425,3349.4755,1.1438871042800254,0.3357730726411534,0.293536898339712,0.7633101453817297,0.03700000000000059,0.03699999999980719
2025-07-03,Thursday,276,180135,3349.5005,3363.7565,3311.6155,3330.9515,1.5566798691327282,-0.5537840642209182,0.3557469170134817,1.0110025256803368,0.03700000000000204,0.03699999999980719
2025-07-04,Friday,201,96933,3330.9555,3345.1775,3325.9494999999997,3335.1495,0.5772517825590905,0.12590981776850396,0.21811940919492123,0.4630361813129884,0.03699999999999699,0.03699999999980719
2025-07-07,Monday,276,206336,3328.9094999999998,3345.9075000000003,3296.3755,3334.7325,1.4879347125537705,0.17492214792863311,0.11756036501656106,0.817880845717708,0.036999999999999124,0.03699999999980719
2025-07-08,Tuesday,276,195789,3334.7775,3339.5795,3287.1485000000002,3302.3575,1.572248823197337,-0.9721788035333714,0.6183364803265307,0.7382621418216837,0.037000000000001775,0.03699999999980719
2025-07-09,Wednesday,276,179066,3302.4455,3321.2565,3282.7065000000002,3317.7195,1.1673167657119468,0.46250574006445655,0.3962127107652516,0.741391626612109,0.03700000000000101,0.03699999999980719
2025-07-10,Thursday,276,159133,3317.6395,3330.4165000000003,3310.1445000000003,3323.8885,0.6110368531602043,0.1883568121250002,0.30825769534332165,0.6248766190452576,0.037014607425441076,0.03699999999980719
2025-07-11,Friday,252,187044,3323.8445,3368.8295,3323.7174999999997,3355.1855,1.357223540391257,0.9429141465552885,0.6947375421173931,0.7481012441894295,0.03699999999999955,0.03699999999980719
2025-07-14,Monday,276,170186,3367.8115,3375.1585,3341.0344999999998,3345.4165000000003,1.0132396067891642,-0.6649718964377765,0.6562829679990435,0.7288955461724086,0.036999999999999755,0.03699999999980719
2025-07-15,Tuesday,276,176987,3345.3785,3366.4355,3320.2974999999997,3331.1355000000003,1.379156349573012,-0.4257515255747439,0.3087043218171435,0.7487247979480858,0.03700000000000126,0.03699999999980719
2025-07-16,Wednesday,276,264978,3331.1955,3377.6305,3319.6095,3346.6054999999997,1.7417470694830188,0.46259668638480855,0.2655934920115097,1.1898823904326619,0.03707529754675721,0.03699999999980719
2025-07-17,Thursday,276,165239,3346.6355000000003,3347.4855,3309.9635,3340.2185,1.1211857401261633,-0.19174481355977877,0.17101966846117964,0.6820357429536928,0.03700000000000083,0.03699999999980719
2025-07-18,Friday,252,137682,3340.2555,3361.3215,3331.8514999999998,3350.4755,0.8822678384932007,0.3059646185748306,0.3467933491686363,0.49832135859856524,0.03700000000000407,0.03699999999980719
2025-07-21,Monday,276,159122,3349.2475,3402.8635,3347.7765,3396.6125,1.644757516427197,1.4141982639383992,0.8598217365258636,0.5295240429141465,0.036999999999999734,0.03699999999980719
2025-07-22,Tuesday,276,182156,3396.6205,3433.5875,3383.3195,3427.5375,1.4799416066646254,0.9102282695402655,0.6150433675499304,0.6157873695967078,0.036999999999999166,0.03699999999980719
2025-07-23,Wednesday,276,207600,3427.5135,3439.0605,3381.4565000000002,3390.0885,1.6806352476802737,-1.0918994192145468,0.6496944656621121,0.8719899209936935,0.037000000000002115,0.03699999999980719
2025-07-24,Thursday,276,177173,3390.1275,3393.5175,3351.3955,3369.4995,1.2424901423324002,-0.6084726901864356,0.4897203361663794,0.743403337489623,0.03699999999999857,0.03699999999980719
2025-07-25,Friday,252,151294,3369.5025,3373.6585,3325.0074999999997,3336.9485,1.4438630035146225,-0.9661366922861783,0.669133214116871,0.622041574361306,0.037000000000000546,0.03699999999980719
2025-07-28,Monday,276,173566,3333.7545,3345.4314999999997,3301.8575,3312.5474999999997,1.3070548536192337,-0.6361296250218885,0.48668931013908573,0.71181127086379,0.036999999999999256,0.03699999999980719
2025-07-29,Tuesday,276,172181,3312.5654999999997,3334.2214999999997,3307.9224999999997,3327.6175000000003,0.7939163768988109,0.4543910150607011,0.5723411536560554,0.7067672345291661,0.03699999999999962,0.03699999999980719
2025-07-30,Wednesday,276,217596,3327.6234999999997,3334.1324999999997,3268.1135,3285.3835,1.9839684387371284,-1.2693743748353679,0.6398158105999776,0.8173969352250106,0.036999999999998985,0.03699999999980719
2025-07-31,Thursday,276,190305,3285.3365000000003,3314.8914999999997,3282.8824999999997,3288.7304999999997,0.9742989797239952,0.10330753029406038,0.10603267830920435,0.7018172752185544,0.03700000000000268,0.03699999999980719
2025-08-01,Friday,252,224393,3288.6865,3363.6465,3281.6705,3363.1994999999997,2.4926669051610624,2.265737400022773,0.908961159363719,1.1213467037408507,0.03699999999999942,0.03699999999980719
2025-08-04,Monday,276,153373,3362.0705,3385.4285,3345.0865000000003,3377.4865,1.1999153497822146,0.4585269702107725,0.3821327648604507,0.6333831433252259,0.036999999999999714,0.03699999999980719
2025-08-05,Tuesday,276,149149,3377.4625,3390.4885,3349.8835,3383.2304999999997,1.2022339256172354,0.1707790982135131,0.14205147149364786,0.6404469830815136,0.03700000000000061,0.03699999999980719
2025-08-06,Wednesday,276,144900,3383.3005000000003,3385.4205,3358.1715,3370.2345,0.8053969784830006,-0.3861909398825276,0.47950383500312443,0.6250099152876772,0.03699999999999758,0.03699999999980719
2025-08-07,Thursday,276,258361,3370.2855,3409.0985,3365.2715,3400.5495,1.3003942841044245,0.8979654690975029,0.6905332329385988,1.0058239622181173,0.03717689465075437,0.03699999999980719
2025-08-08,Friday,252,357791,3400.5115,3404.3514999999998,3376.5645,3398.6445000000003,0.8171417741125064,-0.0549035049579963,0.06718969302190764,1.2007911179738793,0.037042400954023634,0.03699999999980719
2025-08-11,Monday,276,216278,3391.6724999999997,3391.7195,3341.3525,3349.1075,1.4850195589344253,-1.2549855565358863,0.8450969881072814,0.9532225313643103,0.03699999999999869,0.03699999999980719
2025-08-12,Tuesday,276,206918,3349.0865000000003,3359.3345,3331.1594999999998,3350.6504999999997,0.8412741802876749,0.04669930143635872,0.05551020408161086,0.9928495421786951,0.03699999999999611,0.03699999999980719
2025-08-13,Wednesday,276,143349,3350.6594999999998,3370.8154999999997,3342.7465,3362.7825000000003,0.8377156795550101,0.36180936917047235,0.43189996081088444,0.6246828026209792,0.036999999999999346,0.03699999999980719
2025-08-14,Thursday,276,190538,3362.8285,3374.9125,3329.9175,3335.6305,1.338010546776319,-0.8087834392981939,0.6044671630181117,0.776627737917047,0.03700000000000165,0.03699999999980719
2025-08-15,Friday,252,138408,3335.6594999999998,3348.8275000000003,3332.4515,3335.2934999999998,0.4909373993358796,-0.010972342950471578,0.02234978016609556,0.54669764705253,0.0370000000000013,0.03699999999980719
2025-08-18,Monday,276,131853,3327.1594999999998,3358.4975,3326.8225,3331.0585,0.9520132713805795,0.1171870479909467,0.12309392265194556,0.5227035171319078,0.03699999999999777,0.03699999999980719
2025-08-19,Tuesday,276,143117,3331.0695,3345.4085,3312.8505,3314.3115,0.9774038037933461,-0.5030816679147723,0.5147122059094622,0.5834857720523158,0.036999999999999124,0.03699999999980719
2025-08-20,Wednesday,276,133471,3314.3215,3352.1724999999997,3311.5555,3346.9165000000003,1.2254996988071234,0.9834592087701889,0.8024964916168222,0.5231932150996474,0.03700000000000018,0.03699999999980719
2025-08-21,Thursday,276,134293,3346.9855,3348.1915,3325.2315,3338.4905,0.6859904233227194,-0.253810481103067,0.3699912891986009,0.6011410771321543,0.03700000000000037,0.03699999999980719
2025-08-22,Friday,252,158211,3338.4465,3378.9494999999997,3321.5305,3372.3785,1.7199317107522876,1.0164008918519374,0.5909542137619929,0.7943524620801078,0.03700000000000009,0.03699999999980719
2025-08-25,Monday,276,109839,3369.1605,3376.3855000000003,3351.7965,3354.9015,0.7298257236483805,-0.4232211555371142,0.579893448289877,0.42670645531627577,0.036999999999998624,0.03699999999980719
2025-08-26,Tuesday,276,162896,3354.9065,3393.6625,3351.2875,3390.9425,1.263075438913126,1.0741282953787255,0.850407079646019,0.7169000919499754,0.03699999999999982,0.03699999999980719
2025-08-27,Wednesday,276,132624,3390.9335,3399.5825,3373.7775,3395.8995,0.7609998839552541,0.14644934794503917,0.19244332493702485,0.5043669098452819,0.03700000000000169,0.03699999999980719
2025-08-28,Thursday,276,139363,3395.8355,3423.2105,3384.6945,3414.8995,1.134212773263018,0.5613935068409482,0.49496313220479315,0.5376833961913351,0.03699999999999898,0.03699999999980719
2025-08-29,Friday,252,138055,3414.9295,3454.0035,3404.4205,3448.1155,1.4519479831135498,0.9717916577779919,0.6693019785006946,0.5477540535770222,0.03700000000000125,0.03699999999980719
2025-09-01,Monday,243,164689,3447.9915,3490.0074999999997,3437.1085000000003,3479.2915000000003,1.5341975175982723,0.9077748596538066,0.5916936047940513,0.8421564277810317,0.03700000000000012,0.03699999999980719
2025-09-02,Tuesday,276,246887,3479.2035,3540.2015,3470.2745,3530.0755,2.0098565663089305,1.462173741777388,0.7275015373174846,0.9573764842038976,0.036999999999999166,0.03699999999980719
2025-09-03,Wednesday,276,236318,3530.1615,3578.5065,3526.8865,3560.3725,1.4622560469258952,0.8557965407531577,0.5852576520728371,0.9046907537475581,0.03699999999999889,0.03699999999980719
2025-09-04,Thursday,276,233769,3560.4205,3563.5535,3511.2515000000003,3552.6295,1.4689837899764837,-0.21882246773941919,0.14896179878398944,1.045391904628124,0.037002426448283214,0.03699999999980719
2025-09-05,Friday,252,237805,3552.6125,3600.1555,3544.8015,3586.6765,1.5581209602792256,0.958843667864138,0.6153846153846148,1.0458808393497225,0.036999999999999235,0.03699999999980719
2025-09-08,Monday,276,216066,3591.1904999999997,3646.3985000000002,3579.6275,3635.0365,1.8592998617032483,1.2209321672019477,0.6566623234637843,0.7981514066988367,0.03699999999999729,0.03699999999980719
2025-09-09,Tuesday,276,270987,3635.1035,3674.6635,3623.2005,3633.6485000000002,1.415723101144168,-0.040026370638413106,0.02827273963818514,1.0370881492826867,0.0370024230676044,0.03699999999980719
2025-09-10,Wednesday,276,201911,3633.6234999999997,3657.7015,3620.2595,3644.9235,1.0304314687528857,0.31098433836087264,0.3018001175150948,0.7224421453355565,0.03700242556546402,0.03699999999980719
2025-09-11,Thursday,276,208754,3644.9875,3649.2415,3613.1825,3631.9215,0.9892763692605309,-0.3584648781374492,0.3623505920851989,0.8856829976620567,0.037000000000000505,0.03699999999980719
2025-09-12,Friday,252,160521,3631.8895,3656.6994999999997,3630.6065,3643.5645,0.7184414613935761,0.32145801792702466,0.44743801019429713,0.5339616878184869,0.03700000000000161,0.03699999999980719
2025-09-15,Monday,276,172651,3638.3165,3685.7025000000003,3626.6205,3677.0415000000003,1.6238829139795927,1.0643658956003517,0.6554449747808155,0.6630601806466406,0.03699999999999808,0.03699999999980719
2025-09-16,Tuesday,276,180128,3677.0115,3703.1895,3674.7955,3694.3244999999997,0.7722031872894544,0.47084432561605116,0.6097414946819674,0.6889095514195624,0.03700242733175473,0.03699999999980719
2025-09-17,Wednesday,276,284223,3694.3235,3707.5995000000003,3646.1365,3669.2495,1.663714615138609,-0.6787169558919264,0.40795275206221615,1.102499974074323,0.037077547558462785,0.03699999999980719
2025-09-18,Thursday,276,243073,3669.2145,3673.1305,3627.8244999999997,3640.3185000000003,1.2347601918612414,-0.7875255044369778,0.6377963183684151,0.9033721120111249,0.03700000000000032,0.03699999999980719
2025-09-19,Friday,252,189572,3640.3225,3685.2835,3632.2825000000003,3684.9415,1.455942433671735,1.2256881086771758,0.8418520405275353,0.6787021891519961,0.03700000000000006,0.03699999999980719
2025-09-22,Monday,276,221262,3686.3435,3749.3334999999997,3685.5455,3747.8424999999997,1.7303867640115351,1.6682927133621648,0.9641155076189915,0.7468885067577633,0.03699999999999914,0.03699999999980719
2025-09-23,Tuesday,276,278782,3747.8775,3791.1705,3736.8015,3763.8635,1.4506610741679828,0.42653475200296376,0.2940278467509028,1.0173378457468505,0.03704364165353419,0.03699999999980719
2025-09-24,Wednesday,276,232590,3763.9025,3779.3095000000003,3717.5065,3742.9995,1.6419925861522804,-0.5553544492717398,0.33821982751646573,0.7871730697672521,0.03700242394861064,0.03699999999980719
2025-09-25,Thursday,276,284094,3743.0645,3761.7525,3721.9865,3744.7974999999997,1.062391524377955,0.04629896171972778,0.04357994266458071,1.038496429042656,0.03701454721784394,0.03699999999980719
2025-09-26,Friday,252,235006,3744.7565,3783.9305,3734.5855,3761.1215,1.3177091754831,0.437011057995366,0.33164454352011963,0.8014587772777162,0.03700530152418705,0.03699999999980719
2025-09-29,Monday,276,317861,3766.9385,3834.0805,3763.9894999999997,3832.9145,1.8606887264020995,1.7514488224323186,0.941290607923975,0.9601536106172833,0.03711884550084968,0.03699999999980719
2025-09-30,Tuesday,276,357776,3832.9695,3871.7794999999996,3793.1835,3863.0065,2.050525056356424,0.7836482914878349,0.38216957605985014,1.2269187487140147,0.03776322006178302,0.03699999999980719
2025-10-01,Wednesday,276,322402,3863.0205,3895.4465,3853.4134999999997,3863.5985,1.088086382145794,0.014962385004169005,0.013751100325933662,0.9763115927003211,0.03699999999999946,0.03699999999980719
2025-10-02,Thursday,276,317015,3863.5545,3897.2345,3819.4004999999997,3862.4905,2.0145697440012893,-0.02753940704085591,0.013670118457233364,1.0587468752155602,0.036999999999998,0.03699999999980719
2025-10-03,Friday,252,266722,3862.4445,3891.6855,3838.0744999999997,3887.1255,1.3880069991944306,0.6389994730021373,0.4603719385946893,0.8067447432833309,0.03699999999999818,0.03699999999980719
2025-10-06,Monday,276,382559,3909.5665,3976.2785000000003,3899.0415000000003,3969.5935,1.9755898767804585,1.5353876190621145,0.7771793311495784,1.1049649076004615,0.03700000000000055,0.03699999999980719
2025-10-07,Tuesday,276,347463,3969.6324999999997,3995.9815,3940.8995,3994.4915,1.3875843670667218,0.6262292542193862,0.4513089575541998,1.0477652654543586,0.03700000000000241,0.03699999999980719
2025-10-08,Wednesday,276,367888,3994.4475,4059.4004999999997,3984.5585,4011.7875,1.8736508616022527,0.43410258865587015,0.2316880895753691,1.2541925217608818,0.03699999999999991,0.03699999999980719
2025-10-09,Thursday,276,549613,4011.7855,4058.0515,3944.6504999999997,3990.0125,2.8266964921230286,-0.5427259259000796,0.19200007054611584,1.5585767297700144,0.036999999999998125,0.03699999999980719
2025-10-10,Friday,252,522912,3990.0074999999997,4022.8495000000003,3946.9555,4010.4795,1.9021016877787882,0.5130817423275573,0.2697446438453652,1.4387158656111134,0.03700529941706485,0.03699999999980719
2025-10-13,Monday,276,408465,4035.2754999999997,4132.1735,4024.3795,4128.1255,2.67129220792979,2.300958137802496,0.8613651965786637,1.1575425790089018,0.03700000000000202,0.037000000000261934
2025-10-14,Tuesday,276,649904,4128.1705,4179.8235,4090.6825,4161.6925,2.15933426199331,0.8120304139569801,0.3760559114212286,1.9017062787166699,0.03700000000000221,0.037000000000261934
2025-10-15,Wednesday,276,457913,4161.654500000001,4218.3295,4153.922500000001,4209.5375,1.5476296746882576,1.150576050943196,0.7434440355861999,1.2856313260181513,0.03700242262733809,0.037000000000261934
2025-10-16,Thursday,243,422723,4209.5705,4380.1535,4203.5885,4365.8855,4.194370898408769,3.7133241978011893,0.8853113584232439,1.533150158953763,0.03700000000000869,0.037000000000261934
2025-10-17,Friday,252,982791,4365.8425,4378.6615,4186.2744999999995,4251.0165,4.406640871721796,-2.6300994596117477,0.5968490594478819,2.7764123633569473,0.037018547959725714,0.037000000000261934
2025-10-20,Monday,276,587357,4237.9455,4381.6275000000005,4219.0275,4360.5725,3.8367647719868123,2.8935483007037353,0.7541635916359172,1.7922480290471716,0.03700000000000311,0.037000000000261934
2025-10-21,Tuesday,276,904965,4360.5225,4372.3495,4080.8975,4093.2174999999997,6.683877906833417,-6.130113994366507,0.917149307604683,2.636519044201943,0.03699999999999854,0.037000000000261934
2025-10-22,Wednesday,276,1005152,4093.2615,4161.4405,4004.2655,4087.7785000000003,3.8398475152393687,-0.1339518621031107,0.03488468267854131,3.018307628882045,0.03709412477287011,0.037000000000261934
2025-10-23,Thursday,276,533922,4087.7394999999997,4154.7495,4066.0365,4121.8555,2.1702214634763233,0.8345933002824664,0.3845659598931395,1.6320038546038924,0.036999999999999277,0.037000000000261934
2025-10-24,Friday,252,509843,4121.8795,4144.3775000000005,4044.0585,4113.1625,2.4338169031870147,-0.21148119444053723,0.08689281192993957,1.7529897882282355,0.03699999999999728,0.037000000000261934
2025-10-27,Monday,276,569045,4064.6115,4097.8895,3971.4285,3998.5564999999997,3.1112690597859167,-1.625124566025567,0.5223349491147482,1.5786524285309633,0.03699999999999997,0.03699999999980719
2025-10-29,Wednesday,276,548414,3964.9355,4030.3475,3917.2664999999997,3952.8865,2.8520262183331893,-0.3038889283318727,0.10655194064431658,1.86930266030844,0.03699999999999937,0.03699999999980719
2025-10-30,Thursday,276,537940,3952.8775,4046.4775,3915.4075000000003,4036.7375,3.3158123417687424,2.121492507673211,0.6398107881284834,1.6983395867471958,0.03699999999999844,0.03699999999980719
2025-11-03,Monday,276,411620,3980.5485,4030.7545,3962.3865,3997.3455000000004,1.7175522418581244,0.4219770215084801,0.2456851158436768,1.267240954744877,0.03699999999999917,0.03699999999980719
2025-11-04,Tuesday,276,414612,3997.3815,4000.7915000000003,3928.8905,3934.8464999999997,1.7987024756081025,-1.5643990947574133,0.8697375558059005,1.4188851350897491,0.036999999999999506,0.03699999999980719
2025-11-05,Wednesday,276,311948,3934.8734999999997,3990.5985,3929.6775,3973.7505,1.5482327449662685,0.988011431625449,0.6381543310188643,1.0771438201613799,0.037000000000001955,0.03699999999980719
2025-11-06,Thursday,276,302094,3973.7105,4019.6885,3964.6255,3989.2574999999997,1.3856822232017179,0.39124641817765965,0.2823493089733495,0.988706899383391,0.03702420135527434,0.03699999999980719
2025-11-07,Friday,264,298396,3989.3005000000003,4027.6825,3984.1375,4001.5025,1.0915447457517946,0.3058681590920456,0.28021586864162934,1.014382446574838,0.03699999999999684,0.03699999999980719
2025-11-10,Monday,276,319408,4011.9494999999997,4122.7455,4011.2115000000003,4120.0345,2.7800449631781174,2.694076782372262,0.9690766941022502,1.0286153746330708,0.0369999999999943,0.037000000000261934
2025-11-11,Tuesday,276,303993,4120.0725,4148.8795,4097.1865,4142.779500000001,1.254662387615757,0.5511310783972936,0.439266438395919,0.9504744470352608,0.03699999999999653,0.037000000000261934
2025-11-12,Wednesday,276,399039,4142.6535,4211.8685000000005,4098.9375,4191.1765,2.726054689343448,1.1713024031577641,0.4296694441738674,1.2259790985250474,0.03700242013553029,0.037000000000261934
2025-11-13,Thursday,276,500440,4191.1355,4245.3765,4145.4695,4185.9445,2.3837692673023847,-0.12385664934957871,0.0519583212387591,1.6243958355357067,0.03700000000000321,0.037000000000261934
2025-11-14,Friday,264,568805,4185.9884999999995,4211.6505,4032.2735000000002,4084.6925,4.285176607628031,-2.4198824244261394,0.564710079887609,1.8253335604097014,0.03699999999999492,0.037000000000261934
2025-11-17,Monday,276,494695,4096.6085,4102.1535,4006.9314999999997,4036.9055,2.324410545943081,-1.4573762662456131,0.626987460880889,1.453024465040308,0.03699999999999784,0.03699999999980719
2025-11-18,Tuesday,276,475971,4036.9425,4082.3525,3998.1175000000003,4076.7295,2.0866039087750115,0.9855726208634332,0.4723333531192493,1.422652723066422,0.03700000000000146,0.03699999999980719
2025-11-19,Wednesday,276,493621,4076.7725,4132.7654999999995,4055.6515,4104.7415,1.8915453339620882,0.6860574142903497,0.3626967865757217,1.3867801216169529,0.037000000000000276,0.037000000000261934
2025-11-20,Thursday,276,599843,4104.7715,4110.4215,4038.8055,4079.2035,1.7447012580359331,-0.6228848548573229,0.35701519213583,1.7353976901175225,0.037007261285248914,0.03699999999980719
2025-11-21,Friday,264,546250,4079.2505,4101.3665,4022.3685,4066.1935000000003,1.9365812420688566,-0.32008330942166435,0.165282665383931,1.4637666811109329,0.037000000000001775,0.03699999999980719
2025-11-24,Monday,276,375319,4075.2275,4144.4905,4039.9224999999997,4143.8904999999995,2.5659426375582766,1.6848875308188207,0.6566349169918083,1.0200740791940106,0.03700726436225148,0.03699999999980719
2025-11-25,Tuesday,276,426900,4143.8814999999995,4159.5535,4109.2365,4133.8095,1.2142480425658893,-0.2430571434052641,0.20017091639007106,1.2812540061532394,0.03700000000000014,0.037000000000261934
2025-11-26,Wednesday,276,342613,4133.8305,4173.6755,4132.6745,4165.0915,0.9918403766192204,0.756223555852143,0.7624448184190694,0.9736689356117254,0.036999999999997236,0.037000000000261934
2025-11-28,Friday,229,232256,4163.4515,4226.5595,4148.486500000001,4219.2415,1.8751989785397862,1.3399939929647302,0.7145876295262176,0.8984938441430852,0.05084009582273288,0.037000000000261934
2025-12-01,Monday,276,427492,4221.9865,4264.6115,4215.5145,4227.779500000001,1.1628886070573592,0.13721029188512504,0.11799091594192321,1.23428299242287,0.037000000000001275,0.037000000000261934
2025-12-02,Tuesday,276,427153,4227.7835,4230.9395,4163.6255,4212.9565,1.592181813472717,-0.3507038617280028,0.2202662150518354,1.1346706624870675,0.03705327198983565,0.037000000000261934
2025-12-03,Wednesday,276,387215,4212.9925,4241.6595,4194.5855,4207.2455,1.1173530453709475,-0.13641135131382973,0.12208437778817065,1.0948718052112543,0.03699999999999081,0.037000000000261934
2025-12-04,Thursday,276,352817,4207.1815,4219.5665,4174.9475,4206.1585,1.0605437393181085,-0.024315566133767664,0.02292745243058216,0.9260286432377495,0.03700000000000137,0.037000000000261934
2025-12-05,Friday,264,355875,4206.1575,4259.3195,4191.9425,4198.6015,1.601865835979739,-0.17964139478848556,0.11214509402319116,1.0285839094656957,0.0370000000000033,0.037000000000261934
2025-12-08,Monday,276,266806,4201.5135,4219.0435,4176.2165,4194.8145,1.019323155810384,-0.15944254374047861,0.15642001541083245,0.844005258353123,0.03702907152807146,0.037000000000261934
2025-12-09,Tuesday,276,334242,4194.8195,4221.6055,4170.1745,4210.9505,1.2260599055573091,0.38454574743920006,0.3136435223892291,0.82515618671087,0.03699999999999749,0.037000000000261934
2025-12-10,Wednesday,276,368672,4210.8835,4238.8145,4181.7654999999995,4232.4905,1.3547988207225607,0.51312272115816,0.3787445879857602,1.0705443271929524,0.0370000000000012,0.037000000000261934
2025-12-11,Thursday,276,582843,4232.5815,4286.038500000001,4204.3245,4276.6025,1.9305948391070755,1.0400508531259167,0.5387204151063376,1.0140173499507028,0.03700000000000426,0.037000000000261934
2025-12-12,Friday,264,505767,4276.5515,4353.6505,4257.038500000001,4301.0625,2.2591099393985825,0.5731487157351063,0.2537055438247902,1.3829700769956177,0.03699999999999786,0.037000000000261934
2025-12-15,Monday,276,359671,4302.5115000000005,4350.4295,4285.2595,4304.2294999999995,1.5146967067955557,0.039930166369083205,0.026361822924642255,0.9618321428970695,0.036999999999997646,0.037000000000261934
2025-12-16,Tuesday,276,394056,4304.2085,4335.2175,4271.7055,4307.9395,1.4755790756883576,0.08668260378187248,0.058744804131513624,1.0761583605995089,0.03701210360687263,0.037000000000261934
2025-12-17,Wednesday,275,389433,4307.961499999999,4349.3775000000005,4306.5705,4339.2805,0.9936718329539552,0.7270027831028764,0.7316326768986359,1.0266031497699601,0.03699999999999405,0.037000000000261934
2025-12-18,Thursday,276,414945,4339.2305,4374.7245,4308.7245,4335.2235,1.5210070080397895,-0.09234356183658848,0.06071212121211526,1.2518475116675805,0.03700242556546306,0.037000000000261934
2025-12-19,Friday,264,309082,4335.2495,4356.6385,4309.3015,4339.4195,1.0919094737223416,0.09618823553292775,0.088091767539135,0.790276539880338,0.037000000000005015,0.037000000000261934
2025-12-22,Monday,276,301411,4355.3585,4461.9025,4355.3585,4460.3225,2.4462739404804417,2.4099967890128893,0.9851704460129155,0.8524756216548475,0.03700000000000196,0.037000000000261934
2025-12-23,Tuesday,276,369750,4460.3165,4510.4395,4430.663500000001,4503.4235,1.7885726270770212,0.9664560799665218,0.5403504813477745,1.056784268908872,0.036999999999995,0.037000000000261934
2025-12-24,Wednesday,222,347383,4503.4385,4526.0465,4448.3735,4480.7955,1.7247487669699648,-0.5027935876108895,0.2915170007595925,1.2702304393173685,0.03764081387491913,0.037000000000261934
2025-12-26,Friday,264,414205,4495.2525000000005,4550.2685,4492.3835,4532.5945,1.287691848233224,0.8306986092549783,0.6451066770320377,1.0539248301103017,0.036999999999997986,0.037000000000261934
2025-12-29,Monday,276,685661,4527.2895,4528.0745,4302.2175,4345.7255000000005,4.988790754379634,-4.010434941260094,0.803889186520672,1.9394133098127586,0.0370533268694698,0.037000000000261934
2025-12-30,Tuesday,276,464701,4345.6695,4404.3115,4324.5045,4339.0025000000005,1.8364719176182125,-0.15341709718144608,0.0835390379289972,1.3681870305061676,0.03700000000000115,0.037000000000261934
2025-12-31,Wednesday,264,442334,4339.0565,4373.5015,4274.3865000000005,4318.9275,2.2842523484079957,-0.46390269405341705,0.20308732280684003,1.5484609156922424,0.08186251818124346,0.037000000000261934
2026-01-02,Friday,264,382309,4348.4375,4402.5345,4309.7495,4331.8395,2.133754940711459,-0.381700323392022,0.17888667349248244,1.113492912569684,0.036999999999997465,0.037000000000261934
2026-01-05,Monday,276,450913,4372.6765,4460.3695,4370.3075,4440.4145,2.05965385273756,1.5491198582836003,0.7521263129843926,1.3671653444538034,0.036999999999996716,0.037000000000261934
2026-01-06,Tuesday,276,379157,4440.4695,4500.6215,4427.7545,4493.2755,1.6409751266166828,1.1891985746101754,0.7246901889744253,0.9535978519431516,0.03699999999999795,0.037000000000261934
2026-01-07,Wednesday,276,434286,4493.3875,4495.9965,4423.6195,4463.4974999999995,1.6107446775956984,-0.6651996962202865,0.4129764980587778,1.2199331361615833,0.03699999999999685,0.037000000000261934
2026-01-08,Thursday,276,418771,4463.5225,4484.2535,4407.6595,4475.6765,1.7159989671834308,0.2722961517500929,0.15868083661905022,1.0836495320779498,0.03699999999999715,0.037000000000261934
2026-01-09,Friday,264,373125,4475.7125,4517.2605,4452.8994999999995,4509.1555,1.438005680659801,0.7472106396467649,0.5196159164711518,1.0225831187434613,0.03699999999999578,0.037000000000261934
2026-01-12,Monday,276,486431,4540.0895,4630.2635,4536.3525,4599.4255,2.068483451702881,1.3069345879635244,0.6318322667206206,1.3139496022724912,0.037002422627343046,0.037000000000261934
2026-01-13,Tuesday,276,418591,4599.4515,4634.8785,4569.3865000000005,4597.2165,1.4239089160957406,-0.04859275067906842,0.03412630550295757,1.2388855550694569,0.037012110202840946,0.037000000000261934
2026-01-14,Wednesday,276,457821,4597.2605,4643.2685,4597.2195,4615.3745,1.001661750514246,0.3940172631070086,0.3933635909574494,1.2129121449076197,0.03708728330706797,0.037000000000261934
2026-01-15,Thursday,276,448093,4615.297500000001,4624.9815,4581.0745,4610.3645,0.9513362898058066,-0.10688368409622352,0.11235110574625652,1.0386618053976484,0.03700000000000149,0.037000000000261934
2026-01-16,Friday,264,437021,4610.3225,4620.6185000000005,4536.8085,4596.6685,1.8178771658598807,-0.29616149412542075,0.1629161197947785,1.373218615773681,0.03699999999999733,0.037000000000261934
2026-01-19,Monday,246,259426,4672.7105,4682.1945,4653.2175,4665.4855,0.6201325761568123,-0.15462117757991561,0.24933568002210021,0.742245237023174,0.03717669045191785,0.037000000000261934
2026-01-20,Tuesday,276,447564,4665.4515,4781.163500000001,4659.5345,4775.9585,2.6070145622562104,2.368623915606016,0.9085579919262583,1.0776808529634319,0.03699999999999655,0.037000000000261934
2026-01-21,Wednesday,276,728639,4775.9095,4888.6005000000005,4755.9305,4778.4505,2.7779002093737346,0.0532045257557784,0.01915278510590311,2.3037411842485636,0.03699999999999745,0.037000000000261934
2026-01-22,Thursday,276,460106,4778.3975,4960.6675,4772.2875,4959.0525,3.94232585296638,3.780660775919118,0.9589924620448058,1.400041090419397,0.037000000000003204,0.037000000000261934
2026-01-23,Friday,264,466313,4959.0905,4989.8835,4899.6215,4988.4175,1.8201321391492997,0.5913786005720064,0.3249097072965302,1.3430248100245497,0.036999999999998666,0.037000000000261934
2026-01-26,Monday,276,847208,5039.9015,5111.2535,4989.7125,5043.7095,2.411574908755661,0.07555703221580803,0.03133099118815862,2.0097075355232756,0.037000000000000345,0.037000000000261934
2026-01-27,Tuesday,274,766808,5043.6685,5190.5705,5013.5645,5172.5135,3.5094693475592105,2.554588986171479,0.7279131780843626,1.6163086263296527,0.03699999999999873,0.037000000000261934
2026-01-28,Wednesday,276,1049438,5172.4695,5570.1385,5157.1385,5513.1025,7.984580672732822,6.585500407493941,0.8247772397094426,2.815863304856488,0.037466727438465644,0.037000000000261934
2026-01-29,Thursday,276,1283501,5513.0695,5595.404500000001,5095.4575,5438.6685,9.068396471330537,-1.3495385828167021,0.14881777468411617,5.077390866063253,0.037740785571626294,0.037000000000261934
2026-01-30,Friday,264,2313709,5438.6314999999995,5451.0255,4683.183,4891.5765,14.118303473952956,-10.058688477055293,0.7124573073253949,6.873166979902345,0.03732821096566126,0.037000000000261934
2026-02-02,Monday,276,1430388,4741.5825,4884.9295,4402.0805,4774.327499999999,10.183287963459458,0.6905922231659785,0.06781623240391711,6.804957252151034,0.047575770418356304,0.037000000000261934
2026-02-03,Tuesday,276,745441,4774.4145,4993.8235,4745.7335,4947.4645,5.19623924567086,3.6245282013113895,0.6975291224958687,3.4665332903507533,0.09101948916596161,0.07700000000022555
2026-02-04,Wednesday,276,564634,4947.5695,5092.0515,4852.3225,5012.315500000001,4.845389236068324,1.3086425567139788,0.27007996529414957,3.097918363316644,0.10706841436095887,0.07700000000022555
2026-02-05,Thursday,276,825545,5012.389499999999,5020.603499999999,4703.4075,4703.8475,6.328239255947668,-6.155587070797262,0.9727171843276726,3.8651887390859794,0.08834781819282206,0.07700000000022555
2026-02-06,Friday,264,471027,4703.7625,4971.5795,4655.2615000000005,4968.4535,6.724786806306639,5.627218636144997,0.8367876630479466,2.7784633385411044,0.09112266835282491,0.08899999999994179
2026-02-09,Monday,276,314731,5036.211499999999,5086.889499999999,4969.217500000001,5032.094499999999,2.3365182339939192,-0.08174795677266909,0.034987082738461454,1.9064764260324139,0.09878088832333656,0.07700000000022555
2026-02-10,Tuesday,276,296744,5032.0205000000005,5078.7505,4998.970499999999,5041.6825,1.585446641165326,0.19201034653971205,0.1211080471295973,1.7151753561548548,0.09431661517959908,0.07700000000022555
2026-02-11,Wednesday,276,287077,5041.7474999999995,5119.3705,5019.193499999999,5061.5675,1.986949961298153,0.39311766406391074,0.19784980584366174,1.82577939332955,0.1007455140640142,0.07700000000022555
2026-02-12,Thursday,276,392987,5061.496499999999,5083.8645,4878.4974999999995,4920.262500000001,4.057436372819781,-2.790360518870231,0.6877151635851837,2.9345859504452343,0.09489355776216454,0.07700000000022555
2026-02-13,Friday,264,298594,4920.2294999999995,5046.3105,4913.9595,5042.8145,2.6899354999599034,2.491448823677858,0.9262113622110998,1.8432503300794052,0.08782927446391287,0.07700000000022555
2026-02-16,Monday,246,144378,5020.029500000001,5031.6985,4964.7105,4990.121499999999,1.3344144690783246,-0.5957733913715301,0.44646802412374065,0.9506117617646017,0.0813996464509147,0.07700000000022555
2026-02-17,Tuesday,276,324402,4990.0355,4991.7075,4841.3295,4859.6605,3.0135657351535996,-2.612706863508286,0.8669818723483453,2.027675015980086,0.07204002425712065,0.07700000000022555
2026-02-18,Wednesday,276,190826,4859.3465,5011.1115,4858.5815,4976.3935,3.1388994384327145,2.4086983712727728,0.7673703533731113,1.0662049223109047,0.07107686236415879,0.07700000000022555
2026-02-19,Thursday,276,185594,4976.0885,5022.5005,4960.5585,4987.887500000001,1.2447929734368675,0.2371139500433099,0.19048464692778544,1.0350279289821886,0.07986823115638442,0.07700000000022555
2026-02-20,Friday,264,257786,4987.9575,5108.3865000000005,4981.764499999999,5105.9685,2.538554107568102,2.365918314259885,0.9319944401446698,1.3138829033688544,0.08432759166613826,0.07700000000022555
2026-02-23,Monday,276,237642,5165.6025,5249.8945,5122.2595,5236.1695,2.4708637569383285,1.3660942745788127,0.5528812629764555,1.3258190460493717,0.12693460886413233,0.13699999999971624
2026-02-24,Tuesday,276,271764,5236.0755,5238.3375,5093.4985,5146.7155,2.766174781093205,-1.7066216864137975,0.6169609014146722,1.684498628719573,0.12473587193791123,0.13699999999971624
2026-02-25,Wednesday,276,213565,5146.7145,5217.8565,5136.6535,5163.3615,1.5777638336068478,0.32344906638982857,0.2050047412041431,1.3399368416617965,0.1430101713386226,0.13699999999971624
2026-02-26,Thursday,276,243653,5163.4555,5206.0135,5130.6325,5184.5885,1.4598944447182767,0.4092801806851983,0.2803491596025487,1.1586440970301042,0.1291197430614468,0.13699999999971624
2026-02-27,Friday,264,224842,5184.5575,5281.5635,5166.9555,5279.4095,2.210564739613751,1.8295100401528936,0.8276211084741005,1.1683439299383702,0.1291494558339652,0.13699999999971624
2026-03-02,Monday,276,428072,5386.8035,5419.5415,5260.3865000000005,5345.8465,2.9545350967415045,-0.760321032686645,0.25734032861047657,2.2213635913216256,0.1565744552058115,0.13700000000062573
2026-03-03,Tuesday,276,689927,5345.851500000001,5379.9555,4995.9285,5125.2145,7.183645112476469,-4.127256434264973,0.5745351238324404,3.6569248467080087,0.14831613996851917,0.13699999999971624
2026-03-04,Wednesday,276,406370,5125.246499999999,5206.228499999999,5105.9215,5165.121499999999,1.9571156236094966,0.7780113600389758,0.39752958417658235,1.8958856386813896,0.13505631244323385,0.13699999999971624
2026-03-05,Thursday,275,354200,5165.0455,5195.2235,5050.8395,5086.5025000000005,2.7954061585711107,-1.520664241970369,0.5439868683510615,1.862745921690207,0.13229758289809354,0.13699999999971624
2026-03-06,Friday,264,302668,5086.3205,5176.952499999999,5062.654500000001,5174.4545,2.2471647234970518,1.7327653654542612,0.7710896078671621,1.800616525333357,0.13797577942199155,0.13699999999971624
2026-03-09,Monday,276,358045,5076.2474999999995,5156.1855,5014.5985,5139.809499999999,2.7892060030563828,1.2521454085916792,0.4489253956931082,1.9909806603827216,0.13888479457856903,0.13699999999971624
2026-03-10,Tuesday,276,248567,5139.9535,5238.753500000001,5124.708500000001,5197.0105,2.2187943918169704,1.1100684082064303,0.500302512166256,1.6336759876559592,0.13835479178032464,0.13699999999971624
2026-03-11,Wednesday,276,209629,5197.0845,5223.2575,5129.8634999999995,5134.4595,1.7970460168581102,-1.2050025355562335,0.6705462877700906,1.1887576330069762,0.13852669902912926,0.13699999999971624
2026-03-12,Thursday,276,226997,5134.3175,5191.8935,5054.9095,5098.4005,2.6680079679529047,-0.6995477003516118,0.2621985049348849,1.0945292997298917,0.13766561686148757,0.13699999999971624
2026-03-13,Friday,252,233859,5098.3265,5128.4985,5009.6835,5021.262500000001,2.3304705965771237,-1.5115548209789897,0.6486049741194264,1.3797636581029522,0.13253899158550503,0.13699999999971624
2026-03-16,Monday,276,243978,4997.5605,5038.3035,4970.1695,5012.9605,1.363345176111425,0.3081503465540947,0.22602518566355334,1.4337154085032848,0.10939995156504945,0.09700000000066211
2026-03-17,Tuesday,276,192741,5013.0595,5044.6134999999995,4973.5045,5002.8965,1.418475084925672,-0.20273048823778103,0.142921430479975,1.0192521463394486,0.10328208247171948,0.09699999999975262
2026-03-18,Wednesday,276,301187,5002.9495,5016.5485,4804.3085,4836.9265,4.242297468723196,-3.3185024154251437,0.7822418017338876,1.5443220335360557,0.0916344710723779,0.09699999999975262
2026-03-19,Thursday,276,629486,4836.762500000001,4867.0535,4502.6255,4643.8634999999995,7.53454402609183,-3.988184245143342,0.5293199205330033,3.2340539992961563,0.08608810172570401,0.09699999999975262
2026-03-20,Friday,252,759858,4643.7915,4736.0615,4477.2035,4497.6265,5.57428127425618,-3.147535801295126,0.5646532075500849,2.591891762734306,0.09721661367249153,0.09699999999975262
2026-03-23,Monday,276,2222847,4464.6845,4513.1345,4098.6115,4441.4375,9.284485835449294,-0.5206862881352601,0.05608132721224224,6.4196639140789005,0.12141019123698657,0.13699999999971624
2026-03-24,Tuesday,276,1208437,4441.353499999999,4551.708500000001,4305.7275,4546.9985,5.538424266386378,2.378666773541004,0.4294843910708557,3.6476348660318325,0.13961317843528548,0.1390000000001237
2026-03-25,Wednesday,276,731506,4546.9115,4602.7245,4486.9805,4498.2495,2.5455520741936715,-1.0702209620750318,0.4204278407520045,2.132261943457647,0.11316400387315176,0.09700000000066211
2026-03-26,Thursday,276,964817,4498.5675,4544.6805,4351.0875,4405.0585,4.303436593982434,-2.0786394780116115,0.4830184975696417,2.543722918836719,0.09912840702604128,0.09699999999975262
2026-03-27,Friday,252,522178,4405.1055,4555.657499999999,4375.3345,4495.6134999999995,4.093500144321161,2.0546159450664647,0.5019215518819014,1.9051706399756234,0.0974100695594588,0.09699999999975262
2026-03-30,Monday,276,470180,4448.7265,4580.913500000001,4418.6295,4513.7185,3.6478754088389245,1.4609124656235934,0.40048310369475715,2.0418713891054407,0.09792026397045987,0.09699999999975262
2026-03-31,Tuesday,276,503317,4513.6494999999995,4700.2225,4482.6295,4696.5815,4.820777510526678,4.052862323492348,0.8407071918673893,2.3177797916686593,0.10091501725077062,0.09699999999975262
2026-04-01,Wednesday,273,391966,4696.5235,4800.5244999999995,4667.3185,4784.3105,2.8362681460020207,1.8691911155134078,0.6590318754410451,1.6920590101410555,0.11317497550220633,0.09700000000066211
2026-04-02,Thursday,252,642990,4784.3805,4799.0105,4553.904500000001,4675.512500000001,5.12304571093373,-2.275487913220938,0.44416701345540127,2.680872427830817,0.10936946726742984,0.09699999999975262
2026-04-06,Monday,276,335274,4610.845499999999,4706.905500000001,4600.6955,4659.0575,2.303482083708963,1.0456216761112567,0.45393089162979017,1.6928122965897339,0.10389788988600508,0.09699999999975262
2026-04-07,Tuesday,276,536759,4659.1165,4836.5875,4607.4735,4833.3255,4.917541769990074,3.7390994623122182,0.7603594717040432,2.371922601077909,0.10762643747730276,0.09699999999975262
2026-04-08,Wednesday,276,423271,4833.4265,4857.7945,4699.6505,4715.6665,3.271881759244715,-2.436366830032469,0.7446377984621556,1.7772019289409209,0.11975878787878223,0.13699999999971624
2026-04-09,Thursday,276,313044,4715.7375,4801.4385,4698.2965,4763.7375,2.187187051866221,1.0178683609933759,0.4653778286246154,1.433620780967132,0.10405825301570024,0.09699999999975262
2026-04-10,Friday,252,250379,4763.8005,4795.3215,4730.7595,4749.6355,1.3552624632370707,-0.2973466248219245,0.21940150552956825,1.237363422298426,0.10345304526476558,0.09699999999975262
2026-04-13,Monday,276,300204,4671.6205,4766.0154999999995,4664.7285,4757.4625,2.1681341624389083,1.8375208345797704,0.8475125139455231,1.2862464525385613,0.10062671357515317,0.09699999999975262
2026-04-14,Tuesday,276,245237,4757.8385,4850.699500000001,4751.8575,4837.068499999999,2.0774559708153304,1.6652519836476074,0.8015823233038498,1.2589612463478712,0.10877450624016081,0.09699999999975262
2026-04-15,Wednesday,276,256136,4837.1265,4871.639499999999,4786.228499999999,4823.711499999999,1.7657383986133102,-0.2773340742691115,0.15706407839740624,1.0880978571241482,0.11264951203249274,0.09700000000066211
2026-04-16,Thursday,276,239945,4823.3445,4838.556500000001,4773.0625,4791.7915,1.3578544928731628,-0.6541726389230519,0.48176932238066994,1.0020124200249152,0.11073031257572162,0.09700000000066211
2026-04-17,Friday,252,269024,4791.6985,4890.1655,4767.5805,4833.190500000001,2.558278656305275,0.8659142473175261,0.338475343639109,1.3371231030291666,0.120360943608779,0.13699999999971624
2026-04-20,Monday,276,257610,4755.5765,4833.2685,4745.0195,4821.6955,1.8556950981652758,1.3903466803656652,0.7492322859182522,1.0291719387952458,0.11462412206345475,0.09700000000066211
2026-04-21,Tuesday,276,345860,4821.7575,4830.6915,4668.3885,4737.9685,3.3660548047055436,-1.7377273743028296,0.5162504698003106,1.505087978852888,0.10969403075433205,0.09700000000066211
2026-04-22,Wednesday,276,210503,4738.3095,4772.5165,4723.5005,4728.0995,1.0344617632090014,-0.2154776930464343,0.2082993308307515,0.8511803206922692,0.09952499545537595,0.09699999999975262
2026-04-23,Thursday,276,355822,4728.1665,4753.904500000001,4664.190500000001,4695.3705,1.8974374104634415,-0.6936303956301089,0.36556167376329557,1.540442073272213,0.10040881569388004,0.09699999999975262
2026-04-24,Friday,252,257842,4695.4025,4740.4175,4657.720499999999,4708.646500000001,1.7612334618810659,0.282063145811261,0.16015091236684012,1.1523624509111305,0.09791180173613614,0.09699999999975262
2026-04-27,Monday,276,207482,4680.2785,4730.2845,4667.0895,4692.1955,1.350240161990354,0.2546215999752891,0.1885750454940979,0.9093677144831591,0.0974895486216299,0.09699999999975262
2026-04-28,Tuesday,276,303841,4692.2575,4701.6255,4554.8805,4595.9235,3.127385911791923,-2.0530416329453325,0.6564721114859103,1.408225881669431,0.09751770126090936,0.09699999999975262
2026-04-29,Wednesday,276,317167,4595.9865,4610.5655,4510.1185000000005,4561.7075,2.1855373160908806,-0.7458464031606608,0.3412645474727947,1.3581935073972313,0.09739227556147292,0.09699999999975262
2026-04-30,Thursday,276,320460,4561.7685,4647.2225,4540.8625,4626.4875,2.331551897032909,1.4187260927423224,0.6084900338473134,1.3048309188554201,0.09892317014057714,0.09699999999975262
2026-05-01,Friday,252,227797,4626.7095,4660.4655,4559.9055,4613.5585,2.1734669099064985,-0.2842408843693307,0.13077764518695095,1.1816720337715647,0.09754996024384076,0.09699999999975262
2026-05-04,Monday,276,365588,4614.091,4618.696,4500.848,4518.959,2.5540892019684907,-2.061771213441619,0.8072432285656146,1.5020754368496168,0.10133313106795985,0.1000000000003638
2026-05-05,Tuesday,276,202667,4519.249,4595.957,4513.5689999999995,4593.948,1.8230462627750945,1.6529073746545175,0.9066733019371725,1.1049318511434139,0.10014541048167193,0.1000000000003638
2026-05-06,Wednesday,276,271256,4593.876,4723.254,4588.15,4699.055,2.940958789484093,2.289548085320546,0.7785039673140682,1.287734071804513,0.10256940235180532,0.1000000000003638
2026-05-07,Thursday,276,307475,4699.154,4764.974,4681.876,4704.211,1.7683608581459545,0.10761511540161885,0.060855856939996046,1.4771328427355788,0.10792529361908579,0.1000000000003638
2026-05-08,Friday,252,256091,4704.143,4749.812,4694.0509999999995,4715.24,1.1853593736414991,0.23589844101252347,0.19901006079517347,1.19472051247739,0.10995559973493214,0.1000000000003638
2026-05-11,Monday,276,266401,4691.836,4770.096,4648.1939999999995,4767.745,2.5981726556512217,1.6178954251597808,0.6227051237879577,1.2524436034359279,0.10650345412677314,0.1000000000003638
2026-05-12,Tuesday,276,280844,4767.369000000001,4773.85,4638.18,4716.848,2.8458044678312095,-1.0597249761870884,0.3723815139677203,1.311793352984976,0.10922764965801274,0.1000000000003638
2026-05-13,Wednesday,276,217793,4716.9439999999995,4727.243,4669.514999999999,4696.843,1.2238432340939596,-0.4261445546099267,0.3482019124168396,1.0162058027851881,0.10150641801889598,0.1000000000003638
2026-05-14,Thursday,276,254491,4696.512000000001,4719.079,4644.402,4652.482,1.5900523622637326,-0.9375042584794981,0.5896059027545408,1.2186310656102857,0.10196127080181218,0.1000000000003638
2026-05-15,Friday,252,375993,4652.558,4658.334,4511.674999999999,4539.932,3.1522229276883933,-2.42073285276616,0.7679446880177812,1.6115959362361627,0.10039682013911878,0.1000000000003638
2026-05-18,Monday,276,405089,4537.119000000001,4589.130999999999,4480.419,4582.016,2.3960579389696304,0.9895486541128637,0.41299028626093914,1.789049584417272,0.10051210653752868,0.1000000000003638
2026-05-19,Tuesday,276,330277,4582.08,4589.567,4464.527,4489.606,2.7288916823800538,-2.0181664222361935,0.7395553422904686,1.4233004518010148,0.10063597819503496,0.1000000000003638
2026-05-20,Wednesday,276,355809,4489.55,4553.107,4453.448,4546.475,2.219799311735021,1.2679444487754936,0.5711977844449612,1.4651579263370245,0.10023233301064466,0.1000000000003638
2026-05-21,Thursday,276,341709,4546.526,4571.1720000000005,4488.511,4535.4529999999995,1.818113434301268,-0.24354859072620105,0.13395676316522076,1.2701782204565781,0.10036575027249361,0.1000000000003638
2026-05-22,Friday,252,241056,4535.630999999999,4541.404,4491.633,4507.9619999999995,1.097333535289812,-0.6100363984636289,0.5559261417291096,1.0924257829546562,0.10018420355154824,0.1000000000003638
2026-05-25,Monday,246,158872,4567.28,4580.549,4550.455,4559.848,0.6589042055665527,-0.16272267082376798,0.24695952681596917,0.7945034145130478,0.1002962359016194,0.1000000000003638
2026-05-26,Tuesday,276,243173,4559.856,4560.396,4482.442999999999,4519.888,1.7095495998119332,-0.8765189076146231,0.5127192025964316,1.0820472364557583,0.10201734700067007,0.1000000000003638
2026-05-27,Wednesday,276,283273,4519.8279999999995,4525.848,4401.479,4447.295,2.7516312567646315,-1.6047734559810563,0.5832080341564186,1.389410308968769,0.10051866214251008,0.1000000000003638
2026-05-28,Thursday,276,311118,4447.059,4516.614,4366.386,4495.128000000001,3.3781427230895558,1.0809166237731591,0.31997364006710255,1.4921370912977672,0.10071523821069714,0.1000000000003638
2026-05-29,Friday,252,253223,4495.428,4595.343,4492.052,4540.517,2.2976900086043015,1.0029968225494867,0.4365239953142081,1.236260687297566,0.10023522395971447,0.1000000000003638
2026-06-01,Monday,276,248421,4539.563,4546.313,4447.655,4484.429,2.173292891848849,-1.214522190792374,0.5588396278051432,1.2180968649691377,0.10093160162650865,0.1000000000003638
2026-06-02,Tuesday,276,219979,4484.562,4541.75,4462.272,4474.339,1.7722578035491554,-0.22795983197467123,0.12862678980346698,0.9547785403878711,0.10074850118089433,0.1000000000003638
2026-06-03,Wednesday,276,263845,4474.267,4496.885,4423.85,4457.53,1.6323344136592624,-0.3740724458330288,0.2291640994043967,1.311270915938917,0.10023051790899959,0.1000000000003638
2026-06-04,Thursday,276,253943,4457.589,4515.657,4443.338,4461.656,1.6223792727413948,0.09123766233270962,0.05623695017906752,1.1499000702355024,0.10005266981474342,0.1000000000003638
2026-06-05,Friday,252,346621,4461.803,4475.994000000001,4311.731,4328.914,3.6815386067022864,-2.978369954926296,0.8090014184569834,1.431246765952939,0.0999423688394277,0.1000000000003638
2026-06-08,Monday,276,378259,4344.021,4353.4439999999995,4268.392,4317.759,1.9579095036603111,-0.6045550884767757,0.30877580774114444,1.5115828511909568,0.09946466420396145,0.1000000000003638
2026-06-09,Tuesday,276,383878,4317.707,4363.653,4210.37,4222.0779999999995,3.5501019406828753,-2.2148098516180186,0.6238721841300118,1.7115237155683602,0.09829266816007914,0.0999999999994543
2026-06-10,Wednesday,276,536104,4222.299,4228.552,4023.8050000000003,4047.391,4.849182874069302,-4.142482566961741,0.8542640429408022,2.286096890713313,0.09148457350272275,0.09000000000014552
2026-06-11,Thursday,276,636074,4047.176,4246.499,4036.228,4219.915,5.1954992814742855,4.268136596975274,0.8215065320467408,2.4115917058316154,0.09158811785347129,0.09000000000014552
2026-06-12,Friday,252,387701,4220.127,4235.698,4170.137,4218.805,1.5535314458546057,-0.03132607146657236,0.020164427022164155,1.748129347442639,0.09203644797879179,0.09000000000014552
2026-06-15,Monday,276,251872,4294.026,4369.443,4285.562,4315.855,1.9534348418011513,0.5083574249433916,0.2602377177191455,1.1730314979557879,0.09930447941888776,0.1000000000003638
2026-06-16,Tuesday,276,226857,4315.798,4355.130999999999,4306.764,4331.251,1.120696566428718,0.35805660969304937,0.3194946967974168,0.9532920154269771,0.09880781402142143,0.1000000000003638
2026-06-17,Wednesday,276,416243,4331.392,4382.539,4218.972,4277.976,3.7763148659830374,-1.233229409852541,0.3265695403106994,2.467975759694565,0.0998402227198472,0.1000000000003638
2026-06-18,Thursday,276,327704,4278.035,4330.095,4186.85,4188.689,3.3483830777448036,-2.088482212043603,0.6237285769136767,1.3251731597010574,0.09632679025808434,0.0999999999994543
2026-06-19,Friday,204,210113,4188.625,4198.375,4121.733,4155.561,1.8297651377241893,-0.7893759885403995,0.4314083661699901,1.2530218811716984,0.09056068655496818,0.09000000000014552
2026-06-22,Monday,276,297870,4140.354,4221.429,4140.032,4187.812,1.9659430087378984,1.146230491402417,0.5830436011155161,1.2227287355985617,0.09073407286173393,0.09000000000014552
2026-06-23,Tuesday,276,353222,4187.755,4198.769,4080.874,4099.451,2.815231550078752,-2.1086238330561384,0.7490054709699289,1.577848331282359,0.09046808768317567,0.09000000000014552
2026-06-24,Wednesday,276,762008,4099.36,4112.071,3958.941,4012.455,3.735461145154369,-2.1199650677178816,0.5675243257363004,2.0353903350837994,0.08272358707491279,0.09000000000014552
2026-06-25,Thursday,276,477305,4012.4,4044.387,3962.737,4014.771,2.034941680789555,0.05909181537234808,0.029038579301899473,1.9483312413460934,0.08556638024930378,0.08999999999969077
2026-06-26,Friday,252,325993,4014.71,4096.227,3982.999,4088.375,2.8203282428867853,1.8348772389537467,0.6505899600805447,1.3720370756497755,0.08008545876118052,0.07999999999992724
2026-06-29,Monday,276,309934,4063.007,4075.83,4000.321,4015.148,1.8584511422205283,-1.1779206878058521,0.633818485213682,1.2358866805301916,0.0800599527644897,0.07999999999992724
2026-06-30,Tuesday,276,340710,4015.09,4063.561,3942.2290000000003,4005.7129999999997,3.0218998826925394,-0.23354395542815745,0.07728381630567713,1.671380327861972,0.0801937984496126,0.07999999999992724
2026-07-01,Wednesday,276,332023,4005.773,4115.8009999999995,3960.108,4035.2889999999998,3.886715497857699,0.7368365606338556,0.18957820839729309,1.6793326262650268,0.0800962120295286,0.07999999999992724
2026-07-02,Thursday,276,355793,4035.092,4144.252,4030.753,4126.295,2.812798320335701,2.2602458630435187,0.8035577405968315,2.1225140345185767,0.08041035277003514,0.07999999999992724
2026-07-03,Friday,204,178356,4126.104,4195.626,4122.838,4175.033,1.764085442344654,1.1858402017981147,0.6722124526020742,1.0239234864848235,0.08010051483206732,0.07999999999992724
2026-07-06,Monday,276,259512,4183.374,4203.3150000000005,4128.479,4157.492,1.7888909765180032,-0.6186872127617471,0.3458495911058785,1.0815993255965255,0.08029165656075701,0.07999999999992724
2026-07-07,Tuesday,276,284703,4157.438,4180.713,4092.214,4098.696,2.1286907946672877,-1.4129374869811693,0.6637589125300888,1.2297460585119702,0.08030202154703145,0.07999999999992724
2026-07-08,Wednesday,276,447808,4098.591,4133.995,4021.774,4076.396,2.7380385112835115,-0.5415275639847977,0.19777938175564433,1.7413932415774374,0.08031832486080562,0.07999999999992724
2026-07-09,Thursday,276,259088,4076.204,4138.314,4054.166,4123.667,2.0643716555893703,1.1643921648671212,0.564041926130153,1.1547111179163188,0.08006791171477094,0.07999999999992724
2026-07-10,Friday,252,220423,4123.615,4134.924,4072.732,4120.0380000000005,1.5081912351177307,-0.08674427656314462,0.05751543606893677,1.1074712183390474,0.08006960095452603,0.07999999999992724
2026-07-13,Monday,276,344451,4084.479,4091.258,3986.598,4001.033,2.562383109326792,-2.0430023021295964,0.7973055608637496,1.3144789984049376,0.08008232943882693,0.07999999999992724
2026-07-14,Tuesday,276,330217,4001.09,4103.4,3983.437,4053.243,2.998257974701887,1.3034698044782744,0.4347423789001601,2.0001552957372533,0.08031554721095056,0.07999999999992724
2026-07-15,Wednesday,276,271922,4053.048,4081.622,4017.311,4058.02,1.5867317633543865,0.12267310922545718,0.07731181290914822,1.1247346096196493,0.08005508808039222,0.07999999999992724
2026-07-16,Thursday,276,300477,4058.065,4061.489,3969.176,3985.902,2.2748033853573095,-1.778261314197777,0.7817208843824806,1.3211148527507133,0.08020581113801177,0.07999999999992724
2026-07-17,Friday,252,309662,3985.95,4023.946,3959.48,4017.872,1.617330874697372,0.8008630313977854,0.49517575155896254,1.412941536568612,0.08000463791161545,0.07999999999992724
2026-07-20,Monday,276,279035,3995.614,4040.895,3982.761,4009.822,1.454945347573615,0.3555899043301,0.2444008669625362,1.1844460869287117,0.08012668970115944,0.07999999999992724
2026-07-21,Tuesday,276,233906,4009.932,4087.612,4003.874,4080.882,2.0882648384062446,1.7693566873453286,0.8472855812176077,1.0017846798587298,0.08016967640285955,0.07999999999992724
2026-07-22,Wednesday,276,255022,4080.579,4166.2119999999995,4076.783,4133.387,2.1915762444496143,1.2941300732077368,0.5905019624506564,1.1472285930690191,0.08055336925592008,0.07999999999992724
2026-07-23,Thursday,276,289184,4133.439,4141.052,4040.079,4047.025,2.442832711454058,-2.090607844944614,0.8558129400929024,1.0386390774054077,0.08003454126772369,0.07999999999992724
2026-07-24,Friday,252,210426,4047.079,4082.096,4021.964,4052.8,1.485812359976172,0.1413612138532508,0.09514069048094188,0.9900608622805236,0.08001192526831903,0.07999999999992724
2026-07-27,Monday,276,251732,4094.415,4116.421,4065.367,4073.315,1.2469180578910561,-0.5153361347103288,0.41328789125239696,0.9741035888510111,0.08030361796254938,0.07999999999992724
2026-07-28,Tuesday,276,259320,4073.266,4074.351,4011.4120000000003,4025.218,1.5451728416459876,-1.1795939671015894,0.7634058373981211,0.9817027955991308,0.08030036940592104,0.07999999999992724
2026-07-29,Wednesday,276,381737,4025.018,4116.601,3996.005,4084.874,2.996160514064771,1.4870989396817547,0.4963348701449467,1.5859067114287708,0.08038482483209258,0.07999999999992724
2026-07-30,Thursday,276,382806,4084.675,4120.494,4028.374,4105.963,2.255258986333059,0.5211675347487758,0.23108988276161074,1.4721925771227475,0.08017912254160399,0.07999999999992724
2026-07-31,Friday,252,235130,4105.814,4107.373,4020.923,4043.942,2.105550811605197,-1.5069362616036746,0.7156969346443081,0.93969881547325,0.08003113613779314,0.07999999999992724
